node_id,x,y,lod_real,lod_imag,lod_abs,coarse_scale_real,coarse_scale_imag,correction_real,correction_imag,p1_real,p1_imag,exact_real,exact_imag,lod_point_error_abs,p1_point_error_abs,fine_reference_real,fine_reference_imag
0,0,0,-0.009696123140341668,-0.00070174042215935995,0.0097214836096534956,-0.004093570441989265,-0.0068572108804731456,-0.005602552698352403,0.0061554704583137859,-0.034101336456623915,-0.020498727875246162,0,0,0.0097214836096534956,0.03978817654318003,-1.7979086710755609e-05,-8.5216968303493545e-05
1,1,0,0.0095582265625053994,-0.0020011844387474971,0.0097654715287111924,-0.0044225470906188733,-0.0025654696167966284,0.013980773653124272,0.0005642851780491313,0.087157973165357075,0.075613759699585226,-0,0,0.0097654715287111924,0.11538610376557362,0.00085369958617445411,0.0020810006751522917
2,1,1,0.0095582265625049692,-0.0020011844387475262,0.0097654715287107778,-0.0044225470906195585,-0.0025654696167966228,0.013980773653124529,0.00056428517804909661,0.087157973165356423,0.075613759699585212,-0,0,0.0097654715287107778,0.11538610376557312,0.0008536995861746098,0.0020810006751518268
3,0,1,-0.0096961231403417669,-0.00070174042215913476,0.0097214836096535789,-0.0040935704419893188,-0.0068572108804726729,-0.0056025526983524481,0.0061554704583135379,-0.034101336456623908,-0.020498727875246134,0,0,0.0097214836096535789,0.039788176543180009,-1.7979086710416633e-05,-8.5216968304050147e-05
4,0.5,0.5,-0.66777919251823381,-0.768370056463755,1.0179988180889104,-0.75582937623186963,-0.86959589217295252,0.088050183713635821,0.10122583570919752,-0.70490609015207306,-0.63188579390620658,-0.65364362086361194,-0.7568024953079282,0.018265345797349206,0.1350260087784472,-0.65460059410948668,-0.75309470024549063
5,0.5,0,-0.00014275468901567452,0.0021856269610992548,0.0021902840259473031,0.020313085924115251,0.024156382789284,-0.020455840613130924,-0.021970755828184745,0.00054838848187400426,-0.010725447561904224,-0,-0,0.0021902840259473031,0.010739457869474106,-0.00016336697079664749,0.00046940541148433331
6,0,0.5,-0.0013777497023385018,-0.029724500344307441,0.029756413005619931,0.033486329745321189,-0.065171283665744928,-0.034864079447659693,0.035446783321437483,-0.042965753453476592,0.017981439200408379,0,0,0.029756413005619931,0.046576690796394274,-0.00028941542430524486,6.4720516063907825e-05
7,1,0.5,-0.015697460059938984,-0.0155495537409104,0.022095222874522907,-0.064346688080518355,0.021873063392019981,0.048649228020579374,-0.03742261713293038,0.17462642998610173,-0.12497255846261354,-0,0,0.022095222874522907,0.2147382835415759,0.0046541877438149564,-0.0013112301930934412
8,0.5,1,-0.00014275468901529201,0.0021856269610988212,0.0021902840259468452,0.02031308592411523,0.024156382789283108,-0.020455840613130521,-0.021970755828184287,0.0005483884818741438,-0.010725447561905329,-0,-0,0.0021902840259468452,0.010739457869475218,-0.00016336697079767705,0.00046940541148194985
9,0.25,0.25,-0.12288709249063286,0.29291000988911242,0.31764368621781436,-0.12770310292283887,0.33865211760066244,0.0048160104322060165,-0.045742107711550017,-0.069381292383737317,0.30278730251725555,-0.13167146000124427,0.28770738895656334,0.01020942589616494,0.06408953717117219,-0.13116764572764042,0.28731793048006815
10,0.75,0.25,0.30613468502770291,-0.082973212889788817,0.31717975886595456,0.35189797802615502,-0.081600927358131736,-0.04576329299845211,-0.0013722855316570803,0.17426963238627333,-0.22030236333600026,0.30380387976046735,-0.088408809977003885,0.0059142513379390601,0.18486489840005138,0.30184206784525547,-0.091933460012640925
11,0.75,0.75,0.30613468502770408,-0.082973212889788511,0.31717975886595562,0.35189797802615608,-0.081600927358130695,-0.045763292998451999,-0.0013722855316578159,0.17426963238627402,-0.22030236333599945,0.30380387976046735,-0.088408809977003885,0.0059142513379398,0.1848648984000503,0.30184206784525508,-0.091933460012639689
12,0.25,0.75,-0.1228870924906328,0.29291000988911198,0.31764368621781391,-0.12770310292283857,0.33865211760066172,0.0048160104322057667,-0.04574210771154974,-0.069381292383737303,0.30278730251725622,-0.13167146000124427,0.28770738895656334,0.010209425896164762,0.064089537171172356,-0.13116764572764122,0.28731793048006959
13,0.25,0,0.0042584443192209475,-0.0015369661851626793,0.0045273185302382559,0.018850302008927254,-0.012285776509782766,-0.014591857689706306,0.010748810324620087,0.018171710640861084,0.010194710859311619,-0,0,0.0045273185302382559,0.020836103213416616,0.00024910301379054876,-0.0004978575599262089
14,0,0.25,-0.0039237655489026361,-0.014578731331535481,0.01509752772210899,0.017771049584667763,-0.038234429857174214,-0.021694815133570397,0.023655698525638733,-0.044697030767263501,0.0039700248677847425,0,0,0.01509752772210899,0.04487299473915831,-0.00020443492145296198,-9.552203026122019e-05
15,0.75,0,-0.0025379790414952925,-0.00030174909862374424,0.0025558540908255318,-0.013055557620203884,0.014922467822998546,0.010517578578708591,-0.015224216921622291,0.02622214166201936,-0.075575551643615735,0,-0,0.0025558540908255318,0.079995404365374889,0.0012384264130840443,-0.0015372815315068853
16,1,0.25,-0.0049594738508932984,-0.0090233252416371222,0.010296444983296906,-0.036095299190072115,0.011693762660211462,0.031135825339178816,-0.020717087901848584,0.15653677722672538,-0.057880151654323711,-0,0,0.010296444983296906,0.16689480093776726,0.0037225569896153997,-0.0001222223163838444
17,1,0.75,-0.0049594738508938335,-0.0090233252416372593,0.010296444983297284,-0.036095299190072622,0.011693762660211521,0.031135825339178788,-0.020717087901848778,0.15653677722672474,-0.057880151654323517,-0,0,0.010296444983297284,0.1668948009377666,0.0037225569896146612,-0.00012222231638449649
18,0.75,1,-0.0025379790414948203,-0.00030174909862289211,0.0025558540908249623,-0.013055557620203084,0.014922467822999576,0.010517578578708263,-0.015224216921622468,0.026222141662019891,-0.07557555164361493,0,-0,0.0025558540908249623,0.079995404365374306,0.0012384264130841456,-0.0015372815315073426
19,0,0.75,-0.0039237655489021712,-0.014578731331535449,0.015097527722108839,0.017771049584668155,-0.038234429857174242,-0.021694815133570328,0.023655698525638792,-0.044697030767263529,0.0039700248677846037,0,0,0.015097527722108839,0.044872994739158324,-0.00020443492145314802,-9.5522030261612157e-05
20,0.25,1,0.004258444319220912,-0.0015369661851621162,0.0045273185302380312,0.018850302008927421,-0.012285776509782111,-0.014591857689706509,0.010748810324619995,0.01817171064086064,0.010194710859311756,-0,0,0.0045273185302380312,0.020836103213416293,0.00024910301378903196,-0.00049785755992740293
21,0.5,0.25,-0.374967717190693,-0.4317729935401512,0.57186423815956788,-0.41678004837306459,-0.47953647810388006,0.041812331182371598,0.047763484563728864,-0.40407871237083026,-0.37254576944385126,-0.36767453673578171,-0.42570140361070963,0.0094897147174820926,0.064426589598925249,-0.36819433871535473,-0.42365877184940198
22,0.25,0.5,-0.21688964086437024,0.524523074562109,0.5675963108251878,-0.23678578298342393,0.61266988097153285,0.019896142119053689,-0.08814680640942385,-0.128626534309216,0.54313295739758305,-0.23408259555776761,0.51147980258944592,0.021580654180123299,0.11010405561724856,-0.23317726469345665,0.51136372163904187
23,0.75,0.5,0.54594737132498616,-0.14378752248360008,0.56456477385560833,0.63620363243874534,-0.15102557387525897,-0.090256261113759173,0.0072380513916588951,0.30915120130420637,-0.29873473949658458,0.54009578624083088,-0.1571712177368958,0.014606996495864541,0.27087936799349566,0.53603994654244824,-0.16141194685834337
24,0.5,0.75,-0.37496771719069377,-0.43177299354015197,0.57186423815956899,-0.41678004837306487,-0.47953647810388084,0.041812331182371099,0.047763484563728864,-0.40407871237083071,-0.37254576944385198,-0.36767453673578171,-0.42570140361070963,0.0094897147174831872,0.064426589598924902,-0.36819433871535545,-0.42365877184939982
25,0.125,0.125,0.018881746553102402,0.028053985127217254,0.033816363412018761,0.027842792914456679,0.023875048315579343,-0.0089610463613542767,0.0041789368116379108,-0.018878971830855226,0.06112295532642293,0.019794705755453546,0.030828427650814203,0.0029207919853869507,0.049126487205355771,0.019435406344943694,0.030602302297689656
26,0.875,0.125,0.027462568940484031,0.021095931819228728,0.034629915277580241,0.022185352147208525,0.029479840176969821,0.0052772167932755056,-0.0083839083577410926,0.10940953359109669,-0.07721351741475635,0.02762022877011527,0.024069592644101145,0.0029778373567507428,0.13018355797217271,0.029844445266321903,0.022242998290575442
27,0.875,0.875,0.027462568940484055,0.02109593181922936,0.034629915277580643,0.022185352147208584,0.029479840176970532,0.0052772167932754709,-0.0083839083577411724,0.10940953359109662,-0.077213517414755614,0.02762022877011527,0.024069592644101145,0.0029778373567501109,0.1301835579721721,0.029844445266321226,0.022242998290575442
28,0.125,0.875,0.01888174655310302,0.028053985127217278,0.033816363412019129,0.027842792914457515,0.023875048315579368,-0.0089610463613544952,0.0041789368116379108,-0.018878971830855219,0.06112295532642309,0.019794705755453546,0.030828427650814203,0.0029207919853867343,0.049126487205355868,0.019435406344942903,0.030602302297689475
29,0.375,0.375,-0.77454294056888451,0.12231589453838673,0.78414153367987105,-0.84014632790901744,0.14721870698347111,0.065603387340132935,-0.024902812445084382,-0.53383465800502172,0.087975944253392474,-0.76474563812862473,0.10901184704636807,0.016522252109679489,0.23186718169667414,-0.76306542641124775,0.11057652302085916
30,0.625,0.375,0.2279861000870127,-0.74978561153245027,0.78368113738559242,0.26170781961610878,-0.81114065962497139,-0.033721719529096084,0.061355048092521125,-0.065904754627486892,-0.58791568393150895,0.21912228605767561,-0.74074617622102945,0.01266011808381085,0.32341548091456362,0.21472067873985951,-0.74009734616797795
31,0.625,0.625,0.22798610008701239,-0.74978561153244971,0.78368113738559175,0.26170781961610856,-0.81114065962497028,-0.033721719529096167,0.06135504809252057,-0.065904754627486684,-0.58791568393150906,0.21912228605767561,-0.74074617622102945,0.012660118083810241,0.32341548091456335,0.21472067873985939,-0.74009734616797629
32,0.375,0.625,-0.77454294056888551,0.12231589453838666,0.78414153367987205,-0.84014632790901866,0.1472187069834705,0.065603387340133157,-0.024902812445083841,-0.53383465800502206,0.08797594425339289,-0.76474563812862473,0.10901184704636807,0.016522252109680023,0.23186718169667378,-0.76306542641124619,0.1105765230208612
33,0.375,0.125,-0.16507234921181393,0.025037440109624484,0.16696033625250664,-0.17062964683989212,0.033379862375316927,0.0055572976280781894,-0.0083424222656924424,-0.10672582859698318,0.0039791037720022524,-0.16654460563690049,0.023740357801209047,0.0019621318752858995,0.062998359084647432,-0.16566879146382885,0.023984086757716586
34,0.625,0.125,0.047268851535386819,-0.1612743974726828,0.16805884566321203,0.056128408177769346,-0.16557536293124175,-0.0088595566423825267,0.0043009654585589585,-0.050416335578668647,-0.1816686000881578,0.04771996451922713,-0.16131805615480196,0.000453220701991526,0.10022413898501552,0.04624347519364147,-0.16192246651775646
35,0.125,0.375,0.09795543282812072,0.1335511494107339,0.16562359834719398,0.1227056415066733,0.13468408733598308,-0.024750208678552585,-0.0011329379252491834,0.029718908755737919,0.19822239160551899,0.09089405704034792,0.14155910655986112,0.010676628949176875,0.083385410233502461,0.090591864452156001,0.14151341696758024
36,0.125,0.625,0.097955432828120928,0.13355114941073373,0.16562359834719398,0.122705641506673,0.13468408733598269,-0.024750208678552071,-0.0011329379252489613,0.02971890875573804,0.19822239160551897,0.09089405704034792,0.14155910655986112,0.010676628949177137,0.083385410233502349,0.090591864452155987,0.14151341696758019
37,0.875,0.375,0.11882897689825014,0.11093364866601217,0.16256260380862225,0.11691211825056072,0.13614781495671821,0.0019168586476894234,-0.025214166290706039,0.16182287414979551,-0.13269309905345153,0.126827581087264,0.11052363969230117,0.0080091058384212585,0.2457214938556499,0.12823510855693732,0.1057544763523586
38,0.875,0.625,0.11882897689824977,0.11093364866601213,0.16256260380862197,0.11691211825056047,0.13614781495671838,0.0019168586476892985,-0.025214166290706247,0.16182287414979538,-0.13269309905345095,0.126827581087264,0.11052363969230117,0.0080091058384216315,0.24572149385564929,0.12823510855693643,0.10575447635235889
39,0.625,0.875,0.047268851535387707,-0.16127439747268299,0.16805884566321244,0.056128408177770053,-0.16557536293124162,-0.0088595566423823463,0.0043009654585586254,-0.050416335578668078,-0.18166860008815824,0.04771996451922713,-0.16131805615480196,0.00045322070199062324,0.10022413898501503,0.04624347519364061,-0.16192246651775713
40,0.375,0.875,-0.16507234921181416,0.025037440109623929,0.16696033625250678,-0.17062964683989226,0.033379862375316649,0.0055572976280781061,-0.0083424222656927199,-0.10672582859698378,0.003979103772002059,-0.16654460563690049,0.023740357801209047,0.0019621318752853657,0.062998359084646932,-0.16566879146383187,0.02398408675771695
41,0.125,0,0.017816171441339693,0.011401032269803166,0.021151820291509221,0.0073783657834689941,-0.0095714936951279556,0.010437805657870699,0.02097252596493112,-0.0079648129078814158,-0.0051520085079672711,0,0,0.021151820291509221,0.0094858545384019863,-0.00023698037187681707,-0.00028743747493834704
42,0,0.125,0.0092062150987517292,-0.016640967018213212,0.019017785879164383,0.0068387395713392484,-0.022545820368823681,0.0023674755274124808,0.0059048533506104693,-0.039399183611943708,-0.0082643515037307096,0,0,0.019017785879164383,0.04025661653771799,-0.00013642146077383615,-0.00011607365724546909
43,0.875,0,-0.011586736953270215,0.016057891137703308,0.01980172570799343,-0.008739052355411378,0.0061784991031009588,-0.0028476845978588367,0.0098793920346023495,0.056690057413688218,1.910402798474542e-05,0,0,0.01980172570799343,0.056690060632628991,0.0022689179086774498,0.00019663996616085962
44,1,0.125,-0.0082324823663755022,-0.0044532903079309858,0.0093597842111554919,-0.020258923140345494,0.0045641465217074167,0.012026440773969992,-0.0090174368296384033,0.12184737519604122,0.0088668040226307573,-0,0,0.0093597842111554919,0.12216956681490108,0.002554374848791595,0.0010040262675238317
45,1,0.875,-0.0082324823663759601,-0.0044532903079309199,0.0093597842111558631,-0.020258923140346091,0.0045641465217074488,0.01202644077397013,-0.0090174368296383686,0.12184737519604058,0.0088668040226308475,-0,0,0.0093597842111558631,0.12216956681490046,0.0025543748487912399,0.001004026267523201
46,0.875,1,-0.011586736953270444,0.016057891137704058,0.019801725707994173,-0.0087390523554113208,0.0061784991031014766,-0.002847684597859123,0.0098793920346025819,0.056690057413688155,1.9104027985140937e-05,0,0,0.019801725707994173,0.056690060632628929,0.0022689179086772871,0.00019663996616051365
47,0,0.875,0.0092062150987519686,-0.016640967018212875,0.019017785879164206,0.0068387395713394184,-0.022545820368823459,0.0023674755274125502,0.0059048533506105838,-0.039399183611943722,-0.0082643515037307651,0,0,0.019017785879164206,0.040256616537718018,-0.0001364214607739592,-0.00011607365724609221
48,0.125,1,0.017816171441339762,0.01140103226980356,0.021151820291509492,0.0073783657834690514,-0.0095714936951273918,0.010437805657870711,0.020972525964930953,-0.0079648129078816344,-0.0051520085079671887,0,0,0.021151820291509492,0.0094858545384021251,-0.00023698037187720649,-0.00028743747493915726
49,0.5,0.375,-0.53998416870287602,-0.62102776397765125,0.82295709856639387,-0.58630471230246717,-0.67456618513841626,0.046320543599591146,0.053538421160765015,-0.55449240126145161,-0.50221578167502889,-0.57449146364965897,-0.66515844314173378,0.056020266404467056,0.16416538436059108,-0.5753255398946564,-0.66194616461234157
50,0.375,0.5,-0.75290036806107064,0.011504596267008083,0.75298826017525833,-0.49630757960764676,-0.12846300560070983,-0.25659278845342387,0.13996760186771792,-0.41676631223064453,-0.044376418254311767,-0.87011059271523528,0.12403125708386767,0.16248226413388112,0.48361366994833899,-0.86826802913889378,0.12588404072207354
51,0.625,0.5,0.11449464728550657,-0.74423700090873601,0.7529925217282456,-0.059812871896562148,-0.51031073302410579,0.17430751918206872,-0.23392626788463022,-0.19787744442393335,-0.46531026670139558,0.24931246769228868,-0.84280453827814905,0.1670071978158606,0.58521854257343731,0.24435862127731692,-0.84184627384716626
52,0.5,0.625,-0.53998416870287635,-0.62102776397765136,0.82295709856639421,-0.58630471230246728,-0.67456618513841671,0.046320543599590924,0.053538421160765348,-0.55449240126145183,-0.50221578167502923,-0.57449146364965897,-0.66515844314173378,0.056020266404466765,0.16416538436059072,-0.57532553989465507,-0.66194616461233868
53,0.375,0,-0.053492896434494321,-0.0067771953470734461,0.053920500236217479,0.019581693966521253,0.0059353031397506167,-0.073074590401015577,-0.012712498486824063,0.0093600495613675432,-0.00026536835129630214,-0,0,0.053920500236217479,0.0093638105573065952,0.00062125284429608572,0.00024466318408841476
54,0.625,0,0.04728219644457498,-0.024126736451214666,0.053082063942632728,0.0036287641519556837,0.019539425306141271,0.043653432292619296,-0.043666161757355937,0.013385265071946682,-0.043150499602759976,0,-0,0.053082063942632728,0.045178877111035694,-0.00035817557696583065,-0.00087017579295143189
55,0.5,0.125,-0.13821280994210655,-0.15760112661881834,0.2096208385242595,-0.19823348122447468,-0.22769004765729803,0.060020671282368127,0.07008892103847969,-0.20176516194447813,-0.19163560850287775,-0.12511147430592573,-0.14485672761753313,0.018277436947116546,0.089800064172995006,-0.12528096836645816,-0.14392085939814395
56,0,0.375,0.039370506461552802,0.018067978668074011,0.043318456022683319,0.025628689664994476,-0.051702856761459567,0.013741816796558327,0.069770835429533579,-0.043831392110370043,0.010975732034096561,0,0,0.043318456022683319,0.045184705686961188,-0.0002609080175987744,8.1371146724821492e-06
57,0,0.625,0.039370506461552851,0.018067978668074039,0.043318456022683374,0.025628689664994674,-0.051702856761459581,0.013741816796558178,0.06977083542953362,-0.043831392110370057,0.010975732034096491,0,0,0.043318456022683374,0.045184705686961181,-0.00026090801759890271,8.1371146722340939e-06
58,0.125,0.5,0.033199589872574875,0.24670805003887289,0.24893186762986008,-0.10164972661905136,0.27374929865289399,0.13484931649162624,-0.027041248614021102,-0.085796143881346293,0.28055719829899572,0.10341723823257362,0.16106280568588643,0.11075028677836998,0.22378698317141724,0.10312404189150527,0.1610826718081666
59,1,0.375,-0.017855355229038292,0.042159186796665055,0.045784394084788786,-0.050220993635295239,0.016783413026115721,0.032365638406256947,0.025375773770549333,0.16558160360641355,-0.091426355058468634,-0,0,0.045784394084788786,0.18914556788925466,0.0044218073067567839,-0.00098499591393125686
60,1,0.625,-0.017855355229038809,0.04215918679666459,0.045784394084788557,-0.050220993635295488,0.016783413026115752,0.032365638406256683,0.025375773770548837,0.16558160360641322,-0.091426355058468523,-0,0,0.045784394084788557,0.1891455678892543,0.004421807306756201,-0.00098499591393168577
61,0.875,0.5,0.2454997248233578,0.067298913324154067,0.25455698502095048,0.28592847217911349,-0.064576255241619501,-0.04042874735575569,0.13187516856577358,0.24188881564515405,-0.21185364897959907,0.14430160337039816,0.12575134116101822,0.11686636002559411,0.35142622748936164,0.14551477498124429,0.12053638486808049
62,0.625,1,0.047282196444575403,-0.024126736451214211,0.053082063942632894,0.0036287641519560732,0.019539425306141341,0.043653432292619331,-0.043666161757355548,0.013385265071947018,-0.043150499602760128,0,-0,0.053082063942632894,0.045178877111035937,-0.00035817557696579813,-0.00087017579295293795
63,0.375,1,-0.053492896434494168,-0.0067771953470737792,0.053920500236217368,0.019581693966521325,0.0059353031397504988,-0.073074590401015493,-0.012712498486824278,0.0093600495613673923,-0.00026536835129678613,-0,0,0.053920500236217368,0.0093638105573064581,0.00062125284429405641,0.00024466318408636665
64,0.5,0.875,-0.13821280994210647,-0.15760112661881884,0.20962083852425983,-0.19823348122447482,-0.22769004765729886,0.060020671282368349,0.070088921038480023,-0.20176516194447827,-0.19163560850287867,-0.12511147430592573,-0.14485672761753313,0.018277436947116834,0.089800064172995603,-0.12528096836646058,-0.14392085939814456
65,0.25,0.125,-0.031435339328378081,0.11485853286896812,0.11908258953979001,-0.054426400456955806,0.16318317054543985,0.022991061128577725,-0.048324637676471729,-0.025604790871438118,0.15649100668828358,-0.044804871805978953,0.097900430964386137,0.021594481213398287,0.061656294662837785,-0.044608214659417944,0.097356787885915091
66,0.125,0.25,0.023302219871912541,0.13711071376842038,0.13907674601113104,-0.054966026669085552,0.1502088438717441,0.078268246540998093,-0.013098130103323724,-0.057039161575500409,0.15337866369252015,0.058172196505822664,0.090597828198311123,0.058132295623925911,0.13120628924062208,0.057838802619654246,0.090427739624873937
67,0.375,0.25,-0.43172296124958159,0.012210695437186303,0.4318956081661024,-0.27224157564795171,-0.07044218025160881,-0.15948138560162989,0.082652875688795119,-0.23673000237728378,-0.034879233463297854,-0.4894372084023198,0.069767582109675569,0.081509076352496615,0.27351761915193679,-0.48815485138228504,0.070648960933657967
68,0.25,0.375,-0.24566598373824974,0.40898185197864145,0.47709320977557557,-0.18224444295313141,0.47566099928609762,-0.06342154078511833,-0.066679147307456166,-0.099003913346476652,0.42296012995741927,-0.20573665625194418,0.44954279524463026,0.056916968578231565,0.10999325662010613,-0.20494363913537944,0.44934182490695845
69,0.75,0.125,0.11781959857546437,-0.018134036898715081,0.11920696750914993,0.16942121020297557,-0.033339229767566592,-0.051601611627511201,0.015205192868851511,0.10024588702414634,-0.14793895748980801,0.10337770908515903,-0.030083553394952712,0.018744575656547871,0.11789700837503674,0.10312169972348681,-0.032735413837384812
70,0.875,0.25,0.13699127348822071,0.042337620584059869,0.14338438941755233,0.15790133941804146,-0.034953582348960135,-0.020910065929820754,0.077291202933019998,0.16540320480649934,-0.13909125749516199,0.08116965189584896,0.07073512940307275,0.062629641100104175,0.22610264057440602,0.083018020619191515,0.067188982390898669
71,0.625,0.25,0.070723500801216338,-0.42712551156384487,0.43294112324224393,-0.032441035173454785,-0.28056870273100587,0.10316453597467112,-0.146556808832839,-0.11490453999227847,-0.29642406638992574,0.1402382630769124,-0.47407755278145886,0.08388561467109279,0.31089968025887471,0.13721712248823512,-0.47411892832835234
72,0.75,0.375,0.43751260799195107,-0.18850039595425094,0.47639236079814296,0.49405080523245015,-0.11631325061669535,-0.056538197240499077,-0.072187145337555589,0.24171041684523986,-0.25951855141629243,0.47469356212573022,-0.13813876558906857,0.062599657853197946,0.26270553551886344,0.47123674711601321,-0.14220227799401916
73,0.875,0.75,0.13699127348822074,0.042337620584060209,0.14338438941755247,0.15790133941804174,-0.034953582348959587,-0.020910065929821003,0.077291202933019804,0.16540320480649939,-0.13909125749516149,0.08116965189584896,0.07073512940307275,0.06262964110010405,0.22610264057440557,0.083018020619190391,0.067188982390899016
74,0.75,0.875,0.11781959857546515,-0.01813403689871422,0.11920696750915057,0.16942121020297649,-0.033339229767565558,-0.05160161162751134,0.015205192868851337,0.10024588702414695,-0.14793895748980718,0.10337770908515903,-0.030083553394952712,0.018744575656549019,0.11789700837503589,0.1031216997234865,-0.032735413837384694
75,0.75,0.625,0.43751260799195107,-0.18850039595425111,0.47639236079814307,0.49405080523245071,-0.11631325061669484,-0.056538197240499632,-0.072187145337556269,0.24171041684524019,-0.25951855141629199,0.47469356212573022,-0.13813876558906857,0.062599657853198085,0.26270553551886294,0.47123674711601282,-0.14220227799401777
76,0.625,0.75,0.070723500801217157,-0.42712551156384493,0.4329411232422441,-0.032441035173454397,-0.28056870273100576,0.10316453597467155,-0.14655680883283917,-0.11490453999227834,-0.29642406638992569,0.1402382630769124,-0.47407755278145886,0.083885614671092082,0.31089968025887466,0.13721712248823453,-0.47411892832835101
77,0.125,0.75,0.023302219871912909,0.13711071376842046,0.13907674601113121,-0.054966026669085205,0.15020884387174374,0.078268246540998121,-0.01309813010332328,-0.057039161575500416,0.1533786636925204,0.058172196505822664,0.090597828198311123,0.058132295623925759,0.13120628924062222,0.057838802619653844,0.090427739624874215
78,0.25,0.875,-0.031435339328377873,0.11485853286896835,0.11908258953979017,-0.05442640045695557,0.16318317054543979,0.022991061128577697,-0.048324637676471438,-0.025604790871438333,0.15649100668828397,-0.044804871805978953,0.097900430964386137,0.0215944812133986,0.06165629466283809,-0.044608214659420047,0.097356787885915813
79,0.25,0.625,-0.24566598373824974,0.40898185197864156,0.47709320977557568,-0.18224444295313125,0.47566099928609729,-0.063421540785118496,-0.066679147307455722,-0.099003913346476652,0.42296012995741961,-0.20573665625194418,0.44954279524463026,0.056916968578231489,0.10999325662010605,-0.20494363913537852,0.44934182490695901
80,0.375,0.75,-0.4317229612495827,0.012210695437185264,0.43189560816610345,-0.27224157564795171,-0.07044218025160956,-0.159481385601631,0.082652875688794827,-0.236730002377284,-0.034879233463297882,-0.4894372084023198,0.069767582109675569,0.081509076352496559,0.27351761915193656,-0.48815485138228665,0.070648960933660271
81,0.0625,0.0625,0.007963072205689075,-0.0025138922940418119,0.0083504594735296263,0.011874611236233706,0.0085089187175530993,-0.0039115390305446314,-0.011022811011594911,-0.026490154143739571,0.020312113725588384,0.0026480923411667419,0.0014466594393156634,0.0066283467767520084,0.034712285629768039,0.0024413695205428737,0.0013624720433984892
82,0.9375,0.0625,-0.0022401936844952757,0.0071246052300915205,0.0074684983382672029,0.0088814025282948263,0.013457185280086596,-0.011121596212790102,-0.0063325800499950758,0.098283753378226882,-0.00079987885758556199,0.0010459669211744179,0.0028304009928835127,0.0054073137098850314,0.097305529374543023,0.003401785563978096,0.0032773403511136005
83,0.9375,0.9375,-0.002240193684495604,0.0071246052300919472,0.0074684983382677077,0.0088814025282945123,0.013457185280086955,-0.011121596212790116,-0.0063325800499950081,0.098283753378226521,-0.00079987885758520116,0.0010459669211744179,0.0028304009928835127,0.0054073137098855691,0.097305529374542649,0.0034017855639777682,0.0032773403511131781
84,0.0625,0.9375,0.0079630722056894081,-0.0025138922940414398,0.008350459473529831,0.011874611236234098,0.0085089187175533473,-0.0039115390305446904,-0.011022811011594788,-0.026490154143739564,0.020312113725588478,0.0026480923411667419,0.0014466594393156634,0.0066283467767520535,0.034712285629768087,0.0024413695205425983,0.0013624720433978348
85,0.4375,0.4375,-0.82465586065276697,-0.35516372491271775,0.89788560518744953,-0.79798785207044354,-0.36118859259474068,-0.026668008582323433,0.0060248676820229274,-0.61937037407854745,-0.27195492482640704,-0.8792856736827559,-0.32936778695873625,0.060413962679311241,0.26618076509502198,-0.87835992064315094,-0.32633576622165511
86,0.5625,0.4375,-0.23740287123819395,-0.86605969948612982,0.89800864491726584,-0.24706077830788042,-0.8403682758989619,0.0096579070696864722,-0.025691423587167916,-0.38540542238977998,-0.60990073891885777,-0.19792664095144838,-0.91785155653379469,0.065121188672335531,0.36053016456228715,-0.20106936673379677,-0.91498452861080726
87,0.5625,0.5625,-0.23740287123819404,-0.86605969948613004,0.89800864491726606,-0.24706077830788054,-0.84036827589896146,0.0096579070696864999,-0.025691423587168583,-0.38540542238977987,-0.60990073891885777,-0.19792664095144838,-0.91785155653379469,0.065121188672335406,0.36053016456228709,-0.20106936673379602,-0.91498452861080515
88,0.4375,0.5625,-0.82465586065276741,-0.35516372491271747,0.89788560518744975,-0.7979878520704442,-0.36118859259474101,-0.02666800858232321,0.0060248676820235381,-0.61937037407854756,-0.27195492482640682,-0.8792856736827559,-0.32936778695873625,0.06041396267931072,0.26618076509502192,-0.87835992064314983,-0.32633576622165356
89,0.4375,0.0625,-0.079340807194337518,-0.0054088378576628111,0.07952495968700346,-0.075158280457888443,0.028768122582300465,-0.0041825267364490742,-0.034176960439963273,-0.053088720057554585,-0.0033731718949509856,-0.049846126626006571,-0.018671643251629039,0.032339421589541437,0.0156383387229404,-0.04935182398421132,-0.018123683291903319
90,0.5625,0.0625,0.01570892388558395,-0.067632518847033876,0.069432902108708255,0.038220747050942298,-0.070709490070978875,-0.022511823165358349,0.0030769712239449992,-0.024933973548397322,-0.096197023825031008,-0.011220331119696619,-0.052032401164047316,0.031121510999025392,0.046244760605384634,-0.011876135307666284,-0.051890170035094621
91,0.0625,0.4375,0.055606501290036976,0.034825182404838471,0.065611556262972118,0.078095985625997247,0.034756401835119077,-0.022489484335960271,6.8780569719394113e-05,-0.0066234223488693365,0.10810191540296368,0.046712348898181329,0.025519072509528302,0.012872825181487605,0.098308852271194513,0.046388241952144596,0.025652326342884346
92,0.0625,0.5625,0.055606501290036983,0.034825182404838402,0.065611556262972076,0.078095985625997094,0.034756401835118883,-0.022489484335960111,6.8780569719519014e-05,-0.0066234223488692758,0.10810191540296367,0.046712348898181329,0.025519072509528302,0.01287282518148756,0.098308852271194472,0.046388241952144527,0.025652326342884182
93,0.9375,0.4375,0.03003171694217378,0.05895053449068148,0.066159425173076242,0.026282715085021183,0.07901043917436909,0.0037490018571525972,-0.02005990468368761,0.16822465206794862,-0.12883282875803254,0.018450856489516731,0.049928273514465167,0.014680515043651287,0.23321175255044135,0.021896876540769432,0.04645752088933152
94,0.9375,0.5625,0.03003171694217362,0.058950534490681196,0.066159425173075923,0.026282715085021058,0.079010439174369174,0.0037490018571525625,-0.020059904683687978,0.16822465206794857,-0.12883282875803226,0.018450856489516731,0.049928273514465167,0.014680515043650987,0.2332117525504411,0.021896876540769033,0.046457520889331499
95,0.5625,0.9375,0.015708923885584227,-0.067632518847034265,0.069432902108708686,0.038220747050942638,-0.07070949007097925,-0.022511823165358411,0.0030769712239449853,-0.024933973548396968,-0.096197023825031786,-0.011220331119696619,-0.052032401164047316,0.031121510999025825,0.046244760605385266,-0.011876135307667533,-0.051890170035096252
96,0.4375,0.9375,-0.079340807194337448,-0.005408837857663315,0.079524959687003433,-0.075158280457888513,0.028768122582299879,-0.0041825267364489355,-0.034176960439963197,-0.053088720057554814,-0.0033731718949516348,-0.049846126626006571,-0.018671643251629039,0.032339421589541166,0.01563833872293981,-0.049351823984213887,-0.018123683291904669
97,0.1875,0.1875,0.0017381639767044127,0.18090878348266995,0.18091713339313517,-0.049930155004191096,0.18126358295812089,0.051668318980895508,-0.00035479947545094537,-0.044130132107296272,0.18195512892183924,0.0097540821172793085,0.13754640813495339,0.044097058172089601,0.069825804861294222,0.0096010602804403808,0.13711605568372101
98,0.3125,0.3125,-0.44478249577137985,0.27812734705017,0.52458201429498441,-0.48392471541592819,0.24293541229206678,0.039142219644548337,0.035191934758103227,-0.30160797519437954,0.195381623385324,-0.43695955258692265,0.32641852877386018,0.048920718232030425,0.18838980884446421,-0.43562945499496619,0.32667095993818118
99,0.3125,0.1875,-0.17787489691514058,0.15577744807730434,0.23644469180349373,-0.1491663748813655,0.18601598998798968,-0.02870852203377508,-0.03023854191068534,-0.088053560490360255,0.15338320314462892,-0.21970759652387087,0.16412647347604672,0.042657718898964921,0.13209164644793717,-0.21883690026727887,0.16397904967737756
100,0.1875,0.3125,-0.023442372087920181,0.27109376917804306,0.27210545105944972,-0.0024987307080827845,0.23666810246832276,-0.020943641379837397,0.034425666709720304,-0.019831191813999699,0.25050484706138726,0.01939914425034182,0.27355547968983174,0.042912184060071107,0.045501109132555048,0.019404473168810565,0.27323321054840399
101,0.8125,0.1875,0.18018580886708718,0.025223664448799414,0.18194273540131276,0.18704166508668177,-0.026060543590580958,-0.006855856219594586,0.051284208039380372,0.14183958298868501,-0.14875794037537832,0.13466345390390541,0.029663288614861012,0.045738332546451647,0.1785654831792215,0.13516804890047243,0.026215586372521596
102,0.6875,0.3125,0.33586668743833709,-0.4029068446068691,0.52453823231663999,0.30680289882113188,-0.44637079349155157,0.029063788617205211,0.043463948884682468,0.054182438879393217,-0.40410902363375462,0.38652249296748403,-0.38481562982038064,0.05378942913117421,0.33289960437962834,0.38258074802195391,-0.38672618384006802
103,0.6875,0.1875,0.17664896282957182,-0.15723366496557534,0.23648949546918621,0.2040131931019622,-0.12358814514468675,-0.027364230272390377,-0.033645519820888592,0.06192664840380234,-0.20098548171207903,0.19434734274497298,-0.193489115027041,0.040344644140075214,0.13263271015580694,0.19222833014782031,-0.19540918195432008
104,0.8125,0.3125,0.27200100116164422,0.011126582710780651,0.27222848028036417,0.23440504813835789,0.027273443799293237,0.037595953023286333,-0.016146861088512585,0.16804625326803441,-0.17649773119472589,0.26782179359586711,0.058995034884914241,0.048050540989932292,0.25575770041887513,0.26714423255076464,0.054276899371460081
105,0.8125,0.8125,0.18018580886708802,0.025223664448800039,0.18194273540131364,0.18704166508668232,-0.026060543590580083,-0.0068558562195943085,0.051284208039380122,0.14183958298868532,-0.14875794037537754,0.13466345390390541,0.029663288614861012,0.045738332546452418,0.17856548317922075,0.13516804890047171,0.026215586372522196
106,0.6875,0.6875,0.33586668743833725,-0.40290684460686821,0.52453823231663943,0.30680289882113232,-0.44637079349155051,0.029063788617204933,0.043463948884682302,0.054182438879393668,-0.40410902363375423,0.38652249296748403,-0.38481562982038064,0.053789429131173752,0.33289960437962784,0.38258074802195347,-0.38672618384006635
107,0.8125,0.6875,0.27200100116164466,0.011126582710781031,0.27222848028036462,0.23440504813835827,0.027273443799293841,0.037595953023286388,-0.01614686108851281,0.16804625326803468,-0.1764977311947252,0.26782179359586711,0.058995034884914241,0.048050540989931959,0.25575770041887436,0.26714423255076369,0.054276899371461039
108,0.6875,0.8125,0.17664896282957271,-0.15723366496557517,0.23648949546918674,0.20401319310196306,-0.12358814514468616,-0.02736423027239035,-0.033645519820889008,0.061926648403802971,-0.20098548171207886,0.19434734274497298,-0.193489115027041,0.040344644140074978,0.1326327101558063,0.19222833014781984,-0.19540918195431953
109,0.1875,0.8125,0.0017381639767048663,0.18090878348267012,0.18091713339313534,-0.049930155004190527,0.18126358295812053,0.05166831898089539,-0.00035479947545041801,-0.044130132107296258,0.18195512892183965,0.0097540821172793085,0.13754640813495339,0.044097058172089684,0.069825804861294485,0.0096010602804392879,0.13711605568372176
110,0.3125,0.6875,-0.44478249577138018,0.27812734705016945,0.52458201429498441,-0.48392471541592863,0.24293541229206611,0.039142219644548448,0.035191934758103338,-0.30160797519437965,0.19538162338532455,-0.43695955258692265,0.32641852877386018,0.048920718232031021,0.18838980884446377,-0.43562945499496586,0.32667095993818324
111,0.1875,0.6875,-0.023442372087920091,0.27109376917804301,0.27210545105944967,-0.0024987307080827845,0.23666810246832221,-0.020943641379837306,0.034425666709720804,-0.01983119181399963,0.25050484706138759,0.01939914425034182,0.27355547968983174,0.042912184060071024,0.045501109132554819,0.019404473168810634,0.27323321054840471
112,0.3125,0.8125,-0.17787489691514075,0.15577744807730406,0.23644469180349367,-0.14916637488136542,0.18601598998798918,-0.02870852203377533,-0.030238541910685118,-0.088053560490360533,0.15338320314462914,-0.21970759652387087,0.16412647347604672,0.04265771889896481,0.13209164644793689,-0.21883690026728131,0.16397904967737922
113,0.1875,0.0625,0.019385163958906999,0.022992270342414106,0.030073727358150372,0.023346547461691965,0.0057946359028982885,-0.0039613835027849653,0.017197634439515816,-0.00035363059499707132,0.035658833092867277,0.0014429115558105485,0.020347101795111448,0.01813618862771502,0.015416766166557235,0.0012146362425445058,0.019878938846763779
114,0.3125,0.0625,-0.054524061826338205,0.02494994208631059,0.059961428670042574,-0.075889672415482431,0.01054704293276708,0.021365610589144227,0.01440289915354351,-0.04427705897806105,0.0070869073156569363,-0.032501123746134744,0.024279064123675552,0.02203315408481557,0.02083849577819916,-0.031944413637128168,0.023931861726989224
115,0.0625,0.1875,0.0071034706520683583,-0.0011087565071106343,0.0071894809476662942,0.022806921249562219,-0.0071796907707974353,-0.015703450597493861,0.0060709342636868007,-0.031788001299059364,0.032546490097103836,0.017901104226287174,0.0097794178097738854,0.01533431546427688,0.054656626208041161,0.017614864388337217,0.0096980875664071809
116,0.0625,0.3125,0.057322737697882632,0.035226037062419779,0.067281274841542851,0.07023834554567053,0.048224828739404438,-0.012915607847787898,-0.012998791676984658,-0.0074890610057627913,0.10109620823665187,0.035602130364575088,0.019449532461910585,0.026845537438047712,0.092320260175006053,0.035292961189207724,0.019467888516844896
117,0.8125,0.0625,0.011802475337711388,0.017972994471298943,0.021501789561862703,0.0045648972635023207,0.022201153999984184,0.0072375780742090674,-0.0042281595286852401,0.067815837626558018,-0.076394534529186042,0.019920629275725653,0.0043880604459853572,0.015825765568635828,0.093913676500775062,0.021499530371907483,0.0025474258102985048
118,0.6875,0.0625,0.043614935773492923,-0.048393203149659822,0.065147254229247123,0.021536425278782731,-0.075326447554121601,0.022078510494710192,0.026933244404461779,-0.012097096958324643,-0.12862207586588675,0.028749606914936832,-0.028622650151929139,0.024735657822445276,0.10802008313471732,0.028318793816575868,-0.030279988735797278
119,0.9375,0.1875,0.0087785267868277748,0.0045120398207948963,0.0098702095160888865,-0.006954973521431795,0.020586801418590643,0.015733500308259568,-0.016074761597795747,0.13297315540891103,-0.067546834534540023,0.0070707363871390649,0.019133510711892548,0.014720868149279949,0.1528558188868667,0.010105647008322741,0.017880009051762877
120,0.9375,0.3125,0.023636007003509776,0.062822867524478493,0.067122079162285617,0.040408409530244299,0.073920788808464838,-0.016772402526734523,-0.011097921283986345,0.15917982568826045,-0.095286625353887627,0.014062444162456063,0.038053168904322782,0.026555434005207827,0.19707499880433274,0.01740914914503567,0.035394317970953756
121,0.9375,0.8125,0.008778526786827329,0.0045120398207951088,0.0098702095160885881,-0.0069549735214320188,0.020586801418591025,0.015733500308259346,-0.016074761597795917,0.13297315540891069,-0.067546834534539565,0.0070707363871390649,0.019133510711892548,0.014720868149279687,0.15285581888686617,0.010105647008321887,0.017880009051762621
122,0.9375,0.6875,0.02363600700350936,0.06282286752447834,0.067122079162285339,0.040408409530243924,0.073920788808464949,-0.016772402526734564,-0.011097921283986609,0.15917982568826006,-0.095286625353887239,0.014062444162456063,0.038053168904322782,0.026555434005207535,0.19707499880433221,0.01740914914503465,0.035394317970953611
123,0.8125,0.9375,0.011802475337711829,0.017972994471299783,0.021501789561863646,0.0045648972635027501,0.022201153999985054,0.0072375780742090787,-0.0042281595286852713,0.067815837626558254,-0.076394534529185265,0.019920629275725653,0.0043880604459853572,0.015825765568636324,0.093913676500774507,0.021499530371907178,0.0025474258102983812
124,0.6875,0.9375,0.043614935773493783,-0.048393203149659378,0.065147254229247373,0.021536425278783484,-0.075326447554121018,0.0220785104947103,0.02693324440446164,-0.012097096958324094,-0.12862207586588659,0.028749606914936832,-0.028622650151929139,0.024735657822445439,0.10802008313471696,0.028318793816575694,-0.030279988735798024
125,0.0625,0.8125,0.0071034706520688501,-0.001108756507110568,0.0071894809476667704,0.022806921249562837,-0.007179690770797437,-0.015703450597493986,0.0060709342636868693,-0.031788001299059371,0.03254649009710385,0.017901104226287174,0.0097794178097738854,0.015334315464276486,0.054656626208041167,0.017614864388336805,0.0096980875664068825
126,0.0625,0.6875,0.057322737697882702,0.03522603706241971,0.067281274841542865,0.070238345545670572,0.04822482873940423,-0.01291560784778787,-0.01299879167698452,-0.0074890610057627444,0.10109620823665179,0.035602130364575088,0.019449532461910585,0.026845537438047726,0.092320260175005955,0.035292961189207515,0.019467888516844712
127,0.1875,0.9375,0.019385163958907176,0.022992270342414405,0.030073727358150715,0.023346547461692468,0.0057946359028986285,-0.0039613835027852914,0.017197634439515774,-0.0003536305949972899,0.035658833092867423,0.0014429115558105485,0.020347101795111448,0.018136188627715238,0.015416766166557405,0.0012146362425432286,0.019878938846763398
128,0.3125,0.9375,-0.054524061826337997,0.024949942086310777,0.059961428670042463,-0.075889672415482418,0.010547042932767269,0.021365610589144421,0.014402899153543508,-0.04427705897806157,0.0070869073156569077,-0.032501123746134744,0.024279064123675552,0.022033154084815369,0.020838495778199476,-0.031944413637130735,0.023931861726988721
129,0.4375,0.3125,-0.62974755833074758,-0.23563372253662201,0.67238771435831879,-0.62846318814104096,-0.16615888556020447,-0.0012843701897066184,-0.069474836976417542,-0.46895668518792599,-0.14228491259522941,-0.67015348019408827,-0.25102987038301267,0.043239795213834122,0.2287042110784549,-0.66934717208189809,-0.24876908744833198
130,0.5625,0.3125,-0.14617948646861098,-0.65653409947211516,0.67261093213973855,-0.077536114378477905,-0.64533856886442575,-0.068643372090133076,-0.011195530607689408,-0.23499173349915858,-0.48023072668768008,-0.15085111838703233,-0.69954672676108054,0.043265578131820477,0.23490242867974515,-0.15333071121340833,-0.69752409788641301
131,0.4375,0.1875,-0.32488403598288679,-0.16424391101055705,0.36404079323693034,-0.29370484760647836,-0.22307830786428157,-0.031179188376408429,0.058834396853724519,-0.25540227048390673,-0.18428333283592449,-0.33695981599180441,-0.12622030838101231,0.039895097690735092,0.10011467443948729,-0.33631368404621442,-0.12501659605757667
132,0.5625,0.1875,-0.11935891834844563,-0.34634890784382949,0.36633880132184249,-0.18032582009764764,-0.32255592051756088,0.06096690174920201,-0.023792987326268611,-0.22724752397474945,-0.27710718476600454,-0.075849438369149147,-0.35173903186895988,0.043842083493774442,0.16879364006691597,-0.07732987238035996,-0.35084424536097047
133,0.3125,0.4375,-0.53963531411639321,0.37205749135027227,0.65546399528223998,-0.53846605544622073,0.37994429397750196,-0.0011692586701724794,-0.0078868026272296832,-0.33123059615711886,0.31555445082548778,-0.57331982288181682,0.4282826911416367,0.065543262219291049,0.26704840359181636,-0.57167865292110442,0.42883178745574091
134,0.3125,0.5625,-0.53963531411639376,0.37205749135027216,0.65546399528224031,-0.53846605544622128,0.37994429397750168,-0.0011692586701724794,-0.0078868026272295166,-0.33123059615711903,0.31555445082548794,-0.57331982288181682,0.4282826911416367,0.065543262219290868,0.26704840359181614,-0.5716786529211032,0.42883178745574185
135,0.1875,0.4375,-0.026462096284462517,0.39676891533997871,0.39765036743329102,-0.057040070738375311,0.37367698415375794,0.030577974453912794,0.023091931186220771,-0.049453812776739041,0.37067767450155104,0.025452959844498076,0.35892287566576597,0.06424558951317369,0.075823478423239665,0.025554516582732747,0.35870590833925259
136,0.1875,0.5625,-0.02646209628446269,0.39676891533997871,0.39765036743329102,-0.057040070738375463,0.37367698415375777,0.030577974453912773,0.023091931186220938,-0.049453812776738978,0.37067767450155098,0.025452959844498076,0.35892287566576597,0.064245589513173829,0.07582347842323961,0.025554516582732976,0.35870590833925259
137,0.6875,0.4375,0.44122763003605842,-0.48321343732490363,0.65435238787566552,0.44895572602742706,-0.48108311675011517,-0.0077280959913686442,-0.0021303205747884579,0.12162322333835973,-0.44332521171404676,0.50714306597948566,-0.50490354868003007,0.069392403231260447,0.39040676307350863,0.50199464079964784,-0.50670295368826423
138,0.6875,0.5625,0.44122763003605825,-0.48321343732490363,0.65435238787566541,0.44895572602742695,-0.48108311675011461,-0.0077280959913686997,-0.002130320574789013,0.12162322333835984,-0.44332521171404682,0.50714306597948566,-0.50490354868003007,0.069392403231260613,0.39040676307350847,0.50199464079964784,-0.50670295368826301
139,0.8125,0.4375,0.39591479963198961,0.025424184842973076,0.39673028336965677,0.37655787534465301,-0.0074388794592703811,0.019356924287336597,0.032863064302243457,0.23548703772700094,-0.21571391927501804,0.35139990042380054,0.0774053862671817,0.068436989654859753,0.31520583595502882,0.34992344457987662,0.071977308649315369
140,0.8125,0.5625,0.39591479963198933,0.025424184842973138,0.39673028336965649,0.3765578753446529,-0.0074388794592702978,0.01935692428733643,0.032863064302243436,0.23548703772700086,-0.21571391927501776,0.35139990042380054,0.0774053862671817,0.068436989654859531,0.3152058359550286,0.34992344457987629,0.071977308649315896
141,0.5625,0.6875,-0.14617948646861148,-0.65653409947211527,0.67261093213973877,-0.077536114378478155,-0.64533856886442553,-0.068643372090133326,-0.011195530607689741,-0.23499173349915869,-0.48023072668768052,-0.15085111838703233,-0.69954672676108054,0.043265578131820311,0.23490242867974478,-0.15333071121340841,-0.69752409788641079
142,0.4375,0.6875,-0.62974755833074869,-0.23563372253662293,0.67238771435832012,-0.62846318814104174,-0.16615888556020517,-0.0012843701897069515,-0.069474836976417764,-0.46895668518792638,-0.14228491259522955,-0.67015348019408827,-0.25102987038301267,0.043239795213832762,0.22870421107845448,-0.66934717208189731,-0.24876908744832901
143,0.5625,0.8125,-0.11935891834844529,-0.34634890784383005,0.36633880132184293,-0.18032582009764742,-0.32255592051756121,0.060966901749202121,-0.023792987326268833,-0.2272475239747494,-0.2771071847660051,-0.075849438369149147,-0.35173903186895988,0.043842083493774039,0.16879364006691569,-0.077329872380361458,-0.35084424536097014
144,0.4375,0.8125,-0.32488403598288745,-0.16424391101055755,0.36404079323693117,-0.29370484760647858,-0.22307830786428209,-0.031179188376408873,0.058834396853724547,-0.25540227048390723,-0.18428333283592496,-0.33695981599180441,-0.12622030838101231,0.039895097690735362,0.10011467443948716,-0.33631368404621731,-0.12501659605757565
145,0.0625,0,-0.0012323774454460353,0.0017789319370239791,0.0021641055899858448,0.001642397670739865,-0.0082143522878005519,-0.0028747751161859003,0.0099932842248245304,-0.021033074682252666,-0.012825368191606717,0,0,0.0021641055899858448,0.02463494062991619,-0.00014074059769292351,-0.00011277500062932872
146,0,0.0625,0.00021182171689863535,-0.0034821196192448473,0.0034885563608002333,0.0013725845646749921,-0.014701515624648413,-0.0011607628477763568,0.011219396005403566,-0.036750260034283812,-0.014381539689488436,0,0,0.0034885563608002333,0.039464038014726893,-7.9231401656821058e-05,-9.1559307460687263e-05
147,0.9375,0,-5.2071345108322944e-05,0.0013715270652265856,0.0013725151786521128,-0.0065807997230151261,0.0018065147431521652,0.0065287283779068032,-0.00043498767792557957,0.07192401528952265,0.037816431863784986,0,0,0.0013725151786521128,0.081259747072432983,0.0017988541704508951,0.001337407875505513
148,1,0.0625,0.0021915486229716987,-0.0010993717879500035,0.002451836800235598,-0.012340735115482185,0.00099933845245539412,0.014532283738453883,-0.0020987102404053976,0.10450267418069915,0.042240281861107995,-0,0,0.002451836800235598,0.11271668165193302,0.0017819072227034493,0.0015702871996897136
149,1,0.9375,0.0021915486229712789,-0.0010993717879499191,0.0024518368002351852,-0.012340735115482823,0.0009993384524554132,0.014532283738454102,-0.0020987102404053321,0.1045026741806985,0.042240281861108023,-0,0,0.0024518368002351852,0.11271668165193242,0.0017819072227033572,0.0015702871996891589
150,0.9375,1,-5.2071345108662564e-05,0.0013715270652268033,0.0013725151786523431,-0.0065807997230154392,0.0018065147431524271,0.0065287283779067763,-0.0004349876779256238,0.071924015289522289,0.037816431863785173,0,0,0.0013725151786523431,0.081259747072432748,0.0017988541704508343,0.0013374078755050579
151,0,0.9375,0.00021182171689867817,-0.0034821196192445802,0.0034885563607999692,0.0013725845646750494,-0.014701515624648064,-0.0011607628477763713,0.011219396005403484,-0.036750260034283812,-0.014381539689488449,0,0,0.0034885563607999692,0.039464038014726893,-7.9231401656752618e-05,-9.1559307461341687e-05
152,0.0625,1,-0.0012323774454460884,0.0017789319370243571,0.0021641055899861857,0.0016423976707398659,-0.0082143522878000315,-0.0028747751161859545,0.0099932842248243881,-0.02103307468225277,-0.012825368191606661,0,0,0.0021641055899861857,0.024634940629916249,-0.0001407405976929005,-0.0001127750006300334
153,0.5,0.4375,-0.62296176446094176,-0.7166422065678103,0.94955642918926619,-0.67106704426716846,-0.77208103865568434,0.048105279806226697,0.055438832087874035,-0.62969924570676228,-0.56705078779061779,-0.63337683867374894,-0.73333718356376143,0.019677297267501413,0.16632705765825773,-0.63430217970726244,-0.72975866455034422
154,0.4375,0.5,-0.83026105602695788,-0.42705748651993691,0.93365492444892373,-0.62606847791975828,-0.4990294488868311,-0.2041925781071996,0.071971962366894182,-0.5608362011913588,-0.3381311060802592,-0.9074210429338796,-0.33990689226076687,0.11639969784841718,0.34658939098340424,-0.9064782745018779,-0.33676539085773144
155,0.5625,0.5,-0.30790366362618798,-0.88197317656966701,0.93417415413980376,-0.40782112406421589,-0.6899533125985291,0.099917460438027905,-0.19201986397113791,-0.45139176728800318,-0.54859803030380105,-0.20425989451678825,-0.9472209563019458,0.12247164420874954,0.46901428514569826,-0.20749409820519671,-0.94423290104175239
156,0.5,0.5625,-0.6229617644609422,-0.71664220656781052,0.94955642918926664,-0.67106704426716846,-0.77208103865568456,0.048105279806226253,0.055438832087874035,-0.6296992457067625,-0.56705078779061791,-0.63337683867374894,-0.73333718356376143,0.01967729726750099,0.16632705765825762,-0.63430217970726122,-0.72975866455034244
157,0.4375,0,-0.046344079724837388,0.003275770611716437,0.046459707259545541,0.01994738994531825,0.015045842964517307,-0.066291469670155645,-0.01177007235280087,0.0049542190216207739,-0.0054954079566002633,-0,-0,0.046459707259545541,0.0073989049678756238,0.00031840300408600902,0.00056037543401836064
158,0.5625,0,0.04223596286348287,-0.014192882630848664,0.044556867892374903,0.011970925038035467,0.021847904047712634,0.030265037825447403,-0.036040786678561296,0.0069668267769103431,-0.026937973582332103,-0,-0,0.044556867892374903,0.02782428967758022,-0.00048852050917698898,-8.3252683091882492e-05
159,0.5,0.0625,-0.038463884211962181,-0.04200588642126258,0.05695581517902492,-0.088960197650179706,-0.10176683243400701,0.050496313438217526,0.059760946012744433,-0.10060838673130207,-0.10118052803239098,-0.035905716478103686,-0.041572402696358361,0.002594634905783768,0.08797479266227512,-0.035983650835912075,-0.040957559270806521
160,0,0.4375,0.024043877536615015,-0.0057032245139600687,0.024711026220138554,0.029557509705157831,-0.058437070213602248,-0.0055136321685428161,0.052733845699642179,-0.043398572781923321,0.01447858561725247,0,0,0.024711026220138554,0.045750033453364883,-0.00028165883711251229,4.9427055570819898e-05
161,0,0.5625,0.024043877536615202,-0.005703224513959799,0.024711026220138675,0.029557509705157931,-0.058437070213602255,-0.0055136321685427293,0.052733845699642456,-0.043398572781923328,0.014478585617252435,0,0,0.024711026220138675,0.045750033453364876,-0.00028165883711254942,4.9427055570637271e-05
162,0.0625,0.5,0.014243466793523844,0.042347877039161784,0.044679067089882063,-0.034081698436865093,0.10428900749357452,0.048325165230388933,-0.061941130454412734,-0.064380948667411453,0.14926931874970203,0.048207049908528775,0.026335631393053144,0.037548861349462691,0.16669957681541431,0.047880349549799806,0.02648717139134104
163,1,0.4375,-0.016873193198509252,0.016500645592181305,0.023600337999126014,-0.057283840857906797,0.019328238209067851,0.040410647659397544,-0.0028275926168865456,0.17010401679625764,-0.10819945676054107,-0,0,0.023600337999126014,0.20159984864453073,0.0045961601628527323,-0.001227686291817889
164,1,0.5625,-0.016873193198509464,0.016500645592181246,0.023600337999126125,-0.057283840857906922,0.019328238209067865,0.040410647659397461,-0.0028275926168866185,0.17010401679625747,-0.10819945676054103,-0,0,0.023600337999126125,0.20159984864453057,0.0045961601628524201,-0.0012276862918181209
165,0.9375,0.5,0.050760917219615564,0.020886326182652036,0.054889974844089695,0.11079089204929757,-0.021351595924799759,-0.060029974829682003,0.042237922107451795,0.20825762281562787,-0.16841310372110629,0.019041246707246291,0.051525877630448302,0.044101242730057201,0.29013099197698267,0.022496415914052562,0.047947769673257354
166,0.5625,1,0.042235962863483398,-0.014192882630848747,0.04455686789237543,0.011970925038035651,0.021847904047712224,0.030265037825447746,-0.03604078667856097,0.0069668267769105808,-0.026937973582332728,-0,-0,0.04455686789237543,0.027824289677580886,-0.00048852050917739165,-8.3252683093955175e-05
167,0.4375,1,-0.046344079724837096,0.0032757706117158385,0.046459707259545215,0.019947389945318278,0.015045842964516802,-0.066291469670155367,-0.011770072352800963,0.0049542190216207678,-0.0054954079566010578,-0,-0,0.046459707259545215,0.0073989049678762093,0.0003184030040843593,0.00056037543401600781
168,0.5,0.9375,-0.038463884211962021,-0.042005886421263301,0.056955815179025343,-0.08896019765017979,-0.10176683243400789,0.050496313438217769,0.059760946012744585,-0.10060838673130207,-0.101180528032392,-0.035905716478103686,-0.041572402696358361,0.0025946349057837312,0.087974792662275814,-0.035983650835914059,-0.040957559270808158
169,0.25,0.1875,-0.066229416936205765,0.21592036194265693,0.22584937097357113,-0.091064751689897347,0.25091764407305112,0.024835334753691582,-0.034997282130394186,-0.047493041627587718,0.22963915460276957,-0.086923737266446421,0.18993183099085628,0.033221358114371421,0.055959371931656961,-0.086586967586265912,0.18945225472546287
170,0.1875,0.25,-0.012292036017242377,0.26051757964672712,0.26080740682434228,-0.09133456479596222,0.24443048073620327,0.079042528778719839,0.016087098910523845,-0.063210226979618866,0.22808298310488784,0.014775414331500017,0.20835432238194124,0.058767782643671961,0.080442403647750543,0.014704483866879137,0.20797107598982376
171,0.3125,0.25,-0.28431842893846654,0.20361920131675632,0.34971094946957493,-0.19997233928539532,0.13410496867452681,-0.084346089653071221,0.069514232642229501,-0.15305564738051056,0.13395403452697885,-0.33281150716041979,0.24861761662643764,0.066154637145275308,0.21321328801248227,-0.33170846030561196,0.24866626668940889
172,0.25,0.3125,-0.20399366014693071,0.34131201634619585,0.39762709399944984,-0.15497377293798514,0.40715655844338006,-0.049019887208945567,-0.065844542097184211,-0.084192602865106991,0.36287371623733744,-0.1728759403228142,0.37774082100416845,0.047910022916514451,0.089920882706885738,-0.17221229795713128,0.3774503239804799
173,0.75,0.1875,0.22270733778049609,-0.037535002104752573,0.22584825588053534,0.2606595941145653,-0.057470078562849164,-0.037952256334069207,0.019935076458096591,0.13725775970520981,-0.18412066041290412,0.20055802999812103,-0.058363628461381468,0.030404333755937433,0.14078975567992122,0.19946581797791696,-0.061488276954046642
174,0.8125,0.25,0.26021725587699801,0.021950002789437224,0.261141384844707,0.25489965872209824,-0.058277254853545936,0.0053175971548997669,0.080227257642983163,0.16983641859638632,-0.17969681041558111,0.20398724378343069,0.044933738966890055,0.060745916642334738,0.22721171311538252,0.20388760483190888,0.040795120619624731
175,0.6875,0.25,0.23978385524393156,-0.25475920617488318,0.34985504193379774,0.1597284714263501,-0.1810848150445688,0.080055383817581455,-0.073674391130314376,0.029682546196997422,-0.25836321486296299,0.29439597480895313,-0.29309593755575442,0.066724722377491302,0.26698232397136579,0.29133968232202639,-0.29503993066135248
176,0.75,0.3125,0.36501898511166614,-0.15675131121305474,0.39725285783611763,0.42297439162930262,-0.098957088987413538,-0.057955406517636476,-0.057794222225641206,0.20799002461575658,-0.23991045737614633,0.3988744515084261,-0.11607493497414789,0.052922208843464276,0.22753483478078418,0.39609252503556408,-0.11991438092755226
177,0.8125,0.75,0.26021725587699868,0.021950002789437702,0.26114138484470767,0.25489965872209885,-0.058277254853545145,0.0053175971548998224,0.080227257642982844,0.16983641859638671,-0.17969681041558044,0.20398724378343069,0.044933738966890055,0.060745916642335175,0.2272117131153818,0.20388760483190799,0.040795120619625591
178,0.75,0.8125,0.22270733778049739,-0.037535002104752274,0.22584825588053656,0.26065959411456624,-0.05747007856284813,-0.037952256334068846,0.019935076458095856,0.13725775970521048,-0.18412066041290331,0.20055802999812103,-0.058363628461381468,0.030404333755938585,0.14078975567992019,0.19946581797791654,-0.061488276954045955
179,0.75,0.6875,0.36501898511166653,-0.15675131121305436,0.39725285783611786,0.42297439162930339,-0.098957088987412761,-0.057955406517636865,-0.057794222225641595,0.20799002461575711,-0.23991045737614572,0.3988744515084261,-0.11607493497414789,0.052922208843463735,0.2275348347807834,0.39609252503556364,-0.11991438092755075
180,0.6875,0.75,0.23978385524393214,-0.25475920617488362,0.34985504193379846,0.15972847142635083,-0.18108481504456825,0.080055383817581316,-0.073674391130315375,0.029682546196997839,-0.25836321486296254,0.29439597480895313,-0.29309593755575442,0.066724722377490581,0.26698232397136545,0.29133968232202601,-0.29503993066135131
181,0.1875,0.75,-0.012292036017242125,0.26051757964672689,0.26080740682434206,-0.091334564795961887,0.24443048073620269,0.079042528778719756,0.016087098910524206,-0.063210226979618866,0.22808298310488831,0.014775414331500017,0.20835432238194124,0.058767782643671648,0.080442403647750654,0.014704483866878615,0.20797107598982467
182,0.25,0.8125,-0.066229416936205404,0.21592036194265718,0.22584937097357125,-0.091064751689897069,0.25091764407305073,0.024835334753691665,-0.034997282130393548,-0.047493041627587815,0.2296391546027701,-0.086923737266446421,0.18993183099085628,0.033221358114371845,0.055959371931657273,-0.086586967586267646,0.18945225472546426
183,0.25,0.6875,-0.20399366014693066,0.34131201634619573,0.39762709399944973,-0.15497377293798489,0.4071565584433795,-0.049019887208945762,-0.065844542097183767,-0.084192602865106977,0.36287371623733788,-0.1728759403228142,0.37774082100416845,0.0479100229165145,0.089920882706885683,-0.17221229795713094,0.3774503239804809
184,0.3125,0.75,-0.28431842893846693,0.2036192013167557,0.34971094946957487,-0.19997233928539515,0.13410496867452604,-0.084346089653071776,0.069514232642229667,-0.15305564738051064,0.13395403452697915,-0.33281150716041979,0.24861761662643764,0.066154637145275433,0.21321328801248204,-0.33170846030561341,0.24866626668941103
185,0.1875,0,0.025341909611175953,0.016914121870054637,0.030468014398317339,0.013114333896198125,-0.010928635102455361,0.012227575714977828,0.027842756972509999,0.0051034488664898348,0.0025213511756721745,0,0,0.030468014398317339,0.0056923107859585317,-9.7778986069543155e-05,-0.00049147928488339722
186,0.3125,0,-0.029471626285145196,-0.013894474422129911,0.032582712829942254,0.019215997987724255,-0.0031752366850160739,-0.048687624272869448,-0.010719237737113838,0.013765880101114314,0.004964671254007659,-0,0,0.032582712829942254,0.014633776533028822,0.00057239888440609697,-0.00020745189419762159
187,0.25,0.0625,-0.0080261202372508365,0.030726499407378573,0.031757461672722573,-0.01778804922401428,0.075448697017828539,0.0097619289867634431,-0.044722197610449967,-0.0037165401152885157,0.083342858773797601,-0.012858541015746511,0.028096424702789391,0.0055017800330580844,0.055997720114538872,-0.012721934987680102,0.027534708304106325
188,0,0.1875,0.0062494797123611332,-0.026428825643726634,0.027157665981849689,0.012304894578003506,-0.030390125112998947,-0.0060554148656423732,0.0039612994692723134,-0.042048107189603605,-0.0021471633179729836,0,0,0.027157665981849689,0.042102893351199072,-0.00017477584230766695,-0.00012163780425262316
189,0,0.3125,0.02018686068228058,0.017125423795845317,0.026472428758863638,0.021699869624831121,-0.044968643309316894,-0.0015130089425505408,0.062094067105162215,-0.044264211438816772,0.0074728784509406516,0,0,0.026472428758863638,0.044890581714239465,-0.00023326033606774213,-4.6266249911112923e-05
190,0.0625,0.25,0.0073475675516667957,0.023762292949462863,0.024872340363190578,-0.018597488542208898,0.055987207007284948,0.025945056093875693,-0.032224914057822088,-0.050868096171381952,0.07867434428015245,0.027116465573547438,0.014813792658592393,0.021699884480227662,0.10079564436997583,0.026816427106632297,0.014770882072168706
191,0.8125,0,-0.011643209489040778,0.021660218931852701,0.024591246641467352,-0.010897304987807631,0.010550483463049752,-0.00074590450123314736,0.011109735468802949,0.041456099537853786,-0.037778223807815495,0,0,0.024591246641467352,0.056087452990538252,0.0020329181226342299,-0.00090954395603865066
192,0.6875,0,0.022800147668077378,-0.021081865464807777,0.031053047920653283,-0.0047133967341241,0.017230946564569909,0.027513544402201478,-0.038312812029377682,0.019803703366983023,-0.059363025623187855,0,-0,0.031053047920653283,0.062579193652417042,0.00029575443373437466,-0.0014807411928930948
193,0.75,0.0625,0.031596419721287149,-0.007247230769302746,0.032416910602759044,0.078182826291385843,-0.0092083809722840245,-0.046586406570098694,0.0019611502029812785,0.063234014343082845,-0.11175725456671187,0.029668347632858139,-0.0086336728493167855,0.0023748018063435654,0.10844873022735742,0.030174958211461822,-0.010755362132528982
194,1,0.1875,-0.011510294136159371,-0.010880295920031004,0.015838803945006332,-0.028177111165208803,0.0081289545909594384,0.01666681702904943,-0.019009250510990443,0.1391920762113833,-0.02450667381584648,-0,0,0.015838803945006332,0.14133297966699715,0.0031977661039382346,0.00042704953323963396
195,1,0.3125,-0.0049919042177878677,0.02744756227458886,0.027897809636905222,-0.043158146412683673,0.014238587843163591,0.038166242194895804,0.013208974431425269,0.16105919041656946,-0.074653253356396165,-0,0,0.027897809636905222,0.17751949485714255,0.004130638288984384,-0.00060554971084421881
196,0.9375,0.25,0.029622807190936136,0.012046298146686544,0.031978492849261068,0.060903020113984671,-0.011629909844374339,-0.031280212923048535,0.023676207991060884,0.16096999101661236,-0.098485704574742844,0.010710701272826039,0.02898330616712717,0.025387595217788647,0.19704365722808259,0.013937340212070194,0.02697207752941623
197,1,0.8125,-0.011510294136160143,-0.010880295920030985,0.01583880394500688,-0.028177111165209354,0.0081289545909594852,0.016666817029049211,-0.019009250510990471,0.13919207621138266,-0.024506673815846331,-0,0,0.01583880394500688,0.14133297966699651,0.0031977661039376596,0.000427049533238979
198,1,0.6875,-0.0049919042177882988,0.0274475622745885,0.027897809636904945,-0.043158146412684055,0.014238587843163637,0.038166242194895755,0.013208974431424863,0.16105919041656896,-0.074653253356396027,-0,0,0.027897809636904945,0.17751949485714202,0.0041306382889836381,-0.00060554971084481404
199,0.9375,0.75,0.029622807190935734,0.012046298146686745,0.03197849284926077,0.060903020113984553,-0.011629909844374033,-0.03128021292304882,0.02367620799106078,0.16096999101661205,-0.098485704574742497,0.010710701272826039,0.02898330616712717,0.025387595217788213,0.19704365722808215,0.013937340212069178,0.026972077529416039
200,0.8125,1,-0.01164320948904065,0.021660218931853634,0.024591246641468115,-0.010897304987807202,0.010550483463050526,-0.00074590450123344747,0.011109735468803108,0.041456099537854021,-0.037778223807814898,0,0,0.024591246641468115,0.056087452990538023,0.0020329181226341319,-0.00090954395603895489
201,0.6875,1,0.022800147668077857,-0.021081865464806903,0.03105304792065304,-0.0047133967341235049,0.017230946564570457,0.027513544402201363,-0.038312812029377363,0.019803703366983456,-0.059363025623187529,0,-0,0.03105304792065304,0.062579193652416862,0.00029575443373457393,-0.0014807411928939949
202,0.75,0.9375,0.031596419721288259,-0.007247230769301968,0.032416910602759953,0.078182826291386703,-0.0092083809722829923,-0.046586406570098444,0.0019611502029810244,0.063234014343083428,-0.11175725456671107,0.029668347632858139,-0.0086336728493167855,0.0023748018063449211,0.10844873022735683,0.030174958211461669,-0.010755362132529289
203,0,0.8125,0.0062494797123616485,-0.026428825643726363,0.027157665981849547,0.012304894578003786,-0.03039012511299885,-0.0060554148656421372,0.0039612994692724869,-0.042048107189603626,-0.0021471633179730807,0,0,0.027157665981849547,0.0421028933511991,-0.00017477584230786645,-0.00012163780425313391
204,0,0.6875,0.020186860682281,0.017125423795845328,0.026472428758863964,0.021699869624831412,-0.044968643309316915,-0.0015130089425504124,0.062094067105162243,-0.044264211438816793,0.0074728784509405476,0,0,0.026472428758863964,0.044890581714239472,-0.00023326033606788018,-4.6266249911435222e-05
205,0.0625,0.75,0.0073475675516672849,0.02376229294946278,0.024872340363190644,-0.018597488542208527,0.055987207007284746,0.025945056093875811,-0.032224914057821963,-0.050868096171381973,0.078674344280152506,0.027116465573547438,0.014813792658592393,0.02169988448022718,0.10079564436997587,0.026816427106631974,0.014770882072168517
206,0.1875,1,0.025341909611175911,0.016914121870055036,0.030468014398317526,0.013114333896198236,-0.010928635102454752,0.012227575714977675,0.027842756972509788,0.0051034488664895034,0.0025213511756722838,0,0,0.030468014398317526,0.0056923107859582827,-9.7778986070388467e-05,-0.00049147928488431066
207,0.3125,1,-0.029471626285145183,-0.013894474422129578,0.032582712829942101,0.019215997987724373,-0.0031752366850158059,-0.048687624272869559,-0.010719237737113772,0.013765880101114016,0.0049646712540074855,-0,0,0.032582712829942101,0.014633776533028482,0.00057239888440414671,-0.00020745189419922166
208,0.25,0.9375,-0.0080261202372506092,0.030726499407379034,0.031757461672722961,-0.017788049224014078,0.075448697017828845,0.0097619289867634691,-0.044722197610449807,-0.0037165401152888453,0.083342858773797879,-0.012858541015746511,0.028096424702789391,0.0055017800330585042,0.055997720114539094,-0.012721934987682072,0.027534708304106013
209,0.5,0.3125,-0.45453118494322547,-0.52282289212217259,0.69277873423834657,-0.50154238033776588,-0.57705133162114819,0.047011195394540406,0.0542284394989756,-0.47928555681614093,-0.4373807755594401,-0.48273241042783843,-0.55891785847326236,0.045805629727363059,0.12158595035209363,-0.48342595657125348,-0.55624763529483656
210,0.5,0.1875,-0.26437832040415388,-0.30422960674808008,0.40305278800898142,-0.30750676479876965,-0.35361326288058909,0.043128444394615773,0.049383656132509002,-0.3029219371576542,-0.28209068897336453,-0.24272264339198091,-0.28102944222738252,0.031736666186652163,0.060208647340242484,-0.24305726792184887,-0.27959672573094452
211,0.4375,0.25,-0.47402444592807702,-0.23300404134698149,0.52819509522660879,-0.34451081201050815,-0.27498932917774443,-0.12951363391756887,0.041985287830762941,-0.32040435737405704,-0.20371250145357456,-0.51042433665030729,-0.19119762689668138,0.055432195823190762,0.19043165338073748,-0.50969963118169515,-0.18947226271647727
212,0.5625,0.25,-0.16528794566565261,-0.50262631941170488,0.52910615376097159,-0.22461054177325968,-0.38005259041744299,0.059322596107607067,-0.12257372899426189,-0.25949162618155436,-0.3344849179168885,-0.11489619066569338,-0.53281178791984452,0.058740884237741986,0.24544120953334408,-0.11688853650892125,-0.53136498989657399
213,0.3125,0.5,-0.49436701260845151,0.36192265084237291,0.61268813302378811,-0.36654668129553536,0.24210343768541148,-0.12782033131291615,0.11981921315696142,-0.27269642326993027,0.24937826957163567,-0.59166490161852403,0.44198687400255582,0.12600459926550286,0.37261100987604218,-0.58998089481960503,0.44257841406466841
214,0.1875,0.5,-0.033494437812800572,0.46509700023654293,0.46630150867590636,-0.16921775480123766,0.44320958981221337,0.13572331698843709,0.021887410424329568,-0.10721133909528115,0.41184507784828939,0.026267403256000028,0.37040768423456222,0.11197117581259716,0.13976277132762738,0.026381461530276387,0.37020709087751735
215,0.25,0.4375,-0.23852560425679531,0.48231033582494054,0.5380685123008373,-0.20951511296827768,0.54416544012881518,-0.029010491288517626,-0.061855104303874642,-0.11381522382784633,0.48304654367750122,-0.22682466351776845,0.49562093175720484,0.017722414571672489,0.113706854211209,-0.22594813305051714,0.49548243002943337
216,0.25,0.5625,-0.23852560425679525,0.48231033582494065,0.5380685123008373,-0.2095151129682776,0.54416544012881507,-0.029010491288517654,-0.06185510430387442,-0.11381522382784633,0.48304654367750138,-0.22682466351776845,0.49562093175720484,0.017722414571672371,0.11370685421120898,-0.22594813305051664,0.4954824300294341
217,0.6875,0.5,0.42437501404024774,-0.43986067558572373,0.61120501181550346,0.28819538027109159,-0.33066815344968237,0.13617963376915615,-0.10919252213604136,0.055636878440136511,-0.38202250309899011,0.52337062188258332,-0.52105944454356334,0.12803659809734916,0.48796119296614798,0.51805537499667298,-0.52283857299368486
218,0.8125,0.5,0.46401502134617678,0.029036148889029733,0.46492261504168497,0.46106605230892939,-0.10780091455843924,0.0029489690372473953,0.13683706344746896,0.27552000847468022,-0.2552941942380918,0.36264398894832123,0.079882202607804542,0.11340814515800712,0.34631460404691161,0.36105609191122817,0.074361756674614143
219,0.75,0.4375,0.50820122113230382,-0.17102637103393042,0.53620751649841725,0.56512721883559769,-0.13366941224597717,-0.056925997703293874,-0.037356958787953254,0.27543080907472312,-0.2791266454564385,0.52334965224361762,-0.15229798906194811,0.024087906850174683,0.27847667924089192,0.51944873479002918,-0.15649465625354694
220,0.75,0.5625,0.5082012211323037,-0.17102637103392992,0.53620751649841703,0.56512721883559802,-0.13366941224597692,-0.056925997703294318,-0.037356958787953004,0.27543080907472328,-0.27912664545643828,0.52334965224361762,-0.15229798906194811,0.024087906850174364,0.2784766792408917,0.51944873479002918,-0.15649465625354617
221,0.5,0.6875,-0.45453118494322647,-0.52282289212217326,0.69277873423834768,-0.5015423803377661,-0.57705133162114874,0.047011195394539629,0.054228439498975489,-0.47928555681614127,-0.43738077555944066,-0.48273241042783843,-0.55891785847326236,0.045805629727361921,0.12158595035209308,-0.48342595657125326,-0.55624763529483379
222,0.5,0.8125,-0.26437832040415421,-0.30422960674808092,0.40305278800898225,-0.30750676479876987,-0.35361326288058986,0.043128444394615661,0.049383656132508946,-0.30292193715765448,-0.28209068897336537,-0.24272264339198091,-0.28102944222738252,0.031736666186653002,0.060208647340242775,-0.24305726792185095,-0.27959672573094385
223,0.5625,0.75,-0.16528794566565269,-0.50262631941170577,0.52910615376097248,-0.22461054177325965,-0.38005259041744327,0.059322596107606956,-0.1225737289942625,-0.25949162618155452,-0.33448491791688889,-0.11489619066569338,-0.53281178791984452,0.058740884237741604,0.24544120953334386,-0.11688853650892203,-0.53136498989657222
224,0.4375,0.75,-0.47402444592807774,-0.23300404134698258,0.5281950952266099,-0.34451081201050832,-0.27498932917774521,-0.12951363391756943,0.041985287830762635,-0.32040435737405737,-0.20371250145357495,-0.51042433665030729,-0.19119762689668138,0.055432195823191102,0.19043165338073717,-0.50969963118169648,-0.18947226271647505
225,0.125,0.0625,0.021112430271690005,0.0072682025296721435,0.022328490320424825,0.017610579348962836,0.0071517773102256939,0.0035018509227271698,0.00011642521944644959,-0.013421892369368322,0.027985473409227829,0.005680878565021745,0.00884744415999132,0.015512149825298532,0.027040340621308934,0.0053484222538086575,0.0086152324236510227
226,0.0625,0.125,0.015407437431911903,-0.0065647895034712522,0.01674770400512161,0.017340766242897963,0.00066461397337783112,-0.0019333288109860593,-0.0072294034768490834,-0.029139077721399467,0.026429301911346112,0.0092271306465543362,0.0050408044463265784,0.013148612203906571,0.043925320355626268,0.0089688250708485889,0.0049509833435522118
227,0.1875,0.125,0.0064354357941381699,0.083288242595482925,0.083536496146920672,-0.013291803771249564,0.093529109430509599,0.019727239565387734,-0.010240866835026674,-0.022241881351146672,0.10880698100735325,0.0050277451544687556,0.070898345810521679,0.012469608465345089,0.046697935203199523,0.0048084534871488272,0.07044164085746682
228,0.125,0.1875,0.017262320173151501,0.083534796811143702,0.085299765392640198,-0.013561616877314437,0.087041946093661726,0.03082393705046594,-0.0035071492825180239,-0.037959066703177821,0.10725080950947154,0.038402739099546994,0.059808722521541326,0.031778041374182137,0.089899260304094786,0.038050493643368689,0.059597788333510551
229,0.875,0.0625,-0.0017838609758994218,0.019914393434515322,0.019994129784664392,0.0067231498958985735,0.017829169640035392,-0.0085070108717979955,0.0020852237944799304,0.083049795502392457,-0.038597206693385802,0.0079267238179539998,0.006907727480768823,0.016231722529385647,0.087830375915735587,0.010227954633579311,0.0060486596657436144
230,0.9375,0.125,-0.0016894994114893765,0.010835386797461703,0.01096631274914364,0.00096321450343151566,0.01702199334933862,-0.0026527139149208922,-0.0061866065518769164,0.11562845439356895,-0.034173356696062793,0.0036446136275588605,0.0098623750152029965,0.0054221318539628563,0.12033090317974715,0.0063971231277372403,0.0094384055538155372
231,0.8125,0.125,0.080905096867708151,0.015717696504932495,0.0824177206830813,0.095803281175092042,-0.0019296947952983853,-0.014898184307383891,0.01764739130023088,0.10482771030762152,-0.11257623745228218,0.069412326009639605,0.015289952842900087,0.01150072809158092,0.13268011179365771,0.07048695020753612,0.012613659865650976
232,0.875,0.1875,0.085757211270303946,0.0279304663773924,0.090190965384112573,0.090043345782624989,-0.0027368710859951573,-0.0042861345123210437,0.030667337463387557,0.13740636919879801,-0.10815238745495917,0.053584653009369036,0.046696237769997241,0.0372455055142598,0.17608002964277403,0.055648508917885683,0.043967017215645256
233,0.9375,0.875,-0.0016894994114896489,0.010835386797462088,0.010966312749144062,0.00096321450343124677,0.017021993349338991,-0.0026527139149208957,-0.0061866065518769026,0.1156284543935686,-0.034173356696062383,0.0036446136275588605,0.0098623750152029965,0.0054221318539631929,0.12033090317974668,0.0063971231277366201,0.0094384055538151816
234,0.875,0.9375,-0.0017838609758995586,0.019914393434516009,0.019994129784665089,0.0067231498958986316,0.017829169640036006,-0.0085070108717981898,0.0020852237944800033,0.083049795502392387,-0.038597206693385233,0.0079267238179539998,0.006907727480768823,0.016231722529386282,0.087830375915735226,0.010227954633578912,0.006048659665743401
235,0.875,0.8125,0.085757211270304029,0.027930466377392962,0.090190965384112837,0.090043345782625156,-0.0027368710859945276,-0.004286134512321127,0.030667337463387491,0.13740636919879801,-0.10815238745495856,0.053584653009369036,0.046696237769997241,0.037245505514259591,0.1760800296427735,0.055648508917884816,0.043967017215645506
236,0.8125,0.875,0.080905096867708817,0.015717696504933234,0.082417720683082091,0.095803281175092542,-0.0019296947952975128,-0.014898184307383724,0.017647391300230748,0.10482771030762178,-0.1125762374522814,0.069412326009639605,0.015289952842900087,0.011500728091581614,0.13268011179365702,0.070486950207535537,0.01261365986565118
237,0.0625,0.875,0.015407437431912524,-0.0065647895034710085,0.016747704005122085,0.017340766242898466,0.00066461397337795429,-0.0019333288109859414,-0.0072294034768489628,-0.029139077721399471,0.026429301911346161,0.0092271306465543362,0.0050408044463265784,0.013148612203906647,0.043925320355626296,0.0089688250708481639,0.0049509833435517131
238,0.125,0.9375,0.021112430271690293,0.0072682025296725164,0.022328490320425217,0.017610579348963283,0.0071517773102259879,0.0035018509227270102,0.00011642521944652852,-0.013421892369368426,0.02798547340922795,0.005680878565021745,0.00884744415999132,0.01551214982529878,0.027040340621309097,0.0053484222538079523,0.0086152324236504797
239,0.125,0.8125,0.017262320173152167,0.083534796811143577,0.085299765392640198,-0.013561616877313845,0.08704194609366156,0.030823937050466012,-0.0035071492825179823,-0.037959066703177821,0.10725080950947175,0.038402739099546994,0.059808722521541326,0.031778041374181602,0.089899260304094897,0.038050493643368058,0.059597788333510711
240,0.1875,0.875,0.00643543579413864,0.083288242595483009,0.083536496146920783,-0.013291803771249028,0.093529109430509585,0.019727239565387668,-0.010240866835026577,-0.022241881351146776,0.10880698100735353,0.0050277451544687556,0.070898345810521679,0.012469608465345224,0.046697935203199807,0.0048084534871474533,0.070441640857467111
241,0.4375,0.375,-0.75467535019620446,-0.26231666027671546,0.79896490189024794,-0.71322552010574225,-0.2636737390774726,-0.041449830090462214,0.0013570788007571388,-0.54416352963323666,-0.2071199187108182,-0.79753802601610513,-0.29874629202606462,0.056252351487160832,0.26943278884385458,-0.7966605069205519,-0.29602478731105863
242,0.375,0.4375,-0.78625307334318106,0.067311166438719858,0.78912906958807361,-0.66822695375833208,0.0093778506913806403,-0.11802611958484899,0.057933315747339217,-0.47530048511783313,0.021799762999540354,-0.84313206603680879,0.1201855613686208,0.077659007520344284,0.38076217937457274,-0.84133153899459667,0.12196323003474591
243,0.375,0.3125,-0.62403878883114072,0.074767882067029168,0.62850190624581737,-0.55619395177848463,0.038388263365931152,-0.067844837052656093,0.036379618701098015,-0.38528233019115277,0.02654835539504731,-0.64259876537196936,0.091600232587573174,0.025055952451315186,0.26541193368127752,-0.64110016280370907,0.09284892224166412
244,0.3125,0.375,-0.55064408372670159,0.34299167668603897,0.64873122109169301,-0.51119538543107446,0.31143985313478439,-0.039448698295627138,0.031551823551254576,-0.31641928567574917,0.25546803710540589,-0.52001797993815591,0.38846502597880883,0.054825028309787728,0.24318846057070437,-0.51850001882665431,0.38889420664343144
245,0.5625,0.375,-0.15518030710679845,-0.78356718204387488,0.79878561359725253,-0.16229844634317919,-0.74285342238169383,0.0071181392363807439,-0.040713759662181048,-0.31019857794446926,-0.54506573280326887,-0.1795252979151459,-0.83251841862475706,0.054670852748571794,0.31576027726680433,-0.18240531005933946,-0.82999320015482281
246,0.625,0.4375,0.17472976372315832,-0.76921202369367103,0.78880772544750311,0.10094747385977332,-0.66072569632453859,0.073782289863385003,-0.10848632736913244,-0.13189109952571013,-0.52661297531645224,0.24158232037858735,-0.81667265928368493,0.081986439500538383,0.47288160847952487,0.23677119008074898,-0.81579589088369331
247,0.625,0.3125,0.15985115812517417,-0.60796898112169262,0.62863238443474134,0.114633392221327,-0.54585468117798863,0.045217765903847171,-0.062114299943703988,-0.09040464730988268,-0.44216987516071737,0.1841235875901302,-0.6224325508523928,0.028255011617164344,0.32842104683597667,0.18034518799807145,-0.62211181893522305
248,0.6875,0.375,0.41465812873311397,-0.49833485785123016,0.6482892828622524,0.37787931242427947,-0.4637269551208334,0.036778816308834505,-0.034607902730396767,0.087902831108876478,-0.42371711767390069,0.45999371063898931,-0.45796240243086622,0.060706261154955053,0.37366343433306209,0.45532385249734936,-0.45981373453331137
249,0.625,0.5625,0.17472976372315818,-0.76921202369367114,0.78880772544750322,0.10094747385977321,-0.66072569632453804,0.073782289863384976,-0.10848632736913311,-0.13189109952571001,-0.52661297531645235,0.24158232037858735,-0.81667265928368493,0.081986439500538438,0.47288160847952471,0.23677119008074898,-0.81579589088369231
250,0.5625,0.625,-0.15518030710679906,-0.78356718204387454,0.79878561359725231,-0.16229844634317936,-0.7428534223816935,0.0071181392363802998,-0.040713759662181048,-0.31019857794446926,-0.54506573280326909,-0.1795252979151459,-0.83251841862475706,0.054670852748571822,0.31576027726680417,-0.18240531005933891,-0.82999320015482025
251,0.6875,0.625,0.41465812873311364,-0.49833485785122988,0.64828928286225196,0.37787931242427963,-0.46372695512083256,0.036778816308834006,-0.034607902730397322,0.087902831108876756,-0.42371711767390052,0.45999371063898931,-0.45796240243086622,0.060706261154955116,0.37366343433306182,0.45532385249734864,-0.4598137345333092
252,0.625,0.6875,0.15985115812517373,-0.6079689811216924,0.62863238443474101,0.11463339222132708,-0.54585468117798808,0.045217765903846643,-0.062114299943704321,-0.090404647309882513,-0.44216987516071737,0.1841235875901302,-0.6224325508523928,0.02825501161716484,0.32842104683597656,0.18034518799807125,-0.62211181893522138
253,0.375,0.5625,-0.78625307334318162,0.067311166438719733,0.78912906958807416,-0.66822695375833274,0.009377850691380335,-0.11802611958484888,0.057933315747339398,-0.47530048511783329,0.021799762999540562,-0.84313206603680879,0.1201855613686208,0.077659007520343964,0.38076217937457252,-0.84133153899459501,0.12196323003474695
254,0.4375,0.625,-0.75467535019620513,-0.26231666027671596,0.79896490189024882,-0.71322552010574292,-0.2636737390774731,-0.041449830090462214,0.0013570788007571388,-0.544163529633237,-0.20711991871081817,-0.79753802601610513,-0.29874629202606462,0.056252351487159999,0.2694327888438543,-0.7966605069205499,-0.29602478731105597
255,0.3125,0.625,-0.55064408372670226,0.34299167668603864,0.64873122109169334,-0.5111953854310749,0.31143985313478389,-0.03944869829562736,0.031551823551254743,-0.31641928567574934,0.25546803710540622,-0.52001797993815591,0.38846502597880883,0.054825028309788373,0.24318846057070406,-0.51850001882665275,0.38889420664343294
256,0.375,0.6875,-0.62403878883114139,0.074767882067028599,0.62850190624581803,-0.55619395177848518,0.038388263365930472,-0.067844837052656204,0.036379618701098126,-0.38528233019115304,0.026548355395047504,-0.64259876537196936,0.091600232587573174,0.025055952451315075,0.26541193368127719,-0.64110016280370763,0.09284892224166659
257,0.375,0.0625,-0.085172197234234151,0.016909152827740963,0.086834455321946849,-0.07552397643668543,0.019657582757533772,-0.0096482207975487205,-0.0027484299297928089,-0.048682889517807817,0.0018568677103529751,-0.047796602383039045,0.0068132404403980044,0.038715146098311282,0.0050349911146287691,-0.047062016683278141,0.0069288912733583997
258,0.4375,0.125,-0.17961765366616045,-0.073612894457327535,0.19411687134023772,-0.18443156403218341,-0.097155092640990551,0.0048139103660229665,0.023542198183663016,-0.15424549527073067,-0.09382825236543775,-0.17368605899906289,-0.065060303596787411,0.01040819992710241,0.034720748759654321,-0.17310988229334065,-0.064275562996394545
259,0.3125,0.125,-0.10557903084760392,0.092165647527275962,0.1401479159275705,-0.11252802364842396,0.098281516460378388,0.0069489928008200363,-0.0061158689331024252,-0.066165309734210642,0.080235055230142918,-0.11324836007542062,0.084599050102051696,0.010773671955283119,0.047284861009364923,-0.11257491111427648,0.084302332343617045
260,0.375,0.1875,-0.28370552066086807,0.013855295973864555,0.28404364397038995,-0.22143561124392191,-0.018531158938145942,-0.062269909416946156,0.032386454912010497,-0.17172791548713348,-0.015450064845647801,-0.32310503210934394,0.04605750537709051,0.050885202100687338,0.16339587703353897,-0.32204081419420888,0.046581671747245555
261,0.625,0.0625,0.044463655869972599,-0.072052605932180144,0.084667554086210559,0.029878586164862515,-0.073017968812550238,0.014585069705110084,0.00096536288037009366,-0.018515535253360985,-0.11240954984545889,0.013695142878604726,-0.046296636013814341,0.040125694737110008,0.07354213187711893,0.012846606372702161,-0.047042522769690752
262,0.5625,0.125,-0.048109086986818407,-0.18680749761015225,0.19290289115011289,-0.071052536523352666,-0.1966327052942699,0.022943449536534259,0.0098252076841176539,-0.12609074876157339,-0.18665210429551776,-0.039096620434853999,-0.18130401116716932,0.010559967631502198,0.087158364276959721,-0.040108157029643939,-0.18085547572924743
263,0.6875,0.125,0.10628528282913839,-0.094115359715981062,0.14196570811480655,0.11277480919037246,-0.099457296349404173,-0.0064895263612340659,0.0053419366334231111,0.024914775722738848,-0.16480377878898289,0.10017640809471322,-0.09973403430716643,0.0082998707630016922,0.099490627469240048,0.098950809988795851,-0.1015552084854985
264,0.625,0.1875,0.049730880466032544,-0.28207681459292822,0.28642711080276606,0.01184368650215728,-0.22307203283112381,0.037887193963875264,-0.059004781761804403,-0.082660437785473551,-0.23904633323904179,0.092579165859367943,-0.31296525945338494,0.052821128225798007,0.19019181459327489,0.09035572080893968,-0.31333256939099724
265,0.0625,0.375,0.090114932178431334,0.039171783846983409,0.098260519290700218,0.074167165585833889,0.041490615287261758,0.015947766592597445,-0.0023188314402783489,-0.0070562416773160622,0.10459906181980777,0.04236947745866787,0.023146551029050614,0.05036304729924445,0.095275459727190925,0.042052005913623826,0.023230409534974676
266,0.125,0.4375,0.066061764267629788,0.19699295174731296,0.20777482940979897,0.010527957443810972,0.20421669299443854,0.055533806823818817,-0.0072237412471255757,-0.028038617562804187,0.23938979495225737,0.10021069788698357,0.1560689149822469,0.053300341954695844,0.15293873267526464,0.099915412168133516,0.15607107682117244
267,0.125,0.3125,0.065083326742891009,0.13414487308085396,0.14909958549171198,0.033869807418793876,0.14244646560386359,0.031213519324097133,-0.0083015925230096321,-0.013660126409881245,0.17580052764901957,0.076376256263070125,0.11894897148432776,0.018932661790647412,0.10648309557473076,0.076061201090874775,0.11883955757392581
268,0.1875,0.375,-0.028293949872505719,0.30236160376268617,0.30368254317515769,-0.029769400723229054,0.30517254331104038,0.0014754508507233352,-0.0028109395483542077,-0.034642502295369366,0.31059126078146915,0.023086584892968776,0.32555362872178317,0.056372239395730162,0.059636565645416605,0.023151180603883364,0.32529205993740978
269,0.0625,0.625,0.090114932178431334,0.039171783846983201,0.098260519290700135,0.074167165585833833,0.041490615287261556,0.015947766592597501,-0.0023188314402783558,-0.0070562416773160084,0.10459906181980773,0.04236947745866787,0.023146551029050614,0.05036304729924438,0.095275459727190856,0.042052005913623694,0.023230409534974458
270,0.125,0.5625,0.066061764267629691,0.19699295174731299,0.20777482940979897,0.010527957443810819,0.20421669299443834,0.055533806823818872,-0.0072237412471253537,-0.028038617562804125,0.23938979495225735,0.10021069788698357,0.1560689149822469,0.053300341954695928,0.15293873267526456,0.099915412168133544,0.15607107682117227
271,0.125,0.6875,0.065083326742891315,0.13414487308085399,0.14909958549171215,0.033869807418793897,0.1424464656038632,0.031213519324097418,-0.0083015925230092158,-0.013660126409881188,0.17580052764901968,0.076376256263070125,0.11894897148432776,0.018932661790647252,0.10648309557473078,0.076061201090874664,0.11883955757392599
272,0.1875,0.625,-0.028293949872505535,0.30236160376268584,0.3036825431751573,-0.029769400723229124,0.30517254331103999,0.0014754508507235885,-0.0028109395483541522,-0.034642502295369304,0.31059126078146926,0.023086584892968776,0.32555362872178317,0.056372239395730134,0.059636565645416514,0.023151180603883728,0.32529205993741001
273,0.9375,0.375,0.019866539387204458,0.093415684573864372,0.09550481407566358,0.033345562307632741,0.076465613991416964,-0.013479022920428282,0.016950070582447407,0.16370223887810453,-0.11205972705596008,0.016735470738790687,0.045286415886136203,0.048231007612288289,0.21530684995157359,0.020149497006988079,0.042129699879207255
274,0.875,0.4375,0.18900256011067412,0.090262920331598676,0.20945014326845784,0.20142029521483712,0.035785779857549355,-0.012417735104162997,0.054477140474049321,0.20185584489747477,-0.17227337401652532,0.13982740814870856,0.12185231276076204,0.058447286374356928,0.30059515396577274,0.14109165292242176,0.1167506978870067
275,0.875,0.3125,0.12514417658804058,0.081030731274199089,0.14908737151325108,0.13740672883430111,0.050597116303879038,-0.012262552246260522,0.030433614970320051,0.16361303947814743,-0.13589217827430677,0.10657039799693711,0.092870558352558627,0.022026501229128276,0.23576736970192988,0.1081857611011576,0.088631065719559879
276,0.8125,0.375,0.30374529527167343,0.010168679835382411,0.30391545937854264,0.30548146174150542,0.009917282170011428,-0.0017361664698319901,0.0002513976653709827,0.20176664549751769,-0.19610582523487197,0.31873006841161045,0.070208967135765715,0.061881980617688272,0.29086768630289062,0.31757198483481486,0.065053151984425836
277,0.9375,0.625,0.019866539387204046,0.093415684573864163,0.095504814075663289,0.033345562307632491,0.076465613991417061,-0.013479022920428445,0.016950070582447102,0.16370223887810431,-0.11205972705595973,0.016735470738790687,0.045286415886136203,0.048231007612288053,0.21530684995157318,0.020149497006987253,0.042129699879207123
278,0.875,0.5625,0.18900256011067398,0.090262920331598606,0.20945014326845768,0.20142029521483698,0.035785779857549438,-0.012417735104162997,0.054477140474049168,0.20185584489747471,-0.17227337401652501,0.13982740814870856,0.12185231276076204,0.058447286374356852,0.30059515396577247,0.14109165292242123,0.11675069788700695
279,0.875,0.6875,0.12514417658804045,0.08103073127419913,0.14908737151325099,0.13740672883430111,0.050597116303879391,-0.012262552246260661,0.030433614970319739,0.16361303947814737,-0.13589217827430622,0.10657039799693711,0.092870558352558627,0.022026501229128137,0.23576736970192932,0.10818576110115649,0.088631065719560226
280,0.8125,0.625,0.30374529527167371,0.010168679835382475,0.30391545937854292,0.30548146174150559,0.009917282170011768,-0.0017361664698318791,0.00025139766537070687,0.20176664549751777,-0.19610582523487147,0.31873006841161045,0.070208967135765715,0.06188198061768814,0.29086768630289012,0.31757198483481436,0.06505315198442678
281,0.625,0.9375,0.044463655869973313,-0.072052605932180047,0.08466755408621085,0.029878586164863063,-0.073017968812550141,0.014585069705110251,0.00096536288037009366,-0.01851553525336053,-0.11240954984545919,0.013695142878604726,-0.046296636013814341,0.040125694737110494,0.073542131877118985,0.0128466063727016,-0.047042522769692063
282,0.5625,0.875,-0.048109086986817887,-0.18680749761015297,0.19290289115011344,-0.071052536523352389,-0.19663270529427024,0.022943449536534502,0.0098252076841172653,-0.12609074876157317,-0.18665210429551846,-0.039096620434853999,-0.18130401116716932,0.01055996763150213,0.087158364276959541,-0.040108157029645576,-0.18085547572924829
283,0.6875,0.875,0.10628528282913915,-0.094115359715980645,0.14196570811480685,0.11277480919037328,-0.09945729634940359,-0.0064895263612341214,0.0053419366334229446,0.024914775722739438,-0.16480377878898272,0.10017640809471322,-0.09973403430716643,0.008299870763002537,0.099490627469239507,0.098950809988795532,-0.10155520848549875
284,0.625,0.8125,0.049730880466033099,-0.2820768145929286,0.2864271108027665,0.011843686502157828,-0.2230720328311237,0.037887193963875271,-0.059004781761804903,-0.082660437785473218,-0.23904633323904195,0.092579165859367943,-0.31296525945338494,0.052821128225797327,0.1901918145932745,0.090355720808938847,-0.31333256939099685
285,0.375,0.9375,-0.085172197234234207,0.016909152827740699,0.086834455321946849,-0.075523976436685472,0.019657582757533574,-0.0096482207975487344,-0.0027484299297928748,-0.048682889517808192,0.0018568677103526364,-0.047796602383039045,0.0068132404403980044,0.038715146098311261,0.0050349911146291689,-0.047062016683280958,0.0069288912733574959
286,0.4375,0.875,-0.17961765366616045,-0.073612894457327882,0.19411687134023786,-0.18443156403218353,-0.097155092640991106,0.0048139103660230775,0.023542198183663224,-0.15424549527073103,-0.093828252365438305,-0.17368605899906289,-0.065060303596787411,0.010408199927102697,0.034720748759654578,-0.17310988229334359,-0.064275562996394656
287,0.3125,0.875,-0.10557903084760395,0.092165647527275657,0.14014791592757034,-0.11252802364842392,0.098281516460378221,0.006948992800819967,-0.006115868933102564,-0.066165309734211059,0.080235055230143015,-0.11324836007542062,0.084599050102051696,0.010773671955282884,0.0472848610093645,-0.11257491111427925,0.084302332343617753
288,0.375,0.8125,-0.28370552066086824,0.01385529597386412,0.28404364397039006,-0.22143561124392197,-0.018531158938146455,-0.062269909416946267,0.032386454912010573,-0.1717279154871339,-0.015450064845647912,-0.32310503210934394,0.04605750537709051,0.050885202100687484,0.16339587703353864,-0.32204081419421171,0.046581671747247144
289,0.03125,0.03125,-0.0042660768585989261,1.5805415422560198e-05,0.0042661061372907686,0.0038905203971222211,0.00082585391853997638,-0.0081565972557211472,-0.00081004850311741617,-0.030295745300181743,-9.3307074828888684e-05,0.00020833941377015698,5.319778617813631e-05,0.0044745725123001377,0.030504436528319166,0.00011571373568145877,-2.128483135960953e-05
290,0.96875,0.03125,0.0044034891405029556,-0.0014034033142069685,0.0046217158580828576,0.0022294277188379761,0.0054458578316449839,0.0021740614216649795,-0.0068492611458519526,0.092720863271791978,0.037406940420999832,2.2318276710221944e-05,0.000213862596797648,0.0046701399512909629,0.09988165638515592,0.0017907564945395607,0.0016399262220492248
291,0.96875,0.96875,0.0044034891405024491,-0.0014034033142068098,0.0046217158580823267,0.0022294277188374774,0.0054458578316451661,0.0021740614216649717,-0.006849261145851976,0.092720863271791465,0.037406940420999998,2.2318276710221944e-05,0.000213862596797648,0.0046701399512904329,0.099881656385155504,0.0017907564945394742,0.0016399262220487317
292,0.03125,0.96875,-0.004266076858598907,1.5805415422863429e-05,0.0042661061372907504,0.0038905203971223894,0.0008258539185403372,-0.0081565972557212964,-0.00081004850311747374,-0.030295745300181733,-9.3307074828827968e-05,0.00020833941377015698,5.319778617813631e-05,0.004474572512300116,0.030504436528319155,0.00011571373568149525,-2.1284831360275769e-05
293,0.46875,0.46875,-0.77018781212807896,-0.60198580692087034,0.97753576798233244,-0.77690861415115664,-0.6153922423838466,0.0067208020230776766,0.013406435462976263,-0.6621382321153102,-0.45192035936630681,-0.80781304638846685,-0.56268286500082798,0.054409369567375881,0.18300132285848653,-0.80772112744378077,-0.55915416457630962
294,0.53125,0.46875,-0.48908382727024452,-0.84672209850551783,0.97782478092698089,-0.50144507726987508,-0.85498208403595721,0.012361249999630564,0.0082599855304393843,-0.54515575627092649,-0.62089326641253217,-0.43915810716167925,-0.88108687505553407,0.060609532218054159,0.28095589617474614,-0.44124698084452207,-0.8775940091687604
295,0.53125,0.53125,-0.48908382727024441,-0.84672209850551794,0.977824780926981,-0.50144507726987508,-0.85498208403595688,0.012361249999630675,0.0082599855304389402,-0.54515575627092638,-0.62089326641253217,-0.43915810716167925,-0.88108687505553407,0.060609532218054006,0.28095589617474609,-0.44124698084452119,-0.87759400916875929
296,0.46875,0.53125,-0.77018781212807963,-0.60198580692087111,0.97753576798233344,-0.77690861415115697,-0.61539224238384671,0.0067208020230773435,0.013406435462975597,-0.66213823211531031,-0.4519203593663067,-0.80781304638846685,-0.56268286500082798,0.054409369567375986,0.1830013228584865,-0.80772112744377955,-0.5591541645763084
297,0.46875,0.03125,-0.035338563544099914,0.0014501474507121223,0.03536830503415727,-0.027422597266886593,0.026462252685792231,-0.0079159662772133217,-0.025012105235080108,-0.026270165787840291,-0.0070493097284276048,-0.011938613419135973,-0.0083158513381898606,0.025356111653714476,0.014387408416604205,-0.011753578566622463,-0.0077334498291773569
298,0.53125,0.03125,0.015689105875478546,-0.021458039061583733,0.026581863808627655,0.029266916487528775,-0.02327655364084744,-0.013577810612050229,0.0018185145792637067,-0.012192792533261658,-0.053461235693467619,-0.0064902874430199731,-0.013021522290324772,0.023729734579391957,0.040839796576777457,-0.0068380996800667549,-0.012686425442277445
299,0.03125,0.46875,0.012713387520374882,-0.0096028270183121343,0.015932498516769093,0.055791157685659218,-0.015207440915312925,-0.043077770165284336,0.005604613897000791,-0.024794587901172966,0.063041677301686028,0.014097055546726803,0.003599569246860888,0.013274705433635927,0.071034668578660046,0.013802773232748386,0.0037228682888732416
300,0.03125,0.53125,0.012713387520375036,-0.0096028270183121014,0.015932498516769193,0.055791157685659142,-0.015207440915313022,-0.043077770165284107,0.0056046138970009211,-0.024794587901172935,0.063041677301686028,0.014097055546726803,0.003599569246860888,0.013274705433635878,0.071034668578660032,0.013802773232748353,0.0037228682888731453
301,0.96875,0.46875,-0.0032605801679363089,0.0087853101271101203,0.0093708621300840414,-0.019031986497748586,0.050441751283194537,0.015771406329812276,-0.041656441156084419,0.17142554102702517,-0.12690269361032303,0.0015101414600230821,0.014470775605376754,0.0074218799879842536,0.22103778140421237,0.0056940351277999608,0.012021158821598063
302,0.96875,0.53125,-0.0032605801679363362,0.0087853101271102019,0.0093708621300841264,-0.019031986497748649,0.050441751283194579,0.015771406329812311,-0.041656441156084377,0.17142554102702512,-0.12690269361032289,0.0015101414600230821,0.014470775605376754,0.0074218799879842085,0.22103778140421226,0.0056940351277997717,0.012021158821597983
303,0.53125,0.96875,0.015689105875478837,-0.021458039061584222,0.026581863808628221,0.029266916487528938,-0.023276553640848074,-0.013577810612050101,0.0018185145792638524,-0.012192792533261412,-0.053461235693468556,-0.0064902874430199731,-0.013021522290324772,0.023729734579392404,0.040839796576778352,-0.0068380996800679779,-0.012686425442279487
304,0.46875,0.96875,-0.035338563544099824,0.0014501474507115117,0.035368305034157152,-0.027422597266886645,0.026462252685791492,-0.0079159662772131795,-0.02501210523507998,-0.026270165787840336,-0.0070493097284284826,-0.011938613419135973,-0.0083158513381898606,0.025356111653714156,0.014387408416604172,-0.011753578566624354,-0.0077334498291793691
305,0.21875,0.21875,-0.038185193965994978,0.25867686218265029,0.26148007202630663,-0.088816628963514985,0.25995785027939167,0.050631434997520007,-0.0012809880967413756,-0.056755712245516801,0.24237121571954739,-0.038923533758355049,0.21487269427273736,0.043810389999734398,0.032774308098854898,-0.038796977859520146,0.21440792846579371
306,0.28125,0.28125,-0.2588846009944768,0.28990436082401888,0.38867180892991504,-0.3058139091693835,0.29079376494636461,0.046929308174906703,-0.00088940412234572719,-0.18549463378905842,0.24908446295128978,-0.26853519695262396,0.33261511087369688,0.043787465925233394,0.11778414270545612,-0.26760517192109728,0.33245565896006596
307,0.28125,0.21875,-0.15484531756817199,0.23297111927236433,0.27973668831207366,-0.13843473890210217,0.26233405379432606,-0.016410578666069819,-0.029362934521961731,-0.078717426437048793,0.22808525283094222,-0.19192724233177225,0.23772638265786755,0.03738558109804925,0.11361960129861752,-0.19120395090925113,0.23742520305364698
308,0.21875,0.28125,-0.085078886470092638,0.31099458999896995,0.32242216414449293,-0.065100916815460833,0.2876601100344926,-0.019977969654631805,0.02333447996447735,-0.044606242098868515,0.27664607478932141,-0.054459901975894058,0.30063934944955178,0.032322642501693567,0.025937845745037429,-0.054210495918297893,0.30024358664952977
309,0.78125,0.21875,0.26130264497113992,-0.0039440094228822614,0.26133240801561786,0.26946982155641841,-0.05383073547435635,-0.0081671765852784906,0.049886726051474088,0.15805460768747917,-0.18453015185568927,0.21824944753070877,-0.0072453348303210003,0.043179584982842856,0.18722533239780981,0.21754062322333442,-0.010954617082610873
310,0.71875,0.28125,0.3216893579447106,-0.21777985677802833,0.38847407768490638,0.32935043842364342,-0.26398586042484162,-0.0076610804789328246,0.046206003646813293,0.11422603563283326,-0.31220569348487742,0.36814738312985196,-0.21728200173633394,0.046460692673977316,0.27108404226341731,0.36505708203127191,-0.22018417224139397
311,0.71875,0.21875,0.25118871116580466,-0.12269777805128038,0.27955413314036209,0.27795558556405858,-0.10259453625140924,-0.026766874398253926,-0.020103241799871135,0.11809814039503783,-0.21064392252403963,0.2631219773705738,-0.15529560323870398,0.034713413103060232,0.15522676875725491,0.26094849130088649,-0.1580182929052375
312,0.78125,0.28125,0.31896168026594635,-0.043689507568470475,0.32193994245767521,0.29315151308225645,-0.02716374177941925,0.025810167183689892,-0.016525765789051225,0.17115794282715385,-0.19840004726536306,0.30536393721610905,-0.010137317621042434,0.036202873730101726,0.23120143663709972,0.30390692662763658,-0.014362107477552052
313,0.78125,0.78125,0.26130264497114086,-0.0039440094228816351,0.2613324080156188,0.26946982155641919,-0.053830735474355393,-0.008167176585278324,0.049886726051473755,0.15805460768747967,-0.18453015185568847,0.21824944753070877,-0.0072453348303210003,0.043179584982843841,0.18722533239780889,0.21754062322333378,-0.010954617082609976
314,0.71875,0.71875,0.32168935794471132,-0.21777985677802802,0.38847407768490677,0.3293504384236442,-0.26398586042484062,-0.0076610804789328801,0.046206003646812599,0.11422603563283384,-0.31220569348487681,0.36814738312985196,-0.21728200173633394,0.046460692673976595,0.27108404226341654,0.36505708203127157,-0.22018417224139245
315,0.78125,0.71875,0.31896168026594701,-0.043689507568470072,0.32193994245767582,0.29315151308225718,-0.027163741779418431,0.025810167183689836,-0.016525765789051641,0.17115794282715435,-0.19840004726536231,0.30536393721610905,-0.010137317621042434,0.036202873730101608,0.2312014366370988,0.30390692662763585,-0.014362107477550876
316,0.71875,0.78125,0.25118871116580543,-0.12269777805128007,0.27955413314036265,0.27795558556405953,-0.10259453625140844,-0.026766874398254092,-0.020103241799871635,0.11809814039503849,-0.21064392252403913,0.2631219773705738,-0.15529560323870398,0.034713413103060253,0.15522676875725414,0.26094849130088604,-0.15801829290523645
317,0.21875,0.78125,-0.038185193965994499,0.25867686218265051,0.2614800720263068,-0.088816628963514541,0.25995785027939111,0.050631434997520042,-0.0012809880967405984,-0.05675571224551678,0.24237121571954792,-0.038923533758355049,0.21487269427273736,0.043810389999734627,0.032774308098855329,-0.038796977859521214,0.21440792846579482
318,0.28125,0.71875,-0.25888460099447708,0.28990436082401844,0.38867180892991487,-0.30581390916938356,0.29079376494636389,0.046929308174906481,-0.00088940412234544963,-0.18549463378905851,0.24908446295129039,-0.26853519695262396,0.33261511087369688,0.043787465925233769,0.11778414270545563,-0.26760517192109751,0.33245565896006751
319,0.21875,0.71875,-0.085078886470092582,0.31099458999896951,0.32242216414449248,-0.065100916815460666,0.28766011003449193,-0.019977969654631916,0.023334479964477572,-0.044606242098868466,0.27664607478932191,-0.054459901975894058,0.30063934944955178,0.032322642501693373,0.025937845745036985,-0.054210495918298095,0.30024358664953094
320,0.28125,0.78125,-0.15484531756817183,0.232971119272364,0.27973668831207327,-0.13843473890210198,0.26233405379432539,-0.016410578666069847,-0.029362934521961398,-0.078717426437048918,0.22808525283094266,-0.19192724233177225,0.23772638265786755,0.037385581098049459,0.11361960129861735,-0.19120395090925277,0.23742520305364875
321,0.21875,0.03125,0.016456791424467931,0.012791119824889256,0.020843193861860908,0.021098424735309609,-0.0032455703034422381,-0.004641633310841678,0.016036690128331494,0.008909040022932007,0.022926771976089447,-0.0012214046021805454,0.0067426174431379788,0.01868429810880411,0.019093264944710878,-0.0012551199673198564,0.0061997712456992246
322,0.28125,0.03125,-0.019263333503019689,0.00034304846375553472,0.019266387826913634,-0.028519685203277592,-0.00086936678850784224,0.0092563517002579032,0.001212415252263377,-0.013052674168599981,0.0086408090874842778,-0.0060225985267210822,0.0074597568566272887,0.015032118981093402,0.0071285936833677989,-0.0056543246588156154,0.0069949693913485527
323,0.03125,0.21875,-0.0014521998191579248,-0.017547139117278978,0.017607128542607518,0.020288985417114991,-0.022707060313985825,-0.021741185236272914,0.0051599211967068466,-0.038242516033161436,0.018258257482444289,0.0066393283524568761,0.0016952988571336362,0.020874487954226629,0.047840480284781953,0.0064059130000332963,0.0016221239484180165
324,0.03125,0.28125,0.012604280070664544,0.0080259295004564725,0.014942671128216966,0.04400469756516915,0.0049951994411151085,-0.031400417494504604,0.003030730059341364,-0.026093045886513146,0.052533116552218304,0.0092894230391648881,0.0023719791258553203,0.0065540393634563425,0.06138451608657549,0.0090363273329484069,0.0023454033954258451
325,0.78125,0.03125,0.00086492809291121848,0.012541015269596648,0.012570806044091339,-0.0042453301783507815,0.018561810911491367,0.0051102582712620002,-0.0060207956418947186,0.047018989644288689,-0.075985043086400889,0.0068485785821064855,-0.00022735564969595041,0.014100899585114549,0.085748989094112202,0.0082172834585243458,-0.0019329470069093053
326,0.71875,0.03125,0.014127340530566216,-0.018854228220879364,0.023559789308726483,0.0042404338292894236,-0.030201989865561531,0.0098869067012767927,0.011347761644682167,0.0070625223518473584,-0.10209881375475124,0.0082566602531631474,-0.004873112643670025,0.015163656541308728,0.097233034108108851,0.0086280380851049138,-0.006657203205445111
327,0.96875,0.21875,-0.0048402466219537249,-0.0072112895900422374,0.0086850840475372476,-0.021525136355751952,0.016140282039401051,0.016684889733798228,-0.023351571629443287,0.1447549663178182,-0.062713493094431874,0.00071123540504739542,0.0068153402985722889,0.015085267605458341,0.15994641317723526,0.0041243856076901911,0.0060694963637010959
328,0.96875,0.28125,0.0054493929302570285,0.016102403048645193,0.016999507853151317,0.0021565551700860955,0.042807275734338152,0.003292837760170933,-0.026704872685692958,0.15785830145749291,-0.076583388504105676,0.00099512574272247675,0.009535690333176295,0.0079348731600100506,0.17894846083469099,0.004730596544609807,0.0081624253840997807
329,0.96875,0.78125,-0.0048402466219541881,-0.0072112895900420942,0.0086850840475373864,-0.02152513635575232,0.016140282039401273,0.016684889733798131,-0.023351571629443367,0.1447549663178177,-0.062713493094431541,0.00071123540504739542,0.0068153402985722889,0.015085267605458377,0.15994641317723465,0.0041243856076893575,0.0060694963637006397
330,0.96875,0.71875,0.0054493929302564959,0.016102403048645277,0.016999507853151224,0.0021565551700856514,0.042807275734338235,0.0032928377601708445,-0.026704872685692958,0.15785830145749238,-0.076583388504105371,0.00099512574272247675,0.009535690333176295,0.0079348731600098199,0.17894846083469038,0.0047305965446088919,0.0081624253840993609
331,0.78125,0.96875,0.00086492809291186131,0.012541015269597552,0.012570806044092284,-0.0042453301783501665,0.018561810911492314,0.0051102582712620279,-0.006020795641894762,0.047018989644289078,-0.075985043086400098,0.0068485785821064855,-0.00022735564969595041,0.014100899585115095,0.085748989094111674,0.00821728345852424,-0.0019329470069096024
332,0.71875,0.96875,0.014127340530567111,-0.018854228220878344,0.023559789308726205,0.0042404338292902008,-0.030201989865560722,0.0098869067012769107,0.011347761644682378,0.0070625223518478997,-0.10209881375475076,0.0082566602531631474,-0.004873112643670025,0.015163656541308135,0.097233034108108365,0.0086280380851049311,-0.0066572032054457381
333,0.03125,0.78125,-0.0014521998191575113,-0.017547139117278846,0.017607128542607355,0.020288985417115494,-0.022707060313985842,-0.021741185236273004,0.0051599211967069958,-0.03824251603316145,0.018258257482444223,0.0066393283524568761,0.0016952988571336362,0.020874487954226344,0.047840480284781939,0.0064059130000330032,0.0016221239484176446
334,0.03125,0.71875,0.012604280070664864,0.0080259295004563424,0.014942671128217165,0.044004697565169365,0.0049951994411149905,-0.0314004174945045,0.0030307300593413519,-0.026093045886513136,0.052533116552218193,0.0092894230391648881,0.0023719791258553203,0.0065540393634563919,0.061384516086575386,0.0090363273329481745,0.0023454033954255532
335,0.21875,0.96875,0.016456791424468001,0.012791119824889681,0.020843193861861224,0.021098424735309942,-0.0032455703034417411,-0.0046416333108419416,0.016036690128331421,0.0089090400229316757,0.02292677197608959,-0.0012214046021805454,0.0067426174431379788,0.018684298108804311,0.019093264944710826,-0.0012551199673213069,0.0061997712456985177
336,0.28125,0.96875,-0.019263333503019488,0.00034304846375588231,0.01926638782691344,-0.028519685203277502,-0.0008693667885074207,0.0092563517002580142,0.001212415252263303,-0.013052674168600464,0.0086408090874843316,-0.0060225985267210822,0.0074597568566272887,0.01503211898109306,0.0071285936833682837,-0.0056543246588176901,0.0069949693913476428
337,0.46875,0.28125,-0.4999518882689773,-0.37300334037981558,0.62376548679629307,-0.52262161825705278,-0.32284768183204227,0.022669729988075482,-0.050155658547773319,-0.43651769877937813,-0.25741534101954033,-0.53231805036062152,-0.37078659104068401,0.032441985546127226,0.14842758400798187,-0.53216798229996731,-0.36850302776938526
338,0.53125,0.28125,-0.29995258940814656,-0.54732782441600525,0.62413083826438953,-0.24715808137577125,-0.56243752348415288,-0.052794508032375315,0.015109699068147631,-0.31953522293499442,-0.4263882480657657,-0.28938847725906641,-0.58060271448296163,0.034911585103893174,0.15713347169584696,-0.29082624103147714,-0.57841867406756975
339,0.46875,0.21875,-0.37857756983546759,-0.29983982787258739,0.48293363805101752,-0.35524244798977145,-0.35130739298408081,-0.023335121845696138,0.051467565111493419,-0.3297404914273685,-0.27841455113988789,-0.38045789382001993,-0.26500826975240838,0.034882274286036623,0.052459348891293008,-0.38027022328929982,-0.26332538560361701
340,0.53125,0.21875,-0.24432869806214899,-0.41741389910797555,0.4836640113397605,-0.29855293423535612,-0.4010461993107205,0.054224236173207124,-0.016367699797255053,-0.31566311817278986,-0.3248264771049279,-0.20683148068937218,-0.41496786695233728,0.037576912912155133,0.14131452678668488,-0.20792565379675312,-0.41340878432506661
341,0.28125,0.46875,-0.35964457239243652,0.46393245694983876,0.5870072768397786,-0.38762591921482231,0.49630708747451741,0.027981346822385789,-0.032374630524678649,-0.22992856523316743,0.42934370411153544,-0.40751245494280786,0.50475618064743955,0.062911927298360495,0.19293283676368836,-0.40618837896644139,0.50490120536651451
342,0.28125,0.53125,-0.35964457239243652,0.4639324569498387,0.5870072768397786,-0.38762591921482259,0.49630708747451724,0.027981346822386066,-0.032374630524678538,-0.22992856523316751,0.42934370411153555,-0.40751245494280786,0.50475618064743955,0.062911927298360537,0.19293283676368825,-0.406188378966441,0.50490120536651506
343,0.21875,0.46875,-0.1149922953910025,0.50583683139499902,0.51874283416257838,-0.14691292686089963,0.4931734325626454,0.031920631469897126,0.012663398832353623,-0.089040173542977524,0.45690531594956707,-0.082644988820801221,0.45623173698235908,0.059220044191418068,0.006430559560086679,-0.082172228047524332,0.45600462925912499
344,0.21875,0.53125,-0.1149922953910026,0.50583683139499869,0.51874283416257805,-0.14691292686089971,0.49317343256264529,0.031920631469897112,0.012663398832353401,-0.089040173542977497,0.45690531594956707,-0.082644988820801221,0.45623173698235908,0.059220044191417846,0.0064305595600866513,-0.082172228047524276,0.4560046292591256
345,0.71875,0.46875,0.50642166264220301,-0.29278271659382055,0.58496548575907514,0.54257967923308614,-0.31605434531268706,-0.036158016590883135,0.023271628718866511,0.21538721232128305,-0.3710299756053157,0.55867776582927542,-0.32973376655009717,0.064000628224801126,0.34576550002878553,0.55384212218232098,-0.33283930872748535
346,0.71875,0.53125,0.50642166264220279,-0.29278271659382044,0.58496548575907492,0.54257967923308614,-0.31605434531268684,-0.036158016590883357,0.023271628718866399,0.21538721232128311,-0.3710299756053157,0.55867776582927542,-0.32973376655009717,0.064000628224801376,0.34576550002878548,0.55384212218232098,-0.3328393087274848
347,0.78125,0.46875,0.51405862665998481,-0.046259308026572028,0.51613583020620346,0.50638075389169912,-0.079232226667264677,0.0076778727682856873,0.032972918640692649,0.27231911951560367,-0.25722432938580131,0.46340148002234571,-0.015383768076461161,0.059324914434646783,0.30821960611104099,0.46051141171186039,-0.020434827230973687
348,0.78125,0.53125,0.51405862665998492,-0.046259308026572209,0.51613583020620357,0.50638075389169912,-0.079232226667264649,0.0076778727682857983,0.03297291864069244,0.27231911951560361,-0.2572243293858012,0.46340148002234571,-0.015383768076461161,0.059324914434646971,0.30821960611104093,0.46051141171186027,-0.020434827230973316
349,0.53125,0.71875,-0.29995258940814656,-0.5473278244160058,0.62413083826439009,-0.24715808137577153,-0.56243752348415321,-0.052794508032375037,0.015109699068147409,-0.3195352229349947,-0.42638824806576625,-0.28938847725906641,-0.58060271448296163,0.034911585103892646,0.15713347169584646,-0.29082624103147758,-0.57841867406756742
350,0.46875,0.71875,-0.49995188826897846,-0.37300334037981675,0.62376548679629473,-0.52262161825705333,-0.32284768183204299,0.022669729988074871,-0.050155658547773763,-0.43651769877937852,-0.25741534101954078,-0.53231805036062152,-0.37078659104068401,0.032441985546126144,0.14842758400798128,-0.53216798229996753,-0.3685030277693826
351,0.53125,0.78125,-0.24432869806214902,-0.41741389910797644,0.48366401133976128,-0.29855293423535617,-0.401046199310721,0.054224236173207152,-0.016367699797255442,-0.31566311817279002,-0.32482647710492857,-0.20683148068937218,-0.41496786695233728,0.037576912912155223,0.1413145267866846,-0.20792565379675451,-0.41340878432506534
352,0.46875,0.78125,-0.37857756983546775,-0.29983982787258801,0.48293363805101802,-0.35524244798977173,-0.35130739298408142,-0.023335121845696027,0.051467565111493419,-0.329740491427369,-0.2784145511398885,-0.38045789382001993,-0.26500826975240838,0.03488227428603722,0.052459348891292681,-0.38027022328930193,-0.26332538560361557
353,0.09375,0.09375,0.018823139411405614,0.0023965097747519564,0.018975084621726802,0.019858702075345191,0.01619198351656622,-0.0010355626639395772,-0.013795473741814264,-0.022684562987297398,0.040717534526005655,0.0097598602120162782,0.0090922512230633672,0.011268362054385667,0.045307826484256818,0.0094485577971861225,0.0089568257263817185
354,0.15625,0.15625,0.013877625979192164,0.0925013887796165,0.093536599408873697,-0.01104368104486721,0.10256931563685012,0.024921307024059376,-0.010067926857233622,-0.031504551969075749,0.12153904212413108,0.02438540564525523,0.073389577314803625,0.021809969531777922,0.073770307872181043,0.024071480630778606,0.073053694376511477
355,0.15625,0.09375,0.018105436230875755,0.02802589039201921,0.033365511435849191,0.02559467018807432,0.014834842109238813,-0.0074892339571985649,0.013191048282780397,-0.0096163012129261496,0.048390894209645104,0.010127469702547975,0.03047932568975301,0.0083466936380392296,0.026657846439754121,0.0097965785529979289,0.030132443741287426
356,0.09375,0.15625,0.016382095630158668,0.018288863103652828,0.024553117334868448,0.025324857082009447,0.0083476787723909523,-0.0089427614518507795,0.009941184331261876,-0.025333486564957295,0.046834722711763387,0.023500257942131942,0.021892757106662688,0.0079784889975813809,0.054834626385429984,0.023163706808329052,0.021759758246370359
357,0.90625,0.09375,0.0011558832995904604,0.01734876259699061,0.017387226053888313,0.015533377337751675,0.021468512728528209,-0.014377494038161215,-0.0041197501315375987,0.10384664348466179,-0.039006698136170956,0.0075754337370935619,0.01097892104700186,0.0090435341096061182,0.10847445759894561,0.010090146977889477,0.010283735382722278
358,0.84375,0.15625,0.092037090797310872,0.025302568885005299,0.095451799745279203,0.10461350861694516,0.0017096482931944317,-0.012576417819634284,0.023592920591810868,0.12562455828989086,-0.11298572889506733,0.069060506186783832,0.03480408815289341,0.024863674482319725,0.15824450073665344,0.070585128906535982,0.03201585469013149
359,0.84375,0.09375,0.022247220102866654,0.019517897144667447,0.02959539003384162,0.013375124705355422,0.025840497088477,0.0088720953975112322,-0.006322599943809553,0.08861268560882736,-0.076804025971971196,0.028681425038560596,0.014454438585967091,0.0081876495852096758,0.10917812668760025,0.030549251456949623,0.012561436979511427
360,0.90625,0.15625,0.022752272182781599,0.01691251722761053,0.028349587800417846,0.0076151893128883642,0.025033320797780232,0.015137082869893235,-0.0081208035701697025,0.12119134450000386,-0.072380175974648187,0.01824049145970804,0.026435570892008046,0.010537775685033968,0.14270049043552607,0.020865393057479361,0.024818806590776749
361,0.90625,0.90625,0.0011558832995902781,0.017348762596991262,0.017387226053888951,0.015533377337751548,0.021468512728528743,-0.01437749403816127,-0.0041197501315374807,0.10384664348466158,-0.039006698136170401,0.0075754337370935619,0.01097892104700186,0.009043534109606708,0.10847445759894517,0.010090146977888945,0.010283735382722026
362,0.84375,0.84375,0.092037090797311108,0.025302568885006049,0.095451799745279634,0.10461350861694546,0.0017096482931952262,-0.012576417819634353,0.023592920591810822,0.12562455828989097,-0.11298572889506657,0.069060506186783832,0.03480408815289341,0.024863674482319655,0.15824450073665278,0.070585128906535233,0.032015854690131781
363,0.90625,0.84375,0.022752272182781502,0.016912517227611123,0.02834958780041812,0.0076151893128882826,0.02503332079778078,0.01513708286989322,-0.0081208035701696574,0.12119134450000366,-0.07238017597464759,0.01824049145970804,0.026435570892008046,0.01053777568503339,0.14270049043552552,0.020865393057478556,0.024818806590776669
364,0.84375,0.90625,0.022247220102866918,0.019517897144668183,0.029595390033842303,0.013375124705355667,0.025840497088477795,0.0088720953975112513,-0.006322599943809612,0.088612685608827443,-0.076804025971970447,0.028681425038560596,0.014454438585967091,0.0081876495852099239,0.10917812668759967,0.03054925145694912,0.012561436979511413
365,0.09375,0.90625,0.018823139411406294,0.0023965097747521581,0.018975084621727503,0.019858702075345805,0.016191983516566359,-0.0010355626639395113,-0.013795473741814201,-0.022684562987297392,0.04071753452600578,0.0097598602120162782,0.0090922512230633672,0.011268362054386095,0.045307826484256901,0.0094485577971855621,0.0089568257263812224
366,0.15625,0.84375,0.013877625979192756,0.09250138877961657,0.093536599408873849,-0.011043681044866506,0.10256931563684996,0.024921307024059262,-0.010067926857233386,-0.031504551969075742,0.12153904212413137,0.02438540564525523,0.073389577314803625,0.021809969531777697,0.073770307872181223,0.024071480630777634,0.073053694376511713
367,0.09375,0.84375,0.016382095630159254,0.018288863103652866,0.024553117334868868,0.025324857082010176,0.0083476787723909662,-0.0089427614518509217,0.0099411843312619003,-0.025333486564957299,0.04683472271176347,0.023500257942131942,0.021892757106662688,0.0079784889975808397,0.054834626385430033,0.02316370680832848,0.02175975824637013
368,0.15625,0.90625,0.018105436230876314,0.028025890392019429,0.033365511435849676,0.025594670188074993,0.014834842109238999,-0.0074892339571986793,0.01319104828278043,-0.0096163012129262537,0.048390894209645256,0.010127469702547975,0.03047932568975301,0.0083466936380396997,0.026657846439754298,0.0097965785529968742,0.030132443741287224
369,0.40625,0.40625,-0.82907297312232608,-0.088386976159310876,0.83377110307114854,-0.81906708998973043,-0.10698494280563479,-0.01000588313259565,0.018597966646323918,-0.57660251604178459,-0.091989490286507297,-0.86153116067977453,-0.093763904321951141,0.03290053640870761,0.284934169731205,-0.86006848883741693,-0.091429904460804762
370,0.34375,0.34375,-0.63672619239008921,0.23288345562653887,0.67797857486806989,-0.66203552166247281,0.19507705963776895,0.025309329272383607,0.03780639598876992,-0.41772131659970063,0.14167878381935822,-0.61277653845251201,0.25302639804757654,0.031294153656984333,0.22459926706551292,-0.61116512255597366,0.25386845827697085
371,0.40625,0.34375,-0.73436874824478038,-0.052627322460819491,0.73625205837946606,-0.73430475802502926,-0.0094700892883666787,-6.3990219751119959e-05,-0.043157233172452812,-0.5013956715964738,-0.027154484170918466,-0.75353086044736761,-0.082009796891010095,0.035078716448943045,0.25803344510062048,-0.75218752123288235,-0.080010587271380385
372,0.34375,0.40625,-0.70054309069232656,0.25823579953047615,0.74662329864256283,-0.68930619167761908,0.26358150048048656,-0.01123689901470748,-0.0053457009500104125,-0.43253262708107032,0.20176519753944011,-0.70060313402015162,0.28929157096914593,0.03105582948259656,0.28199762895516045,-0.69882623553097145,0.29034060372504322
373,0.59375,0.40625,0.027128942320108956,-0.83302338756665983,0.83346502250810828,0.0073235206541141795,-0.82575446776196659,0.019805421665994777,-0.0072689198046932413,-0.22565508850863342,-0.59890821142518336,0.03258672102955313,-0.86600560979042029,0.033430739316664543,0.3715236902366188,0.028629373395690227,-0.86412435159023659
374,0.65625,0.34375,0.31802319198470297,-0.59852144495797155,0.6777659409521235,0.28425535921862033,-0.62875572655826151,0.033767832766082639,0.030234281600289958,-0.0058611578740468337,-0.49601235378263175,0.33949276058374589,-0.56944017218492848,0.0361477911071914,0.35307360919427611,0.33509368646767723,-0.57011327460053762
375,0.59375,0.34375,0.049425392186202038,-0.7343803212745692,0.73604166028024487,0.092085852618815439,-0.72823961424469852,-0.042660460432613401,-0.0061407070298706845,-0.15044824406332274,-0.53407320530959457,0.028501696812896205,-0.75744439908909533,0.031140852806392703,0.28621280815169947,0.024983980004398717,-0.75593485633837842
376,0.65625,0.40625,0.35169520415786421,-0.65791918855043741,0.7460208946742094,0.35533177282176792,-0.64611188818754328,-0.0036365686639037165,-0.011807300362894124,0.027859234355436427,-0.51562044782277783,0.38815078110331053,-0.6510555548964656,0.037096071993693504,0.38490604942769713,0.38316698492591211,-0.65155011761514547
377,0.59375,0.59375,0.02712894232010838,-0.83302338756665939,0.83346502250810772,0.007323520654114013,-0.82575446776196593,0.019805421665994367,-0.0072689198046934633,-0.22565508850863328,-0.59890821142518347,0.03258672102955313,-0.86600560979042029,0.033430739316665077,0.37152369023661863,0.028629373395690539,-0.8641243515902346
378,0.65625,0.65625,0.31802319198470286,-0.59852144495797122,0.67776594095212317,0.28425535921862044,-0.6287557265582604,0.033767832766082417,0.030234281600289181,-0.0058611578740465076,-0.4960123537826317,0.33949276058374589,-0.56944017218492848,0.036147791107191199,0.35307360919427577,0.33509368646767695,-0.57011327460053562
379,0.65625,0.59375,0.35169520415786426,-0.65791918855043707,0.74602089467420907,0.35533177282176776,-0.6461118881875425,-0.0036365686639034944,-0.011807300362894568,0.02785923435543658,-0.51562044782277794,0.38815078110331053,-0.6510555548964656,0.037096071993693393,0.38490604942769696,0.38316698492591195,-0.6515501176151437
380,0.59375,0.65625,0.04942539218620149,-0.73438032127456931,0.73604166028024487,0.092085852618815203,-0.72823961424469796,-0.042660460432613713,-0.0061407070298713506,-0.15044824406332269,-0.53407320530959479,0.028501696812896205,-0.75744439908909533,0.031140852806392252,0.28621280815169931,0.024983980004398779,-0.7559348563383762
381,0.40625,0.59375,-0.82907297312232664,-0.088386976159311001,0.8337711030711491,-0.81906708998973132,-0.10698494280563525,-0.010005883132595317,0.018597966646324252,-0.57660251604178481,-0.091989490286506978,-0.86153116067977453,-0.093763904321951141,0.032900536408707048,0.28493416973120478,-0.86006848883741527,-0.091429904460802985
382,0.34375,0.65625,-0.6367261923900901,0.23288345562653884,0.67797857486807067,-0.66203552166247359,0.19507705963776831,0.025309329272383496,0.03780639598877053,-0.41772131659970085,0.14167878381935872,-0.61277653845251201,0.25302639804757654,0.031294153656985034,0.22459926706551248,-0.61116512255597211,0.2538684582769728
383,0.34375,0.59375,-0.70054309069232767,0.25823579953047532,0.7466232986425636,-0.68930619167761997,0.26358150048048612,-0.011236899014707702,-0.005345700950010801,-0.43253262708107054,0.20176519753944044,-0.70060313402015162,0.28929157096914593,0.031055829482597393,0.28199762895516012,-0.69882623553096979,0.29034060372504461
384,0.40625,0.65625,-0.73436874824478116,-0.052627322460820344,0.73625205837946694,-0.73430475802503015,-0.009470089288367331,-6.3990219751008937e-05,-0.043157233172453013,-0.50139567159647425,-0.027154484170918328,-0.75353086044736761,-0.082009796891010095,0.0350787164489419,0.2580334451006201,-0.75218752123288024,-0.080010587271377762
385,0.40625,0.09375,-0.12575448882122048,-0.00235486193739838,0.12577653530540056,-0.12289396364889028,0.031073992478808696,-0.0028605251723301944,-0.033428854416207077,-0.079907274327268879,0.0003029659385256336,-0.10688471135709836,-0.011632693402823325,0.021027283663048828,0.029499865637171052,-0.10615497806248758,-0.011210905328106492
386,0.34375,0.15625,-0.18331529813733935,0.081298393696592419,0.20053410520115461,-0.15989801086062883,0.1096979261816533,-0.023417287276710524,-0.028399532485060885,-0.097389694543671704,0.078681153458315584,-0.20928866425473722,0.086419034583630039,0.026473320731679902,0.11216619021214662,-0.20836478262719199,0.08646334269475324
387,0.34375,0.09375,-0.10335615610360281,0.043421886197090524,0.11210689187300392,-0.12325965962768728,0.021963452654042002,0.019903503524084473,0.021458433543048522,-0.075501443787522105,0.0055330055438295948,-0.086919390932461232,0.035890571893744623,0.018080042710874204,0.032433799526020955,-0.086169310324659437,0.035778078625450918
388,0.40625,0.15625,-0.24341045476776441,-0.048937362490697821,0.2482811207840738,-0.23216724722318524,-0.09484922274448232,-0.011243207544579165,0.045911860253784499,-0.18106404954044494,-0.090152114531961119,-0.25736211712024276,-0.02800975522082905,0.025151811633348127,0.098402580947682658,-0.25650020090178516,-0.027310782263018703
389,0.59375,0.09375,0.020325738830356842,-0.1200702499487194,0.12177848981551638,0.047174577614355825,-0.11814242650111031,-0.026848838783998984,-0.0019278234476090839,-0.037675154563532987,-0.1389328119565944,0.0040428279675570429,-0.10743982790250112,0.020607298397205792,0.052270432474733806,0.0029919676238451365,-0.10760052696303969
390,0.65625,0.15625,0.1030852707789103,-0.17350575113388314,0.20181877694628478,0.13007080063986576,-0.14458175403796425,-0.026985529860955454,-0.028923997095918891,0.0057551564125668461,-0.19132704090011843,0.11595089225536945,-0.19448749345159053,0.024612145917457088,0.11024104797336987,0.11409089940445641,-0.19568468858181504
391,0.65625,0.09375,0.063065217421762229,-0.095252541141111743,0.11423777064654811,0.038832416728276038,-0.12045090524268168,0.024232800693486191,0.025198364101569934,-0.031256716268496645,-0.15514533797702229,0.048155407598402818,-0.080772336786561788,0.020784098419663825,0.1088008672903301,0.047086763864701266,-0.082007409586506069
392,0.59375,0.15625,-0.017466447574774106,-0.25019397849486374,0.25080291797738452,-0.062098705959939139,-0.24406564172440132,0.044632258385165033,-0.0061283367704624281,-0.13883192977670905,-0.22938789242708119,0.0097345144284221308,-0.25869875327296643,0.028499535573857638,0.15143023115376666,0.0081179887366811618,-0.25855921513078506
393,0.09375,0.40625,0.097139118525463017,0.085926463137172379,0.1296894961635976,0.10040081356633528,0.08472024458555108,-0.0032616950408722589,0.0012062185516212992,0.011547743203434291,0.15316215350424134,0.078668161140824561,0.073286980429101992,0.022381527870830004,0.10433213204892061,0.07832825064502387,0.073360858776883614
394,0.15625,0.34375,0.045753044001343654,0.19837997943122959,0.20358771395770414,0.060103455399295264,0.18567609490215292,-0.01435041139795161,0.01270388452907667,0.00494385847086911,0.22436361933345311,0.071398059294181859,0.21487743402442996,0.030493160174449179,0.0671278520346235,0.071211139506084584,0.21468505734793544
395,0.09375,0.34375,0.098906602538113494,0.073100056359296423,0.12298835012050804,0.096471993526171917,0.091454458037693753,0.002434609011941577,-0.018354401678397331,0.011114923874987564,0.14965929992108543,0.068806434241432235,0.064099830560692878,0.031416941224670238,0.10319269918745969,0.068467117154426313,0.064113330272882796
396,0.15625,0.40625,0.046857521777255232,0.25028557516355421,0.2546340442322218,0.032832785384149001,0.25418053574487054,0.014024736393106231,-0.0038949605813163313,-0.009867452010500561,0.284450033053535,0.081631232538347115,0.24567488188745429,0.035078048015565952,0.099375659102830333,0.081470147813169899,0.24553737080326019
397,0.09375,0.59375,0.09713911852546285,0.085926463137172199,0.12968949616359735,0.10040081356633504,0.084720244585550789,-0.0032616950408721895,0.0012062185516214102,0.011547743203434381,0.15316215350424131,0.078668161140824561,0.073286980429101992,0.022381527870829764,0.10433213204892053,0.078328250645023828,0.073360858776883489
398,0.15625,0.65625,0.045753044001343751,0.19837997943122943,0.203587713957704,0.060103455399295104,0.18567609490215245,-0.014350411397951353,0.012703884529076975,0.0049438584708692036,0.22436361933345328,0.071398059294181859,0.21487743402442996,0.030493160174449186,0.067127852034623445,0.071211139506084722,0.2146850573479358
399,0.09375,0.65625,0.098906602538113508,0.073100056359296159,0.12298835012050791,0.096471993526171779,0.091454458037693462,0.0024346090119417296,-0.018354401678397303,0.011114923874987647,0.14965929992108537,0.068806434241432235,0.064099830560692878,0.031416941224670175,0.1031926991874596,0.068467117154426188,0.064113330272882713
400,0.15625,0.59375,0.04685752177725494,0.25028557516355426,0.2546340442322218,0.032832785384148765,0.25418053574487021,0.014024736393106176,-0.0038949605813159427,-0.0098674520105004708,0.284450033053535,0.081631232538347115,0.24567488188745429,0.03507804801556625,0.099375659102830263,0.081470147813170052,0.2455373708032601
401,0.90625,0.40625,0.071994127468629959,0.10514173882646348,0.1274281744098282,0.071597416667790958,0.10757912706554365,0.00039671080083900079,-0.002437388239080171,0.16502376310887207,-0.13076296390574205,0.061060858352007016,0.088494252101537385,0.019916706249605922,0.24265616072283799,0.063551677867575027,0.084222336807425371
402,0.84375,0.34375,0.19106465520352151,0.068753394302491819,0.20305844404051379,0.17565858319445932,0.081710629378005717,0.015406072009062188,-0.012957235075513898,0.16493456370891496,-0.15459541512408873,0.20220234132416859,0.10190293267086668,0.034970558276333136,0.25919160802372038,0.2025136740171089,0.096986144841363087
403,0.90625,0.34375,0.056606566004428906,0.10571055129152393,0.11991256802008569,0.078660263890402524,0.10503430188259151,-0.022053697885973618,0.00067624940893241947,0.16050134991902798,-0.11398986220366958,0.053406357464004434,0.077400740651217631,0.028490116061402865,0.21931643866819175,0.055959951594843654,0.07356220399144589
404,0.84375,0.40625,0.24223814841129065,0.076788832384448169,0.25411777845065731,0.24673499679760688,0.064354467748723915,-0.0044968483863162267,0.012434364635724254,0.19865495593839821,-0.1742035091642348,0.23118312328940988,0.11650823671439639,0.041229172448295937,0.29252589776465476,0.23119728048527072,0.11118171105048051
405,0.90625,0.59375,0.071994127468629709,0.10514173882646322,0.12742817440982784,0.071597416667790764,0.10757912706554379,0.00039671080083894528,-0.0024373882390805734,0.16502376310887196,-0.1307629639057416,0.061060858352007016,0.088494252101537385,0.019916706249605565,0.24265616072283755,0.063551677867574374,0.08422233680742551
406,0.84375,0.65625,0.19106465520352145,0.068753394302491999,0.20305844404051379,0.17565858319445937,0.081710629378006119,0.015406072009062077,-0.01295723507551412,0.16493456370891504,-0.15459541512408809,0.20220234132416859,0.10190293267086668,0.034970558276332983,0.25919160802371977,0.20251367401710804,0.096986144841363753
407,0.90625,0.65625,0.056606566004428434,0.10571055129152367,0.11991256802008524,0.078660263890402204,0.10503430188259166,-0.022053697885973771,0.00067624940893200314,0.16050134991902773,-0.11398986220366909,0.053406357464004434,0.077400740651217631,0.028490116061402549,0.2193164386681912,0.0559599515948426,0.07356220399144596
408,0.84375,0.59375,0.24223814841129068,0.076788832384447989,0.25411777845065731,0.24673499679760669,0.064354467748724054,-0.0044968483863160047,0.012434364635723935,0.19865495593839813,-0.17420350916423435,0.23118312328940988,0.11650823671439639,0.041229172448296117,0.29252589776465432,0.23119728048527016,0.11118171105048105
409,0.59375,0.90625,0.02032573883035757,-0.12007024994871945,0.12177848981551656,0.047174577614356353,-0.11814242650111043,-0.026848838783998782,-0.0019278234476090284,-0.037675154563532522,-0.13893281195659501,0.0040428279675570429,-0.10743982790250112,0.020607298397206403,0.052270432474733806,0.0029919676238440414,-0.10760052696304084
410,0.65625,0.84375,0.1030852707789113,-0.17350575113388342,0.20181877694628553,0.13007080063986656,-0.14458175403796389,-0.02698552986095526,-0.028923997095919529,0.0057551564125674498,-0.19132704090011854,0.11595089225536945,-0.19448749345159053,0.024612145917456332,0.11024104797336925,0.11409089940445576,-0.19568468858181498
411,0.65625,0.90625,0.063065217421762909,-0.095252541141111591,0.11423777064654835,0.038832416728276774,-0.12045090524268132,0.024232800693486135,0.025198364101569726,-0.031256716268496083,-0.15514533797702243,0.048155407598402818,-0.080772336786561788,0.020784098419664207,0.10880086729032978,0.047086763864700801,-0.082007409586506846
412,0.59375,0.84375,-0.017466447574773399,-0.25019397849486424,0.25080291797738496,-0.062098705959938674,-0.24406564172440143,0.044632258385165276,-0.0061283367704628167,-0.13883192977670872,-0.22938789242708169,0.0097345144284221308,-0.25869875327296643,0.028499535573856816,0.15143023115376625,0.0081179887366799285,-0.25855921513078539
413,0.40625,0.90625,-0.12575448882122048,-0.002354861937398766,0.12577653530540056,-0.12289396364889039,0.031073992478808266,-0.0028605251723300834,-0.033428854416207035,-0.079907274327269295,0.00030296593852521207,-0.10688471135709836,-0.011632693402823325,0.021027283663048658,0.029499865637170501,-0.10615497806249061,-0.011210905328107009
414,0.34375,0.84375,-0.18331529813733935,0.081298393696592433,0.20053410520115464,-0.15989801086062885,0.10969792618165292,-0.023417287276710497,-0.028399532485060483,-0.097389694543672162,0.078681153458315597,-0.20928866425473722,0.086419034583630039,0.026473320731679899,0.11216619021214616,-0.20836478262719499,0.086463342694754419
415,0.34375,0.90625,-0.10335615610360276,0.043421886197090323,0.11210689187300379,-0.12325965962768735,0.021963452654041961,0.019903503524084598,0.021458433543048362,-0.075501443787522673,0.0055330055438294837,-0.086919390932461232,0.035890571893744623,0.018080042710874069,0.032433799526020858,-0.086169310324662324,0.035778078625450835
416,0.40625,0.84375,-0.24341045476776485,-0.048937362490698272,0.24828112078407433,-0.23216724722318544,-0.094849222744482722,-0.011243207544579414,0.045911860253784451,-0.18106404954044553,-0.090152114531961453,-0.25736211712024276,-0.02800975522082905,0.025151811633348255,0.098402580947682422,-0.25650020090178838,-0.027310782263017939
417,0.09375,0.03125,0.010825177333003482,0.0029211018277320159,0.01121237263824886,0.0096264885098513511,-0.00053128748878742901,0.0011986888231521314,0.0034523893165194449,-0.017227483525810494,0.0075800526088105561,0.0012391631211187268,0.0011543999769274536,0.0097474562784396618,0.019552648161519415,0.00098644928933149401,0.0010059649311535866
418,0.15625,0.03125,0.026077099987045726,0.012345433136550924,0.028851774002016405,0.01536245662258048,-0.0018884288961148344,0.010714643364465246,0.014233862032665759,-0.0041592217514392436,0.015253412292450003,0.0012858367530913732,0.0038698152976420455,0.026200054016861249,0.012618832856407995,0.0010078403217758118,0.0035033187160156127
419,0.03125,0.09375,0.007612714585006365,-0.0091254710720852315,0.011883923831808795,0.0093566754037864783,-0.00701845082563529,-0.0017439608187801133,-0.0021070202464499414,-0.032944668877841643,0.0060238811109288373,0.0016409167771345664,0.00041899484243737123,0.011258738768245144,0.035036801868612667,0.0014825363342918661,0.00033687366937701612
420,0.03125,0.15625,0.0084912893060154516,-0.019641484797634359,0.021398362533945302,0.014822830410450735,-0.014862755569810556,-0.0063315411044352829,-0.0047787292278238021,-0.035593592455501533,0.012141069296686563,0.0039510778521967861,0.001008875809673813,0.021143578534799905,0.041081707383905625,0.0037457571335869832,0.00091794004538639615
421,0.90625,0.03125,-0.0054268030614467644,0.010615267647969917,0.01192200061674905,7.1175086441724149e-05,0.0098178421915937775,-0.0054979781478884885,0.00079742545637613918,0.077486905395957553,-0.00039038741480040828,0.00096181686105785609,0.001393941488461988,0.01121816922025373,0.07654588822993208,0.003251069879467129,0.0016738825675085946
422,0.84375,0.03125,-0.0071643676295590174,0.02320869375056097,0.02428933159102574,-0.0020870775459545287,0.014189826551542571,-0.0050772900836044887,0.0090188671990183988,0.062252947520123114,-0.038187715250600648,0.0036415443865843219,0.0018352114521223905,0.023949811691583261,0.070972749975844546,0.005775218493519297,0.00091127994252848872
423,0.96875,0.09375,-0.0039300203790665874,0.0024670811170973048,0.0046402100618632312,-0.0056887603060253337,0.0090106659008970073,0.0017587399269587464,-0.0065435847837997021,0.11006556428713406,0.0040334625825225977,0.00017578255610787709,0.0016844183092210173,0.0041797342993688058,0.10991488587944084,0.0026257120165780303,0.0023741644212512242
424,0.96875,0.15625,-0.0089128475577785662,-0.0014970898268252153,0.0090377059886778185,-0.013606948330888644,0.012575473970149029,0.0046941007731100774,-0.014072563796974245,0.12741026530247612,-0.029340015255954636,0.00042325764104453166,0.0040558229205381211,0.01086267463672377,0.13130492040405409,0.0034123668203271422,0.0040097976221237126
425,0.96875,0.90625,-0.0039300203790669872,0.0024670811170975533,0.0046402100618637013,-0.0056887603060257891,0.0090106659008972016,0.0017587399269588019,-0.0065435847837996483,0.11006556428713354,0.0040334625825228232,0.00017578255610787709,0.0016844183092210173,0.0041797342993692447,0.10991488587944034,0.0026257120165776634,0.0023741644212507073
426,0.96875,0.84375,-0.0089128475577790085,-0.0014970898268251605,0.0090377059886782452,-0.013606948330889053,0.012575473970149239,0.0046941007731100444,-0.014072563796974399,0.12741026530247562,-0.029340015255954359,0.00042325764104453166,0.0040558229205381211,0.010862674636724122,0.13130492040405353,0.003412366820326512,0.0040097976221232087
427,0.90625,0.96875,-0.0054268030614470645,0.010615267647970364,0.011922000616749586,7.1175086441595779e-05,0.0098178421915942164,-0.0054979781478886602,0.00079742545637614785,0.077486905395957345,-0.00039038741480003011,0.00096181686105785609,0.001393941488461988,0.01121816922025427,0.076545888229931872,0.0032510698794668796,0.0016738825675082281
428,0.84375,0.96875,-0.0071643676295589966,0.023208693750561619,0.024289331591026354,-0.0020870775459542858,0.014189826551543265,-0.0050772900836047108,0.0090188671990183537,0.062252947520123204,-0.038187715250600066,0.0036415443865843219,0.0018352114521223905,0.02394981169158383,0.070972749975844296,0.0057752184935190454,0.00091127994252824466
429,0.03125,0.90625,0.0076127145850067761,-0.0091254710720848568,0.011883923831808771,0.0093566754037867576,-0.007018450825635055,-0.0017439608187799814,-0.0021070202464498018,-0.032944668877841643,0.0060238811109288564,0.0016409167771345664,0.00041899484243737123,0.011258738768245045,0.035036801868612674,0.0014825363342916634,0.00033687366937638024
430,0.03125,0.84375,0.0084912893060159235,-0.019641484797634272,0.021398362533945409,0.014822830410451127,-0.014862755569810447,-0.0063315411044352031,-0.0047787292278238247,-0.035593592455501546,0.012141069296686541,0.0039510778521967861,0.001008875809673813,0.021143578534799923,0.041081707383905632,0.0037457571335866731,0.00091794004538588755
431,0.09375,0.96875,0.010825177333003625,0.0029211018277323819,0.011212372638249094,0.0096264885098515749,-0.00053128748878702222,0.0011986888231520498,0.0034523893165194042,-0.017227483525810598,0.0075800526088106446,0.0012391631211187268,0.0011543999769274536,0.0097474562784398682,0.01955264816151954,0.00098644928933115227,0.0010059649311528827
432,0.15625,0.96875,0.026077099987045903,0.012345433136551242,0.028851774002016703,0.01536245662258076,-0.0018884288961143808,0.010714643364465143,0.014233862032665624,-0.0041592217514394621,0.015253412292450117,0.0012858367530913732,0.0038698152976420455,0.02620005401686152,0.012618832856408193,0.0010078403217749846,0.0035033187160149345
433,0.46875,0.40625,-0.71190911286010095,-0.50919108607735553,0.87526575799233275,-0.69214628218645535,-0.51787738886657853,-0.019762830673645593,0.0086863027892229994,-0.58693138766999953,-0.38708535325071797,-0.75792181694908078,-0.52793108667182642,0.049682557903763282,0.22152933784935672,-0.75782015893892185,-0.52464171431587892
434,0.53125,0.40625,-0.40539703686011103,-0.7757706268048068,0.87530955833241131,-0.4166827453051738,-0.75746723051868914,0.01128570844506277,-0.018303396286117657,-0.46994891182561582,-0.55605826029694327,-0.41203532425723782,-0.82667019085371907,0.051330619321572332,0.27673958983980851,-0.414003503559432,-0.82343008730045586
435,0.46875,0.34375,-0.61480581908411236,-0.42443493536963545,0.74708179575058109,-0.60738395022175407,-0.4203625353493104,-0.007421868862358294,-0.004072400020325051,-0.51172454322468885,-0.32225034713512912,-0.66290983419200278,-0.46175040921659638,0.060880545808356341,0.20571159307536507,-0.66278877000747016,-0.45890022548530157
436,0.53125,0.34375,-0.3350307063470071,-0.66780603855443854,0.74713484681491515,-0.33192041334047251,-0.65995237700142106,-0.0031102930065345924,-0.0078536615530174769,-0.39474206738030515,-0.49122325418135449,-0.36038317195316211,-0.72304001137775242,0.060774495194594984,0.23434918948446795,-0.36212496928146232,-0.72026238324875613
437,0.40625,0.46875,-0.82906269333126636,-0.186245684173969,0.84972489921569516,-0.64714771583904518,-0.24482579909772523,-0.18191497749222119,0.058580114923756227,-0.51806834315459593,-0.1581656715403594,-0.91824261540432295,-0.099936040232340692,0.12410645889028943,0.40438859792638371,-0.9167155372406629,-0.09741975653433671
438,0.40625,0.53125,-0.82906269333126603,-0.18624568417396939,0.84972489921569483,-0.64714771583904551,-0.24482579909772539,-0.18191497749222052,0.058580114923756005,-0.51806834315459604,-0.15816567154035932,-0.91824261540432295,-0.099936040232340692,0.12410645889028994,0.4043885979263836,-0.91671553724066224,-0.097419756534336058
439,0.34375,0.46875,-0.65251510469736118,0.21958783003514684,0.68847278592385386,-0.51738681752693372,0.12574064418839609,-0.13512828717042746,0.093847185846750752,-0.37399845419388167,0.135589016285588,-0.7467212835755439,0.30833458018109977,0.12942484228422438,0.41080815155964229,-0.74485577151997084,0.30949652709532699
440,0.34375,0.53125,-0.65251510469736118,0.21958783003514659,0.68847278592385386,-0.51738681752693405,0.12574064418839592,-0.13512828717042713,0.093847185846750669,-0.37399845419388178,0.13558901628558812,-0.7467212835755439,0.30833458018109977,0.12942484228422454,0.41080815155964218,-0.74485577151996984,0.30949652709532738
441,0.59375,0.46875,-0.07005936483302698,-0.84709587807863573,0.84998808300976902,-0.15343682510222129,-0.6753395044615339,0.083377460269194306,-0.17175637361710183,-0.29164143340685666,-0.53760550281012665,0.03473178604708637,-0.92301160118379377,0.12940008623396548,0.50503201783683427,0.030539403320338013,-0.9209255364629827
442,0.59375,0.53125,-0.070059364833027285,-0.84709587807863573,0.84998808300976914,-0.15343682510222134,-0.67533950446153357,0.083377460269194056,-0.17175637361710216,-0.29164143340685661,-0.53760550281012665,0.03473178604708637,-0.92301160118379377,0.12940008623396573,0.50503201783683416,0.030539403320338148,-0.92092553646298159
443,0.65625,0.46875,0.30610235412101849,-0.61590533779252887,0.68777760673037214,0.19457142706543246,-0.49569692488711048,0.11153092705558604,-0.12020841290541839,-0.038127110542786807,-0.45431773920772117,0.41370133162718237,-0.69391216799394639,0.13290073558278279,0.51142392538787107,0.40840475893675665,-0.69430488838180981
444,0.65625,0.53125,0.3061023541210186,-0.6159053377925291,0.68777760673037247,0.1945714270654324,-0.49569692488711015,0.1115309270555862,-0.12020841290541895,-0.038127110542786752,-0.45431773920772123,0.41370133162718237,-0.69391216799394639,0.13290073558278256,0.51142392538787096,0.40840475893675676,-0.69430488838180893
445,0.53125,0.59375,-0.40539703686011153,-0.77577062680480702,0.87530955833241175,-0.41668274530517391,-0.75746723051868903,0.011285708445062381,-0.01830339628611799,-0.46994891182561588,-0.5560582602969435,-0.41203532425723782,-0.82667019085371907,0.051330619321572048,0.27673958983980829,-0.41400350355943094,-0.8234300873004532
446,0.46875,0.59375,-0.71190911286010172,-0.50919108607735586,0.87526575799233364,-0.69214628218645569,-0.51787738886657886,-0.019762830673646037,0.0086863027892229994,-0.58693138766999975,-0.38708535325071802,-0.75792181694908078,-0.52793108667182642,0.049682557903762435,0.22152933784935652,-0.75782015893892063,-0.52464171431587681
447,0.53125,0.65625,-0.33503070634700799,-0.66780603855443865,0.74713484681491571,-0.33192041334047273,-0.65995237700142106,-0.0031102930065352585,-0.0078536615530175879,-0.39474206738030532,-0.49122325418135493,-0.36038317195316211,-0.72304001137775242,0.060774495194594512,0.23434918948446753,-0.36212496928146176,-0.72026238324875336
448,0.46875,0.65625,-0.61480581908411336,-0.42443493536963561,0.74708179575058198,-0.60738395022175451,-0.4203625353493109,-0.0074218688623588491,-0.0040724000203247179,-0.51172454322468919,-0.3222503471351294,-0.66290983419200278,-0.46175040921659638,0.060880545808355453,0.20571159307536466,-0.66278877000746927,-0.45890022548529852
449,0.40625,0.03125,-0.0634847037030732,0.0080772695376326968,0.063996483399094403,-0.02778829324568359,0.017351712861025541,-0.03569641045738961,-0.009274443323392844,-0.021864335248093524,-0.0018192701231236439,-0.013570644419893186,-0.0014769478610269803,0.05082023597176287,0.0083007525011230994,-0.012971207618400395,-0.0011178934618032133
450,0.34375,0.03125,-0.053005665964159905,0.0027785238365879207,0.05307844024662544,-0.028153989224480591,0.0082411730362588476,-0.024851676739679314,-0.0054626491996709273,-0.017458504708346752,0.0034107694821803166,-0.011035742460839642,0.0045568555410078716,0.042007581964753696,0.0065242155192974322,-0.010379705697433021,0.0044594715836523647
451,0.59375,0.03125,0.043546483909934881,-0.039948677110154297,0.059094780342849089,0.020924755601448991,-0.025585032382418802,0.02262172830848589,-0.014363644727735495,-0.0057743542382253195,-0.069673761713895499,0.00051329867575932331,-0.013641124932527888,0.050437509186887899,0.056384314874257456,-0.00012003750829040292,-0.01400676268786223
452,0.65625,0.03125,0.037280197163823373,-0.039110533808553505,0.054031906827017966,0.012582594715369207,-0.027893511123990165,0.024697602448454165,-0.01121702268456334,0.00064408405681101906,-0.085886287734323372,0.0061140635093229105,-0.010255280175965898,0.042472974338644408,0.0758285564909634,0.0057184609226527787,-0.011475185944173502
453,0.46875,0.09375,-0.10757889710030677,-0.065856549704810002,0.12613605448221576,-0.13669588084118156,-0.099460962537498782,0.029116983740874791,0.033604412832688779,-0.12742694100101637,-0.097504390198914354,-0.094030556679958563,-0.065497064285909526,0.01355310879141915,0.046257836069374302,-0.093782674478638653,-0.064735951139522824
454,0.53125,0.09375,-0.049093007477417995,-0.11110898655453026,0.12147152043319703,-0.0800063670867662,-0.14919976886413844,0.030913359609348205,0.038090782309608176,-0.11334956774643773,-0.14391631616395437,-0.05111861150490965,-0.10255973175386909,0.0087859449874682482,0.074719870106976838,-0.051601512020009607,-0.1019692933657818
455,0.46875,0.15625,-0.23512212898908677,-0.18175857098759832,0.29718444385232307,-0.2459691644154765,-0.22538417776078978,0.010847035426389734,0.043625606773191467,-0.22858371621419243,-0.18795947066940111,-0.22641126905697515,-0.15770696216286181,0.025580441118460223,0.03033041044214756,-0.22618351690483984,-0.1565602831610812
456,0.53125,0.15625,-0.14815087304384014,-0.25795786447635449,0.29747426952402672,-0.18927965066106114,-0.27512298408742947,0.041128777617221002,0.017165119611074975,-0.21450634295961379,-0.23437139663444112,-0.12308583626330802,-0.24694822449653378,0.027376417612512687,0.092281556357064115,-0.12384300634694456,-0.24594513431942558
457,0.03125,0.40625,0.052292426934239446,0.011116115467422204,0.053460882313686467,0.05186233764549586,-0.0084732274631702451,0.00043008928874358615,0.019589342930592449,-0.025227407229619688,0.059538823718530122,0.013226409255674827,0.0033772567501997065,0.039825163797617379,0.068064804463268458,0.012941036544986535,0.0034676674843255543
458,0.03125,0.34375,0.052348702430854134,0.021698006474552816,0.056667363898136723,0.047933517605332501,-0.0017390140110275648,0.0044151848255216328,0.023437020485580381,-0.025660226558066417,0.056035970135374216,0.011568365721320861,0.0029538887286696481,0.044881820509137541,0.064835757492088156,0.01129788198913257,0.002988498223100715
459,0.03125,0.59375,0.052292426934239494,0.011116115467422232,0.053460882313686515,0.051862337645495887,-0.0084732274631703491,0.00043008928874360697,0.019589342930592581,-0.025227407229619671,0.05953882371853008,0.013226409255674827,0.0033772567501997065,0.039825163797617434,0.068064804463268416,0.012941036544986413,0.0034676674843253162
460,0.03125,0.65625,0.052348702430854439,0.021698006474552875,0.056667363898137028,0.047933517605332626,-0.0017390140110276758,0.0044151848255218132,0.023437020485580551,-0.0256602265580664,0.05603597013537414,0.011568365721320861,0.0029538887286696481,0.044881820509137846,0.064835757492088086,0.0112978819891324,0.0029884982231004539
461,0.09375,0.46875,0.041743136484055428,0.12271125299145932,0.12961690111347524,-0.011776870496527061,0.15425285024400653,0.053520006980582485,-0.03154159725254721,-0.046209783115107816,0.19432955685097972,0.08384659932439667,0.078111195108956991,0.061334058615670907,0.17441723028201744,0.083505618109063776,0.078220574000922874
462,0.09375,0.53125,0.0417431364840554,0.1227112529914593,0.12961690111347518,-0.011776870496527137,0.15425285024400642,0.053520006980582541,-0.031541597252547127,-0.046209783115107782,0.19432955685097969,0.08384659932439667,0.078111195108956991,0.061334058615670907,0.17441723028201742,0.083505618109063748,0.078220574000922777
463,0.15625,0.46875,0.02221628553023914,0.34586546394146095,0.34657824872632031,-0.079344898678713346,0.32371314140332597,0.10156118420895249,0.022152322538134983,-0.06762497832904267,0.32561743640027335,0.087004718907145201,0.2618467635059043,0.1060975170412277,0.1672633910595972,0.086856434948724151,0.26174137037872175
464,0.15625,0.53125,0.022216285530239174,0.34586546394146095,0.34657824872632031,-0.079344898678713416,0.32371314140332585,0.10156118420895259,0.022152322538135094,-0.067624978329042643,0.32561743640027335,0.087004718907145201,0.2618467635059043,0.10609751704122768,0.1672633910595972,0.086856434948724234,0.2617413703787218
465,0.96875,0.40625,-0.0055781788706328016,0.05226474635018441,0.052561580936667886,-0.011969139275137028,0.047896926100242404,0.0063909604045042263,0.004367820249942006,0.16690312783718109,-0.11012959190825058,0.001416873822907316,0.01357704804165214,0.039314994119259553,0.20661324506277812,0.0055295038336065812,0.011319351632090968
466,0.96875,0.34375,-0.00055138376130949918,0.0570711789793555,0.057073842468734003,-0.0049062920525254697,0.045352100917290278,0.0043549082912159708,0.011719078062065222,0.162380714647337,-0.093356490206178117,0.0012392565697545818,0.011875048936232356,0.045231588117930724,0.19245842756722795,0.0052049286061814914,0.0099856312523527255
467,0.96875,0.59375,-0.0055781788706331121,0.052264746350184264,0.052561580936667775,-0.011969139275137215,0.047896926100242466,0.0063909604045041032,0.0043678202499417978,0.16690312783718089,-0.11012959190825039,0.001416873822907316,0.01357704804165214,0.039314994119259469,0.20661324506277787,0.0055295038336060478,0.011319351632090765
468,0.96875,0.65625,-0.00055138376130992929,0.057071178979355215,0.057073842468733718,-0.0049062920525257819,0.045352100917290347,0.0043549082912158529,0.011719078062064868,0.16238071464733664,-0.093356490206177881,0.0012392565697545818,0.011875048936232356,0.045231588117930453,0.1924584275672275,0.0052049286061806779,0.0099856312523523751
469,0.90625,0.46875,0.12324964358365276,0.058777243462504784,0.13654757043810042,0.15610559363206733,0.0072170919663748015,-0.032855950048414573,0.051560151496129983,0.20505673385655132,-0.17034323886881578,0.065080271998217573,0.094319506022102775,0.068168381369223041,0.29939902873518642,0.067532822636742276,0.089823052889890703
470,0.90625,0.53125,0.12324964358365252,0.058777243462504757,0.1365475704381002,0.15610559363206727,0.0072170919663748431,-0.032855950048414753,0.051560151496129913,0.20505673385655129,-0.17034323886881564,0.065080271998217573,0.094319506022102775,0.068168381369222861,0.29939902873518631,0.067532822636742013,0.089823052889890745
471,0.84375,0.46875,0.34116367793002222,0.067965932746460719,0.347867824256335,0.33124317376188328,-0.036007567350444934,0.0099205041681389439,0.10397350009690565,0.23868792668607752,-0.21378378412730856,0.24640106528371025,0.12417754908871848,0.11018030026898704,0.33804933849392571,0.24625400526875701,0.11863963430974987
472,0.84375,0.53125,0.34116367793002211,0.067965932746460622,0.34786782425633483,0.33124317376188317,-0.036007567350444893,0.0099205041681389439,0.10397350009690551,0.23868792668607747,-0.21378378412730842,0.24640106528371025,0.12417754908871848,0.11018030026898699,0.33804933849392554,0.24625400526875668,0.11863963430975002
473,0.59375,0.96875,0.043546483909935256,-0.039948677110154464,0.059094780342849478,0.020924755601449359,-0.025585032382418955,0.022621728308485897,-0.014363644727735509,-0.0057743542382249751,-0.069673761713895957,0.00051329867575932331,-0.013641124932527888,0.050437509186888309,0.056384314874257872,-0.00012003750829096635,-0.01400676268786394
474,0.65625,0.96875,0.037280197163824143,-0.039110533808553165,0.054031906827018257,0.01258259471536978,-0.027893511123989839,0.024697602448454363,-0.011217022684563326,0.00064408405681146141,-0.085886287734323358,0.0061140635093229105,-0.010255280175965898,0.042472974338644741,0.075828556490963359,0.0057184609226526564,-0.011475185944174664
475,0.40625,0.96875,-0.063484703703073228,0.0080772695376323134,0.063996483399094375,-0.027788293245683597,0.017351712861025187,-0.035696410457389631,-0.0092744433233928735,-0.021864335248093711,-0.0018192701231242105,-0.013570644419893186,-0.0014769478610269803,0.050820235971762821,0.0083007525011233093,-0.012971207618402781,-0.0011178934618049335
476,0.34375,0.96875,-0.053005665964159884,0.0027785238365879159,0.053078440246625419,-0.02815398922448055,0.008241173036258884,-0.024851676739679335,-0.0054626491996709681,-0.017458504708347089,0.0034107694821800608,-0.011035742460839642,0.0045568555410078716,0.042007581964753668,0.0065242155192978086,-0.010379705697435484,0.0044594715836510862
477,0.53125,0.90625,-0.049093007477417655,-0.11110898655453087,0.12147152043319746,-0.080006367086766089,-0.14919976886413905,0.030913359609348434,0.038090782309608176,-0.11334956774643763,-0.14391631616395523,-0.05111861150490965,-0.10255973175386909,0.0087859449874689213,0.074719870106977226,-0.051601512020011515,-0.10196929336578307
478,0.46875,0.90625,-0.10757889710030671,-0.06585654970481078,0.12613605448221613,-0.13669588084118167,-0.099460962537499489,0.029116983740874958,0.03360441283268871,-0.12742694100101656,-0.097504390198915145,-0.094030556679958563,-0.065497064285909526,0.013553108791419115,0.046257836069374988,-0.093782674478641193,-0.064735951139523781
479,0.53125,0.84375,-0.14815087304383992,-0.25795786447635527,0.29747426952402733,-0.18927965066106112,-0.27512298408743002,0.041128777617221196,0.017165119611074753,-0.21450634295961385,-0.23437139663444187,-0.12308583626330802,-0.24694822449653378,0.027376417612512794,0.09228155635706406,-0.12384300634694655,-0.2459451343194258
480,0.46875,0.84375,-0.2351221289890868,-0.18175857098759923,0.29718444385232368,-0.2459691644154767,-0.22538417776079048,0.0108470354263899,0.043625606773191244,-0.22858371621419277,-0.1879594706694018,-0.22641126905697515,-0.15770696216286181,0.025580441118461094,0.030330410442148278,-0.22618351690484248,-0.15656028316108089
481,0.21875,0.15625,-0.015550430797174818,0.15780800070933287,0.15857232099535698,-0.052178277730573451,0.17222337675178034,0.036627846933398635,-0.01441537604244747,-0.034867461489367195,0.16922306780506144,-0.023163474375380272,0.12787117887740859,0.030889670343337002,0.042976296167181627,-0.023154643627509075,0.12735434423481279
482,0.28125,0.15625,-0.090787925853470397,0.15370322793159774,0.17851366826483603,-0.10179638766916066,0.17459958026671474,0.011008461815690262,-0.020896352335116997,-0.05682917568089918,0.15493710491645626,-0.11421629359988733,0.14147145547557996,0.026429238972720055,0.058945780323212474,-0.11368822023830877,0.14104927092225716
483,0.21875,0.09375,0.00082323419529410538,0.062174246306534502,0.062179696190363627,-0.015539926497631921,0.084488903224169062,0.016363160692926027,-0.022314656917634561,-0.012979210733217594,0.096074919890575428,-0.0096199910862690419,0.053106005647358338,0.013830905354828201,0.043100022597179571,-0.009686972572314434,0.052561927723653618
484,0.28125,0.09375,-0.047130280391012899,0.065053825393311782,0.08033220728972279,-0.065158036436219119,0.086865106739103456,0.01802775604520622,-0.021811281345791675,-0.034940924924749581,0.081788957001970267,-0.047435013786422342,0.058754318051833454,0.0063068736460798955,0.026204901221842745,-0.047046134663724176,0.058261718870296166
485,0.15625,0.21875,0.015543827600818485,0.17502854773340792,0.17571739554793606,-0.052448090836638324,0.1657362134149325,0.067991918437456805,0.0092923343184754259,-0.050584646841398337,0.16766689630717971,0.040976847620627789,0.1233226779295397,0.057622352255896257,0.10173454168395053,0.040705851997020821,0.12301690519233284
486,0.15625,0.28125,0.021509794170698607,0.21126836543551109,0.2123605271208811,-0.028732378688584168,0.19343847317003343,0.050242172859282772,0.017829892265477654,-0.038435176694750051,0.20194175537695372,0.057332798161511184,0.17254705066458273,0.052750619261910929,0.10017761063829067,0.057107825096892127,0.17229290562043306
487,0.09375,0.21875,0.012809554398591241,0.055924951701103426,0.057373207219583069,-0.016079552709761667,0.071514576550473344,0.028889107108352907,-0.015589624849369918,-0.044413581437279886,0.092962576894811993,0.039489459504954222,0.036788240679920155,0.032833383090884967,0.10097166101702953,0.039147434015871257,0.036681382653345238
488,0.09375,0.28125,0.038181886652783006,0.07825591424208532,0.087073788146781475,0.0076361594382924891,0.099216836305574277,0.030545727214490517,-0.020960922063488957,-0.0322641112906316,0.127237435964586,0.055251717561723541,0.051472304486331388,0.031760681334132915,0.11575567134111368,0.054911152956195329,0.051418835846787588
489,0.34375,0.28125,-0.45308783902132749,0.15151060517613976,0.47774894385006911,-0.37808314553193995,0.086246616020228983,-0.075004693489387542,0.065263989155910779,-0.26916898878583162,0.080251194961013073,-0.4920609039589155,0.20318075242106795,0.064720197055803314,0.25454367394781224,-0.49066906471294602,0.20375599099737463
490,0.34375,0.21875,-0.29627810452661957,0.10407387058545414,0.31402561322370565,-0.21070397526465862,0.057786904868190436,-0.085574129261960952,0.046286965717263706,-0.16239178143382202,0.059251984840665524,-0.35168534116879707,0.14521717059663483,0.069012556887368542,0.20789917007818207,-0.35053519867756688,0.1455098736647964
491,0.40625,0.28125,-0.55861307845796793,-0.099404219813035696,0.56738855323395987,-0.45035238189449633,-0.11830053290590666,-0.10826069656347159,0.018896313092870959,-0.3528433437826049,-0.08858207302926363,-0.6050869331404819,-0.065854046719193635,0.0573186992497055,0.25326545668941219,-0.60389971938917564,-0.06428750252045308
492,0.40625,0.21875,-0.39199395895077066,-0.096841763594444935,0.4037791364471186,-0.282973211627215,-0.14676024405794519,-0.10902074732355566,0.049918480463500253,-0.24606613643059527,-0.10958128314961117,-0.43246720640918712,-0.047067146976015897,0.064152912789224206,0.19660461874201915,-0.43144863104872078,-0.045960096789325756
493,0.28125,0.34375,-0.36559345972949292,0.35818470641094918,0.51181526130399646,-0.33308457918452977,0.35929820578908223,-0.032508880544963148,-0.0011134993781330427,-0.20030594427042808,0.30917087667137166,-0.33441402703887996,0.41421444914306843,0.064120894360075287,0.17035002195904334,-0.33329957936743254,0.41419185055826929
494,0.21875,0.34375,-0.12184547617285943,0.34555351268938278,0.36640626385988856,-0.092371586830607089,0.35616455087721022,-0.029473889342252341,-0.010611038187827437,-0.059417552580238175,0.33673248850940329,-0.067820365220557843,0.37439418250081757,0.061241300186889426,0.038587698228467145,-0.067464602878316057,0.37407133365099615
495,0.28125,0.40625,-0.39488256931889554,0.42375382779594412,0.57922322995854281,-0.36035524919967604,0.42780264663179984,-0.034527320119219496,-0.0040488188358557275,-0.21511725475179777,0.36925729039145355,-0.38234413477286838,0.47358200423098257,0.051381509394979132,0.1971001657007958,-0.38109273732125759,0.47366743139490303
496,0.21875,0.40625,-0.12745044783538656,0.41931612578136679,0.43825749279816723,-0.11964225684575336,0.42466899171992784,-0.0078081909896332014,-0.0053528659385610466,-0.07422886306160785,0.39681890222948518,-0.077540763136766805,0.42805447199625907,0.050668879218776504,0.031410659031017425,-0.077108102162036826,0.42779261894525028
497,0.78125,0.15625,0.15837932638261723,0.0043062954074696048,0.15843785912952746,0.17823143764482866,-0.029699886679073775,-0.019852111262211425,0.034006182086543379,0.12104273500641567,-0.14834844893259314,0.12988069163256058,-0.0043117135439216404,0.029773180228242265,0.14430762495014526,0.12992162470456306,-0.0074178870632100906
498,0.71875,0.15625,0.16410676905098712,-0.071097544356910403,0.17884600208541668,0.18671720165246886,-0.078463687456126668,-0.022610432601481739,0.0073661430992162658,0.081086267713974342,-0.17446221960094349,0.15658442571685574,-0.092416730417155257,0.022607373653476186,0.11149634145224298,0.15533187446917796,-0.094886692441046916
499,0.78125,0.09375,0.058747721724460411,0.0056600808134305612,0.059019753664592695,0.086993053733238943,-0.0055690378837912058,-0.028245332008778531,0.011229118697221766,0.084030862325352187,-0.11216674600949703,0.053940573660732564,-0.0017906918965126418,0.0088669434689658856,0.11440410304474483,0.05467577982202617,-0.0042277734330541123
500,0.71875,0.09375,0.073622741962825602,-0.039799394281796248,0.083691695641339936,0.095478817740879157,-0.054332838660844096,-0.021856075778053555,0.014533444379047848,0.04407439503291085,-0.13828051667784738,0.065030865198950946,-0.038381466805346952,0.0087080919066164601,0.10207347259326713,0.064629689673836477,-0.040531352265017931
501,0.84375,0.21875,0.17413853786228065,0.038636190763130497,0.17837316391626282,0.1724715022523616,-0.030507062969770547,0.0016670356099190431,0.069143253732901047,0.15362139389759219,-0.14392459893527015,0.11604817569109767,0.058484235922214585,0.06138758077833209,0.20586666353433083,0.11716981826946329,0.054872601135298127
502,0.84375,0.28125,0.20787996694678057,0.048815230980056162,0.2135345579371892,0.19615319377819965,-0.0038400692748334492,0.011726773168580923,0.052655300254889612,0.16672472903726687,-0.15779449434494394,0.1623689234347051,0.081828278368358293,0.056223806162695074,0.23966235884105416,0.1630680512750067,0.077494549917197911
503,0.90625,0.21875,0.061546484020926093,0.020808126390261601,0.0649688219010566,0.075473182948304823,-0.0071833904651847479,-0.013926698927378731,0.027991516855446347,0.14918818010770521,-0.10331904601485101,0.030651031602390057,0.044421912678614339,0.038886242850370872,0.18941606703612915,0.033301060173580442,0.041950521615229726
504,0.90625,0.28125,0.07541287564344884,0.049653003397825218,0.090291320508887912,0.099154874474142868,0.019483603229752351,-0.023741998830694028,0.030169400168072867,0.16229151524737989,-0.1171889414245248,0.042885422143046907,0.06215296445276558,0.034846581720390249,0.21545610753501399,0.045501942866639035,0.05892740316674655
505,0.65625,0.28125,0.21166204320353646,-0.42869079890309558,0.47809687469933337,0.13718093182383856,-0.36346974811127875,0.074481111379697901,-0.065221050791816837,-0.030361050556442625,-0.35026654501184018,0.27261343112484637,-0.45726170682618394,0.067315440049691408,0.32131215539055369,0.26899569258707784,-0.45814551452372204
506,0.65625,0.21875,0.14199430797358623,-0.2811157234499494,0.31494195253679064,0.085786078964253693,-0.20207842393784631,0.056208229009332533,-0.079037299512103087,-0.026488945794238064,-0.24870477405100239,0.19484203431114894,-0.32681368927050536,0.069865486895795845,0.23470919323958897,0.19210467435571879,-0.32788745542103331
507,0.59375,0.28125,-0.021598281505283312,-0.56768911698197277,0.56809983216310977,-0.054988574775966345,-0.46295363579771587,0.033390293270683033,-0.10473548118425691,-0.17494813674571852,-0.38832739653880294,0.022886925033934698,-0.60822951325066332,0.060186853468671572,0.2957966406227695,0.019956898729706175,-0.60719008771039373
508,0.59375,0.21875,-0.043257075548759641,-0.4034478399505052,0.40576019290433057,-0.1063834276355512,-0.30156231162428343,0.063126352086791557,-0.10188552832622177,-0.17107603198351395,-0.28676562557796514,0.016357723147897272,-0.43471326853139075,0.067316054905121867,0.23878843694395283,0.014088823299264844,-0.43415741725852963
509,0.71875,0.34375,0.40396508883007959,-0.31377403737252352,0.51150947158635085,0.40042685202679107,-0.28134202205412345,0.0035382368032885192,-0.032432015318400065,0.14794642786231654,-0.3318137875250235,0.45846373337048774,-0.27058705908311781,0.069535727151669016,0.31649598622376524,0.45456124980917895,-0.27360297514257276
510,0.78125,0.34375,0.35849847243557531,-0.075538495478996853,0.36637033045522582,0.36422792668540405,-0.044519903408701052,-0.005729454249828736,-0.031018592070295802,0.20487833505663716,-0.21800814130550913,0.38027783737750698,-0.012624271408351311,0.066577325927715328,0.27008798460564931,0.37815550318101215,-0.017254657262451525
511,0.71875,0.40625,0.47241757951011798,-0.33339103845396595,0.57821099431921252,0.47150326562993861,-0.29869818368340528,0.00091431388017937376,-0.034692854770560666,0.1816668200917998,-0.35142188156516962,0.52417334587432929,-0.30936912515886011,0.057058843927163552,0.34507847589350882,0.51966299902008517,-0.31244784506922485
512,0.78125,0.40625,0.43174551416965307,-0.070756479299717567,0.43750504953487046,0.43530434028855164,-0.061876065037982868,-0.0035588261188985726,-0.0088804142617346996,0.23859872728612042,-0.23761623534565524,0.43478140553146161,-0.014433653311446658,0.056404586370841767,0.29714997588250164,0.4321593756570517,-0.019342908693667095
513,0.84375,0.78125,0.17413853786228076,0.038636190763131018,0.17837316391626304,0.17247150225236205,-0.030507062969769835,0.00166703560991871,0.069143253732900853,0.15362139389759236,-0.14392459893526952,0.11604817569109767,0.058484235922214585,0.061387580778332028,0.20586666353433022,0.11716981826946239,0.054872601135298689
514,0.84375,0.71875,0.20787996694678063,0.048815230980056599,0.21353455793718937,0.19615319377820001,-0.0038400692748328732,0.011726773168580618,0.052655300254889473,0.16672472903726704,-0.15779449434494336,0.1623689234347051,0.081828278368358293,0.056223806162694859,0.23966235884105358,0.16306805127500559,0.077494549917198577
515,0.90625,0.78125,0.061546484020925926,0.020808126390262072,0.0649688219010566,0.075473182948304851,-0.0071833904651842804,-0.013926698927378925,0.027991516855446354,0.14918818010770502,-0.10331904601485052,0.030651031602390057,0.044421912678614339,0.038886242850370456,0.18941606703612868,0.033301060173579429,0.041950521615229767
516,0.90625,0.71875,0.075412875643448576,0.049653003397825239,0.090291320508887704,0.099154874474142826,0.019483603229752681,-0.02374199883069425,0.030169400168072558,0.16229151524737973,-0.11718894142452435,0.042885422143046907,0.06215296445276558,0.034846581720389992,0.21545610753501354,0.045501942866637911,0.058927403166746661
517,0.78125,0.84375,0.15837932638261801,0.0043062954074703889,0.15843785912952826,0.17823143764482943,-0.029699886679072821,-0.019852111262211425,0.034006182086543213,0.12104273500641614,-0.14834844893259236,0.12988069163256058,-0.0043117135439216404,0.029773180228243237,0.14430762495014446,0.12992162470456259,-0.0074178870632096595
518,0.71875,0.84375,0.16410676905098825,-0.071097544356910083,0.17884600208541759,0.1867172016524698,-0.078463687456125863,-0.022610432601481545,0.00736614309921578,0.081086267713974966,-0.17446221960094302,0.15658442571685574,-0.092416730417155257,0.022607373653476866,0.11149634145224221,0.15533187446917765,-0.094886692441046652
519,0.78125,0.90625,0.058747721724461133,0.0056600808134313202,0.059019753664593486,0.086993053733239623,-0.0055690378837902526,-0.02824533200877849,0.011229118697221572,0.084030862325352604,-0.11216674600949623,0.053940573660732564,-0.0017906918965126418,0.0088669434689669143,0.11440410304474417,0.054675779822025844,-0.004227773433054121
520,0.71875,0.90625,0.073622741962826338,-0.039799394281795838,0.08369169564134038,0.09547881774087999,-0.054332838660843291,-0.021856075778053652,0.014533444379047453,0.044074395032911426,-0.13828051667784688,0.065030865198950946,-0.038381466805346952,0.0087080919066171193,0.10207347259326652,0.064629689673836241,-0.040531352265018229
521,0.71875,0.65625,0.40396508883007981,-0.31377403737252274,0.51150947158635052,0.40042685202679151,-0.28134202205412268,0.0035382368032882971,-0.032432015318400065,0.14794642786231693,-0.33181378752502311,0.45846373337048774,-0.27058705908311781,0.06953572715166835,0.31649598622376479,0.45456124980917856,-0.27360297514257109
522,0.78125,0.65625,0.35849847243557531,-0.075538495478996798,0.36637033045522582,0.36422792668540449,-0.044519903408700497,-0.0057294542498291801,-0.031018592070296301,0.20487833505663744,-0.21800814130550861,0.38027783737750698,-0.012624271408351311,0.066577325927715286,0.27008798460564876,0.37815550318101149,-0.017254657262450252
523,0.71875,0.59375,0.4724175795101177,-0.33339103845396584,0.5782109943192123,0.47150326562993883,-0.29869818368340473,0.00091431388017887416,-0.03469285477056111,0.18166682009180002,-0.3514218815651694,0.52417334587432929,-0.30936912515886011,0.05705884392716376,0.3450784758935086,0.51966299902008495,-0.31244784506922357
524,0.78125,0.59375,0.43174551416965301,-0.070756479299717331,0.43750504953487035,0.43530434028855181,-0.061876065037982562,-0.0035588261188987946,-0.0088804142617347689,0.23859872728612053,-0.2376162353456549,0.43478140553146161,-0.014433653311446658,0.056404586370841531,0.2971499758825013,0.43215937565705148,-0.019342908693666103
525,0.65625,0.71875,0.21166204320353657,-0.42869079890309564,0.47809687469933349,0.13718093182383895,-0.36346974811127813,0.074481111379697623,-0.065221050791817503,-0.030361050556442337,-0.35026654501183996,0.27261343112484637,-0.45726170682618394,0.067315440049691283,0.32131215539055352,0.2689956925870774,-0.45814551452372038
526,0.65625,0.78125,0.14199430797358667,-0.28111572344994951,0.31494195253679091,0.085786078964254331,-0.20207842393784597,0.056208229009332339,-0.079037299512103532,-0.026488945794237686,-0.24870477405100228,0.19484203431114894,-0.32681368927050536,0.069865486895795428,0.23470919323958866,0.19210467435571818,-0.32788745542103243
527,0.59375,0.71875,-0.021598281505282937,-0.56768911698197289,0.56809983216310977,-0.054988574775966276,-0.46295363579771565,0.033390293270683338,-0.10473548118425724,-0.17494813674571852,-0.3883273965388031,0.022886925033934698,-0.60822951325066332,0.060186853468671218,0.29579664062276939,0.019956898729705772,-0.60719008771039173
528,0.59375,0.78125,-0.043257075548759225,-0.40344783995050548,0.4057601929043308,-0.10638342763555091,-0.30156231162428349,0.063126352086791682,-0.101885528326222,-0.17107603198351387,-0.28676562557796542,0.016357723147897272,-0.43471326853139075,0.067316054905121367,0.23878843694395258,0.014088823299263937,-0.4341574172585288
529,0.15625,0.78125,0.015543827600819106,0.17502854773340804,0.17571739554793622,-0.052448090836637866,0.16573621341493214,0.067991918437456972,0.0092923343184758977,-0.050584646841398337,0.16766689630718004,0.040976847620627789,0.1233226779295397,0.057622352255896084,0.10173454168395067,0.04070585199702019,0.12301690519233338
530,0.15625,0.71875,0.0215097941706987,0.21126836543551089,0.21236052712088091,-0.028732378688583995,0.19343847317003296,0.050242172859282695,0.017829892265477931,-0.038435176694750023,0.20194175537695402,0.057332798161511184,0.17254705066458273,0.052750619261910721,0.10017761063829074,0.057107825096891884,0.17229290562043356
531,0.09375,0.78125,0.01280955439859173,0.05592495170110335,0.057373207219583104,-0.016079552709761184,0.07151457655047315,0.028889107108352914,-0.0155896248493698,-0.044413581437279893,0.092962576894812132,0.039489459504954222,0.036788240679920155,0.032833383090884523,0.10097166101702962,0.039147434015870813,0.036681382653345224
532,0.09375,0.71875,0.038181886652783388,0.078255914242085278,0.0870737881467816,0.0076361594382926869,0.099216836305573985,0.030545727214490701,-0.020960922063488707,-0.032264111290631579,0.12723743596458609,0.055251717561723541,0.051472304486331388,0.031760681334132672,0.11575567134111371,0.054911152956195086,0.051418835846787615
533,0.21875,0.84375,-0.015550430797174331,0.15780800070933332,0.15857232099535737,-0.052178277730573049,0.17222337675178018,0.036627846933398718,-0.014415376042446859,-0.034867461489367299,0.16922306780506183,-0.023163474375380272,0.12787117887740859,0.030889670343337554,0.042976296167182029,-0.023154643627510688,0.12735434423481373
534,0.28125,0.84375,-0.090787925853470022,0.15370322793159777,0.17851366826483586,-0.10179638766916049,0.17459958026671449,0.011008461815690471,-0.020896352335116719,-0.056829175680899437,0.15493710491645657,-0.11421629359988733,0.14147145547557996,0.026429238972720398,0.058945780323212293,-0.11368822023831116,0.14104927092225844
535,0.21875,0.90625,0.00082323419529439648,0.062174246306534744,0.06217969619036387,-0.015539926497631553,0.084488903224169215,0.016363160692925951,-0.022314656917634471,-0.012979210733217811,0.096074919890575705,-0.0096199910862690419,0.053106005647358338,0.013830905354828581,0.043100022597179863,-0.0096869725723161548,0.052561927723653708
536,0.28125,0.90625,-0.04713028039101267,0.065053825393312045,0.080332207289722873,-0.065158036436218994,0.08686510673910354,0.018027756045206324,-0.021811281345791494,-0.034940924924749948,0.081788957001970447,-0.047435013786422342,0.058754318051833454,0.0063068736460801696,0.026204901221842727,-0.047046134663726612,0.05826171887029636
537,0.28125,0.65625,-0.36559345972949309,0.3581847064109494,0.51181526130399679,-0.33308457918452994,0.35929820578908167,-0.032508880544963148,-0.0011134993781322655,-0.20030594427042817,0.30917087667137211,-0.33441402703887996,0.41421444914306843,0.064120894360075162,0.170350021959043,-0.33329957936743171,0.41419185055827074
538,0.21875,0.65625,-0.12184547617285965,0.34555351268938278,0.36640626385988861,-0.092371586830607019,0.35616455087720972,-0.029473889342252632,-0.010611038187826938,-0.059417552580238141,0.33673248850940363,-0.067820365220557843,0.37439418250081757,0.06124130018688962,0.038587698228466825,-0.067464602878315558,0.37407133365099682
539,0.28125,0.59375,-0.39488256931889582,0.42375382779594412,0.57922322995854303,-0.36035524919967626,0.42780264663179945,-0.034527320119219551,-0.004048818835855339,-0.21511725475179783,0.36925729039145383,-0.38234413477286838,0.47358200423098257,0.051381509394979194,0.19710016570079561,-0.38109273732125643,0.47366743139490369
540,0.21875,0.59375,-0.12745044783538656,0.41931612578136696,0.43825749279816739,-0.11964225684575334,0.4246689917199275,-0.0078081909896332152,-0.005352865938560547,-0.074228863061607822,0.39681890222948535,-0.077540763136766805,0.42805447199625907,0.050668879218776469,0.031410659031017266,-0.077108102162036257,0.42779261894525056
541,0.34375,0.71875,-0.45308783902132843,0.15151060517613921,0.47774894385006983,-0.37808314553194017,0.086246616020228276,-0.075004693489388263,0.065263989155910931,-0.26916898878583184,0.080251194961013336,-0.4920609039589155,0.20318075242106795,0.064720197055803189,0.25454367394781191,-0.49066906471294636,0.20375599099737693
542,0.34375,0.78125,-0.29627810452661979,0.10407387058545356,0.31402561322370565,-0.21070397526465856,0.057786904868189812,-0.085574129261961229,0.046286965717263748,-0.16239178143382227,0.059251984840665628,-0.35168534116879707,0.14521717059663483,0.069012556887368709,0.20789917007818182,-0.35053519867756899,0.14550987366479848
543,0.40625,0.71875,-0.55861307845796893,-0.09940421981303614,0.56738855323396098,-0.45035238189449678,-0.11830053290590736,-0.10826069656347215,0.018896313092871223,-0.35284334378260518,-0.088582073029263714,-0.6050869331404819,-0.065854046719193635,0.057318699249704945,0.25326545668941192,-0.60389971938917575,-0.06428750252045054
544,0.40625,0.78125,-0.39199395895077155,-0.096841763594445796,0.40377913644711971,-0.28297321162721517,-0.14676024405794583,-0.10902074732355638,0.049918480463500031,-0.24606613643059563,-0.10958128314961142,-0.43246720640918712,-0.047067146976015897,0.064152912789224317,0.1966046187420189,-0.43144863104872339,-0.045960096789323904
545,0.03125,0,-0.0081036390494250172,-3.5692177202663902e-05,0.0081037176514782063,-0.0012255863856247,-0.0075357815841368483,-0.0068780526638003176,0.0075000894069341848,-0.027567205569438289,-0.016662048033426441,0,0,0.0081037176514782063,0.032211405861524878,-6.4301424556033104e-05,-8.4776666988456182e-05
546,0,0.03125,-0.0059564666636206182,2.5062388206394092e-05,0.0059565193895534619,-0.0013604929386571364,-0.010779363252560778,-0.0045959737249634813,0.010804425640767171,-0.03542579824545386,-0.017440133782367299,0,0,0.0059565193895534619,0.039486015849595039,-4.5761531280042195e-05,-8.3593944641669219e-05
547,0.96875,0,0.0062389849367257043,-0.0027445313647994044,0.0068159654820911415,-0.0055016734068169997,-0.00037947743682223162,0.011740658343542704,-0.0023650539279771727,0.079540994227439848,0.056715095781685113,0,0,0.0068159654820911415,0.097690182987930446,0.0013564504960505784,0.0017763239708369924
548,1,0.03125,0.0072943062742859919,-0.0016590762332235034,0.0074806041180331875,-0.0083816411030505286,-0.00078306558217061716,0.015675947377336519,-0.00087601065105288628,0.095830323673028101,0.058927020780346617,-0,0,0.0074806041180331875,0.11249819871146707,0.0013391024871010015,0.0018350932903190814
549,1,0.96875,0.007294306274285684,-0.0016590762332235607,0.0074806041180328995,-0.0083816411030511913,-0.00078306558217060502,0.015675947377336876,-0.00087601065105295567,0.095830323673027462,0.058927020780346624,-0,0,0.0074806041180328995,0.11249819871146653,0.0013391024871010364,0.0018350932903185737
550,0.96875,1,0.006238984936725275,-0.0027445313647993337,0.00681596548209072,-0.0055016734068174993,-0.00037947743682209805,0.011740658343542775,-0.0023650539279772356,0.079540994227439349,0.056715095781685196,0,0,0.00681596548209072,0.097690182987930085,0.0013564504960506185,0.001776323970836513
551,0,0.96875,-0.0059564666636206581,2.5062388206673471e-05,0.0059565193895535027,-0.0013604929386571347,-0.010779363252560369,-0.004595973724963523,0.010804425640767041,-0.03542579824545386,-0.017440133782367289,0,0,0.0059565193895535027,0.039486015849595039,-4.5761531279844341e-05,-8.3593944642290467e-05
552,0.03125,1,-0.0081036390494251317,-3.5692177202395982e-05,0.0081037176514783208,-0.0012255863856247265,-0.0075357815841363531,-0.0068780526638004052,0.0075000894069339567,-0.027567205569438338,-0.016662048033426396,0,0,0.0081037176514783208,0.032211405861524899,-6.4301424555843098e-05,-8.4776666989090711e-05
553,0.5,0.46875,-0.65362041630403178,-0.75202011480867637,0.99637036371336873,-0.71344821024951899,-0.82083846541431849,0.059827793945487207,0.06881835060564212,-0.66730266792941773,-0.59946829084841213,-0.64854700388574782,-0.75090152370297292,0.0051952631913847044,0.15259029768141433,-0.64949601113677657,-0.74722639215080133
554,0.46875,0.5,-0.77719690083548754,-0.62331370671885333,0.9962705454101729,-0.6909489270758139,-0.68431267052989186,-0.086247973759673635,0.060998963811038531,-0.63287114567171598,-0.48500844999323284,-0.81416125810249229,-0.56710471727326817,0.06727417188384166,0.19901231611756723,-0.81407055973224407,-0.56354514292535107
555,0.53125,0.5,-0.50921468560628869,-0.85673739579199615,0.99664364814389039,-0.58182525014804276,-0.77977460238574081,0.072610564541754075,-0.076962793406255336,-0.5781489287200382,-0.59024191210500376,-0.4426092381537533,-0.88801091032125312,0.073582051761038159,0.3271656828237231,-0.44471356107144255,-0.88448540284775301
556,0.5,0.53125,-0.65362041630403211,-0.75202011480867625,0.99637036371336885,-0.71344821024951899,-0.82083846541431849,0.059827793945486873,0.068818350605642231,-0.66730266792941784,-0.59946829084841224,-0.64854700388574782,-0.75090152370297292,0.0051952631913850062,0.15259029768141424,-0.64949601113677546,-0.74722639215080011
557,0.46875,0,-0.027698914425658895,0.0054798639973730433,0.028235771103153527,0.020130237934716754,0.019601112876900653,-0.047829152360375646,-0.01412124887952761,0.0027513037517473892,-0.0081104277592522443,-0,-0,0.028235771103153527,0.0085643861877211392,8.0689651523577099e-05,0.00057579706445491099
558,0.53125,0,0.025683166987702351,-0.0062539830372379448,0.026433640883318812,0.016142005481075361,0.023002143418498319,0.0095411615066269898,-0.029256126455736262,0.0037576076293921738,-0.018831710572118163,-0,-0,0.026433640883318812,0.019202940872910412,-0.00036768619146407478,0.00024282164466702259
559,0.5,0.03125,-0.0098052651868567545,-0.0090336645444997407,0.013332303645174631,-0.034323555863032228,-0.038805224822361511,0.024518290676175475,0.029771560277861771,-0.050029999124714029,-0.055952987797147608,-0.0095848315376271219,-0.011097521942000107,0.0020755959026095804,0.060397221775755953,-0.0096736934110138884,-0.010573856857458017
560,0,0.46875,0.0087098820963056236,-0.020379838126022013,0.022163028858312794,0.03152191972523951,-0.061804176939673591,-0.022812037628933884,0.041424338813651582,-0.043182163117699957,0.016230012408830426,0,0,0.022163028858312794,0.046131469891110513,-0.0002874339487620878,6.082376738499442e-05
561,0,0.53125,0.0087098820963056548,-0.020379838126022166,0.022163028858312946,0.031521919725239558,-0.061804176939673591,-0.022812037628933905,0.041424338813651429,-0.043182163117699957,0.016230012408830409,0,0,0.022163028858312946,0.046131469891110506,-0.00028743394876210189,6.0823767384896083e-05
562,0.03125,0.5,-0.00048942709499383893,-0.0139714834971443,0.013980053290037545,-0.00029768434577194872,0.019558861913914795,-0.00019174274922189021,-0.033530345411059093,-0.053673351060444019,0.083625378975055217,0.014207837482664942,0.003627856519219918,0.02292915949347691,0.10491643988001585,0.01391236024131955,0.0037555119118129056
563,1,0.46875,-0.014659815164559392,-0.003256144103488936,0.015017078779900279,-0.060815264469212572,0.020600650800543917,0.046155449304653179,-0.023856794904032853,0.17236522339117968,-0.11658600761157731,-0,0,0.015017078779900279,0.20809148806594188,0.0046396857986424466,-0.0012902172360242136
564,1,0.53125,-0.014659815164559602,-0.003256144103489041,0.015017078779900507,-0.060815264469212635,0.020600650800543924,0.046155449304653033,-0.023856794904032967,0.1723652233911796,-0.11658600761157728,-0,0,0.015017078779900507,0.2080914880659418,0.0046396857986422879,-0.0012902172360243376
565,0.96875,0.5,-0.002078946589279223,-0.0046927165051796199,0.0051326023729742539,0.023222101984389606,0.00026073373361011273,-0.025301048573668831,-0.0049534502387897326,0.1914420264008648,-0.14669283109185993,0.0015220089307815873,0.014584494426358646,0.019610653787073874,0.24915856148674914,0.0057146994124734792,0.012110509488050361
566,0.53125,1,0.025683166987702802,-0.0062539830372382223,0.026433640883319318,0.016142005481075441,0.023002143418497666,0.009541161506627361,-0.029256126455735887,0.0037576076293923621,-0.018831710572119027,-0,-0,0.026433640883319318,0.019202940872911297,-0.00036768619146478006,0.00024282164466475403
567,0.46875,1,-0.027698914425658701,0.0054798639973724994,0.028235771103153229,0.020130237934716754,0.019601112876899956,-0.047829152360375451,-0.014121248879527457,0.0027513037517474556,-0.0081104277592531932,-0,-0,0.028235771103153229,0.0085643861877220603,8.0689651522222443e-05,0.00057579706445250493
568,0.5,0.96875,-0.0098052651868563555,-0.009033664544500216,0.013332303645174659,-0.034323555863032283,-0.038805224822362386,0.024518290676175926,0.02977156027786217,-0.05002999912471396,-0.055952987797148662,-0.0095848315376271219,-0.011097521942000107,0.0020755959026090651,0.060397221775756689,-0.0096736934110154531,-0.010573856857460082
569,0.25,0.21875,-0.090563060039587182,0.26038896204498618,0.27568837370951849,-0.10938392730636812,0.29478488083685683,0.018820867266780936,-0.03439591879187065,-0.058437167005662517,0.26621322856001256,-0.10938689405756581,0.23901472403414586,0.028481481311203961,0.057754942083834152,-0.10896752031665613,0.23857800959722519
570,0.21875,0.25,-0.058953979362379713,0.29502689675949056,0.30085950457679578,-0.10951883385940055,0.29154129916843285,0.050564854497020834,0.0034855975910577097,-0.066295759681678085,0.26543514281107167,-0.046853131378546957,0.25864708576882256,0.038339550983867272,0.020593530871187274,-0.04666418571552803,0.25821541159980127
571,0.28125,0.25,-0.19846062410572077,0.26100353975502466,0.32788636306666513,-0.1638377211041171,0.23637854313759465,-0.034622903001603672,0.024624996617430006,-0.11121846988212394,0.2183706685221172,-0.2310271301655005,0.28615658351998791,0.041149154639965893,0.13765553149436488,-0.23019958455165368,0.2859253090379818
572,0.25,0.28125,-0.1658383377781012,0.31489401582675725,0.35589407901861142,-0.14133843793041201,0.37290433802202128,-0.024499899847689188,-0.05801032219526403,-0.076786947624422147,0.33283050937729647,-0.15304878443992284,0.33441769502495072,0.023339809854068687,0.076278351534063565,-0.1524624957032383,0.33407773084202075
573,0.75,0.21875,0.2699615868526658,-0.055232640609484587,0.2755538113775709,0.30627878607036019,-0.06953550296049045,-0.036317199217694385,0.014302862351005863,0.15576369604574158,-0.20221151187445219,0.25238698507118906,-0.073446175280646273,0.025310066633556977,0.16098624751888371,0.250859580946802,-0.076780852950135481
574,0.78125,0.25,0.29958454526711231,-0.019830002320046516,0.30024011849670507,0.30339881837412663,-0.069939091105838833,-0.003814273107014321,0.050109088785792316,0.17205302549132984,-0.1999995868757907,0.26271175947010772,-0.0087213721856311301,0.038509790909520988,0.21167513189245823,0.26162384505951336,-0.012700845408916443
575,0.71875,0.25,0.28494054593934331,-0.16187273701820806,0.32771008179483424,0.25581322472625256,-0.13134287120135027,0.029127321213090751,-0.030529865816857793,0.10197608929163537,-0.23933278909948164,0.31672583098085982,-0.18693280384625577,0.040476058288779433,0.22105024318042926,0.3140874073383465,-0.18975417375256867
576,0.75,0.28125,0.33361088848542508,-0.12260868946241894,0.35542807380358493,0.38743618482772885,-0.090279008172772637,-0.053825296342303763,-0.032329681289646306,0.19112982850101495,-0.23010641035607332,0.35312750770009399,-0.10276229108899304,0.027834833463972905,0.2060576928381857,0.35074347090709668,-0.10645549431932118
577,0.78125,0.75,0.29958454526711326,-0.019830002320045996,0.30024011849670601,0.30339881837412747,-0.069939091105837917,-0.00381427310701421,0.050109088785791921,0.17205302549133036,-0.19999958687578995,0.26271175947010772,-0.0087213721856311301,0.038509790909521738,0.21167513189245735,0.26162384505951269,-0.012700845408915367
578,0.75,0.78125,0.26996158685266691,-0.055232640609483949,0.27555381137757184,0.30627878607036119,-0.069535502960489409,-0.036317199217694274,0.01430286235100546,0.15576369604574225,-0.20221151187445138,0.25238698507118906,-0.073446175280646273,0.025310066633558208,0.16098624751888269,0.2508595809468015,-0.076780852950134509
579,0.75,0.71875,0.33361088848542569,-0.12260868946241833,0.35542807380358526,0.38743618482772973,-0.090279008172771721,-0.053825296342304041,-0.032329681289646611,0.19112982850101556,-0.2301064103560726,0.35312750770009399,-0.10276229108899304,0.027834833463972041,0.20605769283818479,0.35074347090709623,-0.10645549431931979
580,0.71875,0.75,0.28494054593934409,-0.16187273701820754,0.32771008179483468,0.25581322472625345,-0.13134287120134946,0.02912732121309064,-0.030529865816858071,0.10197608929163593,-0.23933278909948102,0.31672583098085982,-0.18693280384625577,0.040476058288779149,0.22105024318042857,0.31408740733834617,-0.1897541737525674
581,0.21875,0.75,-0.058953979362379456,0.29502689675949034,0.3008595045767955,-0.10951883385940023,0.29154129916843219,0.050564854497020771,0.0034855975910581538,-0.066295759681678085,0.26543514281107228,-0.046853131378546957,0.25864708576882256,0.038339550983866981,0.020593530871187475,-0.046664185715528668,0.25821541159980244
582,0.25,0.78125,-0.090563060039587084,0.26038896204498635,0.2756883737095186,-0.10938392730636781,0.29478488083685622,0.018820867266780728,-0.034395918791869873,-0.058437167005662559,0.26621322856001317,-0.10938689405756581,0.23901472403414586,0.028481481311204152,0.057754942083834408,-0.10896752031665748,0.23857800959722669
583,0.25,0.71875,-0.1658383377781012,0.31489401582675697,0.3558940790186112,-0.14133843793041173,0.37290433802202061,-0.024499899847689466,-0.058010322195263642,-0.076786947624422147,0.33283050937729708,-0.15304878443992284,0.33441769502495072,0.023339809854068919,0.076278351534063552,-0.15246249570323842,0.33407773084202191
584,0.28125,0.75,-0.19846062410572016,0.26100353975502433,0.32788636306666447,-0.16383772110411685,0.23637854313759388,-0.034622903001603311,0.02462499661743045,-0.11121846988212397,0.21837066852211773,-0.2310271301655005,0.28615658351998791,0.04114915463996658,0.1376555314943646,-0.23019958455165473,0.28592530903798358
585,0.21875,0,0.019199602908867727,0.011700716160098051,0.022484027897985311,0.015982317952562688,-0.011607205806119063,0.0032172849563050394,0.023307921966217116,0.011637579753675457,0.0063580310174918969,-0,0,0.022484027897985311,0.013261139503924463,6.1125895039115151e-05,-0.00053068338743911107
586,0.28125,0,-0.012659857869932303,-0.011899000216409749,0.017374067095444468,0.019033149998325755,-0.0077305065973994197,-0.031693007868258058,-0.0041684936190103297,0.015968795370987696,0.0075796910566596392,-0,0,0.017374067095444468,0.017676372425214519,0.00043150264494720811,-0.00038679434426357043
587,0.25,0.03125,-2.061930409712845e-05,0.0062426281543966032,0.0062426622069247503,0.00053112639245648727,0.031581460254022885,-0.00055174569655361575,-0.025338832099626282,0.0072275852627862822,0.046768784816554609,-0.0034325160878145547,0.0075001844831612792,0.0036362738597027324,0.040689811168754031,-0.0032695655878212672,0.0069566443977456078
588,0,0.21875,0.0010056080865789041,-0.025131917476338025,0.025152028221621762,0.015037972081335633,-0.034312277485086577,-0.014032363994756729,0.0091803600087485525,-0.043372568978433557,0.00091143077490587945,0,0,0.025152028221621762,0.043382144320519962,-0.00019001250285012578,-0.00011236115585542803
589,0,0.28125,0.0047382174455255091,0.0048306829705186752,0.00676655026751013,0.019735459604749442,-0.041601536583245551,-0.014997242159223934,0.046432219553764226,-0.044480621103040137,0.005721451659362697,0,0,0.00676655026751013,0.044847080872701665,-0.00021879237462939753,-7.275735783016671e-05
590,0.03125,0.25,-0.0027499743863972602,-0.0064648088791945347,0.0070253905920136198,-0.00041321947877056772,0.0088763885750553703,-0.0023367549076266925,-0.015341197454249906,-0.047782563469322727,0.041322184573968593,0.0079919085839990286,0.0020406692920612039,0.013701503883566857,0.068218979585372666,0.0077481477355224185,0.0019878287749073779
591,0.78125,0,-0.007232297399442646,0.014750227277434065,0.016427882712326161,-0.011976431304005757,0.012736475643024148,0.0047441339045631113,0.0020137516344099163,0.033839120599936573,-0.056676887725715615,0,-0,0.016427882712326161,0.066010269543840108,0.0016835459241877286,-0.0013037385742693385
592,0.71875,0,0.0073235081735778919,-0.013319333246162286,0.015199947700264832,-0.0088844771771639918,0.016076707193784227,0.016207985350741885,-0.029396040439946515,0.02301292251450119,-0.067469288633401792,0,-0,0.015199947700264832,0.071286040087493396,0.00075586482007186152,-0.0015941050674437279
593,0.75,0.03125,0.0062827639729528444,-0.0028879848836456303,0.0069147364250562631,0.03256363433559098,0.0028570434253572599,-0.026280870362638136,-0.0057450283090028902,0.044728078002551103,-0.093666403105163804,0.0079198005764379645,-0.0023047110022759529,0.0017378427034223053,0.09849775667993961,0.0087888106538545237,-0.0041420423697075643
594,1,0.21875,-0.0098964841062063429,-0.01206680806781152,0.015606032635163749,-0.032136205177640466,0.0099113586255854501,0.022239721071434123,-0.021978166693396972,0.14786442671905434,-0.041193412735085096,-0,0,0.015606032635163749,0.15349523100643114,0.0034747673353960262,0.00014659084708729369
595,1,0.28125,-0.00032920686932441331,0.0080932602480512181,0.0080999530002029297,-0.039626722801377898,0.012966175251687527,0.039297515932053481,-0.0048729150036363085,0.15879798382164742,-0.066266702505359945,-0,0,0.0080999530002029297,0.17206997276327463,0.0039411937101996976,-0.00037455267931922815
596,0.96875,0.25,0.0015803589199142761,-0.0033916782892164776,0.0037417931441081865,0.012403860461956275,3.1926407918561606e-05,-0.010823501542041999,-0.0034236046971350392,0.15875338412166887,-0.078182928114533284,0.00085613002356464284,0.0082037781148267385,0.011618051330252187,0.1799839044605907,0.0044425275841531364,0.0071327598292609947
597,1,0.78125,-0.009896484106207009,-0.012066808067811635,0.015606032635164259,-0.032136205177640993,0.0099113586255855021,0.022239721071433984,-0.021978166693397139,0.1478644267190537,-0.041193412735084922,-0,0,0.015606032635164259,0.15349523100643048,0.0034747673353953457,0.00014659084708663886
598,1,0.71875,-0.00032920686932495357,0.0080932602480508556,0.0080999530002025897,-0.039626722801378342,0.012966175251687579,0.039297515932053391,-0.0048729150036367231,0.15879798382164687,-0.066266702505359765,-0,0,0.0080999530002025897,0.17206997276327404,0.0039411937101989352,-0.00037455267931986132
599,0.96875,0.75,0.001580358919913691,-0.0033916782892164372,0.0037417931441079029,0.012403860461955962,3.1926407918743752e-05,-0.010823501542042271,-0.003423604697135181,0.15875338412166839,-0.078182928114533007,0.00085613002356464284,0.0082037781148267385,0.011618051330252111,0.17998390446059015,0.004442527584152243,0.007132759829260555
600,0.78125,1,-0.0072322973994423372,0.014750227277435092,0.016427882712326949,-0.011976431304005143,0.01273647564302505,0.0047441339045628059,0.0020137516344100412,0.033839120599936962,-0.056676887725714907,0,-0,0.016427882712326949,0.066010269543839706,0.001683545924187727,-0.0013037385742696785
601,0.71875,1,0.007323508173578369,-0.013319333246161342,0.015199947700264236,-0.0088844771771632962,0.016076707193785018,0.016207985350741666,-0.029396040439946362,0.023012922514501672,-0.067469288633401223,0,-0,0.015199947700264236,0.071286040087493022,0.00075586482007203727,-0.0015941050674443743
602,0.75,0.96875,0.0062827639729536077,-0.0028879848836448683,0.0069147364250566386,0.032563634335591812,0.0028570434253582921,-0.026280870362638206,-0.0057450283090031608,0.044728078002551658,-0.093666403105162999,0.0079198005764379645,-0.0023047110022759529,0.0017378427034213306,0.098497756679939083,0.0087888106538545011,-0.0041420423697079928
603,0,0.78125,0.001005608086579444,-0.025131917476337834,0.025152028221621592,0.015037972081335969,-0.034312277485086549,-0.014032363994756526,0.0091803600087487156,-0.043372568978433577,0.00091143077490576149,0,0,0.025152028221621592,0.043382144320519983,-0.00019001250285031931,-0.00011236115585587384
604,0,0.71875,0.0047382174455258552,0.0048306829705186483,0.0067665502675103529,0.019735459604749782,-0.041601536583245578,-0.014997242159223927,0.046432219553764226,-0.044480621103040165,0.0057214516593625756,0,0,0.0067665502675103529,0.044847080872701679,-0.00021879237462956214,-7.2757357830519184e-05
605,0.03125,0.75,-0.0027499743863966209,-0.0064648088791946718,0.0070253905920134958,-0.00041321947877018608,0.0088763885750552524,-0.0023367549076264349,-0.015341197454249923,-0.047782563469322754,0.041322184573968558,0.0079919085839990286,0.0020406692920612039,0.013701503883566443,0.06821897958537268,0.0077481477355221505,0.0019878287749070553
606,0.21875,1,0.019199602908867741,0.011700716160098438,0.022484027897985523,0.015982317952562827,-0.011607205806118431,0.0032172849563049145,0.023307921966216869,0.011637579753675069,0.0063580310174920201,-0,0,0.022484027897985523,0.013261139503924182,6.112589503789949e-05,-0.00053068338744014182
607,0.28125,1,-0.012659857869932126,-0.011899000216409324,0.017374067095444048,0.019033149998325897,-0.0077305065973989591,-0.031693007868258023,-0.0041684936190103652,0.015968795370987325,0.007579691056659621,-0,0,0.017374067095444048,0.017676372425214176,0.00043150264494544048,-0.00038679434426495561
608,0.25,0.96875,-2.0619304096855268e-05,0.0062426281543969554,0.0062426622069251016,0.00053112639245667115,0.031581460254023364,-0.00055174569655352642,-0.02533883209962641,0.0072275852627858954,0.046768784816554818,-0.0034325160878145547,0.0075001844831612792,0.0036362738597028673,0.040689811168754128,-0.0032695655878230471,0.0069566443977448203
609,0.5,0.28125,-0.41466406290842117,-0.47713871520295115,0.6321452670179869,-0.45916121435541518,-0.52829390486251415,0.04449715144699401,0.051155189659563005,-0.44168213459348565,-0.40496327250164565,-0.42736779038062911,-0.49481552309340537,0.021768193055101186,0.090985314126228775,-0.42797740777473264,-0.49245477475074562
610,0.5,0.21875,-0.32452874582771823,-0.37386281238997748,0.49506798458055762,-0.36214340658591709,-0.41657487049223457,0.037614660758198859,0.042712058102257089,-0.35350032476424226,-0.32731822920860787,-0.30544793531720149,-0.35365412015999298,0.027793318826374123,0.054796088215978728,-0.30587492760414747,-0.35192507108512999
611,0.46875,0.25,-0.44145656768993297,-0.34559754984233299,0.5606438866282234,-0.38064543019178637,-0.37726290364081227,-0.060811137498146595,0.03166535379847929,-0.36224153487244365,-0.28812913544871288,-0.45796570768265193,-0.31899640346621333,0.031307709782463118,0.10057785787668588,-0.45779773604617208,-0.31701516152940273
612,0.53125,0.25,-0.2807244303795618,-0.48576856767052234,0.5610501823799724,-0.32069529507316213,-0.4297945342606615,0.039970864693600339,-0.055974033409860846,-0.33178516927619234,-0.35351534368036985,-0.24896769646148625,-0.49950613705570485,0.034600736433725701,0.16784530244774304,-0.25023590879180846,-0.4976371916650148
613,0.28125,0.5,-0.34511987608805234,0.46791004723003499,0.58141855936136588,-0.30166623213947963,0.4273866593284722,-0.043453643948572707,0.040523387901562791,-0.20066147878957313,0.39625561348460936,-0.41071489807200084,0.50872281514664519,0.077255348902776799,0.23826730871424306,-0.40938154022793627,0.5088755662296649
614,0.21875,0.5,-0.11226647288065386,0.5263416652591153,0.53818148381452258,-0.20300176889233079,0.52793973539187322,0.09073529601167693,-0.0015980701327579228,-0.11791893670224858,0.47748901762293622,-0.083294455784083482,0.45981704136679563,0.072559653793678999,0.038873556869033425,-0.082816608758221236,0.45959448997416158
615,0.25,0.46875,-0.22556303211406656,0.51077373573065954,0.55836232910964279,-0.22315044797585079,0.57841766055017407,-0.0024125841382157676,-0.067643924819514534,-0.12122087906853117,0.51308975053754213,-0.23225739709692136,0.50749167119413341,0.0074556334503243322,0.11117754642104727,-0.23135931108622335,0.50736990723886388
616,0.25,0.53125,-0.22556303211406639,0.51077373573065932,0.55836232910964256,-0.22315044797585076,0.57841766055017396,-0.0024125841382156288,-0.067643924819514645,-0.12122087906853116,0.51308975053754224,-0.23225739709692136,0.50749167119413341,0.0074556334503243843,0.11117754642104728,-0.23135931108622312,0.50736990723886444
617,0.71875,0.5,0.50813011114009843,-0.2778454278934126,0.57913236107864174,0.46219950635491852,-0.24084686366247066,0.045930604785179907,-0.036998564230941944,0.18239403987217145,-0.34037862129778734,0.56306814396597304,-0.33232498461556581,0.077370598753138689,0.3807592869404865,0.55819080105039931,-0.33543364769299022
618,0.78125,0.5,0.53344524311239583,-0.04068167867520394,0.53499423022970594,0.54863484237383742,-0.1294132442168491,-0.015189599261441589,0.088731565541645158,0.29233560488944332,-0.27701446686733822,0.46704312794685815,-0.015504661663344231,0.071014949722384521,0.31449975648748602,0.46411866862499729,-0.020573552242078966
619,0.75,0.46875,0.53397158526519906,-0.15420997568522365,0.55579346026331311,0.60066542563717162,-0.14234749306061806,-0.066693840371972568,-0.011862482624605597,0.29229100518946477,-0.28893069247651154,0.53588452911850015,-0.15594571584078445,0.0025830501492438503,0.27752983427186784,0.53186774996866359,-0.16017544687078117
620,0.75,0.53125,0.53397158526519894,-0.15420997568522324,0.55579346026331289,0.60066542563717173,-0.14234749306061792,-0.06669384037197279,-0.011862482624605319,0.29229100518946483,-0.28893069247651143,0.53588452911850015,-0.15594571584078445,0.0025830501492442124,0.27752983427186773,0.53186774996866371,-0.16017544687078081
621,0.5,0.71875,-0.41466406290842156,-0.47713871520295187,0.63214526701798768,-0.45916121435541546,-0.52829390486251482,0.044497151446993899,0.05115518965956295,-0.44168213459348599,-0.40496327250164632,-0.42736779038062911,-0.49481552309340537,0.021768193055100374,0.090985314126228164,-0.42797740777473298,-0.49245477475074317
622,0.5,0.78125,-0.32452874582771835,-0.37386281238997826,0.49506798458055828,-0.36214340658591737,-0.41657487049223535,0.037614660758199026,0.042712058102257089,-0.35350032476424259,-0.32731822920860865,-0.30544793531720149,-0.35365412015999298,0.027793318826374765,0.054796088215978644,-0.30587492760414908,-0.35192507108512849
623,0.53125,0.75,-0.28072443037956224,-0.48576856767052312,0.56105018237997328,-0.32069529507316225,-0.42979453426066205,0.039970864693600006,-0.055974033409861068,-0.33178516927619262,-0.35351534368037041,-0.24896769646148625,-0.49950613705570485,0.034600736433725798,0.16784530244774271,-0.25023590879180946,-0.49763719166501291
624,0.46875,0.75,-0.44145656768993369,-0.34559754984233415,0.56064388662822462,-0.38064543019178659,-0.377262903640813,-0.060811137498147094,0.031665353798478846,-0.36224153487244398,-0.28812913544871349,-0.45796570768265193,-0.31899640346621333,0.031307709782463729,0.10057785787668538,-0.45779773604617308,-0.31701516152940057
625,0.125,0.09375,0.020700005530658549,0.013400257903074489,0.024658814668150713,0.022726686131709757,0.015513412812902517,-0.0020266806010512083,-0.0021131549098280279,-0.016150432100111772,0.044554214367825383,0.011944047182958217,0.018601751346381753,0.010184416558027837,0.038246962010939481,0.011592103574019651,0.018373771489239181
626,0.09375,0.125,0.020424824524854741,0.0084675137195684789,0.02211045556885222,0.022591779578677321,0.012269831144478585,-0.00216695505382258,-0.0038023174249101066,-0.024009024776127347,0.043776128618884524,0.01617488261322925,0.015068463382495295,0.0078507670137818106,0.04938498209375982,0.015847545877584242,0.014932519879539828
627,0.15625,0.125,0.013394028012773415,0.053931350861522377,0.055569691308802405,0.0072754945716035566,0.058702078873044468,0.0061185334411698582,-0.0047707280115220907,-0.020560426591000949,0.084964968166888089,0.016784116785409142,0.05051296887993946,0.0048143574086643758,0.050809006828125301,0.016456371370263824,0.050170152560145807
628,0.125,0.15625,0.017305859240473447,0.05259027075151447,0.055364513379679216,0.0071405880185711201,0.055458497204620531,0.010165271221902326,-0.0028682264531060611,-0.028419019267016524,0.084186882417947237,0.028759447735422581,0.044790186059956064,0.013857345005704194,0.069436854570701659,0.02840107546700988,0.044568797131647075
629,0.875,0.09375,0.009315387925989814,0.020752794492640714,0.022747635733531859,0.014454251021553548,0.023654504908502606,-0.0051388630955637345,-0.0029017104158618919,0.096229664546744573,-0.057905362054071076,0.016665936827248283,0.01452349702831645,0.0096350773763799538,0.10759333806792358,0.018940542975544251,0.013172580921207624
630,0.90625,0.125,0.010009959893106978,0.019213731431558214,0.021664874165008629,0.011574283325320019,0.02325091676315422,-0.0015643234322130408,-0.0040371853315960063,0.11251899399233282,-0.055693437055409571,0.012554662544338967,0.018195215433160435,0.0027409645058226019,0.12430768491296519,0.015136723829102279,0.017032358156104582
631,0.84375,0.125,0.052129763425828035,0.019256299170724259,0.05557263078697313,0.058994316661150285,0.013775072690835718,-0.0068645532353222502,0.0054812264798885409,0.1071186219493591,-0.094894877433519265,0.047533332763073609,0.023955143033739093,0.0065731505753710883,0.13295011866290682,0.049238711956694464,0.021606550788473393
632,0.875,0.15625,0.054040106945763208,0.023118567385061083,0.058777557933680225,0.056114348964916759,0.013371484545487332,-0.0020742420191535507,0.0097470828395737515,0.12340795139494735,-0.09268295243485776,0.040129039328392124,0.034970370371392168,0.018275202769925065,0.1524163640114331,0.042281947496641138,0.032683684109165487
633,0.90625,0.875,0.010009959893106853,0.019213731431558773,0.021664874165009066,0.011574283325319915,0.023250916763154762,-0.0015643234322130616,-0.0040371853315959889,0.11251899399233262,-0.055693437055408995,0.012554662544338967,0.018195215433160435,0.0027409645058229255,0.12430768491296469,0.015136723829101601,0.017032358156104405
634,0.875,0.90625,0.0093153879259898053,0.020752794492641391,0.022747635733532473,0.014454251021553607,0.023654504908503269,-0.0051388630955638021,-0.002901710415861878,0.096229664546744503,-0.057905362054070424,0.016665936827248283,0.01452349702831645,0.0096350773763803979,0.10759333806792308,0.018940542975543709,0.013172580921207513
635,0.875,0.84375,0.054040106945763361,0.023118567385061739,0.05877755793368062,0.056114348964916877,0.013371484545488003,-0.002074242019153516,0.0097470828395737358,0.12340795139494731,-0.09268295243485708,0.040129039328392124,0.034970370371392168,0.018275202769924757,0.15241636401143252,0.04228194749664034,0.032683684109165605
636,0.84375,0.875,0.052129763425828278,0.019256299170725074,0.055572630786973644,0.058994316661150556,0.013775072690836511,-0.006864553235322278,0.0054812264798885634,0.1071186219493592,-0.094894877433518501,0.047533332763073609,0.023955143033739093,0.0065731505753706754,0.13295011866290618,0.049238711956693812,0.021606550788473532
637,0.09375,0.875,0.02042482452485532,0.0084675137195687408,0.022110455568852855,0.02259177957867799,0.012269831144478662,-0.0021669550538226702,-0.003802317424909921,-0.024009024776127347,0.043776128618884629,0.01617488261322925,0.015068463382495295,0.0078507670137819043,0.049384982093759883,0.015847545877583653,0.014932519879539464
638,0.125,0.90625,0.020700005530659142,0.013400257903074765,0.024658814668151362,0.022726686131710399,0.015513412812902678,-0.0020266806010512568,-0.0021131549098279134,-0.016150432100111824,0.044554214367825522,0.011944047182958217,0.018601751346381753,0.010184416558028207,0.038246962010939613,0.011592103574018872,0.01837377148923882
639,0.125,0.84375,0.017305859240474075,0.052590270751514498,0.055364513379679438,0.0071405880185718348,0.055458497204620462,0.01016527122190224,-0.002868226453105964,-0.028419019267016517,0.084186882417947417,0.028759447735422581,0.044790186059956064,0.013857345005703691,0.06943685457070177,0.028401075467009141,0.044568797131647062
640,0.15625,0.875,0.013394028012774077,0.053931350861522488,0.055569691308802668,0.0072754945716042435,0.058702078873044475,0.006118533441169834,-0.0047707280115219866,-0.020560426591000998,0.084964968166888311,0.016784116785409142,0.05051296887993946,0.0048143574086639881,0.050809006828125489,0.016456371370262769,0.050170152560145849
641,0.40625,0.375,-0.7924994313096041,-0.055245540375839113,0.79442269501661666,-0.77668592400737979,-0.05822751604700073,-0.015813507302224306,0.0029819756711616172,-0.53899909381912914,-0.059571987228712875,-0.81339138250348331,-0.088524658475706633,0.03929342599204555,0.27591554008749569,-0.8119824596217633,-0.08634190941829073
642,0.375,0.40625,-0.79541284765117171,0.10447615091900249,0.80224489049129899,-0.7541866408336747,0.078298278837425878,-0.041226206817497002,0.026177872081576611,-0.5045675715614274,0.054887853626466407,-0.81000636521856362,0.11546360723006718,0.018267319211568284,0.31138766609384322,-0.80825702091397911,0.11715030821633075
643,0.375,0.34375,-0.71378647640814508,0.109307898287814,0.72210757545621584,-0.69817013984375098,0.092803485174701134,-0.015616336564394095,0.016504413113112862,-0.45955849409808724,0.057262149824219885,-0.70846513882259621,0.10098925642779942,0.0098750410679936829,0.25271837614216686,-0.70686953814643338,0.10240589375549905
644,0.34375,0.375,-0.69007050266660486,0.25346617324133081,0.73514787602777243,-0.67567085667004589,0.22932928005912773,-0.014399645996558963,0.024136893182203079,-0.42512697184038545,0.17172199067939917,-0.66145553147176206,0.27312682535073196,0.034718263462457093,0.25716556649785266,-0.65975294510982507,0.2740822907105544
645,0.59375,0.375,0.05492044356086228,-0.79212399201476946,0.79402561284025119,0.049704686636464795,-0.77699704100333256,0.0052157569243974841,-0.015126951011436907,-0.18805166628597808,-0.56649070836738891,0.030765872761432906,-0.81761581281332596,0.035118032663154178,0.33308397361288344,0.027005766358291661,-0.81590324679369419
646,0.625,0.40625,0.21305626577855269,-0.77295028904041585,0.80177622920311353,0.18132764673794105,-0.73593317797475499,0.031728619040611639,-0.037017111065660857,-0.098897927076598502,-0.55726432962398065,0.23209082552244326,-0.78458651849077754,0.022309556258814384,0.40153322639385813,0.22745368690590589,-0.78380769482181689
647,0.625,0.34375,0.20666651544043738,-0.69164251023516521,0.72185899632039852,0.1881706059187179,-0.67849767040148001,0.018495909521719478,-0.013144839833685196,-0.078154700968684779,-0.51504277954611311,0.20299625531811855,-0.68623188731476303,0.0065380157350885286,0.3291679978971383,0.1988840236099205,-0.68573841286531712
648,0.65625,0.375,0.34576271566893019,-0.64829634648198664,0.7347380542810108,0.31979356602019415,-0.63743380737290234,0.025969149648736034,-0.010862539109084302,0.0109990382406948,-0.50581640080270485,0.36646207922684665,-0.61467652251366878,0.039481086805753969,0.37175865774188571,0.36174066658191301,-0.61525320191992328
649,0.625,0.59375,0.21305626577855233,-0.77295028904041518,0.80177622920311287,0.18132764673794088,-0.73593317797475422,0.031728619040611444,-0.037017111065660968,-0.098897927076598349,-0.55726432962398076,0.23209082552244326,-0.78458651849077754,0.02230955625881504,0.40153322639385797,0.22745368690590589,-0.78380769482181489
650,0.59375,0.625,0.054920443560861613,-0.79212399201476891,0.79402561284025053,0.049704686636464601,-0.77699704100333189,0.0052157569243970123,-0.015126951011437018,-0.18805166628597797,-0.56649070836738913,0.030765872761432906,-0.81761581281332596,0.035118032663154122,0.33308397361288322,0.027005766358291883,-0.81590324679369208
651,0.65625,0.625,0.34576271566892947,-0.64829634648198597,0.7347380542810098,0.3197935660201941,-0.63743380737290145,0.025969149648735368,-0.010862539109084524,0.010999038240695036,-0.50581640080270485,0.36646207922684665,-0.61467652251366878,0.039481086805753782,0.37175865774188555,0.36174066658191251,-0.61525320191992083
652,0.625,0.65625,0.20666651544043721,-0.69164251023516432,0.72185899632039763,0.18817060591871781,-0.67849767040147912,0.018495909521719395,-0.013144839833685196,-0.078154700968684598,-0.51504277954611322,0.20299625531811855,-0.68623188731476303,0.0065380157350877002,0.32916799789713808,0.1988840236099203,-0.68573841286531545
653,0.375,0.59375,-0.79541284765117259,0.10447615091900193,0.80224489049129977,-0.75418664083367559,0.07829827883742542,-0.041226206817497002,0.026177872081576514,-0.50456757156142762,0.054887853626466726,-0.81000636521856362,0.11546360723006718,0.01826731921156791,0.31138766609384294,-0.80825702091397733,0.11715030821633238
654,0.40625,0.625,-0.79249943130960498,-0.055245540375839015,0.79442269501661755,-0.77668592400738079,-0.058227516047001299,-0.015813507302224195,0.0029819756711622833,-0.53899909381912947,-0.059571987228712639,-0.81339138250348331,-0.088524658475706633,0.039293425992045161,0.27591554008749541,-0.8119824596217613,-0.086341909418288468
655,0.34375,0.625,-0.69007050266660586,0.25346617324133042,0.73514787602777321,-0.67567085667004678,0.2293292800591272,-0.014399645996559074,0.024136893182203217,-0.42512697184038567,0.17172199067939958,-0.66145553147176206,0.27312682535073196,0.034718263462458133,0.25716556649785227,-0.65975294510982319,0.27408229071055612
656,0.375,0.65625,-0.71378647640814619,0.10930789828781336,0.72210757545621695,-0.69817013984375187,0.092803485174700495,-0.015616336564394317,0.016504413113112862,-0.45955849409808752,0.057262149824220197,-0.70846513882259621,0.10098925642779942,0.0098750410679937436,0.25271837614216652,-0.70686953814643116,0.10240589375550135
657,0.375,0.09375,-0.12000447735307199,0.023691816264643024,0.12232079440022277,-0.12307681163828878,0.026518722566425349,0.0030723342852167906,-0.0028269063017823254,-0.077704359057395492,0.0029179857411776138,-0.10049235651033959,0.014324838025936804,0.021644009358383388,0.025483506567223101,-0.09969306020500518,0.014480020686998095
658,0.40625,0.125,-0.17802874644160652,-0.023155800996326793,0.17952834227316675,-0.17753060543603777,-0.031887615132836812,-0.00049814100556874741,0.0087318141365100195,-0.13048566193385691,-0.044924574296717749,-0.17713856774520303,-0.019278703401376111,0.0039779773594507753,0.053237245558188526,-0.17634558638334971,-0.018739686750741454
659,0.34375,0.125,-0.14057264934830532,0.06449670190466178,0.15466251744162321,-0.14157883524415804,0.065830689417847657,0.0010061858958527181,-0.0013339875131858775,-0.086445569165596911,0.042107079501072585,-0.1440503157427393,0.059480953076381626,0.0061034334484263153,0.06016775142239919,-0.1432219571381374,0.059431240477603384
660,0.375,0.15625,-0.21983802957719889,0.02073503172545909,0.22081372418634029,-0.19603262904190702,0.0074243517185854924,-0.023805400535291871,0.013310680006873597,-0.13922687204205833,-0.005735480536822774,-0.24197029956413516,0.034492029729514893,0.026059400777036973,0.11033795575962316,-0.24100562936768452,0.034861995562990036
661,0.625,0.09375,0.046122937814452591,-0.11243646583330523,0.12152894404922589,0.043003497171315928,-0.119296665871896,0.0031194406431366631,0.0068602000385907663,-0.034465935416014816,-0.14703907496680835,0.028794037902266437,-0.097338677219044642,0.022983341645797767,0.080448454059202229,0.027649102684543823,-0.098023444060685305
662,0.59375,0.125,0.0014769795668478638,-0.17957850412140655,0.17958457787661755,-0.0074620641727916603,-0.18110403411275583,0.0089390437396395239,0.0015255299913492781,-0.088253542170121019,-0.1841603521918378,0.0067001234013787216,-0.17805855479045765,0.0054398049123888367,0.095149516745970414,0.0053816426706780373,-0.17808451289043131
663,0.65625,0.125,0.083281850333949775,-0.13220474860148482,0.15624967887272029,0.084451608684070895,-0.13251632964032295,-0.0011697583501211195,0.00031158103883813237,-0.0127507799279649,-0.17323618943857036,0.079807297253846596,-0.13386288712519898,0.0038499275928619049,0.10058456435584096,0.078357385603235435,-0.13508922839702131
664,0.625,0.15625,0.047762578512723773,-0.21793212029275363,0.22310462335298958,0.033986047339963313,-0.19432369788118278,0.01377653117276046,-0.023608422411570851,-0.066538386682071099,-0.21035746666359978,0.069331660822936417,-0.2343767198199351,0.027122871627357326,0.13797678910309924,0.067493112860118359,-0.23487557451042937
665,0.09375,0.375,0.11068803642460395,0.078928955365235753,0.1359471272318096,0.098436403546253604,0.088087351311622417,0.012251632878350349,-0.0091583959463866632,0.011331333539210928,0.15141072671266337,0.074272420162787373,0.069191923695131455,0.037694918669132237,0.10354473407659257,0.073932985760554223,0.069237704674306913
666,0.125,0.40625,0.087776411768415302,0.1596488115240105,0.18218792902925107,0.066616799475242142,0.1694503901652108,0.021159612293173161,-0.0098015786412002925,0.00084014559646686596,0.21880609327888817,0.096273533437058786,0.14993714465469735,0.012904167932580753,0.1176879925877499,0.095975475285072706,0.14991843021689191
667,0.125,0.34375,0.088630653511640678,0.12733165725674314,0.15514104447775648,0.078287724462733591,0.13856527646992334,0.010342929048907087,-0.011233619213180196,0.0080293911729283369,0.18701145962726928,0.084204822530034806,0.13114124106147135,0.0058395983289084045,0.094467865780016813,0.083896982823536539,0.13106453070447144
668,0.15625,0.375,0.048130715320963392,0.21066782740826445,0.21609604175510924,0.046468120391722129,0.2199283153235117,0.0016625949292412637,-0.0092604879152472508,-0.0024617967698157238,0.25440682619349408,0.077069924014633806,0.23194730608135466,0.03592066275020981,0.082642148172728649,0.076897547762726254,0.23178431503786029
669,0.09375,0.625,0.11068803642460393,0.078928955365235545,0.13594712723180946,0.098436403546253409,0.088087351311622125,0.012251632878350516,-0.0091583959463865799,0.011331333539211015,0.15141072671266334,0.074272420162787373,0.069191923695131455,0.03769491866913216,0.1035447340765925,0.07393298576055414,0.06923770467430676
670,0.125,0.59375,0.087776411768415497,0.15964881152401042,0.1821879290292511,0.066616799475241906,0.16945039016521052,0.021159612293173591,-0.0098015786412000983,0.00084014559646695616,0.21880609327888814,0.096273533437058786,0.14993714465469735,0.012904167932580562,0.1176879925877498,0.095975475285072748,0.1499184302168918
671,0.125,0.65625,0.088630653511640484,0.12733165725674267,0.15514104447775598,0.078287724462733438,0.13856527646992295,0.010342929048907046,-0.011233619213180279,0.0080293911729284254,0.18701145962726931,0.084204822530034806,0.13114124106147135,0.005839598328908565,0.094467865780016771,0.083896982823536539,0.13106453070447155
672,0.15625,0.625,0.048130715320963441,0.21066782740826423,0.21609604175510905,0.046468120391721934,0.21992831532351134,0.0016625949292415065,-0.009260487915247112,-0.0024617967698156336,0.25440682619349408,0.077069924014633806,0.23194730608135466,0.0359206627502099,0.082642148172728552,0.076897547762726406,0.23178431503786043
673,0.90625,0.375,0.060610775570200663,0.11708974279927946,0.1318471614560687,0.075128840279096734,0.10630671447406759,-0.014518064708896071,0.010783028325211871,0.16276255651395002,-0.12237641305470581,0.057648960662780968,0.083549458621655054,0.033670803528600496,0.23120193048162888,0.060169434109078462,0.079469677944026054
674,0.875,0.40625,0.14707909108450024,0.1049782248336795,0.18070054433640559,0.15916620673269893,0.085966797407133783,-0.012087115648198699,0.019011427426545713,0.18183935952363514,-0.15248323653498841,0.134333748169321,0.11706487385395142,0.01756504627277565,0.27370233269812522,0.13565947524266195,0.11210314987792831
675,0.875,0.34375,0.11413502695898574,0.10176208021214864,0.15291280308735489,0.12715942354243093,0.093372465630298621,-0.013024396583445189,0.0083896145818500162,0.16271795681397147,-0.13429263866387914,0.11749386379162316,0.10238979058369588,0.0034169877346618849,0.24096429383671633,0.11899951816061981,0.097862679345750422
676,0.84375,0.375,0.20299890491625677,0.072466326157801339,0.21554564209004157,0.21119678999603309,0.073032548563364816,-0.0081978850797763125,-0.0005662224055634768,0.18179475982365662,-0.16439946214416176,0.21826530350390941,0.1099981057671693,0.040517865275496077,0.27681063171776255,0.21841351024030589,0.10485296002674541
677,0.90625,0.625,0.060610775570200386,0.11708974279927929,0.13184716145606842,0.075128840279096484,0.10630671447406773,-0.014518064708896099,0.010783028325211566,0.16276255651394983,-0.12237641305470534,0.057648960662780968,0.083549458621655054,0.033670803528600302,0.23120193048162835,0.060169434109077553,0.079469677944026165
678,0.875,0.59375,0.14707909108450015,0.10497822483367944,0.18070054433640548,0.15916620673269871,0.085966797407133921,-0.01208711564819856,0.019011427426545519,0.18183935952363506,-0.15248323653498796,0.134333748169321,0.11706487385395142,0.017565046272775629,0.27370233269812477,0.13565947524266128,0.11210314987792863
679,0.875,0.65625,0.11413502695898574,0.10176208021214871,0.15291280308735494,0.12715942354243079,0.093372465630298898,-0.01302439658344505,0.008389614581849808,0.16271795681397139,-0.13429263866387858,0.11749386379162316,0.10238979058369588,0.0034169877346618719,0.24096429383671578,0.11899951816061878,0.097862679345750755
680,0.84375,0.625,0.2029989049162568,0.072466326157801533,0.21554564209004165,0.21119678999603303,0.073032548563365079,-0.0081978850797762293,-0.00056622240556354619,0.18179475982365659,-0.16439946214416121,0.21826530350390941,0.1099981057671693,0.04051786527549589,0.27681063171776199,0.21841351024030523,0.10485296002674603
681,0.625,0.90625,0.046122937814453382,-0.11243646583330537,0.12152894404922632,0.04300349717131656,-0.11929666587189587,0.0031194406431368227,0.0068602000385905026,-0.034465935416014302,-0.14703907496680874,0.028794037902266437,-0.097338677219044642,0.022983341645798454,0.080448454059202062,0.02764910268454308,-0.098023444060686277
682,0.59375,0.875,0.0014769795668487062,-0.17957850412140694,0.17958457787661794,-0.0074620641727911607,-0.18110403411275591,0.0089390437396398674,0.0015255299913489728,-0.08825354217012063,-0.18416035219183835,0.0067001234013787216,-0.17805855479045765,0.0054398049123881367,0.095149516745970067,0.0053816426706768221,-0.17808451289043206
683,0.65625,0.875,0.083281850333950552,-0.13220474860148479,0.15624967887272068,0.084451608684071672,-0.13251632964032259,-0.0011697583501211195,0.00031158103883779931,-0.012750779927964317,-0.1732361894385705,0.079807297253846596,-0.13386288712519898,0.0038499275928626183,0.10058456435584047,0.078357385603234825,-0.1350892283970217
684,0.625,0.84375,0.047762578512724328,-0.21793212029275416,0.22310462335299022,0.033986047339963944,-0.19432369788118264,0.013776531172760384,-0.023608422411571517,-0.066538386682070641,-0.21035746666360011,0.069331660822936417,-0.2343767198199351,0.027122871627356562,0.13797678910309871,0.067493112860117457,-0.23487557451042954
685,0.375,0.90625,-0.12000447735307182,0.023691816264642909,0.12232079440022259,-0.12307681163828887,0.02651872256642511,0.0030723342852170543,-0.0028269063017822005,-0.077704359057395991,0.0029179857411773475,-0.10049235651033959,0.014324838025936804,0.02164400935838319,0.025483506567222772,-0.099693060205008163,0.014480020686997819
686,0.40625,0.875,-0.17802874644160654,-0.023155800996327216,0.17952834227316683,-0.17753060543603791,-0.031887615132837228,-0.00049814100556863639,0.0087318141365100126,-0.13048566193385741,-0.044924574296718124,-0.17713856774520303,-0.019278703401376111,0.0039779773594511942,0.053237245558188269,-0.17634558638335285,-0.018739686750741325
687,0.34375,0.875,-0.14057264934830541,0.064496701904661891,0.15466251744162335,-0.1415788352441581,0.065830689417847435,0.0010061858958526904,-0.0013339875131855444,-0.086445569165597425,0.042107079501072536,-0.1440503157427393,0.059480953076381626,0.0061034334484263587,0.060167751422398712,-0.14322195713814032,0.059431240477603953
688,0.375,0.84375,-0.21983802957719911,0.02073503172545892,0.22081372418634052,-0.19603262904190713,0.0074243517185850968,-0.023805400535291982,0.013310680006873823,-0.13922687204205883,-0.0057354805368229258,-0.24197029956413516,0.034492029729514893,0.026059400777036872,0.11033795575962274,-0.2410056293676878,0.034861995562991056
689,0.09375,0,0.0083918766790766625,0.0059282315407033015,0.01027460575384867,0.0045103817271044296,-0.008892922991464252,0.0038814949519722329,0.014821154532167553,-0.01449894379506704,-0.0089886883497869927,0,0,0.01027460575384867,0.017059187830084685,-0.00020963351385295357,-0.00018333937686081526
690,0.15625,0,0.02426110188754365,0.015967178492038273,0.029043964154267642,0.01024634983983356,-0.010250064398791659,0.014014752047710089,0.026217242890829932,-0.0014306820206957914,-0.0013153286661475487,0,0,0.029043964154267642,0.001943435243153649,-0.00020127090351251456,-0.0004005769491139827
691,0.125,0.03125,0.020109294889787448,0.0075845183627778166,0.021492060388891183,0.012494472566215916,-0.0012098581924511308,0.0076148223235715327,0.0087943765552289475,-0.010693352638624868,0.011416732450630279,0.0015164789724960823,0.0023617760660421274,0.019312427108791767,0.015201059933396819,0.0012203868847534501,0.0021143044678124234
692,0,0.09375,0.0058834062261754827,-0.0096089795388386232,0.011267074003485544,0.0041056620680071203,-0.018623667996736048,0.0017777441581683625,0.0090146884578974247,-0.038074721823113764,-0.011322945596609572,0,0,0.011267074003485544,0.039722708101176528,-0.00011038172725452373,-0.00010428096277891386
693,0,0.15625,0.009331407600097685,-0.02283950828478817,0.024672217299830761,0.0095718170746713783,-0.026467972740911311,-0.0002404094745736933,0.0036284644561231406,-0.040723645400773653,-0.0052057574108518466,0,0,0.024672217299830761,0.041055026549115664,-0.00015744015570275311,-0.00012265582905620284
694,0.03125,0.125,0.0097185030185447958,-0.015187072539298529,0.018030431864916041,0.012089752907118606,-0.010940603197722923,-0.0023712498885738106,-0.0042464693415756056,-0.034269130666671588,0.0090824752038076995,0.0027194688931663365,0.00069439441188193739,0.017355329763782925,0.037927778695435302,0.0025347127174604822,0.00060563682069692969
695,0.90625,0,-0.0067046564156456757,0.0084682288700973531,0.010801079476062058,-0.0076599260392132516,0.003992506923126562,0.00095526962356757596,0.0044757219469707911,0.064307036351605423,0.018917767945884865,0,0,0.010801079476062058,0.067031909329669626,0.002116755378761024,0.00079357022873540373
696,0.84375,0,-0.013355389112868205,0.021368083510966036,0.025198440651908148,-0.0098181786716095044,0.0083644912830753565,-0.0035372104412587004,0.01300359222789068,0.049073078475771005,-0.018879559889915375,0,0,0.025198440651908148,0.052579509437860689,0.0022382979316040602,-0.00039170285037352324
697,0.875,0.03125,-0.0077618813284466483,0.018416301355497468,0.019985168434951621,-0.0010079512297564023,0.012003834371568173,-0.0067539300986902461,0.0064124669839292943,0.069869926458040341,-0.019289051332700528,0.0021159948858482762,0.0018439794747274552,0.019292855958224071,0.070973236044279284,0.0044169056687451335,0.001497362813915549
698,1,0.09375,-0.0035398341792879659,-0.0019894014839631022,0.0040605596019822072,-0.016299829127913838,0.002781742487081405,0.012759994948625872,-0.0047711439710445072,0.11317502468837018,0.025553542941869373,-0,0,0.0040605596019822072,0.11602400514589713,0.0021855449877348915,0.0012910986984633996
699,1,0.15625,-0.010964536129251625,-0.007786836559226319,0.013448266658932957,-0.02421801715277715,0.0063465505563334284,0.013253481023525525,-0.014133387115559747,0.13051972570371229,-0.007819934896607858,-0,0,0.013448266658932957,0.13075377692273168,0.00289123850563005,0.00071441550455945729
700,0.96875,0.125,-0.0074393409857920825,0.0012565697373925506,0.00754471747700447,-0.0096478543184569873,0.010793069935523017,0.0022085133326649048,-0.0095365001981304667,0.1187379147948051,-0.012653276336716021,0.00029132202190741317,0.0027915633862952097,0.007881583346053312,0.11944931315657768,0.0030264324782634917,0.0031110713107989824
701,1,0.90625,-0.0035398341792884551,-0.0019894014839630819,0.0040605596019826235,-0.016299829127914459,0.002781742487081431,0.012759994948626004,-0.0047711439710445124,0.11317502468836954,0.025553542941869442,-0,0,0.0040605596019826235,0.11602400514589652,0.0021855449877346664,0.001291098698462802
702,1,0.84375,-0.010964536129252109,-0.007786836559226365,0.013448266658933379,-0.024218017152777722,0.0063465505563334666,0.013253481023525613,-0.014133387115559832,0.13051972570371162,-0.007819934896607747,-0,0,0.013448266658933379,0.13075377692273102,0.0028912385056295742,0.00071441550455880634
703,0.96875,0.875,-0.0074393409857925743,0.0012565697373927267,0.0075447174770049844,-0.009647854318457421,0.01079306993552322,0.0022085133326648467,-0.0095365001981304945,0.11873791479480458,-0.012653276336715768,0.00029132202190741317,0.0027915633862952097,0.0078815833460537596,0.11944931315657714,0.0030264324782629877,0.0031110713107984681
704,0.90625,1,-0.0067046564156460148,0.0084682288700977156,0.010801079476062552,-0.00765992603921338,0.0039925069231269514,0.00095526962356736519,0.0044757219469707642,0.064307036351605229,0.01891776794588516,0,0,0.010801079476062552,0.067031909329669528,0.0021167553787608921,0.00079357022873499932
705,0.84375,1,-0.013355389112868182,0.021368083510966734,0.025198440651908727,-0.0098181786716092616,0.0083644912830760018,-0.0035372104412589207,0.013003592227890732,0.049073078475771088,-0.018879559889914882,0,0,0.025198440651908727,0.052579509437860585,0.0022382979316039084,-0.00039170285037382633
706,0.875,0.96875,-0.0077618813284467091,0.018416301355498044,0.019985168434952173,-0.0010079512297563441,0.012003834371568739,-0.0067539300986903649,0.0064124669839293047,0.069869926458040271,-0.01928905133270005,0.0021159948858482762,0.0018439794747274552,0.019292855958224595,0.070973236044279076,0.0044169056687448629,0.0014973628139152569
707,0,0.90625,0.0058834062261757022,-0.0096089795388382485,0.011267074003485339,0.004105662068007233,-0.01862366799673576,0.0017777441581684691,0.0090146884578975114,-0.038074721823113764,-0.011322945596609606,0,0,0.011267074003485339,0.039722708101176542,-0.00011038172725456431,-0.00010428096277956778
708,0,0.84375,0.0093314076000980597,-0.022839508284787948,0.024672217299830698,0.0095718170746716021,-0.026467972740911151,-0.00024040947457354238,0.0036284644561232031,-0.040723645400773667,-0.0052057574108519229,0,0,0.024672217299830698,0.041055026549115685,-0.00015744015570292967,-0.00012265582905677242
709,0.03125,0.875,0.0097185030185451809,-0.015187072539298361,0.018030431864916107,0.012089752907118941,-0.010940603197722751,-0.0023712498885737603,-0.0042464693415756091,-0.034269130666671595,0.0090824752038076995,0.0027194688931663365,0.00069439441188193739,0.017355329763782928,0.037927778695435309,0.0025347127174602077,0.00060563682069634866
710,0.09375,1,0.0083918766790767683,0.0059282315407037213,0.010274605753848998,0.004510381727104459,-0.0088929229914637108,0.0038814949519723092,0.014821154532167431,-0.014498943795067203,-0.008988688349786925,0,0,0.010274605753848998,0.017059187830084789,-0.00020963351385312276,-0.00018333937686157732
711,0.15625,1,0.024261101887543813,0.01596717849203861,0.029043964154267961,0.010246349839833644,-0.010250064398791071,0.014014752047710169,0.026217242890829683,-0.0014306820206960655,-0.0013153286661474525,0,0,0.029043964154267961,0.0019434352431537856,-0.00020127090351314511,-0.00040057694911484052
712,0.125,0.96875,0.020109294889787532,0.0075845183627782,0.021492060388891399,0.012494472566216167,-0.0012098581924507015,0.0076148223235713644,0.0087943765552289006,-0.010693352638625029,0.011416732450630381,0.0015164789724960823,0.0023617760660421274,0.019312427108791951,0.01520105993339701,0.0012203868847528792,0.0021143044678117299
713,0.5,0.40625,-0.58334274828386656,-0.67096411198872685,0.88909032249383713,-0.6286858782848177,-0.72332361189705041,0.045343130000951137,0.052359499908323559,-0.59209582348410705,-0.53463328473282334,-0.60849218239239655,-0.70452519891725751,0.041938533496102159,0.17068129098029633,-0.60937884247420804,-0.70110316524059935
714,0.5,0.34375,-0.49636631711817897,-0.57085966356943185,0.7564788670280681,-0.54392354632011652,-0.62580875837978223,0.047557229201937556,0.054949094810350374,-0.51688897903879627,-0.4697982786172345,-0.53221248249669184,-0.61620693896677181,0.057804177689038089,0.14720837470595999,-0.53298157155247872,-0.61324883576511813
715,0.46875,0.375,-0.66703826154831336,-0.46311779253957697,0.81204564658406164,-0.64976511620410471,-0.46911996210794443,-0.017273145344208651,0.0060021695683674658,-0.54932796544734419,-0.35466785019292357,-0.71557141825414361,-0.49843188041595832,0.060021263751885962,0.21978394387920194,-0.71546126299820645,-0.4953409916427155
716,0.53125,0.375,-0.36605536960375873,-0.72486475207772816,0.81205014772515782,-0.37430157932282315,-0.7087098037600551,0.0082462097190644235,-0.016154948317673057,-0.43234548960296049,-0.52364075723914894,-0.38901202572107224,-0.78047833914953879,0.06016543132964685,0.26046752690801811,-0.39087874440524506,-0.77744747561886018
717,0.40625,0.5,-0.82091312150380602,-0.20697422313299377,0.84660302509418717,-0.56118802876370244,-0.31374622724377055,-0.25972509274010358,0.10677200411077678,-0.48880125671100166,-0.19125376216728546,-0.92545863964840769,-0.10072138919902621,0.14906183308655011,0.44594369670285555,-0.92392328538024582,-0.09818159654069214
718,0.34375,0.5,-0.63799932554322403,0.20663609450369499,0.67062777674754026,-0.43142713045159109,0.05682021604235088,-0.20657219509163294,0.14981587846134412,-0.3447313677502874,0.10250092565866192,-0.75258940469676039,0.31075763239905502,0.15482952203668596,0.45795090807223499,-0.75071253766257984,0.3119341543122558
719,0.375,0.46875,-0.76509136837090763,0.029283762231337638,0.7656515791703753,-0.58226726668298945,-0.059542577454664583,-0.18282410168791818,0.088826339686002218,-0.4460333986742388,-0.011288327627385693,-0.86332613054364271,0.12306415545468895,0.13581174710701654,0.43838774364864419,-0.86149416731262318,0.12489796286583343
720,0.375,0.53125,-0.76509136837090785,0.029283762231337596,0.76565157917037552,-0.58226726668298978,-0.059542577454664736,-0.18282410168791807,0.088826339686002329,-0.44603339867423886,-0.011288327627385589,-0.86332613054364271,0.12306415545468895,0.13581174710701643,0.43838774364864413,-0.86149416731262207,0.12489796286583402
721,0.59375,0.5,-0.091793454182171219,-0.84201899480764131,0.8470076893674372,-0.23381699798038902,-0.6001320228113175,0.1420235437982178,-0.24188697199632381,-0.32463460585596826,-0.50695414850259835,0.035004726341896997,-0.93026510257871764,0.1544835076018104,0.55545712085143062,0.03078222883017416,-0.92815251270376586
722,0.65625,0.5,0.29113123018475623,-0.60340465268502941,0.66996609471735991,0.11419125418726472,-0.42048944323689402,0.17693997599749151,-0.18291520944813539,-0.071120282991898404,-0.42366638490019282,0.41695241014254553,-0.6993652878377743,0.1582384682208742,0.56055761422399308,0.41161575199820066,-0.69974465987358592
723,0.625,0.46875,0.13389839718457974,-0.75374027660187803,0.76554110623824445,0.020567300981605557,-0.58551821467432219,0.11333109620297419,-0.16822206192755584,-0.16488427197482172,-0.49596162100892394,0.24736851824479786,-0.8362329879995215,0.14028726174231021,0.53454369909064647,0.24245064735138874,-0.83529536282279437
724,0.625,0.53125,0.13389839718457991,-0.75374027660187759,0.76554110623824401,0.020567300981605502,-0.58551821467432186,0.11333109620297441,-0.16822206192755573,-0.16488427197482167,-0.49596162100892394,0.24736851824479786,-0.8362329879995215,0.14028726174231032,0.53454369909064647,0.24245064735138858,-0.83529536282279293
725,0.5,0.59375,-0.58334274828386712,-0.67096411198872685,0.88909032249383746,-0.62868587828481781,-0.72332361189705063,0.045343130000950693,0.052359499908323781,-0.59209582348410716,-0.53463328473282368,-0.60849218239239655,-0.70452519891725751,0.041938533496101826,0.170681290980296,-0.60937884247420682,-0.70110316524059713
726,0.5,0.65625,-0.49636631711818008,-0.5708596635694323,0.7564788670280691,-0.54392354632011664,-0.62580875837978267,0.047557229201936557,0.054949094810350374,-0.5168889790387966,-0.46979827861723494,-0.53221248249669184,-0.61620693896677181,0.057804177689037055,0.14720837470595949,-0.53298157155247738,-0.61324883576511491
727,0.53125,0.625,-0.36605536960375956,-0.72486475207772838,0.81205014772515849,-0.37430157932282326,-0.70870980376005499,0.0082462097190637018,-0.01615494831767339,-0.43234548960296054,-0.52364075723914927,-0.38901202572107224,-0.78047833914953879,0.060165431329646329,0.26046752690801778,-0.39087874440524428,-0.7774474756188573
728,0.46875,0.625,-0.66703826154831403,-0.46311779253957708,0.81204564658406231,-0.64976511620410515,-0.46911996210794482,-0.017273145344208873,0.0060021695683677434,-0.54932796544734441,-0.35466785019292374,-0.71557141825414361,-0.49843188041595832,0.060021263751885358,0.21978394387920167,-0.71546126299820478,-0.4953409916427125
729,0.40625,0,-0.054819191982661303,-0.0013920505590033472,0.054836863644729894,0.019764541955919753,0.010490573052133963,-0.074583733938581059,-0.011882623611137311,0.0071571342914941594,-0.0028803881539482823,-0,-0,0.054836863644729894,0.0077149988453587724,0.00050860230884704042,0.00043966071015541459
730,0.34375,0,-0.044130735415218926,-0.011457036885963324,0.045593700250082601,0.019398845977122756,0.0013800332273672701,-0.063529581392341689,-0.012837070113330594,0.011562964831240929,0.002349651451355678,-0,0,0.045593700250082601,0.011799280386166455,0.00064171745507324437,1.5120983080415267e-05
731,0.375,0.03125,-0.062477146218053843,0.0061162461004991399,0.062775809560004489,-0.027971141235082091,0.012796442948642194,-0.034506004982971752,-0.0066801968481430543,-0.019661419978220136,0.0007957496795283367,-0.012759037469472366,0.0018187566842284672,0.049903494394869109,0.0069777809960425595,-0.012081065758606105,0.0019580042771992199
732,0.59375,0,0.049338879933078443,-0.020469702078883583,0.053416605809888197,0.0077998445949955756,0.020693664676926956,0.041539035338082869,-0.041163366755810539,0.010176045924428513,-0.035044236592546039,0,-0,0.053416605809888197,0.036491785774478355,-0.00049161362274531138,-0.00047100743155651
733,0.65625,0,0.037518872433067112,-0.024507514090657805,0.044813882174528842,-0.0005423162910842081,0.01838518593535559,0.038061188724151318,-0.042892700026013392,0.016594484219464852,-0.051256762612973919,0,-0,0.044813882174528842,0.053876085790198501,-8.8737783967232333e-05,-0.001224738456714406
734,0.625,0.03125,0.044064528870423073,-0.04211757864924924,0.060955501276324882,0.016753675158409101,-0.026739271753204483,0.027310853712013972,-0.015378306896044757,-0.0025651350907071498,-0.077780024724109442,0.0036558423073164282,-0.012358629780354327,0.050184230466720291,0.065716508399134441,0.0030679638729124662,-0.013159137328658341
735,0.5,0.09375,-0.082636943030027291,-0.093089791359837457,0.12447720116055809,-0.14359683943732718,-0.16472844004565254,0.060959896407299888,0.071638648685815084,-0.1511867743378901,-0.14640806826763436,-0.075491768895212988,-0.087405976669093458,0.0091301293997148054,0.095973854053953297,-0.07560146834359259,-0.086654470366019573
736,0.5,0.15625,-0.20048911195906499,-0.23000533329791575,0.30512020149380442,-0.25287012301162221,-0.29065165526894354,0.052381011052557214,0.060646321971027789,-0.25234354955106614,-0.23686314873812112,-0.18177268967039989,-0.21046028865031421,0.027061286620639037,0.07534824009300374,-0.18201964264251894,-0.20929513776108602
737,0.46875,0.125,-0.16679080101390831,-0.12043002097600043,0.20572447898862464,-0.19133252262832903,-0.1624225701491443,0.024541721614420725,0.041992549173143864,-0.1780053286076044,-0.14273193043415774,-0.15583555330868018,-0.10854738729058648,0.016162129673549849,0.04074410296888957,-0.15559266583241785,-0.10761673817761316
738,0.53125,0.125,-0.096494314298450887,-0.17999504410235559,0.20422871637783252,-0.13464300887391367,-0.21216137647578398,0.038148694575462785,0.032166332373428391,-0.16392795535302576,-0.18914385639919776,-0.084718174490366852,-0.16997083830367735,0.015464868918739532,0.081497202450155293,-0.085326268876809705,-0.16919475665098149
739,0,0.40625,0.035835038932622749,0.0082908963382245706,0.036781639134135576,0.027593099685076151,-0.055069963487530911,0.008241939247546598,0.063360859825755483,-0.043614982446146686,0.012727158825674514,0,0,0.036781639134135576,0.045433987999642163,-0.00027257408607539435,3.1397843046464016e-05
740,0,0.34375,0.033510284670334407,0.021461237812112247,0.039793515892854778,0.0236642796449128,-0.048335750035388231,0.0098460050254216072,0.069796987847500477,-0.044047801774593415,0.0092243052425186062,0,0,0.039793515892854778,0.045003295972417742,-0.00024752112584168945,-1.8491251829398307e-05
741,0.03125,0.375,0.058451509569805514,0.018519596925654903,0.061315205628602376,0.049897927625414187,-0.0051061207370989084,0.0085535819443913266,0.023625717662753811,-0.02544381689384306,0.057787396926952173,0.012487357162498483,0.0031885457688456309,0.04845352862377364,0.066481640421078278,0.01220892764673486,0.0032529556700065464
742,0,0.59375,0.035835038932622763,0.0082908963382246764,0.036781639134135617,0.027593099685076297,-0.055069963487530918,0.0082419392475464662,0.063360859825755594,-0.043614982446146693,0.012727158825674462,0,0,0.036781639134135617,0.045433987999642156,-0.00027257408607546531,3.139784304622062e-05
743,0,0.65625,0.033510284670334602,0.021461237812112222,0.039793515892854923,0.023664279644913043,-0.048335750035388245,0.0098460050254215586,0.069796987847500463,-0.044047801774593429,0.0092243052425185195,0,0,0.039793515892854923,0.045003295972417735,-0.0002475211258418169,-1.8491251829693803e-05
744,0.03125,0.625,0.05845150956980559,0.018519596925655003,0.061315205628602473,0.049897927625414257,-0.0051061207370990125,0.0085535819443913336,0.023625717662754016,-0.025443816893843035,0.05778739692695211,0.012487357162498483,0.0031885457688456309,0.048453528623773744,0.066481640421078222,0.01220892764673469,0.0032529556700062918
745,0.09375,0.5,0.029691378459377329,0.13346886630673188,0.13673154803490761,-0.067865712527958227,0.18901915307323422,0.09755709098733556,-0.055550286766502338,-0.075088546274378873,0.21491325852434889,0.084505509162993625,0.078725033182016235,0.077469195103472221,0.20980346816208997,0.084164348672620626,0.078839113184437384
746,0.15625,0.5,0.014392772684307558,0.36427761506889833,0.36456183665576763,-0.13543374071014452,0.35847944423255368,0.14982651339445208,0.0057981708363446516,-0.096503741488313727,0.34620113807364256,0.087688446878872242,0.26390449047478576,0.12428604103607542,0.20174117195432206,0.087541751024318756,0.26380334644772163
747,0.125,0.46875,0.043687267291657936,0.23137474769716898,0.23546305696508182,-0.045560884587620212,0.23898299582366622,0.089248151879278148,-0.0076082481264972412,-0.05691738072207525,0.25997349662562652,0.10261086908070527,0.15980696013984322,0.0927035008165535,0.18836824975747929,0.10231716196392751,0.15982231497869051
748,0.125,0.53125,0.043687267291657873,0.23137474769716901,0.23546305696508185,-0.045560884587620282,0.23898299582366614,0.089248151879278148,-0.0076082481264971302,-0.056917380722075216,0.25997349662562652,0.10261086908070527,0.15980696013984322,0.092703500816553555,0.18836824975747929,0.10231716196392752,0.15982231497869048
749,1,0.40625,-0.019015382698430405,0.033521798555001321,0.038539534993689985,-0.053752417246601014,0.018055825617591788,0.034737034548170606,0.015465972937409533,0.1678428102013356,-0.099812905909504868,-0,0,0.038539534993689985,0.19527883941272603,0.0045235574416712474,-0.0011251377965419424
750,1,0.34375,-0.012462502614422281,0.040050488655839614,0.041944673237325619,-0.046689570023989456,0.015511000434639656,0.034227067409567172,0.024539488221199959,0.16332039701149151,-0.083039804207432399,-0,0,0.041944673237325619,0.1832188886627138,0.004290845758009313,-0.0008104981252217995
751,0.96875,0.375,-0.0045364622241766189,0.061057995546945847,0.061226287734291389,-0.0084377156638312453,0.046624513508766341,0.0039012534396546264,0.014433482038179506,0.16464192124225902,-0.10174304105721435,0.0013377031618197544,0.012818403304416779,0.048595926564965385,0.19948080653808969,0.0053867365293047481,0.010724326465951785
752,1,0.59375,-0.019015382698430654,0.03352179855500121,0.038539534993690013,-0.053752417246601208,0.018055825617591809,0.034737034548170551,0.015465972937409402,0.16784281020133535,-0.099812905909504784,-0,0,0.038539534993690013,0.19527883941272575,0.0045235574416707912,-0.0011251377965422781
753,1,0.65625,-0.012462502614422617,0.040050488655839232,0.041944673237325349,-0.046689570023989768,0.015511000434639693,0.034227067409567151,0.02453948822119954,0.16332039701149109,-0.083039804207432275,-0,0,0.041944673237325349,0.18321888866271335,0.0042908457580086313,-0.0008104981252223326
754,0.96875,0.625,-0.0045364622241769095,0.061057995546945486,0.061226287734291049,-0.0084377156638315021,0.04662451350876641,0.0039012534396545926,0.014433482038179075,0.16464192124225877,-0.10174304105721413,0.0013377031618197544,0.012818403304416779,0.048595926564965058,0.19948080653808936,0.0053867365293040603,0.010724326465951504
755,0.90625,0.5,0.13693659896684979,0.049194087727525294,0.14550494975756426,0.19835968211420552,-0.042963925583209633,-0.061423083147355728,0.092158013310734921,0.22507321923039098,-0.19013337635035268,0.065591706354097459,0.095060717365083092,0.084816516176002277,0.32675682707401871,0.068039134288006578,0.090535818696744971
756,0.84375,0.5,0.36087647097456632,0.063527571755567849,0.3664254080658379,0.37349726224402147,-0.086188584900029369,-0.012620791269455145,0.14971615665559723,0.25870441205991712,-0.23357392160884544,0.24833741198667028,0.12515340033953484,0.12830737526168021,0.35887709066305079,0.24816958161421387,0.11958875176823916
757,0.875,0.46875,0.22803285731121214,0.0746739309480281,0.23994828604669488,0.24367438369697528,-0.014395237692035073,-0.015641526385763133,0.089069168640063173,0.22187233027131442,-0.19206351149806217,0.14317644896179413,0.12477082762138686,0.098540900616263721,0.32646139156160586,0.14440254847537126,0.11958432656918667
758,0.875,0.53125,0.22803285731121203,0.074673930948028044,0.23994828604669474,0.24367438369697522,-0.014395237692035032,-0.015641526385763188,0.089069168640063076,0.22187233027131437,-0.19206351149806203,0.14317644896179413,0.12477082762138686,0.098540900616263652,0.32646139156160575,0.14440254847537098,0.11958432656918684
759,0.59375,1,0.04933887993307897,-0.020469702078883316,0.053416605809888586,0.0077998445949958636,0.020693664676926786,0.041539035338083105,-0.041163366755810102,0.010176045924428799,-0.035044236592546428,0,-0,0.053416605809888586,0.036491785774478813,-0.00049161362274546274,-0.00047100743155832831
760,0.65625,1,0.037518872433067708,-0.02450751409065715,0.044813882174528988,-0.00054231629108371631,0.018385185935355902,0.038061188724151422,-0.042892700026013052,0.016594484219465237,-0.051256762612973836,0,-0,0.044813882174528988,0.053876085790198543,-8.8737783967092715e-05,-0.0012247384567155995
761,0.625,0.96875,0.044064528870423503,-0.042117578649249053,0.060955501276325062,0.016753675158409569,-0.026739271753204397,0.027310853712013933,-0.015378306896044656,-0.002565135090706756,-0.077780024724109664,0.0036558423073164282,-0.012358629780354327,0.050184230466720527,0.065716508399134621,0.0030679638729121488,-0.013159137328659792
762,0.40625,1,-0.054819191982660942,-0.0013920505590036686,0.05483686364472954,0.019764541955919802,0.010490573052133651,-0.07458373393858074,-0.01188262361113732,0.0071571342914940805,-0.0028803881539489215,-0,-0,0.05483686364472954,0.0077149988453589381,0.00050860230884515456,0.00043966071015318076
763,0.34375,1,-0.044130735415218801,-0.011457036885963463,0.045593700250082511,0.019398845977122849,0.0013800332273673456,-0.063529581392341647,-0.012837070113330809,0.011562964831240703,0.0023496514513553493,-0,0,0.045593700250082511,0.011799280386166169,0.00064171745507119783,1.512098307859215e-05
764,0.375,0.96875,-0.062477146218053885,0.0061162461004987999,0.062775809560004489,-0.02797114123508207,0.012796442948642035,-0.034506004982971815,-0.0066801968481432347,-0.0196614199782204,0.00079574967952792492,-0.012759037469472366,0.0018187566842284672,0.049903494394869123,0.0069777809960428804,-0.012081065758608615,0.0019580042771977211
765,0.5,0.90625,-0.082636943030027193,-0.093089791359838289,0.12447720116055865,-0.14359683943732732,-0.16472844004565337,0.060959896407300124,0.071638648685815084,-0.15118677433789018,-0.14640806826763533,-0.075491768895212988,-0.087405976669093458,0.0091301293997152477,0.095973854053953964,-0.075601468343594852,-0.086654470366020683
766,0.5,0.84375,-0.20048911195906477,-0.23000533329791659,0.30512020149380492,-0.25287012301162237,-0.29065165526894432,0.052381011052557602,0.060646321971027733,-0.25234354955106642,-0.23686314873812198,-0.18177268967039989,-0.21046028865031421,0.027061286620639485,0.075348240093004296,-0.18201964264252127,-0.20929513776108608
767,0.53125,0.875,-0.096494314298450581,-0.17999504410235631,0.20422871637783302,-0.13464300887391359,-0.21216137647578456,0.038148694575463007,0.032166332373428252,-0.16392795535302573,-0.18914385639919856,-0.084718174490366852,-0.16997083830367735,0.015464868918739766,0.081497202450155459,-0.085326268876811717,-0.1691947566509823
768,0.46875,0.875,-0.16679080101390817,-0.12043002097600103,0.20572447898862486,-0.19133252262832917,-0.16242257014914499,0.024541721614421003,0.041992549173143962,-0.17800532860760465,-0.14273193043415849,-0.15583555330868018,-0.10854738729058648,0.016162129673550192,0.040744102968890333,-0.15559266583242054,-0.10761673817761354
769,0.25,0.15625,-0.047028454629602617,0.16569040566349977,0.172235263734764,-0.072745576073426563,0.20705040730924548,0.025717121443823945,-0.041360001645745714,-0.036548916249512911,0.19306508064552658,-0.065096363892216708,0.1422381500578713,0.029605027243929164,0.058295228277066062,-0.064835740038183001,0.14172219995176624
770,0.25,0.09375,-0.018577871538102444,0.068324707291246026,0.070805387770428066,-0.036107224840485043,0.11931593378163417,0.017529353302382599,-0.050991226490388147,-0.014660665493363319,0.11991693273104059,-0.027035082485607039,0.05907273293761469,0.012534889167872348,0.062089796620702978,-0.026882942171615472,0.058512673852354126
771,0.21875,0.125,-0.0070915711090612449,0.10657376558628015,0.10680944664229969,-0.033859102114102688,0.12835613998797471,0.026767531005041444,-0.02178237440169456,-0.023923336111292395,0.13264899384781842,-0.015943079427422228,0.088011855574113229,0.020564379465711973,0.045344885158155726,-0.015980603666138744,0.087478001864497751
772,0.28125,0.125,-0.066805836908318775,0.10850228052938371,0.12741964026435629,-0.083477212052689889,0.1307323435029091,0.016671375144371114,-0.022230062973525394,-0.045885050302824387,0.11836303095921326,-0.078613398459093917,0.097372726336662552,0.016226074272727233,0.038881070730954218,-0.078165262763160825,0.096906713637831252
773,0.15625,0.25,0.014558329995373164,0.20340241723971522,0.20392275084260064,-0.073150295732523879,0.19731966230397369,0.087708625727897047,0.0060827549357415356,-0.060124694277559634,0.19073082339870401,0.049324751369365642,0.14844627589206699,0.065029851045321427,0.11733355918176305,0.049077278812834767,0.14816411742925797
774,0.09375,0.25,0.018650298545812204,0.073872512693776413,0.076190430944706455,-0.036781757605647225,0.10309802543951452,0.055432056151459429,-0.029225512745738105,-0.053953628873441184,0.11602650398633629,0.047534348904183912,0.044282831164884129,0.041350182805958938,0.12428581666185123,0.047192782746570294,0.044199849161754338
775,0.125,0.21875,0.018969043095545288,0.11422697533860283,0.11579130576587533,-0.034263821773199997,0.11862539498270291,0.053232864868745289,-0.0043984196441000795,-0.047499114139339119,0.13031473660099585,0.048326918348275259,0.075264715944370605,0.048784654313198658,0.11051304573041226,0.047983596187281451,0.075070988462515295
776,0.125,0.28125,0.039048281429141685,0.14198577853730091,0.14725735835404935,-0.010548109625145841,0.14632765473780385,0.049596391054287522,-0.0043418762005029421,-0.035349643992690832,0.16458959567076986,0.067616657120171314,0.1053067041142967,0.046492005658522566,0.11881296392297076,0.067292947311873227,0.10516537880557297
777,0.34375,0.25,-0.36637199362808337,0.11927230915689652,0.38529770495895077,-0.23610695746667351,0.031831394211459002,-0.13026503616140986,0.087440914945437515,-0.19489282487889717,0.049537400531840498,-0.4233315401419277,0.17480116822446845,0.079547747475394059,0.2605288047943578,-0.42206005853378015,0.1752340991525998
778,0.40625,0.25,-0.46993112056229253,-0.10909393702035129,0.48242796889020884,-0.30837619382922998,-0.17271575471467665,-0.16155492673306254,0.063621817694325358,-0.27856717987567037,-0.11929586745843621,-0.52057048480222934,-0.05665578142445224,0.072897910621119388,0.24997875904508765,-0.51946765553135255,-0.055320449747578673
779,0.375,0.28125,-0.52326398063265178,0.035929799053138756,0.52449608567417083,-0.41421776371321817,-0.016026958442838843,-0.10904621691943361,0.051956757495977599,-0.31100616628421829,-0.0041654390341252859,-0.56889905986412226,0.081094594341837245,0.06420606817063812,0.27162109242524946,-0.56750621644637977,0.082162357221069598
780,0.375,0.21875,-0.35475385655179226,0.0091126315126407384,0.35487087622324653,-0.24683859344593684,-0.04448666959487739,-0.10791526310585542,0.053599301107518128,-0.20422895893220866,-0.025164649154472842,-0.4066030411057141,0.057959857913108023,0.071234749005840939,0.21878060428382823,-0.40543163759402079,0.058657310325602792
781,0.25,0.34375,-0.23144946481246892,0.37300211413494139,0.43897543429116181,-0.16860910794555828,0.44140877886473884,-0.06284035686691064,-0.068406664729797451,-0.091598258105791822,0.39291692309737836,-0.19059572420590268,0.41645925515709575,0.059645211269371924,0.10175824140113958,-0.18986246091271997,0.41621586058548743
782,0.25,0.40625,-0.24707478095490157,0.44665212301604446,0.51043517353200918,-0.19587977796070455,0.50991321970745651,-0.05119500299419702,-0.063261096691412055,-0.1064095685871615,0.45300333681746019,-0.21791298023046637,0.47614854852568833,0.041478304441450342,0.11388025128666954,-0.21707177599110328,0.47598316440654503
783,0.28125,0.375,-0.39043763990594982,0.39287882174680311,0.55389107163095208,-0.34671991419210291,0.39355042621044101,-0.043717725713846911,-0.00067160446363789816,-0.20771159951111293,0.33921408353141258,-0.3609798908835945,0.44711966174998108,0.061723801743852648,0.18744274579434519,-0.35978978810893147,0.44715605560641924
784,0.21875,0.375,-0.12807879677882383,0.378326377995094,0.39941836020793786,-0.10600692183818022,0.390416771298569,-0.02207187494064361,-0.012090393303475,-0.06682320782092302,0.36677569536944421,-0.073208017778979617,0.40413607151378522,0.060637799000116392,0.037902025062615634,-0.072809556572865766,0.40384619666925053
785,0.75,0.15625,0.17030221373906904,-0.025985705191725536,0.1722733318849404,0.21504040215877043,-0.045404654165207878,-0.044738188419701397,0.019418948973482342,0.1187518233646781,-0.16602980895135605,0.15019600989134432,-0.043707968799666229,0.026801829425537337,0.12629873096915634,0.14952999211876425,-0.046604323737174533
786,0.75,0.09375,0.070087845199471352,-0.012261122005157957,0.07115223930088517,0.12380201824718071,-0.021273805369925309,-0.053714173047709354,0.0090126833647673522,0.081739950683614587,-0.12984810602825991,0.06237770089808424,-0.018152297165688541,0.0097032092588104427,0.11336159153002991,0.062512044117058782,-0.020545470187152678
787,0.78125,0.125,0.10550588330333183,0.0048599469055152023,0.10561775653525642,0.13261224568903379,-0.017634462281432492,-0.027106362385701965,0.022494409186947693,0.10253679866588393,-0.13025759747104509,0.08939497370857831,-0.0029676891464994817,0.017911819955915172,0.12796651251198374,0.089791884595676233,-0.0057466006131212865
788,0.71875,0.125,0.11715433412466637,-0.053708008698544987,0.12887857930066171,0.14109800969667399,-0.066398263058485382,-0.023943675572007619,0.012690254359940395,0.062580331373442599,-0.15637136813939545,0.10777476193098702,-0.06360907908657315,0.013638459200552351,0.10318613678077139,0.10695921519954001,-0.065926425038776951
789,0.84375,0.25,0.20182927833018807,0.041608838740144538,0.20607365928858515,0.20640049907006985,-0.046615418601253039,-0.0045712207398817817,0.088224257341397577,0.16761981170144286,-0.15939403395537155,0.13968979424250202,0.070398787690988354,0.068484864337136422,0.23148396651917927,0.14059942069666082,0.066411102971374814
790,0.90625,0.25,0.076679119007925775,0.029988492405325841,0.082334664440780525,0.10940217976601305,-0.023291746096667239,-0.032723060758087272,0.05328023850199308,0.16318659791155588,-0.1187884810349524,0.036895334824179823,0.053471653517859236,0.046197492787120764,0.2135954987549073,0.03953417547600617,0.050608117147664854
791,0.875,0.21875,0.11592037236606444,0.034536737023966022,0.12095585530990065,0.12397234260033321,-0.01884522671747765,-0.0080519702342687766,0.053381963741443675,0.1514047870026487,-0.12362182247506057,0.06743219914578924,0.058763653916262558,0.054203749356900172,0.20078809105588874,0.069393054185499209,0.05561307778315034
792,0.875,0.28125,0.13805612287882646,0.057906242156611422,0.14970846985068598,0.14765403412617126,0.0078217669774594475,-0.0095979112473447981,0.050084475179151974,0.16450812214232341,-0.13749171788473435,0.094347830243197484,0.082219226339850918,0.050015358091452591,0.230641205276571,0.096079246581541475,0.078308380210678707
793,0.65625,0.25,0.16753710490485788,-0.34766121562309255,0.38592357063080224,0.063643718126447674,-0.23082675888778736,0.1038933867784102,-0.11683445673530518,-0.042610996897640516,-0.27739364062644439,0.23453573070518186,-0.39339297440874804,0.081118491238195603,0.30044326262855575,0.23135231933704375,-0.39437759287371932
794,0.59375,0.25,-0.043713329177802761,-0.48161386766623165,0.48359360280739183,-0.12852578847335727,-0.33031064657422449,0.084812459295554504,-0.15130322109200717,-0.18719808308691638,-0.31545449215340715,0.019690158567317061,-0.52327412020052866,0.075865531695671645,0.29324348643477904,0.017086610222735363,-0.52248023010811773
795,0.625,0.28125,0.10717120293892118,-0.51404513872786495,0.52509815405229276,0.0410961785239361,-0.41321169195449725,0.066075024414985084,-0.1008334467733677,-0.10265459365108058,-0.36929697077532153,0.16300643811259274,-0.55104571015442516,0.066982204896458841,0.32188256874772325,0.15959560928344929,-0.55090629689842718
796,0.625,0.21875,0.056067689843997008,-0.3521432813080857,0.35657885020689073,-0.01029867433564876,-0.25182036778106487,0.066366364179645768,-0.10032291352702083,-0.098782488888876016,-0.26773519981448379,0.11650381962701936,-0.39384291053418446,0.073426050286968539,0.24950220307116527,0.11388244563594255,-0.39405577022084398
797,0.75,0.34375,0.40012814324567891,-0.17950458373557956,0.438548089266523,0.45851259843087638,-0.10763516980205445,-0.05838445518519747,-0.071869413933525111,0.22485022073049821,-0.24971450439621939,0.43975908278803977,-0.12797261580899805,0.065008884680453391,0.24699576196293499,0.43661574373405854,-0.13193553556991208
798,0.75,0.40625,0.47462443844677377,-0.18454661934367619,0.50924042679474602,0.52958901203402398,-0.12499133143133626,-0.054964573587250209,-0.059555287912339938,0.25857061295998146,-0.26932259843636541,0.50278783909251179,-0.14631437412887993,0.047485594764061535,0.27344666168587267,0.49907568162897586,-0.15045572124594364
799,0.71875,0.375,0.44156681394190989,-0.33341091351873137,0.55330289031253421,0.43596505882836478,-0.29002010286876434,0.0056017551135451038,-0.043390810649967027,0.16480662397705814,-0.34161783454509653,0.49488411090759343,-0.29208250600977465,0.067459405741180964,0.33377371998328442,0.49064656550741798,-0.29513518076845335
800,0.78125,0.375,0.39164438573481092,-0.077167217011104808,0.3991742780526274,0.39976613348697781,-0.053197984223341967,-0.0081217477521668968,-0.023969232787762841,0.22173853117137876,-0.22781218832558217,0.41048712417204325,-0.013627144040048641,0.066275105922066202,0.28548426323586812,0.40808954006833875,-0.018413596466843464
801,0.84375,0.75,0.2018292783301886,0.041608838740145107,0.20607365928858579,0.20640049907007033,-0.046615418601252359,-0.0045712207398817262,0.088224257341397466,0.16761981170144302,-0.159394033955371,0.13968979424250202,0.070398787690988354,0.068484864337136658,0.23148396651917874,0.14059942069665968,0.066411102971375396
802,0.90625,0.75,0.076679119007925581,0.029988492405326032,0.082334664440780414,0.10940217976601313,-0.023291746096666812,-0.032723060758087549,0.053280238501992844,0.16318659791155571,-0.11878848103495199,0.036895334824179823,0.053471653517859236,0.0461974927871205,0.21359549875490685,0.039534175476005087,0.05060811714766493
803,0.875,0.78125,0.11592037236606458,0.034536737023966556,0.12095585530990094,0.12397234260033342,-0.01884522671747706,-0.0080519702342688459,0.053381963741443619,0.1514047870026487,-0.12362182247506001,0.06743219914578924,0.058763653916262558,0.054203749356900061,0.20078809105588824,0.06939305418549821,0.055613077783150652
804,0.875,0.71875,0.13805612287882646,0.057906242156611672,0.14970846985068609,0.1476540341261714,0.007821766977459902,-0.0095979112473449368,0.050084475179151766,0.16450812214232338,-0.13749171788473386,0.094347830243197484,0.082219226339850918,0.050015358091452466,0.23064120527657053,0.096079246581540309,0.078308380210679096
805,0.75,0.84375,0.17030221373906995,-0.025985705191724676,0.17227333188494118,0.2150404021587714,-0.045404654165206844,-0.044738188419701452,0.019418948973482168,0.11875182336467872,-0.16602980895135527,0.15019600989134432,-0.043707968799666229,0.026801829425538593,0.12629873096915545,0.14952999211876397,-0.046604323737174172
806,0.75,0.90625,0.070087845199472226,-0.012261122005157301,0.071152239300885919,0.12380201824718159,-0.021273805369924279,-0.053714173047709368,0.0090126833647669775,0.081739950683615198,-0.12984810602825914,0.06237770089808424,-0.018152297165688541,0.0097032092588115355,0.11336159153002924,0.062512044117058546,-0.020545470187152796
807,0.78125,0.875,0.10550588330333266,0.0048599469055159127,0.10561775653525729,0.13261224568903451,-0.017634462281431541,-0.027106362385701854,0.022494409186947454,0.10253679866588437,-0.13025759747104429,0.08939497370857831,-0.0029676891464994817,0.017911819955916231,0.12796651251198299,0.089791884595675817,-0.005746600613121087
808,0.71875,0.875,0.11715433412466716,-0.053708008698544592,0.12887857930066227,0.14109800969667488,-0.066398263058484577,-0.023943675572007717,0.012690254359939986,0.062580331373443196,-0.15637136813939495,0.10777476193098702,-0.06360907908657315,0.013638459200553182,0.10318613678077067,0.10695921519953973,-0.065926425038776992
809,0.75,0.65625,0.40012814324567975,-0.17950458373557926,0.43854808926652367,0.45851259843087705,-0.1076351698020538,-0.058384455185197304,-0.071869413933525458,0.22485022073049865,-0.24971450439621889,0.43975908278803977,-0.12797261580899805,0.065008884680452642,0.24699576196293435,0.43661574373405793,-0.13193553556991058
810,0.75,0.59375,0.47462443844677366,-0.18454661934367608,0.5092404267947459,0.52958901203402431,-0.12499133143133587,-0.054964573587250654,-0.059555287912340216,0.25857061295998174,-0.26932259843636513,0.50278783909251179,-0.14631437412887993,0.047485594764061514,0.27344666168587234,0.49907568162897575,-0.15045572124594256
811,0.71875,0.625,0.44156681394190989,-0.33341091351873126,0.5533028903125341,0.43596505882836512,-0.29002010286876367,0.0056017551135447707,-0.043390810649967582,0.16480662397705848,-0.34161783454509631,0.49488411090759343,-0.29208250600977465,0.067459405741180895,0.33377371998328409,0.49064656550741748,-0.29513518076845174
812,0.78125,0.625,0.39164438573481081,-0.07716721701110453,0.39917427805262728,0.39976613348697809,-0.053197984223341536,-0.0081217477521672854,-0.023969232787762994,0.22173853117137898,-0.22781218832558175,0.41048712417204325,-0.013627144040048641,0.06627510592206598,0.28548426323586767,0.40808954006833831,-0.018413596466842291
813,0.65625,0.75,0.16753710490485846,-0.34766121562309182,0.38592357063080185,0.063643718126448229,-0.23082675888778698,0.10389338677841023,-0.11683445673530485,-0.042610996897640252,-0.27739364062644417,0.23453573070518186,-0.39339297440874804,0.081118491238195534,0.30044326262855559,0.23135231933704326,-0.39437759287371793
814,0.59375,0.75,-0.043713329177802247,-0.48161386766623182,0.48359360280739194,-0.12852578847335705,-0.33031064657422449,0.08481245929555481,-0.15130322109200733,-0.18719808308691646,-0.31545449215340726,0.019690158567317061,-0.52327412020052866,0.075865531695671132,0.29324348643477899,0.017086610222734722,-0.52248023010811628
815,0.625,0.71875,0.10717120293892128,-0.51404513872786484,0.52509815405229265,0.041096178523936322,-0.41321169195449692,0.066075024414984959,-0.10083344677336792,-0.10265459365108043,-0.36929697077532153,0.16300643811259274,-0.55104571015442516,0.066982204896458813,0.32188256874772314,0.15959560928344893,-0.55090629689842552
816,0.625,0.78125,0.056067689843997522,-0.35214328130808598,0.35657885020689112,-0.010298674335648305,-0.2518203677810647,0.066366364179645823,-0.10032291352702127,-0.09878248888887578,-0.26773519981448385,0.11650381962701936,-0.39384291053418446,0.073426050286967956,0.24950220307116505,0.11388244563594185,-0.3940557702208432
817,0.15625,0.75,0.014558329995373568,0.20340241723971514,0.20392275084260059,-0.073150295732523546,0.19731966230397324,0.087708625727897116,0.0060827549357418964,-0.060124694277559634,0.19073082339870437,0.049324751369365642,0.14844627589206699,0.065029851045321135,0.11733355918176318,0.049077278812834323,0.14816411742925856
818,0.09375,0.75,0.018650298545812551,0.073872512693776426,0.076190430944706553,-0.036781757605646864,0.10309802543951423,0.055432056151459415,-0.0292255127457378,-0.053953628873441198,0.11602650398633645,0.047534348904183912,0.044282831164884129,0.041350182805958702,0.12428581666185134,0.047192782746569954,0.044199849161754373
819,0.125,0.78125,0.018969043095545667,0.11422697533860296,0.11579130576587553,-0.034263821773199525,0.11862539498270262,0.053232864868745192,-0.0043984196440996631,-0.047499114139339112,0.13031473660099607,0.048326918348275259,0.075264715944370605,0.048784654313198533,0.11051304573041237,0.047983596187280951,0.075070988462515559
820,0.125,0.71875,0.039048281429141976,0.14198577853730063,0.14725735835404916,-0.010548109625145654,0.14632765473780346,0.049596391054287634,-0.0043418762005028311,-0.035349643992690798,0.16458959567077003,0.067616657120171314,0.1053067041142967,0.046492005658522163,0.11881296392297083,0.067292947311872992,0.10516537880557326
821,0.25,0.84375,-0.047028454629602409,0.16569040566350007,0.17223526373476422,-0.072745576073426327,0.20705040730924529,0.025717121443823918,-0.041360001645745215,-0.036548916249513078,0.19306508064552705,-0.065096363892216708,0.1422381500578713,0.029605027243929532,0.058295228277066388,-0.064835740038184972,0.14172219995176738
822,0.25,0.90625,-0.018577871538102309,0.068324707291246428,0.070805387770428427,-0.036107224840484821,0.11931593378163431,0.017529353302382512,-0.050991226490387884,-0.014660665493363589,0.11991693273104093,-0.027035082485607039,0.05907273293761469,0.012534889167872737,0.062089796620703248,-0.02688294217161756,0.058512673852354313
823,0.21875,0.875,-0.0070915711090608138,0.10657376558628048,0.10680944664229999,-0.033859102114102299,0.12835613998797468,0.026767531005041485,-0.021782374401694199,-0.023923336111292555,0.13264899384781875,-0.015943079427422228,0.088011855574113229,0.020564379465712459,0.04534488515815608,-0.015980603666140476,0.087478001864498334
824,0.28125,0.875,-0.066805836908318789,0.10850228052938395,0.12741964026435651,-0.083477212052689737,0.13073234350290902,0.016671375144370948,-0.022230062973525075,-0.045885050302824693,0.11836303095921349,-0.078613398459093917,0.097372726336662552,0.016226074272727386,0.038881070730954086,-0.078165262763163296,0.096906713637831987
825,0.25,0.65625,-0.23144946481246911,0.37300211413494128,0.43897543429116181,-0.16860910794555808,0.44140877886473839,-0.062840356866911029,-0.068406664729797118,-0.091598258105791808,0.3929169230973788,-0.19059572420590268,0.41645925515709575,0.059645211269372132,0.10175824140113948,-0.18986246091271933,0.41621586058548848
826,0.25,0.59375,-0.24707478095490182,0.44665212301604457,0.5104351735320094,-0.19587977796070444,0.50991321970745618,-0.051195002994197381,-0.063261096691411611,-0.1064095685871615,0.45300333681746047,-0.21791298023046637,0.47614854852568833,0.041478304441450439,0.11388025128666948,-0.21707177599110242,0.47598316440654548
827,0.28125,0.625,-0.3904376399059501,0.39287882174680289,0.55389107163095208,-0.34671991419210313,0.39355042621044056,-0.043717725713846967,-0.00067160446363767612,-0.20771159951111301,0.33921408353141297,-0.3609798908835945,0.44711966174998108,0.061723801743852974,0.18744274579434492,-0.35978978810893031,0.44715605560642047
828,0.21875,0.625,-0.128078796778824,0.37832637799509422,0.39941836020793814,-0.10600692183818018,0.39041677129856861,-0.022071874940643818,-0.012090393303474389,-0.066823207820922992,0.36677569536944449,-0.073208017778979617,0.40413607151378522,0.060637799000116448,0.037902025062615363,-0.072809556572865156,0.40384619666925103
829,0.34375,0.75,-0.36637199362808381,0.11927230915689602,0.38529770495895099,-0.23610695746667343,0.03183139421145828,-0.13026503616141039,0.087440914945437737,-0.19489282487889734,0.049537400531840636,-0.4233315401419277,0.17480116822446845,0.079547747475394087,0.26052880479435758,-0.42206005853378142,0.17523409915260202
830,0.40625,0.75,-0.46993112056229347,-0.10909393702035165,0.48242796889020984,-0.30837619382923004,-0.17271575471467737,-0.16155492673306343,0.063621817694325719,-0.2785671798756707,-0.1192958674584364,-0.52057048480222934,-0.05665578142445224,0.072897910621118986,0.24997875904508737,-0.51946765553135388,-0.055320449747576349
831,0.375,0.71875,-0.52326398063265245,0.03592979905313818,0.52449608567417139,-0.41421776371321845,-0.016026958442839551,-0.109046216919434,0.05195675749597773,-0.31100616628421851,-0.0041654390341252095,-0.56889905986412226,0.081094594341837245,0.06420606817063805,0.27162109242524923,-0.56750621644638,0.082162357221072055
832,0.375,0.78125,-0.35475385655179281,0.0091126315126398676,0.35487087622324709,-0.24683859344593684,-0.044486669594878014,-0.10791526310585597,0.053599301107517885,-0.20422895893220894,-0.025164649154472918,-0.4066030411057141,0.057959857913108023,0.071234749005841119,0.21878060428382798,-0.40543163759402306,0.058657310325604839
833,0.0625,0.03125,0.0014878504515990932,0.00011509773782105508,0.0014922956997777451,0.0067585044534867857,0.00014728321487627455,-0.0052706540018876927,-3.218547705521947e-05,-0.023761614412996117,0.0037433727669908337,0.00070689353885034412,0.00038617770032843123,0.00082666682868194109,0.024697745648240767,0.00053361179929083255,0.00029646486936536645
834,0.03125,0.0625,0.0026167979740820365,-0.0032785375925398802,0.0041948111260052033,0.0066235979004543493,-0.0030962984535476568,-0.0040067999263723123,-0.00018223913899222339,-0.031620207089011691,0.0029652870180499735,0.00078045982265615517,0.00019928411055285193,0.0039328592149840622,0.032518517623119449,0.00065385634520773986,0.00012384405941541008
835,0.09375,0.0625,0.014488378036746054,0.00065031429291561845,0.014502965449011997,0.014742595292598273,0.0078303480138893957,-0.00025421725585221891,-0.0071800337209737769,-0.019956023256553948,0.024148793567408108,0.0046420262601742108,0.0043244952309457159,0.010509531334621122,0.031592195943942802,0.004355269543349141,0.0041877256365084213
836,0.0625,0.09375,0.013831686161844995,-0.0048826446689605651,0.014668188744460011,0.014607688739565836,0.0045867663454654652,-0.00077600257772084125,-0.0094694110144260303,-0.027814615932569519,0.023370707818467246,0.0055676141473030745,0.0030416014711611822,0.011449391387788669,0.039085110336106642,0.0053319335266161904,0.0029550068753728836
837,0.9375,0.03125,-0.00088183750805896307,0.0029029079691107644,0.0030338938787878565,0.0011503014026398506,0.0076318500116193807,-0.0020321389106988134,-0.0047289420425086163,0.085103884333874766,0.018508276503099712,0.00027921505868017099,0.00075555982060029328,0.0024411364430614851,0.086662468619669697,0.002381312650273415,0.0016465449628708325
838,0.96875,0.0625,0.00060997014735638126,0.001598904313842738,0.0017113031833929609,-0.0017296662935936792,0.0072282618662709956,0.0023396364409500603,-0.0056293575524282574,0.10139321377946302,0.020720201501761217,8.3606447613734651e-05,0.00080115020652604869,0.00095575643348471101,0.1032492379741163,0.0022132719807751587,0.0018614930500473882
839,0.90625,0.0625,-0.0037134160117569741,0.013597421826119335,0.014095365862360563,0.0078022762120966999,0.015643177460060994,-0.011515692223853674,-0.0020457556339416594,0.090666774440309669,-0.019698542775485682,0.0036030600414238105,0.0052218411638534409,0.011121203768787363,0.090560012702156995,0.0060220156915696023,0.0050071291819295998
840,0.9375,0.09375,-0.0027689596091617268,0.010649213972771391,0.011003312935431697,0.0049223085158631701,0.015239589314712608,-0.0076912681250248969,-0.0045903753419412174,0.10695610388589792,-0.017486617776824177,0.0021991454517692136,0.005950918087537586,0.0068378397262331709,0.10734681377555187,0.0047695909147336488,0.0059587161948781598
841,0.96875,0.9375,0.00060997014735594997,0.0015989043138429024,0.0017113031833929609,-0.0017296662935941554,0.0072282618662711838,0.0023396364409501054,-0.0056293575524282817,0.10139321377946252,0.020720201501761414,8.3606447613734651e-05,0.00080115020652604869,0.00095575643348461072,0.10324923797411585,0.0022132719807749341,0.0018614930500468797
842,0.9375,0.96875,-0.0008818375080593484,0.0029029079691111678,0.0030338938787883543,0.0011503014026395366,0.0076318500116196904,-0.002032138910698885,-0.0047289420425085226,0.085103884333874419,0.018508276503099986,0.00027921505868017099,0.00075555982060029328,0.0024411364430620233,0.086662468619669419,0.0023813126502732298,0.0016465449628703917
843,0.9375,0.90625,-0.002768959609162075,0.010649213972771706,0.011003312935432089,0.0049223085158628804,0.015239589314712972,-0.007691268125024955,-0.0045903753419412659,0.10695610388589756,-0.017486617776823796,0.0021991454517692136,0.005950918087537586,0.0068378397262336401,0.10734681377555143,0.0047695909147331735,0.0059587161948777652
844,0.90625,0.9375,-0.0037134160117572156,0.013597421826119758,0.014095365862361035,0.0078022762120965724,0.01564317746006148,-0.011515692223853787,-0.0020457556339417218,0.090666774440309461,-0.019698542775485221,0.0036030600414238105,0.0052218411638534409,0.01112120376878784,0.090560012702156661,0.0060220156915692137,0.0050071291819292832
845,0.03125,0.9375,0.0026167979740823288,-0.0032785375925395927,0.0041948111260051608,0.0066235979004545739,-0.0030962984535473593,-0.0040067999263722447,-0.00018223913899223336,-0.031620207089011691,0.0029652870180500134,0.00078045982265615517,0.00019928411055285193,0.0039328592149839451,0.032518517623119456,0.00065385634520764195,0.00012384405941474414
846,0.0625,0.96875,0.0014878504515991244,0.000115097737821422,0.0014922956997778045,0.0067585044534869826,0.00014728321487665792,-0.0052706540018878584,-3.2185477055235922e-05,-0.023761614412996165,0.0037433727669909083,0.00070689353885034412,0.00038617770032843123,0.00082666682868185023,0.024697745648240826,0.0005336117992906916,0.00029646486936467126
847,0.0625,0.90625,0.013831686161845425,-0.0048826446689603058,0.014668188744460331,0.014607688739566282,0.0045867663454656517,-0.00077600257772085686,-0.0094694110144259575,-0.027814615932569516,0.023370707818467319,0.0055676141473030745,0.0030416014711611822,0.011449391387788801,0.039085110336106683,0.0053319335266158209,0.0029550068753722981
848,0.09375,0.9375,0.014488378036746331,0.00065031429291582477,0.014502965449012284,0.014742595292598691,0.0078303480138896681,-0.00025421725585235942,-0.0071800337209738437,-0.019956023256553997,0.024148793567408212,0.0046420262601742108,0.0043244952309457159,0.010509531334621309,0.031592195943942906,0.0043552695433486648,0.0041877256365078072
849,0.46875,0.4375,-0.7468691299164375,-0.55788842475317568,0.93223011735070871,-0.734527448168806,-0.56663481562521267,-0.012341681747631505,0.0087463908720369909,-0.62453480989265486,-0.41950285630851242,-0.7889174886251934,-0.5495211481585941,0.042872786096898818,0.20958630986516746,-0.78882191274327595,-0.54608378337976982
850,0.4375,0.46875,-0.83254702206846942,-0.4052660244237557,0.92594551378972223,-0.71202816499510091,-0.43010902074078594,-0.12051885707336851,0.024842996317030241,-0.59010328763495312,-0.30504301545333312,-0.90034566218224366,-0.33725655623254952,0.096030950036578105,0.31191031270907915,-0.89940719176927253,-0.33414271104217819
851,0.4375,0.40625,-0.79743988688179768,-0.30235321594848807,0.85283517773626538,-0.755606686088093,-0.31243116583610664,-0.041833200793704672,0.010077949887618565,-0.581766951855892,-0.23953742176861265,-0.84473953870167628,-0.31642730087184334,0.049349133008712139,0.27398290994307106,-0.8438343939351185,-0.31352788821152844
852,0.40625,0.4375,-0.83864169491976404,-0.1395841674806767,0.85017858845607741,-0.73310740291438781,-0.17590537095167999,-0.10553429200537623,0.036321203471003288,-0.54733542959819026,-0.12507758091343335,-0.89676399921009031,-0.09759843596946656,0.071700794322996905,0.35050738746547128,-0.89526144821111497,-0.095151707515359008
853,0.53125,0.4375,-0.44870577603494932,-0.81730986130773831,0.93237990263518689,-0.45906391128752444,-0.80622465727732329,0.010358135252575118,-0.011085204030415019,-0.50755233404827116,-0.58847576335473772,-0.42888575835748216,-0.86047736891236659,0.047500176984204508,0.28314890703805046,-0.43092877056480938,-0.8570810226834642
854,0.5625,0.46875,-0.28596811295868202,-0.88109260820009272,0.92633792206407684,-0.3274409511860481,-0.76516079424874561,0.041472838227366082,-0.11593181395134711,-0.41839859483889164,-0.57924938461132935,-0.20266723084952018,-0.93983524602560464,0.1019300468893434,0.4201930328558407,-0.20587837861720279,-0.9368777875246459
855,0.5625,0.40625,-0.18887507740323642,-0.83155046762423168,0.85273089252715417,-0.20467961232552984,-0.79161084914032787,0.015804534922293417,-0.039939618483903816,-0.34780200016712459,-0.57748323586106332,-0.19015032813376972,-0.88179021183815631,0.0502559266465787,0.34271968913856632,-0.19318147643631003,-0.87906942969162349
856,0.59375,0.4375,-0.022368033496803798,-0.84985502937658264,0.85014933975107354,-0.073056652224053553,-0.75054698611175019,0.050688618727249751,-0.099308043264832446,-0.25864826095774501,-0.56825685711765495,0.033919374719479777,-0.90142143362669191,0.076337188650042881,0.44338973430404011,0.029816349864959128,-0.89941370221935435
857,0.5625,0.53125,-0.28596811295868207,-0.88109260820009283,0.92633792206407695,-0.32744095118604821,-0.76516079424874528,0.041472838227366138,-0.11593181395134755,-0.41839859483889158,-0.57924938461132947,-0.20266723084952018,-0.93983524602560464,0.10193004688934337,0.42019303285584059,-0.20587837861720235,-0.93687778752464446
858,0.53125,0.5625,-0.44870577603494965,-0.81730986130773819,0.93237990263518689,-0.45906391128752444,-0.80622465727732295,0.010358135252574785,-0.011085204030415241,-0.50755233404827127,-0.58847576335473784,-0.42888575835748216,-0.86047736891236659,0.047500176984204751,0.2831489070380504,-0.43092877056480805,-0.85708102268346154
859,0.59375,0.5625,-0.022368033496804145,-0.84985502937658253,0.85014933975107343,-0.073056652224053664,-0.75054698611174975,0.050688618727249515,-0.099308043264832779,-0.25864826095774496,-0.56825685711765506,0.033919374719479777,-0.90142143362669191,0.076337188650043214,0.44338973430404,0.029816349864959391,-0.89941370221935257
860,0.5625,0.59375,-0.18887507740323681,-0.83155046762423157,0.85273089252715417,-0.20467961232552995,-0.79161084914032742,0.01580453492229314,-0.039939618483904149,-0.34780200016712459,-0.57748323586106354,-0.19015032813376972,-0.88179021183815631,0.050255926646578804,0.34271968913856615,-0.19318147643630931,-0.87906942969162094
861,0.4375,0.53125,-0.83254702206846976,-0.4052660244237557,0.92594551378972256,-0.71202816499510124,-0.43010902074078611,-0.12051885707336851,0.024842996317030408,-0.59010328763495323,-0.30504301545333301,-0.90034566218224366,-0.33725655623254952,0.096030950036577883,0.31191031270907904,-0.89940719176927186,-0.33414271104217724
862,0.46875,0.5625,-0.74686912991643817,-0.5578884247531759,0.93223011735070938,-0.73452744816880622,-0.56663481562521278,-0.01234168174763195,0.0087463908720368799,-0.62453480989265509,-0.41950285630851236,-0.7889174886251934,-0.5495211481585941,0.042872786096898208,0.20958630986516733,-0.7888219127432744,-0.54608378337976793
863,0.40625,0.5625,-0.83864169491976437,-0.1395841674806774,0.85017858845607786,-0.73310740291438847,-0.1759053709516803,-0.1055342920053759,0.0363212034710029,-0.54733542959819048,-0.12507758091343316,-0.89676399921009031,-0.09759843596946656,0.07170079432299703,0.35050738746547105,-0.89526144821111342,-0.095151707515357745
864,0.4375,0.59375,-0.79743988688179812,-0.30235321594848807,0.85283517773626583,-0.75560668608809356,-0.31243116583610703,-0.041833200793704561,0.010077949887618953,-0.58176695185589233,-0.23953742176861251,-0.84473953870167628,-0.31642730087184334,0.049349133008711708,0.27398290994307078,-0.84383439393511683,-0.31352788821152638
865,0.4375,0.03125,-0.054543715262648881,0.0070943431317415373,0.055003150629066737,-0.027605445256285093,0.021906982773408884,-0.026938270006363788,-0.014812639641667347,-0.024067250517966907,-0.0044342899257756247,-0.013306146579886753,-0.0049842914346709746,0.042970111517826655,0.010775150097606594,-0.012878994865932566,-0.0044651029497010135
866,0.46875,0.0625,-0.062231817251014933,-0.023618145241165744,0.066562871505040408,-0.082059239054034075,-0.036499354925853274,0.019827421803019142,0.01288120968468753,-0.076848553394428323,-0.052276849963670984,-0.044723213640883976,-0.031151992525997395,0.019060693987571806,0.038448628792750073,-0.044489778259332202,-0.030507968054964349
867,0.40625,0.0625,-0.087756605768303284,0.0082959842564645555,0.088147859932938291,-0.075341128447286937,0.024212852669917115,-0.012415477321016347,-0.015916868413452558,-0.050885804787681205,-0.00075815209229900546,-0.050836961406467707,-0.0055327911547316646,0.039424550335770768,0.004774888883774803,-0.050168862323153318,-0.0051749357033447326
868,0.4375,0.09375,-0.12141552629840369,-0.033877843929985017,0.12605331544891146,-0.12979492224503592,-0.034193485029345043,0.0083793959466322288,0.0003156410993600256,-0.10366710766414262,-0.048600712130194366,-0.10480148123117881,-0.039257129936550055,0.017463195911293142,0.0094121905845014342,-0.10426164288847369,-0.038618004355476021
869,0.5625,0.03125,0.034273749370692615,-0.032863542918375219,0.04748370614298069,0.025095836044488881,-0.024430793011633121,0.0091779133262037335,-0.0084327499067420979,-0.0089835733857434891,-0.061567498703681556,-0.0029952050572301255,-0.013889760421847076,0.041820800881572556,0.048052338995194059,-0.0035386569262542879,-0.01386136414543203
870,0.53125,0.0625,-0.010434323132748292,-0.056650381865850856,0.057603306023051574,-0.025369725299618708,-0.086238161252492951,0.014935402166870415,0.029587779386642095,-0.062771180139849697,-0.098688775928711003,-0.024313251607567015,-0.048779896196846174,0.015955224858181787,0.063007210246795647,-0.024705088314754702,-0.048334123274446035
871,0.59375,0.0625,0.034597780829862923,-0.073615538138452091,0.08134035833314926,0.034049666607902408,-0.071863729441764557,0.00054811422196051479,-0.0017518086966875346,-0.021724754400879152,-0.10430328683524495,0.0019228670475895566,-0.051100988300832872,0.039680662104728509,0.058221083548099503,0.0011021332617686716,-0.05137070944340269
872,0.5625,0.09375,-0.013121438618310347,-0.11947827208152371,0.12019662911662995,-0.01641589473620518,-0.13367109768262439,0.0032944561178948339,0.014192825601100675,-0.075512361154985358,-0.1414245640602744,-0.023590746179162143,-0.10939812344740948,0.014533265197110509,0.061004483442014271,-0.024405771589633574,-0.10911938590817909
873,0.03125,0.4375,0.035587364070485177,0.0012988331118584046,0.035611057958697588,0.053826747665577539,-0.011840334189241589,-0.018239383595092362,0.013139167301099992,-0.025010997565396331,0.061290250510108078,0.013767311271654578,0.0035153717101523083,0.02193234477892142,0.069582281197236404,0.0134765019887183,0.003625931817279385
874,0.0625,0.46875,0.026897631034321252,0.037652203963158513,0.046272789180486745,0.022007143594566077,0.069522704664346791,0.0048904874397551756,-0.031870500701188277,-0.035502185508140396,0.12868561707633286,0.047831167912324273,0.026130286122639169,0.023894927431285292,0.13214402634747327,0.047505135985116964,0.02627716651991481
875,0.0625,0.40625,0.080872432850548459,0.037466917168623833,0.089129794554273431,0.076131575605915575,0.038123508561190414,0.0047408572446328845,-0.00065659139256658144,-0.0068398320130927011,0.10635048861138573,0.044877073789511598,0.024516457148113697,0.038254153874785937,0.096806234568478297,0.044555925146689337,0.024628152609525458
876,0.09375,0.4375,0.068497060325344583,0.10156719420328759,0.12250609050795079,0.044311971534904106,0.11948654741477879,0.024185088790440477,-0.017919353211491199,-0.017331019955836767,0.17374585517761051,0.081885343229473079,0.076284095873882435,0.028609110091985548,0.13907796824190788,0.081544836739548973,0.07637972672885919
877,0.03125,0.5625,0.035587364070485433,0.0012988331118584683,0.035611057958697852,0.053826747665577511,-0.011840334189241686,-0.018239383595092078,0.013139167301100154,-0.025010997565396299,0.061290250510108057,0.013767311271654578,0.0035153717101523083,0.02193234477892167,0.069582281197236376,0.013476501988718236,0.0036259318172792011
878,0.0625,0.53125,0.026897631034321173,0.03765220396315834,0.046272789180486558,0.022007143594566,0.069522704664346707,0.0048904874397551722,-0.031870500701188367,-0.035502185508140362,0.12868561707633286,0.047831167912324273,0.026130286122639169,0.023894927431285278,0.13214402634747327,0.04750513598511695,0.026277166519914734
879,0.0625,0.59375,0.080872432850548501,0.037466917168623777,0.089129794554273445,0.076131575605915464,0.03812350856119022,0.0047408572446330371,-0.00065659139256644267,-0.0068398320130926438,0.1063504886113857,0.044877073789511598,0.024516457148113697,0.038254153874785958,0.096806234568478242,0.044555925146689226,0.024628152609525261
880,0.09375,0.5625,0.068497060325344319,0.10156719420328729,0.1225060905079504,0.044311971534903953,0.1194865474147786,0.024185088790440366,-0.01791935321149131,-0.017331019955836705,0.17374585517761049,0.081885343229473079,0.076284095873882435,0.028609110091985402,0.1390779682419078,0.081544836739548932,0.076379726728859051
881,0.96875,0.4375,-0.0041567156929085639,0.03321824317795545,0.033477305225801196,-0.015500562886442804,0.049169338691718474,0.01134384719353424,-0.015951095513763024,0.16916433443210316,-0.11851614275928682,0.0014748177359062793,0.0141322896431195,0.019899441979457009,0.21381155401104929,0.0056321707223867621,0.011755269559340585
882,0.9375,0.46875,0.042191364207841482,0.032118615712041908,0.053025622947557652,0.068536803567159382,0.028829421624784669,-0.0263454393593179,0.0032891940872572384,0.18824113744178828,-0.14862296623956942,0.018892777513712922,0.051124117933958449,0.030067145801540573,0.26187356614625196,0.022345732867575702,0.047572976710850715
883,0.9375,0.40625,0.023242193340096497,0.083695001346656792,0.0868622633925418,0.029814138696326962,0.077738026582893027,-0.0065719453562304644,0.0059569747637637643,0.16596344547302658,-0.1204462779069963,0.017725943303869462,0.047966648381897285,0.036151683502108366,0.22435969065440248,0.02115944479624312,0.044628190988201429
884,0.90625,0.4375,0.09529650323697729,0.080584009544813623,0.12480066555717496,0.11385150514992914,0.057398109515959223,-0.018555001912951855,0.0231859000288544,0.18504024848271169,-0.1505531013872789,0.063557979130716022,0.092113278130374704,0.033767705675122987,0.27137596340707243,0.066025441233117599,0.087701654433032086
885,0.96875,0.5625,-0.0041567156929088779,0.033218243177955305,0.033477305225801092,-0.015500562886442928,0.049169338691718523,0.011343847193534051,-0.015951095513763218,0.16916433443210302,-0.11851614275928664,0.0014748177359062793,0.0141322896431195,0.01989944197945696,0.21381155401104909,0.0056321707223864004,0.011755269559340441
886,0.9375,0.53125,0.042191364207841822,0.032118615712042026,0.053025622947557992,0.068536803567159313,0.028829421624784711,-0.026345439359317491,0.0032891940872573147,0.18824113744178822,-0.14862296623956928,0.018892777513712922,0.051124117933958449,0.030067145801540764,0.26187356614625179,0.022345732867575484,0.047572976710850687
887,0.9375,0.59375,0.023242193340096313,0.083695001346656542,0.086862263392541508,0.029814138696326774,0.077738026582893124,-0.006571945356230461,0.0059569747637634174,0.16596344547302644,-0.120446277906996,0.017725943303869462,0.047966648381897285,0.036151683502108088,0.22435969065440214,0.021159444796242606,0.044628190988201429
888,0.90625,0.5625,0.095296503236976998,0.080584009544813553,0.12480066555717469,0.11385150514992902,0.057398109515959306,-0.018555001912952021,0.023185900028854248,0.18504024848271161,-0.15055310138727862,0.063557979130716022,0.092113278130374704,0.033767705675122738,0.27137596340707215,0.066025441233117196,0.087701654433032183
889,0.5625,0.96875,0.034273749370692788,-0.032863542918375337,0.047483706142980898,0.025095836044489148,-0.024430793011633513,0.0091779133262036398,-0.0084327499067418238,-0.0089835733857431925,-0.061567498703682257,-0.0029952050572301255,-0.013889760421847076,0.041820800881572764,0.048052338995194711,-0.0035386569262551596,-0.01386136414543393
890,0.53125,0.9375,-0.010434323132747763,-0.056650381865851272,0.057603306023051887,-0.025369725299618572,-0.086238161252493561,0.014935402166870809,0.029587779386642289,-0.062771180139849517,-0.098688775928711892,-0.024313251607567015,-0.048779896196846174,0.015955224858182453,0.063007210246796244,-0.024705088314756332,-0.048334123274447721
891,0.59375,0.9375,0.034597780829863464,-0.073615538138452299,0.081340358333149676,0.034049666607902852,-0.071863729441764695,0.00054811422196061194,-0.001751808696687604,-0.021724754400878749,-0.10430328683524548,0.0019228670475895566,-0.051100988300832872,0.039680662104729078,0.058221083548099822,0.0011021332617677986,-0.051370709443404154
892,0.5625,0.90625,-0.013121438618309831,-0.11947827208152416,0.12019662911663034,-0.016415894736204868,-0.13367109768262475,0.0032944561178950369,0.014192825601100592,-0.07551236115498508,-0.14142456406027512,-0.023590746179162143,-0.10939812344740948,0.014533265197111189,0.061004483442014409,-0.024405771589635073,-0.10911938590818035
893,0.4375,0.96875,-0.054543715262648708,0.0070943431317408981,0.055003150629066487,-0.027605445256285117,0.021906982773408343,-0.02693827000636359,-0.014812639641667444,-0.024067250517967025,-0.0044342899257763455,-0.013306146579886753,-0.0049842914346709746,0.042970111517826308,0.010775150097606673,-0.012878994865934742,-0.0044651029497029052
894,0.46875,0.9375,-0.062231817251014676,-0.023618145241166486,0.066562871505040422,-0.082059239054034144,-0.036499354925854002,0.019827421803019468,0.012881209684687516,-0.076848553394428448,-0.052276849963671816,-0.044723213640883976,-0.031151992525997395,0.019060693987571278,0.038448628792750635,-0.044489778259334492,-0.030507968054965862
895,0.40625,0.9375,-0.087756605768303075,0.008295984256464186,0.088147859932938055,-0.075341128447286992,0.024212852669916726,-0.012415477321016083,-0.01591686841345254,-0.050885804787681503,-0.00075815209229949942,-0.050836961406467707,-0.0055327911547316646,0.039424550335770442,0.004774888883774313,-0.050168862323156073,-0.0051749357033458706
896,0.4375,0.90625,-0.12141552629840358,-0.033877843929985531,0.12605331544891149,-0.12979492224503603,-0.034193485029345619,0.0083793959466324508,0.00031564109936008805,-0.10366710766414292,-0.04860071213019497,-0.10480148123117881,-0.039257129936550055,0.017463195911292879,0.0094121905845019997,-0.1042616428884765,-0.038618004355476764
897,0.21875,0.1875,-0.025495645447252146,0.21041867295459901,0.21195765111159939,-0.070497453347044214,0.21609061351558601,0.045001807899792065,-0.0056719405609869933,-0.045811586867441995,0.20579714176230443,-0.03093038751161889,0.17074749021457425,0.040041717761587554,0.038077922315760016,-0.030865161988998996,0.17025395334858986
898,0.1875,0.21875,-0.0024052620963847787,0.22718370911771696,0.22719644137669881,-0.070632359900076644,0.21284703184716208,0.068227097803691863,0.014336677270554876,-0.053670179543457569,0.20501905601336357,0.012274768443527236,0.17309166457646893,0.056048662600503764,0.073267281162677403,0.012162489553222851,0.17268246793179926
899,0.1875,0.15625,0.0033774912246909059,0.1301760245888364,0.13021983268583248,-0.031610979387720332,0.13739634619431523,0.03498847061241124,-0.0072203216054788355,-0.033186006729221472,0.14538105496459625,0.0073047397512909021,0.10300720283775171,0.027451195899849144,0.058609247517920009,0.0071146409899823532,0.10256107881544752
900,0.15625,0.1875,0.015601220641346321,0.13568870749867987,0.13658266152100812,-0.031745885940752769,0.13415276452589131,0.047347106582099091,0.0015359429727885565,-0.041044599405237046,0.14460296921565538,0.032562042896182787,0.09799773681937235,0.041331329065353979,0.087120522711934628,0.032268120010628426,0.097673939916068653
901,0.3125,0.28125,-0.35973537274415129,0.23796029612925962,0.43131733206225137,-0.34194852735066172,0.18852019048329682,-0.01778684539348957,0.049440105645962795,-0.22733181128744503,0.16466782895615145,-0.38684462538836878,0.28898156073204823,0.057776128466658118,0.20223313717204078,-0.38562509592854155,0.28913338862908988
902,0.28125,0.3125,-0.32058855492498706,0.32263963719549515,0.45483332885633193,-0.31944924417695664,0.32504598536772344,-0.0011393107480304199,-0.0024063481722282898,-0.19290028902974327,0.27912766981133075,-0.30332338053413149,0.37570471577602577,0.055803125463584416,0.14669827860153406,-0.30229658651222968,0.37561585215312138
903,0.34375,0.3125,-0.55017777143047208,0.1957968724516157,0.58397944778736444,-0.52005933359720635,0.14066183782899896,-0.030118437833265732,0.055135034622616735,-0.34344515269276615,0.11096498939018566,-0.55580638408391114,0.22950240185721227,0.034172269355633805,0.24320446285449085,-0.55429980937679113,0.23021594146585214
904,0.3125,0.34375,-0.51283814821773865,0.31353062282290495,0.60108603187490384,-0.49756005042350127,0.27718763271342561,-0.015278097794237389,0.036342990109479334,-0.30901363043506436,0.22542483024536497,-0.48174790672708223,0.35987642797318087,0.055808035003704223,0.21889349542115133,-0.48031717074411212,0.36022263394088
905,0.28125,0.1875,-0.1198621603532546,0.19654393993532851,0.23020959539048613,-0.12011556328563142,0.2184668170305204,0.00025340293237681444,-0.021922877095191889,-0.067773301058973973,0.19151117887369926,-0.15251400389831868,0.188908057089367,0.033532813686426494,0.084780675632659286,-0.15189224543500709,0.18854210674801553
906,0.3125,0.21875,-0.22591287628353807,0.18027925203541861,0.28902808926668555,-0.17456935708338039,0.16006047933125828,-0.051343519200157672,0.020218772704160337,-0.12055460393543541,0.1436686188358039,-0.27648525409038238,0.20654064966321214,0.056984440002541742,0.16812870045922271,-0.275500116357348,0.2064879981932099
907,0.3125,0.15625,-0.13882925597360771,0.12612836534373914,0.18756845912484654,-0.13084719926489474,0.14214875322418402,-0.0079820567087129646,-0.016020387880444881,-0.077109435112285449,0.11680912918738591,-0.16453693896480714,0.12291276212610748,0.025908011672632233,0.087640303313791329,-0.163771981390745,0.12268209163096858
908,0.34375,0.1875,-0.23470625902832035,0.093185995387078835,0.25252852861280778,-0.18530099306264372,0.08374241552492187,-0.049405265965676626,0.0094435798621569644,-0.12989073798874687,0.06896656914949055,-0.27946496204681948,0.11539608371068426,0.049966283824600735,0.15661464913909748,-0.27843229743717585,0.11555700024389259
909,0.1875,0.28125,-0.019158645586600354,0.27281304349165475,0.27348493633085619,-0.046916647752022492,0.24054929160226302,0.027758002165422138,0.032263751889391734,-0.041520709396809283,0.23929391508313758,0.017174254793035054,0.24218137911631402,0.04752240011194752,0.058765944813216411,0.017143058758024098,0.24182766540416428
910,0.21875,0.3125,-0.10769771685334062,0.32305673470406937,0.34053553713684243,-0.078736251823033954,0.32191233045585144,-0.028961465030306666,0.001144404248217934,-0.052011897339553345,0.30668928164936238,-0.061515070494837044,0.3395865600914445,0.049051727309155128,0.034242389357566537,-0.06120945684373949,0.33922773429596803
911,0.15625,0.3125,0.036010363078549767,0.2048518257879107,0.20799282866889784,0.015685538355355542,0.18955728403609318,0.020324824723194225,0.01529454175181752,-0.016745659111940474,0.21315268735520343,0.064760144484518695,0.19490016691558273,0.03042343578891412,0.083524550416649052,0.064555574729282417,0.19467665715985163
912,0.1875,0.34375,-0.027653937968230104,0.27727926295169847,0.27865485810979118,-0.016134065715655919,0.2709203228896816,-0.011519872252574184,0.0063589400620168712,-0.027236847054684536,0.28054805392142823,0.021387556536001856,0.30159491635803948,0.054738644336391057,0.052983988552916562,0.021425074192369501,0.30130404848612391
913,0.78125,0.1875,0.21216068074951341,0.0021342148628242519,0.21217141496718556,0.22385062960062355,-0.041765311076715064,-0.011689948851110132,0.043899525939539316,0.13954867134694743,-0.16643930039414123,0.17343080996268828,-0.0057574683569205504,0.039525707523142106,0.16421525648980936,0.17310109845134389,-0.0091746497531721653
914,0.8125,0.21875,0.22625762768223287,0.027279520769368602,0.22789621834905099,0.22097066190439002,-0.042168899222063447,0.0052869657778428503,0.069448419991432045,0.15583800079253568,-0.16422737539547971,0.16946368654697169,0.03732898643286154,0.057676195347796957,0.20201640108109009,0.16966711855971894,0.033523941072503442
915,0.8125,0.15625,0.12937189381179132,0.019811694994925282,0.13088006023463375,0.14142247313088691,-0.013995119192939671,-0.012050579319095589,0.03380681418786495,0.12333364664815324,-0.13066708891383022,0.10084818570836111,0.022214556007800871,0.028624738689058585,0.15452635149908447,0.10164493906331026,0.019144123129148712
916,0.84375,0.1875,0.1351684332257885,0.033031107263487576,0.13914582059036651,0.13854250543465338,-0.014398707338288057,-0.0033740722088648756,0.04742981460177563,0.1396229760937415,-0.12845516391516873,0.092217090730401727,0.046474199686629032,0.045005939119777752,0.18123906923511851,0.093545640315236267,0.04326383352497877
917,0.6875,0.28125,0.28422567541291982,-0.32449456474053451,0.43137102024832336,0.23326568512374102,-0.31372780426806018,0.050959990289178803,-0.010766760472474324,0.041932492538195323,-0.33123611924835883,0.34219219630503561,-0.34068109343333658,0.060184061473607789,0.30040821766973286,0.33868003112460876,-0.34261373715846027
918,0.71875,0.3125,0.36260917324167902,-0.2742739204444038,0.45465546950955854,0.36488864522521725,-0.27266394123948257,-0.0022794719835382282,-0.0016099792049212303,0.13108623174757489,-0.32200974050495046,0.41584012097096396,-0.24543043907765788,0.060543209474817936,0.29487144119927633,0.41232412657170125,-0.24839686085535931
919,0.65625,0.3125,0.26917165372619395,-0.51828632416092857,0.58401549036129274,0.21071814552122944,-0.49611273733477013,0.058453508204964505,-0.022173586826158442,-0.018111104215244735,-0.42313944939723597,0.30792994157255865,-0.51649902238995782,0.038799475826384267,0.33914417790637047,0.30390271737495561,-0.51727672886806952
920,0.6875,0.34375,0.38037683374700731,-0.46517281728810045,0.60089290692697228,0.3423411056227057,-0.45504887430619245,0.038035728124301615,-0.010123942981907996,0.071042634994134851,-0.41391307065382765,0.42614104849665119,-0.42425923187696968,0.061386356976492869,0.35524910460697762,0.42180927860295642,-0.42614123153350469
921,0.71875,0.1875,0.21021807084684288,-0.09352601485574237,0.23008422971895487,0.23233639360826375,-0.090529111853767955,-0.022118322761420867,-0.0029969030019744158,0.099592204054506084,-0.19255307106249159,0.20908853685845824,-0.1234048587891298,0.029900186652036784,0.12950259517907645,0.20738061695441221,-0.12601033977454798
922,0.6875,0.21875,0.20811898557653544,-0.20069964560474537,0.28912602771676671,0.18187083226415615,-0.15233648009462777,0.026248153312379285,-0.048363165510117601,0.045804597300399888,-0.22967434828752101,0.24457130882498346,-0.24349129469523054,0.05621296204695643,0.19924636412825841,0.24198370704572411,-0.2454320794449685
923,0.6875,0.15625,0.14239835824820801,-0.1228937193025141,0.18809614210767353,0.15839400114616731,-0.11152272074704546,-0.015995642897959295,-0.011370998555468637,0.043420712063270583,-0.18289463025053096,0.14554488500686771,-0.14490216639414127,0.022232237269962606,0.10896225956400139,0.1438828793478632,-0.14678234334363413
924,0.65625,0.1875,0.12167970308832231,-0.22260446658510336,0.25369016277203316,0.10792843980205973,-0.17333008898790528,0.013751263286262583,-0.049274377597198077,-0.010366894690835612,-0.22001590747556038,0.15483022847334271,-0.25970083076202505,0.049750352445482045,0.16989697654158914,0.15253788408512076,-0.26084670322024162
925,0.8125,0.28125,0.27302214265521219,0.016266651078727268,0.27350629666857779,0.24465235343022806,-0.015501905527126353,0.028369789224984121,0.031768556605853621,0.16894133593221039,-0.1780972708051535,0.23710528995432459,0.052228889458340713,0.050826202860428195,0.24020088411505425,0.23670899577091264,0.047784571009120612
926,0.78125,0.3125,0.33424075481646942,-0.064541861626847732,0.34041523773553733,0.32868971988383028,-0.035841822594060151,0.0055510349326391428,-0.028700039032787582,0.18801813894189551,-0.2082040942854361,0.34492320850567526,-0.011450586311429761,0.05415531674212179,0.25165679755351722,0.34311780301853723,-0.01589311959458975
927,0.84375,0.3125,0.1989353867731003,0.060984540078338458,0.20807306947111026,0.1859058884863295,0.038935280051586141,0.013029498286770802,0.022049260026752317,0.16582964637309092,-0.15619495473451633,0.18340348419425723,0.092428963873801978,0.035071238722739526,0.24924424302262299,0.18390076827945817,0.087784014703009547
928,0.8125,0.34375,0.27889535351748124,0.0074709837691822809,0.27899540105908593,0.26994325493993165,0.018595362984652336,0.0089520985775495832,-0.011124379215470055,0.18490644938277606,-0.18630177821479893,0.29527352743944352,0.06504202596061795,0.059855404768709992,0.27450792304801852,0.29433915492131113,0.060085647444905528
929,0.8125,0.78125,0.22625762768223329,0.027279520769369448,0.22789621834905149,0.22097066190439063,-0.042168899222062614,0.005286965777842656,0.069448419991432059,0.15583800079253601,-0.16422737539547899,0.16946368654697169,0.03732898643286154,0.057676195347797221,0.20201640108108934,0.16966711855971814,0.033523941072504199
930,0.78125,0.8125,0.21216068074951391,0.0021342148628248989,0.21217141496718606,0.22385062960062432,-0.041765311076714107,-0.01168994885111041,0.043899525939539004,0.1395486713469479,-0.16643930039414043,0.17343080996268828,-0.0057574683569205504,0.039525707523142724,0.16421525648980848,0.17310109845134325,-0.0091746497531714887
931,0.84375,0.8125,0.13516843322578873,0.033031107263488173,0.13914582059036687,0.13854250543465371,-0.014398707338287306,-0.0033740722088649866,0.047429814601775477,0.13962297609374166,-0.12845516391516804,0.092217090730401727,0.046474199686629032,0.045005939119777787,0.18123906923511787,0.093545640315235448,0.043263833524979228
932,0.8125,0.84375,0.1293718938117919,0.01981169499492632,0.13088006023463447,0.14142247313088741,-0.013995119192938799,-0.012050579319095506,0.033806814187865117,0.12333364664815355,-0.13066708891382947,0.10084818570836111,0.022214556007800871,0.028624738689059077,0.15452635149908378,0.1016449390633096,0.019144123129149117
933,0.71875,0.6875,0.36260917324167946,-0.2742739204444033,0.4546554695095586,0.36488864522521791,-0.27266394123948162,-0.0022794719835384503,-0.0016099792049216743,0.13108623174757539,-0.32200974050495001,0.41584012097096396,-0.24543043907765788,0.060543209474817304,0.29487144119927572,0.41232412657170081,-0.24839686085535756
934,0.6875,0.71875,0.28422567541292026,-0.32449456474053434,0.43137102024832352,0.2332656851237416,-0.31372780426805935,0.050959990289178664,-0.01076676047247499,0.041932492538195754,-0.33123611924835838,0.34219219630503561,-0.34068109343333658,0.060184061473607407,0.30040821766973241,0.33868003112460826,-0.34261373715845855
935,0.6875,0.65625,0.38037683374700737,-0.46517281728809978,0.60089290692697173,0.34234110562270598,-0.45504887430619151,0.038035728124301393,-0.010123942981908274,0.071042634994135212,-0.41391307065382738,0.42614104849665119,-0.42425923187696968,0.061386356976492383,0.35524910460697728,0.42180927860295608,-0.42614123153350292
936,0.65625,0.6875,0.26917165372619434,-0.51828632416092835,0.58401549036129274,0.21071814552122969,-0.49611273733476924,0.058453508204964644,-0.022173586826159108,-0.018111104215244422,-0.4231394493972358,0.30792994157255865,-0.51649902238995782,0.038799475826383871,0.33914417790637019,0.30390271737495539,-0.51727672886806775
937,0.8125,0.71875,0.27302214265521252,0.016266651078727504,0.27350629666857812,0.24465235343022859,-0.015501905527125652,0.028369789224983927,0.031768556605853156,0.1689413359322107,-0.17809727080515284,0.23710528995432459,0.052228889458340713,0.050826202860428257,0.24020088411505353,0.23670899577091165,0.047784571009121556
938,0.78125,0.6875,0.33424075481646986,-0.064541861626847358,0.34041523773553767,0.32868971988383089,-0.035841822594059457,0.0055510349326389763,-0.028700039032787901,0.1880181389418959,-0.20820409428543546,0.34492320850567526,-0.011450586311429761,0.054155316742121339,0.25165679755351644,0.34311780301853656,-0.015893119594588473
939,0.84375,0.6875,0.19893538677310041,0.060984540078338569,0.2080730694711104,0.18590588848632966,0.038935280051586613,0.013029498286770747,0.022049260026751956,0.16582964637309106,-0.1561949547345157,0.18340348419425723,0.092428963873801978,0.035071238722739477,0.24924424302262232,0.18390076827945706,0.087784014703010199
940,0.8125,0.65625,0.27889535351748124,0.0074709837691823971,0.27899540105908593,0.26994325493993193,0.018595362984652808,0.0089520985775493056,-0.011124379215470411,0.18490644938277623,-0.18630177821479832,0.29527352743944352,0.06504202596061795,0.059855404768709881,0.27450792304801785,0.29433915492131069,0.060085647444906541
941,0.71875,0.8125,0.21021807084684391,-0.093526014855741815,0.23008422971895559,0.23233639360826469,-0.090529111853767136,-0.022118322761420783,-0.0029969030019746795,0.099592204054506722,-0.19255307106249109,0.20908853685845824,-0.1234048587891298,0.029900186652037378,0.12950259517907564,0.20738061695441187,-0.1260103397745474
942,0.6875,0.78125,0.20811898557653641,-0.20069964560474504,0.28912602771676721,0.18187083226415698,-0.15233648009462719,0.026248153312379424,-0.04836316551011785,0.045804597300400401,-0.2296743482875207,0.24457130882498346,-0.24349129469523054,0.056212962046956048,0.19924636412825791,0.2419837070457235,-0.24543207944496748
943,0.6875,0.84375,0.14239835824820885,-0.12289371930251394,0.18809614210767406,0.15839400114616814,-0.11152272074704488,-0.015995642897959295,-0.011370998555469067,0.043420712063271201,-0.18289463025053077,0.14554488500686771,-0.14490216639414127,0.022232237269962637,0.10896225956400075,0.14388287934786281,-0.14678234334363402
944,0.65625,0.8125,0.12167970308832279,-0.22260446658510358,0.25369016277203355,0.10792843980206043,-0.17333008898790492,0.013751263286262361,-0.04927437759719866,-0.01036689469083512,-0.22001590747556038,0.15483022847334271,-0.25970083076202505,0.049750352445481552,0.16989697654158867,0.15253788408512015,-0.26084670322024112
945,0.1875,0.78125,-0.0024052620963845237,0.2271837091177169,0.22719644137669875,-0.070632359900076214,0.21284703184716167,0.068227097803691683,0.014336677270555237,-0.053670179543457562,0.20501905601336398,0.012274768443527236,0.17309166457646893,0.056048662600503646,0.073267281162677583,0.012162489553222012,0.1726824679318
946,0.21875,0.8125,-0.025495645447251844,0.21041867295459898,0.21195765111159931,-0.070497453347043798,0.21609061351558567,0.045001807899791954,-0.005671940560986688,-0.045811586867442036,0.20579714176230487,-0.03093038751161889,0.17074749021457425,0.040041717761587561,0.038077922315760446,-0.030865161989000439,0.17025395334859103
947,0.15625,0.8125,0.015601220641346987,0.13568870749868006,0.1365826615210084,-0.031745885940752186,0.13415276452589103,0.047347106582099174,0.0015359429727890284,-0.041044599405237039,0.14460296921565569,0.032562042896182787,0.09799773681937235,0.041331329065353889,0.087120522711934795,0.032268120010627607,0.097673939916069097
948,0.1875,0.84375,0.0033774912246914666,0.13017602458883654,0.13021983268583262,-0.031610979387719777,0.13739634619431504,0.03498847061241124,-0.0072203216054785024,-0.033186006729221521,0.14538105496459658,0.0073047397512909021,0.10300720283775171,0.0274511958998492,0.058609247517920279,0.007114640989981086,0.1025610788154481
949,0.28125,0.6875,-0.3205885549249875,0.32263963719549482,0.45483332885633199,-0.31944924417695675,0.32504598536772283,-0.0011393107480307529,-0.0024063481722280122,-0.19290028902974332,0.27912766981133125,-0.30332338053413149,0.37570471577602577,0.055803125463584874,0.1466982786015337,-0.30229658651222935,0.37561585215312276
950,0.3125,0.71875,-0.35973537274415179,0.23796029612925917,0.43131733206225153,-0.34194852735066189,0.1885201904832961,-0.017786845393489903,0.049440105645963073,-0.22733181128744517,0.1646678289561519,-0.38684462538836878,0.28898156073204823,0.057776128466658278,0.20223313717204039,-0.38562509592854199,0.28913338862909183
951,0.3125,0.65625,-0.51283814821773932,0.31353062282290439,0.60108603187490417,-0.49756005042350177,0.277187632713425,-0.015278097794237555,0.036342990109479389,-0.30901363043506452,0.22542483024536539,-0.48174790672708223,0.35987642797318087,0.055808035003705056,0.21889349542115094,-0.48031717074411112,0.36022263394088172
952,0.34375,0.6875,-0.55017777143047275,0.19579687245161523,0.58397944778736488,-0.52005933359720691,0.14066183782899827,-0.030118437833265843,0.055135034622616957,-0.34344515269276632,0.11096498939018602,-0.55580638408391114,0.22950240185721227,0.034172269355634159,0.24320446285449052,-0.55429980937679035,0.23021594146585433
953,0.1875,0.71875,-0.019158645586600135,0.27281304349165469,0.27348493633085613,-0.046916647752022339,0.24054929160226249,0.027758002165422204,0.032263751889392206,-0.041520709396809248,0.23929391508313796,0.017174254793035054,0.24218137911631402,0.047522400111947312,0.058765944813216356,0.017143058758023907,0.24182766540416525
954,0.21875,0.6875,-0.10769771685334033,0.3230567347040692,0.3405355371368422,-0.078736251823033843,0.32191233045585088,-0.028961465030306485,0.0011444042482183225,-0.052011897339553304,0.30668928164936277,-0.061515070494837044,0.3395865600914445,0.049051727309154906,0.034242389357566176,-0.061209456843739261,0.33922773429596892
955,0.15625,0.6875,0.036010363078549733,0.20485182578791056,0.20799282866889771,0.015685538355355556,0.18955728403609268,0.020324824723194176,0.015294541751817881,-0.016745659111940411,0.21315268735520365,0.064760144484518695,0.19490016691558273,0.030423435788914106,0.083524550416649024,0.064555574729282389,0.19467665715985202
956,0.1875,0.65625,-0.027653937968230083,0.27727926295169836,0.27865485810979107,-0.016134065715655947,0.2709203228896811,-0.011519872252574136,0.0063589400620172598,-0.027236847054684467,0.28054805392142845,0.021387556536001856,0.30159491635803948,0.054738644336391085,0.05298398855291641,0.021425074192369793,0.30130404848612447
957,0.28125,0.8125,-0.11986216035325463,0.1965439399353287,0.23020959539048633,-0.12011556328563125,0.21846681703051998,0.00025340293237662015,-0.021922877095191279,-0.067773301058974181,0.19151117887369962,-0.15251400389831868,0.188908057089367,0.033532813686426508,0.084780675632659092,-0.15189224543500918,0.18854210674801711
958,0.3125,0.78125,-0.22591287628353815,0.18027925203541811,0.28902808926668533,-0.17456935708338028,0.16006047933125764,-0.051343519200157867,0.020218772704160476,-0.1205546039354356,0.14366861883580417,-0.27648525409038238,0.20654064966321214,0.056984440002541895,0.16812870045922243,-0.27550011635735006,0.20648799819321198
959,0.3125,0.84375,-0.13882925597360793,0.1261283653437392,0.18756845912484674,-0.13084719926489466,0.14214875322418369,-0.0079820567087132699,-0.016020387880444492,-0.077109435112285796,0.11680912918738608,-0.16453693896480714,0.12291276212610748,0.025908011672632018,0.087640303313790968,-0.16377198139074775,0.12268209163096984
960,0.34375,0.8125,-0.23470625902832043,0.093185995387078627,0.25252852861280778,-0.18530099306264369,0.083742415524921343,-0.049405265965676737,0.0094435798621572836,-0.1298907379887472,0.068966569149490606,-0.27946496204681948,0.11539608371068426,0.049966283824600756,0.15661464913909715,-0.27843229743717862,0.11555700024389433
961,0.1875,0.03125,0.025810870138985739,0.014905399904026088,0.029805569339144095,0.018230440678945047,-0.0025669995997785362,0.0075804294600406927,0.017472399503804623,0.0023749091357463809,0.019090092134269723,0.00038517722364831585,0.0054315457847505843,0.027133370083687595,0.01380271427886501,0.00019696547978766035,0.0049560940184213333
962,0.21875,0.0625,0.008594909302976678,0.029433273629129647,0.030662518853701724,0.0027792491188388451,0.040621666460363415,0.0058156601841378329,-0.011188392831233768,-0.0020350853551427944,0.059500845933332436,-0.0045755011111862261,0.025258504469611576,0.013816237114813638,0.034336447998178421,-0.0046456205416279279,0.024711331287543718
963,0.15625,0.0625,0.023954081228249716,0.015512793849592539,0.02853847894526864,0.020478563405327402,0.0064732066065619912,0.0034755178229223145,0.0090395872430305488,-0.0068877614821826957,0.03182215325104755,0.0048168702509146129,0.014496706630084667,0.019164166489275825,0.020908598820180722,0.004499697973269743,0.014144318188354807
964,0.1875,0.09375,0.011480118934206422,0.045818010403647219,0.047234343523460232,0.0050273718452211996,0.049661872666703938,0.006452747088985222,-0.0038438622630567187,-0.011297755973071871,0.072232907050110262,0.003033721546091678,0.042779781524221822,0.0089762165505142561,0.032754814167172915,0.0027989705372580241,0.042316525482586159
965,0.3125,0.03125,-0.037572791257993086,-3.4203488416375172e-05,0.037572806826152098,-0.028336837213879092,0.0036859031238755027,-0.0092359540441139948,-0.0037201066122918777,-0.015255589438473367,0.0060257892848322968,-0.0086759944222320803,0.006481161284125612,0.029622201901386876,0.0065953342777669401,-0.0081316701522798785,0.0061715063694578881
966,0.28125,0.0625,-0.031354633858333897,0.027600164527613855,0.041771786487311419,-0.046838860819748356,0.042997869975297809,0.015484226961414459,-0.015397705447683954,-0.023996799546674781,0.045214883044727268,-0.022561243180224656,0.027944978859373817,0.008800148665860456,0.017329466600347055,-0.022202524970595106,0.027449621029641939
967,0.34375,0.0625,-0.073219276564213523,0.021838539675951871,0.076406703081371805,-0.075706824426083938,0.015102312845150427,0.002487547861870415,0.0067362268308014447,-0.04647997424793443,0.0044718875130049553,-0.041340970716985129,0.017070426584420748,0.032232922395325353,0.013606342051598573,-0.040648884921017002,0.016937226383622581
968,0.3125,0.09375,-0.077672887794817472,0.05722485464802627,0.096476740657393881,-0.094208848031953202,0.054414279696572733,0.01653596023713573,0.0028105749514535372,-0.05522118435613585,0.043660981272899926,-0.068333612676248295,0.051046732320027842,0.011197823683200143,0.015049421749032021,-0.06773163198966986,0.050708114022979769
969,0.03125,0.1875,0.0044178663176485302,-0.020876824530324661,0.02133915052832654,0.017555907913782864,-0.018784907941898188,-0.013138041596134334,-0.0020919165884264734,-0.036918054244331491,0.015199663389565427,0.0052759084011556089,0.0013471605873372791,0.022240542950367211,0.044409709722249925,0.005054851252523071,0.0012611188125017207
970,0.0625,0.21875,0.0034697326460424146,0.0095626908323295408,0.010172713531292029,0.002104716353676663,0.02440375811824376,0.0013650162923657515,-0.014841067285914219,-0.041328048735220654,0.055610417188628136,0.022527174430064297,0.012306651480289497,0.019253971210868057,0.077153779233495937,0.022232971997651139,0.012240831477275567
971,0.0625,0.15625,0.01300290751468108,-0.0056389349720844702,0.014172973980599378,0.020073843746230093,-0.0032575383987098021,-0.0070709362315490125,-0.0023813965733746681,-0.030463539510229416,0.029487896004224974,0.013405967477156631,0.007323713411535546,0.012968913233217246,0.049150632074454449,0.01313119848150124,0.0072347157295308629
972,0.09375,0.1875,0.012221933749227689,0.034828808820524748,0.03691099549493583,0.0046226521861238903,0.039931127661432142,0.0075992815631037991,-0.0051023188409073938,-0.034873534001118589,0.069898649803287694,0.031380097518777662,0.029233587761193041,0.019958500387646516,0.077737963444263161,0.031039247739773734,0.029109930270668889
973,0.03125,0.3125,0.035643207093917037,0.01896463036941292,0.04037444014458054,0.045969107585250829,0.0016280927150437718,-0.010325900491333792,0.017336537654369148,-0.025876636222289782,0.05428454334379626,0.010492848726821642,0.0026792641529883427,0.02996253792315311,0.063133543190802111,0.010230883492041588,0.0026826830169528614
974,0.0625,0.28125,0.026213703058237125,0.03084863015429248,0.040482048001821175,0.02582042850173082,0.052106017873344693,0.00039327455650630533,-0.021257387719052213,-0.029178578588572372,0.089885276258402147,0.031518919090737146,0.017218863976454685,0.014625862135752078,0.094681538319039527,0.031214111600135642,0.017204750857761016
975,0.0625,0.34375,0.082061802297596562,0.039294571633794295,0.090984629230509123,0.072202755565752216,0.044857722013333094,0.0098590467318443453,-0.005563150379538799,-0.0072726513415394267,0.10284763502822983,0.039251348726944031,0.021443109539256419,0.046383290459363902,0.09376128920005937,0.038937948111182182,0.021495015205157349
976,0.09375,0.3125,0.069467573908177427,0.073531077414176221,0.10115613263849933,0.052054076482232203,0.095335647171634008,0.017413497425945224,-0.021804569757457787,-0.010574593707822016,0.13844836794283572,0.062409464164564388,0.058140435882714628,0.01693188589327355,0.10851744862137551,0.062069757111290549,0.058119972428216607
977,0.8125,0.03125,-0.0038487460887266095,0.022140654967672431,0.022472682279892766,-0.0031662038621526551,0.016375818731516969,-0.00068254222657395443,0.0057648362361554621,0.054635968582205902,-0.057086379168500768,0.0053177013149923198,0.0011713683579422022,0.022885251559162659,0.076329919645543212,0.0071266222437021349,-0.00022094721417166533
978,0.78125,0.0625,0.022594826374674238,0.0079046173375290595,0.023937609616551933,0.041373861777444079,0.0064963865138500804,-0.018779035402769841,0.0014082308236789791,0.065524925984820431,-0.094075894547948957,0.025655445260752703,-0.00085169650250304003,0.0092757975415032577,0.10139194541196717,0.026712424005240171,-0.0029321659629864129
979,0.84375,0.0625,0.0036610053449299966,0.022504473654222399,0.02280031347567827,0.0056440235797004471,0.020015161820009786,-0.0019830182347704505,0.0024893118342126132,0.07543281656447523,-0.057495870611285922,0.013641581468994338,0.0068748816104480812,0.01854443440019287,0.089228641568819503,0.015652146184268381,0.0054547909973279305
980,0.8125,0.09375,0.040132621548361377,0.014519292080080662,0.042678298406223891,0.050184089219297186,0.010135729602342897,-0.010051467670935808,0.0043835624777377648,0.08632177396708976,-0.094485385990734111,0.041883123052213186,0.0092258970876842126,0.0055753283365659514,0.11283095290258822,0.043218441590592481,0.0069591288470378342
981,0.6875,0.03125,0.025906964367317504,-0.031134324918699,0.040503296049489358,0.0084115142723293155,-0.029047750494775846,0.017495450094988187,-0.0020865744239231543,0.0038533032043291879,-0.093992550744537315,0.0076745478459039704,-0.0076406574433344181,0.029738416629896704,0.086436400823455703,0.0076086736814610237,-0.0092059492490421772
982,0.71875,0.0625,0.037854143988005753,-0.02835026329816458,0.047293484182706708,0.049859625785084287,-0.04226741426320281,-0.012005481797078534,0.01391715096503823,0.025568458692379101,-0.12018966521629931,0.03093025693172459,-0.018255156625610915,0.012241380261162357,0.10207542761107873,0.030921938083789343,-0.020225961667494047
983,0.65625,0.0625,0.046648421568151549,-0.06331591873493056,0.078644648896465399,0.025707505721822621,-0.074172208183335919,0.020940915846328928,0.01085628944840536,-0.015306316105842812,-0.12051581285567282,0.022903879951677916,-0.038417282657104299,0.034405600345183335,0.09055488801560875,0.022185461977061633,-0.039646523195607422
984,0.6875,0.09375,0.07203409616983486,-0.069681591998322051,0.10022193010726563,0.067155617234577594,-0.087391871951762887,0.0048784789352572661,0.017710279953440836,0.0064088393822070988,-0.14671292732743485,0.060446048538654686,-0.060179121944431015,0.014985986288115854,0.10202019137151845,0.059630915546337981,-0.061924403074513731
985,0.96875,0.1875,-0.0079867149158729198,-0.0046872422975249919,0.0092605537363126596,-0.0175660423433203,0.014357878004775041,0.0095793274274473799,-0.019045120302300031,0.13608261581014719,-0.046026754175193252,0.00056517958586884624,0.005415775396116089,0.013236535275023664,0.14495278324163488,0.0037796985237684429,0.0050131574199439128
986,0.9375,0.21875,0.019207372925752742,0.0043564830195471204,0.019695230869643084,0.026974023296276437,0.0044784457871081523,-0.007766650370523695,-0.00012196276756103186,0.14697157321276172,-0.083016269554641434,0.0088979824891573748,0.024078064001960438,0.022253635379866608,0.17473841230605852,0.012038889185919752,0.022434446127881615
987,0.9375,0.15625,0.0021157532899889046,0.0085484462446859706,0.0088063809355707831,-0.0029958795090001388,0.018804397383964631,0.005111632798989043,-0.010255951139278661,0.12430080490123999,-0.050860095615301415,0.0052952075384454901,0.014328905026472783,0.0065971685627975972,0.13569059660989333,0.0082015029519451107,0.013483340019128912
988,0.90625,0.1875,0.040994527177173661,0.01608500464019608,0.044037241429898392,0.0415441861305966,0.0089249651662977412,-0.0005496589534229393,0.007160039473898339,0.13518976230385452,-0.087849610994749597,0.024356685880024959,0.035299646267649261,0.025416927743151088,0.16567954126521156,0.027003184171449632,0.03324540781581025
989,0.96875,0.3125,0.0043739636822985794,0.040952248959403317,0.041185170305912504,-0.0013748684412196871,0.044079688325814215,0.0057488321235182665,-0.0031274393664108974,0.16011950805241498,-0.084969939355141882,0.0011240422401402102,0.010771019443294654,0.030355701350557353,0.18559603805174874,0.0049855608028495108,0.0091233586737676942
990,0.9375,0.28125,0.029042624064690419,0.032335890781656385,0.043463592180193127,0.050655714822114485,0.031145439482045248,-0.021613090757424066,0.0011904512996111366,0.16007490835243643,-0.096886164964315236,0.012449621279278509,0.033688847817796012,0.0166480699835845,0.19708642608378896,0.015744067514646201,0.03133751337672161
991,0.9375,0.34375,0.020802072182510629,0.086478873309054238,0.088945611110890888,0.036876985918938524,0.075193201399940901,-0.016074913736427894,0.011285671909113337,0.16144103228318249,-0.10367317620492385,0.015503844689107808,0.041953618717015868,0.04483937456140176,0.20616698601401931,0.018889642107954997,0.039024780572778708
992,0.90625,0.3125,0.063382561142605168,0.078524241462556585,0.10091286119353654,0.088907569182272689,0.062258952556171934,-0.025525008039667521,0.016265288906384651,0.16139643258320394,-0.11558940181409719,0.048441140556920122,0.070204753425140709,0.017101459888648068,0.21743588967280697,0.051027975639575181,0.066652507770928918
993,0.96875,0.8125,-0.0079867149158735183,-0.0046872422975248029,0.0092605537363130794,-0.017566042343320688,0.014357878004775256,0.00957932742744717,-0.019045120302300059,0.13608261581014669,-0.046026754175192947,0.00056517958586884624,0.005415775396116089,0.013236535275023907,0.1449527832416343,0.0037796985237676978,0.0050131574199434297
994,0.9375,0.78125,0.019207372925752308,0.0043564830195473286,0.019695230869642706,0.026974023296276267,0.0044784457871084966,-0.0077666503705239587,-0.00012196276756116804,0.14697157321276139,-0.083016269554641045,0.0088979824891573748,0.024078064001960438,0.022253635379866219,0.17473841230605802,0.012038889185918809,0.022434446127881421
995,0.9375,0.84375,0.0021157532899884674,0.0085484462446862725,0.0088063809355709722,-0.0029958795090003851,0.01880439738396501,0.0051116327989888521,-0.010255951139278737,0.12430080490123964,-0.050860095615300971,0.0052952075384454901,0.014328905026472783,0.0065971685627975434,0.13569059660989283,0.0082015029519443665,0.013483340019128605
996,0.90625,0.8125,0.040994527177173355,0.01608500464019649,0.044037241429898254,0.041544186130596572,0.0089249651662982495,-0.00054965895342321686,0.0071600394738982401,0.13518976230385432,-0.087849610994749056,0.024356685880024959,0.035299646267649261,0.025416927743150578,0.16567954126521103,0.02700318417144873,0.033245407815810257
997,0.96875,0.6875,0.0043739636822980651,0.040952248959403054,0.041185170305912185,-0.0013748684412200653,0.044079688325814291,0.0057488321235181303,-0.0031274393664112374,0.16011950805241451,-0.084969939355141633,0.0011240422401402102,0.010771019443294654,0.030355701350557037,0.18559603805174818,0.0049855608028486166,0.0091233586737673109
998,0.9375,0.71875,0.029042624064689958,0.03233589078165628,0.043463592180192745,0.050655714822114242,0.031145439482045456,-0.021613090757424284,0.0011904512996108244,0.16007490835243607,-0.096886164964314875,0.012449621279278509,0.033688847817796012,0.016648069983584046,0.19708642608378843,0.01574406751464516,0.031337513376721443
999,0.9375,0.65625,0.020802072182510185,0.08647887330905403,0.088945611110890582,0.036876985918938204,0.075193201399941012,-0.016074913736428019,0.011285671909113018,0.16144103228318218,-0.10367317620492349,0.015503844689107808,0.041953618717015868,0.044839374561401503,0.20616698601401884,0.018889642107954057,0.039024780572778549
1000,0.90625,0.6875,0.063382561142604987,0.078524241462556779,0.10091286119353658,0.088907569182272508,0.06225895255617217,-0.025525008039667521,0.016265288906384609,0.16139643258320371,-0.11558940181409671,0.048441140556920122,0.070204753425140709,0.017101459888648002,0.21743588967280647,0.051027975639574071,0.066652507770929029
1001,0.8125,0.96875,-0.0038487460887263788,0.022140654967673278,0.02247268227989356,-0.0031662038621522257,0.016375818731517791,-0.00068254222657415306,0.0057648362361554864,0.054635968582206138,-0.057086379168500082,0.0053177013149923198,0.0011713683579422022,0.022885251559163343,0.076329919645542837,0.0071266222437019406,-0.00022094721417190142
1002,0.78125,0.9375,0.022594826374674862,0.0079046173375297932,0.023937609616552766,0.041373861777444731,0.0064963865138510319,-0.018779035402769869,0.0014082308236787614,0.065524925984820848,-0.094075894547948166,0.025655445260752703,-0.00085169650250304003,0.0092757975415037434,0.10139194541196661,0.026712424005239932,-0.0029321659629865872
1003,0.84375,0.9375,0.0036610053449302299,0.022504473654223197,0.022800313475679092,0.0056440235797006908,0.020015161820010528,-0.0019830182347704609,0.0024893118342126687,0.075432816564475313,-0.057495870611285256,0.013641581468994338,0.0068748816104480812,0.018544434400193415,0.089228641568819073,0.015652146184268013,0.0054547909973277882
1004,0.8125,0.90625,0.040132621548361877,0.014519292080081384,0.042678298406224613,0.050184089219297644,0.01013572960234377,-0.010051467670935767,0.0043835624777376139,0.086321773967090024,-0.094485385990733334,0.041883123052213186,0.0092258970876842126,0.0055753283365664796,0.1128309529025876,0.043218441590592058,0.0069591288470378602
1005,0.6875,0.96875,0.025906964367318194,-0.031134324918698345,0.040503296049489296,0.0084115142723299903,-0.02904775049477528,0.017495450094988204,-0.0020865744239230641,0.0038533032043296805,-0.093992550744537065,0.0076745478459039704,-0.0076406574433344181,0.029738416629896607,0.086436400823455425,0.0076086736814610142,-0.0092059492490430567
1006,0.71875,0.9375,0.037854143988006711,-0.028350263298163932,0.047293484182707089,0.049859625785085099,-0.042267414263202005,-0.012005481797078388,0.013917150965038073,0.025568458692379666,-0.12018966521629881,0.03093025693172459,-0.018255156625610915,0.012241380261162364,0.1020754276110782,0.030921938083789222,-0.020225961667494553
1007,0.65625,0.9375,0.04664842156815234,-0.063315918734930407,0.078644648896465746,0.025707505721823273,-0.074172208183335586,0.020940915846329067,0.010856289448405179,-0.015306316105842311,-0.12051581285567289,0.022903879951677916,-0.038417282657104299,0.034405600345183772,0.090554888015608598,0.022185461977061293,-0.039646523195608414
1008,0.6875,0.90625,0.072034096169835915,-0.069681591998321801,0.10022193010726621,0.067155617234578385,-0.087391871951762304,0.0048784789352575297,0.017710279953440503,0.0064088393822076747,-0.14671292732743466,0.060446048538654686,-0.060179121944431015,0.014985986288116511,0.10202019137151798,0.059630915546337683,-0.061924403074514252
1009,0.03125,0.8125,0.0044178663176490654,-0.02087682453032454,0.021339150528326533,0.017555907913783309,-0.018784907941898143,-0.013138041596134242,-0.0020919165884263971,-0.036918054244331498,0.015199663389565382,0.0052759084011556089,0.0013471605873372791,0.022240542950367068,0.044409709722249918,0.005054851252522757,0.0012611188125012831
1010,0.0625,0.78125,0.0034697326460428925,0.0095626908323295859,0.010172713531292234,0.0021047163536771548,0.024403758118243656,0.0013650162923657377,-0.01484106728591407,-0.041328048735220675,0.055610417188628178,0.022527174430064297,0.012306651480289497,0.019253971210867579,0.077153779233495978,0.022232971997650779,0.012240831477275347
1011,0.0625,0.84375,0.013002907514681545,-0.0056389349720843323,0.014172973980599749,0.020073843746230651,-0.0032575383987097414,-0.0070709362315491062,-0.0023813965733745909,-0.030463539510229422,0.029487896004225005,0.013405967477156631,0.007323713411535546,0.012968913233217095,0.049150632074454463,0.013131198481500805,0.0072347157295304656
1012,0.09375,0.8125,0.012221933749228191,0.034828808820524769,0.036910995494936018,0.004622652186124494,0.039931127661432059,0.0075992815631036967,-0.0051023188409072898,-0.034873534001118596,0.069898649803287805,0.031380097518777662,0.029233587761193041,0.019958500387646044,0.077737963444263231,0.031039247739773231,0.029109930270668809
1013,0.03125,0.6875,0.035643207093917405,0.018964630369412695,0.040374440144580755,0.045969107585250996,0.0016280927150436608,-0.010325900491333591,0.017336537654369034,-0.025876636222289771,0.054284543343796163,0.010492848726821642,0.0026792641529883427,0.029962537923153294,0.063133543190802013,0.010230883492041393,0.0026826830169525873
1014,0.0625,0.71875,0.026213703058237468,0.030848630154292303,0.040482048001821258,0.025820428501731024,0.052106017873344485,0.00039327455650644411,-0.021257387719052181,-0.029178578588572361,0.089885276258402147,0.031518919090737146,0.017218863976454685,0.01462586213575179,0.094681538319039513,0.031214111600135389,0.017204750857760839
1015,0.0625,0.65625,0.082061802297596645,0.039294571633794094,0.090984629230509109,0.072202755565752202,0.044857722013332893,0.0098590467318444425,-0.005563150379538799,-0.0072726513415393764,0.10284763502822976,0.039251348726944031,0.021443109539256419,0.046383290459363902,0.093761289200059286,0.038937948111182029,0.021495015205157161
1016,0.09375,0.6875,0.06946757390817776,0.073531077414176055,0.10115613263849944,0.052054076482232238,0.095335647171633717,0.017413497425945522,-0.021804569757457662,-0.010574593707821966,0.13844836794283574,0.062409464164564388,0.058140435882714628,0.016931885893273536,0.10851744862137548,0.062069757111290397,0.058119972428216565
1017,0.1875,0.96875,0.02581087013898594,0.014905399904026517,0.029805569339144484,0.018230440678945352,-0.0025669995997780618,0.0075804294600405886,0.017472399503804577,0.0023749091357461059,0.019090092134269855,0.00038517722364831585,0.0054315457847505843,0.027133370083687935,0.013802714278865102,0.00019696547978654376,0.0049560940184206594
1018,0.21875,0.9375,0.0085949093029769642,0.029433273629130029,0.030662518853702171,0.0027792491188391964,0.040621666460363741,0.0058156601841377678,-0.011188392831233712,-0.0020350853551430684,0.059500845933332644,-0.0045755011111862261,0.025258504469611576,0.013816237114814027,0.034336447998178608,-0.004645620541629542,0.024711331287543385
1019,0.15625,0.9375,0.023954081228250129,0.015512793849592733,0.028538478945269095,0.020478563405327874,0.0064732066065623078,0.0034755178229222555,0.0090395872430304256,-0.0068877614821828579,0.031822153251047688,0.0048168702509146129,0.014496706630084667,0.019164166489276244,0.020908598820180927,0.0044996979732687681,0.014144318188354354
1020,0.1875,0.90625,0.011480118934206949,0.045818010403647552,0.047234343523460683,0.0050273718452217182,0.049661872666704104,0.0064527470889852306,-0.0038438622630565522,-0.011297755973072032,0.072232907050110484,0.003033721546091678,0.042779781524221822,0.008976216550514865,0.032754814167173185,0.0027989705372566498,0.042316525482586118
1021,0.3125,0.96875,-0.037572791257993038,-3.4203488416181533e-05,0.03757280682615205,-0.028336837213879022,0.0036859031238757316,-0.0092359540441140156,-0.0037201066122919133,-0.015255589438473776,0.0060257892848321962,-0.0086759944222320803,0.006481161284125612,0.029622201901386785,0.0065953342777673556,-0.0081316701522821892,0.0061715063694568082
1022,0.28125,0.9375,-0.031354633858333619,0.027600164527614098,0.04177178648731137,-0.046838860819748251,0.042997869975298059,0.015484226961414632,-0.01539770544768396,-0.023996799546675208,0.045214883044727386,-0.022561243180224656,0.027944978859373817,0.008800148665860168,0.017329466600347208,-0.022202524970597395,0.02744962102964155
1023,0.34375,0.9375,-0.07321927656421362,0.021838539675951972,0.076406703081371929,-0.075706824426083952,0.015102312845150422,0.0024875478618703317,0.0067362268308015505,-0.046479974247934881,0.0044718875130047723,-0.041340970716985129,0.017070426584420748,0.032232922395325464,0.013606342051598915,-0.040648884921019771,0.016937226383621901
1024,0.3125,0.90625,-0.077672887794817305,0.057224854648026346,0.096476740657393797,-0.094208848031953174,0.054414279696572747,0.016535960237135869,0.0028105749514535996,-0.055221184356136307,0.043660981272899968,-0.068333612676248295,0.051046732320027842,0.011197823683200046,0.015049421749031601,-0.06773163198967258,0.050708114022979867
1025,0.46875,0.3125,-0.55793911716890154,-0.3947706722194102,0.68347636543759016,-0.56500278423940342,-0.37160510859067636,0.0070636670705018778,-0.023165563628733843,-0.47412112100203346,-0.28983284407733473,-0.60127876117188461,-0.41882123284952055,0.049565655538163923,0.18112722018407365,-0.60114438004268167,-0.41624394683098154
1026,0.4375,0.28125,-0.55181647409546974,-0.24125541116636387,0.60225044167705477,-0.48648700007577461,-0.22057410736897448,-0.065329474019695133,-0.020681303797389389,-0.39468052128099146,-0.17299870702440195,-0.59329352216604314,-0.22223923380251465,0.045628505544034949,0.20462588692037861,-0.5925276034044048,-0.22024219893086824
1027,0.4375,0.34375,-0.69756133757234717,-0.23944722020941442,0.73751392593071619,-0.67084435412339172,-0.21491631231883854,-0.026716983448955456,-0.024530907890575882,-0.50656010741058133,-0.1747024156530238,-0.73884421191398231,-0.27676043209727147,0.055646666524557901,0.25371587243505528,-0.73800013500501394,-0.27425477950319921
1028,0.40625,0.3125,-0.65339502393456494,-0.073949609496692784,0.6575664240570408,-0.5923285699597628,-0.06388531109713666,-0.061066453974802148,-0.010064298399556124,-0.42711950768953938,-0.057868278600091042,-0.68347470335362137,-0.074385303302503494,0.030082834690993276,0.25688674245470489,-0.68220624843361211,-0.072594360304338912
1029,0.53125,0.3125,-0.31353972033885086,-0.60752614913643177,0.68366305890746115,-0.28953924735812187,-0.61119495024278703,-0.024000472980728993,0.0036688011063552572,-0.35713864515764976,-0.45880575112356009,-0.32687816050173435,-0.65581860442426532,0.05010065093096322,0.19932325829490169,-0.32847546799156713,-0.65332733192441728
1030,0.5625,0.28125,-0.16262182731594896,-0.58052296871357822,0.60287044704779191,-0.15107332807586882,-0.51269557964093437,-0.01154849924008014,-0.067827389072643851,-0.24724167984035644,-0.40735782230228429,-0.13354999115218902,-0.61931565485507323,0.0484772540064414,0.24052426667021207,-0.13579311881101033,-0.61757788494900756
1031,0.5625,0.34375,-0.14049868755764139,-0.72393357476316722,0.73744132097055559,-0.11991728036082855,-0.69409599562305979,-0.02058140719681284,-0.029837579140107429,-0.27259515572181392,-0.51264822974547453,-0.16631335802170313,-0.77125026625409132,0.053900524160859428,0.27959047517533792,-0.16900753319504183,-0.76896125000522308
1032,0.59375,0.3125,0.016956885279659429,-0.65755067607388373,0.65776928140770541,0.018548638921424554,-0.59559662502120725,-0.001591753641765125,-0.061954051052676484,-0.16269819040452063,-0.46120030092419873,0.025851879195370707,-0.6870243982667531,0.03078670519336197,0.29418982254099707,0.022613854467529719,-0.68574274849648875
1033,0.46875,0.1875,-0.30747261702083178,-0.24371517147689409,0.39234741623419794,-0.300605806202624,-0.28834578537243533,-0.0068668108182077803,0.044630613895541238,-0.27916210382078044,-0.2331870109046445,-0.30232892421237567,-0.21058746947574239,0.03352465086447394,0.032364190702890989,-0.30212070449875528,-0.20918663116172806
1034,0.4375,0.21875,-0.40121927253097645,-0.20364526653186155,0.44994255103415021,-0.31910782980849328,-0.24903381852101303,-0.082111442722483163,0.045388551989151482,-0.28790331392898183,-0.19399791714474951,-0.42403822997818086,-0.15883863182809427,0.050282594726745837,0.14060188729779,-0.42335387610194142,-0.15738149863461229
1035,0.4375,0.15625,-0.24903005293734898,-0.11912144107895327,0.27605413416702412,-0.23906820581933089,-0.16011670025263608,-0.0099618471180180912,0.04099525917368281,-0.20482388287731867,-0.13905579260068113,-0.25234601604415824,-0.094525193961372017,0.024818762732957585,0.065125473939942058,-0.25173557507246674,-0.093549072644810383
1036,0.40625,0.1875,-0.31603564975391396,-0.074922609275020521,0.32479521131931111,-0.25757022942520014,-0.12080473340121375,-0.058465420328713824,0.045882124126193233,-0.21356509298552012,-0.099866698840786153,-0.34365785910772173,-0.037401668205986054,0.046591924925801713,0.14431218884603048,-0.34272037573103004,-0.036510048001205338
1037,0.53125,0.1875,-0.19914454532834008,-0.33912970437622375,0.39327789961341103,-0.24391629244820867,-0.33808459169907501,0.044771747119868588,-0.0010451126771487407,-0.2650847305662018,-0.27959893686968451,-0.16435758086715302,-0.32975209829068014,0.036028771729265434,0.11252243459424004,-0.16527922103890111,-0.32848524566305021
1038,0.5625,0.21875,-0.14694682159270206,-0.42696572715223396,0.45154523642580185,-0.20246818093545368,-0.35130425546750194,0.055521359342751625,-0.075661471684732029,-0.24336957507815188,-0.3057960513414465,-0.095450733483530267,-0.44263674601359698,0.053827761635616804,0.20150771552735014,-0.097186050273621316,-0.4414747433875103
1039,0.5625,0.15625,-0.085121875643621045,-0.26424483426910128,0.27761676129332119,-0.12568917831050014,-0.25959431290591539,0.040567302666879093,-0.0046505213631858888,-0.17666913636816142,-0.23187964453076115,-0.056802926293464139,-0.26341403089298954,0.028331133520325496,0.12394484999754429,-0.058039203403617401,-0.262759297490615
1040,0.59375,0.1875,-0.033231812100647351,-0.32595549367872007,0.32764513912895282,-0.084241066797745165,-0.27281397667434237,0.051009254697097814,-0.053141517004377692,-0.1549539808801115,-0.25807675900252314,0.012998581241705403,-0.34544268091363023,0.050169709336581762,0.18931684403311932,0.011062076315019783,-0.34510757277746074
1041,0.3125,0.46875,-0.50951240644177631,0.36809206621014645,0.62856555865314856,-0.45250636837087799,0.31102386583145675,-0.057006038070898324,0.057068200378689704,-0.30196350971352459,0.28246636019856169,-0.5870515476645588,0.43854059573388965,0.10476313155697631,0.32501439411310284,-0.58537833324243749,0.43912140561201529
1042,0.28125,0.4375,-0.38245919408212836,0.44810904176333682,0.58913219946630579,-0.37399058420724918,0.46205486705315862,-0.0084686098748791849,-0.0139458252898218,-0.22252290999248259,0.39930049725149447,-0.39798032969916297,0.49294942707935413,0.047450667077832326,0.19888546499940507,-0.39668383660099849,0.4930716457446136
1043,0.34375,0.4375,-0.68043311808888218,0.24365395617597491,0.72274233206057781,-0.60334650460227635,0.1946610723344413,-0.077086613486605837,0.048992883841533608,-0.40326554063747599,0.16867710691251409,-0.72925472344761766,0.30112232494918201,0.075406647977863547,0.35186742260403203,-0.7274229045344871,0.30224116637924126
1044,0.3125,0.40625,-0.55853393399900775,0.36295776947673553,0.66610697177850875,-0.52483072043864754,0.34569207355614318,-0.033703213560360212,0.01726569592059235,-0.32382494091643405,0.28551124396544686,-0.55079473850775962,0.41145595086703379,0.049111798429888803,0.25957148960387377,-0.54920586965099205,0.41195375379478372
1045,0.3125,0.53125,-0.50951240644177631,0.36809206621014617,0.62856555865314834,-0.45250636837087832,0.31102386583145658,-0.057006038070897991,0.057068200378689593,-0.30196350971352465,0.28246636019856181,-0.5870515476645588,0.43854059573388965,0.10476313155697649,0.32501439411310273,-0.58537833324243682,0.4391214056120159
1046,0.28125,0.5625,-0.38245919408212825,0.44810904176333649,0.58913219946630546,-0.37399058420724945,0.4620548670531584,-0.0084686098748787964,-0.013945825289821911,-0.22252290999248267,0.39930049725149463,-0.39798032969916297,0.49294942707935413,0.04745066707783268,0.1988854649994049,-0.39668383660099776,0.49307164574461437
1047,0.34375,0.5625,-0.68043311808888263,0.24365395617597504,0.72274233206057836,-0.60334650460227701,0.19466107233444099,-0.077086613486605615,0.048992883841534052,-0.40326554063747616,0.16867710691251428,-0.72925472344761766,0.30112232494918201,0.075406647977863159,0.35186742260403181,-0.72742290453448566,0.3022411663792422
1048,0.3125,0.59375,-0.5585339339990083,0.36295776947673525,0.66610697177850908,-0.52483072043864809,0.34569207355614279,-0.033703213560360212,0.017265695920592461,-0.32382494091643421,0.28551124396544714,-0.55079473850775962,0.41145595086703379,0.049111798429889164,0.2595714896038735,-0.54920586965099061,0.41195375379478505
1049,0.1875,0.46875,-0.029627961725733169,0.44517508820362955,0.4461599211864854,-0.11312891276980649,0.40844328698298571,0.083500951044073318,0.036731801220643845,-0.078332575936010104,0.39126137617492018,0.026062589976828032,0.36751952617420058,0.095560576929203042,0.10706085235708555,0.026173515409688021,0.36731476577151795
1050,0.21875,0.4375,-0.1221638334805689,0.46391704170970033,0.47973224177591817,-0.13327759185332649,0.45892121214128662,0.01111375837275759,0.0049958295684137122,-0.081634518302292694,0.4268621090895261,-0.080711839601325039,0.44556001884394819,0.045334844050229375,0.018720661451180943,-0.08025424017548341,0.44531953022718712
1051,0.15625,0.4375,0.037060876220995902,0.30248915490275324,0.30475104163899069,-0.023256056647282176,0.2889468385740982,0.060316932868278078,0.013542316328655046,-0.038746215169771614,0.3050337347269042,0.084969591226133775,0.25572190495469349,0.066950882302982517,0.13318129488660421,0.08481652519609241,0.25560408100266985
1052,0.1875,0.40625,-0.027500902186580016,0.3435885566434827,0.34468738862544357,-0.043404735730802189,0.33942476373239916,0.015903833544222173,0.0041637929110835414,-0.042048157536054204,0.34063446764151012,0.024452941974568265,0.34482120372720954,0.051968464879712406,0.066632762175772131,0.024538991971235807,0.3445848486677151
1053,0.1875,0.53125,-0.029627961725733218,0.44517508820362961,0.44615992118648545,-0.11312891276980656,0.4084432869829856,0.083500951044073346,0.036731801220644011,-0.078332575936010077,0.39126137617492018,0.026062589976828032,0.36751952617420058,0.095560576929203112,0.10706085235708553,0.026173515409688115,0.36731476577151811
1054,0.21875,0.5625,-0.122163833480569,0.46391704170970038,0.47973224177591822,-0.13327759185332655,0.45892121214128645,0.011113758372757548,0.0049958295684139342,-0.081634518302292652,0.42686210908952615,-0.080711839601325039,0.44556001884394819,0.045334844050229486,0.018720661451180887,-0.080254240175483091,0.44531953022718779
1055,0.15625,0.5625,0.037060876220995707,0.30248915490275319,0.30475104163899058,-0.023256056647282329,0.28894683857409803,0.060316932868278036,0.013542316328655157,-0.038746215169771552,0.3050337347269042,0.084969591226133775,0.25572190495469349,0.066950882302982614,0.13318129488660416,0.084816525196092535,0.25560408100266963
1056,0.1875,0.59375,-0.027500902186580363,0.34358855664348237,0.34468738862544324,-0.0434047357308023,0.33942476373239888,0.015903833544221938,0.0041637929110834859,-0.042048157536054141,0.34063446764151017,0.024452941974568265,0.34482120372720954,0.05196846487971276,0.066632762175772076,0.024538991971236074,0.34458484866771516
1057,0.6875,0.46875,0.43274497894494718,-0.45396001868566777,0.62717454936178219,0.36857555314925938,-0.40587563509989877,0.064169425795687796,-0.048084383585768997,0.088630050889248121,-0.41267385740651841,0.51928977490104655,-0.51699661836922006,0.10706827077499337,0.44311515020454828,0.51401658249363869,-0.51878095975903304
1058,0.71875,0.4375,0.4943670835650279,-0.31761305212768881,0.58760264141208318,0.50704147243151243,-0.30737626449804617,-0.012674388866484532,-0.010236787629642641,0.19852701620654142,-0.36122592858524261,0.54560973227562182,-0.32202096287577658,0.051431884313531039,0.34928990986023384,0.54089779397007509,-0.3251168284916503
1059,0.65625,0.4375,0.33411432554155018,-0.64007936569369717,0.72203460922516083,0.27495159994360019,-0.57090440653732688,0.059162725597949994,-0.069174959156370286,-0.0051339380936751902,-0.48496909351524953,0.40402444234759843,-0.67768086607131983,0.079380710896814644,0.45227028154304871,0.39884679972581666,-0.67811279970051364
1060,0.6875,0.40625,0.43523767186187184,-0.50324837044475756,0.66535009834150194,0.41341751922585324,-0.47240503593547428,0.021820152636018608,-0.030843334509283282,0.1047630272236181,-0.43352116469397373,0.48721799118705028,-0.48506646197751246,0.055068460961414184,0.38591283618495842,0.48227291263150807,-0.4868890934284445
1061,0.6875,0.53125,0.43274497894494712,-0.45396001868566765,0.62717454936178207,0.36857555314925927,-0.40587563509989849,0.064169425795687851,-0.048084383585769164,0.088630050889248177,-0.41267385740651841,0.51928977490104655,-0.51699661836922006,0.10706827077499348,0.44311515020454822,0.5140165824936388,-0.51878095975903238
1062,0.71875,0.5625,0.49436708356502806,-0.31761305212768859,0.58760264141208318,0.50704147243151254,-0.30737626449804578,-0.012674388866484476,-0.010236787629642807,0.19852701620654156,-0.36122592858524255,0.54560973227562182,-0.32202096287577658,0.051431884313530893,0.34928990986023373,0.5408977939700752,-0.32511682849164941
1063,0.65625,0.5625,0.33411432554155024,-0.64007936569369683,0.7220346092251605,0.27495159994360008,-0.57090440653732633,0.059162725597950161,-0.069174959156370508,-0.0051339380936750861,-0.48496909351524958,0.40402444234759843,-0.67768086607131983,0.079380710896814755,0.4522702815430486,0.39884679972581666,-0.67811279970051219
1064,0.6875,0.59375,0.43523767186187157,-0.50324837044475723,0.66535009834150161,0.41341751922585329,-0.47240503593547362,0.021820152636018275,-0.030843334509283615,0.1047630272236183,-0.43352116469397367,0.48721799118705028,-0.48506646197751246,0.055068460961414337,0.38591283618495831,0.48227291263150768,-0.48688909342844289
1065,0.8125,0.46875,0.44376239439288284,0.029606141383454725,0.4447489025112053,0.41881196382679126,-0.057619897008854802,0.024950430566091586,0.087226038392309524,0.25550352310084057,-0.23550405675655492,0.35981636629279462,0.079259341805610506,0.097531410047961328,0.33159789855967692,0.35825658490908596,0.073762063601426814
1066,0.78125,0.4375,0.47452064236998431,-0.059189987328756598,0.47819796594632324,0.47084254709012541,-0.070554145852623762,0.0036780952798589062,0.011364158523867164,0.25545892340086201,-0.24742028236572824,0.45256205439967773,-0.015023926304153626,0.049323630564655788,0.30472563161019861,0.44977396849744955,-0.020021630998838247
1067,0.84375,0.4375,0.2954602601674387,0.075233728103439673,0.30488830607708267,0.28898908527974504,0.014173450199139487,0.0064711748876936648,0.061060277904300186,0.21867144131223787,-0.19399364664577168,0.24063749711306012,0.12127291160830415,0.07159009545119438,0.31603086931629865,0.24055191680384214,0.11581478353362258
1068,0.8125,0.40625,0.34413085581856673,0.016772904586307279,0.34453936822180498,0.34101966854307919,0.00123920135537052,0.0031111872754875369,0.015533703230936759,0.21862684161225932,-0.205909872254945,0.33759379763409619,0.07436421659697795,0.057961127911882231,0.30447775207209682,0.33625286206650173,0.069050464335185968
1069,0.8125,0.53125,0.44376239439288229,0.029606141383454715,0.44474890251120475,0.4188119638267912,-0.05761989700885476,0.024950430566091086,0.087226038392309468,0.25550352310084057,-0.23550405675655478,0.35981636629279462,0.079259341805610506,0.097531410047960856,0.33159789855967681,0.35825658490908574,0.073762063601427091
1070,0.78125,0.5625,0.47452064236998426,-0.059189987328756265,0.47819796594632313,0.47084254709012552,-0.070554145852623595,0.0036780952798587396,0.011364158523867331,0.25545892340086207,-0.24742028236572802,0.45256205439967773,-0.015023926304153626,0.049323630564655468,0.30472563161019839,0.44977396849744938,-0.020021630998837556
1071,0.84375,0.5625,0.2954602601674387,0.075233728103439618,0.30488830607708267,0.28898908527974493,0.01417345019913957,0.0064711748876937758,0.061060277904300048,0.21867144131223781,-0.19399364664577137,0.24063749711306012,0.12127291160830415,0.071590095451194422,0.31603086931629831,0.24055191680384161,0.11581478353362291
1072,0.8125,0.59375,0.34413085581856651,0.016772904586307483,0.34453936822180481,0.34101966854307925,0.0012392013553707282,0.0031111872754872594,0.015533703230936755,0.21862684161225932,-0.20590987225494461,0.33759379763409619,0.07436421659697795,0.057961127911882002,0.30447775207209649,0.33625286206650157,0.069050464335186773
1073,0.53125,0.6875,-0.31353972033885125,-0.60752614913643221,0.68366305890746171,-0.28953924735812209,-0.61119495024278714,-0.024000472980729159,0.0036688011063549242,-0.35713864515765004,-0.45880575112356059,-0.32687816050173435,-0.65581860442426532,0.050100650930962685,0.19932325829490122,-0.32847546799156707,-0.65332733192441472
1074,0.5625,0.71875,-0.16262182731594885,-0.58052296871357889,0.60287044704779247,-0.1510733280758689,-0.51269557964093437,-0.011548499240079946,-0.067827389072644517,-0.24724167984035664,-0.40735782230228468,-0.13354999115218902,-0.61931565485507323,0.048477254006440797,0.24052426667021182,-0.13579311881101078,-0.61757788494900523
1075,0.5625,0.65625,-0.140498687557642,-0.72393357476316789,0.73744132097055637,-0.11991728036082877,-0.69409599562305946,-0.020581407196813228,-0.029837579140108428,-0.27259515572181398,-0.51264822974547486,-0.16631335802170313,-0.77125026625409132,0.053900524160858554,0.27959047517533764,-0.16900753319504144,-0.7689612500052202
1076,0.59375,0.6875,0.01695688527965903,-0.6575506760738834,0.65776928140770508,0.018548638921424457,-0.5955966250212068,-0.0015917536417654268,-0.061954051052676595,-0.1626981904045206,-0.46120030092419895,0.025851879195370707,-0.6870243982667531,0.030786705193362403,0.2941898225409969,0.022613854467529535,-0.68574274849648675
1077,0.46875,0.6875,-0.55793911716890288,-0.39477067221941098,0.68347636543759172,-0.56500278423940387,-0.37160510859067697,0.0070636670705009896,-0.023165563628734009,-0.47412112100203385,-0.28983284407733506,-0.60127876117188461,-0.41882123284952055,0.049565655538162383,0.18112722018407315,-0.60114438004268045,-0.41624394683097832
1078,0.4375,0.71875,-0.55181647409547052,-0.2412554111663649,0.60225044167705588,-0.48648700007577506,-0.22057410736897515,-0.065329474019695466,-0.02068130379738975,-0.39468052128099185,-0.17299870702440223,-0.59329352216604314,-0.22223923380251465,0.045628505544034671,0.20462588692037817,-0.59252760340440502,-0.22024219893086572
1079,0.4375,0.65625,-0.69756133757234817,-0.23944722020941478,0.73751392593071718,-0.67084435412339238,-0.21491631231883912,-0.026716983448955789,-0.024530907890575659,-0.50656010741058166,-0.17470241565302388,-0.73884421191398231,-0.27676043209727147,0.055646666524556923,0.25371587243505495,-0.7380001350050126,-0.27425477950319649
1080,0.40625,0.6875,-0.65339502393456605,-0.073949609496693436,0.65756642405704202,-0.59232856995976346,-0.063885311097137354,-0.061066453974802593,-0.010064298399556082,-0.42711950768953971,-0.057868278600091028,-0.68347470335362137,-0.074385303302503494,0.030082834690992159,0.25688674245470455,-0.68220624843361111,-0.072594360304336261
1081,0.53125,0.8125,-0.19914454532834,-0.33912970437622447,0.39327789961341164,-0.24391629244820864,-0.33808459169907551,0.044771747119868643,-0.0010451126771489627,-0.26508473056620196,-0.27959893686968523,-0.16435758086715302,-0.32975209829068014,0.036028771729265545,0.11252243459423987,-0.16527922103890283,-0.32848524566304987
1082,0.5625,0.78125,-0.146946821592702,-0.42696572715223458,0.45154523642580241,-0.20246818093545352,-0.35130425546750221,0.055521359342751514,-0.075661471684732362,-0.24336957507815199,-0.30579605134144694,-0.095450733483530267,-0.44263674601359698,0.053827761635616568,0.20150771552734992,-0.097186050273622523,-0.44147474338750925
1083,0.5625,0.84375,-0.085121875643620393,-0.26424483426910195,0.27761676129332163,-0.12568917831049992,-0.25959431290591573,0.040567302666879523,-0.0046505213631862219,-0.17666913636816128,-0.23187964453076182,-0.056802926293464139,-0.26341403089298954,0.028331133520324864,0.12394484999754399,-0.058039203403619059,-0.26275929749061555
1084,0.59375,0.8125,-0.033231812100646727,-0.32595549367872051,0.32764513912895321,-0.08424106679774479,-0.27281397667434243,0.051009254697098064,-0.05314151700437808,-0.15495398088011131,-0.25807675900252358,0.012998581241705403,-0.34544268091363023,0.050169709336581013,0.18931684403311896,0.011062076315018656,-0.34510757277746057
1085,0.46875,0.8125,-0.30747261702083195,-0.243715171476895,0.39234741623419866,-0.30060580620262423,-0.28834578537243594,-0.0068668108182077248,0.044630613895540933,-0.27916210382078094,-0.23318701090464514,-0.30232892421237567,-0.21058746947574239,0.03352465086447487,0.03236419070289108,-0.30212070449875778,-0.20918663116172723
1086,0.4375,0.78125,-0.40121927253097722,-0.20364526653186241,0.44994255103415132,-0.31910782980849345,-0.24903381852101361,-0.082111442722483774,0.045388551989151205,-0.28790331392898233,-0.19399791714474993,-0.42403822997818086,-0.15883863182809427,0.050282594726746246,0.14060188729778961,-0.4233538761019438,-0.15738149863461073
1087,0.4375,0.84375,-0.24903005293734926,-0.11912144107895378,0.27605413416702462,-0.23906820581933108,-0.16011670025263661,-0.0099618471180181745,0.040995259173682824,-0.20482388287731912,-0.13905579260068165,-0.25234601604415824,-0.094525193961372017,0.024818762732958057,0.065125473939942086,-0.25173557507246974,-0.093549072644809883
1088,0.40625,0.8125,-0.31603564975391435,-0.07492260927502134,0.32479521131931172,-0.2575702294252003,-0.12080473340121428,-0.058465420328714046,0.045882124126192941,-0.21356509298552057,-0.099866698840786444,-0.34365785910772173,-0.037401668205986054,0.046591924925802143,0.1443121888460302,-0.34272037573103331,-0.036510048001203985
1089,0.015625,0.015625,-0.0078564255071426285,0.00030503137946395482,0.0078623448087538732,-0.00010152502243352193,-0.0030156784809665842,-0.0077549004847091065,0.0033207098604305391,-0.032198540878402827,-0.010296017475037528,1.4215448714962438e-05,1.7862441497553754e-06,0.0078764806016465641,0.033818729006708313,-2.3741900920576251e-05,-7.4872324998031807e-05
1090,0.984375,0.015625,0.0075057203286005769,-0.0026209822025940518,0.0079501814669529856,-0.0010965596858904486,0.0014401941074241777,0.008602280014491025,-0.0040611763100182295,0.089939418218574527,0.056510350060292536,-3.0111288858839511e-07,1.432406999977969e-05,0.0079551993708811275,0.10621183580994255,0.0013392435126652277,0.0018213910180035623
1091,0.984375,0.984375,0.0075057203286001736,-0.0026209822025939841,0.0079501814669525814,-0.0010965596858910406,0.0014401941074242714,0.0086022800144912141,-0.0040611763100182555,0.089939418218573944,0.056510350060292612,-3.0111288858839511e-07,1.432406999977969e-05,0.007955199370880725,0.10621183580994209,0.0013392435126652637,0.0018213910180030731
1092,0.015625,0.984375,-0.0078564255071426319,0.000305031379464261,0.0078623448087538888,-0.00010152502243346469,-0.0030156784809661683,-0.0077549004847091672,0.0033207098604304294,-0.03219854087840282,-0.010296017475037479,1.4215448714962438e-05,1.7862441497553754e-06,0.0078764806016465797,0.033818729006708292,-2.3741900920384819e-05,-7.4872324998654871e-05
1093,0.484375,0.484375,-0.72261155856826531,-0.69418179244871825,1.0020258607160659,-0.76636899519151302,-0.74249406727839951,0.043757436623247714,0.048312274829681257,-0.68352216113369169,-0.5419030766362567,-0.74000012864713327,-0.6667937915072667,0.032441716430495059,0.13706732460889898,-0.73742814736886209,-0.66066794126674222
1094,0.515625,0.484375,-0.58684310777699034,-0.81243436797308244,1.0022147651123376,-0.6286372267508723,-0.86228898810445487,0.041794118973881966,0.049854620131372429,-0.62503092321149978,-0.62638953015936938,-0.55202789268844987,-0.82914374898708565,0.038617387476789083,0.21549644015154126,-0.55153521841679487,-0.82218935810838334
1095,0.515625,0.515625,-0.58684310777699,-0.81243436797308266,1.0022147651123376,-0.6286372267508723,-0.86228898810445476,0.041794118973882299,0.049854620131372096,-0.62503092321149978,-0.62638953015936938,-0.55202789268844987,-0.82914374898708565,0.038617387476788688,0.21549644015154126,-0.5515352184167942,-0.82218935810838245
1096,0.484375,0.515625,-0.72261155856826642,-0.69418179244871836,1.0020258607160668,-0.76636899519151325,-0.74249406727839962,0.043757436623246826,0.048312274829681257,-0.68352216113369169,-0.54190307663625659,-0.74000012864713327,-0.6667937915072667,0.032441716430494559,0.13706732460889906,-0.73742814736886131,-0.66066794126674144
1097,0.484375,0.015625,-0.017028969557798753,0.0024110500417748072,0.017198807124460085,-0.003554755671385669,0.025309317737538115,-0.013474213886413084,-0.022898267695763308,-0.012860888652983144,-0.0088873786451659151,-0.0028064779003739715,-0.002528840154923888,0.01505595510424222,0.011896309819186466,-0.0036566310161646157,-0.0027598643024637761
1098,0.515625,0.015625,0.010007628180151579,-0.0068060358411827808,0.012102675144926786,0.024790001205822015,0.00043991457421828015,-0.014782373025670436,-0.0072459504154010609,-0.0058222020256938276,-0.032093341627685922,-0.0020935862322787593,-0.0031445583827392674,0.012643014175199746,0.029187919197808679,-0.0029760287793494516,-0.0037064967542918808
1099,0.015625,0.484375,0.0020888773133794971,-0.022240333100097643,0.022338214450435611,0.044638743715490203,-0.040189362290528927,-0.042549866402110705,0.017949029190431284,-0.033880170677324781,0.040511558251047207,0.0037482689161554361,0.00047098924257982949,0.022771862968241404,0.054946761804150278,0.004573133849856391,0.0010158026548821816
1100,0.015625,0.515625,0.0020888773133795851,-0.022240333100097702,0.02233821445043568,0.044638743715490169,-0.040189362290528975,-0.042549866402110587,0.017949029190431273,-0.033880170677324767,0.0405115582510472,0.0037482689161554361,0.00047098924257982949,0.022771862968241456,0.054946761804150264,0.0045731338498563789,0.0010158026548821321
1101,0.984375,0.484375,-0.011721730042237659,-0.006626164326921616,0.013464954841010996,-0.041689337289133474,0.036157407337607264,0.029967607246895817,-0.042783571664528883,0.17302598550656345,-0.1259376260364683,-7.9396162807136435e-05,0.0037769097134793244,0.015613067848766933,0.2163130461801204,0.004644018194915822,0.0030574695588387315
1102,0.984375,0.515625,-0.011721730042237808,-0.006626164326921459,0.013464954841011048,-0.041689337289133502,0.036157407337607278,0.029967607246895692,-0.042783571664528737,0.17302598550656342,-0.12593762603646821,-7.9396162807136435e-05,0.0037769097134793244,0.01561306784876694,0.21631304618012034,0.0046440181949157335,0.0030574695588386804
1103,0.515625,0.984375,0.010007628180151945,-0.0068060358411832327,0.012102675144927343,0.024790001205822081,0.00043991457421751687,-0.014782373025670136,-0.0072459504154007495,-0.0058222020256936341,-0.032093341627686942,-0.0020935862322787593,-0.0031445583827392674,0.012643014175200225,0.029187919197809668,-0.0029760287793505905,-0.0037064967542940861
1104,0.484375,0.984375,-0.017028969557798611,0.0024110500417744173,0.01719880712445989,-0.0035547556713857072,0.0253093177375373,-0.013474213886412904,-0.022898267695762881,-0.012860888652983096,-0.0088873786451669056,-0.0028064779003739715,-0.002528840154923888,0.015055955104241958,0.011896309819186953,-0.0036566310161660872,-0.00275986430246601
1105,0.234375,0.234375,-0.075359765070549797,0.2811078951924435,0.2910339205848938,-0.10825986594317694,0.29930498394002708,0.032900100872627139,-0.018197088747583579,-0.063068502314627059,0.27257925911840147,-0.079505091171784115,0.25324271069886034,0.028171834078508307,0.025378407318830672,-0.079934550161603987,0.25174091138268384
1106,0.265625,0.265625,-0.18421065938121658,0.2909253205074982,0.34434155883664863,-0.21675850604611119,0.31472294127351352,0.032547846664894603,-0.023797620766015326,-0.12743796308639788,0.27593588273427266,-0.19507107610534893,0.31518792956186159,0.026582378553219991,0.0781982170946975,-0.19469148158930899,0.31323993158445901
1107,0.265625,0.234375,-0.1399664758535106,0.26488480816123516,0.29959068069194961,-0.13306892091247052,0.30049308569749428,-0.0068975549410400794,-0.035608277536259114,-0.074049359410393048,0.26543627767409889,-0.16507222277066003,0.26671699957794032,0.025172513852521877,0.091031873005540276,-0.16476363281060977,0.26500975130794963
1108,0.234375,0.265625,-0.1076156189138866,0.30766087667504111,0.32593916068903678,-0.09640200986914986,0.31315611381757752,-0.011213609044736741,-0.0054952371425364133,-0.056993767241302916,0.28971668865328848,-0.093953685425809896,0.29926493544886507,0.016035593400496102,0.03817334893711434,-0.094427775906795713,0.29756041782656023
1109,0.765625,0.234375,0.28816930431767512,-0.037668723350945066,0.2906208538109798,0.31068389979128674,-0.067715831416244043,-0.022514595473611621,0.030047108065298977,0.16616212003687625,-0.20241625759584478,0.26211575768062823,-0.041812194630879318,0.026380971297820285,0.18708491552747658,0.25983762488374951,-0.046356597897619575
1110,0.734375,0.265625,0.31248283862363313,-0.14386033674865586,0.34400773381382027,0.34062420822489925,-0.17279339389148668,-0.02814136960126612,0.028933057142830815,0.14424783400955329,-0.26625402841043888,0.34021662551658821,-0.14713532341520652,0.027926483364181957,0.2293317098101981,0.33608496010408168,-0.15096250759157398
1111,0.734375,0.234375,0.28094196804310001,-0.10346732330178143,0.29938917214750033,0.31492678179510686,-0.092097731804770488,-0.033984813752006848,-0.011369591497010945,0.14618388639065558,-0.21547314293001996,0.2878966770410743,-0.12450823243068219,0.022160501668896486,0.16839575403222592,0.28450483823371636,-0.12813381188274561
1112,0.765625,0.265625,0.31854820735612344,-0.066160721943167133,0.32534627942830524,0.32252474555420574,-0.054382334568775489,-0.0039765381980823022,-0.011778387374391644,0.1727137876067136,-0.20935120530068169,0.30975049621744782,-0.049410795251141636,0.018919824667998516,0.21061812427632692,0.30684438030079142,-0.05432660530378558
1113,0.765625,0.765625,0.28816930431767596,-0.03766872335094449,0.29062085381098052,0.31068389979128763,-0.06771583141624303,-0.022514595473611676,0.03004710806529854,0.16616212003687686,-0.20241625759584397,0.26211575768062823,-0.041812194630879318,0.026380971297821198,0.18708491552747558,0.25983762488374901,-0.046356597897618521
1114,0.734375,0.734375,0.31248283862363391,-0.14386033674865534,0.34400773381382072,0.34062420822490014,-0.17279339389148562,-0.028141369601266231,0.028933057142830287,0.14424783400955393,-0.26625402841043816,0.34021662551658821,-0.14713532341520652,0.027926483364181246,0.22933170981019718,0.3360849601040814,-0.15096250759157262
1115,0.765625,0.734375,0.31854820735612427,-0.066160721943166495,0.32534627942830596,0.32252474555420663,-0.05438233456877456,-0.0039765381980823578,-0.011778387374391935,0.17271378760671419,-0.20935120530068088,0.30975049621744782,-0.049410795251141636,0.018919824667998339,0.21061812427632592,0.30684438030079081,-0.054326605303784352
1116,0.734375,0.765625,0.28094196804310084,-0.10346732330178117,0.29938917214750105,0.3149267817951078,-0.092097731804769559,-0.033984813752006959,-0.011369591497011611,0.14618388639065627,-0.21547314293001929,0.2878966770410743,-0.12450823243068219,0.022160501668896476,0.16839575403222498,0.28450483823371592,-0.12813381188274445
1117,0.234375,0.765625,-0.075359765070549381,0.28110789519244339,0.29103392058489358,-0.10825986594317655,0.29930498394002641,0.032900100872627167,-0.018197088747583023,-0.063068502314627045,0.27257925911840208,-0.079505091171784115,0.25324271069886034,0.028171834078508259,0.025378407318831144,-0.079934550161604973,0.25174091138268512
1118,0.265625,0.734375,-0.18421065938121636,0.29092532050749842,0.34434155883664869,-0.21675850604611108,0.3147229412735128,0.032547846664894714,-0.023797620766014382,-0.1274379630863979,0.27593588273427333,-0.19507107610534893,0.31518792956186159,0.02658237855321988,0.078198217094697139,-0.19469148158930957,0.31323993158446062
1119,0.234375,0.734375,-0.10761561891388638,0.30766087667504105,0.32593916068903661,-0.096402009869149624,0.3131561138175768,-0.011213609044736755,-0.0054952371425357471,-0.056993767241302888,0.28971668865328909,-0.093953685425809896,0.29926493544886507,0.016035593400495884,0.038173348937114208,-0.094427775906796158,0.2975604178265614
1120,0.265625,0.765625,-0.13996647585351016,0.26488480816123505,0.29959068069194933,-0.13306892091247027,0.30049308569749356,-0.0068975549410398851,-0.035608277536258504,-0.074049359410393117,0.2654362776740995,-0.16507222277066003,0.26671699957794032,0.025172513852522328,0.091031873005540193,-0.16476363281061096,0.26500975130795124
1121,0.234375,0.015625,0.011148723144188294,0.0064600236507000143,0.012885105095161749,0.019974363372118432,-0.0077656734066125022,-0.0088256402279301375,0.014225697057312517,0.013540375331896544,0.016560741417700534,-0.0005841190371804547,0.0018605586908487697,0.01260216900258861,0.020386189280611491,-0.00067442782364280534,0.0018914516738633273
1122,0.265625,0.015625,-0.0064437498857526148,-0.0039442715716665215,0.0075550771552111585,-0.004834691597175169,-0.0065775716491453043,-0.0016090582885774458,0.0026333000774787828,0.0025595182361305494,0.0094177599733979486,-0.0012127755142334205,0.0019595534662869086,0.007887854141289407,0.008357933024483297,-0.001297514833346625,0.0020707519764772476
1123,0.015625,0.234375,-0.0030787222694770478,-0.018421205907208825,0.01867670629121632,0.019030017500891377,-0.030470745085580016,-0.022108739770368424,0.012049539178371191,-0.041469773400212469,0.011114141175114516,0.0019348805195365541,0.00024312767593892608,0.019325981502346056,0.044745311669407803,0.002295610640398636,0.00039242256714590361
1124,0.015625,0.265625,0.00045647158012089817,-0.0032142556588590039,0.0032465066985862203,0.030887873574918456,-0.016619615208029549,-0.030431401994797557,0.013405359549170544,-0.035395038326888326,0.028251570710001523,0.0022865096183121028,0.00028731167836935787,0.0039509509030575454,0.046924394921348318,0.0027392610648921427,0.00050029255675431512
1125,0.765625,0.015625,-0.0018391433487663946,0.0068435622425499169,0.0070863807705320572,-0.0086504438992773321,0.016742139367244953,0.0068113005505109374,-0.009898577124695036,0.036620565653154025,-0.075780297365008312,0.0019257484237760443,-0.00030719163402278686,0.0080813174088311436,0.083065757272539578,0.0038080160670433934,-0.0020282965129718839
1126,0.734375,0.015625,0.0040641889455539128,-0.0088216879164606434,0.0097128682416982443,-0.00440756189545723,-0.0076397610212814923,0.0084717508410111428,-0.0011819268951791511,0.016642332006933359,-0.08883718269918349,0.0021151592598936072,-0.0009147543607152161,0.0081436057720495128,0.089114489018090798,0.0035653607757365449,-0.0029115123114877997
1127,0.984375,0.234375,-0.0065070288858756729,-0.0093221506375941159,0.011368549486703076,-0.028810217772912039,0.013917022349806256,0.022303188887036366,-0.023239172987400372,0.15064587177227179,-0.060296822374377793,-4.0984809835642664e-05,0.0019496650833033466,0.012994751080307908,0.16303727778460933,0.0036731335916328068,0.0021067370966192105
1128,0.984375,0.265625,-0.0002526944210778883,0.00084244849702895465,0.0008795305228303528,-0.016969372009993013,0.027250519197274805,0.016716677588915124,-0.02640807070024585,0.15719753934210914,-0.067231770079214687,-4.8433048422202068e-05,0.0023039810057771111,0.0014757370980248701,0.17193462860051689,0.0038903162516124887,0.0022816175368298042
1129,0.984375,0.765625,-0.0065070288858762367,-0.0093221506375942009,0.01136854948670347,-0.028810217772912476,0.013917022349806397,0.022303188887036238,-0.023239172987400598,0.15064587177227123,-0.060296822374377529,-4.0984809835642664e-05,0.0019496650833033466,0.012994751080308262,0.16303727778460872,0.0036731335916320154,0.0021067370966186545
1130,0.984375,0.734375,-0.00025269442107857899,0.00084244849702895573,0.00087953052283055229,-0.016969372009993489,0.027250519197274878,0.016716677588914909,-0.026408070700245923,0.15719753934210856,-0.067231770079214437,-4.8433048422202068e-05,0.0023039810057771111,0.0014757370980249646,0.17193462860051625,0.0038903162516116573,0.002281617536829263
1131,0.765625,0.984375,-0.0018391433487658169,0.0068435622425508562,0.0070863807705328144,-0.0086504438992766261,0.016742139367245945,0.006811300550510809,-0.0098985771246950897,0.036620565653154483,-0.075780297365007507,0.0019257484237760443,-0.00030719163402278686,0.0080813174088317057,0.083065757272539037,0.0038080160670433895,-0.0020282965129722664
1132,0.734375,0.984375,0.0040641889455544696,-0.0088216879164598715,0.0097128682416977759,-0.0044075618954564424,-0.0076397610212805729,0.0084717508410109121,-0.0011819268951792986,0.016642332006933894,-0.088837182699182837,0.0021151592598936072,-0.0009147543607152161,0.0081436057720488952,0.089114489018090229,0.0035653607757366169,-0.0029115123114883436
1133,0.015625,0.765625,-0.0030787222694765477,-0.018421205907208776,0.018676706291216188,0.019030017500891824,-0.03047074508558004,-0.022108739770368372,0.012049539178371264,-0.041469773400212497,0.011114141175114414,0.0019348805195365541,0.00024312767593892608,0.019325981502345879,0.044745311669407803,0.0022956106403983966,0.00039242256714551758
1134,0.015625,0.734375,0.00045647158012138188,-0.0032142556588592185,0.0032465066985865008,0.030887873574918762,-0.016619615208029626,-0.03043140199479738,0.013405359549170407,-0.03539503832688834,0.028251570710001398,0.0022865096183121028,0.00028731167836935787,0.0039509509030575115,0.046924394921348256,0.0027392610648919271,0.0005002925567539723
1135,0.234375,0.984375,0.011148723144188468,0.0064600236507004463,0.012885105095162115,0.019974363372118682,-0.0077656734066119271,-0.0088256402279302138,0.014225697057312373,0.013540375331896157,0.016560741417700673,-0.0005841190371804547,0.0018605586908487697,0.012602169002588929,0.020386189280611321,-0.00067442782364430425,0.0018914516738623959
1136,0.265625,0.984375,-0.0064437498857525264,-0.0039442715716661502,0.0075550771552108887,-0.0048346915971750407,-0.0065775716491447665,-0.0016090582885774857,0.0026333000774786163,0.0025595182361300862,0.009417759973398044,-0.0012127755142334205,0.0019595534662869086,0.0078878541412890704,0.0083579330244831739,-0.0012975148333484207,0.0020707519764761768
1137,0.484375,0.265625,-0.43477520841592782,-0.41093418825899913,0.59824442240040654,-0.46970083331505869,-0.40119207996796119,0.034925624899130869,-0.0097421082910379431,-0.42029820557510422,-0.31498055523169577,-0.45141302546652656,-0.40675587899812676,0.017154452031140084,0.096906357218238703,-0.44991095651281521,-0.40317393117845135
1138,0.515625,0.265625,-0.3463177086357927,-0.48807688615465039,0.59846052677947392,-0.33196906487441791,-0.5209870007940165,-0.014348643761374791,0.032910114639366106,-0.36180696765291237,-0.39946700875480845,-0.33674667278231096,-0.50579219352459837,0.020135462312059434,0.10923856139354572,-0.3365700991270682,-0.50177502212289404
1139,0.484375,0.234375,-0.38361908689756291,-0.36627770017406636,0.53039886639860301,-0.38601124818141802,-0.41542193554398044,0.0023921612838551098,0.04914423536991408,-0.36690960189909938,-0.32548016029186955,-0.38199282532867945,-0.34420324330908475,0.022134280484677176,0.024042825680359738,-0.38076200176191405,-0.34120485873432405
1140,0.515625,0.234375,-0.30896569955703784,-0.43136747902767131,0.53060126787019479,-0.3576664913042103,-0.44029133870730031,0.048700791747172456,0.0089238596796289982,-0.35987091527181009,-0.34868612327438958,-0.2849603482823867,-0.42800933542840031,0.024239101019895935,0.10910437678254289,-0.28487496034346604,-0.4246709297417145
1141,0.265625,0.484375,-0.28282778767763544,0.49674856000526224,0.57162110645945119,-0.31220585109912313,0.55448848422302521,0.029378063421487688,-0.057739924217762972,-0.1792775497711917,0.48623833075455924,-0.31977947748430019,0.51668670433856689,0.041987581247598195,0.14376333032109007,-0.31911590367236947,0.51382578774642496
1142,0.265625,0.515625,-0.28282778767763561,0.49674856000526268,0.57162110645945163,-0.31220585109912324,0.5544884842230251,0.029378063421487632,-0.057739924217762417,-0.17927754977119176,0.4862383307545593,-0.31977947748430019,0.51668670433856689,0.041987581247597841,0.14376333032109001,-0.31911590367236936,0.51382578774642529
1143,0.234375,0.484375,-0.16516434484332732,0.52492004209625087,0.55029111513984608,-0.19184935492216176,0.55292165676708915,0.026685010078834448,-0.028001614670838282,-0.10883335392609676,0.500019136673575,-0.15401801760176972,0.49058418396958231,0.036099747426687076,0.046159204542650628,-0.1546856164710943,0.48812092592046435
1144,0.234375,0.515625,-0.16516434484332709,0.52492004209625076,0.55029111513984585,-0.19184935492216182,0.55292165676708915,0.026685010078834726,-0.028001614670838393,-0.10883335392609675,0.500019136673575,-0.15401801760176972,0.49058418396958231,0.036099747426686903,0.046159204542650642,-0.15468561647109427,0.48812092592046485
1145,0.734375,0.484375,0.52793654265759427,-0.21251353517230751,0.56910367746543811,0.5893916558359158,-0.233539959593973,-0.06145511317832153,0.021026424421665496,0.26226920681274474,-0.33488235755095014,0.55771617664328466,-0.24119853020028581,0.041347981088280791,0.30994446516935426,0.55046774517198671,-0.24575991618928866
1146,0.734375,0.515625,0.52793654265759438,-0.21251353517230753,0.56910367746543822,0.5893916558359158,-0.23353995959397289,-0.061455113178321419,0.021026424421665357,0.26226920681274479,-0.33488235755095014,0.55771617664328466,-0.24119853020028581,0.041347981088280694,0.3099444651693542,0.55046774517198671,-0.24575991618928844
1147,0.765625,0.484375,0.53932764624807117,-0.092913682692172012,0.54727256686125447,0.57129219316522228,-0.11512890027126181,-0.031964546917151115,0.022215217579089799,0.29073516040990505,-0.27797953444119294,0.50777313484150155,-0.080998980489350739,0.033729027834926498,0.29309865400670976,0.50221494548962875,-0.087349348774390365
1148,0.765625,0.515625,0.53932764624807128,-0.092913682692171803,0.54727256686125447,0.57129219316522228,-0.1151289002712618,-0.031964546917151004,0.022215217579089994,0.29073516040990505,-0.27797953444119289,0.50777313484150155,-0.080998980489350739,0.033729027834926525,0.2930986540067097,0.50221494548962875,-0.08734934877439017
1149,0.515625,0.734375,-0.3463177086357932,-0.48807688615465133,0.59846052677947492,-0.33196906487441818,-0.52098700079401705,-0.014348643761375013,0.032910114639365717,-0.36180696765291265,-0.39946700875480912,-0.33674667278231096,-0.50579219352459837,0.02013546231205884,0.10923856139354512,-0.33657009912706881,-0.50177502212289193
1150,0.484375,0.734375,-0.43477520841592854,-0.4109341882589998,0.59824442240040754,-0.46970083331505907,-0.40119207996796191,0.034925624899130536,-0.0097421082910378876,-0.42029820557510461,-0.31498055523169638,-0.45141302546652656,-0.40675587899812676,0.017154452031139546,0.09690635721823801,-0.44991095651281582,-0.40317393117844907
1151,0.515625,0.765625,-0.30896569955703834,-0.43136747902767214,0.53060126787019579,-0.35766649130421052,-0.44029133870730092,0.048700791747172179,0.0089238596796287761,-0.35987091527181037,-0.3486861232743903,-0.2849603482823867,-0.42800933542840031,0.024239101019896542,0.10910437678254256,-0.28487496034346721,-0.42467092974171278
1152,0.484375,0.765625,-0.38361908689756302,-0.36627770017406724,0.53039886639860379,-0.3860112481814183,-0.41542193554398116,0.0023921612838552764,0.049144235369913913,-0.36690960189909982,-0.32548016029187021,-0.38199282532867945,-0.34420324330908475,0.022134280484678068,0.02404282568035894,-0.38076200176191555,-0.34120485873432227
1153,0.109375,0.109375,0.020463696580698045,0.012212229266489573,0.023830682352886528,0.023850747494900935,0.020033515916072782,-0.0033870509142028896,-0.0078212866495832086,-0.020781767409076311,0.050920244926214296,0.014775686127287527,0.017692726155591986,0.0078986903388833102,0.048666215238527967,0.014314030261812502,0.017749777401705601
1154,0.140625,0.140625,0.015911705252088685,0.055641778870700667,0.05787218606485587,0.0083995559347947342,0.063222181976214736,0.0075121493172939507,-0.0075804031055140692,-0.025191761899965484,0.091330998725277002,0.023543773388752055,0.049267023930718232,0.0099441422248227503,0.064378027116362521,0.022825605697409566,0.049191078833311815
1155,0.140625,0.109375,0.017806125297163428,0.029312043716208588,0.034296559665937441,0.026718731551265501,0.019354945212409078,-0.0089126062541020727,0.0099570985037995101,-0.014247636521890686,0.054756924768034017,0.01529718301096915,0.032010445778162526,0.0036845847911821808,0.037286708994840524,0.014736025800770615,0.031924201087336498
1156,0.109375,0.140625,0.018769197386741512,0.025600854466412529,0.031744078502185233,0.026583824998233065,0.016111363543985149,-0.0078146276114915529,0.0094894909224273807,-0.022106229197906259,0.053978839019093158,0.022741141659528688,0.027230734896601948,0.0042933496855999623,0.052218270241094128,0.022162503617367754,0.027359817020168483
1157,0.890625,0.109375,0.01107630437707135,0.02026664426255392,0.023095917135252275,0.018859364742480102,0.025474176452749017,-0.0077830603654087515,-0.0052075321901950966,0.10662808853787924,-0.058110107775463653,0.015354581696218337,0.01719273917335579,0.0052680688413237059,0.1183273924743212,0.018020640048920143,0.01584098460579875
1158,0.859375,0.140625,0.055365045761162399,0.022144171456987174,0.059629293318402256,0.063399430382076835,0.015594744235082128,-0.0080343846209144365,0.0065494272219050464,0.11751704594049377,-0.095099623154911841,0.045317116588401818,0.030461580006363242,0.013043778809763956,0.14483937840847724,0.047488493207492148,0.027794557169787182
1159,0.859375,0.109375,0.026354179946886803,0.020072516980140738,0.033127763863426231,0.017780238426281975,0.027660168632723414,0.0085739415206048282,-0.0075876516525826762,0.099011109599962011,-0.077008771693363773,0.029444057863443153,0.01979191510496086,0.003102592940038553,0.11920548499099709,0.031703219909920019,0.017742137256476317
1160,0.890625,0.140625,0.02730119436393131,0.020423839025044119,0.034095284339891785,0.014900270730048445,0.027256580487375028,0.012400923633882864,-0.0068327414623309095,0.11530043904555026,-0.074796846694702268,0.023632115251260345,0.02646120888657422,0.0070648408601999202,0.13658797680380091,0.02638016609627105,0.024544981853785099
1161,0.890625,0.890625,0.011076304377071208,0.020266644262554541,0.023095917135252751,0.018859364742480067,0.025474176452749638,-0.0077830603654088591,-0.0052075321901950966,0.1066280885378791,-0.058110107775463014,0.015354581696218337,0.01719273917335579,0.0052680688413241838,0.11832739247432068,0.018020640048919526,0.015840984605798615
1162,0.859375,0.859375,0.05536504576116251,0.022144171456987882,0.059629293318402624,0.063399430382077016,0.015594744235082879,-0.0080343846209145059,0.0065494272219050031,0.11751704594049379,-0.095099623154911106,0.045317116588401818,0.030461580006363242,0.01304377880976359,0.1448393784084766,0.04748849320749142,0.027794557169787324
1163,0.890625,0.859375,0.027301194363931271,0.020423839025044691,0.034095284339892097,0.014900270730048435,0.027256580487375656,0.012400923633882836,-0.006832741462330965,0.11530043904555014,-0.074796846694701602,0.023632115251260345,0.02646120888657422,0.0070648408601994119,0.13658797680380033,0.026380166096270311,0.024544981853785064
1164,0.859375,0.890625,0.026354179946886852,0.020072516980141456,0.033127763863426703,0.017780238426282128,0.027660168632724164,0.0085739415206047241,-0.0075876516525827074,0.099011109599962024,-0.077008771693363037,0.029444057863443153,0.01979191510496086,0.0031025929400385695,0.11920548499099651,0.031703219909919422,0.017742137256476331
1165,0.109375,0.890625,0.020463696580698753,0.012212229266489778,0.023830682352887239,0.02385074749490166,0.020033515916072862,-0.0033870509142029069,-0.0078212866495830837,-0.020781767409076307,0.050920244926214435,0.014775686127287527,0.017692726155591986,0.0078986903388836779,0.04866621523852805,0.014314030261811819,0.017749777401705243
1166,0.140625,0.859375,0.015911705252089348,0.055641778870700626,0.057872186064856009,0.0083995559347955044,0.063222181976214653,0.0075121493172938432,-0.0075804031055140275,-0.025191761899965481,0.091330998725277224,0.023543773388752055,0.049267023930718232,0.0099441422248222142,0.06437802711636266,0.022825605697408675,0.049191078833311842
1167,0.109375,0.859375,0.018769197386742004,0.025600854466412585,0.031744078502185573,0.026583824998233845,0.016111363543985166,-0.0078146276114918409,0.0094894909224274189,-0.022106229197906259,0.053978839019093276,0.022741141659528688,0.027230734896601948,0.0042933496855994853,0.05221827024109419,0.022162503617367078,0.027359817020168278
1168,0.140625,0.890625,0.017806125297164025,0.029312043716208772,0.034296559665937906,0.026718731551266254,0.019354945212409182,-0.0089126062541022288,0.0099570985037995899,-0.014247636521890738,0.054756924768034176,0.01529718301096915,0.032010445778162526,0.0036845847911824523,0.037286708994840663,0.014736025800769693,0.031924201087336332
1169,0.390625,0.390625,-0.80593315844712354,0.026360709740061522,0.80636415030838027,-0.82960670894937405,0.020116882088918153,0.023673550502250507,0.0062438276511433688,-0.5552185870234031,-0.0020067730165574116,-0.8217862100921004,0.01363686541500714,0.020327701809760051,0.26702625543543956,-0.81706028192121527,0.014552264315663194
1170,0.359375,0.359375,-0.71232787506524442,0.18510971406329368,0.73598682585733888,-0.75109092478574513,0.17114788331062003,0.038763049720500709,0.013961830752673654,-0.47577798730236115,0.11482736403637536,-0.69378927789601075,0.1894691655179131,0.019044274782419573,0.23043506971534958,-0.68980888016869757,0.18884801752676331
1171,0.390625,0.359375,-0.76136153428551345,0.036873994560423021,0.7622539454567836,-0.78722554296702341,0.068874308847552218,0.025864008681509953,-0.032000314287129197,-0.51761516480074776,0.030410730041237004,-0.76872853705529542,0.012756417023989148,0.025217658020440258,0.25173319306988895,-0.76429651069121152,0.013586942659791698
1172,0.359375,0.390625,-0.74867873189119016,0.1904956251607007,0.77253377064796769,-0.76472625979331832,0.20540010373197881,0.016047527902128156,-0.014904478571278107,-0.48318364254304602,0.14487057089641631,-0.74167464039869069,0.20254633457048155,0.013938324681047004,0.26484729503582533,-0.73743192697722715,0.20191363803319626
1173,0.609375,0.390625,0.1374238908874276,-0.79412795213382958,0.80593084700047901,0.13451567013511151,-0.81844756369346905,0.0029082207523160875,0.024319611559639465,-0.14577992156806016,-0.59341194767834615,0.13306166660828347,-0.81105679953706744,0.017481844155113259,0.35372575936353629,0.12736777963826063,-0.80683675156996792
1174,0.640625,0.359375,0.28137892246234791,-0.67971097735421027,0.73565012794254836,0.27298158941736456,-0.7199481930916164,0.0083973330449833572,0.040237215737406129,-0.035882956250766859,-0.54196401885707035,0.28839924477592094,-0.65883837351675323,0.022021592048302899,0.34470068273769128,0.28182674419037862,-0.65683089213765156
1175,0.609375,0.359375,0.14169579814967015,-0.74860333437395155,0.76189543340872601,0.17689683611746213,-0.76969013693483501,-0.035201037967791976,0.021086802560883466,-0.10817649934540481,-0.5609944446205517,0.12447069451124206,-0.75869185844211717,0.019962026781580718,0.30530146452499624,0.11911839432124362,-0.7548500459475872
1176,0.640625,0.390625,0.29164432725680633,-0.71484244893403615,0.77204672165555188,0.30851979621893838,-0.72862627390625734,-0.016875468962132045,0.013783824972221193,-0.019022760136025232,-0.55176806587714333,0.30830457168364522,-0.70431142326205998,0.019709547079165401,0.36112692787778516,0.30129668909872442,-0.70202633256372526
1177,0.609375,0.609375,0.13742389088742704,-0.79412795213382925,0.80593084700047857,0.13451567013511129,-0.81844756369346805,0.0029082207523157544,0.024319611559638799,-0.14577992156805997,-0.59341194767834615,0.13306166660828347,-0.81105679953706744,0.017481844155113443,0.35372575936353606,0.12736777963826074,-0.80683675156996593
1178,0.640625,0.640625,0.28137892246234752,-0.6797109773542096,0.73565012794254758,0.2729815894173645,-0.71994819309161528,0.0083973330449830241,0.040237215737405685,-0.035882956250766596,-0.54196401885707035,0.28839924477592094,-0.65883837351675323,0.022021592048302393,0.344700682737691,0.28182674419037823,-0.65683089213764934
1179,0.640625,0.609375,0.29164432725680584,-0.71484244893403581,0.77204672165555144,0.30851979621893816,-0.72862627390625634,-0.016875468962132323,0.013783824972220526,-0.019022760136025052,-0.55176806587714344,0.30830457168364522,-0.70431142326205998,0.019709547079165644,0.36112692787778494,0.30129668909872437,-0.7020263325637236
1180,0.609375,0.640625,0.14169579814966973,-0.74860333437395088,0.76189543340872523,0.17689683611746188,-0.76969013693483401,-0.035201037967792143,0.021086802560883133,-0.10817649934540469,-0.56099444462055192,0.12447069451124206,-0.75869185844211717,0.019962026781580697,0.30530146452499596,0.11911839432124365,-0.7548500459475852
1181,0.390625,0.609375,-0.80593315844712465,0.026360709740061231,0.80636415030838138,-0.82960670894937505,0.020116882088917626,0.023673550502250396,0.0062438276511436047,-0.55521858702340343,-0.0020067730165570508,-0.8217862100921004,0.01363686541500714,0.020327701809759003,0.26702625543543917,-0.81706028192121349,0.014552264315665128
1182,0.359375,0.640625,-0.71232787506524553,0.18510971406329343,0.73598682585733988,-0.75109092478574613,0.17114788331061942,0.038763049720500597,0.013961830752674015,-0.47577798730236143,0.11482736403637581,-0.69378927789601075,0.1894691655179131,0.019044274782420711,0.23043506971534916,-0.68980888016869579,0.1888480175267653
1183,0.359375,0.609375,-0.74867873189119138,0.19049562516070029,0.7725337706479688,-0.76472625979331932,0.20540010373197831,0.016047527902127934,-0.014904478571278024,-0.4831836425430463,0.14487057089641664,-0.74167464039869069,0.20254633457048155,0.013938324681047977,0.26484729503582499,-0.73743192697722548,0.20191363803319801
1184,0.390625,0.640625,-0.76136153428551467,0.036873994560422473,0.76225394545678471,-0.78722554296702441,0.06887430884755158,0.025864008681509731,-0.032000314287129107,-0.5176151648007481,0.030410730041237274,-0.76872853705529542,0.012756417023989148,0.025217658020439376,0.25173319306988867,-0.76429651069120919,0.013586942659794035
1185,0.390625,0.109375,-0.1470439255895328,0.0069681581602553857,0.14720893750355782,-0.1467618052443912,0.032226927427062811,-0.00028212034514160655,-0.025258769266807424,-0.093316551462126029,0.002141034855263943,-0.13762439072491517,0.0022837634303059058,0.010520037597448292,0.0443080691475412,-0.13686175006750886,0.0024566979338826872
1186,0.359375,0.140625,-0.17741275907939472,0.04941112993043438,0.18416499896876609,-0.16526382885026045,0.071538894278485116,-0.012148930229134269,-0.022127764348050735,-0.10205776157032745,0.041330128615158918,-0.19116773571459741,0.0522066173602969,0.014036172277565259,0.089771295520425537,-0.1900248621404356,0.051962203262648783
1187,0.359375,0.109375,-0.13261828394872544,0.040201337085191233,0.1385776199136857,-0.14694465323378969,0.027671657514679465,0.014326369285064255,0.012529679570511768,-0.091113636192252642,0.0047560546579159231,-0.12420812036934853,0.033920398695547908,0.010496715604720033,0.044111266657095784,-0.12348420985010281,0.033787084439425762
1188,0.390625,0.140625,-0.20186463063717591,-0.0059011883138166115,0.20195086809865062,-0.20139844703153867,-0.030734680184582697,-0.0004661836056372437,0.024833491870766083,-0.14389493906871406,-0.043086505379979434,-0.21181661131131296,0.0035149222335959232,0.013700549521077281,0.082371394402755704,-0.21057679724780384,0.0037168726352244815
1189,0.609375,0.109375,0.02965788724943454,-0.14322563415456499,0.14626405079539356,0.051651492896062585,-0.14185889471617605,-0.021993605646628046,-0.001366739438388942,-0.044045745071100817,-0.16030070602237612,0.022283813686475043,-0.13582753824389288,0.010445515019157343,0.070700398203181983,0.020868597353461627,-0.13626353362813912
1190,0.640625,0.140625,0.071555686610936392,-0.17143970432193009,0.18577348708670285,0.093099604408817566,-0.155078558484603,-0.021543917797881174,-0.01636114583732709,-0.022330589583050901,-0.1864978204941381,0.079465959423311167,-0.18153731122659958,0.012827083891805823,0.10191733925980412,0.07737310187930041,-0.18224397199898726
1191,0.640625,0.109375,0.060745520431835121,-0.12572734702747343,0.13963303349530592,0.047480412453022695,-0.14301313408696173,0.013265107978812425,0.0172857870594883,-0.040836525923582646,-0.16840696903259006,0.051631711891237879,-0.11795090902800075,0.011980588219044418,0.10533844975015022,0.050162895667802632,-0.11901423251040524
1192,0.609375,0.140625,0.020155368931673655,-0.20268377218854775,0.20368345638600843,-0.0029851488910848933,-0.20482050232782154,0.023140517822758548,0.0021367301392737903,-0.094624132677688849,-0.20552824625761948,0.034296841405069993,-0.20905108986884413,0.015508835486832701,0.12896909701768297,0.03241300152141003,-0.20898056668049381
1193,0.109375,0.390625,0.10305423940061083,0.11181985834505684,0.15206530498028467,0.11155322753650429,0.10970216596076707,-0.0084989881358934621,0.002117692384289771,0.020633325979586108,0.17569227255488015,0.088228947209833514,0.10564724971363015,0.016058965902532019,0.097342042480802235,0.08683305807052108,0.10661746424853917
1194,0.140625,0.359375,0.073840801841259254,0.16379307221635819,0.17966812327909826,0.091404548452984291,0.160180091119068,-0.017563746611725037,0.003612981097290191,0.017331383613303518,0.21129300546948607,0.085445472674928594,0.17880074181559946,0.018970991854876919,0.075467054573824952,0.083673652792971634,0.17904420815753566
1195,0.109375,0.359375,0.10399682940318869,0.10079004639672146,0.14482394131692866,0.10958881751642262,0.11306927268683842,-0.0055919881132339283,-0.012279226290116962,0.020416916315362743,0.17394084576330221,0.082532547615933982,0.098826257631133091,0.02155392908400984,0.097470780247897404,0.081205980936088551,0.099708106313444511
1196,0.140625,0.390625,0.073916292454765595,0.1852485071386975,0.19945081520859848,0.077769213445411156,0.19443231154042678,-0.0038529209906455614,-0.0091838044017292786,0.0099257283726186807,0.24133621232952701,0.091342922467839704,0.19114157585609232,0.018396078183148513,0.095646542148888763,0.089472165964708902,0.19143271151050262
1197,0.109375,0.609375,0.10305423940061086,0.11181985834505663,0.15206530498028453,0.11155322753650403,0.10970216596076673,-0.0084989881358931707,0.0021176923842898959,0.020633325979586212,0.17569227255488012,0.088228947209833514,0.10564724971363015,0.016058965902531964,0.097342042480802152,0.086833058070521066,0.10661746424853903
1198,0.140625,0.640625,0.073840801841259102,0.16379307221635769,0.17966812327909773,0.091404548452984055,0.16018009111906756,-0.017563746611724954,0.0036129810972901355,0.017331383613303622,0.21129300546948612,0.085445472674928594,0.17880074181559946,0.018970991854877408,0.075467054573824882,0.083673652792971703,0.17904420815753583
1199,0.109375,0.640625,0.10399682940318881,0.10079004639672123,0.14482394131692858,0.1095888175164224,0.11306927268683807,-0.0055919881132335814,-0.012279226290116838,0.020416916315362844,0.17394084576330215,0.082532547615933982,0.098826257631133091,0.021553929084009944,0.097470780247897307,0.081205980936088509,0.099708106313444483
1200,0.140625,0.609375,0.073916292454765206,0.18524850713869723,0.19945081520859809,0.077769213445410892,0.19443231154042645,-0.0038529209906456863,-0.0091838044017292231,0.0099257283726187848,0.24133621232952696,0.091342922467839704,0.19114157585609232,0.018396078183148968,0.095646542148888639,0.089472165964708986,0.19143271151050256
1201,0.890625,0.390625,0.096287484365969914,0.11355417992322847,0.14888193786878193,0.094254767459175839,0.12186347101113093,0.0020327169067940742,-0.0083092910879024595,0.16342331862933379,-0.13172803147959677,0.091685662935330536,0.10266171491806803,0.011824658742142911,0.24512210112683225,0.094734375308270766,0.097193721337004393
1202,0.859375,0.359375,0.15269285501469013,0.091508273065498788,0.17801368490081618,0.14628535072251,0.10892922216736196,0.0064075042921801217,-0.017420949101863176,0.16337871892935524,-0.14364425708877013,0.1644656692546464,0.11055169700674831,0.022388638871862505,0.25419827800270511,0.16589527236577095,0.10422780768134193
1203,0.890625,0.359375,0.084421690756803086,0.11321634625775008,0.14122663675876465,0.097786191070481615,0.12059105841965487,-0.013364500313678529,-0.0073747121619047867,0.16116211203441175,-0.12334148062856055,0.085766084501859033,0.096033480425169834,0.017235378521001481,0.23196968445254904,0.088807372928357498,0.090845958167300955
1204,0.859375,0.390625,0.17406020019897545,0.094363365575596422,0.19799342932547298,0.1818235575240838,0.10025114135272106,-0.0077633573251083554,-0.0058877757771246403,0.18023891504409686,-0.15344830410884316,0.17581709603856538,0.11818197936353048,0.023883321497855582,0.27166627207402783,0.17716159934347342,0.11154197005732645
1205,0.890625,0.609375,0.096287484365969858,0.11355417992322851,0.14888193786878193,0.094254767459175617,0.12186347101113108,0.0020327169067942408,-0.0083092910879025705,0.16342331862933368,-0.13172803147959627,0.091685662935330536,0.10266171491806803,0.011824658742142929,0.24512210112683175,0.094734375308269989,0.097193721337004615
1206,0.859375,0.640625,0.1526928550146901,0.091508273065498788,0.17801368490081615,0.14628535072250992,0.10892922216736224,0.0064075042921801773,-0.017420949101863453,0.16337871892935521,-0.14364425708876952,0.1644656692546464,0.11055169700674831,0.022388638871862519,0.2541982780027045,0.16589527236577009,0.10422780768134238
1207,0.890625,0.640625,0.084421690756803072,0.11321634625775009,0.14122663675876465,0.097786191070481338,0.12059105841965502,-0.013364500313678265,-0.0073747121619049255,0.16116211203441155,-0.12334148062856001,0.085766084501859033,0.096033480425169834,0.017235378521001495,0.23196968445254845,0.088807372928356457,0.090845958167301122
1208,0.859375,0.609375,0.17406020019897528,0.094363365575596325,0.19799342932547279,0.18182355752408358,0.10025114135272122,-0.0077633573251082999,-0.0058877757771248901,0.18023891504409675,-0.15344830410884264,0.17581709603856538,0.11818197936353048,0.023883321497855693,0.27166627207402733,0.17716159934347273,0.11154197005732688
1209,0.609375,0.890625,0.029657887249435039,-0.14322563415456518,0.14626405079539384,0.051651492896063203,-0.14185889471617605,-0.021993605646628164,-0.0013667394383891363,-0.044045745071100297,-0.16030070602237664,0.022283813686475043,-0.13582753824389288,0.010445515019157834,0.070700398203181691,0.020868597353460645,-0.13626353362814
1210,0.640625,0.859375,0.071555686610937363,-0.17143970432193037,0.18577348708670349,0.093099604408818315,-0.15507855848460275,-0.021543917797880952,-0.016361145837327618,-0.022330589583050314,-0.18649782049413841,0.079465959423311167,-0.18153731122659958,0.012827083891805006,0.10191733925980355,0.077373101879299647,-0.18224397199898759
1211,0.640625,0.890625,0.060745520431835967,-0.12572734702747329,0.13963303349530617,0.04748041245302341,-0.14301313408696148,0.013265107978812557,0.017285787059488189,-0.040836525923582077,-0.16840696903259034,0.051631711891237879,-0.11795090902800075,0.011980588219044973,0.10533844975014985,0.050162895667801959,-0.11901423251040597
1212,0.609375,0.859375,0.020155368931674154,-0.20268377218854805,0.20368345638600877,-0.0029851488910843105,-0.20482050232782154,0.023140517822758465,0.002136730139273485,-0.094624132677688405,-0.20552824625761995,0.034296841405069993,-0.20905108986884413,0.01550883548683212,0.12896909701768253,0.032413001521408975,-0.20898056668049433
1213,0.390625,0.890625,-0.14704392558953272,0.0069681581602549156,0.14720893750355771,-0.14676180524439134,0.032226927427062457,-0.00028212034514138451,-0.025258769266807542,-0.093316551462126543,0.0021410348552636359,-0.13762439072491517,0.0022837634303059058,0.010520037597448007,0.044308069147540687,-0.13686175006751197,0.002456697933882613
1214,0.359375,0.859375,-0.1774127590793948,0.049411129930434283,0.18416499896876615,-0.16526382885026056,0.071538894278484783,-0.012148930229134242,-0.022127764348050499,-0.10205776157032798,0.041330128615158827,-0.19116773571459741,0.0522066173602969,0.014036172277565196,0.089771295520425023,-0.19002486214043862,0.051962203262649567
1215,0.359375,0.890625,-0.13261828394872555,0.040201337085191365,0.13857761991368583,-0.1469446532337898,0.027671657514679305,0.014326369285064255,0.01252967957051206,-0.091113636192253225,0.0047560546579157714,-0.12420812036934853,0.033920398695547908,0.010496715604720201,0.044111266657095444,-0.1234842098501058,0.033787084439425914
1216,0.390625,0.859375,-0.20186463063717619,-0.0059011883138167312,0.20195086809865093,-0.20139844703153884,-0.030734680184583037,-0.00046618360563735473,0.024833491870766305,-0.14389493906871464,-0.043086505379979698,-0.21181661131131296,0.0035149222335959232,0.013700549521077163,0.082371394402755371,-0.21057679724780709,0.0037168726352250448
1217,0.109375,0.015625,0.014401982209313208,0.0068772745910990344,0.015959761820238751,0.0085024271466601735,-0.0050513905919576914,0.0058995550626530346,0.011928665183056726,-0.012596148216845954,0.0012140220504216429,0.00036836890622046471,0.00044109289584578359,0.015439130064710727,0.012987537245847487,0.00022103845490867519,0.00037512701049561051
1218,0.140625,0.015625,0.022664611617724654,0.011670833514389085,0.025492998542793802,0.011370411203024738,-0.005729961295621395,0.011294200414699916,0.01740079481001048,-0.0060620173296603297,0.0050507018922413653,0.00038137021356986802,0.00079804435458022925,0.024794362092812453,0.007720255123043549,0.00022670884497431393,0.00072831263434616615
1219,0.015625,0.109375,0.0077074617906138657,-0.013135077700146843,0.015229419996922653,0.0080977074875628642,-0.014782135597229486,-0.00039024569694899851,0.0016470578970826429,-0.036171926244892676,-0.001120235196400937,0.00057019744290016006,7.1648237562410054e-05,0.015011933665018224,0.036761450450291319,0.00059918442109108095,4.4018704361769503e-05
1220,0.015625,0.140625,0.0087558405765454164,-0.019512248194162404,0.021386738269134759,0.010830784990894992,-0.01870428796931712,-0.0020749444143495759,-0.00080796022484528468,-0.03749638803372262,0.0019383588964779269,0.00087758637475023212,0.0001102732357757145,0.021144981355784739,0.038417493529445595,0.00097318583288275116,0.00011228338142480826
1221,0.890625,0.015625,-0.0080541060426267425,0.013485800422403577,0.015707814525858683,-0.0043339386344848265,0.007998170647347369,-0.003720167408141916,0.0054876297750562075,0.067088481404822889,-0.00018564169340783143,0.00038280120572289482,0.00042862784642715265,0.015545776262254821,0.066708508437021502,0.0027737380082497845,0.00078453914003223863
1222,0.859375,0.015625,-0.01035581239954554,0.020258710768759111,0.022752103473455316,-0.0054130649506829529,0.010184162827321765,-0.0049427474488625868,0.010074547941437346,0.059471502466905669,-0.019084305611307952,0.00073406238440717,0.00049342724638406566,0.022663886591748127,0.061914251116299994,0.0032213967923750038,0.00026125583061632746
1223,0.984375,0.109375,-0.006117577679771986,-0.0010829296440116659,0.0062126880882532346,-0.012973841723185412,0.0067874062113022111,0.0068562640434134264,-0.0078703358553138779,0.11595646974158764,0.0064501333025766758,-1.2077972531156736e-05,0.00057455436332449648,0.006326482427834049,0.11611729624303707,0.0025262674033168413,0.0015906041779090293
1224,0.984375,0.140625,-0.0095896557621753375,-0.0035974393495876548,0.010242219852697182,-0.01693293573561707,0.0085698102459282229,0.0073432799734417329,-0.012167249595515878,0.12462882024925868,-0.01023660561666194,-1.8589111999589698e-05,0.00088429207651701143,0.0105684073255075,0.12514252285284666,0.0028555549641557771,0.0016650962208811129
1225,0.984375,0.890625,-0.0061175776797724717,-0.0010829296440114985,0.0062126880882536839,-0.01297384172318594,0.0067874062113023256,0.0068562640434134681,-0.0078703358553138241,0.11595646974158706,0.0064501333025768371,-1.2077972531156736e-05,0.00057455436332449648,0.006326482427834474,0.1161172962430365,0.0025262674033164753,0.001590604177908459
1226,0.984375,0.859375,-0.0095896557621757764,-0.0035974393495875681,0.010242219852697564,-0.01693293573561757,0.0085698102459283425,0.0073432799734417936,-0.012167249595515911,0.1246288202492581,-0.010236605616661757,-1.8589111999589698e-05,0.00088429207651701143,0.01056840732550786,0.12514252285284608,0.0028555549641552831,0.0016650962208805324
1227,0.890625,0.984375,-0.0080541060426269871,0.013485800422404118,0.015707814525859273,-0.0043339386344848629,0.0079981706473478461,-0.0037201674081421242,0.0054876297750562717,0.06708848140482275,-0.00018564169340744459,0.00038280120572289482,0.00042862784642715265,0.015545776262255407,0.066708508437021363,0.0027737380082495803,0.0007845391400318854
1228,0.859375,0.984375,-0.010355812399545607,0.020258710768759736,0.022752103473455906,-0.0054130649506828037,0.01018416282732237,-0.0049427474488628036,0.010074547941437365,0.059471502466905676,-0.019084305611307466,0.00073406238440717,0.00049342724638406566,0.022663886591748707,0.061914251116299841,0.0032213967923747952,0.00026125583061603093
1229,0.015625,0.890625,0.0077074617906142352,-0.013135077700146441,0.015229419996922493,0.008097707487563088,-0.014782135597229259,-0.0003902456969488528,0.0016470578970828181,-0.036171926244892683,-0.0011202351964009552,0.00057019744290016006,7.1648237562410054e-05,0.015011933665018046,0.036761450450291326,0.00059918442109091724,4.4018704361141879e-05
1230,0.015625,0.859375,0.0087558405765457946,-0.019512248194162144,0.021386738269134675,0.010830784990895272,-0.01870428796931695,-0.002074944414349477,-0.00080796022484519447,-0.037496388033722634,0.0019383588964778879,0.00087758637475023212,0.0001102732357757145,0.021144981355784638,0.038417493529445609,0.00097318583288252673,0.00011228338142423353
1231,0.109375,0.984375,0.014401982209313293,0.0068772745910994585,0.015959761820239012,0.0085024271466603123,-0.0050513905919572066,0.0058995550626529808,0.011928665183056665,-0.012596148216846115,0.0012140220504217279,0.00036836890622046471,0.00044109289584578359,0.01543913006471098,0.012987537245847652,0.00022103845490830629,0.00037512701049486437
1232,0.140625,0.984375,0.022664611617724775,0.011670833514389529,0.025492998542794111,0.011370411203024905,-0.0057299612956208876,0.011294200414699871,0.017400794810010417,-0.0060620173296605474,0.0050507018922414642,0.00038137021356986802,0.00079804435458022925,0.024794362092812754,0.0077202551230437849,0.00022670884497370732,0.00072831263434540276
1233,0.484375,0.390625,-0.62892308587988721,-0.57116570751532358,0.84957313598898598,-0.6392254972444612,-0.59622178700249739,0.010302411364573993,0.02505607948717381,-0.57071189446572557,-0.44465056746287346,-0.67218645856462755,-0.60568875592706506,0.055349438007067264,0.19034280995848166,-0.66985939871178801,-0.60017822626694062
1234,0.515625,0.390625,-0.4782684224040834,-0.70220042989484688,0.84960351200627604,-0.50149372880382048,-0.71601670782855276,0.023225306399737078,0.013816277933705878,-0.51222065654353366,-0.52913702098598614,-0.50144001311665298,-0.75316095051436538,0.055981222547950946,0.22428317652921223,-0.5010138758736129,-0.74691441698714633
1235,0.484375,0.359375,-0.58238615673152527,-0.52438832169312199,0.78368153447726829,-0.59684433126211056,-0.54746436024386325,0.014458174530585288,0.023076038550741251,-0.53310847224307023,-0.41223306440507906,-0.62878751988653414,-0.5665831642544501,0.062717551302791469,0.18159965165569852,-0.62661905266806384,-0.56146072582154016
1236,0.515625,0.359375,-0.43845063872322176,-0.64959063646564819,0.78371356858271057,-0.45911256282146984,-0.66725928106991861,0.020661924098248075,0.017668644604270423,-0.47461723432087838,-0.49671951792819174,-0.46906512055118527,-0.70453398772801989,0.062896886612415645,0.20788862360767918,-0.46868387994825067,-0.6987346715888938
1237,0.390625,0.484375,-0.79516922097095644,-0.089835506769234116,0.80022778523120708,-0.57172764772334594,-0.18664440234921756,-0.22344157324761049,0.096808895579983442,-0.46741732769262023,-0.10127104489733557,-0.90469228208965224,0.015012623406603032,0.15161936326927003,0.45247240496758123,-0.89950823750917752,0.016068064433686118
1238,0.390625,0.515625,-0.79516922097095633,-0.089835506769234505,0.80022778523120697,-0.57172764772334617,-0.18664440234921764,-0.22344157324761016,0.096808895579983137,-0.46741732769262029,-0.10127104489733552,-0.90469228208965224,0.015012623406603032,0.15161936326927039,0.45247240496758118,-0.89950823750917719,0.016068064433686434
1239,0.359375,0.484375,-0.70351164094482943,0.1172835347999051,0.71322090300274232,-0.50684719856729021,-0.0013611807061568518,-0.19666444237753922,0.11864471550606195,-0.3953823832122631,0.045606299015638119,-0.81649864009656947,0.22298026348109029,0.15471864926769294,0.4569468514854223,-0.81184685605871743,0.22233630731634596
1240,0.359375,0.515625,-0.70351164094482932,0.11728353479990494,0.71322090300274221,-0.50684719856729044,-0.0013611807061569281,-0.19666444237753888,0.11864471550606187,-0.39538238321226316,0.045606299015638167,-0.81649864009656947,0.22298026348109029,0.15471864926769313,0.45694685148542225,-0.81184685605871698,0.22233630731634618
1241,0.609375,0.484375,0.020356885841189973,-0.80016692300691328,0.80042582884081315,-0.10662484849939173,-0.59282511874281985,0.12698173434058171,-0.20734180426409343,-0.24475943891539501,-0.50145788475576114,0.14648562040121005,-0.89288043272870754,0.15653834216141821,0.55342958675994847,0.14025266594489194,-0.88806108958056085
1242,0.609375,0.515625,0.020356885841189821,-0.80016692300691317,0.80042582884081304,-0.10662484849939176,-0.59282511874281973,0.12698173434058158,-0.20734180426409343,-0.24475943891539498,-0.50145788475576114,0.14648562040121005,-0.89288043272870754,0.15653834216141838,0.55342958675994847,0.14025266594489191,-0.88806108958056029
1243,0.640625,0.484375,0.21210506766130471,-0.68061721926978103,0.71290136687632732,0.06737927758443514,-0.50300382895560802,0.14472579007686959,-0.177613390314173,-0.11800227748336006,-0.45981400295455838,0.33940794224800902,-0.77536602706116542,0.15869265407046057,0.55569523034886315,0.33171417953505167,-0.77263940532023889
1244,0.640625,0.515625,0.21210506766130482,-0.68061721926978092,0.71290136687632721,0.067379277584435113,-0.50300382895560791,0.1447257900768697,-0.177613390314173,-0.11800227748336004,-0.45981400295455838,0.33940794224800902,-0.77536602706116542,0.15869265407046057,0.55569523034886315,0.33171417953505161,-0.77263940532023823
1245,0.515625,0.609375,-0.4782684224040844,-0.70220042989484666,0.84960351200627648,-0.50149372880382059,-0.71601670782855287,0.02322530639973619,0.013816277933706211,-0.51222065654353388,-0.52913702098598647,-0.50144001311665298,-0.75316095051436538,0.055981222547950731,0.2242831765292119,-0.50101387587361179,-0.74691441698714367
1246,0.484375,0.609375,-0.62892308587988854,-0.57116570751532336,0.84957313598898687,-0.63922549724446154,-0.59622178700249773,0.010302411364572994,0.025056079487174365,-0.57071189446572579,-0.44465056746287368,-0.67218645856462755,-0.60568875592706506,0.055349438007066362,0.19034280995848135,-0.66985939871178668,-0.60017822626693818
1247,0.515625,0.640625,-0.43845063872322243,-0.64959063646564852,0.78371356858271124,-0.45911256282146995,-0.66725928106991894,0.020661924098247519,0.017668644604270423,-0.47461723432087854,-0.49671951792819208,-0.46906512055118527,-0.70453398772801989,0.062896886612415034,0.20788862360767885,-0.46868387994824978,-0.69873467158889091
1248,0.484375,0.640625,-0.58238615673152616,-0.52438832169312199,0.78368153447726896,-0.59684433126211089,-0.5474643602438638,0.014458174530584733,0.023076038550741806,-0.53310847224307045,-0.41223306440507934,-0.62878751988653414,-0.5665831642544501,0.062717551302790817,0.18159965165569816,-0.6266190526680625,-0.56146072582153705
1249,0.390625,0.015625,-0.058053714872261408,0.0019882265106311351,0.058087751334747001,-0.0041032996395811705,0.011643508000388079,-0.053950415232680238,-0.0096552814897569433,-0.0062521428433629884,-0.0010423192372099729,-0.0034310789931419291,5.6935930395438091e-05,0.054656767501272685,0.0030276662911442646,-0.00387175497996448,0.00035887667367324127
1250,0.359375,0.015625,-0.052765109599598022,-0.0025908027383772423,0.052828676397263394,-0.004286147628979671,0.0070882380880047322,-0.048478961970618351,-0.0096790408263819749,-0.0040492275734896038,0.0015727005654420072,-0.0030966013388480243,0.00084566090930728857,0.049787247315452657,0.0011983669740609024,-0.0033918892722248385,0.0011640844049480947
1251,0.609375,0.015625,0.04662795163168381,-0.030873410888916181,0.055922565868193969,0.012276759876702337,-0.0030228035381387637,0.034351191754981469,-0.027850607350777417,0.0038054554168606806,-0.05641213065832773,0.00055555214176807586,-0.0033862821168837562,0.053648935151489073,0.053125346914986007,0.00019192731630430514,-0.0050502049593442394
1252,0.640625,0.015625,0.041389157100749037,-0.031872217426008022,0.052238879861279702,0.0081056794336624455,-0.0041770429089244485,0.033283477667086593,-0.027695174517083573,0.0070146745643788512,-0.064518393668541674,0.0012872171939643793,-0.0029406043801994647,0.049449002191346264,0.061843576073585753,0.0013057099330820231,-0.0048773432477484703
1253,0.484375,0.109375,-0.12408298496789114,-0.10921839701983449,0.16530349483941376,-0.16746468103282813,-0.1635755050973984,0.043381696064936998,0.054357108077563915,-0.16459605147274725,-0.14456999935089607,-0.11257094689277819,-0.10143458843639151,0.013896571401123759,0.067581618664544249,-0.11252791773481251,-0.10062871589907596
1254,0.515625,0.109375,-0.091550895571699528,-0.13559717707080968,0.16360978243843718,-0.13911992415562044,-0.18844490826071825,0.047569028583920911,0.05284773118990857,-0.15755736484545793,-0.16777596233341607,-0.083976069983625792,-0.12613173068543063,0.012123228033994161,0.084548500773786381,-0.084361792345037157,-0.1253806069186372
1255,0.484375,0.140625,-0.1862371605168214,-0.17334833258348015,0.25442862332458027,-0.22210132281997558,-0.22653711270904392,0.035864162303154173,0.053188780125563773,-0.21517443907933528,-0.18979753958613943,-0.17325705405369926,-0.15611717282948492,0.021573039430309537,0.053772058471386171,-0.1729122958914788,-0.15482067736126762
1256,0.515625,0.140625,-0.14654654237773962,-0.20750422739034899,0.25403522091973052,-0.19375656594276791,-0.25140651587236373,0.047210023565028292,0.043902288482014745,-0.20813575245204596,-0.21300350256865944,-0.12924690515598464,-0.19412834913849558,0.02186759170582658,0.081115483384576512,-0.1294990086008079,-0.19278976146617594
1257,0.015625,0.390625,0.045281565943040371,0.012545081633710629,0.046987224725986716,0.038745513655245166,-0.03008804211231491,0.0065360522877952049,0.042633123746025542,-0.034529399669994867,0.035257277876313345,0.0034047772574102211,0.00042782775128778121,0.043594647289225921,0.051498469639119526,0.0041449656908745169,0.00088572201617769192
1258,0.015625,0.359375,0.044763755899629221,0.018891323576170557,0.04858678779978326,0.036781103635163487,-0.026720935386243573,0.0079826522644657338,0.04561225896241413,-0.034745809334218239,0.033505851084735389,0.0031849517647597968,0.0004002055489860967,0.045505146952637139,0.050346066419199254,0.003869865083481932,0.00080521559575347137
1259,0.015625,0.609375,0.045281565943040385,0.012545081633710721,0.046987224725986751,0.038745513655245277,-0.030088042112314972,0.0065360522877951077,0.042633123746025695,-0.034529399669994867,0.035257277876313289,0.0034047772574102211,0.00042782775128778121,0.043594647289225956,0.051498469639119492,0.0041449656908743981,0.00088572201617744559
1260,0.015625,0.640625,0.044763755899629117,0.018891323576170599,0.048586787799783177,0.036781103635163646,-0.026720935386243636,0.0079826522644654702,0.045612258962414234,-0.034745809334218239,0.033505851084735319,0.0031849517647597968,0.0004002055489860967,0.045505146952637056,0.050346066419199205,0.0038698650834817772,0.0008052155957532039
1261,0.109375,0.484375,0.036896910173534164,0.18429866450184082,0.18795579192330289,-0.056713298557789213,0.21400107444845023,0.093610208731323377,-0.029702409946609415,-0.066002963498227055,0.23744337757498774,0.097129942821364751,0.11630549438059766,0.090835507402617283,0.20319136760476419,0.095625122174026522,0.11741890121436641
1262,0.109375,0.515625,0.036896910173534123,0.1842986645018406,0.18795579192330267,-0.056713298557789248,0.21400107444845018,0.093610208731323363,-0.029702409946609581,-0.066002963498227041,0.23744337757498774,0.097129942821364751,0.11630549438059766,0.090835507402617144,0.20319136760476417,0.095625122174026564,0.11741890121436639
1263,0.140625,0.484375,0.029270610689455381,0.30006062214661433,0.30148490113627069,-0.090497312648882361,0.29873122002810992,0.11976792333833775,0.001329402118504408,-0.076710561105194489,0.30308731734963457,0.100558072118181,0.21042493332186765,0.1145271097515294,0.20002621262872769,0.098532103103766824,0.2107957119271574
1264,0.140625,0.515625,0.029270610689455221,0.300060622146614,0.30148490113627036,-0.090497312648882403,0.29873122002810992,0.11976792333833762,0.001329402118504075,-0.076710561105194475,0.30308731734963457,0.100558072118181,0.21042493332186765,0.11452710975152924,0.20002621262872769,0.098532103103766838,0.21079571192715746
1265,0.984375,0.390625,-0.012838290103020339,0.046098548673033216,0.047852877473871125,-0.03109506645521613,0.032340169563179061,0.018256776352195789,0.013758379109854155,0.16624236572179732,-0.10077797348335961,-7.2120292193082156e-05,0.0034307934098111786,0.044536641440965093,0.19626506402182997,0.0044838486907556683,0.0028715283854162045
1266,0.984375,0.359375,-0.0096300828785166482,0.04902691016629477,0.049963751027130028,-0.027563642843910354,0.031067756971702998,0.017933559965393704,0.017959153194591772,0.16398115912687528,-0.092391422632323375,-6.7463929217521221e-05,0.0032092882144706702,0.046804894642438505,0.18987218501142381,0.0043765514655896226,0.0027531965337951715
1267,0.984375,0.609375,-0.012838290103020728,0.046098548673033084,0.047852877473871104,-0.031095066455216355,0.032340169563179109,0.018256776352195629,0.013758379109853974,0.16624236572179704,-0.10077797348335946,-7.2120292193082156e-05,0.0034307934098111786,0.044536641440965072,0.19626506402182967,0.0044838486907550993,0.0028715283854158975
1268,0.984375,0.640625,-0.0096300828785169258,0.049026910166294423,0.049963751027129744,-0.027563642843910635,0.03106775697170305,0.017933559965393711,0.017959153194591373,0.16398115912687491,-0.092391422632323195,-6.7463929217521221e-05,0.0032092882144706702,0.04680489464243822,0.18987218501142339,0.0043765514655889227,0.0027531965337947717
1269,0.890625,0.484375,0.18443394946261379,0.062600634144302239,0.19476837810498593,0.22101703290559041,-0.02867958163762235,-0.036583083442976616,0.091280215781924592,0.2234727747508527,-0.19109844392420744,0.1009353900287164,0.11301876328887923,0.097539721006241031,0.3278760228769837,0.10398957495534399,0.10711696441298893
1270,0.890625,0.515625,0.18443394946261371,0.062600634144302364,0.19476837810498587,0.22101703290559038,-0.028679581637622329,-0.036583083442976672,0.09128021578192469,0.22347277475085267,-0.19109844392420736,0.1009353900287164,0.11301876328887923,0.097539721006240906,0.32787602287698364,0.10398957495534382,0.10711696441298897
1271,0.859375,0.484375,0.29684872096681336,0.069780440147693718,0.3049401137384829,0.30858582297049836,-0.050291911296032207,-0.011737102003684996,0.12007235144372592,0.24028837116561577,-0.21281871655345383,0.19355444018424067,0.1301047928271781,0.11961912877373661,0.34609333075183679,0.19476026866162241,0.12297578148976562
1272,0.859375,0.515625,0.29684872096681347,0.069780440147693801,0.30494011373848301,0.30858582297049836,-0.050291911296032193,-0.011737102003684885,0.12007235144372599,0.24028837116561574,-0.21281871655345375,0.19355444018424067,0.1301047928271781,0.11961912877373666,0.34609333075183674,0.1947602686616223,0.12297578148976572
1273,0.609375,0.984375,0.046627951631684345,-0.030873410888916063,0.05592256586819435,0.012276759876702716,-0.0030228035381388053,0.034351191754981629,-0.027850607350777257,0.0038054554168610224,-0.05641213065832805,0.00055555214176807586,-0.0033862821168837562,0.053648935151489476,0.053125346914986347,0.00019192731630405475,-0.0050502049593458744
1274,0.640625,0.984375,0.041389157100749543,-0.031872217426007578,0.052238879861279827,0.0081056794336629261,-0.0041770429089242507,0.033283477667086614,-0.027695174517083327,0.0070146745643792398,-0.064518393668541743,0.0012872171939643793,-0.0029406043801994647,0.049449002191346417,0.061843576073585857,0.0013057099330819537,-0.0048773432477498104
1275,0.390625,0.984375,-0.058053714872261297,0.0019882265106305665,0.058087751334746869,-0.0041032996395811358,0.011643508000387843,-0.053950415232680161,-0.0096552814897572763,-0.0062521428433631602,-0.0010423192372104983,-0.0034310789931419291,5.6935930395438091e-05,0.054656767501272553,0.0030276662911446154,-0.0038717549799666918,0.00035887667367135372
1276,0.359375,0.984375,-0.052765109599598098,-0.0025908027383772982,0.05282867639726347,-0.004286147628979612,0.0070882380880046905,-0.048478961970618489,-0.0096790408263819887,-0.0040492275734898484,0.0015727005654416371,-0.0030966013388480243,0.00084566090930728857,0.04978724731545274,0.0011983669740608723,-0.0033918892722271205,0.0011640844049464263
1277,0.515625,0.890625,-0.091550895571699389,-0.13559717707081032,0.16360978243843763,-0.13911992415562047,-0.18844490826071894,0.047569028583921077,0.052847731189908626,-0.15755736484545793,-0.16777596233341696,-0.083976069983625792,-0.12613173068543063,0.012123228033994574,0.084548500773786825,-0.084361792345039294,-0.12538060691863812
1278,0.484375,0.890625,-0.12408298496789077,-0.10921839701983517,0.16530349483941392,-0.16746468103282824,-0.16357550509739915,0.043381696064937469,0.054357108077563984,-0.16459605147274742,-0.14456999935089693,-0.11257094689277819,-0.10143458843639151,0.013896571401123841,0.067581618664544929,-0.11252791773481506,-0.10062871589907676
1279,0.515625,0.859375,-0.14654654237773937,-0.20750422739034971,0.25403522091973096,-0.19375656594276797,-0.25140651587236446,0.047210023565028597,0.043902288482014745,-0.20813575245204605,-0.21300350256866027,-0.12924690515598464,-0.19412834913849558,0.021867591705826823,0.081115483384576789,-0.12949900860081009,-0.19278976146617635
1280,0.484375,0.859375,-0.18623716051682138,-0.17334833258348092,0.25442862332458077,-0.22210132281997574,-0.2265371127090447,0.035864162303154368,0.053188780125563773,-0.21517443907933553,-0.18979753958614023,-0.17325705405369926,-0.15611717282948492,0.02157303943031014,0.053772058471386865,-0.17291229589148135,-0.15482067736126784
1281,0.234375,0.140625,-0.023966384192194608,0.13779726781187537,0.13986591646167976,-0.053302339093764632,0.1677032736486101,0.029335954901570024,-0.029906005836734723,-0.030236126180402653,0.1628570372466725,-0.036060409948385212,0.11486102122076589,0.025929459436702173,0.048348110984495242,-0.036355273646445994,0.11404032447095931
1282,0.265625,0.140625,-0.058043958554729831,0.13660088779101162,0.14842137201224001,-0.078111394063058226,0.16889137540607729,0.020067435508328395,-0.032290487615065672,-0.041216983276168649,0.15571405580236991,-0.074870325113389743,0.12097243337791629,0.02296465107308595,0.048368664913310919,-0.074784063327009029,0.12006700744490198
1283,0.234375,0.109375,-0.012962134458052223,0.088712098499371062,0.089654076036010416,-0.034983163477293869,0.12383603688480443,0.022021029019241647,-0.035123938385433373,-0.019292000802327861,0.12628296328942951,-0.02342966360246046,0.074629076377378437,0.017547098862135856,0.051819342784046984,-0.023680781542546318,0.074040904380292427
1284,0.265625,0.109375,-0.040183094929631076,0.089270924397461135,0.097897799060555818,-0.05979221844658747,0.12502413864227163,0.019609123516956393,-0.035753214244810497,-0.030272857898093853,0.11913998184512692,-0.048645773404251649,0.07859986681439711,0.013619412502229112,0.044509155809801859,-0.048626732353814157,0.077967064732397395
1285,0.140625,0.234375,0.019149311455881522,0.15880620473337076,0.15995657782989614,-0.053707058752861941,0.15797252864333833,0.072856370208743471,0.00083367609003243137,-0.053811904208449376,0.16052277999984993,0.05190872351367648,0.10862270381786453,0.059929649110511372,0.1177729554424793,0.050698129197826812,0.10864799050678912
1286,0.140625,0.265625,0.024871428652650185,0.17536569781717026,0.17712062537752893,-0.041849202678834865,0.17182365852088879,0.06672063133148505,0.0035420392962814684,-0.047737169135125233,0.17766020953473693,0.061342183349261101,0.12836289090661954,0.059492686992695852,0.11970184109835207,0.059973309704433951,0.12843992390240699
1287,0.109375,0.234375,0.018749803464365646,0.095428569606429647,0.097253108058722351,-0.035522789689423614,0.11086171021110872,0.05427259315378926,-0.015433140604679069,-0.050726371506390151,0.12317062029366607,0.050139101124452135,0.060037644156787216,0.047305450127608548,0.11899418576108207,0.049206401154322274,0.060469076313246779
1288,0.109375,0.265625,0.029348846763262281,0.10849269112558672,0.11239225433278494,-0.023664933615396538,0.12471284008865918,0.053013780378658823,-0.016220148963072459,-0.044651636433066008,0.14030804982855308,0.059250964499886843,0.070948386445161021,0.0479969942712207,0.12492603165589593,0.058206765616542491,0.071497117876625771
1289,0.359375,0.265625,-0.44403603159120658,0.079577082679443661,0.45111030739613789,-0.32516236058994585,0.0079022178843100796,-0.11887367100126073,0.071674864795133575,-0.25294949558155772,0.022685980748857606,-0.49807845586342092,0.1360218619709454,0.078144716587139562,0.27006152843612224,-0.49517713258077539,0.13548545529547013
1290,0.359375,0.234375,-0.3633481860330996,0.061813511223683344,0.36856860211274695,-0.24147277545630519,-0.0063276376917091939,-0.12187541057679441,0.068141148915392538,-0.1995608919055529,0.012186375688683828,-0.42148184889875889,0.11510384598904762,0.078863061933852951,0.24462403161955829,-0.41900796152647718,0.11461878375352087
1291,0.390625,0.265625,-0.49729390726078126,-0.041329732774582413,0.49900839372691208,-0.36129697877122408,-0.094371356578757726,-0.13599692848955719,0.053041623804175313,-0.29478667307994433,-0.061730653246280742,-0.55187812050914609,0.0091579629378629561,0.074353505326214708,0.26668559812210491,-0.54865643807553932,0.0096819636956167188
1292,0.390625,0.234375,-0.41414090946389592,-0.046528233432972792,0.41674640898030069,-0.27760739363758341,-0.108601212154777,-0.13653351582631251,0.062072978721804208,-0.24139806940393951,-0.07223025830645452,-0.46700797406654038,0.0077496127482679627,0.075769460244709499,0.23936710061284086,-0.464266514692387,0.0081726459794386561
1293,0.265625,0.359375,-0.30695805525665132,0.38556001980155008,0.49282834390517466,-0.25766451106883059,0.41747960253758992,-0.049293544187820726,-0.031919582736039842,-0.14965492880845238,0.36606550331439552,-0.27172068865118543,0.43903526337671128,0.064041187377427838,0.14221334539886091,-0.27116470496453843,0.43651109125776066
1294,0.234375,0.359375,-0.18149953478336292,0.38075142916901272,0.42179821234901277,-0.13730801489186922,0.41591277508165392,-0.044191519891493697,-0.035161345912641195,-0.079210732963357428,0.37984630923341134,-0.13087106820198594,0.41685561987366532,0.062183230977648059,0.063549030763925096,-0.13146241117657792,0.41467025769969867
1295,0.265625,0.390625,-0.3179128485807125,0.4209527339651376,0.52751282783021203,-0.27129984607640373,0.4517318229589487,-0.046613002504308776,-0.030779088993811099,-0.1570605840491372,0.39610871017443644,-0.29047486097710895,0.46933749405114444,0.055623090280170005,0.15219009191230271,-0.28987664680829822,0.46667981028391692
1296,0.234375,0.390625,-0.18650237438559158,0.41820321272371691,0.45790508053951728,-0.15094334989944236,0.4501649955030127,-0.035559024486149227,-0.031961782779295789,-0.086616388204042258,0.40988951609345226,-0.1399037943360216,0.44562701070499161,0.054069329183502435,0.064161640981074616,-0.14052463490235273,0.44333117434999619
1297,0.765625,0.140625,0.13931789515564821,-0.0072825747586430728,0.13950810659497681,0.17382632392390213,-0.031519558223320185,-0.034508428768253913,0.024236983464677113,0.11064431101528102,-0.14814370321120057,0.1188854894269905,-0.018964381488141432,0.023536095944863878,0.12944193363220144,0.11853510413413228,-0.022278167649524904
1298,0.734375,0.140625,0.14315421469994075,-0.041135177442389759,0.14894707788195652,0.17806920592772221,-0.05590145861184663,-0.034914991227781467,0.014766281169456871,0.090666077369060349,-0.16120058854537575,0.13057870941179922,-0.056472080431908746,0.019833404310959628,0.11207621785308243,0.12945562975104277,-0.059401039227844787
1299,0.765625,0.109375,0.088533457906584637,-0.003867616171451981,0.088617896746349553,0.12820713196810726,-0.019454133825678899,-0.039673674061522626,0.015586517654226917,0.092138374674749265,-0.1300528517496525,0.077243908998127997,-0.012321797764691783,0.014104151905304665,0.11866948293559632,0.077503820345046298,-0.015215441819032845
1300,0.734375,0.109375,0.094668613850647315,-0.030195035828028988,0.09936743247693848,0.13245001397192735,-0.043836034214205344,-0.037781400121280034,0.013640998386176356,0.072160141028528593,-0.14310973708382768,0.084841388091288009,-0.036691813802021446,0.011780598039521112,0.10717083755704787,0.084432320007170145,-0.039374953875618533
1301,0.859375,0.234375,0.1584774987022827,0.04056101048304378,0.1635857975691582,0.16518642083520155,-0.032730322659365346,-0.0067089221329188486,0.073291333142409126,0.15951229935204578,-0.14150792821521607,0.09991404676653147,0.067160930757831167,0.064321331308175592,0.21701300517793914,0.10177588589529113,0.0627061852263395
1302,0.859375,0.265625,0.1730925706110992,0.048276061125665466,0.17969868134899419,0.17702726659812057,-0.019396825811896796,-0.0039346959870213694,0.067672886937562265,0.16606396692188313,-0.14844287592005298,0.11807159492766987,0.07936619992915947,0.06319734564028022,0.23280945601264391,0.11982035473776306,0.074369739680779312
1303,0.890625,0.234375,0.098010507405017266,0.032360664516305475,0.10321468969931469,0.11668726118317313,-0.021068486407072443,-0.018676753778155863,0.053429150923377917,0.15729569245710226,-0.12120515175500648,0.052103497445616244,0.058341012430362445,0.0527487634087093,0.20809186184234588,0.055040363496066134,0.054815850935900884
1304,0.890625,0.265625,0.10763087342423751,0.044766542289733501,0.11656949953844159,0.12852810694609215,-0.0077349895596038921,-0.020897233521854644,0.052501531849337396,0.16384736002693961,-0.12814009945984339,0.061572353876216124,0.068943422974789795,0.052018350441117564,0.22204074332962653,0.064549881582340513,0.064935321302073482
1305,0.640625,0.265625,0.13916228971802327,-0.42983025958125942,0.45179663005743625,0.052369948325191887,-0.32201922542114231,0.086792341392831387,-0.10781103416011711,-0.072632795274360548,-0.32334530570088299,0.20704478302949197,-0.47298684225843241,0.080439564435377572,0.31719416335930894,0.20222630968730057,-0.47207480631156001
1306,0.640625,0.234375,0.10992440810414347,-0.35293280011203565,0.36965515942830879,0.026672521895399457,-0.24132356333442612,0.083251886208744019,-0.11160923677760953,-0.070696742893258266,-0.27256442022046412,0.17520456251181829,-0.40024892952714936,0.080624528912221591,0.27707541557635479,0.17106410072350789,-0.39974955444208798
1307,0.609375,0.265625,0.027100688940998405,-0.49919906827066779,0.49993415276752157,-0.043714804974710572,-0.37176116926436087,0.070815493915708974,-0.12743789900630692,-0.14492633836899849,-0.34237573146436434,0.089358791347160849,-0.54467268573965899,0.077096830031670893,0.30953768706763035,0.085376893904454035,-0.54233557729090109
1308,0.609375,0.234375,0.0099277174816828125,-0.41811330096354971,0.41823114663667987,-0.069412231404503005,-0.29106550717764468,0.079339948886185813,-0.12704779378590503,-0.1429902859878962,-0.29159484598394547,0.075616819296210322,-0.46091062146473344,0.078400693487241574,0.27650840549132866,0.072161492350171955,-0.45914604204462667
1309,0.734375,0.359375,0.42286070889029398,-0.25216567690111558,0.49234003263009168,0.44723882862962061,-0.1988276363354094,-0.024378119739326631,-0.05333804056570618,0.19482842235377817,-0.29566616947065794,0.47389852776546487,-0.2049494584307496,0.069528628939279968,0.29344445027362187,0.46786315999120082,-0.20924553520236769
1310,0.765625,0.359375,0.40110487328635913,-0.12930996074956144,0.42143348861133395,0.4291393659589271,-0.080416577012698207,-0.028034492672567968,-0.048893383736863236,0.22329437595093848,-0.2387633463609008,0.43146129002127076,-0.068825863785116959,0.067674500534454965,0.26872330025094576,0.42693690088353503,-0.07464082553683099
1311,0.734375,0.390625,0.45913944611659296,-0.25797334565617547,0.52664910334044279,0.48277703543119438,-0.20750571715005031,-0.023637589314601415,-0.050467628506125156,0.21168861846851983,-0.30547021649073103,0.50660702228177379,-0.2190950778923916,0.061357073686003946,0.30730689786537474,0.50010041258074545,-0.22349711213155277
1312,0.765625,0.390625,0.4385885074811996,-0.12898602268648962,0.45716219544387732,0.46467757276050087,-0.089094657827339108,-0.026089065279301271,-0.039891364859150513,0.24015457206568014,-0.24856739338097383,0.4612407647649539,-0.073576227536636868,0.059861257576148914,0.28195923947588714,0.4563150429036133,-0.079602407820347346
1313,0.859375,0.765625,0.15847749870228278,0.040561010483044176,0.16358579756915836,0.16518642083520188,-0.032730322659364715,-0.0067089221329190984,0.07329133314240889,0.15951229935204586,-0.14150792821521549,0.09991404676653147,0.067160930757831167,0.064321331308175508,0.21701300517793859,0.10177588589529009,0.062706185226339944
1314,0.859375,0.734375,0.17309257061109917,0.048276061125665688,0.17969868134899422,0.17702726659812085,-0.019396825811896234,-0.0039346959870216747,0.067672886937561919,0.16606396692188322,-0.1484428759200524,0.11807159492766987,0.07936619992915947,0.063197345640280081,0.23280945601264336,0.11982035473776192,0.074369739680779826
1315,0.890625,0.765625,0.098010507405017072,0.032360664516305704,0.10321468969931458,0.11668726118317328,-0.021068486407071936,-0.01867675377815621,0.05342915092337764,0.15729569245710218,-0.121205151755006,0.052103497445616244,0.058341012430362445,0.052748763408709015,0.2080918618423454,0.055040363496065087,0.054815850935901071
1316,0.890625,0.734375,0.10763087342423737,0.044766542289733618,0.11656949953844151,0.12852810694609226,-0.007734989559603455,-0.020897233521854894,0.052501531849337077,0.16384736002693953,-0.12814009945984292,0.061572353876216124,0.068943422974789795,0.052018350441117391,0.22204074332962609,0.064549881582339375,0.064935321302073731
1317,0.765625,0.859375,0.13931789515564905,-0.0072825747586423243,0.13950810659497762,0.17382632392390296,-0.031519558223319193,-0.034508428768253913,0.02423698346467687,0.11064431101528155,-0.1481437032111998,0.1188854894269905,-0.018964381488141432,0.023536095944864974,0.12944193363220063,0.1185351041341319,-0.02227816764952462
1318,0.734375,0.859375,0.1431542146999415,-0.041135177442389224,0.1489470778819571,0.17806920592772313,-0.055901458611845714,-0.034914991227781633,0.01476628116945649,0.09066607736906096,-0.16120058854537511,0.13057870941179922,-0.056472080431908746,0.019833404310960517,0.11207621785308161,0.12945562975104249,-0.0594010392278446
1319,0.765625,0.890625,0.088533457906585608,-0.0038676161714512858,0.088617896746350497,0.12820713196810804,-0.019454133825677906,-0.039673674061522432,0.01558651765422662,0.092138374674749779,-0.1300528517496517,0.077243908998127997,-0.012321797764691783,0.014104151905305859,0.11866948293559558,0.077503820345045979,-0.015215441819032793
1320,0.734375,0.890625,0.094668613850648259,-0.030195035828028519,0.09936743247693923,0.13245001397192821,-0.043836034214204428,-0.037781400121279951,0.013640998386175909,0.07216014102852919,-0.14310973708382704,0.084841388091288009,-0.036691813802021446,0.011780598039522156,0.10717083755704718,0.084432320007169867,-0.03937495387561861
1321,0.734375,0.640625,0.42286070889029403,-0.25216567690111541,0.49234003263009168,0.44723882862962111,-0.19882763633540873,-0.024378119739327075,-0.053338040565706679,0.19482842235377856,-0.29566616947065755,0.47389852776546487,-0.2049494584307496,0.069528628939279802,0.29344445027362143,0.46786315999120037,-0.20924553520236613
1322,0.765625,0.640625,0.40110487328635969,-0.12930996074956144,0.42143348861133445,0.4291393659589276,-0.080416577012697665,-0.028034492672567912,-0.048893383736863777,0.22329437595093882,-0.2387633463609003,0.43146129002127076,-0.068825863785116959,0.067674500534454715,0.26872330025094515,0.42693690088353448,-0.07464082553682963
1323,0.734375,0.609375,0.45913944611659313,-0.25797334565617536,0.5266491033404429,0.48277703543119477,-0.20750571715004978,-0.023637589314601637,-0.050467628506125572,0.21168861846852011,-0.30547021649073069,0.50660702228177379,-0.2190950778923916,0.061357073686003752,0.30730689786537441,0.50010041258074511,-0.22349711213155141
1324,0.765625,0.609375,0.43858850748119937,-0.12898602268648957,0.4571621954438771,0.46467757276050126,-0.089094657827338705,-0.026089065279301882,-0.03989136485915086,0.24015457206568036,-0.24856739338097344,0.4612407647649539,-0.073576227536636868,0.059861257576148949,0.28195923947588669,0.45631504290361302,-0.079602407820346166
1325,0.640625,0.734375,0.13916228971802394,-0.42983025958125903,0.45179663005743609,0.052369948325192275,-0.32201922542114192,0.086792341392831665,-0.10781103416011711,-0.07263279527436034,-0.32334530570088288,0.20704478302949197,-0.47298684225843241,0.080439564435377212,0.31719416335930878,0.2022263096873001,-0.47207480631155857
1326,0.640625,0.765625,0.10992440810414428,-0.35293280011203587,0.36965515942830923,0.02667252189539996,-0.24132356333442584,0.083251886208744325,-0.11160923677761003,-0.070696742893258016,-0.27256442022046401,0.17520456251181829,-0.40024892952714936,0.0806245289122208,0.27707541557635468,0.17106410072350725,-0.39974955444208687
1327,0.609375,0.734375,0.027100688940998523,-0.49919906827066796,0.49993415276752173,-0.04371480497471035,-0.3717611692643607,0.070815493915708877,-0.12743789900630725,-0.14492633836899843,-0.3423757314643644,0.089358791347160849,-0.54467268573965899,0.077096830031670699,0.3095376870676303,0.085376893904453563,-0.54233557729089965
1328,0.609375,0.765625,0.0099277174816831144,-0.41811330096355021,0.41823114663668037,-0.069412231404502658,-0.29106550717764462,0.079339948886185771,-0.12704779378590558,-0.14299028598789609,-0.29159484598394558,0.075616819296210322,-0.46091062146473344,0.078400693487241047,0.27650840549132849,0.072161492350171247,-0.45914604204462572
1329,0.140625,0.765625,0.019149311455881945,0.1588062047333709,0.15995657782989633,-0.053707058752861539,0.15797252864333794,0.072856370208743484,0.00083367609003295873,-0.053811904208449383,0.16052277999985021,0.05190872351367648,0.10862270381786453,0.059929649110511254,0.11777295544247944,0.050698129197826319,0.10864799050678954
1330,0.140625,0.734375,0.024871428652650587,0.17536569781717012,0.17712062537752885,-0.041849202678834602,0.17182365852088835,0.066720631331485189,0.0035420392962817737,-0.047737169135125226,0.17766020953473721,0.061342183349261101,0.12836289090661954,0.059492686992695498,0.11970184109835218,0.059973309704433618,0.12843992390240741
1331,0.109375,0.765625,0.018749803464366305,0.095428569606429633,0.097253108058722462,-0.035522789689423191,0.11086171021110844,0.054272593153789496,-0.015433140604678805,-0.050726371506390158,0.12317062029366627,0.050139101124452135,0.060037644156787216,0.047305450127608097,0.11899418576108219,0.049206401154321844,0.060469076313246918
1332,0.109375,0.734375,0.029348846763262729,0.10849269112558674,0.11239225433278507,-0.023664933615396254,0.12471284008865885,0.053013780378658983,-0.016220148963072112,-0.044651636433066001,0.14030804982855324,0.059250964499886843,0.070948386445161021,0.047996994271220429,0.12492603165589601,0.0582067656165422,0.071497117876625937
1333,0.234375,0.859375,-0.023966384192194188,0.13779726781187562,0.13986591646167992,-0.053302339093764313,0.16770327364860999,0.029335954901570125,-0.029906005836734362,-0.030236126180402813,0.16285703724667289,-0.036060409948385212,0.11486102122076589,0.025929459436702589,0.04834811098449561,-0.036355273646447861,0.11404032447096014
1334,0.265625,0.859375,-0.058043958554729755,0.13660088779101204,0.14842137201224037,-0.078111394063058032,0.16889137540607713,0.020067435508328277,-0.032290487615065089,-0.041216983276168885,0.15571405580237027,-0.074870325113389743,0.12097243337791629,0.02296465107308629,0.048368664913311016,-0.074784063327011249,0.12006700744490295
1335,0.234375,0.890625,-0.012962134458051932,0.088712098499371408,0.089654076036010721,-0.034983163477293557,0.1238360368848045,0.022021029019241627,-0.035123938385433096,-0.019292000802328072,0.12628296328942984,-0.02342966360246046,0.074629076377378437,0.017547098862136311,0.051819342784047297,-0.02368078154254824,0.074040904380292857
1336,0.265625,0.890625,-0.040183094929630903,0.089270924397461343,0.097897799060555943,-0.059792218446587275,0.12502413864227166,0.019609123516956373,-0.035753214244810316,-0.030272857898094141,0.11913998184512721,-0.048645773404251649,0.07859986681439711,0.013619412502229382,0.044509155809802005,-0.048626732353816454,0.077967064732397867
1337,0.265625,0.640625,-0.30695805525665165,0.38556001980154975,0.4928283439051746,-0.25766451106883059,0.41747960253758948,-0.049293544187821059,-0.031919582736039731,-0.14965492880845241,0.36606550331439591,-0.27172068865118543,0.43903526337671128,0.064041187377428296,0.14221334539886069,-0.27116470496453754,0.43651109125776177
1338,0.234375,0.640625,-0.181499534783363,0.3807514291690125,0.4217982123490126,-0.13730801489186914,0.41591277508165347,-0.044191519891493863,-0.035161345912640973,-0.0792107329633574,0.37984630923341167,-0.13087106820198594,0.41685561987366532,0.062183230977648253,0.06354903076392493,-0.13146241117657723,0.4146702576996994
1339,0.265625,0.609375,-0.31791284858071273,0.42095273396513744,0.52751282783021203,-0.27129984607640378,0.45173182295894837,-0.046613002504308942,-0.030779088993810932,-0.15706058404913725,0.39610871017443672,-0.29047486097710895,0.46933749405114444,0.055623090280170262,0.15219009191230254,-0.28987664680829706,0.46667981028391753
1340,0.234375,0.609375,-0.18650237438559192,0.41820321272371713,0.45790508053951762,-0.1509433498994423,0.45016499550301237,-0.035559024486149615,-0.031961782779295234,-0.08661638820404223,0.40988951609345248,-0.1399037943360216,0.44562701070499161,0.054069329183502615,0.064161640981074519,-0.14052463490235192,0.44333117434999669
1341,0.359375,0.734375,-0.44403603159120747,0.079577082679443356,0.45111030739613872,-0.32516236058994596,0.0079022178843093649,-0.1188736710012615,0.071674864795133991,-0.25294949558155794,0.022685980748857713,-0.49807845586342092,0.1360218619709454,0.078144716587139174,0.27006152843612197,-0.49517713258077628,0.13548545529547246
1342,0.359375,0.765625,-0.36334818603309976,0.061813511223682165,0.36856860211274695,-0.24147277545630513,-0.006327637691709867,-0.12187541057679463,0.068141148915392025,-0.19956089190555315,0.012186375688683859,-0.42148184889875889,0.11510384598904762,0.078863061933853632,0.24462403161955804,-0.41900796152647901,0.11461878375352305
1343,0.390625,0.734375,-0.49729390726078199,-0.041329732774582892,0.49900839372691286,-0.36129697877122424,-0.094371356578758475,-0.13599692848955774,0.053041623804175583,-0.29478667307994461,-0.061730653246280805,-0.55187812050914609,0.0091579629378629561,0.074353505326214514,0.26668559812210468,-0.54865643807554021,0.0096819636956191387
1344,0.390625,0.765625,-0.41414090946389703,-0.046528233432973437,0.41674640898030185,-0.27760739363758341,-0.10860121215477771,-0.13653351582631362,0.06207297872180427,-0.24139806940393982,-0.072230258306454659,-0.46700797406654038,0.0077496127482679627,0.075769460244709194,0.23936710061284064,-0.464266514692389,0.0081726459794407898
1345,0.046875,0.046875,0.001635153939813568,-0.0014158939560384729,0.0021629803747685995,0.0078825658166779625,0.004667386318046537,-0.0062474118768643949,-0.0060832802740850098,-0.028392949721960659,0.010109403325379749,0.00094912730416141819,0.00037360173085458561,0.0019164882880500643,0.030915098526364745,0.00084623498037104375,0.00034571043184035329
1346,0.078125,0.078125,0.014012354428208352,-0.0015575202677601469,0.014098650503016728,0.01586665665578945,0.012350451117059661,-0.0018543022275810984,-0.013907971384819808,-0.024587358565518483,0.030514824125797022,0.0055858509294528557,0.0040301045352948177,0.010110762194525873,0.040148012939807617,0.0053465310516326451,0.0040724225557478982
1347,0.078125,0.046875,0.008383139446557563,-9.9874422203381698e-05,0.0083837343636734996,0.010750549873042529,0.0039888156143828343,-0.0023674104264849657,-0.0040886900365862157,-0.021858818834775032,0.013946083167199471,0.002149549690048224,0.0015508666565066148,0.0064484561998511556,0.027019310716054117,0.0019709324306599269,0.0015331948811005542
1348,0.046875,0.078125,0.0081750378001120023,-0.0050585579673933963,0.009613545222379687,0.010615643320010092,0.00074523394595890288,-0.0024406055198980901,-0.0058037919133522992,-0.029717411510790603,0.013167997418258613,0.002466415946867551,0.00097084686397385159,0.008303137123030959,0.034417571550999934,0.0023498319826172993,0.00099422715050214035
1349,0.953125,0.046875,0.00055014217777881846,0.0023171157905723678,0.0023815293411358655,0.0055554151235664012,0.0094515215558657901,-0.0050052729457875826,-0.0071344057652934223,0.09550230832500943,0.018303530781707135,0.00023152789852958885,0.00099338598993781667,0.0013615342977793452,0.096830587707513946,0.0023774193920255548,0.0020094345165349438
1350,0.921875,0.078125,-0.0023493956527895318,0.012398764241921283,0.012619390423474987,0.012207389933023251,0.017462849004307401,-0.014556785585812783,-0.0050640847623861177,0.10106519843144433,-0.019903288496878259,0.0031744756576629536,0.0061127880276007074,0.0083681928288874951,0.10128884362505511,0.0058011130488106587,0.0060426768031086615
1351,0.921875,0.046875,-0.0033594690969568808,0.0083050036921758583,0.0089587453887507544,0.0044762888073682748,0.011637513735840186,-0.0078357579043251552,-0.0033325100436643277,0.087885329387092218,-0.00059513313619298513,0.0012216031634527393,0.0023523258633303084,0.0075113644825107427,0.086713833714810507,0.0036141329151086489,0.0027710556584389758
1352,0.953125,0.078125,-0.0022099877638301268,0.0056164441984663778,0.0060356019874379984,0.001596321111134745,0.011233925590491802,-0.0038063088749648718,-0.005617481392025424,0.10417465883268047,0.0016167918624685196,0.00060165174742564636,0.00258142720816801,0.0041372267127454312,0.10357749909141666,0.0030856601749948325,0.00321642771598739
1353,0.953125,0.953125,0.00055014217777835648,0.0023171157905725707,0.0023815293411359561,0.0055554151235659953,0.0094515215558660607,-0.005005272945787639,-0.00713440576529349,0.095502308325009,0.018303530781707406,0.00023152789852958885,0.00099338598993781667,0.0013615342977794343,0.096830587707513571,0.0023774193920253462,0.002009434516534475
1354,0.921875,0.921875,-0.0023493956527898107,0.012398764241921795,0.012619390423475541,0.012207389933023031,0.017462849004307852,-0.014556785585812842,-0.005064084762386057,0.10106519843144404,-0.019903288496877808,0.0031744756576629536,0.0061127880276007074,0.0083681928288880623,0.10128884362505472,0.0058011130488102242,0.0060426768031083128
1355,0.953125,0.921875,-0.0022099877638304417,0.0056164441984666936,0.0060356019874384078,0.0015963211111343616,0.011233925590492079,-0.0038063088749648033,-0.0056174813920253858,0.10417465883268004,0.001616791862468811,0.00060165174742564636,0.00258142720816801,0.004137226712745877,0.10357749909141623,0.0030856601749944803,0.003216427715986926
1356,0.921875,0.953125,-0.0033594690969571111,0.0083050036921763926,0.0089587453887513373,0.0044762888073680545,0.011637513735840585,-0.0078357579043251656,-0.0033325100436641924,0.087885329387091926,-0.0005951331361926139,0.0012216031634527393,0.0023523258633303084,0.0075113644825113056,0.086713833714810201,0.0036141329151083588,0.0027710556584385881
1357,0.046875,0.953125,0.0016351539398137404,-0.001415893956038155,0.0021629803747685214,0.0078825658166782435,0.0046673863180468431,-0.0062474118768645033,-0.0060832802740849977,-0.028392949721960652,0.010109403325379825,0.00094912730416141819,0.00037360173085458561,0.0019164882880498293,0.030915098526364763,0.0008462349803709234,0.00034571043183967827
1358,0.078125,0.921875,0.014012354428208862,-0.0015575202677599275,0.01409865050301721,0.015866656655789953,0.012350451117059852,-0.0018543022275810915,-0.013907971384819778,-0.024587358565518476,0.030514824125797133,0.0055858509294528557,0.0040301045352948177,0.010110762194526177,0.04014801293980768,0.0053465310516322235,0.0040724225557473058
1359,0.046875,0.921875,0.0081750378001123562,-0.0050585579673930597,0.0096135452223798101,0.010615643320010429,0.00074523394595914574,-0.0024406055198980727,-0.0058037919133522055,-0.029717411510790603,0.013167997418258668,0.002466415946867551,0.00097084686397385159,0.0083031371230309573,0.034417571550999955,0.0023498319826170603,0.00099422715050149981
1360,0.078125,0.953125,0.0083831394465578267,-9.987442220300998e-05,0.0083837343636737598,0.010750549873042836,0.003988815614383163,-0.0023674104264850091,-0.0040886900365861732,-0.021858818834775081,0.013946083167199561,0.002149549690048224,0.0015508666565066148,0.0064484561998513152,0.0270193107160542,0.0019709324306596177,0.0015331948810998824
1361,0.453125,0.453125,-0.80011715066616218,-0.48354540081914349,0.93488160183174218,-0.78744823311080003,-0.48829041748929369,-0.012668917555362147,0.0047450166701502039,-0.64075430309692882,-0.36193764209635693,-0.85469639572006872,-0.44867237374221552,0.064768989556442308,0.23085522014814236,-0.85062319577805101,-0.44404723990771588
1362,0.421875,0.421875,-0.82989368782034945,-0.22027803200814852,0.85863027227639865,-0.80852747103008704,-0.23408676770018771,-0.021366216790262405,0.013808735692039192,-0.59798644506016596,-0.18197220755645716,-0.88129876858933276,-0.2095203162665204,0.052518670745206143,0.28464850422406357,-0.87649796818069059,-0.20675091780547813
1363,0.453125,0.421875,-0.77561949489450255,-0.43296432261250839,0.88828132115659819,-0.74506706712844939,-0.4395329907306596,-0.030552427766053158,0.0065686681181512108,-0.60315088087427349,-0.32952013903856253,-0.82796268545708385,-0.43463852815366044,0.052369958587578855,0.24817377623337411,-0.82401584672171135,-0.4301738742290655
1364,0.421875,0.453125,-0.83799243418073521,-0.27341404999159163,0.88146841263709408,-0.72256778395474441,-0.30300719584623298,-0.1154246502259908,0.029593145854641345,-0.56871935861657175,-0.21506029818338324,-0.90975462336204604,-0.21628542238502366,0.091725088652473738,0.34103746528691709,-0.90480310190595048,-0.21341137576089278
1365,0.546875,0.453125,-0.36780172331359706,-0.8597742210951449,0.93514160367947208,-0.3742529277888777,-0.84767517996745956,0.0064512044752806363,-0.012099041127685339,-0.46528058933035327,-0.61539700266569497,-0.31953935852057891,-0.91088277301341447,0.070294665050747732,0.32947283171140707,-0.3213762373435548,-0.90397449804671415
1366,0.578125,0.421875,-0.1032474324682682,-0.85232159835213128,0.85855235095410543,-0.11986862882688315,-0.83306137183046425,0.016621196358614948,-0.019260226521667034,-0.3055302554492067,-0.60440447517202056,-0.07906165210818368,-0.90240541754325787,0.055617811143515078,0.37428944675662329,-0.083085392900830529,-0.8964553415051002
1367,0.546875,0.421875,-0.32113352146633994,-0.82826900686598548,0.88834468892662277,-0.33187176180652705,-0.79891775320882552,0.010738240340187111,-0.029351253657159959,-0.42767716710769793,-0.58297949960790052,-0.30954461340279676,-0.88239163129429066,0.055349446836555037,0.32187408228347553,-0.31133435619796151,-0.87573226519239822
1368,0.578125,0.453125,-0.15482936098564493,-0.86798683086218631,0.88168773926680233,-0.20024880170505083,-0.75785389018024785,0.045419440719405901,-0.11013294068193846,-0.3385234278983183,-0.57375312086449215,-0.081614437804324369,-0.93154277529632012,0.096952478304380516,0.44047209447314906,-0.085755936933623308,-0.92535621389682932
1369,0.546875,0.546875,-0.36780172331359734,-0.85977422109514468,0.93514160367947208,-0.37425292778887781,-0.84767517996745922,0.0064512044752804698,-0.01209904112768545,-0.46528058933035321,-0.61539700266569497,-0.31953935852057891,-0.91088277301341447,0.070294665050748079,0.32947283171140701,-0.32137623734355386,-0.90397449804671226
1370,0.578125,0.578125,-0.10324743246826873,-0.8523215983521315,0.85855235095410576,-0.11986862882688326,-0.83306137183046358,0.016621196358614532,-0.019260226521667922,-0.30553025544920653,-0.60440447517202056,-0.07906165210818368,-0.90240541754325787,0.055617811143515106,0.37428944675662318,-0.083085392900830016,-0.89645534150509831
1371,0.578125,0.546875,-0.15482936098564531,-0.86798683086218575,0.88168773926680188,-0.20024880170505094,-0.75785389018024751,0.045419440719405624,-0.11013294068193824,-0.33852342789831824,-0.57375312086449226,-0.081614437804324369,-0.93154277529632012,0.096952478304381182,0.44047209447314895,-0.085755936933622962,-0.92535621389682798
1372,0.546875,0.578125,-0.32113352146634078,-0.82826900686598559,0.88834468892662311,-0.33187176180652722,-0.79891775320882519,0.010738240340186445,-0.029351253657160403,-0.42767716710769788,-0.58297949960790074,-0.30954461340279676,-0.88239163129429066,0.055349446836555106,0.3218740822834753,-0.31133435619796063,-0.87573226519239566
1373,0.453125,0.546875,-0.80011715066616207,-0.48354540081914349,0.93488160183174218,-0.78744823311080048,-0.48829041748929392,-0.012668917555361592,0.0047450166701504259,-0.64075430309692893,-0.36193764209635676,-0.85469639572006872,-0.44867237374221552,0.064768989556442405,0.23085522014814233,-0.8506231957780499,-0.44404723990771439
1374,0.421875,0.578125,-0.82989368782035045,-0.22027803200814827,0.85863027227639954,-0.80852747103008782,-0.2340867677001881,-0.021366216790262627,0.013808735692039831,-0.59798644506016618,-0.18197220755645691,-0.88129876858933276,-0.2095203162665204,0.052518670745205116,0.2846485042240634,-0.87649796818068904,-0.20675091780547658
1375,0.421875,0.546875,-0.83799243418073543,-0.27341404999159186,0.88146841263709441,-0.72256778395474486,-0.3030071958462332,-0.11542465022599058,0.029593145854641345,-0.56871935861657175,-0.2150602981833831,-0.90975462336204604,-0.21628542238502366,0.091725088652473696,0.34103746528691709,-0.90480310190594937,-0.21341137576089167
1376,0.453125,0.578125,-0.77561949489450277,-0.4329643226125085,0.88828132115659841,-0.74506706712844983,-0.43953299073065993,-0.030552427766052936,0.0065686681181514328,-0.6031508808742736,-0.32952013903856242,-0.82796268545708385,-0.43463852815366044,0.052369958587578626,0.24817377623337405,-0.82401584672170991,-0.43017387422906372
1377,0.453125,0.046875,-0.056978321041752739,-0.0031757394810556657,0.057066753806297575,-0.051290438862387516,0.02761518763404635,-0.0056878821793652223,-0.030790927115102014,-0.039679442922697435,-0.0052112408116892946,-0.02778318095199532,-0.014584764613800923,0.031345207916684388,0.015145428265464354,-0.028164478515949259,-0.014406299364716157
1378,0.421875,0.078125,-0.10304412069796158,-0.0068271842415239467,0.10327004045261039,-0.099026122053389357,0.02992105753055458,-0.0040179986445722238,-0.036748241772078527,-0.066497997192411742,-0.0015351029782126762,-0.076848645779399705,-0.018270027307681996,0.028585688091171176,0.019677236047889957,-0.076646172637369184,-0.017945008206454355
1379,0.421875,0.046875,-0.070895636396973355,0.0060317321530819193,0.071151760715377765,-0.05147328685178601,0.023059917721662999,-0.019422349545187345,-0.017028185568581079,-0.037476527652824054,-0.0025962210090373149,-0.029572930749857129,-0.0070306802011716445,0.043338119692838163,0.0090626305414759703,-0.029789650152359487,-0.0067959839907277145
1380,0.453125,0.078125,-0.091913628437731792,-0.030986848885313254,0.096996391151581804,-0.10592708064953499,-0.035346419977599158,0.014013452211803196,0.0043595710922859042,-0.09025783052928546,-0.050438781046932675,-0.072197776056239144,-0.037900180373138206,0.02089279750031961,0.021985951751659044,-0.072195401620126137,-0.037495690796040149
1381,0.546875,0.046875,0.015525900729177968,-0.043344992030006128,0.046041741143592559,0.033743831769235538,-0.046993021855913156,-0.018217931040057568,0.0036480298259070273,-0.018563383040829488,-0.074829129759249324,-0.010387103377898679,-0.029609602936684933,0.029328223529533768,0.045952770919532981,-0.011163575728923895,-0.030138771111848584
1382,0.578125,0.078125,0.01562991382035513,-0.094495366356234248,0.095779269515019042,0.042697662332649058,-0.094425958286044595,-0.027067748512293929,-6.9408070189652671e-05,-0.031304564055965156,-0.11756491789081271,-0.0068941216238407425,-0.078689131034640258,0.027516708519243312,0.045904210083810508,-0.0078420556682096392,-0.079120475195395015
1383,0.578125,0.046875,0.033450727259322029,-0.052786157982619625,0.062492636596191295,0.029572751326195645,-0.048147261226698837,0.003877975933126384,-0.0046388967559207878,-0.015354163893311321,-0.082935392769463254,-0.0026529990124769046,-0.030281187121161363,0.042543539629232428,0.054164425241885548,-0.0034195952165063763,-0.031187726693799215
1384,0.546875,0.078125,-0.013265764927125652,-0.087771648075647121,0.088768478217309807,-0.020892810017911944,-0.10995462946755866,0.0076270450907862924,0.022182981391911535,-0.069141770647417528,-0.1200566699944927,-0.026992077143588419,-0.076943942654752503,0.017482873097562818,0.060293481580826924,-0.027770786082166543,-0.076988117657199914
1385,0.046875,0.453125,0.032376831909384417,0.012547440028367888,0.034723155037438946,0.066943571655828232,0.009774480459903076,-0.034566739746443816,0.0027729595684648119,-0.015709005125021151,0.085571796352324855,0.029198085249774464,0.011493142320453446,0.0033490258259522396,0.086627326803404014,0.029359490671475631,0.0126970578666179
1386,0.078125,0.421875,0.077753471882625533,0.061851149285210134,0.09935374707429806,0.089248399596166261,0.059738323210335086,-0.011494927713540729,0.0021128260748750488,0.0024621604272824747,0.13063203445360252,0.064058429341509682,0.046217160084214462,0.020784027726593858,0.10449866678074587,0.063382480542642131,0.047559048303990305
1387,0.046875,0.421875,0.057153209165063806,0.019153162855235013,0.060277134679948809,0.06497916163574656,0.013141587185974413,-0.0078259524706827538,0.0060115756692606,-0.015925414789244516,0.083820369560746899,0.028284809898187449,0.011133652870930972,0.029961592357886115,0.085075864674176452,0.028435278973880443,0.012287048466316267
1388,0.078125,0.453125,0.048136762545296079,0.071141463975738436,0.085896774124256309,0.033159557564735098,0.094504626039562806,0.014977204980560981,-0.023363162063824369,-0.026416602731988571,0.1512157361269717,0.066126782807188381,0.047709444928171259,0.029541502088906154,0.13884462728094171,0.065437543776645971,0.049108424204779344
1389,0.046875,0.546875,0.032376831909384785,0.012547440028367914,0.0347231550374393,0.066943571655828121,0.0097744804599029303,-0.034566739746443337,0.0027729595684649836,-0.015709005125021103,0.085571796352324841,0.029198085249774464,0.011493142320453446,0.0033490258259525969,0.086627326803403973,0.029359490671475579,0.012697057866617767
1390,0.078125,0.578125,0.077753471882625533,0.061851149285209982,0.099353747074297963,0.089248399596166067,0.059738323210334836,-0.011494927713540534,0.002112826074875146,0.0024621604272825511,0.1306320344536025,0.064058429341509682,0.046217160084214462,0.020784027726593744,0.10449866678074582,0.063382480542642061,0.047559048303990152
1391,0.046875,0.578125,0.057153209165064056,0.019153162855234933,0.060277134679949024,0.064979161635746491,0.013141587185974267,-0.0078259524706824346,0.0060115756692606659,-0.015925414789244474,0.083820369560746871,0.028284809898187449,0.011133652870930972,0.029961592357886334,0.085075864674176396,0.028435278973880356,0.012287048466316057
1392,0.078125,0.546875,0.048136762545296113,0.071141463975738464,0.08589677412425635,0.033159557564734973,0.094504626039562653,0.01497720498056114,-0.023363162063824189,-0.02641660273198853,0.15121573612697167,0.066126782807188381,0.047709444928171259,0.029541502088906154,0.13884462728094166,0.065437543776645929,0.049108424204779205
1393,0.953125,0.453125,0.013164133335008736,0.032642712592081256,0.035197174486471333,0.0036253642936363017,0.06472609522878181,0.009538769041372434,-0.032083382636700554,0.1698250965474869,-0.12786776118417781,0.0071225127433678422,0.030559619023670073,0.006390653971863545,0.2270932970742606,0.011947122474689913,0.028205198456027442
1394,0.921875,0.421875,0.051938582566433779,0.083847717264673355,0.098630908185552368,0.048940065876406064,0.09329478311995637,0.0029985166900277152,-0.0094470658552830156,0.16662420758841034,-0.12979789633188726,0.036404824829914223,0.070101333689555109,0.020742726214535104,0.23857239951253634,0.040654167967361515,0.066048859021600279
1395,0.953125,0.421875,0.0089471692992033666,0.057894889310537496,0.05858216492028949,0.0071567879049420843,0.063453682637305747,0.0017903813942612822,-0.0055587933267682507,0.16756388995256485,-0.11948121033314156,0.0068997304864411657,0.029603756796080231,0.028365122679843747,0.21917869321828973,0.011670580782084853,0.02733190461823715
1396,0.921875,0.453125,0.070001994191860789,0.057286530954541011,0.090454551127308658,0.091194154358544263,0.043113765570371942,-0.021192160166683474,0.014172765384169068,0.18664069296224997,-0.14958803381342417,0.037580283647409549,0.072364803743004177,0.035756420750845432,0.26736130558564014,0.041865523385097331,0.068196506562462747
1397,0.953125,0.546875,0.013164133335008633,0.032642712592081083,0.035197174486471132,0.0036253642936362046,0.06472609522878188,0.0095387690413724288,-0.032083382636700797,0.16982509654748684,-0.12786776118417759,0.0071225127433678422,0.030559619023670073,0.0063906539718633915,0.2270932970742604,0.011947122474689618,0.028205198456027359
1398,0.921875,0.578125,0.051938582566433467,0.083847717264673063,0.098630908185551952,0.048940065876405911,0.093294783119956481,0.0029985166900275556,-0.009447065855283418,0.16662420758841023,-0.12979789633188693,0.036404824829914223,0.070101333689555109,0.020742726214534678,0.238572399512536,0.040654167967361023,0.06604885902160032
1399,0.953125,0.578125,0.0089471692992030821,0.057894889310537316,0.058582164920289267,0.0071567879049419247,0.06345368263730583,0.0017903813942611573,-0.0055587933267685144,0.16756388995256472,-0.11948121033314131,0.0068997304864411657,0.029603756796080231,0.028365122679843546,0.21917869321828945,0.011670580782084399,0.027331904618237063
1400,0.921875,0.546875,0.070001994191860692,0.0572865309545409,0.090454551127308519,0.091194154358544166,0.043113765570372012,-0.021192160166683474,0.014172765384168888,0.18664069296224994,-0.14958803381342395,0.037580283647409549,0.072364803743004177,0.03575642075084539,0.26736130558563992,0.041865523385096998,0.068196506562462775
1401,0.546875,0.953125,0.015525900729178196,-0.043344992030006503,0.046041741143592989,0.033743831769235788,-0.046993021855913655,-0.018217931040057592,0.0036480298259071522,-0.018563383040829187,-0.074829129759250171,-0.010387103377898679,-0.029609602936684933,0.029328223529534143,0.045952770919533759,-0.011163575728925151,-0.030138771111850423
1402,0.578125,0.921875,0.015629913820355414,-0.09449536635623447,0.095779269515019305,0.042697662332649496,-0.094425958286044845,-0.027067748512294081,-6.9408070189624915e-05,-0.031304564055964747,-0.1175649178908134,-0.0068941216238407425,-0.078689131034640258,0.02751670851924367,0.045904210083810883,-0.0078420556682108188,-0.079120475195396348
1403,0.578125,0.953125,0.033450727259322396,-0.05278615798261975,0.062492636596191593,0.029572751326196002,-0.048147261226699101,0.0038779759331263944,-0.004638896755920649,-0.015354163893310969,-0.082935392769463878,-0.0026529990124769046,-0.030281187121161363,0.042543539629232803,0.054164425241886076,-0.0034195952165072705,-0.031187726693800901
1404,0.546875,0.921875,-0.01326576492712509,-0.087771648075647413,0.088768478217310015,-0.020892810017911725,-0.10995462946755916,0.0076270450907866359,0.022182981391911744,-0.069141770647417292,-0.12005666999449351,-0.026992077143588419,-0.076943942654752503,0.017482873097563439,0.060293481580827334,-0.027770786082168125,-0.076988117657201413
1405,0.453125,0.953125,-0.056978321041752641,-0.0031757394810562078,0.057066753806297506,-0.051290438862387586,0.027615187634045687,-0.0056878821793650558,-0.030790927115101896,-0.03967944292269758,-0.0052112408116900578,-0.02778318095199532,-0.014584764613800923,0.031345207916684104,0.015145428265463997,-0.028164478515951507,-0.014406299364717861
1406,0.421875,0.921875,-0.10304412069796151,-0.0068271842415245088,0.10327004045261036,-0.099026122053389454,0.02992105753055407,-0.0040179986445720572,-0.036748241772078583,-0.066497997192412062,-0.0015351029782132118,-0.076848645779399705,-0.018270027307681996,0.028585688091170888,0.019677236047889336,-0.076646172637372015,-0.017945008206455303
1407,0.421875,0.953125,-0.070895636396973091,0.006031732153081476,0.071151760715377474,-0.051473286851786058,0.023059917721662535,-0.019422349545187033,-0.017028185568581058,-0.037476527652824262,-0.0025962210090379224,-0.029572930749857129,-0.0070306802011716445,0.043338119692837782,0.0090626305414758541,-0.029789650152361985,-0.0067959839907292489
1408,0.453125,0.921875,-0.09191362843773157,-0.030986848885313893,0.096996391151581804,-0.1059270806495351,-0.035346419977599811,0.014013452211803529,0.0043595710922859181,-0.090257830529285682,-0.05043878104693339,-0.072197776056239144,-0.037900180373138206,0.02089279750031919,0.021985951751659634,-0.072195401620128719,-0.037495690796041301
1409,0.203125,0.203125,-0.014387611241944698,0.22190853571476754,0.22237446251834223,-0.069373391983853033,0.22061071661875628,0.054985780741908338,0.0012978190960112601,-0.050442922176406529,0.21216317232069332,-0.0095207316020975083,0.17547529755561464,0.046687601388092026,0.05496022048880593,-0.010358609889463327,0.17454927799854436
1410,0.171875,0.171875,0.0095675068042488983,0.13554384816943246,0.13588109494343761,-0.030486918024529155,0.14191644929748551,0.040054424828778051,-0.0063726011280530459,-0.037817342038186014,0.15174708552298516,0.020440923417072755,0.10306140363310627,0.034254056575704156,0.075923126351184186,0.019548294589016597,0.10264978007229721
1411,0.203125,0.171875,-0.0079761957580458658,0.17128963680362924,0.17147524420478277,-0.051054216367382277,0.17674347985495062,0.043078020609336409,-0.0054538430513213776,-0.03949879679833173,0.17558909836345032,-0.007361738301621179,0.13568318832965998,0.035611749899368668,0.051237410009152148,-0.0080686996607268278,0.1349090424394562
1412,0.171875,0.203125,0.0091929376771310058,0.18152700761658208,0.18175963412530921,-0.051189122920414713,0.1734998981865267,0.060382060597545723,0.0080271094300553847,-0.047357389474347304,0.17481101261450946,0.026435678311211169,0.13328644979272908,0.051229518089970984,0.084674117478388947,0.025371266271065653,0.13281779418502185
1413,0.296875,0.296875,-0.34724082579824517,0.28501443314349562,0.44923203158407504,-0.39486931229265582,0.26686458861921569,0.047628486494410649,0.018149844524279923,-0.24355130449171897,0.22223304316830689,-0.35007819943928103,0.33715294374001431,0.052215658345003538,0.15669895626512656,-0.3485559187463862,0.33510350679678641
1414,0.328125,0.328125,-0.54108460742610898,0.25944774712866847,0.60007140065462872,-0.5729801185392005,0.21900623596491786,0.031895511113091524,0.04044151116375061,-0.35966464589704006,0.16853020360234111,-0.52580455977835505,0.2986813113359334,0.042104066508155832,0.21104924029423064,-0.52299132493416856,0.29704976922810172
1415,0.328125,0.296875,-0.45370314107906351,0.21897555234963109,0.50378252525453349,-0.43100393047393404,0.16459101415614788,-0.022699210605129472,0.054384538193483212,-0.28538848199010558,0.13781640917316856,-0.4713907723755465,0.26777176315119244,0.051903010408556625,0.22690360520754926,-0.4688563585697198,0.26626696827974095
1416,0.296875,0.328125,-0.41353997183503122,0.3209146093098138,0.52345152093941694,-0.40850464730022895,0.30111680904057447,-0.0050353245348022657,0.01979780026923933,-0.25095695973240378,0.25227625002834786,-0.3904885804542727,0.37607133094230888,0.059779851002101522,0.18653229007269931,-0.38879486762349552,0.37383889217496202
1417,0.296875,0.203125,-0.16863188823878186,0.19395057219472883,0.25700882900328492,-0.14380055689173382,0.22417502189115787,-0.024831331347048041,-0.03022444969642904,-0.08338549346370451,0.19073422798778558,-0.21050377764006065,0.20273175654301065,0.042782757281309397,0.12768319726328234,-0.20958348554556341,0.20136821843138544
1418,0.328125,0.171875,-0.18334666694270943,0.11610722390252563,0.21701817371213877,-0.15453219287099715,0.14785695808482149,-0.028814474071712282,-0.031749734182295861,-0.092721627517015986,0.11603217830147224,-0.21917244722403764,0.12450008796647948,0.036795742959777472,0.12673403370315497,-0.21795848495146744,0.1236860301277358
1419,0.296875,0.171875,-0.13131023881037857,0.16008792156430474,0.20705197764623653,-0.12548138127526309,0.18030778512735221,-0.0058288575351154726,-0.020219863563047474,-0.072441368085629704,0.15416015403054259,-0.16276834462462678,0.1567587659722304,0.031633774646359809,0.090364348471617992,-0.16205988961306927,0.15565542129755866
1420,0.328125,0.203125,-0.23324378539443327,0.13512816043173073,0.2695594241847018,-0.17993517507301204,0.12190144742809006,-0.053308610321421229,0.013226713003640672,-0.12522267096209111,0.10631759399264722,-0.2834496363631156,0.16101250457454466,0.056485633068888992,0.16741357717813318,-0.28189212927608792,0.16000253867320088
1421,0.203125,0.296875,-0.057268255851816108,0.29625508549930857,0.3017395048920703,-0.033799823761771798,0.26216410625140768,-0.02346843209004431,0.034090979247900888,-0.0322187169564341,0.26357546092535433,-0.015833447807792021,0.29182410360055688,0.04167105612091189,0.032656742918801877,-0.017049202455377006,0.29051401653603925
1422,0.171875,0.328125,0.010329085983917564,0.2369756885819444,0.23720068928261961,0.028802362345606243,0.21117209868523784,-0.018473276361688679,0.025803589896706558,-0.007443666671565298,0.23743423319742019,0.049038694757970624,0.24724894325814473,0.040049638863319574,0.057328750956503617,0.047339073706078906,0.24664977402505742
1423,0.171875,0.296875,0.006106108879156121,0.24166993792061334,0.24174706504981031,-0.015615554698333478,0.2150532878191781,0.0217216635774896,0.026616650101435241,-0.029133184254374875,0.2262233012191705,0.04396384125689743,0.22166196196667592,0.042819703438464168,0.073239203671066386,0.04240661710751447,0.22108203591021069
1424,0.203125,0.328125,-0.069240696509149921,0.30494459126063028,0.31270669611024493,-0.047435158769344933,0.29641632667276646,-0.021805537739804988,0.0085282645878638208,-0.039624372197118937,0.2936186677853953,-0.01766114133374903,0.32551007214914196,0.055528276726979055,0.038722670133265392,-0.018986671861196749,0.32410217365281946
1425,0.796875,0.203125,0.22230244541427507,0.01470937642213143,0.22278856117829457,0.2282557433215501,-0.039945639532468651,-0.0059532979072750292,0.054655015954600081,0.14994709533808209,-0.16664404611553379,0.17499319948532699,0.016112247402495436,0.047330041172105888,0.18446454985552832,0.17456020076946396,0.011618992664289039
1426,0.828125,0.171875,0.13480658142129245,0.02687951130420746,0.13746025797461814,0.14582758685181346,-0.012175447648693265,-0.011021005430521008,0.039054958952900724,0.13373207063928794,-0.13087183463522281,0.0989904945447313,0.035218833864258052,0.036774126500978166,0.16968525944270563,0.10010434691804874,0.031422898740665339
1427,0.796875,0.171875,0.17137024440410625,0.014118861862854097,0.17195087358727046,0.18263655136575524,-0.027880215134827364,-0.011266306961648986,0.041999076997681462,0.13144115899755032,-0.14855319465398573,0.13531041447387851,0.012458511991033878,0.036098034521200764,0.16105819077179198,0.13536112498801836,0.0085049280218461396
1428,0.828125,0.203125,0.18048895994356257,0.032812972344240535,0.18344741975719589,0.17975658366952171,-0.028283803280175754,0.00073237627404085237,0.061096775624416289,0.14773048844313857,-0.14634126965532424,0.12802165617755501,0.045547539293351792,0.053990621036027246,0.19289829721647206,0.12884144942359604,0.041149340201223551
1429,0.703125,0.296875,0.32908695306487756,-0.30569419716894514,0.44916273761331854,0.3180766686223877,-0.35517832695819662,0.011010284442489859,0.049484129789251485,0.084204237256113257,-0.35815735855931602,0.38450143511660617,-0.29729698886547196,0.056047104549238502,0.30640233622173219,0.37884491470440268,-0.29965587209174671
1430,0.671875,0.328125,0.33087209444768201,-0.50050219296807552,0.59998232311464683,0.2955291290198761,-0.53756326002490651,0.035342965427805906,0.037061067056830987,0.024160640502673185,-0.45006068870819316,0.37200739970696522,-0.47675093643151312,0.047499847640176826,0.34886922651971025,0.36546648822143335,-0.47706314294279023
1431,0.671875,0.296875,0.27856233829406457,-0.4198889443217968,0.50388858081874588,0.22199191532248524,-0.40492027080141513,0.056570422971579326,-0.01496867352038167,0.011910694161475298,-0.37718778432279743,0.33350957540422571,-0.42741354744042176,0.055460062370439954,0.32549726219637609,0.32763587293675489,-0.427924874778425
1432,0.703125,0.328125,0.37382520020652643,-0.3662055312382525,0.52330848590381207,0.35361487542396147,-0.36385640777283751,0.020210324782564959,-0.0023491234654149928,0.10106443337085486,-0.36796140557938906,0.42888537424437839,-0.3316147059181363,0.065024210578870853,0.32982973160627521,0.42254489074061091,-0.33395694306226681
1433,0.703125,0.203125,0.21388625649439627,-0.14220967733364284,0.25684805439116232,0.24098438933301039,-0.11309134069804799,-0.02709813283861412,-0.029118336635594849,0.09001239439942009,-0.20581470211805936,0.23120264195174101,-0.17876617092248095,0.040450394668261301,0.14375781385275666,0.22789414955364273,-0.18112744901058325
1434,0.671875,0.171875,0.13770173573574462,-0.16856168503972047,0.21765755141521456,0.16704199687091398,-0.1340849495913255,-0.029340261135169354,-0.034476735448394968,0.033840902408184589,-0.1961562613060987,0.15506478721598696,-0.19872530108543143,0.034804012551121428,0.12125110396727583,0.15226339451203691,-0.20007336266830431
1435,0.703125,0.171875,0.17523652452816085,-0.11040090118240231,0.20711397468687448,0.19536519737721553,-0.10102591630040671,-0.020128672849054674,-0.0093749848819956044,0.071506458058888334,-0.18772385065651126,0.17877337749098615,-0.13822779829485501,0.02805076704455111,0.11813573212131874,0.17627633292601658,-0.14056784334268274
1436,0.671875,0.203125,0.16373800761971274,-0.21477089700159038,0.27006790505008338,0.14489963603310793,-0.16283328454126653,0.018838371586604813,-0.051937612460323856,0.017718851304782138,-0.22484512788154071,0.20054098088418329,-0.25700591037904141,0.056020132060704761,0.18562932687158806,0.19695298889354987,-0.25815339134393384
1437,0.796875,0.296875,0.30105016754478214,-0.018476778537891387,0.30161663535667205,0.26377828061030717,5.4851009936990325e-05,0.037271886934474974,-0.018531629547828377,0.16960209804759416,-0.18744888923004449,0.29102235065202769,0.026795464778929419,0.046369527996002267,0.24625905255898103,0.28918840186753081,0.020842054397178483
1438,0.828125,0.328125,0.23397592257582023,0.039482307145698801,0.23728376455786754,0.20503181566640857,0.054492036588649484,0.028944106909411654,-0.015009729442950683,0.16649040848847468,-0.1655465731594073,0.23748264923614709,0.084491566665649068,0.045145659530064247,0.25992108343408754,0.23717837239194342,0.07801298776174212
1439,0.828125,0.296875,0.23924636111320224,0.036801486177326814,0.2420602625190032,0.21527912095827878,0.011716687262229887,0.023967240154923464,0.025084798915096927,0.16738549115265064,-0.16714611276983493,0.21290634964521415,0.075747811860987682,0.047017151002496163,0.24712265614561471,0.21286014856955845,0.069719226018072594
1440,0.796875,0.328125,0.31150144724512135,-0.029392340090485657,0.31288506083192896,0.29931648741188094,-0.0086232298047039108,0.012184959833240416,-0.020769110285781746,0.18646229416233576,-0.19725293625011753,0.32461577090088473,0.029888530679418705,0.060714142703213854,0.26585640698288693,0.32237124977037029,0.02353317715794136
1441,0.796875,0.796875,0.22230244541427563,0.014709376422132117,0.22278856117829518,0.22825574332155077,-0.039945639532467735,-0.0059532979072751402,0.054655015954599852,0.14994709533808248,-0.16664404611553302,0.17499319948532699,0.016112247402495436,0.047330041172106423,0.18446454985552752,0.17456020076946327,0.011618992664289774
1442,0.828125,0.828125,0.13480658142129312,0.026879511304208199,0.13746025797461894,0.14582758685181388,-0.012175447648692429,-0.011021005430520758,0.039054958952900627,0.13373207063928816,-0.13087183463522206,0.0989904945447313,0.035218833864258052,0.036774126500978652,0.16968525944270493,0.100104346918048,0.031422898740665776
1443,0.828125,0.796875,0.18048895994356298,0.032812972344241076,0.18344741975719639,0.17975658366952216,-0.028283803280174956,0.00073237627404082462,0.061096775624416032,0.14773048844313885,-0.14634126965532351,0.12802165617755501,0.045547539293351792,0.053990621036027517,0.19289829721647136,0.12884144942359524,0.041149340201224155
1444,0.796875,0.828125,0.17137024440410706,0.014118861862854841,0.17195087358727132,0.18263655136575585,-0.027880215134826455,-0.011266306961648792,0.041999076997681295,0.13144115899755071,-0.14855319465398495,0.13531041447387851,0.012458511991033878,0.036098034521201604,0.1610581907717912,0.13536112498801775,0.0085049280218466704
1445,0.703125,0.703125,0.32908695306487828,-0.30569419716894486,0.44916273761331887,0.31807666862238826,-0.35517832695819557,0.011010284442490026,0.049484129789250708,0.084204237256113756,-0.35815735855931558,0.38450143511660617,-0.29729698886547196,0.056047104549237746,0.30640233622173157,0.37884491470440201,-0.29965587209174482
1446,0.671875,0.671875,0.33087209444768167,-0.50050219296807497,0.59998232311464617,0.29552912901987638,-0.5375632600249054,0.035342965427805295,0.037061067056830432,0.02416064050267358,-0.45006068870819294,0.37200739970696522,-0.47675093643151312,0.047499847640176833,0.34886922651970992,0.36546648822143307,-0.47706314294278845
1447,0.703125,0.671875,0.37382520020652688,-0.36620553123825167,0.52330848590381185,0.35361487542396192,-0.36385640777283657,0.020210324782564959,-0.0023491234654151039,0.1010644333708553,-0.36796140557938872,0.42888537424437839,-0.3316147059181363,0.065024210578870034,0.32982973160627471,0.42254489074061069,-0.33395694306226525
1448,0.671875,0.703125,0.27856233829406474,-0.41988894432179674,0.50388858081874599,0.22199191532248563,-0.40492027080141435,0.056570422971579104,-0.014968673520382392,0.011910694161475666,-0.37718778432279715,0.33350957540422571,-0.42741354744042176,0.055460062370439801,0.32549726219637576,0.3276358729367545,-0.42792487477842328
1449,0.796875,0.703125,0.30105016754478259,-0.018476778537890939,0.30161663535667249,0.26377828061030772,5.485100993771197e-05,0.037271886934474863,-0.018531629547828651,0.16960209804759452,-0.18744888923004377,0.29102235065202769,0.026795464778929419,0.04636952799600192,0.24625905255898023,0.28918840186752998,0.020842054397179566
1450,0.828125,0.671875,0.23397592257582017,0.039482307145698926,0.23728376455786751,0.20503181566640882,0.05449203658864997,0.028944106909411349,-0.015009729442951043,0.16649040848847485,-0.16554657315940663,0.23748264923614709,0.084491566665649068,0.045145659530064129,0.25992108343408687,0.23717837239194256,0.078012987761742925
1451,0.828125,0.703125,0.23924636111320252,0.03680148617732678,0.24206026251900348,0.21527912095827911,0.011716687262230491,0.023967240154923408,0.025084798915096289,0.16738549115265089,-0.16714611276983427,0.21290634964521415,0.075747811860987682,0.04701715100249635,0.24712265614561402,0.21286014856955746,0.069719226018073441
1452,0.796875,0.671875,0.31150144724512141,-0.029392340090485299,0.31288506083192902,0.29931648741188138,-0.0086232298047033279,0.012184959833240028,-0.020769110285781971,0.18646229416233606,-0.19725293625011692,0.32461577090088473,0.029888530679418705,0.060714142703213493,0.26585640698288621,0.32237124977036968,0.023533177157942512
1453,0.703125,0.796875,0.21388625649439738,-0.14220967733364245,0.25684805439116304,0.24098438933301133,-0.11309134069804729,-0.027098132838613953,-0.029118336635595168,0.090012394399420742,-0.20581470211805902,0.23120264195174101,-0.17876617092248095,0.040450394668261176,0.14375781385275599,0.22789414955364226,-0.18112744901058239
1454,0.671875,0.828125,0.13770173573574576,-0.16856168503972038,0.21765755141521523,0.16704199687091481,-0.13408494959132503,-0.029340261135169049,-0.034476735448395357,0.033840902408185207,-0.1961562613060987,0.15506478721598696,-0.19872530108543143,0.034804012551120929,0.1212511039672752,0.15226339451203641,-0.200073362668304
1455,0.703125,0.828125,0.17523652452816182,-0.11040090118240185,0.20711397468687506,0.19536519737721642,-0.101025916300406,-0.020128672849054591,-0.0093749848819958542,0.071506458058888972,-0.18772385065651093,0.17877337749098615,-0.13822779829485501,0.028050767044551443,0.11813573212131802,0.17627633292601624,-0.14056784334268238
1456,0.671875,0.796875,0.16373800761971333,-0.2147708970015903,0.27006790505008366,0.14489963603310871,-0.16283328454126605,0.018838371586604619,-0.051937612460324245,0.017718851304782644,-0.2248451278815406,0.20054098088418329,-0.25700591037904141,0.056020132060704442,0.18562932687158759,0.19695298889354929,-0.25815339134393311
1457,0.203125,0.796875,-0.014387611241944185,0.22190853571476765,0.22237446251834231,-0.069373391983852534,0.22061071661875586,0.054985780741908352,0.0012978190960117875,-0.050442922176406522,0.21216317232069382,-0.0095207316020975083,0.17547529755561464,0.046687601388092081,0.054960220488806256,-0.010358609889464443,0.1745492779985453
1458,0.171875,0.828125,0.0095675068042493563,0.13554384816943238,0.13588109494343756,-0.030486918024528513,0.14191644929748523,0.040054424828777871,-0.0063726011280528516,-0.037817342038186,0.15174708552298549,0.020440923417072755,0.10306140363310627,0.034254056575703927,0.075923126351184381,0.019548294589015566,0.10264978007229765
1459,0.171875,0.796875,0.009192937677131429,0.18152700761658211,0.18175963412530924,-0.0511891229204142,0.17349989818652634,0.060382060597545625,0.0080271094300557733,-0.047357389474347297,0.17481101261450982,0.026435678311211169,0.13328644979272908,0.051229518089970866,0.084674117478389127,0.025371266271064799,0.13281779418502246
1460,0.203125,0.828125,-0.0079761957580452847,0.17128963680362935,0.17147524420478286,-0.051054216367381791,0.17674347985495037,0.043078020609336506,-0.0054538430513210168,-0.039498796798331778,0.17558909836345071,-0.007361738301621179,0.13568318832965998,0.035611749899368765,0.051237410009152481,-0.008068699660728193,0.13490904243945701
1461,0.296875,0.703125,-0.34724082579824578,0.28501443314349512,0.44923203158407515,-0.39486931229265609,0.26686458861921503,0.047628486494410316,0.01814984452428009,-0.24355130449171908,0.22223304316830747,-0.35007819943928103,0.33715294374001431,0.052215658345004003,0.15669895626512606,-0.34855591874638614,0.33510350679678808
1462,0.328125,0.671875,-0.54108460742610975,0.2594477471286678,0.60007140065462916,-0.57298011853920117,0.2190062359649172,0.031895511113091413,0.04044151116375061,-0.35966464589704028,0.16853020360234164,-0.52580455977835505,0.2986813113359334,0.042104066508156734,0.21104924029423014,-0.52299132493416733,0.29704976922810361
1463,0.296875,0.671875,-0.41353997183503172,0.32091460930981353,0.52345152093941716,-0.40850464730022923,0.30111680904057392,-0.0050353245348024878,0.019797800269239607,-0.25095695973240389,0.25227625002834836,-0.3904885804542727,0.37607133094230888,0.059779851002101966,0.18653229007269889,-0.38879486762349497,0.37383889217496363
1464,0.328125,0.703125,-0.45370314107906418,0.21897555234963056,0.50378252525453382,-0.43100393047393437,0.16459101415614719,-0.022699210605129805,0.054384538193483378,-0.28538848199010575,0.13781640917316895,-0.4713907723755465,0.26777176315119244,0.051903010408556889,0.2269036052075489,-0.4688563585697198,0.26626696827974305
1465,0.203125,0.703125,-0.057268255851815934,0.29625508549930835,0.30173950489207002,-0.033799823761771736,0.26216410625140707,-0.023468432090044199,0.034090979247901276,-0.032218716956434051,0.26357546092535478,-0.015833447807792021,0.29182410360055688,0.041671056120911695,0.032656742918801468,-0.017049202455377031,0.29051401653604025
1466,0.171875,0.671875,0.010329085983917517,0.23697568858194412,0.23720068928261934,0.028802362345606167,0.21117209868523731,-0.018473276361688648,0.025803589896706808,-0.0074436666715652147,0.23743423319742044,0.049038694757970624,0.24724894325814473,0.040049638863319692,0.057328750956503492,0.047339073706079024,0.24664977402505792
1467,0.171875,0.703125,0.0061061088791561843,0.24166993792061309,0.24174706504981006,-0.015615554698333395,0.2150532878191776,0.021721663577489579,0.026616650101435491,-0.029133184254374826,0.22622330121917078,0.04396384125689743,0.22166196196667592,0.042819703438464002,0.073239203671066344,0.042406617107514387,0.22108203591021136
1468,0.203125,0.671875,-0.069240696509149963,0.30494459126063023,0.31270669611024487,-0.047435158769344898,0.29641632667276596,-0.021805537739805064,0.0085282645878642649,-0.039624372197118889,0.29361866778539558,-0.01766114133374903,0.32551007214914196,0.05552827672697911,0.038722670133265136,-0.018986671861196465,0.32410217365282007
1469,0.296875,0.796875,-0.16863188823878195,0.19395057219472842,0.25700882900328464,-0.14380055689173371,0.22417502189115734,-0.024831331347048236,-0.030224449696428929,-0.083385493463704732,0.19073422798778591,-0.21050377764006065,0.20273175654301065,0.042782757281309397,0.12768319726328209,-0.2095834855455655,0.20136821843138727
1470,0.328125,0.828125,-0.18334666694270968,0.11610722390252549,0.21701817371213891,-0.15453219287099712,0.14785695808482102,-0.028814474071712559,-0.031749734182295528,-0.092721627517016347,0.11603217830147236,-0.21917244722403764,0.12450008796647948,0.036795742959777257,0.12673403370315459,-0.21795848495147027,0.12368603012773732
1471,0.296875,0.828125,-0.13131023881037868,0.16008792156430468,0.20705197764623656,-0.12548138127526295,0.18030778512735185,-0.0058288575351157224,-0.020219863563047169,-0.072441368085629981,0.15416015403054284,-0.16276834462462678,0.1567587659722304,0.031633774646359698,0.090364348471617714,-0.16205988961307172,0.15565542129756013
1472,0.328125,0.796875,-0.23324378539443369,0.13512816043173068,0.26955942418470213,-0.17993517507301199,0.12190144742808949,-0.053308610321421701,0.013226713003641186,-0.12522267096209141,0.10631759399264738,-0.2834496363631156,0.16101250457454466,0.056485633068888652,0.16741357717813285,-0.28189212927609036,0.16000253867320285
1473,0.203125,0.046875,0.018390390247212337,0.018982481977746803,0.026429927648032727,0.02222248609850079,0.0012745327997280235,-0.0038320958512884536,0.017707949178018781,0.004277704713967467,0.029292802534478361,-0.00072534637479586468,0.013368759489044903,0.019922983380561834,0.016691484868327132,-0.00095247691526593819,0.013214972541658302
1474,0.171875,0.078125,0.018668713985841738,0.026805431015236279,0.032665762103428017,0.024470608824883142,0.010314739006068553,-0.0058018948390414042,0.016490692009167723,-0.0049849659039616096,0.04202486365125619,0.0052336832329694591,0.02638778733989942,0.013441520656911284,0.01867990754128342,0.0048216872030507046,0.026191495697098284
1475,0.171875,0.046875,0.024902899782738203,0.015837248001558939,0.029512249013790615,0.019354502042136221,0.0019531035033917262,0.0055483977406019826,0.013884144498167213,-0.0022564261732181574,0.02545612269265864,0.002014028357241186,0.010154560301360433,0.023583752344165279,0.015886302071643748,0.0017421711110268778,0.010031892958063221
1476,0.203125,0.078125,0.010395773238940994,0.039138763820101626,0.04049586317886282,0.0039033104820300219,0.045141769563533676,0.0064924627569109723,-0.0060030057434320508,-0.0066664206641073327,0.065866876491721349,-0.0018848955856134888,0.034740251859838533,0.013044605561034104,0.031491740870431405,-0.0022240845461093759,0.034441134204359215
1477,0.296875,0.046875,-0.035414162403823404,0.01208081981759878,0.037418031832656115,-0.052204678809380012,0.0048388380721296181,0.016790516405556608,0.0072419817454691619,-0.028664866573330512,0.007863858201570607,-0.016037438967233791,0.01544531983572291,0.019666653795448744,0.014728560298187223,-0.016047909081148098,0.01539728131837464
1478,0.328125,0.078125,-0.077208499648913118,0.036867500751139183,0.085559131772543512,-0.099574666021584851,0.016255247793404544,0.022366166372671734,0.020612252957734639,-0.059889251382791581,0.0063099564297432655,-0.056116797600604534,0.031876936750771211,0.021674077243019903,0.025843797907323288,-0.055847901748446546,0.031701037170930625
1479,0.328125,0.046875,-0.054200122107908033,0.011787214290923213,0.055467032165533121,-0.052021830819981511,0.0093941079845129647,-0.0021782912879265218,0.0023931063064102486,-0.030867781843203896,0.005248838398918626,-0.021594891523661539,0.012266897269136191,0.032608758903268156,0.011629258152784372,-0.02157687983369307,0.012313539823990879
1480,0.296875,0.078125,-0.052509723338611231,0.043409798105638046,0.068129887836908626,-0.070523854425850782,0.048706074835935267,0.018014131087239552,-0.0052962767302972211,-0.039608991951405312,0.044437932158813601,-0.041675120968781412,0.04013643162542286,0.011318283289709543,0.0047719802970260013,-0.041541894441189886,0.039832283228525216
1481,0.046875,0.203125,0.0026940798130267963,-0.0096057832445733647,0.0099764291096907463,0.021547953333338608,-0.01494337554239163,-0.018853873520311811,0.0053375922978182652,-0.035015258666110397,0.025402373789774065,0.012458029202512181,0.0049038113777664111,0.017488940613572434,0.051709806826327254,0.012409502386252588,0.0052912536698026258
1482,0.078125,0.171875,0.012103412808552927,0.0099206909656011505,0.015649687244453269,0.024065889165785833,0.00058399400079675937,-0.011962476357232906,0.0093366969648043911,-0.028560743932008331,0.039690606404433615,0.021816366406903782,0.015740168921537723,0.011322887939185327,0.055780612238671513,0.021414397208341242,0.016077233045673926
1483,0.046875,0.171875,0.0083074070645085436,-0.013189379951748955,0.015587583380596357,0.018814875830006475,-0.011021223170303997,-0.010507468765497931,-0.0021681567814449583,-0.033690796877280452,0.022343779696895202,0.0096329520225781687,0.0037917859207033432,0.017032823131342686,0.047128798964219981,0.0095537506662029745,0.0040666912179400756
1484,0.078125,0.203125,0.0082592030513701734,0.023133594904429389,0.02456374662477212,0.0033636842699002762,0.032167442889837951,0.0048955187814698972,-0.0090338479854085614,-0.038100791368169622,0.062754533495957915,0.028214500513745043,0.020356323130996928,0.020147633491687546,0.078710394355097871,0.027765966311109138,0.020824077214978323
1485,0.046875,0.296875,0.033112935217442956,0.021623941348704431,0.039548215107217961,0.057121521555419844,0.026610014090259773,-0.024008586337976888,-0.0049860727415553426,-0.016791053446137967,0.076814662394435088,0.020718319075654714,0.008155280996684687,0.018303860821704973,0.078237226950476524,0.020773408453066477,0.0089154519027382206
1486,0.078125,0.328125,0.079556853380204406,0.053206874726282181,0.095709270386403145,0.083355169535921231,0.069839643388549102,-0.0037983161557168243,-0.016632768662266921,0.0018129314346123845,0.12537775407886864,0.052338444361209116,0.037761373272280518,0.031295451821165512,0.10114078130082226,0.05173604416073694,0.038792758170807191
1487,0.046875,0.328125,0.058068393172366319,0.02794352541798505,0.064442058458789905,0.059085931575501523,0.023242907364188433,-0.0010175384031352042,0.0047006180537966166,-0.016574643781914603,0.078566089186013044,0.023109885214815547,0.0090966649871422507,0.039715254332785138,0.080005391944636906,0.023195774256077478,0.0099760782843087113
1488,0.078125,0.296875,0.048180799750313891,0.052475697902135958,0.071239654230604479,0.038937252491981517,0.073720832522489357,0.0092435472583323741,-0.021245134620353399,-0.019876586148197192,0.11416682210061893,0.046922110608483468,0.03385357274247508,0.018664614751390838,0.10446187778732667,0.046353205422797368,0.034749223238781553
1489,0.796875,0.046875,0.0065781709755539297,0.01569042222275744,0.017013573490364118,0.00015978354257576918,0.020381482455737773,0.0064183874329781605,-0.0046910602329803333,0.05741741363542336,-0.076189788807793465,0.013332030369666915,0.0012275275400725929,0.01596214081249385,0.089089628398563922,0.015160492572674798,-0.00057974993197624873
1490,0.828125,0.078125,0.018112755504037209,0.01887008891509687,0.026156302636509848,0.0089700109844288722,0.02402082554423059,0.0091427445196083368,-0.0051507366291337203,0.078214261617692682,-0.076599280250578619,0.025345473927532933,0.0090174116168427257,0.012222416526084646,0.10062468205240779,0.027283050169538043,0.0070523060123053654
1491,0.828125,0.046875,0.00025945946613491774,0.022367930029501118,0.022369434794362261,0.0012389098587738956,0.018195490275763379,-0.00097945039263897795,0.0041724397537377389,0.065034392573340566,-0.057291124889893345,0.0097534567809152584,0.0034700844313294574,0.021148630056469199,0.082145641517147469,0.011940856337436329,0.0020940667637663617
1492,0.796875,0.078125,0.032265218613490521,0.011634112001798752,0.034298642746422678,0.045778975498370636,0.0083160580580964889,-0.013513756884880115,0.0033180539437022635,0.075923349975955109,-0.094280640269341534,0.034644807038736992,0.0031898708284755417,0.0087731208852274423,0.1058509264989657,0.036061924961034553,0.00086644077533980647
1493,0.703125,0.046875,0.029189273056904746,-0.031732608160381121,0.043115798522708956,0.012888429554036077,-0.052764218709841562,0.016300843502868669,0.021031610549460442,-0.0025172873032386425,-0.11536044481031901,0.01761440246314425,-0.013619477938669388,0.02149565341391111,0.10371359251722019,0.018003695970982281,-0.015785695472452715
1494,0.671875,0.078125,0.056211153008096988,-0.069354399658447183,0.089273324540331253,0.030184421003529381,-0.097888676398401639,0.026026732004567607,0.028534276739954456,-0.021676906613410644,-0.14188370692145452,0.039702706199586525,-0.050881521105301059,0.024774504194205488,0.10976727514332844,0.039054046323394383,-0.052728065963103553
1495,0.671875,0.046875,0.037733853125920459,-0.045301806396057347,0.058958437347629893,0.017059509997075971,-0.051609979339055881,0.020674343128844488,0.0063081729429985342,-0.0057265064507568113,-0.10725418180010507,0.015278413420487828,-0.019580250046485802,0.0341444758842262,0.09015500522952509,0.015227358118838078,-0.021557479574076176
1496,0.703125,0.078125,0.056380141930479376,-0.046554730893767937,0.07311677900928179,0.058507621509830937,-0.064829643107482848,-0.0021274795793515613,0.018274912213714911,0.015988649037293107,-0.13345129627186708,0.045773041128583367,-0.035391772451034774,0.015398773607523768,0.10248307286677195,0.045522580295413673,-0.03760762740179998
1497,0.953125,0.203125,0.0020230305491594691,-0.0015813371987977881,0.0025677382925707397,-0.014240054938591876,0.018363541728995847,0.016263085487751346,-0.019944878927793636,0.13886406086336461,-0.065130163814485942,0.0030389825563245498,0.013038958649436414,0.014655552161919966,0.15671267850398468,0.0066852795347232697,0.01229915865624227
1498,0.921875,0.171875,0.01715576385404927,0.01128510840289554,0.020534700024130059,0.0003301078957282863,0.022810061108185432,0.016825655958320983,-0.011524952705289892,0.12708224995445744,-0.069963505254594105,0.012398383875982804,0.023874397126264598,0.013458189135840491,0.14818212126280644,0.015669016120797807,0.022399218246754397
1499,0.953125,0.171875,-0.002687967586689531,0.001671902963906291,0.0031655061629717578,-0.01028096092616022,0.016581137694369835,0.0075929933394706887,-0.014909234730463544,0.1301917103556936,-0.048443424895247333,0.0023498398251164091,0.010082145502522457,0.0098036566176501593,0.14060151582092267,0.0057356540670542282,0.00966172654196518
1500,0.921875,0.203125,0.031255877673302873,0.010709006936449864,0.033039562931331347,0.034259104713436517,0.0067017054767029467,-0.0030032270401336436,0.0040073014597469172,0.14108066775830813,-0.085432940274695515,0.016034485381939061,0.030876094461412412,0.025266622301508557,0.17077569876346377,0.019493292803042076,0.028962923576033337
1501,0.953125,0.296875,0.014053114853276696,0.038097258337312666,0.04060654048179093,0.021282482350165201,0.058364032271401488,-0.0072293674968885047,-0.020266773934088822,0.15851906357287668,-0.085935006928996638,0.0050539783816355424,0.021684433494409877,0.018718046814746161,0.18743926037466654,0.0093395864081617271,0.020112684772255397
1502,0.921875,0.328125,0.03870443573134353,0.085629348816321602,0.093970307672099171,0.059534336710323404,0.089477545345528181,-0.020829900978979875,-0.0038481965292065795,0.15984058780364421,-0.10463824377877859,0.029744280626708315,0.057275752631977761,0.029735682203103363,0.20770457716376423,0.033772741270981857,0.053889570852298702
1503,0.953125,0.328125,0.011028258241767964,0.062958460055636337,0.063917056975617073,0.017751058738859422,0.059636444862877558,-0.0067228004970914575,0.0033220151927587788,0.16078027016779872,-0.094321557780032872,0.0056373714417305241,0.024187520578972353,0.03914393194856592,0.19522735637873065,0.010084702565777051,0.022390560185262885
1504,0.921875,0.296875,0.045999402088390935,0.05605029731108406,0.072509177496027227,0.069781642002193597,0.046702196019108591,-0.023782239913802662,0.0093481012919754691,0.16073567046782017,-0.10623778338920621,0.026666142690526407,0.051348473058050063,0.019896785425076478,0.20690110318576593,0.030581629940026167,0.048277890729002466
1505,0.953125,0.796875,0.0020230305491588697,-0.0015813371987975886,0.0025677382925701447,-0.01424005493859217,0.018363541728996152,0.016263085487751038,-0.01994487892779374,0.1388640608633642,-0.065130163814485553,0.0030389825563245498,0.013038958649436414,0.014655552161919808,0.15671267850398413,0.0066852795347224145,0.012299158656241919
1506,0.921875,0.828125,0.017155763854048871,0.011285108402895747,0.020534700024129836,0.00033010789572813191,0.022810061108185904,0.016825655958320737,-0.011524952705290158,0.12708224995445716,-0.069963505254593578,0.012398383875982804,0.023874397126264598,0.013458189135840156,0.14818212126280589,0.015669016120796974,0.022399218246754241
1507,0.953125,0.828125,-0.002687967586690002,0.001671902963906391,0.0031655061629722106,-0.010280960926160538,0.016581137694370134,0.007592993339470536,-0.014909234730463742,0.13019171035569316,-0.048443424895246959,0.0023498398251164091,0.010082145502522457,0.0098036566176503137,0.14060151582092212,0.0057356540670534788,0.009661726541964788
1508,0.921875,0.796875,0.031255877673302457,0.010709006936450161,0.033039562931331048,0.03425910471343642,0.0067017054767033735,-0.0030032270401339628,0.0040073014597467871,0.14108066775830785,-0.085432940274695043,0.016034485381939061,0.030876094461412412,0.025266622301508071,0.17077569876346324,0.019493292803041146,0.028962923576033243
1509,0.953125,0.703125,0.014053114853276248,0.038097258337312624,0.040606540481790736,0.021282482350164788,0.058364032271401592,-0.0072293674968885394,-0.020266773934088968,0.15851906357287623,-0.085935006928996305,0.0050539783816355424,0.021684433494409877,0.018718046814745912,0.18743926037466599,0.0093395864081607539,0.02011268477225512
1510,0.921875,0.671875,0.038704435731343204,0.085629348816321477,0.093970307672098921,0.059534336710323058,0.089477545345528306,-0.020829900978979854,-0.0038481965292068293,0.15984058780364388,-0.10463824377877816,0.029744280626708315,0.057275752631977761,0.029735682203103145,0.2077045771637637,0.033772741270980816,0.053889570852298681
1511,0.953125,0.671875,0.011028258241767397,0.062958460055635962,0.063917056975616601,0.017751058738859071,0.059636444862877655,-0.0067228004970916744,0.0033220151927583069,0.16078027016779833,-0.094321557780032553,0.0056373714417305241,0.024187520578972353,0.039143931948565469,0.19522735637873012,0.010084702565776128,0.022390560185262628
1512,0.921875,0.703125,0.045999402088390526,0.056050297311084032,0.07250917749602695,0.069781642002193375,0.04670219601910882,-0.02378223991380285,0.0093481012919752124,0.16073567046781989,-0.10623778338920579,0.026666142690526407,0.051348473058050063,0.019896785425076075,0.20690110318576543,0.030581629940025078,0.048277890729002439
1513,0.796875,0.953125,0.0065781709755544883,0.01569042222275829,0.017013573490365117,0.00015978354257629133,0.020381482455738686,0.0064183874329781969,-0.0046910602329803958,0.057417413635423666,-0.076189788807792688,0.013332030369666915,0.0012275275400725929,0.015962140812494384,0.089089628398563395,0.015160492572674582,-0.00057974993197645657
1514,0.828125,0.921875,0.018112755504037469,0.018870088915097626,0.026156302636510573,0.0089700109844292088,0.024020825544231426,0.0091427445196082605,-0.0051507366291338001,0.078214261617692848,-0.076599280250577856,0.025345473927532933,0.0090174116168427257,0.012222416526085101,0.10062468205240722,0.027283050169537647,0.0070523060123053039
1515,0.828125,0.953125,0.00025945946613521959,0.022367930029501819,0.022369434794362965,0.0012389098587742321,0.01819549027576416,-0.00097945039263901265,0.0041724397537376591,0.065034392573340732,-0.057291124889892665,0.0097534567809152584,0.0034700844313294574,0.021148630056469688,0.082145641517147081,0.011940856337436046,0.0020940667637661765
1516,0.796875,0.921875,0.032265218613491103,0.011634112001799667,0.034298642746423538,0.045778975498371191,0.0083160580580974013,-0.013513756884880088,0.0033180539437022653,0.075923349975955429,-0.094280640269340743,0.034644807038736992,0.0031898708284755417,0.0087731208852281639,0.1058509264989651,0.03606192496103422,0.00086644077533974033
1517,0.703125,0.953125,0.029189273056905541,-0.031732608160380399,0.043115798522708963,0.012888429554036844,-0.052764218709840868,0.016300843502868697,0.021031610549460469,-0.0025172873032380944,-0.11536044481031868,0.01761440246314425,-0.013619477938669388,0.02149565341391093,0.10371359251721976,0.018003695970982211,-0.015785695472453409
1518,0.671875,0.921875,0.056211153008097883,-0.069354399658446989,0.089273324540331669,0.030184421003530124,-0.097888676398401167,0.02602673200456776,0.028534276739954179,-0.021676906613410089,-0.14188370692145449,0.039702706199586525,-0.050881521105301059,0.024774504194205939,0.1097672751433281,0.039054046323394084,-0.05272806596310433
1519,0.671875,0.953125,0.037733853125921347,-0.045301806396056993,0.058958437347630191,0.017059509997076634,-0.051609979339055423,0.020674343128844714,0.0063081729429984301,-0.0057265064507563135,-0.10725418180010499,0.015278413420487828,-0.019580250046485802,0.034144475884226519,0.090155005229524895,0.01522735811883792,-0.021557479574077127
1520,0.703125,0.921875,0.056380141930480236,-0.046554730893767431,0.073116779009282123,0.058507621509831742,-0.064829643107482154,-0.0021274795793515058,0.018274912213714724,0.015988649037293669,-0.13345129627186675,0.045773041128583367,-0.035391772451034774,0.015398773607523994,0.10248307286677148,0.045522580295413478,-0.037607627401800507
1521,0.046875,0.796875,0.0026940798130272586,-0.0096057832445732069,0.0099764291096907185,0.021547953333339163,-0.014943375542391637,-0.018853873520311905,0.00533759229781843,-0.03501525866611041,0.025402373789774037,0.012458029202512181,0.0049038113777664111,0.017488940613572045,0.051709806826327261,0.012409502386252241,0.0052912536698022893
1522,0.078125,0.828125,0.01210341280855343,0.0099206909656011279,0.015649687244453644,0.024065889165786503,0.00058399400079676284,-0.011962476357233073,0.0093366969648043651,-0.028560743932008335,0.039690606404433657,0.021816366406903782,0.015740168921537723,0.011322887939184907,0.055780612238671534,0.021414397208340756,0.016077233045673666
1523,0.046875,0.828125,0.0083074070645089686,-0.01318937995174886,0.015587583380596503,0.018814875830006982,-0.011021223170303941,-0.010507468765498013,-0.0021681567814449184,-0.033690796877280459,0.022343779696895195,0.0096329520225781687,0.0037917859207033432,0.017032823131342557,0.047128798964219988,0.0095537506662026032,0.0040666912179396593
1524,0.078125,0.796875,0.0082592030513706158,0.023133594904429372,0.024563746624772256,0.0033636842699008244,0.032167442889837861,0.0048955187814697914,-0.0090338479854084885,-0.038100791368169636,0.062754533495957984,0.028214500513745043,0.020356323130996928,0.020147633491687102,0.078710394355097912,0.027765966311108722,0.020824077214978181
1525,0.046875,0.703125,0.033112935217443233,0.02162394134870434,0.039548215107218149,0.057121521555419968,0.02661001409025961,-0.024008586337976735,-0.0049860727415552697,-0.016791053446137939,0.076814662394434977,0.020718319075654714,0.008155280996684687,0.018303860821705095,0.078237226950476413,0.020773408453066251,0.0089154519027379846
1526,0.078125,0.671875,0.079556853380204365,0.053206874726281897,0.09570927038640295,0.083355169535921189,0.069839643388548839,-0.0037983161557168243,-0.016632768662266942,0.0018129314346124505,0.12537775407886859,0.052338444361209116,0.037761373272280518,0.031295451821165332,0.10114078130082217,0.051736044160736766,0.038792758170807067
1527,0.046875,0.671875,0.058068393172366443,0.027943525417985053,0.064442058458790016,0.059085931575501599,0.023242907364188273,-0.0010175384031351556,0.0047006180537967797,-0.016574643781914575,0.078566089186012961,0.023109885214815547,0.0090966649871422507,0.039715254332785249,0.080005391944636822,0.023195774256077301,0.0099760782843084823
1528,0.078125,0.703125,0.048180799750314092,0.052475697902135847,0.071239654230604535,0.038937252491981628,0.073720832522489108,0.0092435472583324643,-0.021245134620353261,-0.019876586148197165,0.11416682210061893,0.046922110608483468,0.03385357274247508,0.018664614751390741,0.10446187778732664,0.046353205422797153,0.034749223238781442
1529,0.203125,0.953125,0.01839039024721258,0.01898248197774707,0.026429927648033088,0.022222486098501207,0.0012745327997284442,-0.003832095851288627,0.017707949178018625,0.004277704713967192,0.029292802534478506,-0.00072534637479586468,0.013368759489044903,0.019922983380562143,0.016691484868327187,-0.00095247691526731003,0.01321497254165778
1530,0.171875,0.921875,0.018668713985842245,0.02680543101523665,0.032665762103428614,0.024470608824883729,0.010314739006068812,-0.005801894839041484,0.016490692009167838,-0.0049849659039617709,0.042024863651256336,0.0052336832329694591,0.02638778733989942,0.013441520656911801,0.018679907541283628,0.0048216872030495319,0.026191495697098013
1531,0.171875,0.953125,0.02490289978273854,0.015837248001559352,0.029512249013791118,0.019354502042136613,0.0019531035033921243,0.0055483977406019271,0.013884144498167227,-0.002256426173218376,0.025456122692658768,0.002014028357241186,0.010154560301360433,0.023583752344165706,0.015886302071643928,0.0017421711110258257,0.010031892958062675
1532,0.203125,0.921875,0.010395773238941353,0.039138763820101848,0.040495863178863126,0.0039033104820304573,0.045141769563533926,0.006492462756910896,-0.0060030057434320785,-0.0066664206641075504,0.065866876491721571,-0.0018848955856134888,0.034740251859838533,0.013044605561034517,0.031491740870431655,-0.0022240845461108626,0.034441134204359042
1533,0.296875,0.953125,-0.035414162403823446,0.012080819817599042,0.03741803183265624,-0.052204678809379963,0.0048388380721299242,0.016790516405556517,0.0072419817454691176,-0.028664866573331019,0.0078638582015706192,-0.016037438967233791,0.01544531983572291,0.019666653795448741,0.01472856029818765,-0.016047909081150422,0.01539728131837392
1534,0.328125,0.921875,-0.077208499648913201,0.03686750075113937,0.085559131772543665,-0.099574666021584879,0.016255247793404613,0.022366166372671678,0.020612252957734757,-0.059889251382792122,0.0063099564297431953,-0.056116797600604534,0.031876936750771211,0.021674077243020028,0.025843797907323437,-0.055847901748449294,0.031701037170930334
1535,0.328125,0.953125,-0.054200122107907873,0.011787214290923409,0.055467032165533003,-0.052021830819981491,0.0093941079845130775,-0.002178291287926383,0.0023931063064103319,-0.03086778184320433,0.0052488383989184846,-0.021594891523661539,0.012266897269136191,0.03260875890326799,0.011629258152784804,-0.021576879833695613,0.012313539823989994
1536,0.296875,0.921875,-0.052509723338611106,0.043409798105638372,0.068129887836908737,-0.070523854425850713,0.048706074835935406,0.018014131087239607,-0.0052962767302970337,-0.039608991951405763,0.044437932158813677,-0.041675120968781412,0.04013643162542286,0.011318283289709519,0.0047719802970258747,-0.041541894441192398,0.03983228322852507
1537,0.453125,0.296875,-0.56383484955901286,-0.31215284888645745,0.64447586350860819,-0.57554240319904693,-0.2445032836961234,0.011707553640034063,-0.067649565190334049,-0.45273719198365203,-0.19985012680738484,-0.60647376318887936,-0.3183680477710239,0.043089507454946975,0.19411705467444978,-0.60358648615992627,-0.31518759199607799
1538,0.421875,0.328125,-0.68465005746673047,-0.14799331882048555,0.70046250692288958,-0.68138397308303511,-0.087814487424285576,-0.0032660843836953557,-0.060178831396199978,-0.48517617839219995,-0.08471969838307393,-0.72005834422676851,-0.17118695428818922,0.042328376976796631,0.25029226550354777,-0.71611587694355305,-0.16898958018327143
1539,0.453125,0.328125,-0.62882614962824324,-0.32386237400320828,0.70732535918859551,-0.61792356918139757,-0.29326071045475743,-0.010902580446845667,-0.030601663548450841,-0.49034061420630742,-0.23226762986517929,-0.6764805099252158,-0.35511804858236429,0.056989957437357103,0.22302530384966132,-0.67325554149535383,-0.35154047736476746
1540,0.421875,0.296875,-0.60305652614553251,-0.16279256050947319,0.62464277109716704,-0.53940778501776865,-0.14222970923305556,-0.063648741127763864,-0.020562851276417632,-0.41090001448526547,-0.1154334928122465,-0.64554187050716083,-0.15347137848432324,0.043495849455690849,0.23770503011884678,-0.64199926183250711,-0.15152610452975662
1541,0.546875,0.296875,-0.2309968328940295,-0.6020436821331584,0.64483806649694908,-0.16234709787712459,-0.60388804617428926,-0.068649735016904911,0.0018443640411308637,-0.27726347821707648,-0.45330948737672289,-0.22673810047563028,-0.6463423806859,0.044502938052202748,0.1995357403956193,-0.22816046026056763,-0.64169818349417462
1542,0.578125,0.328125,-0.05184949510483379,-0.69856409412108611,0.70048566276394253,0.0072748691201687532,-0.68678909155456214,-0.059124364225002543,-0.011775002566523973,-0.19271998878124066,-0.50715196599863732,-0.064596711510190821,-0.73730336854725631,0.040782629993063563,0.26341078617583369,-0.067965889571899335,-0.7326707377620767
1543,0.546875,0.328125,-0.23356986221332293,-0.66775475838923226,0.70742582500627771,-0.20472826385947518,-0.65264547293292341,-0.028841598353847753,-0.015109285456308852,-0.31486690043973187,-0.48572699043451734,-0.25291103282477784,-0.7209512592492856,0.05660343262007228,0.24324675983733898,-0.25444493367929333,-0.71567901821959901
1544,0.578125,0.296875,-0.077937118061450802,-0.62022134043484434,0.62509895656809378,-0.066262344577222118,-0.55414610233107076,-0.011674773484228684,-0.066075238103773581,-0.20496993512243855,-0.43427906161324148,-0.057911809940455944,-0.66100226388506633,0.045432330809607915,0.27023971327403096,-0.060985719621914881,-0.65696592317227887
1545,0.453125,0.203125,-0.35579152262996838,-0.2298888428209063,0.42359944243221881,-0.32447364779812493,-0.28719285042418119,-0.031317874831843451,0.057304007603274892,-0.29257138095563756,-0.23134894198790618,-0.36467571644085017,-0.19143630435438078,0.039465511705651747,0.082413917748334217,-0.36298767924707126,-0.18956473711025565
1546,0.421875,0.171875,-0.28488637824827584,-0.10239978979226709,0.30273084656328003,-0.26293604741483179,-0.15896376530438194,-0.021950330833444054,0.056563975512114853,-0.21823316001217585,-0.13721772368394283,-0.30014374450231984,-0.07135629200322581,0.03459025845506581,0.10510505237404515,-0.29851199408913687,-0.07047031409420354
1547,0.453125,0.171875,-0.28082778699285532,-0.1785500471172069,0.33278275987926614,-0.26983700601097743,-0.2242312428125357,-0.01099078098187789,0.045681195695328802,-0.24199299334904956,-0.18612140175266281,-0.28197908538901545,-0.14802475618322977,0.030546994526482425,0.0552289956478626,-0.28072190580209683,-0.14657885827900685
1548,0.421875,0.203125,-0.36087737148975479,-0.1358976760440429,0.38561723976960122,-0.28833902961684671,-0.18491927596111338,-0.072538341872908085,0.049021599917070474,-0.250734203457251,-0.14693230799276782,-0.3881675653732255,-0.092283109837523317,0.051448858758774252,0.14790018196925386,-0.38603456635821709,-0.091145457933303753
1549,0.546875,0.203125,-0.17909360886352982,-0.38554464614980682,0.4251108030979015,-0.2394393771665019,-0.36180105991414069,0.060345768302972086,-0.023743586235666136,-0.27145532107376963,-0.30096683093546622,-0.13633875734478618,-0.38864891615980351,0.042867398109574836,0.16107338036813035,-0.13741259075418055,-0.38611875488039077
1550,0.578125,0.171875,-0.064342941478732846,-0.29846803343556993,0.30532471419954221,-0.12121226302879338,-0.28331078112098113,0.056869321550060539,-0.015157252314588809,-0.18303972687572925,-0.25324753859654286,-0.026926010969326127,-0.30733203169471812,0.038452531176555248,0.16521690194345043,-0.028688205693747804,-0.30597772754710229
1551,0.546875,0.171875,-0.13907575460175051,-0.30387425362577425,0.33418801225458056,-0.1848027353793544,-0.2988394523024952,0.045726980777603898,-0.0050348013232790478,-0.22087693346718162,-0.25573929070022283,-0.10542154677687014,-0.30051594053411285,0.033821353774529238,0.12383414184366183,-0.10639205294502251,-0.29869558416614878
1552,0.578125,0.203125,-0.086426011169189423,-0.37819811268909631,0.38794750656269367,-0.14335462386659942,-0.31205911607092218,0.056928612697409994,-0.066138996618174128,-0.1991617779791317,-0.28193640517198482,-0.034822661856593523,-0.39746397747504492,0.055082476398835283,0.20088296356380217,-0.036910773529203134,-0.39543487590295479
1553,0.296875,0.453125,-0.44806060530166891,0.41843892266050919,0.61306560662019327,-0.46304598733052149,0.43812569072600971,0.014985382028852579,-0.019686768065500515,-0.28057958069514316,0.37244907746851158,-0.49336112036843238,0.47514570837461956,0.072579585362139501,0.23626802920666379,-0.49123432127234162,0.47247329598627014
1554,0.328125,0.421875,-0.62431420737853927,0.31491233193927703,0.69924102163855284,-0.61388612356191985,0.32176289722899426,-0.010428083816619416,-0.0068505652897172253,-0.38188161161909456,0.25865982418246397,-0.6435463386636131,0.36556408795410994,0.054180026404132338,0.28266048714286202,-0.64013288150450709,0.36367956128435641
1555,0.328125,0.453125,-0.59708988866495594,0.30555272742582629,0.67073005328767754,-0.52792643648657722,0.25284246908294905,-0.069163452178378715,0.052710258342877236,-0.35261452517550029,0.22557173355553789,-0.66432551345110957,0.3773676203856739,0.098376867663179879,0.34670698214818879,-0.66080644445521231,0.37544131196035097
1556,0.296875,0.421875,-0.47077220698721983,0.4061686617560355,0.62177122212619851,-0.44941065232294836,0.40387347030465087,-0.021361554664271476,0.0022951914513846261,-0.27317392545445829,0.34240587060847066,-0.47792947316247997,0.46028381383055034,0.054586409876006596,0.23626265852961145,-0.47586739473791689,0.45767515121341373
1557,0.296875,0.546875,-0.44806060530166941,0.41843892266050942,0.61306560662019371,-0.46304598733052194,0.43812569072600949,0.014985382028852523,-0.019686768065500071,-0.28057958069514327,0.37244907746851175,-0.49336112036843238,0.47514570837461956,0.072579585362139015,0.23626802920666359,-0.49123432127234085,0.47247329598627075
1558,0.328125,0.578125,-0.62431420737853982,0.31491233193927687,0.69924102163855328,-0.61388612356192063,0.32176289722899387,-0.010428083816619194,-0.0068505652897170033,-0.38188161161909479,0.25865982418246419,-0.6435463386636131,0.36556408795410994,0.054180026404132296,0.28266048714286168,-0.64013288150450565,0.36367956128435769
1559,0.328125,0.546875,-0.59708988866495627,0.30555272742582618,0.67073005328767776,-0.52792643648657767,0.25284246908294883,-0.069163452178378604,0.052710258342877347,-0.3526145251755004,0.22557173355553803,-0.66432551345110957,0.3773676203856739,0.098376867663179726,0.34670698214818862,-0.66080644445521131,0.37544131196035174
1560,0.296875,0.578125,-0.47077220698722022,0.40616866175603517,0.62177122212619862,-0.44941065232294874,0.40387347030465059,-0.021361554664271476,0.0022951914513845706,-0.2731739254544584,0.34240587060847089,-0.47792947316247997,0.46028381383055034,0.054586409876006874,0.23626265852961123,-0.47586739473791573,0.45767515121341457
1561,0.203125,0.453125,-0.070478857275426826,0.45743309799604742,0.46283075574675403,-0.10197649879963747,0.4334252083582017,0.03149764152421064,0.024007889637845725,-0.069246993159858286,0.41379149522555903,-0.022313893188033972,0.41126430304282852,0.06671897326077654,0.047001091192585193,-0.023921347095614554,0.40963050394843192
1562,0.171875,0.421875,0.010820683914585747,0.32390560281660757,0.32408629519985771,-0.012103642677113155,0.31392875994931424,0.0229243265916989,0.009976842867293334,-0.029660632393619803,0.32756385377754305,0.060019777077698969,0.30261462973866082,0.05360836038043458,0.093086194589131963,0.058010542145443073,0.30199134590317517
1563,0.171875,0.453125,0.0038765786790038118,0.37612104136834934,0.37614101826610996,-0.068192484708544332,0.34869506277854195,0.072069063387548149,0.027425978589807387,-0.058539395552890859,0.34814755545091219,0.061957728338821724,0.31238561576843299,0.0862300668108789,0.12569197745293059,0.059893560445839295,0.31176045145277526
1564,0.203125,0.421875,-0.074007741175210431,0.40834580041191632,0.41499811863176622,-0.088341163792064331,0.39917298793684286,0.0143334226168539,0.0091728124750734552,-0.061841337919173449,0.38374828836551811,-0.021615945755103103,0.39840052969113143,0.053327372305900095,0.042810867202350188,-0.023180848179505057,0.39679859941029871
1565,0.203125,0.546875,-0.070478857275426646,0.45743309799604781,0.46283075574675442,-0.10197649879963759,0.43342520835820153,0.031497641524210945,0.02400788963784628,-0.069246993159858231,0.41379149522555903,-0.022313893188033972,0.41126430304282852,0.066718973260776679,0.047001091192585137,-0.023921347095614356,0.40963050394843203
1566,0.171875,0.578125,0.010820683914585596,0.32390560281660741,0.32408629519985754,-0.012103642677113349,0.31392875994931402,0.022924326591698945,0.0099768428672933895,-0.029660632393619726,0.32756385377754305,0.060019777077698969,0.30261462973866082,0.053608360380434643,0.093086194589131893,0.058010542145443295,0.30199134590317506
1567,0.171875,0.546875,0.0038765786790037034,0.37612104136834912,0.37614101826610974,-0.068192484708544443,0.34869506277854179,0.072069063387548149,0.027425978589807332,-0.058539395552890817,0.34814755545091214,0.061957728338821724,0.31238561576843299,0.086230066810878803,0.12569197745293054,0.059893560445839378,0.31176045145277509
1568,0.203125,0.578125,-0.074007741175210334,0.4083458004119162,0.41499811863176611,-0.088341163792064401,0.39917298793684264,0.014333422616854066,0.0091728124750735662,-0.061841337919173407,0.38374828836551811,-0.021615945755103103,0.39840052969113143,0.053327372305899977,0.042810867202350146,-0.023180848179504689,0.39679859941029899
1569,0.703125,0.453125,0.47403964020282796,-0.38636690571431692,0.61154964337728335,0.49576770263025666,-0.39856873103140111,-0.021728062427428696,0.012201825317084192,0.16850521782982139,-0.4071775936596812,0.54187338462160062,-0.41897717636733467,0.075265175439471615,0.37355457181719592,0.53377122911524888,-0.42124761016480272
1570,0.671875,0.421875,0.39682599133881885,-0.57478105447258654,0.69845839388087738,0.40214374942459746,-0.56359750246882923,-0.0053177580857786122,-0.011183552003757313,0.074741228846898072,-0.47947282976841232,0.45530985911971905,-0.58350829008459126,0.059131441991898522,0.39453245665081893,0.4473093168698053,-0.58336630391042743
1571,0.671875,0.453125,0.38340503928203135,-0.54916199690854517,0.66975989951283066,0.32176357654642979,-0.48839002081861282,0.06164146273560156,-0.060771976089932345,0.041748056397786469,-0.44882147546088397,0.47001115190426923,-0.60234892365077597,0.10163398998277681,0.45495049875837568,0.46175045889350352,-0.60212347961830481
1572,0.703125,0.421875,0.46546855435797013,-0.41060898782964644,0.62069373766986347,0.46022949582868283,-0.38989065021676023,0.0052390585292872993,-0.020718337612886217,0.15164502171507976,-0.39737354663960817,0.52492434150378997,-0.40587215510376506,0.059644180012822845,0.37337605296503579,0.51708859424036369,-0.40815597174906959
1573,0.703125,0.546875,0.47403964020282818,-0.38636690571431692,0.61154964337728357,0.49576770263025655,-0.39856873103140072,-0.021728062427428363,0.012201825317083803,0.16850521782982147,-0.40717759365968126,0.54187338462160062,-0.41897717636733467,0.075265175439471421,0.37355457181719587,0.53377122911524877,-0.42124761016480172
1574,0.671875,0.578125,0.39682599133881857,-0.57478105447258654,0.69845839388087716,0.40214374942459735,-0.56359750246882856,-0.0053177580857787787,-0.011183552003757979,0.074741228846898211,-0.47947282976841238,0.45530985911971905,-0.58350829008459126,0.059131441991898799,0.39453245665081882,0.4473093168698053,-0.58336630391042599
1575,0.671875,0.546875,0.38340503928203129,-0.54916199690854528,0.66975989951283066,0.32176357654642967,-0.48839002081861244,0.061641462735601615,-0.060771976089932844,0.041748056397786545,-0.44882147546088402,0.47001115190426923,-0.60234892365077597,0.1016339899827768,0.45495049875837551,0.46175045889350341,-0.6021234796183037
1576,0.703125,0.578125,0.46546855435797013,-0.41060898782964605,0.62069373766986324,0.46022949582868289,-0.38989065021675973,0.0052390585292872438,-0.020718337612886328,0.15164502171507993,-0.39737354663960811,0.52492434150378997,-0.40587215510376506,0.059644180012822817,0.37337605296503562,0.51708859424036369,-0.40815597174906854
1577,0.796875,0.453125,0.46102859133240298,-0.0092561027737301307,0.46112149967714333,0.44146931461817612,-0.043335553063267529,0.019559276714226859,0.034079450289537398,0.25390307862130229,-0.23646912433040967,0.41013440197050066,0.037762535757152708,0.069289038672094391,0.31561246773507245,0.40682480125998766,0.030411930759646079
1578,0.828125,0.421875,0.31956531297093754,0.051813322140566366,0.32373848953353596,0.31164643607112996,0.028457794144726767,0.0079188768998075809,0.023355527995839599,0.21707099683269959,-0.19495871421962641,0.29066139988683476,0.10341150027027471,0.059142270652034326,0.30731145815999061,0.28978268493995951,0.095980610751128528
1579,0.828125,0.453125,0.37205604842993661,0.053000054456335273,0.3758120659926632,0.35390052455326815,-0.021723223404857661,0.018155523876668467,0.074723277861192927,0.23708748220653922,-0.21474885170116331,0.30004643351901888,0.10675050712969603,0.089858198302713924,0.32760596343629161,0.29906387561679521,0.099154054176965614
1580,0.796875,0.421875,0.41376096237050403,-0.019747101221401778,0.41423191811884069,0.4059311078166023,-0.034657472248626628,0.0078298545539017272,0.014910371027224849,0.23704288250656066,-0.22666507731033664,0.39730597034721699,0.036581376348054223,0.05868274148145388,0.3081930445158379,0.39415818312032569,0.029377844651983832
1581,0.796875,0.546875,0.46102859133240282,-0.0092561027737302019,0.46112149967714317,0.44146931461817601,-0.04333555306326746,0.019559276714226803,0.034079450289537259,0.25390307862130224,-0.23646912433040945,0.41013440197050066,0.037762535757152708,0.069289038672094308,0.31561246773507229,0.40682480125998727,0.030411930759646582
1582,0.828125,0.578125,0.31956531297093765,0.051813322140566435,0.32373848953353607,0.3116464360711298,0.028457794144726864,0.0079188768998078585,0.023355527995839571,0.21707099683269948,-0.19495871421962607,0.29066139988683476,0.10341150027027471,0.059142270652034319,0.30731145815999028,0.28978268493995907,0.095980610751129111
1583,0.828125,0.546875,0.37205604842993645,0.053000054456335134,0.37581206599266304,0.35390052455326804,-0.021723223404857592,0.018155523876668411,0.074723277861192733,0.23708748220653919,-0.21474885170116309,0.30004643351901888,0.10675050712969603,0.089858198302713868,0.32760596343629139,0.29906387561679476,0.099154054176965947
1584,0.796875,0.578125,0.41376096237050386,-0.019747101221401504,0.41423191811884053,0.40593110781660235,-0.034657472248626434,0.0078298545539015052,0.014910371027224929,0.23704288250656069,-0.22666507731033633,0.39730597034721699,0.036581376348054223,0.058682741481453568,0.30819304451583762,0.39415818312032547,0.029377844651984591
1585,0.546875,0.703125,-0.23099683289402931,-0.60204368213315895,0.64483806649694952,-0.16234709787712487,-0.60388804617428937,-0.06864973501690444,0.0018443640411304196,-0.27726347821707675,-0.45330948737672339,-0.22673810047563028,-0.6463423806859,0.044502938052202172,0.19953574039561889,-0.22816046026056788,-0.64169818349417218
1586,0.578125,0.671875,-0.051849495104834331,-0.69856409412108611,0.70048566276394253,0.0072748691201685312,-0.68678909155456169,-0.059124364225002862,-0.011775002566524417,-0.19271998878124069,-0.50715196599863765,-0.064596711510190821,-0.73730336854725631,0.040782629993063396,0.26341078617583341,-0.067965889571899266,-0.73267073776207436
1587,0.546875,0.671875,-0.23356986221332382,-0.66775475838923248,0.70742582500627815,-0.20472826385947546,-0.65264547293292341,-0.028841598353848363,-0.015109285456309074,-0.31486690043973198,-0.48572699043451772,-0.25291103282477784,-0.7209512592492856,0.056603432620071767,0.24324675983733865,-0.25444493367929299,-0.71567901821959634
1588,0.578125,0.703125,-0.077937118061451024,-0.62022134043484456,0.625098956568094,-0.066262344577222229,-0.55414610233107064,-0.011674773484228795,-0.066075238103773914,-0.20496993512243861,-0.43427906161324181,-0.057911809940455944,-0.66100226388506633,0.045432330809607818,0.27023971327403074,-0.060985719621915221,-0.65696592317227687
1589,0.453125,0.703125,-0.56383484955901397,-0.31215284888645839,0.64447586350860964,-0.57554240319904748,-0.24450328369612406,0.011707553640033508,-0.067649565190334326,-0.45273719198365248,-0.19985012680738515,-0.60647376318887936,-0.3183680477710239,0.04308950745494574,0.19411705467444923,-0.60358648615992572,-0.3151875919960751
1590,0.421875,0.671875,-0.68465005746673147,-0.14799331882048625,0.7004625069228908,-0.681383973083036,-0.087814487424286242,-0.0032660843836954667,-0.060178831396200005,-0.48517617839220029,-0.084719698383073944,-0.72005834422676851,-0.17118695428818922,0.042328376976795416,0.2502922655035475,-0.7161158769435515,-0.1689895801832686
1591,0.453125,0.671875,-0.62882614962824446,-0.32386237400320866,0.70732535918859685,-0.61792356918139812,-0.29326071045475804,-0.010902580446846333,-0.030601663548450619,-0.49034061420630776,-0.23226762986517949,-0.6764805099252158,-0.35511804858236429,0.056989957437355868,0.22302530384966096,-0.67325554149535272,-0.3515404773647644
1592,0.421875,0.703125,-0.6030565261455334,-0.16279256050947399,0.62464277109716815,-0.5394077850177692,-0.14222970923305628,-0.063648741127764197,-0.020562851276417715,-0.41090001448526581,-0.11543349281224663,-0.64554187050716083,-0.15347137848432324,0.043495849455690148,0.23770503011884642,-0.64199926183250666,-0.15152610452975393
1593,0.546875,0.796875,-0.17909360886352951,-0.38554464614980771,0.42511080309790217,-0.23943937716650179,-0.36180105991414113,0.06034576830297228,-0.023743586235666581,-0.27145532107376974,-0.30096683093546683,-0.13633875734478618,-0.38864891615980351,0.042867398109574469,0.1610733803681301,-0.13741259075418205,-0.3861187548803901
1594,0.578125,0.828125,-0.064342941478732388,-0.2984680334355706,0.30532471419954277,-0.12121226302879305,-0.28331078112098129,0.056869321550060664,-0.015157252314589309,-0.18303972687572906,-0.25324753859654342,-0.026926010969326127,-0.30733203169471812,0.038452531176554651,0.16521690194345007,-0.028688205693749174,-0.3059777275471024
1595,0.546875,0.828125,-0.1390757546017502,-0.30387425362577514,0.33418801225458128,-0.18480273537935427,-0.29883945230249565,0.045726980777604065,-0.0050348013232794919,-0.2208769334671816,-0.2557392907002235,-0.10542154677687014,-0.30051594053411285,0.033821353774529023,0.12383414184366155,-0.10639205294502425,-0.29869558416614883
1596,0.578125,0.796875,-0.086426011169189187,-0.37819811268909653,0.38794750656269383,-0.14335462386659917,-0.31205911607092235,0.05692861269740998,-0.066138996618174184,-0.19916177797913162,-0.28193640517198526,-0.034822661856593523,-0.39746397747504492,0.055082476398834984,0.20088296356380184,-0.036910773529204334,-0.39543487590295423
1597,0.453125,0.796875,-0.35579152262996894,-0.22988884282090691,0.42359944243221964,-0.32447364779812515,-0.28719285042418174,-0.031317874831843784,0.057304007603274837,-0.29257138095563812,-0.2313489419879067,-0.36467571644085017,-0.19143630435438078,0.039465511705652219,0.082413917748333995,-0.36298767924707376,-0.18956473711025451
1598,0.421875,0.828125,-0.28488637824827601,-0.10239978979226773,0.30273084656328036,-0.26293604741483201,-0.15896376530438239,-0.021950330833443998,0.056563975512114659,-0.21823316001217638,-0.13721772368394322,-0.30014374450231984,-0.07135629200322581,0.03459025845506631,0.10510505237404498,-0.29851199408914003,-0.070470314094202624
1599,0.453125,0.828125,-0.2808277869928556,-0.17855004711720754,0.33278275987926675,-0.26983700601097765,-0.22423124281253631,-0.010990780981877946,0.045681195695328775,-0.24199299334905,-0.1861214017526634,-0.28197908538901545,-0.14802475618322977,0.030546994526483053,0.055228995647862676,-0.28072190580209966,-0.14657885827900621
1600,0.421875,0.796875,-0.36087737148975546,-0.1358976760440436,0.3856172397696021,-0.28833902961684688,-0.18491927596111396,-0.072538341872908585,0.049021599917070363,-0.25073420345725145,-0.14693230799276819,-0.3881675653732255,-0.092283109837523317,0.051448858758774488,0.14790018196925359,-0.38603456635821998,-0.091145457933302323
1601,0.046875,0.015625,-0.0038860507558277006,0.00054853725460842829,0.003924574320427936,0.0027664590339310431,-0.0036942491846302878,-0.0066525097897587437,0.0042427864392387158,-0.025664409991217205,-0.0064593376332178027,0.00011248727254372089,4.4277979926598297e-05,0.0040302089003468617,0.026584684474148291,3.531626051237682e-05,-1.9925578298102046e-05
1602,0.078125,0.015625,0.0044935920286765336,0.0026797512823199389,0.0052319629447541618,0.0056344430902956072,-0.0043728198882939896,-0.0011408510616190736,0.007052571170613928,-0.019130279104031582,-0.0026226577913980803,0.00025475716563054735,0.00018380333123338272,0.0049190931248256796,0.019587134941306709,0.00013610778046458671,0.00012281011969730258
1603,0.015625,0.046875,-0.0022203793774594736,-0.001298098272393695,0.0025719921665197224,0.0026315524808986066,-0.0069378308530542174,-0.0048519318583580802,0.0056397325806605229,-0.033523002667232779,-0.0072374233821586613,0.00011994486319359463,1.5071688166076534e-05,0.002683567196234317,0.034415790028417284,8.0118201910816267e-05,-4.8860654930597889e-05
1604,0.015625,0.078125,0.0037013375101764417,-0.0064259729035345929,0.0074157283608017859,0.0053646299842307343,-0.01085998322514185,-0.0016632924740542926,0.0044340103216072568,-0.034847464456062731,-0.0041788292892797991,0.00031169045714779699,3.9165506962071439e-05,0.0072998439579887667,0.035411264511624817,0.00029427488011957197,-9.4764000299759569e-06
1605,0.953125,0.015625,0.0026841882992119418,-0.00067436848184240859,0.0027676054044839435,-0.002175686002088575,0.0036261862873985745,0.0048598743013005168,-0.0043005547692409832,0.082322439280657328,0.037611686142392409,2.7439882626054471e-05,0.00011773265830759933,0.0027723160651806212,0.090433751850670679,0.0018135015387333675,0.0015271461759380699
1606,0.921875,0.015625,-0.0032327073339861838,0.0055301266717201029,0.0064056769909571713,-0.0032548123182867005,0.0058121784673729714,2.2104984300516748e-05,-0.00028205179565286842,0.074705460342740101,0.018713022224492289,0.00014478016530036498,0.00027878949361157375,0.0062437139561339417,0.076805702684753355,0.0022937304696026926,0.0011948798576945289
1607,0.984375,0.046875,0.0040498059835601509,-0.00092097320751011397,0.0041532060090285752,-0.0050556536983221035,0.003222598142050189,0.0091054596818822553,-0.004143571349560303,0.09861176872624558,0.039823611141053913,-2.5406826721936918e-06,0.00012086137067841321,0.0041841286777098124,0.10630658662343938,0.0017721813407948325,0.001650265465650126
1608,0.984375,0.078125,-0.0011211275329947273,-9.2676384428249709e-05,0.0011249514911628572,-0.009014747710753758,0.0050050021766762003,0.0078936201777590302,-0.0050976785611044498,0.10728411923391661,0.023136872221815291,-6.6022547567158183e-06,0.00031407210676009765,0.0011864278026561558,0.1096912900947556,0.0021662402669107477,0.0015795750997786785
1609,0.984375,0.953125,0.0040498059835597953,-0.00092097320751002344,0.0041532060090282092,-0.0050556536983226725,0.0032225981420502896,0.0091054596818824669,-0.0041435713495603134,0.098611768726244983,0.039823611141054011,-2.5406826721936918e-06,0.00012086137067841321,0.0041841286777094455,0.10630658662343886,0.0017721813407947393,0.0016502654656496058
1610,0.984375,0.921875,-0.0011211275329951447,-9.2676384428134079e-05,0.0011249514911632638,-0.0090147477107543061,0.005005002176676307,0.0078936201777591621,-0.0050976785611044411,0.10728411923391602,0.023136872221815423,-6.6022547567158183e-06,0.00031407210676009765,0.0011864278026565082,0.10969129009475506,0.0021662402669105191,0.0015795750997781299
1611,0.953125,0.984375,0.002684188299211453,-0.00067436848184225236,0.0027676054044834314,-0.0021756860020889814,0.0036261862873987966,0.0048598743013004344,-0.0043005547692410492,0.08232243928065687,0.037611686142392582,2.7439882626054471e-05,0.00011773265830759933,0.0027723160651801082,0.090433751850670333,0.001813501538733294,0.0015271461759376007
1612,0.921875,0.984375,-0.0032327073339865108,0.0055301266717204716,0.0064056769909576544,-0.0032548123182869221,0.0058121784673733218,2.2104984300411364e-05,-0.00028205179565285021,0.07470546034273981,0.018713022224492573,0.00014478016530036498,0.00027878949361157375,0.0062437139561344283,0.076805702684753133,0.0022937304696025343,0.0011948798576941106
1613,0.015625,0.953125,-0.0022203793774593162,-0.0012980982723934473,0.0025719921665194614,0.0026315524808987194,-0.0069378308530538644,-0.004851931858358036,0.005639732580660417,-0.033523002667232772,-0.0072374233821586378,0.00011994486319359463,1.5071688166076534e-05,0.0026835671962340585,0.034415790028417277,8.0118201910866683e-05,-4.8860654931253683e-05
1614,0.015625,0.921875,0.003701337510176659,-0.0064259729035342694,0.0074157283608016142,0.0053646299842309043,-0.01085998322514156,-0.0016632924740542453,0.0044340103216072907,-0.034847464456062731,-0.0041788292892797965,0.00031169045714779699,3.9165506962071439e-05,0.0072998439579885811,0.035411264511624817,0.00029427488011950193,-9.4764000306325345e-06
1615,0.046875,0.984375,-0.0038860507558276707,0.00054853725460869544,0.0039245743204279438,0.0027664590339311276,-0.0036942491846298476,-0.0066525097897587983,0.0042427864392385432,-0.02566440999121725,-0.0064593376332177446,0.00011248727254372089,4.4277979926598297e-05,0.0040302089003468652,0.026584684474148319,3.5316260512404047e-05,-1.9925578298781092e-05
1616,0.078125,0.984375,0.0044935920286765588,0.0026797512823203322,0.0052319629447543847,0.0056344430902957199,-0.0043728198882935273,-0.0011408510616191612,0.0070525711706138595,-0.019130279104031686,-0.0026226577913980084,0.00025475716563054735,0.00018380333123338272,0.0049190931248259007,0.019587134941306802,0.00013610778046442906,0.00012281011969658207
1617,0.484375,0.453125,-0.70269803548824838,-0.6633419681166971,0.96633694731391528,-0.72398782920916249,-0.69373664051976547,0.021289793720914107,0.030394672403068368,-0.64591873891103624,-0.50948557357846236,-0.72847157846126853,-0.65640573157129312,0.026690576891403341,0.16852449122440558,-0.72594099797060108,-0.65038525498086008
1618,0.515625,0.453125,-0.55913713000461829,-0.78830294554278635,0.96646565593467137,-0.58625606076852177,-0.81353156134582083,0.027118930763903482,0.025228615803034482,-0.58742750098884433,-0.59397202710157493,-0.54342778436618411,-0.81622641971719878,0.032039100336258959,0.2265678487778314,-0.54294611936671877,-0.80939314952180108
1619,0.484375,0.421875,-0.67011443055438413,-0.61933142436594923,0.91248274682011499,-0.68160666322681174,-0.64497921376113143,0.011492232672427605,0.025647789395182197,-0.60831531668838101,-0.47706807052066785,-0.70568600429607564,-0.63587427650647399,0.039230126375068709,0.18628059980792833,-0.70323753112526555,-0.63006114079690989
1620,0.515625,0.421875,-0.52016833245343674,-0.74978173006878746,0.91255012839423411,-0.54387489478617101,-0.76477413458718679,0.023706562332734271,0.014992404518399338,-0.54982407876618911,-0.56155452404378048,-0.52643012179401205,-0.79069599660674517,0.041390665760347327,0.23033256754341094,-0.52597057698217886,-0.78410117086517028
1621,0.453125,0.484375,-0.8084265815337488,-0.52073610142972493,0.96162343204737466,-0.70148854603545741,-0.55721084563533885,-0.10693803549829139,0.036474744205613918,-0.6114872166533345,-0.39502573272328301,-0.86822253810238326,-0.45577291428577937,0.088293669681678261,0.26382426982242041,-0.86408550904328518,-0.45106613735875106
1622,0.453125,0.515625,-0.80842658153374924,-0.52073610142972548,0.96162343204737533,-0.70148854603545763,-0.55721084563533896,-0.10693803549829162,0.036474744205613474,-0.6114872166533345,-0.39502573272328295,-0.86822253810238326,-0.45577291428577937,0.088293669681678372,0.26382426982242041,-0.86408550904328463,-0.4510661373587504
1623,0.421875,0.484375,-0.83288532480357957,-0.31044162044969903,0.88885992371160438,-0.63660809687940167,-0.37192762399227824,-0.1962772279241779,0.061486003542579215,-0.53945227217297742,-0.24814838881030926,-0.92415209903900475,-0.21970828392164471,0.1286940652744066,0.38574965503138126,-0.91912439171555194,-0.21678087196990137
1624,0.421875,0.515625,-0.83288532480357946,-0.31044162044969914,0.88885992371160438,-0.6366080968794019,-0.3719276239922783,-0.19627722792417757,0.06148600354257916,-0.53945227217297742,-0.24814838881030921,-0.92415209903900475,-0.21970828392164471,0.12869406527440674,0.38574965503138126,-0.91912439171555171,-0.21678087196990101
1625,0.546875,0.484375,-0.40348348412124668,-0.87336032204996628,0.96205882049375813,-0.45463310066704549,-0.77246769831724316,0.051149616545798804,-0.10089262373272312,-0.49827376177946486,-0.58474564835816656,-0.32459628268891061,-0.9252981024135073,0.09444958220615586,0.38228240962195065,-0.32645723258973963,-0.9182634143469105
1626,0.546875,0.515625,-0.40348348412124718,-0.87336032204996639,0.96205882049375846,-0.45463310066704549,-0.77246769831724305,0.051149616545798304,-0.10089262373272334,-0.49827376177946481,-0.58474564835816667,-0.32459628268891061,-0.9252981024135073,0.094449582206156221,0.38228240962195054,-0.32645723258973924,-0.91826341434690983
1627,0.578125,0.484375,-0.19229448842512756,-0.86827027920319333,0.88930897219485694,-0.28062897458321856,-0.68264640853003156,0.088334486158091002,-0.18562387067316177,-0.37151660034742995,-0.54310176655696396,-0.082906040894874203,-0.94628506305717941,0.13435824854791445,0.4958354823974358,-0.087107378023921586,-0.93997838805882705
1628,0.578125,0.515625,-0.19229448842512756,-0.86827027920319333,0.88930897219485694,-0.28062897458321856,-0.68264640853003145,0.088334486158091002,-0.18562387067316188,-0.37151660034742995,-0.54310176655696396,-0.082906040894874203,-0.94628506305717941,0.13435824854791445,0.4958354823974358,-0.08710737802392142,-0.9399783880588265
1629,0.515625,0.546875,-0.55913713000461907,-0.78830294554278624,0.96646565593467171,-0.58625606076852177,-0.81353156134582072,0.027118930763902704,0.025228615803034482,-0.58742750098884444,-0.59397202710157515,-0.54342778436618411,-0.81622641971719878,0.032039100336259438,0.2265678487778312,-0.54294611936671777,-0.80939314952179942
1630,0.484375,0.546875,-0.70269803548824872,-0.66334196811669732,0.96633694731391573,-0.72398782920916271,-0.69373664051976558,0.021289793720913996,0.030394672403068257,-0.64591873891103635,-0.50948557357846236,-0.72847157846126853,-0.65640573157129312,0.026690576891403077,0.16852449122440552,-0.72594099797059952,-0.65038525498085831
1631,0.515625,0.578125,-0.52016833245343708,-0.74978173006878757,0.91255012839423444,-0.54387489478617113,-0.7647741345871869,0.023706562332734049,0.014992404518399338,-0.54982407876618911,-0.56155452404378081,-0.52643012179401205,-0.79069599660674517,0.041390665760347167,0.23033256754341064,-0.52597057698217742,-0.78410117086516762
1632,0.484375,0.578125,-0.67011443055438458,-0.61933142436594957,0.91248274682011554,-0.68160666322681207,-0.64497921376113176,0.011492232672427494,0.025647789395182197,-0.60831531668838101,-0.47706807052066802,-0.70568600429607564,-0.63587427650647399,0.039230126375068161,0.18628059980792819,-0.70323753112526421,-0.63006114079690789
1633,0.453125,0.015625,-0.040312905321247525,0.0062579891146131239,0.040795744425104974,-0.0037376036607841695,0.020754047825154769,-0.036575301660463355,-0.014496058710541646,-0.010657973383109759,-0.0062723588425139341,-0.0032927661380892062,-0.0017285356610282738,0.037871827037157156,0.0086540514712306685,-0.0040389898043776311,-0.001697667972224819
1634,0.421875,0.015625,-0.054232561229131095,0.0054784322742481477,0.054508567378486264,-0.00392045165018267,0.016198777912771425,-0.050312109578948425,-0.010720345638523279,-0.0084550581132363731,-0.0036573390398619531,-0.0035048810697895709,-0.00083325180562125636,0.05111883107302561,0.0056990983030711963,-0.0041046377441064479,-0.00062404598869432416
1635,0.546875,0.015625,0.031341025920141957,-0.017442677677574108,0.03586790919876362,0.020618920762782121,-0.00071432479656740114,0.010722105157359836,-0.016728352881006707,-0.0026129828781756579,-0.040199604637899858,-0.001231043426405084,-0.0035092273300397895,0.035427118710155837,0.036716393390983988,-0.002050477736406989,-0.0044448294538880061
1636,0.578125,0.015625,0.043592938511917825,-0.025856676790590328,0.050684435705223164,0.016447840319742231,-0.0018685641673530824,0.027145098192175594,-0.023988112623237245,0.00059623626934251182,-0.048305867648113801,-0.0003144242312556611,-0.0035888211557194736,0.049231228886105094,0.044726318309808444,-0.00096144858761911456,-0.0049053355121213447
1637,0.484375,0.046875,-0.035311963560722227,-0.016610025120555906,0.03902342508057529,-0.058191397458533148,-0.037652289874107396,0.02287943389781092,0.02104226475355149,-0.063439276259571173,-0.054114918880409292,-0.023680055027871991,-0.021337447202883872,0.012555867778097864,0.051528228404653896,-0.024231829511072819,-0.021305711592257734
1638,0.515625,0.046875,-0.0093030640654400368,-0.03070573781966995,0.03208409786881955,-0.029846640581325464,-0.062521693037427231,0.020543576515885426,0.031815955217757277,-0.05640058963228186,-0.077320881862929305,-0.017664930544918963,-0.026532657011729736,0.0093453418583929956,0.063874056301979176,-0.018359838031433984,-0.02674063955214152
1639,0.484375,0.078125,-0.072254321272772912,-0.055243828431425765,0.090953655904256483,-0.11282803924568063,-0.10061389748575289,0.040573717972907722,0.045370069054327125,-0.11401766386615922,-0.099342459115652676,-0.061535333655844009,-0.055447799063303445,0.010720928110501616,0.068418829026926989,-0.061791082041337396,-0.055067589354043378
1640,0.515625,0.078125,-0.044371130146763207,-0.074954773754500839,0.087103474667141759,-0.084483282368472953,-0.12548330064907273,0.040112152221709746,0.050528526894571893,-0.1069789772388699,-0.12254842209817268,-0.045904344133045859,-0.068948146449454462,0.0061992190402873687,0.081259463194323367,-0.046436288344776727,-0.068716434185078334
1641,0.015625,0.453125,0.018816342453342762,-0.010922672426635971,0.021756826888612753,0.042674333695408524,-0.03682225556445759,-0.023857991242065762,0.025899583137821619,-0.034096580341548145,0.038760131459469251,0.0036898741880504351,0.00046365164504452797,0.018932998126187692,0.05379996758450753,0.0045005010330815094,0.00099332964974374366
1642,0.015625,0.421875,0.035631743820574366,0.0018663998817187925,0.035680591590015985,0.040709923675326845,-0.033455148838386246,-0.0050781798547524792,0.035321548720105039,-0.03431299000577151,0.037008704667891294,0.0035744600738173917,0.00044914926875787715,0.032088596736535968,0.052650355787170575,0.004356752329516207,0.00094934149842569072
1643,0.015625,0.546875,0.018816342453343023,-0.010922672426635822,0.021756826888612902,0.042674333695408538,-0.036822255564457639,-0.023857991242065515,0.025899583137821817,-0.034096580341548138,0.03876013145946923,0.0036898741880504351,0.00046365164504452797,0.01893299812618781,0.053799967584507509,0.0045005010330814721,0.00099332964974360206
1644,0.015625,0.578125,0.03563174382057431,0.0018663998817188931,0.035680591590015936,0.040709923675326908,-0.033455148838386302,-0.0050781798547525972,0.035321548720105192,-0.034312990005771496,0.03700870466789126,0.0035744600738173917,0.00044914926875787715,0.03208859673653592,0.05265035578717054,0.0043567523295161342,0.00094934149842547865
1645,0.046875,0.484375,0.010782810371978115,0.010597319419625524,0.015118603718584964,0.010854729624397064,0.044540783289130796,-7.191925241894874e-05,-0.033943463869505273,-0.044587768284292208,0.10615549802569405,0.029660164486749227,0.011675028988310151,0.018908092349279981,0.12016369897060071,0.029827038230315597,0.012904745019334042
1646,0.046875,0.515625,0.010782810371978171,0.010597319419625486,0.015118603718584976,0.010854729624397026,0.044540783289130748,-7.1919252418855065e-05,-0.03394346386950526,-0.044587768284292194,0.10615549802569405,0.029660164486749227,0.011675028988310151,0.018908092349279929,0.1201636989706007,0.029827038230315583,0.012904745019333997
1647,0.078125,0.484375,0.026788276116405288,0.082579718310528308,0.086816021640794938,-0.022929284466696079,0.12927092886879052,0.049717560583101367,-0.046691210558262211,-0.055295365891259635,0.17179943780034088,0.067173283393845068,0.048464478818931921,0.052865852668502772,0.17381047771830041,0.066477272965871595,0.049892598400940735
1648,0.078125,0.515625,0.026788276116405264,0.082579718310528169,0.086816021640794799,-0.022929284466696113,0.12927092886879046,0.049717560583101381,-0.046691210558262294,-0.055295365891259621,0.17179943780034088,0.067173283393845068,0.048464478818931921,0.052865852668502702,0.17381047771830041,0.066477272965871637,0.049892598400940714
1649,0.984375,0.453125,-0.01141537446310093,0.012325448798075492,0.016799626847248644,-0.038157913677827685,0.034884994746131194,0.026742539214726753,-0.022559545948055704,0.17076477891164141,-0.11755107518543205,-7.8159240525567991e-05,0.0037180687869798517,0.014234445533929423,0.20950779173163636,0.0046173964178743629,0.0030257978636411597
1650,0.984375,0.421875,-0.012794206370784631,0.032574351164932756,0.034996858008606746,-0.034626490066521909,0.033612582154655131,0.021832283695737278,-0.0010382309897223746,0.16850357231671936,-0.10916452433439583,-7.5714528577502366e-05,0.0036017727850466441,0.031641275775779541,0.20281817896652968,0.0045640615670683397,0.002963263318913608
1651,0.984375,0.546875,-0.011415374463101131,0.012325448798075622,0.016799626847248877,-0.038157913677827782,0.034884994746131222,0.026742539214726649,-0.0225595459480556,0.1707647789116413,-0.11755107518543195,-7.8159240525567991e-05,0.0037180687869798517,0.014234445533929663,0.20950779173163619,0.0046173964178741053,0.0030257978636410113
1652,0.984375,0.578125,-0.012794206370784929,0.032574351164932687,0.034996858008606788,-0.034626490066522068,0.033612582154655166,0.021832283695737139,-0.0010382309897224787,0.1685035723167192,-0.10916452433439572,-7.5714528577502366e-05,0.0036017727850466441,0.031641275775779604,0.20281817896652946,0.0045640615670679216,0.0029632633189133756
1653,0.953125,0.484375,0.01931502717023037,0.011600106387642152,0.022530706664269401,0.045879452775774487,0.014545077679197389,-0.026564425605544117,-0.0029449712915552376,0.18984158192132652,-0.14765789866571469,0.0072352312735606342,0.03104324544368698,0.022890109769459269,0.25549790254110499,0.01208668858309718,0.028647153875489145
1654,0.953125,0.515625,0.019315027170230321,0.011600106387642018,0.022530706664269293,0.04587945277577446,0.01454507767919741,-0.026564425605544138,-0.002944971291555392,0.1898415819213265,-0.1476578986657146,0.0072352312735606342,0.03104324544368698,0.02289010976945936,0.25549790254110488,0.012086688583097078,0.028647153875489113
1655,0.921875,0.484375,0.087417571022438093,0.038973957585941313,0.095712073916375678,0.13344824284068246,-0.0070672519792124786,-0.04603067181824437,0.046041209565153791,0.20665717833608963,-0.16937817129496105,0.038175016782974469,0.07351002518514152,0.060146231080950061,0.29560262981064106,0.042478084212683578,0.069283287160231646
1656,0.921875,0.515625,0.087417571022438148,0.038973957585941389,0.095712073916375762,0.13344824284068241,-0.0070672519792124577,-0.046030671818244259,0.046041209565153847,0.2066571783360896,-0.16937817129496097,0.038175016782974469,0.07351002518514152,0.060146231080950061,0.295602629810641,0.04247808421268346,0.06928328716023166
1657,0.546875,0.984375,0.031341025920142353,-0.017442677677574344,0.035867909198764085,0.020618920762782295,-0.00071432479656792502,0.010722105157360058,-0.016728352881006419,-0.0026129828781754154,-0.040199604637900649,-0.001231043426405084,-0.0035092273300397895,0.035427118710156295,0.036716393390984772,-0.0020504777364077965,-0.0044448294538900939
1658,0.578125,0.984375,0.043592938511918318,-0.025856676790590422,0.050684435705223636,0.016447840319742505,-0.0018685641673533634,0.027145098192175813,-0.023988112623237058,0.00059623626934280326,-0.048305867648114342,-0.0003144242312556611,-0.0035888211557194736,0.04923122888610558,0.044726318309808985,-0.00096144858761961481,-0.0049053355121232321
1659,0.453125,0.984375,-0.040312905321247372,0.0062579891146126365,0.040795744425104745,-0.0037376036607841834,0.020754047825154148,-0.036575301660463189,-0.01449605871054151,-0.010657973383109785,-0.0062723588425147702,-0.0032927661380892062,-0.0017285356610282738,0.037871827037156899,0.0086540514712311299,-0.0040389898043794127,-0.0016976679722269989
1660,0.421875,0.984375,-0.054232561229130803,0.005478432274247518,0.05450856737848591,-0.0039204516501826596,0.016198777912770995,-0.050312109578948147,-0.010720345638523476,-0.008455058113236472,-0.0036573390398626339,-0.0035048810697895709,-0.00083325180562125636,0.051118831073025242,0.0056990983030716195,-0.0041046377441084896,-0.00062404598869638696
1661,0.515625,0.953125,-0.0093030640654396014,-0.030705737819670512,0.032084097868819959,-0.029846640581325433,-0.062521693037427981,0.020543576515885831,0.031815955217757472,-0.056400589632281742,-0.077320881862930277,-0.017664930544918963,-0.026532657011729736,0.0093453418583936358,0.06387405630197987,-0.018359838031435604,-0.026740639552143407
1662,0.484375,0.953125,-0.035311963560722019,-0.016610025120556673,0.039023425080575429,-0.058191397458533217,-0.037652289874108194,0.022879433897811198,0.021042264753551521,-0.063439276259571201,-0.054114918880410236,-0.023680055027871991,-0.021337447202883872,0.012555867778097383,0.051528228404654514,-0.024231829511074769,-0.021305711592259555
1663,0.515625,0.921875,-0.044371130146763089,-0.074954773754501394,0.087103474667142175,-0.084483282368472939,-0.12548330064907345,0.04011215222170985,0.050528526894572059,-0.10697897723886984,-0.1225484220981736,-0.045904344133045859,-0.068948146449454462,0.0061992190402879359,0.081259463194323922,-0.046436288344778705,-0.068716434185079764
1664,0.484375,0.921875,-0.072254321272772842,-0.055243828431426598,0.090953655904256928,-0.11282803924568073,-0.10061389748575368,0.040573717972907888,0.045370069054327083,-0.1140176638661593,-0.099342459115653564,-0.061535333655844009,-0.055447799063303445,0.010720928110501531,0.068418829026927627,-0.061791082041339672,-0.05506758935404469
1665,0.234375,0.203125,-0.0534434374316285,0.2396053158151365,0.24549319414472509,-0.089940690326706166,0.25543774717622142,0.036497252895077666,-0.01583243136108492,-0.052124376936552259,0.23600518516115848,-0.064691514500976391,0.20605792974998813,0.035382853892275294,0.032477239002492685,-0.065075636601542503,0.20477435253717222
1666,0.265625,0.203125,-0.10663904566900782,0.22900905069861618,0.25262033046268878,-0.11474974529599977,0.25662584893368862,0.0081106996269919435,-0.027616798235072432,-0.063105234032318255,0.22886220371685589,-0.13431557571581518,0.21702165724924918,0.030161033091420413,0.072188027423748968,-0.13408118989635631,0.21557233755745125
1667,0.234375,0.171875,-0.037075041881225304,0.18987480279786426,0.19346058892710538,-0.071621514710235396,0.21157051041241576,0.034546472829010091,-0.021695707614551502,-0.041180251558477453,0.19943111120391552,-0.050021576071611881,0.15933067091808956,0.033174640010585163,0.041063540157463843,-0.050360657647918583,0.15827602359484866
1668,0.265625,0.171875,-0.079860916443562663,0.18470697991439328,0.20123228966620088,-0.096430569679528996,0.21275861216988295,0.016569653235966333,-0.028051632255489678,-0.052161108654243449,0.19228812975961293,-0.10385715715728977,0.16780818042398363,0.02934942917005719,0.05719920760206644,-0.10369785157731912,0.16662828362413687
1669,0.203125,0.234375,-0.02566223587965856,0.26404203379987207,0.26528615863538002,-0.090075596879738595,0.25219416550779744,0.064413361000080036,0.011847868292074626,-0.059982969612567834,0.23522709941221762,-0.011700864323332916,0.21565702454445584,0.050359001344153879,0.052097500146269661,-0.012669440856389333,0.2145893794174982
1670,0.203125,0.265625,-0.04248028065785657,0.28913295631999042,0.29223695980335507,-0.078217740805711519,0.26604529538534794,0.035737460147854949,0.023087660934642484,-0.053908234539243691,0.25236452894710459,-0.013827282122967386,0.2548487391849788,0.044681113119538395,0.040157864075443112,-0.014922958577545661,0.25365244798239373
1671,0.171875,0.234375,0.0055735039727526003,0.21910034648269025,0.21917122478867795,-0.071891327816300268,0.20508334707556791,0.077464831789052863,0.014016999407122338,-0.056897436910508602,0.19787493970603379,0.032489129842354796,0.16380743942197257,0.061495987569739556,0.095658522314891609,0.03125375245220622,0.16329181952808522
1672,0.171875,0.265625,0.0020393813508739287,0.24015080203546321,0.24015946118063,-0.060033471742273192,0.21893447695311838,0.062072853093147119,0.021216325082344833,-0.050822701837184459,0.21501236924092079,0.038393434181108133,0.19357644154644216,0.059082892719845272,0.091755206512532037,0.036992333200995285,0.19302396194700719
1673,0.296875,0.265625,-0.27346778627180557,0.24976911505257995,0.37036366042384727,-0.25289312422738941,0.21244936681044571,-0.020574662044416159,0.037319748242134243,-0.16927514058478449,0.19151924873913431,-0.30572179145752398,0.29443422104109829,0.055093489120638627,0.17090693390936856,-0.30438886471839316,0.29259298723195781
1674,0.296875,0.234375,-0.21475863542331358,0.22186275792253085,0.30877881216475206,-0.16920353909374874,0.19821951123442644,-0.045555096329564837,0.023643246688104413,-0.11588653690877967,0.18101964367896053,-0.25870660414087837,0.2491548839396043,0.051732814508123094,0.15824026848295236,-0.25757614671872747,0.24754369689727151
1675,0.328125,0.265625,-0.36518300061871056,0.17891131571758756,0.40665450056858271,-0.28902774240866763,0.1101757923473779,-0.076155258210042931,0.068735523370209661,-0.2111123180831711,0.10710261474399597,-0.41166354156878526,0.23384393333673187,0.07195855171904654,0.23724281881692888,-0.40943673253149365,0.23248608915168464
1676,0.328125,0.234375,-0.2932123460748301,0.15339148285645032,0.33091150917368622,-0.20533815727502697,0.095945936771358625,-0.087874188799803132,0.057445546085091698,-0.15772371440716629,0.096603009683822197,-0.34835618481800157,0.19788242638535336,0.070853983708927315,0.21586629894992959,-0.34645791468329801,0.19669025351567729
1677,0.265625,0.296875,-0.23629205280694462,0.31832825115748875,0.39644269409929245,-0.23039384105368432,0.3489751616948723,-0.0058982117532603018,-0.030646910537383554,-0.13484361832708269,0.30597908959431358,-0.22337344930523717,0.36091775578039487,0.04450568750686669,0.10419111293832249,-0.22292795109757196,0.35875095622415076
1678,0.234375,0.296875,-0.14084198894186439,0.32575596679151025,0.3548991627904633,-0.110037344876723,0.3474083342389363,-0.030804644065141398,-0.021652367447426046,-0.064399422481987753,0.3197598955133294,-0.10758519001129803,0.34268453438592139,0.037317436620253899,0.048893246819314277,-0.10810198416182926,0.34079666830629585
1679,0.265625,0.328125,-0.27926456193678617,0.35049654348502679,0.44814788022336594,-0.24402917606125746,0.38322738211623114,-0.035235385875528713,-0.032730838631204351,-0.14224927356776754,0.33602229645435455,-0.24915799175751052,0.40257937324049931,0.06015834707916419,0.12593378615483078,-0.2486532643383948,0.4002195408657428
1680,0.234375,0.328125,-0.16623762236843206,0.34944988064962307,0.38697566612998452,-0.1236726798842961,0.38166055466029514,-0.042564942484135962,-0.032210674010672069,-0.071805077722672583,0.34980310237337037,-0.12000401108296231,0.38224144659770837,0.056681863147073276,0.058098049477467766,-0.12056030045379433,0.38019257478854984
1681,0.765625,0.203125,0.24451393254787598,-0.021517760940881949,0.24545891152275606,0.26506470783549185,-0.055650407018602757,-0.020550775287615869,0.034132646077720805,0.14765618369634451,-0.18432540613429671,0.2132777296273147,-0.034021647612940888,0.033645914384991447,0.16400428993174684,0.21164513120006911,-0.038169765200272328
1682,0.734375,0.203125,0.24095371924548553,-0.075585930300041071,0.2525310429977965,0.26930758983931197,-0.080032307407129202,-0.028353870593826436,0.0044463771070881314,0.12767795005012383,-0.19738229146847189,0.2342550871030922,-0.10130956401744189,0.026581516213453761,0.14348747367727643,0.23162386280700722,-0.10471533552462813
1683,0.765625,0.171875,0.19304174293315926,-0.012468816983325602,0.19344401234371564,0.21944551587969702,-0.043584982620961471,-0.026403772946537757,0.031116165637635869,0.12915024735581276,-0.16623455467274864,0.16491325422242781,-0.026306640790216933,0.031348002246719249,0.14442580705559088,0.16392802241776061,-0.030041628968767223
1684,0.734375,0.171875,0.19346255439733284,-0.055642911530052297,0.20130547324273673,0.2236883978835171,-0.067966883009487916,-0.030225843486184262,0.012323971479435619,0.10917201370959209,-0.17929144000692382,0.18113362703098468,-0.07833583897937367,0.02582578955665929,0.12397784951615959,0.17926463298884054,-0.081507696704466961
1685,0.796875,0.234375,0.26508661275115186,0.0090727544833235536,0.26524182764751453,0.2621847401392583,-0.056053995163951147,0.0029018726118935634,0.065126749647274704,0.16394551314193276,-0.18211348113563519,0.21506453182995339,0.019801757751372589,0.051159750691463848,0.20828566385237274,0.21414847589933797,0.01478849548479972
1686,0.796875,0.265625,0.29190165379061567,-0.004398984414872859,0.29193479845605719,0.27402558590217729,-0.0427204983164826,0.017876067888438374,0.03832151390160974,0.17049718071177011,-0.1890484288404721,0.25414857177060313,0.023400364570751096,0.046883888554964226,0.22832442937180944,0.25276149975007517,0.017897178297295646
1687,0.828125,0.234375,0.21789429055334156,0.03441351099847046,0.22059513048792778,0.21368558048722994,-0.044392158911658243,0.0042087100661116206,0.078805669910128703,0.16172890624698927,-0.16181070467542563,0.15733707155991358,0.055977376509150946,0.064282012009431608,0.21783235874859896,0.15786078625694699,0.050999018301711475
1688,0.828125,0.265625,0.23869870601123391,0.033488082328451588,0.24103635391673728,0.22552642625014896,-0.031058662064189693,0.013172279761084954,0.064546744392641284,0.16828057381682662,-0.16874565238026254,0.18593020282460157,0.066150239512829792,0.062059096355769283,0.23555803835225708,0.18616268466986041,0.060624920426200858
1689,0.703125,0.265625,0.28400465907045819,-0.23763635725012469,0.37031025459854078,0.24453945492499679,-0.22253533773470524,0.039465204145461397,-0.01510101951541945,0.071954290914915342,-0.28528445417392023,0.33578345566824186,-0.25962818643508245,0.056255527088589385,0.26507371097248561,0.33087401764747454,-0.26199741634753904
1690,0.703125,0.234375,0.2482740268091827,-0.18350715821105745,0.30873106339133555,0.21884202849520434,-0.14183967564798902,0.029431998313978358,-0.041667482563068431,0.073890343296017624,-0.23450356869350131,0.28414525876114849,-0.21970146822591508,0.05095854549732904,0.21077531083004442,0.28002557532547528,-0.22207214583340276
1691,0.671875,0.265625,0.22649645330719961,-0.33810383009361594,0.40695803626997362,0.14845470162509433,-0.2722772815779238,0.078041751682105281,-0.06582654851569214,-0.0003392521797225944,-0.30431487993740158,0.29125248308557583,-0.37325841947883137,0.07368302754027585,0.29963135970643756,0.28610703396461662,-0.37398048329829919
1692,0.671875,0.234375,0.19097513628505483,-0.27078285315659628,0.33135306885967125,0.12275727519530191,-0.19158161949120758,0.068217861089752918,-0.079201233665388698,0.0015968002013796861,-0.25353399445698271,0.24646244707465248,-0.31585716448274936,0.071488007387172092,0.25267244119754523,0.24208597938919793,-0.31679377117248719
1693,0.734375,0.296875,0.34669783572777968,-0.19168195784264064,0.39615825406106886,0.37616241502647302,-0.18147147470612759,-0.029464579298693339,-0.010210483136513043,0.16110803012429492,-0.27605807543051186,0.38957780245999596,-0.16848281847866992,0.048753375413246113,0.25252895433866962,0.38474655422430615,-0.17249030157407333
1694,0.765625,0.296875,0.3410991706013824,-0.096634909898661636,0.35452355351382991,0.35806295235577951,-0.063060415383416391,-0.016963781754397111,-0.033574494515245246,0.18957398372145523,-0.2191552523207547,0.35469141886895511,-0.056579683613380637,0.04229858585972348,0.23172091603956457,0.35119110309481805,-0.061834927330314517
1695,0.734375,0.328125,0.38444525239881067,-0.22971478958632677,0.44784711302706376,0.41170062182804679,-0.19014955552076851,-0.02725536942923612,-0.039565234065558258,0.17796822623903658,-0.28586212245058495,0.43454771906036438,-0.18793120144027051,0.065238986840166019,0.27463339459428138,0.4290760329434477,-0.19209546879932796
1696,0.765625,0.328125,0.36810605763431897,-0.11854770301093255,0.38672422675111634,0.39360115915735328,-0.071738496198057292,-0.025495101523034303,-0.046809206812875259,0.20643417983619688,-0.22895929934082776,0.39563431506243402,-0.063110814589792549,0.061895505126353861,0.25159970402176701,0.39158956134374739,-0.068667452406714041
1697,0.796875,0.765625,0.26508661275115258,0.0090727544833243117,0.2652418276475153,0.26218474013925902,-0.056053995163950272,0.0029018726118935634,0.065126749647274579,0.16394551314193317,-0.18211348113563447,0.21506453182995339,0.019801757751372589,0.05115975069146439,0.20828566385237196,0.21414847589933722,0.014788495484800631
1698,0.796875,0.734375,0.29190165379061617,-0.0043989844148723005,0.29193479845605769,0.27402558590217801,-0.042720498316481795,0.017876067888438152,0.038321513901609497,0.17049718071177053,-0.18904842884047138,0.25414857177060313,0.023400364570751096,0.046883888554964302,0.22832442937180861,0.25276149975007434,0.017897178297296666
1699,0.828125,0.765625,0.21789429055334214,0.034413510998471085,0.22059513048792845,0.21368558048723049,-0.044392158911657487,0.0042087100661116483,0.078805669910128578,0.16172890624698955,-0.16181070467542499,0.15733707155991358,0.055977376509150946,0.064282012009431941,0.21783235874859833,0.15786078625694605,0.050999018301712176
1700,0.828125,0.734375,0.23869870601123439,0.033488082328451858,0.24103635391673778,0.22552642625014946,-0.031058662064189006,0.013172279761084926,0.064546744392640867,0.16828057381682687,-0.1687456523802619,0.18593020282460157,0.066150239512829792,0.06205909635576954,0.23555803835225639,0.18616268466985939,0.060624920426201628
1701,0.765625,0.796875,0.24451393254787704,-0.021517760940881373,0.24545891152275706,0.26506470783549274,-0.055650407018601765,-0.020550775287615702,0.034132646077720388,0.14765618369634509,-0.1843254061342959,0.2132777296273147,-0.034021647612940888,0.033645914384992641,0.16400428993174587,0.21164513120006856,-0.038169765200271509
1702,0.734375,0.796875,0.24095371924548611,-0.075585930300040544,0.25253104299779688,0.26930758983931291,-0.080032307407128286,-0.028353870593826797,0.0044463771070877428,0.1276779500501245,-0.19738229146847122,0.2342550871030922,-0.10130956401744189,0.026581516213454417,0.14348747367727549,0.23162386280700689,-0.10471533552462729
1703,0.765625,0.828125,0.19304174293316026,-0.012468816983325264,0.19344401234371664,0.21944551587969788,-0.043584982620960472,-0.026403772946537618,0.03111616563763521,0.12915024735581332,-0.16623455467274786,0.16491325422242781,-0.026306640790216933,0.031348002246720297,0.14442580705558999,0.16392802241776017,-0.030041628968766682
1704,0.734375,0.828125,0.19346255439733387,-0.055642911530051714,0.20130547324273756,0.22368839788351805,-0.067966883009486986,-0.030225843486184178,0.012323971479435272,0.10917201370959273,-0.17929144000692318,0.18113362703098468,-0.07833583897937367,0.025825789556660293,0.1239778495161587,0.17926463298884021,-0.081507696704466448
1705,0.734375,0.703125,0.34669783572778001,-0.1916819578426403,0.39615825406106897,0.3761624150264738,-0.18147147470612668,-0.029464579298693783,-0.010210483136513626,0.16110803012429548,-0.27605807543051125,0.38957780245999596,-0.16848281847866992,0.048753375413245661,0.25252895433866884,0.38474655422430565,-0.17249030157407175
1706,0.765625,0.703125,0.34109917060138301,-0.096634909898661331,0.35452355351383041,0.35806295235578028,-0.063060415383415599,-0.016963781754397278,-0.033574494515245731,0.18957398372145573,-0.219155252320754,0.35469141886895511,-0.056579683613380637,0.042298585859723001,0.23172091603956371,0.35119110309481749,-0.061834927330313191
1707,0.734375,0.671875,0.38444525239881078,-0.2297147895863263,0.44784711302706359,0.41170062182804745,-0.19014955552076773,-0.027255369429236675,-0.039565234065558563,0.17796822623903702,-0.28586212245058445,0.43454771906036438,-0.18793120144027051,0.06523898684016563,0.27463339459428077,0.42907603294344721,-0.19209546879932632
1708,0.765625,0.671875,0.36810605763431936,-0.11854770301093241,0.38672422675111662,0.39360115915735394,-0.071738496198056639,-0.02549510152303458,-0.046809206812875773,0.20643417983619727,-0.22895929934082718,0.39563431506243402,-0.063110814589792549,0.06189550512635357,0.25159970402176635,0.39158956134374662,-0.06866745240671264
1709,0.703125,0.734375,0.28400465907045902,-0.23763635725012461,0.37031025459854133,0.24453945492499751,-0.22253533773470441,0.039465204145461508,-0.0151010195154202,0.071954290914915842,-0.28528445417391968,0.33578345566824186,-0.25962818643508245,0.05625552708858865,0.26507371097248505,0.33087401764747409,-0.26199741634753759
1710,0.703125,0.765625,0.24827402680918334,-0.1835071582110574,0.30873106339133599,0.21884202849520518,-0.14183967564798833,0.029431998313978164,-0.041667482563069069,0.073890343296018166,-0.23450356869350084,0.28414525876114849,-0.21970146822591508,0.050958545497328631,0.21077531083004383,0.28002557532547484,-0.2220721458334016
1711,0.671875,0.734375,0.22649645330720058,-0.33810383009361572,0.40695803626997401,0.14845470162509491,-0.27227728157792319,0.07804175168210567,-0.065826548515692529,-0.00033925217972224919,-0.30431487993740131,0.29125248308557583,-0.37325841947883137,0.073683027540275101,0.29963135970643728,0.28610703396461618,-0.37398048329829764
1712,0.671875,0.765625,0.19097513628505552,-0.27078285315659628,0.3313530688596717,0.12275727519530261,-0.19158161949120708,0.068217861089752918,-0.079201233665389198,0.0015968002013800765,-0.25353399445698244,0.24646244707465248,-0.31585716448274936,0.071488007387171551,0.25267244119754489,0.24208597938919743,-0.31679377117248608
1713,0.203125,0.765625,-0.025662235879658483,0.26404203379987184,0.2652861586353798,-0.090075596879738207,0.25219416550779689,0.064413361000079716,0.011847868292074959,-0.05998296961256782,0.23522709941221809,-0.011700864323332916,0.21565702454445584,0.050359001344153644,0.052097500146269828,-0.0126694408563901,0.21458937941749917
1714,0.203125,0.734375,-0.042480280657856466,0.28913295631999009,0.29223695980335468,-0.078217740805711283,0.26604529538534732,0.035737460147854817,0.023087660934642762,-0.053908234539243663,0.25236452894710509,-0.013827282122967386,0.2548487391849788,0.044681113119538068,0.040157864075443056,-0.014922958577546048,0.25365244798239484
1715,0.171875,0.765625,0.005573503972752995,0.21910034648269036,0.21917122478867809,-0.071891327816299894,0.20508334707556744,0.07746483178905289,0.014016999407122921,-0.056897436910508602,0.1978749397060342,0.032489129842354796,0.16380743942197257,0.061495987569739487,0.095658522314891747,0.03125375245220563,0.16329181952808594
1716,0.171875,0.734375,0.0020393813508742496,0.24015080203546327,0.24015946118063008,-0.060033471742272949,0.21893447695311785,0.062072853093147196,0.021216325082345416,-0.050822701837184445,0.21501236924092118,0.038393434181108133,0.19357644154644216,0.059082892719845112,0.091755206512532106,0.03699233320099491,0.19302396194700797
1717,0.234375,0.796875,-0.053443437431628396,0.23960531581513636,0.24549319414472495,-0.089940690326705791,0.25543774717622092,0.036497252895077395,-0.015832431361084559,-0.052124376936552301,0.23600518516115898,-0.064691514500976391,0.20605792974998813,0.035382853892275197,0.032477239002493129,-0.06507563660154389,0.20477435253717344
1718,0.265625,0.796875,-0.10663904566900795,0.22900905069861616,0.25262033046268884,-0.11474974529599952,0.25662584893368806,0.0081106996269915688,-0.027616798235071904,-0.063105234032318366,0.22886220371685637,-0.13431557571581518,0.21702165724924918,0.030161033091420288,0.072188027423748941,-0.13408118989635806,0.21557233755745278
1719,0.234375,0.828125,-0.037075041881224971,0.18987480279786434,0.19346058892710541,-0.071621514710235062,0.21157051041241548,0.034546472829010091,-0.021695707614551141,-0.041180251558477557,0.19943111120391599,-0.050021576071611881,0.15933067091808956,0.033174640010585364,0.04106354015746428,-0.050360657647920262,0.15827602359484991
1720,0.265625,0.828125,-0.079860916443562607,0.18470697991439355,0.2012322896662011,-0.096430569679528788,0.21275861216988262,0.016569653235966181,-0.028051632255489067,-0.052161108654243622,0.19228812975961335,-0.10385715715728977,0.16780818042398363,0.029349429170057395,0.057199207602066461,-0.1036978515773212,0.16662828362413826
1721,0.265625,0.703125,-0.23629205280694482,0.31832825115748881,0.39644269409929256,-0.23039384105368424,0.34897516169487169,-0.0058982117532605793,-0.030646910537382888,-0.13484361832708275,0.30597908959431414,-0.22337344930523717,0.36091775578039487,0.04450568750686669,0.10419111293832214,-0.22292795109757185,0.35875095622415198
1722,0.234375,0.703125,-0.1408419889418642,0.32575596679151014,0.35489916279046313,-0.11003734487672279,0.34740833423893569,-0.030804644065141412,-0.021652367447425547,-0.064399422481987725,0.31975989551332989,-0.10758519001129803,0.34268453438592139,0.037317436620253781,0.048893246819314069,-0.1081019841618292,0.34079666830629696
1723,0.265625,0.671875,-0.27926456193678617,0.35049654348502635,0.4481478802233656,-0.24402917606125743,0.38322738211623064,-0.035235385875528741,-0.032730838631204295,-0.14224927356776756,0.336022296454355,-0.24915799175751052,0.40257937324049931,0.060158347079164579,0.12593378615483053,-0.2486532643383943,0.40021954086574407
1724,0.234375,0.671875,-0.16623762236843212,0.34944988064962273,0.38697566612998424,-0.12367267988429598,0.38166055466029469,-0.042564942484136142,-0.032210674010671958,-0.071805077722672569,0.34980310237337076,-0.12000401108296231,0.38224144659770837,0.056681863147073512,0.058098049477467557,-0.12056030045379382,0.38019257478855073
1725,0.296875,0.734375,-0.27346778627180601,0.24976911505257998,0.37036366042384761,-0.25289312422738935,0.21244936681044496,-0.020574662044416658,0.03731974824213502,-0.16927514058478457,0.19151924873913478,-0.30572179145752398,0.29443422104109829,0.055093489120638342,0.1709069339093682,-0.30438886471839399,0.29259298723195976
1726,0.296875,0.765625,-0.21475863542331347,0.22186275792253024,0.30877881216475156,-0.16920353909374855,0.19821951123442572,-0.04555509632956492,0.023643246688104524,-0.11588653690877979,0.18101964367896092,-0.25870660414087837,0.2491548839396043,0.051732814508123511,0.15824026848295208,-0.25757614671872908,0.24754369689727351
1727,0.328125,0.734375,-0.36518300061871128,0.17891131571758728,0.40665450056858327,-0.28902774240866769,0.11017579234737719,-0.076155258210043597,0.068735523370210092,-0.21111231808317127,0.10710261474399627,-0.41166354156878526,0.23384393333673187,0.071958551719046276,0.23724281881692857,-0.40943673253149443,0.23248608915168681
1728,0.328125,0.765625,-0.29321234607483015,0.15339148285644999,0.33091150917368611,-0.20533815727502686,0.095945936771357959,-0.087874188799803299,0.057445546085092031,-0.15772371440716648,0.096603009683822405,-0.34835618481800157,0.19788242638535336,0.070853983708927482,0.21586629894992934,-0.34645791468329967,0.19669025351567945
1729,0.203125,0.015625,0.023182517894608526,0.013740559720220008,0.026948694167969939,0.017106379315753865,-0.0070871027029487986,0.0060761385788546604,0.020827662423168806,0.0070062444447109209,0.01272406157588081,-8.5965533804078557e-05,0.0015844189558368185,0.026252506153542954,0.013205721490386214,-0.0002005557088580423,0.0015565576792908621
1730,0.171875,0.015625,0.026430422318082722,0.014798411210080064,0.030291256135307899,0.014238395259389304,-0.0064085319992850985,0.012192027058693418,0.021206943209365163,0.00047211355752529473,0.0088873817340610877,0.00023869564782138215,0.0012034832284063292,0.029509805366972088,0.00768744301870095,9.7815369628878921e-05,0.001143234901789681
1731,0.296875,0.015625,-0.024143198725483653,-0.0080842501233571243,0.025460737317587547,-0.0046518436077766685,-0.0020223017367619577,-0.019491355117706985,-0.0060619483865951666,0.00035660296625716729,0.0068027401707459684,-0.001900701581443188,0.0018305256779236234,0.024352237235874461,0.0054606172529945065,-0.0020132833762305552,0.0020303301432776574
1732,0.328125,0.015625,-0.040500733857499069,-0.0066430948495572279,0.041041931633101596,-0.004468995618378168,0.0025329681756213864,-0.036031738239120897,-0.0091760630251786143,-0.00184631230361622,0.0041877203680939874,-0.0025593515619281746,0.0014538300714025962,0.038795730224785316,0.0028253461979441397,-0.0027420444488048812,0.0017305533709542325
1733,0.234375,0.046875,0.0049345079132260411,0.01900491404371912,0.019635073876989682,0.0016551877556476662,0.036101563357193146,0.0032793201575783749,-0.017096649313474026,0.0025962499538217457,0.053134815374943523,-0.0049285871595203447,0.015698727638658212,0.010402476289761183,0.038184863998463867,-0.0050837341555738276,0.015543302162767952
1734,0.265625,0.046875,-0.014245151491606475,0.014766500594796112,0.02051764803370338,-0.023153867213645936,0.037289665114660343,0.0089087157220394605,-0.022523164519864233,-0.0083846071419442485,0.045991833930640942,-0.010232965279960449,0.016534010086289311,0.0043842591163663035,0.029515755342718612,-0.010308278713913361,0.016414481005081971
1735,0.234375,0.078125,-0.0033975003920624228,0.047600079991161746,0.047721175845520207,-0.016663987860823098,0.079968800120998787,0.013266487468760677,-0.032368720129837041,-0.0083478754242530557,0.089708889332186528,-0.012807497911471169,0.040794940809048677,0.011612836544238848,0.049116825964761621,-0.01301348701133242,0.040430901040198856
1736,0.265625,0.078125,-0.025651477694183331,0.047213589141746358,0.053731939361433945,-0.041473042830116699,0.081156901878465998,0.015821565135933368,-0.03394331273671964,-0.01932873252001905,0.082565907887883941,-0.026591531651842637,0.042965517864353285,0.0043508402661006683,0.040260888480570863,-0.026628757470709804,0.042596669122073341
1737,0.015625,0.203125,0.0020117182707330623,-0.024270699388540741,0.024353929030234794,0.016296939997559247,-0.026548592713492386,-0.014285221726826185,0.002277893324951645,-0.040145311611382524,0.008055547082235652,0.0015743690038264862,0.00019782755219547004,0.024472435208429861,0.042453215506576429,0.0018415626218171383,0.00028917344565791372
1738,0.015625,0.171875,0.0066418041861363818,-0.023811390774235962,0.024720353829392253,0.013563862494227122,-0.022626440341404749,-0.0069220583080907404,-0.0011849504328312124,-0.038820849822552572,0.0049969529893567899,0.0012173531489745196,0.00015296667619455902,0.024570614503234778,0.040330161177353406,0.001394317379076094,0.00019469424869970016
1739,0.015625,0.296875,0.017096921766532078,0.011905427559402659,0.02083372120537046,0.032852283595000135,-0.019986721934100893,-0.015755361828468057,0.031892149493503552,-0.035178628662664961,0.030002997501579479,0.0026182535643374696,0.00032899700921514821,0.018537679930146489,0.048053622249552952,0.0031575866699959879,0.00060816946086349969
1740,0.015625,0.328125,0.034263220168585573,0.019143469399078732,0.039248448083388378,0.034816693615081815,-0.023353828660172229,-0.00055347344649624153,0.042497298059250961,-0.034962218998441597,0.031754424293157432,0.0029204849637739496,0.00036697393698863212,0.036536609475385479,0.049196252899482318,0.0035379397099569694,0.00071132523725993962
1741,0.046875,0.234375,0.00040177864503453044,0.00019828637889313225,0.00044804415815891856,0.00084574843745304764,0.016640073346649562,-0.0004439697924185172,-0.01644178696775643,-0.044555306102271694,0.048466300881298365,0.015310767651784232,0.0060267250455647682,0.016007768442057639,0.073382997920792573,0.015296660198269049,0.0065357352523217503
1742,0.046875,0.265625,0.0088267479817759065,0.012450500748577344,0.015261928083440507,0.012703604511480126,0.030491203224200028,-0.0038768565297042194,-0.018040702475622686,-0.038480571028947551,0.065603730416185377,0.018093219269131759,0.0071219719483800147,0.010689280111117064,0.081367744359652591,0.018114414089415526,0.007756930623049026
1743,0.078125,0.234375,0.010104545880542425,0.039746108221270053,0.041010425091541028,-0.017338520625985281,0.063750891778879146,0.027443066506527704,-0.024004783557609093,-0.047640838804330919,0.085818460587482229,0.034675280877491166,0.025017675640099313,0.028646950004989596,0.10233610804447257,0.034183499418931805,0.025625727627271021
1744,0.078125,0.265625,0.021373250961593329,0.051183563557305439,0.055466864298353624,-0.0054806645519582028,0.077602021656429612,0.026853915513551534,-0.026418458099124173,-0.041566103731006776,0.10295589012236923,0.04097687812942985,0.029564180010764114,0.029183898695479327,0.11045219313131927,0.040444954983198528,0.030316782352954142
1745,0.796875,0.015625,-0.0062174018769940512,0.018991225524061357,0.019983061152030954,-0.0075713175830792057,0.014556147187270559,0.0013539157060851546,0.0044350783367907987,0.044237544591071237,-0.056881633447108192,0.0015800659481384331,0.000145482301846819,0.020395159770926569,0.071216237016687292,0.0037995637240265156,-0.0011677728351389054
1746,0.828125,0.015625,-0.0095802931767160378,0.022968866059763941,0.024886760042705593,-0.0064921912668810793,0.012370155007296163,-0.0030881019098349585,0.010598711052467779,0.051854523528988457,-0.037982969529208072,0.0011559458318687527,0.00041126235802641512,0.024982239947892986,0.063596091253485199,0.0035841584309781412,-0.00039231009347271724
1747,0.703125,0.015625,0.015879668830759051,-0.020834125409298656,0.026195890207148229,-0.00023648145241733816,-0.0064855216504958093,0.016116150283176388,-0.014348603758802847,0.013433112859415189,-0.08073091968896956,0.0020875978194696623,-0.0016141332359454986,0.023656485832096993,0.079926132210779724,0.0030530844557327768,-0.0037373447656600762
1748,0.671875,0.015625,0.029979978870147049,-0.028541585014375509,0.04139349234103458,0.0039345989906225537,-0.0053312822797101263,0.026045379879524495,-0.023210302734665383,0.010223893711897022,-0.072624656678755617,0.0018107445091198957,-0.0023205832492610157,0.038484369529103765,0.070805676469390205,0.0022844648493604209,-0.0044193043667716874
1749,0.765625,0.046875,0.014324170070026456,0.0029695413536535947,0.014628739660206566,0.036968748056517529,0.0046767149696036701,-0.022644577986491075,-0.0017071736159500754,0.055126501993685774,-0.09387114882655638,0.01624877524913982,-0.0025919729482965755,0.0058851122696399151,0.099213736880725698,0.017625836797095194,-0.0046828571136357799
1750,0.734375,0.046875,0.020961499455111023,-0.014216061703282152,0.025327472628711795,0.041211630060337637,-0.019705185418922778,-0.020250130605226613,0.0054891237156406269,0.035148268347465109,-0.10692803416073156,0.017846956022821114,-0.0077183695605925603,0.0072055800580376776,0.10070696578800768,0.018727655703251338,-0.0099285330999457737
1751,0.765625,0.078125,0.045467048663228815,-0.00074087784011889722,0.045473084501916033,0.082587940012312386,-0.0073887094280376143,-0.037120891349083571,0.0066478315879187171,0.073632438334217523,-0.11196200028810444,0.04222430248906784,-0.0067355384103887691,0.0068155233183361599,0.10981383918509417,0.043061341518662616,-0.0092189827677963982
1752,0.734375,0.078125,0.052509635230606852,-0.021460899413914471,0.056725937592123965,0.086830822016132486,-0.031770609816564058,-0.034321186785525634,0.010309710402649587,0.053654204687996851,-0.12501888562227961,0.046377358173908076,-0.020057066828229195,0.0062909115260624997,0.10521376288178597,0.046638457091320036,-0.022498250818019545
1753,0.984375,0.203125,-0.0099670675902997722,-0.0093406128723404532,0.013659776176077568,-0.024851123760480379,0.012134618315180245,0.014884056170180607,-0.021475231187520698,0.14197352126460075,-0.043610083455139177,-3.3348423110081192e-05,0.0015863988726966889,0.01476747649968577,0.14902574627665136,0.0034283719646150609,0.001937655791102407
1754,0.984375,0.171875,-0.010904943883683103,-0.0067676582436200956,0.012834289976804971,-0.020892029748048727,0.010352214280554235,0.0099870858643656239,-0.01711987252417433,0.13330117075692971,-0.026923344535900555,-2.5786081781159241e-05,0.0012266550335487828,0.013500559960690613,0.13626628304768376,0.0031559583252311826,0.0017859311536855417
1755,0.984375,0.296875,0.00099534632412969274,0.022109975156973733,0.022132368055564098,-0.020500795621298789,0.028522931788750872,0.021496141945428482,-0.0064129566317771385,0.15945874593703119,-0.075618320930250921,-5.5460077949189097e-05,0.0026382598315920756,0.019500048507820507,0.17767631905553552,0.0040799172522401365,0.0024526461912330517
1756,0.984375,0.328125,-0.0038600168655719409,0.040356896902208117,0.040541076179326507,-0.024032219232604572,0.029795344380226935,0.02017220236703263,0.010561552521981182,0.16171995253195326,-0.084004871781287141,-6.1861970111104725e-05,0.002942800603288072,0.037606390181387728,0.18366614613661328,0.0042419631439979798,0.0026119378782822841
1757,0.953125,0.234375,0.0097254973272075176,0.0001341752231770282,0.0097264228394633948,0.019688941879116358,0.0022551860975133561,-0.0099634445519088399,-0.0021210108743363277,0.15286247866721528,-0.080599598834587366,0.0037348729129907474,0.01602472293631213,0.016982258021112303,0.17769440721551635,0.0076189317098122626,0.014984727352933757
1758,0.953125,0.265625,0.015355823003090695,0.012308529844076599,0.019679969690646722,0.031529787642035387,0.015588682944981905,-0.016173964638944691,-0.0032801531009053059,0.15941414623705263,-0.08753454653942426,0.0044136176639848323,0.018936922851153871,0.01279325805021644,0.18804610512350217,0.0085111850615850349,0.017618587315059324
1759,0.921875,0.234375,0.046002646498755476,0.016364026899677885,0.04882647705152237,0.068188101531144754,-0.0094066501547795424,-0.022185455032389279,0.025770677054457427,0.1550790855621588,-0.10090237529479693,0.019706189165883011,0.037946347741575313,0.034019115820111814,0.19391954251067123,0.023336155664976693,0.035617718000731644
1760,0.921875,0.265625,0.052531829581342344,0.029928398480118655,0.060459094888593586,0.080028947294063776,0.0039268466926890063,-0.027497117712721432,0.026001551787429647,0.16163075313199615,-0.10783732299963382,0.023287428145104132,0.044842401489322829,0.032827770273389005,0.20603391429192558,0.027069947405619646,0.042126139840595378
1761,0.984375,0.796875,-0.0099670675903003794,-0.009340612872340422,0.013659776176077989,-0.024851123760480841,0.012134618315180378,0.014884056170180461,-0.021475231187520802,0.14197352126460017,-0.043610083455138934,-3.3348423110081192e-05,0.0015863988726966889,0.014767476499686155,0.14902574627665074,0.0034283719646143454,0.0019376557911018504
1762,0.984375,0.828125,-0.010904943883683545,-0.0067676582436200375,0.012834289976805316,-0.020892029748049205,0.010352214280554361,0.0099870858643656604,-0.0171198725241744,0.13330117075692915,-0.026923344535900347,-2.5786081781159241e-05,0.0012266550335487828,0.013500559960690935,0.13626628304768318,0.0031559583252305724,0.0017859311536849629
1763,0.984375,0.703125,0.0009953463241290355,0.022109975156973483,0.02213236805556382,-0.020500795621299202,0.028522931788750934,0.021496141945428239,-0.0064129566317774507,0.15945874593703069,-0.075618320930250699,-5.5460077949189097e-05,0.0026382598315920756,0.019500048507820222,0.17767631905553496,0.004079917252239303,0.0024526461912325382
1764,0.984375,0.671875,-0.0038600168655723915,0.04035689690220786,0.040541076179326292,-0.024032219232604915,0.029795344380226994,0.020172202367032523,0.010561552521980867,0.16171995253195282,-0.084004871781286961,-6.1861970111104725e-05,0.002942800603288072,0.03760639018138752,0.18366614613661281,0.0042419631439971923,0.0026119378782818148
1765,0.953125,0.765625,0.0097254973272070059,0.00013417522317711703,0.0097264228394628848,0.019688941879116115,0.0022551860975136202,-0.0099634445519091088,-0.0021210108743365029,0.15286247866721486,-0.080599598834587019,0.0037348729129907474,0.01602472293631213,0.016982258021112043,0.1776944072155158,0.0076189317098113319,0.014984727352933434
1766,0.953125,0.734375,0.015355823003090218,0.012308529844076575,0.019679969690646334,0.031529787642035102,0.015588682944982101,-0.016173964638944882,-0.0032801531009055262,0.15941414623705222,-0.087534546539423941,0.0044136176639848323,0.018936922851153871,0.012793258050216045,0.18804610512350164,0.0085111850615840617,0.017618587315059019
1767,0.921875,0.765625,0.046002646498755122,0.016364026899678228,0.048826477051522155,0.068188101531144713,-0.0094066501547791573,-0.022185455032389591,0.025770677054457385,0.15507908556215855,-0.10090237529479651,0.019706189165883011,0.037946347741575313,0.034019115820111329,0.19391954251067076,0.023336155664975669,0.035617718000731567
1768,0.921875,0.734375,0.052531829581342102,0.029928398480118693,0.060459094888593398,0.080028947294063693,0.0039268466926893238,-0.027497117712721592,0.026001551787429369,0.1616307531319959,-0.10783732299963343,0.023287428145104132,0.044842401489322829,0.032827770273388769,0.20603391429192511,0.027069947405618574,0.042126139840595343
1769,0.796875,0.984375,-0.0062174018769936756,0.018991225524062256,0.019983061152031693,-0.0075713175830786836,0.014556147187271419,0.001353915706085008,0.0044350783367908368,0.04423754459107155,-0.056881633447107498,0.0015800659481384331,0.000145482301846819,0.020395159770927256,0.071216237016686917,0.0037995637240264175,-0.0011677728351391996
1770,0.828125,0.984375,-0.0095802931767158348,0.022968866059764764,0.024886760042706277,-0.0064921912668807445,0.012370155007296896,-0.0030881019098350903,0.010598711052467867,0.051854523528988616,-0.037982969529207482,0.0011559458318687527,0.00041126235802641512,0.024982239947893642,0.063596091253484976,0.0035841584309779682,-0.00039231009347298932
1771,0.703125,0.984375,0.015879668830759707,-0.020834125409297834,0.026195890207147972,-0.00023648145241665208,-0.006485521650495131,0.01611615028317636,-0.014348603758802703,0.013433112859415676,-0.080730919688969144,0.0020875978194696623,-0.0016141332359454986,0.023656485832096705,0.079926132210779391,0.0030530844557328761,-0.0037373447656608464
1772,0.671875,0.984375,0.029979978870147767,-0.028541585014374676,0.041393492341034524,0.0039345989906231366,-0.0053312822797096891,0.026045379879524631,-0.023210302734664987,0.010223893711897461,-0.07262465667875545,0.0018107445091198957,-0.0023205832492610157,0.038484369529103724,0.070805676469390094,0.0022844648493604769,-0.0044193043667727317
1773,0.765625,0.953125,0.014324170070027344,0.0029695413536543636,0.014628739660207593,0.036968748056518265,0.0046767149696046607,-0.022644577986490923,-0.001707173615950297,0.055126501993686253,-0.093871148826555575,0.01624877524913982,-0.0025919729482965755,0.0058851122696403513,0.099213736880725142,0.017625836797095069,-0.0046828571136360818
1774,0.734375,0.953125,0.02096149945511196,-0.014216061703281399,0.025327472628712148,0.041211630060338449,-0.019705185418921856,-0.020250130605226489,0.0054891237156404569,0.035148268347465664,-0.10692803416073091,0.017846956022821114,-0.0077183695605925603,0.0072055800580374035,0.10070696578800714,0.018727655703251272,-0.0099285330999462438
1775,0.765625,0.921875,0.045467048663229724,-0.00074087784011824518,0.045473084501916936,0.082587940012313177,-0.007388709428036622,-0.037120891349083453,0.0066478315879183771,0.073632438334218009,-0.11196200028810364,0.04222430248906784,-0.0067355384103887691,0.0068155233183371661,0.10981383918509356,0.043061341518662373,-0.0092189827677965491
1776,0.734375,0.921875,0.052509635230607574,-0.021460899413914016,0.056725937592124458,0.08683082201613336,-0.031770609816563142,-0.034321186785525787,0.010309710402649126,0.053654204687997427,-0.12501888562227897,0.046377358173908076,-0.020057066828229195,0.0062909115260631017,0.10521376288178537,0.046638457091319842,-0.022498250818019847
1777,0.015625,0.796875,0.0020117182707334981,-0.024270699388540578,0.024353929030234669,0.016296939997559639,-0.026548592713492344,-0.014285221726826142,0.0022778933249517665,-0.040145311611382538,0.0080555470822355722,0.0015743690038264862,0.00019782755219547004,0.024472435208429705,0.042453215506576429,0.0018415626218168835,0.00028917344565746936
1778,0.015625,0.828125,0.0066418041861368935,-0.023811390774235879,0.024720353829392312,0.013563862494227457,-0.022626440341404645,-0.0069220583080905635,-0.0011849504328312332,-0.038820849822552586,0.00499695298935673,0.0012173531489745196,0.00015296667619455902,0.024570614503234809,0.040330161177353413,0.0013943173790758399,0.00019469424869919064
1779,0.015625,0.703125,0.017096921766532498,0.011905427559402583,0.020833721205370758,0.032852283595000392,-0.019986721934100962,-0.015755361828467894,0.031892149493503545,-0.035178628662664968,0.030002997501579372,0.0026182535643374696,0.00032899700921514821,0.01853767993014677,0.048053622249552889,0.0031575866699958032,0.00060816946086318722
1780,0.015625,0.671875,0.034263220168585851,0.019143469399078725,0.039248448083388621,0.034816693615082023,-0.023353828660172299,-0.00055347344649617214,0.042497298059251024,-0.034962218998441603,0.031754424293157342,0.0029204849637739496,0.00036697393698863212,0.036536609475385715,0.049196252899482269,0.003537939709956809,0.00071132523725965079
1781,0.046875,0.765625,0.00040177864503502375,0.00019828637889299962,0.00044804415815930221,0.00084574843745348349,0.016640073346649454,-0.00044396979241845974,-0.016441786967756455,-0.044555306102271715,0.048466300881298365,0.015310767651784232,0.0060267250455647682,0.01600776844205723,0.073382997920792586,0.015296660198268733,0.0065357352523214693
1782,0.046875,0.734375,0.008826747981776354,0.01245050074857724,0.015261928083440681,0.012703604511480419,0.030491203224199868,-0.003876856529704065,-0.01804070247562263,-0.038480571028947558,0.065603730416185349,0.018093219269131759,0.0071219719483800147,0.010689280111116624,0.081367744359652577,0.018114414089415252,0.0077569306230487771
1783,0.078125,0.765625,0.010104545880542709,0.039746108221270039,0.041010425091541083,-0.017338520625984857,0.063750891778878951,0.027443066506527565,-0.024004783557608912,-0.047640838804330933,0.085818460587482312,0.034675280877491166,0.025017675640099313,0.028646950004989347,0.10233610804447262,0.034183499418931437,0.025625727627270924
1784,0.078125,0.734375,0.021373250961593846,0.051183563557305231,0.055466864298353631,-0.0054806645519579218,0.077602021656429362,0.02685391551355177,-0.026418458099124131,-0.041566103731006776,0.1029558901223693,0.04097687812942985,0.029564180010764114,0.029183898695478824,0.11045219313131932,0.040444954983198236,0.030316782352954062
1785,0.203125,0.984375,0.023182517894608727,0.013740559720220525,0.026948694167970376,0.017106379315754087,-0.0070871027029482461,0.0060761385788546396,0.020827662423168771,0.0070062444447105887,0.012724061575880937,-8.5965533804078557e-05,0.0015844189558368185,0.026252506153543371,0.013205721490386143,-0.00020055570885920326,0.0015565576792900379
1786,0.171875,0.984375,0.026430422318082854,0.014798411210080523,0.030291256135308239,0.014238395259389499,-0.0064085319992845668,0.012192027058693355,0.02120694320936509,0.00047211355752501977,0.0088873817340612005,0.00023869564782138215,0.0012034832284063292,0.029509805366972418,0.0076874430187010541,9.7815369628020639e-05,0.0011432349017888976
1787,0.296875,0.984375,-0.024143198725483386,-0.0080842501233567548,0.025460737317587179,-0.0046518436077765644,-0.0020223017367616133,-0.019491355117706822,-0.0060619483865951415,0.00035660296625677698,0.0068027401707459086,-0.001900701581443188,0.0018305256779236234,0.024352237235874066,0.0054606172529942914,-0.0020132833762325948,0.0020303301432764102
1788,0.328125,0.984375,-0.040500733857498777,-0.0066430948495572652,0.041041931633101311,-0.0044689956183780848,0.002532968175621539,-0.036031738239120689,-0.0091760630251788051,-0.0018463123036165374,0.0041877203680937732,-0.0025593515619281746,0.0014538300714025962,0.038795730224785038,0.0028253461979438521,-0.0027420444488070882,0.0017305533709527821
1789,0.234375,0.953125,0.0049345079132262536,0.019004914043719647,0.019635073876990247,0.0016551877556479338,0.036101563357193549,0.0032793201575783198,-0.017096649313473902,0.0025962499538214152,0.053134815374943731,-0.0049285871595203447,0.015698727638658212,0.010402476289761554,0.038184863998464005,-0.0050837341555755406,0.015543302162767416
1790,0.265625,0.953125,-0.014245151491606201,0.01476650059479641,0.020517648033703404,-0.02315386721364579,0.037289665114660711,0.0089087157220395889,-0.022523164519864303,-0.0083846071419446545,0.045991833930641102,-0.010232965279960449,0.016534010086289311,0.0043842591163659322,0.029515755342718743,-0.0103082787139154,0.016414481005081367
1791,0.234375,0.921875,-0.0033975003920621132,0.047600079991162232,0.047721175845520672,-0.016663987860822814,0.079968800120999037,0.013266487468760701,-0.032368720129836805,-0.008347875424253328,0.089708889332186792,-0.012807497911471169,0.040794940809048677,0.011612836544239384,0.049116825964761857,-0.013013487011334281,0.040430901040198759
1792,0.265625,0.921875,-0.025651477694182891,0.047213589141746767,0.053731939361434097,-0.041473042830116533,0.081156901878466192,0.015821565135933642,-0.033943312736719425,-0.019328732520019397,0.082565907887884163,-0.026591531651842637,0.042965517864353285,0.0043508402661011636,0.040260888480571022,-0.026628757470712007,0.042596669122073286
1793,0.484375,0.296875,-0.483545123263109,-0.44541345549780681,0.65742606623865474,-0.51208199929740927,-0.44994950672659523,0.028536876034300274,0.004536051228788418,-0.45790162779775956,-0.34739805828949022,-0.51690740920153255,-0.46577106935077733,0.039082919092920776,0.13226432620622025,-0.5151554249286906,-0.46162875212990861
1794,0.515625,0.296875,-0.37387744726619598,-0.54095214808929415,0.65758160869713256,-0.37435023085676855,-0.56974442755265053,0.00047278359057256747,0.028792279463356385,-0.39941038987556771,-0.4318845118126029,-0.38560440298603677,-0.57917631437187533,0.039982600946580786,0.14793742046944577,-0.38534796729595083,-0.57450943436279311
1795,0.484375,0.328125,-0.5332174552391723,-0.48221198918441754,0.71892228862717256,-0.55446316527975992,-0.49870693348522926,0.021245710040587618,0.01649494430081172,-0.49550505002041489,-0.37981556134728461,-0.57657529308794153,-0.51953616071714104,0.05721010298473804,0.16153708614216047,-0.57459972565707984,-0.5148747580396047
1796,0.515625,0.328125,-0.4035016798020728,-0.59510247575254738,0.71899969558401466,-0.41673139683911919,-0.61850185431128457,0.013229717037046396,0.023399378558737194,-0.43701381209822304,-0.46430201487039729,-0.43011566038704729,-0.64603204996498953,0.057464123521011372,0.18186090880811115,-0.42979096810366907,-0.64076484858130078
1797,0.484375,0.203125,-0.32149026737585806,-0.30819673991423613,0.44535516445996676,-0.33137460639427058,-0.35246032793233495,0.0098843390184125135,0.044263588018098821,-0.31633121429251132,-0.28025262005662621,-0.31081901844028376,-0.28007048074067487,0.030082586473628475,0.0055152042431563658,-0.30987527389714259,-0.27766003569773517
1798,0.515625,0.203125,-0.26036097932165525,-0.36175952159776825,0.44571043404880883,-0.30302984951706285,-0.37732973109565482,0.042668870195407604,0.015570209497886567,-0.30929252766522203,-0.30345858303914625,-0.23186586206514032,-0.34826162351784257,0.031530381539692738,0.089455022117724492,-0.2318825623198533,-0.34560989516562229
1799,0.484375,0.171875,-0.25378232260341077,-0.24177460362530889,0.35051451642429432,-0.27673796460712313,-0.28949872032068946,0.022955642003712362,0.04772411669538057,-0.26575282668592326,-0.23502507982138279,-0.24033534066016851,-0.21655957455704847,0.028576546577483809,0.031416929839444795,-0.23968878913039507,-0.21472253648662565
1800,0.515625,0.171875,-0.20453415863132765,-0.28493967680201771,0.35074897214826362,-0.24839320772991544,-0.31436812348400933,0.043859049098587788,0.029428446681991627,-0.25871414005863397,-0.2582310428039028,-0.17928620078180782,-0.26928717665680696,0.029706230598427537,0.080193738119235441,-0.17941546011393225,-0.2673088477459678
1801,0.453125,0.265625,-0.49462986643298024,-0.30172502631510273,0.5793933864589389,-0.43356621513378052,-0.29891850550489341,-0.061063651299199717,-0.0028065208102093231,-0.37846102807671755,-0.23056392123655745,-0.52963093860475874,-0.27802945188614542,0.042267662588464754,0.15844657916440782,-0.52711824426691112,-0.27527549546088298
1802,0.453125,0.234375,-0.42734875086988755,-0.27299015761415868,0.50710016862968643,-0.34987663000013985,-0.31314836108091265,-0.077472120869747696,0.040158203466753972,-0.32507242440071271,-0.24106352629673122,-0.4481820576843642,-0.23527290941773726,0.043088484358777039,0.12324574252717389,-0.44607223980678573,-0.23296027683893122
1803,0.421875,0.265625,-0.51581372844708484,-0.17307255814854361,0.54407528232641111,-0.3974315969525023,-0.19664493104182554,-0.11838213149458254,0.023572372893281929,-0.33662385057833094,-0.14614728724141907,-0.56374894931588104,-0.13402589719335242,0.061825780476189113,0.22744832066480344,-0.56064850940318212,-0.13234814719017915
1804,0.421875,0.234375,-0.437162346295631,-0.16208012200055336,0.46624122829970266,-0.31374201181886163,-0.21087478661784481,-0.12342033447676937,0.048794664617291456,-0.2832352469023261,-0.15664689230159284,-0.47705325672135829,-0.11341482909844879,0.062925316589120373,0.19858104697833351,-0.47442658725714515,-0.11200977997326007
1805,0.546875,0.265625,-0.2302321221259179,-0.53235573945870573,0.58000815804023731,-0.2358843115745155,-0.47124505695079799,0.0056521894485976054,-0.061110682507907743,-0.28951342455827439,-0.3804365829913271,-0.19800941155465659,-0.56444803142472455,0.045477667928242219,0.20550717153015158,-0.1993145175908756,-0.56048428084041091
1806,0.546875,0.234375,-0.21120172307613203,-0.46199367157653637,0.50798062995265447,-0.2615817380043079,-0.3905493948640818,0.05038001492817587,-0.071444276712454569,-0.28757737217717211,-0.32965569751090823,-0.16755868859402531,-0.47764483103319355,0.046364568920071556,0.19053941337609998,-0.16874586517019499,-0.47439299531194307
1807,0.578125,0.265625,-0.10036435922711712,-0.53565381173093074,0.54497523854294994,-0.13979955827461304,-0.42150311310757943,0.039435199047495928,-0.11415069862335131,-0.21721988146363641,-0.36140615722784569,-0.050574135464309722,-0.57725044460379638,0.06487947478756588,0.27268949567686707,-0.053329130313268823,-0.57386007245109172
1808,0.578125,0.234375,-0.1007555227588898,-0.45666509214280598,0.46764803190884341,-0.16549698470440546,-0.34080745102086318,0.064741461945515666,-0.1158576411219428,-0.21528382908253413,-0.31062527174742682,-0.04279663147646498,-0.48847843508403949,0.066115972864236608,0.24775710090093275,-0.045219398982765169,-0.48576393676924018
1809,0.296875,0.484375,-0.42446428831303351,0.41993124632192036,0.59708641224748316,-0.37708630025517886,0.36920526257996439,-0.047377988057854648,0.050725983741955971,-0.25131249425154883,0.33936098684158555,-0.50116889023082845,0.48266520715337158,0.099091603059842798,0.28803527244232341,-0.49900937294550352,0.47996083243191429
1810,0.296875,0.515625,-0.42446428831303351,0.41993124632192003,0.59708641224748293,-0.37708630025517897,0.36920526257996433,-0.047377988057854536,0.050725983741955694,-0.25131249425154889,0.33936098684158561,-0.50116889023082845,0.48266520715337158,0.099091603059843006,0.28803527244232335,-0.49900937294550335,0.47996083243191451
1811,0.328125,0.484375,-0.57298943355375609,0.29167821134471161,0.64295650703411078,-0.44196674941123454,0.18392204093690381,-0.13102268414252155,0.1077561704078078,-0.32334743873190597,0.19248364292861181,-0.67483890923485279,0.38333971549379886,0.13702243261374192,0.39996536633980184,-0.67126643307638578,0.381392584869572
1812,0.328125,0.515625,-0.57298943355375642,0.29167821134471139,0.642956507034111,-0.44196674941123471,0.18392204093690373,-0.13102268414252172,0.10775617040780766,-0.32334743873190602,0.19248364292861186,-0.67483890923485279,0.38333971549379886,0.13702243261374183,0.39996536633980173,-0.67126643307638534,0.38139258486957228
1813,0.203125,0.484375,-0.069974857303840329,0.49295858034449397,0.49790023357089491,-0.15806534083106863,0.46819151118742935,0.0880904835272283,0.024767069157064614,-0.098125756319129342,0.43437519689892823,-0.022667025479074964,0.41777283583596619,0.088830890625175518,0.077263564846936306,-0.024296046726273439,0.41612317517751357
1814,0.203125,0.515625,-0.069974857303840274,0.49295858034449425,0.49790023357089519,-0.15806534083106868,0.4681915111874293,0.088090483527228411,0.024767069157064947,-0.098125756319129329,0.43437519689892823,-0.022667025479074964,0.41777283583596619,0.088830890625175726,0.077263564846936292,-0.024296046726273415,0.41612317517751379
1815,0.171875,0.484375,-0.0047889544538558806,0.41035073738401528,0.41037868092332258,-0.12428132673997551,0.38346136560776967,0.11949237228611963,0.026889371776245619,-0.087418158712161909,0.36873125712428134,0.062938250848793967,0.31732932717078538,0.11506501247627479,0.15889999464759591,0.060846250303646057,0.31670347488757322
1816,0.171875,0.515625,-0.0047889544538557626,0.41035073738401523,0.41037868092332253,-0.12428132673997555,0.38346136560776967,0.11949237228611979,0.026889371776245563,-0.087418158712161895,0.36873125712428134,0.062938250848793967,0.31732932717078538,0.11506501247627468,0.15889999464759591,0.060846250303646106,0.31670347488757328
1817,0.265625,0.453125,-0.29918698635386576,0.48028383057016633,0.5658492826810515,-0.29857051609155,0.52023626380166632,-0.0006164702623157603,-0.039952433231499995,-0.17187189453050689,0.45619512389451833,-0.31479759489824283,0.50863718060101537,0.032366704452224136,0.15224298058437796,-0.3141450807306177,0.50581036023017267
1818,0.234375,0.453125,-0.17401977645244068,0.49681007320652432,0.52640586189368133,-0.17821401991458863,0.51866943634573026,0.0041942434621479452,-0.021859363139205945,-0.10142769868541193,0.46997592981353414,-0.15161855255208717,0.48294131450735039,0.026346865090360973,0.051838431806185976,-0.15227814468701123,0.48050608019263519
1819,0.265625,0.421875,-0.3137809567551082,0.45366642452216061,0.55160829721902505,-0.28493518108397686,0.48598404338030754,-0.028845775671131335,-0.032317618858146935,-0.16446623928982204,0.42615191703447736,-0.3049511655279587,0.49272771955348976,0.040046847349567809,0.15546173799744178,-0.30432057159725046,0.48996883219980314
1820,0.234375,0.421875,-0.1828890470327961,0.4585466492492502,0.49367340728692205,-0.16457868490701549,0.48441721592437154,-0.018310362125780605,-0.025870566675121331,-0.094022043444727088,0.43993272295349317,-0.14687613585919149,0.46783558428464678,0.037191586216370955,0.059767254876080179,-0.14751997269124822,0.46545626248795469
1821,0.265625,0.546875,-0.2991869863538662,0.4802838305701661,0.5658492826810515,-0.29857051609155011,0.5202362638016661,-0.00061647026231609336,-0.039952433231499995,-0.17187189453050694,0.45619512389451844,-0.31479759489824283,0.50863718060101537,0.032366704452224122,0.15224298058437788,-0.31414508073061725,0.50581036023017345
1822,0.234375,0.546875,-0.17401977645244071,0.49681007320652432,0.52640586189368133,-0.17821401991458866,0.51866943634573015,0.0041942434621479452,-0.021859363139205834,-0.10142769868541192,0.4699759298135342,-0.15161855255208717,0.48294131450735039,0.026346865090360997,0.051838431806185969,-0.15227814468701098,0.4805060801926358
1823,0.265625,0.578125,-0.31378095675510831,0.45366642452216011,0.55160829721902471,-0.28493518108397697,0.48598404338030732,-0.028845775671131335,-0.032317618858147212,-0.16446623928982207,0.42615191703447758,-0.3049511655279587,0.49272771955348976,0.040046847349568322,0.15546173799744167,-0.30432057159724968,0.48996883219980369
1824,0.234375,0.578125,-0.18288904703279604,0.45854664924925043,0.49367340728692222,-0.16457868490701549,0.48441721592437137,-0.018310362125780549,-0.025870566675120943,-0.094022043444727074,0.43993272295349334,-0.14687613585919149,0.46783558428464678,0.037191586216370844,0.059767254876080117,-0.14751997269124767,0.46545626248795524
1825,0.703125,0.484375,0.47192704981956884,-0.36280173098698981,0.59526484555914938,0.41538752975208887,-0.32336124938118471,0.056539520067479976,-0.0394404816058051,0.13551204538070977,-0.37652623935215285,0.55044889352778192,-0.42560777054190141,0.10054988087466918,0.41782961198813645,0.54221163516787674,-0.42787108997859741
1826,0.703125,0.515625,0.47192704981956884,-0.36280173098698965,0.59526484555914927,0.41538752975208887,-0.3233612493811846,0.056539520067479976,-0.039440481605805044,0.13551204538070979,-0.37652623935215285,0.55044889352778192,-0.42560777054190141,0.10054988087466928,0.4178296119881364,0.54221163516787674,-0.42787108997859707
1827,0.671875,0.484375,0.36606709406349586,-0.52730419645970883,0.64191497331041558,0.24138340366826205,-0.41318253916839642,0.1246836903952338,-0.11412165729131241,0.0087548839486748537,-0.41817012115335561,0.47744939289108979,-0.6118814984292974,0.13985469781374668,0.50714755288664637,0.4690567633467882,-0.61161345256071187
1828,0.671875,0.515625,0.3660670940634958,-0.52730419645970883,0.64191497331041558,0.241383403668262,-0.41318253916839626,0.1246836903952338,-0.11412165729131257,0.0087548839486748797,-0.41817012115335561,0.47744939289108979,-0.6118814984292974,0.13985469781374674,0.50714755288664637,0.46905676334678831,-0.61161345256071142
1829,0.796875,0.484375,0.49554268014961361,-0.003517660543687524,0.49555516522942517,0.48372340310031425,-0.093516570612851957,0.011819277049299359,0.089998910069164439,0.27391956399514195,-0.25625926181194658,0.41662505332309552,0.038360153154308303,0.089340601654866958,0.32736135440731085,0.41323328736018705,0.03093540336358978
1830,0.796875,0.515625,0.49554268014961378,-0.0035176605436877456,0.49555516522942533,0.48372340310031425,-0.093516570612851943,0.011819277049299526,0.089998910069164204,0.27391956399514195,-0.25625926181194647,0.41662505332309552,0.038360153154308303,0.089340601654867208,0.32736135440731073,0.413233287360187,0.030935403363590002
1831,0.828125,0.484375,0.40735129076827514,0.050107569901083115,0.41042154262656799,0.39615461303540633,-0.071904240954442075,0.011196677732868809,0.12201181085552519,0.25710396758037884,-0.23453898918270019,0.30479486910551123,0.10843990533711922,0.1179850879632374,0.34627870880883987,0.30375947634945066,0.10075993326260457
1832,0.828125,0.515625,0.40735129076827503,0.050107569901083018,0.41042154262656788,0.39615461303540633,-0.071904240954442061,0.011196677732868698,0.12201181085552508,0.25710396758037884,-0.23453898918270011,0.30479486910551123,0.10843990533711922,0.11798508796323734,0.34627870880883976,0.30375947634945044,0.10075993326260468
1833,0.734375,0.453125,0.51434240246632601,-0.23100451462485933,0.56383613998385995,0.55385344903434197,-0.22486187877933211,-0.039511046568015962,-0.0061426358455272112,0.24540901069800308,-0.3250783105308771,0.54902744986744556,-0.23744086955601751,0.035277176446220214,0.31601341374111075,0.54190562561829536,-0.24197568478573811
1834,0.765625,0.453125,0.51349004823208533,-0.10551832493444406,0.5242195594694653,0.53575398636364846,-0.10645081945662092,-0.022263938131563132,0.00093249452217686324,0.27387496429516339,-0.26817548742111991,0.49986247666532507,-0.07973708772011226,0.029161325400413808,0.29424375308429351,0.49441229286224914,-0.086032824066021099
1835,0.734375,0.421875,0.49052780299021564,-0.24922265582419412,0.55020855835080618,0.51831524223276826,-0.21618379796469123,-0.027787439242552614,-0.03303885785950289,0.22854881458326146,-0.31527426351080401,0.53185463757447204,-0.23001405057902402,0.045572774462602855,0.31506146411382657,0.52498244055274523,-0.23449572969785054
1836,0.765625,0.421875,0.47753512479845239,-0.11968764565336415,0.49230572608727474,0.50021577956207475,-0.097772738641980009,-0.022680654763622354,-0.021914907011384141,0.25701476818042174,-0.25837144040104687,0.4842274761090743,-0.077243022914178713,0.042968983761971377,0.29057377422191488,0.47899016802396699,-0.083430210850358608
1837,0.734375,0.546875,0.51434240246632612,-0.23100451462485916,0.56383613998385995,0.55385344903434208,-0.22486187877933186,-0.039511046568015962,-0.0061426358455272945,0.24540901069800322,-0.32507831053087699,0.54902744986744556,-0.23744086955601751,0.035277176446220138,0.31601341374111053,0.54190562561829547,-0.24197568478573747
1838,0.765625,0.546875,0.51349004823208566,-0.1055183249344438,0.52421955946946552,0.53575398636364857,-0.10645081945662078,-0.02226393813156291,0.00093249452217698814,0.2738749642951635,-0.26817548742111974,0.49986247666532507,-0.07973708772011226,0.029161325400413728,0.29424375308429335,0.49441229286224914,-0.086032824066020572
1839,0.734375,0.578125,0.49052780299021603,-0.24922265582419406,0.55020855835080651,0.51831524223276848,-0.21618379796469081,-0.027787439242552447,-0.033038857859503251,0.22854881458326165,-0.31527426351080384,0.53185463757447204,-0.23001405057902402,0.045572774462602481,0.31506146411382635,0.52498244055274534,-0.23449572969784963
1840,0.765625,0.578125,0.47753512479845239,-0.11968764565336389,0.49230572608727463,0.50021577956207497,-0.097772738641979731,-0.022680654763622576,-0.021914907011384155,0.2570147681804219,-0.25837144040104659,0.4842274761090743,-0.077243022914178713,0.04296898376197112,0.2905737742219146,0.47899016802396682,-0.083430210850357678
1841,0.515625,0.703125,-0.37387744726619648,-0.54095214808929515,0.65758160869713367,-0.37435023085676877,-0.56974442755265098,0.00047278359057228991,0.02879227946335583,-0.39941038987556798,-0.43188451181260346,-0.38560440298603677,-0.57917631437187533,0.039982600946579683,0.14793742046944525,-0.38534796729595105,-0.57450943436279067
1842,0.484375,0.703125,-0.48354512326310989,-0.44541345549780753,0.65742606623865585,-0.51208199929740972,-0.44994950672659584,0.02853687603429983,0.004536051228788307,-0.45790162779775995,-0.34739805828949072,-0.51690740920153255,-0.46577106935077733,0.039082919092919645,0.13226432620621964,-0.51515542492869026,-0.46162875212990573
1843,0.515625,0.671875,-0.40350167980207352,-0.59510247575254782,0.71899969558401544,-0.41673139683911942,-0.6185018543112849,0.013229717037045896,0.023399378558737083,-0.43701381209822332,-0.46430201487039774,-0.43011566038704729,-0.64603204996498953,0.057464123521010643,0.18186090880811073,-0.42979096810366857,-0.64076484858129812
1844,0.484375,0.671875,-0.53321745523917319,-0.48221198918441804,0.71892228862717356,-0.55446316527976036,-0.49870693348522976,0.021245710040587173,0.01649494430081172,-0.49550505002041528,-0.379815561347285,-0.57657529308794153,-0.51953616071714104,0.057210102984737041,0.16153708614215995,-0.57459972565707884,-0.51487475803960159
1845,0.515625,0.796875,-0.26036097932165547,-0.3617595215977692,0.44571043404880972,-0.30302984951706302,-0.37732973109565543,0.042668870195407549,0.015570209497886234,-0.30929252766522231,-0.30345858303914697,-0.23186586206514032,-0.34826162351784257,0.031530381539693342,0.089455022117724367,-0.23188256231985502,-0.34560989516562135
1846,0.484375,0.796875,-0.32149026737585823,-0.30819673991423702,0.44535516445996748,-0.3313746063942708,-0.35246032793233567,0.009884339018412569,0.044263588018098654,-0.31633121429251176,-0.28025262005662688,-0.31081901844028376,-0.28007048074067487,0.030082586473629363,0.0055152042431568316,-0.30987527389714475,-0.27766003569773401
1847,0.515625,0.828125,-0.20453415863132751,-0.28493967680201854,0.35074897214826423,-0.24839320772991552,-0.31436812348400994,0.04385904909858801,0.029428446681991405,-0.25871414005863419,-0.25823104280390358,-0.17928620078180782,-0.26928717665680696,0.029706230598427859,0.080193738119235553,-0.17941546011393425,-0.26730884774596764
1848,0.484375,0.828125,-0.25378232260341088,-0.2417746036253097,0.35051451642429493,-0.2767379646071233,-0.28949872032069018,0.022955642003712418,0.047724116695380486,-0.26575282668592365,-0.23502507982138354,-0.24033534066016851,-0.21655957455704847,0.028576546577484572,0.031416929839445551,-0.23968878913039751,-0.2147225364866252
1849,0.546875,0.734375,-0.23023212212591782,-0.5323557394587064,0.58000815804023798,-0.23588431157451556,-0.47124505695079821,0.0056521894485977442,-0.061110682507908187,-0.28951342455827456,-0.38043658299132754,-0.19800941155465659,-0.56444803142472455,0.045477667928241691,0.20550717153015124,-0.19931451759087626,-0.56048428084040891
1850,0.546875,0.765625,-0.21120172307613205,-0.4619936715765372,0.50798062995265525,-0.2615817380043079,-0.39054939486408213,0.050380014928175842,-0.071444276712455068,-0.28757737217717227,-0.32965569751090873,-0.16755868859402531,-0.47764483103319355,0.046364568920071299,0.1905394133760997,-0.16874586517019602,-0.47439299531194151
1851,0.578125,0.734375,-0.10036435922711665,-0.53565381173093107,0.54497523854295016,-0.13979955827461299,-0.42150311310757943,0.039435199047496344,-0.11415069862335164,-0.21721988146363655,-0.36140615722784597,-0.050574135464309722,-0.57725044460379638,0.064879474787565297,0.2726894956768669,-0.053329130313269357,-0.57386007245108983
1852,0.578125,0.765625,-0.1007555227588896,-0.45666509214280632,0.46764803190884369,-0.1654969847044053,-0.34080745102086335,0.064741461945515694,-0.11585764112194297,-0.21528382908253421,-0.31062527174742716,-0.04279663147646498,-0.48847843508403949,0.066115972864236275,0.24775710090093256,-0.045219398982766022,-0.48576393676923874
1853,0.453125,0.734375,-0.49462986643298079,-0.30172502631510401,0.57939338645894001,-0.4335662151337808,-0.29891850550489407,-0.061063651299199995,-0.0028065208102099337,-0.37846102807671794,-0.23056392123655786,-0.52963093860475874,-0.27802945188614542,0.04226766258846501,0.15844657916440733,-0.52711824426691178,-0.27527549546088059
1854,0.453125,0.765625,-0.42734875086988816,-0.27299015761415957,0.50710016862968743,-0.34987663000014002,-0.31314836108091332,-0.07747212086974814,0.04015820346675375,-0.32507242440071316,-0.24106352629673172,-0.4481820576843642,-0.23527290941773726,0.043088484358777525,0.12324574252717348,-0.44607223980678745,-0.23296027683892936
1855,0.421875,0.734375,-0.51581372844708584,-0.17307255814854428,0.54407528232641234,-0.39743159695250252,-0.19664493104182626,-0.11838213149458332,0.023572372893281984,-0.33662385057833133,-0.14614728724141929,-0.56374894931588104,-0.13402589719335242,0.061825780476188759,0.22744832066480306,-0.56064850940318289,-0.13234814719017676
1856,0.421875,0.765625,-0.43716234629563178,-0.16208012200055402,0.4662412282997036,-0.31374201181886174,-0.21087478661784548,-0.12342033447677003,0.048794664617291456,-0.28323524690232654,-0.15664689230159315,-0.47705325672135829,-0.11341482909844879,0.0629253165891204,0.19858104697833315,-0.47442658725714726,-0.11200977997325812
1857,0.109375,0.078125,0.019014007457952672,0.0050931048602413081,0.019684313468559006,0.018734640712154013,0.011671880413395959,0.00027936674579865858,-0.0065787755531546508,-0.01805322767833286,0.034351503967616742,0.0080769221627200651,0.0096714812952832744,0.011856701292355344,0.035942846991060297,0.00772791518488286,0.0096736640314787105
1858,0.140625,0.078125,0.021654142138661139,0.015171261718785365,0.026439914029762319,0.021602624768518579,0.010993309709732255,5.1517370142559887e-05,0.0041779520090531094,-0.011519096791147234,0.03818818380943647,0.0083619911403168979,0.017498062473505781,0.013494268409771288,0.028693880501496186,0.0079484991258114354,0.017412524843980003
1859,0.109375,0.046875,0.01680903062849827,0.0041378563794019722,0.017310845331362377,0.013618533929407093,0.0033102449107191316,0.0031904966990911766,0.0008276114686828406,-0.015324687947589408,0.017782763009019195,0.0031081648527128097,0.0037217838218643103,0.013707182036407967,0.023183640742109771,0.0028649296364821985,0.0036846880827460294
1860,0.140625,0.046875,0.023462419843351696,0.010143595493982353,0.025561253381852042,0.016486517985771658,0.0026316742070554297,0.0069759018575800379,0.0075119212869269236,-0.0087905570604037819,0.021619442850838916,0.0032178652260623102,0.0067336123432948595,0.02052973396662474,0.019125641314984052,0.0029402394236637715,0.0066560531606606318
1861,0.078125,0.109375,0.017827752243042717,-0.00070238052136143618,0.017841583125835628,0.018599734159121577,0.0084282987449720275,-0.00077198191607886005,-0.0091306792663334631,-0.025911820354348435,0.033573418218675884,0.010218592976958622,0.0073725558416945737,0.011095219781691468,0.04463061680941241,0.0099211542960137289,0.0074942504542021959
1862,0.078125,0.140625,0.016967114428787164,0.0026918609405308801,0.01717932150472519,0.021332811662453707,0.0045061463728843943,-0.0043656972336665427,-0.0018142854323535142,-0.027236282143178379,0.036632012311554746,0.015727355633314403,0.011347042387366994,0.0087435214729883384,0.049851819174998591,0.015375647378085064,0.011567610453393681
1863,0.046875,0.109375,0.011791631506190768,-0.0094787849422219746,0.015129108947941542,0.01334872082334222,-0.0031769184261287303,-0.001557089317151452,-0.0063018665160932442,-0.031041873299620555,0.016226591511137475,0.0045119894875870264,0.0017760389726113317,0.013403889333806247,0.038378322367715455,0.0043957673205932517,0.0018670188386255523
1864,0.046875,0.140625,0.011765232023115555,-0.012721110918947858,0.017327646913817184,0.016081798326674349,-0.0070990707982163635,-0.0043165663035587935,-0.0056220401207314943,-0.0323663350884505,0.019285185604016337,0.0069443673356072589,0.0027334875362848947,0.016189050304071178,0.042653136273879851,0.0068415011761237855,0.0029086988212079306
1865,0.171875,0.140625,0.0094634748205694886,0.089574073624104966,0.090072593064128723,-0.012167742408058388,0.098049212533679847,0.021631217228627875,-0.0084751389095748808,-0.026873216660111211,0.11517301156574218,0.014735802748156756,0.074296668692431539,0.016161576136699544,0.058328259898732394,0.014011515540355571,0.073951160814701752
1866,0.171875,0.109375,0.012301851906365487,0.051588047247548362,0.053034537606558144,0.0061514332084123772,0.054181975769874199,0.0061504186979531097,-0.0025939285223258376,-0.015929091282036411,0.078598937608499175,0.0095743476515021061,0.048273049494964977,0.0042928416649034165,0.039624296679074605,0.0090111964006759776,0.048000557836025075
1867,0.203125,0.140625,-0.0024310303857915617,0.12007691640759056,0.12010152273261207,-0.032735040750911507,0.13287624309114499,0.030304010365119944,-0.012799326683554421,-0.028554671420256937,0.13901502440620733,-0.0053070559134150543,0.097813619212375025,0.02244829447503828,0.047307583078194847,-0.0058859420832453758,0.097197907792437296
1868,0.203125,0.109375,0.0034596665924341132,0.074260649452801364,0.074341195511524114,-0.014415865134440745,0.089009006327339324,0.017875531726874859,-0.01474835687453796,-0.017610546042182131,0.10244095044896435,-0.0034481730781413733,0.063552804784121272,0.012742691488180866,0.04138672107358405,-0.0039041506386704753,0.063097373546086521
1869,0.140625,0.171875,0.016719809617516658,0.090995516429896117,0.092518841562081275,-0.012302648961090824,0.094805630865255924,0.029022458578607482,-0.0038101144353598071,-0.034731809336126782,0.11439492581680132,0.032658992320496065,0.068341269245129635,0.02769968340518458,0.081623890078479824,0.031777729841345935,0.068287882469455663
1870,0.109375,0.171875,0.015759258971362954,0.046104183095570912,0.048723197167636796,0.0058816201023475043,0.04769481243302634,0.0098776388690154492,-0.0015906293374554278,-0.031646276634067556,0.077042766110617472,0.031545613294625227,0.037773399666446848,0.017849676057636162,0.074399583961784213,0.030847976977391306,0.037990812125999737
1871,0.140625,0.203125,0.017725019062549446,0.12777507115095088,0.12899862444382226,-0.033004853856976379,0.12638907975429711,0.050729872919525826,0.0013859913966537685,-0.044271856772288079,0.1374588529083256,0.04223696734912908,0.088383864675857085,0.046395072544047448,0.09945919324470319,0.041190246510613711,0.088364802995336139
1872,0.109375,0.203125,0.015447943613210637,0.071602365697049128,0.073249830957421963,-0.014820584793538054,0.079278261322067528,0.030268528406748693,-0.0076758956250184002,-0.041186324070228847,0.10010669320214177,0.040797065189827023,0.048851288267582581,0.034061554411207666,0.096687086260635033,0.039980655878479168,0.049170748680008917
1873,0.890625,0.078125,0.00044982265667737513,0.018103497885267626,0.018109085457425775,0.011128263616825125,0.019648841184281798,-0.01067844096014775,-0.0015453432990141722,0.093448219493527121,-0.038801952414778379,0.0083933673288069856,0.0093981704044653475,0.011784847411236603,0.097762874940094613,0.010971299412144484,0.0086147906750956554
1874,0.859375,0.078125,0.007409742499980298,0.021253313367682668,0.022507945553091536,0.010049137300626999,0.021834833364256193,-0.0026393948006467006,-0.00058151999657352418,0.085831240555609895,-0.057700616332678499,0.016095182414470638,0.0108189735743445,0.013576167111193881,0.097765290395369686,0.018434868937822087,0.0093831443681572646
1875,0.890625,0.046875,-0.005167464181607892,0.015784057528237624,0.016608406248731857,0.0033971624911701484,0.013823505915814584,-0.0085646266727780404,0.0019605516124230407,0.080268350449175005,-0.019493797054093105,0.0032299394251584846,0.0036166082008059755,0.014783883470541487,0.08043014114217989,0.005715837669581874,0.0034023353045545077
1876,0.859375,0.046875,-0.0039445724244569266,0.021553554635092575,0.021911535067623777,0.002318036174972022,0.016009498095788981,-0.0062626085994289486,0.0055440565393035934,0.072651371511257792,-0.038392460971993225,0.0061937554022201352,0.0041633623215308587,0.02012969149847646,0.078915225622726751,0.0086086857744024324,0.0033334251433323752
1877,0.921875,0.109375,0.0010459270932447321,0.015120406856538815,0.01515653875367491,0.0082482959205915952,0.019245253038933412,-0.0072023688273468636,-0.0041248461823945974,0.10973754893911537,-0.036590027416116874,0.0058072932970479729,0.011182556354864237,0.0061787761490653161,0.11438408017718589,0.0086594241849224825,0.01063244616397983
1878,0.921875,0.140625,0.0073467751862602154,0.0144214769648416,0.01618499624605782,0.0042892019081599408,0.021027657073559424,0.0030575732781002746,-0.0066061801087178244,0.1184098994467864,-0.053276766335355497,0.0089379591843592662,0.017210984044387971,0.0032114196646725892,0.13020226057337653,0.012005541097722842,0.016191510643907048
1879,0.953125,0.109375,-0.0044484292774441877,0.0064015888067878481,0.0077954385564645481,-0.0023627729012969095,0.013016329625117812,-0.0020856563761472782,-0.0066147408183299637,0.11284700934035151,-0.015069947056770099,0.0011006441808895182,0.0047223877387825956,0.0057975798806720697,0.11348562306746642,0.0039040217830721238,0.0049905184997453399
1880,0.953125,0.140625,-0.0048270839153900574,0.0048160718744907982,0.0068187452970820605,-0.0063218669137285639,0.014798733659743823,0.0014947829983385065,-0.0099826617852530261,0.12151935984802255,-0.031756685976008718,0.0016939927539554036,0.0072681896200099587,0.0069668732129536887,0.12602007583918001,0.0047983052894492503,0.007184231288436268
1881,0.828125,0.140625,0.08827000281337688,0.020241938255691132,0.090561191804330698,0.1002083948960186,-0.00011002325105197858,-0.011938392082641719,0.020351961506743111,0.11522613429875618,-0.11278098317367474,0.071361962069448517,0.025389155776120526,0.01767415316220149,0.14496569560681621,0.072762304637800618,0.022206363646201249
1882,0.828125,0.109375,0.047743058803447702,0.017083890543686035,0.050707583062280834,0.054589202940223736,0.011955401146589306,-0.0068461441367760334,0.0051284893970967287,0.096720197958224438,-0.094690131712126688,0.046366271700513308,0.016496190138615096,0.0014969751143312398,0.12205701969269835,0.048041742711511126,0.013926733922295221
1883,0.796875,0.140625,0.11905547330686699,0.012040633289420899,0.11966278692363984,0.13701735940996038,-0.015814790737186078,-0.017961886103093391,0.027855424026606977,0.11293522265701859,-0.13046234319243766,0.097544887614668563,0.0089813053691148465,0.021727051897240352,0.14029039003749882,0.098069963172928862,0.0055762072738844998
1884,0.796875,0.109375,0.071029137928772551,0.010676518998646222,0.07182705961427803,0.091398167454165499,-0.0037493663395447973,-0.020369029525392948,0.01442588533819102,0.094429286316486852,-0.11237149173088959,0.063378200808663812,0.0058354567740779625,0.0090538788526244151,0.1222172352251113,0.06436041500104836,0.0029769657146116067
1885,0.859375,0.171875,0.091584961700804046,0.028029328107469061,0.095778120903961664,0.097328427199785073,-0.00051361139640036454,-0.0057434654989810263,0.028542939503869425,0.13151546374434442,-0.11056905817501325,0.062862113825590482,0.042255100364382389,0.032052684542300439,0.16753658074683631,0.064937528992188728,0.038975183091661217
1886,0.890625,0.171875,0.049785818362208176,0.020862414728456125,0.05398025618961888,0.048829267547756676,0.011148224855892536,0.00095655081445149975,0.0097141898725635889,0.12929885684940096,-0.090266281714803678,0.032781536662118672,0.036705943586363941,0.023241407074601927,0.15949150163587036,0.035603118126035345,0.034234594034536416
1887,0.859375,0.203125,0.12830910878761953,0.03451718585725929,0.13287085277583555,0.1312574240174933,-0.01662196702788285,-0.0029483152298737658,0.05113915288514214,0.14551388154819511,-0.12603849319511465,0.08129782520823263,0.054647347257696495,0.051139849254658393,0.19175785468135578,0.083269495450887507,0.050768173239168705
1888,0.890625,0.203125,0.075626619781708052,0.024978448133953005,0.079644889922628526,0.082758264365464906,-0.0049601307755899552,-0.0071316445837568548,0.029938578909542962,0.14329727465325159,-0.10573571673490509,0.042395450541296842,0.047470776978114658,0.04012749015224798,0.18344865173927394,0.04528029921961256,0.044460545604810692
1889,0.921875,0.890625,0.0010459270932444927,0.015120406856539316,0.015156538753675394,0.0082482959205913975,0.019245253038933867,-0.0072023688273469052,-0.0041248461823945506,0.10973754893911508,-0.036590027416116395,0.0058072932970479729,0.011182556354864237,0.00617877614906582,0.11438408017718543,0.0086594241849218996,0.010632446163979533
1890,0.921875,0.859375,0.0073467751862599621,0.014421476964842226,0.016184996246058261,0.0042892019081597656,0.021027657073559886,0.0030575732781001966,-0.0066061801087176596,0.11840989944678612,-0.05327676633535499,0.0089379591843592662,0.017210984044387971,0.0032114196646721707,0.13020226057337603,0.012005541097722125,0.016191510643906816
1891,0.953125,0.890625,-0.0044484292774445225,0.0064015888067881005,0.0077954385564649471,-0.0023627729012972703,0.013016329625118096,-0.0020856563761472522,-0.0066147408183299958,0.11284700934035106,-0.01506994705676978,0.0011006441808895182,0.0047223877387825956,0.0057975798806724635,0.11348562306746593,0.0039040217830716272,0.0049905184997448898
1892,0.953125,0.859375,-0.0048270839153903532,0.0048160718744911296,0.0068187452970825038,-0.0063218669137289039,0.014798733659744115,0.0014947829983385508,-0.0099826617852529845,0.1215193598480221,-0.031756685976008364,0.0016939927539554036,0.0072681896200099587,0.0069668732129538492,0.12602007583917949,0.0047983052894486214,0.0071842312884358456
1893,0.890625,0.921875,0.00044982265667722378,0.018103497885268164,0.018109085457426309,0.01112826361682509,0.019648841184282374,-0.010678440960147867,-0.0015453432990142103,0.093448219493526982,-0.038801952414777824,0.0083933673288069856,0.0093981704044653475,0.011784847411237103,0.09776287494009421,0.010971299412144019,0.0086147906750954316
1894,0.859375,0.921875,0.007409742499980416,0.021253313367683394,0.022507945553092261,0.01004913730062715,0.0218348333642569,-0.0026393948006467336,-0.00058151999657350684,0.085831240555609908,-0.05770061633267784,0.016095182414470638,0.0108189735743445,0.013576167111194363,0.097765290395369228,0.018434868937821633,0.0093831443681571449
1895,0.890625,0.953125,-0.0051674641816081201,0.015784057528238204,0.016608406248732478,0.0033971624911701137,0.013823505915815111,-0.0085646266727782347,0.0019605516124230928,0.080268350449174852,-0.019493797054092633,0.0032299394251584846,0.0036166082008059755,0.014783883470542094,0.080430141142179612,0.0057158376695815452,0.0034023353045542102
1896,0.859375,0.953125,-0.0039445724244567444,0.021553554635093296,0.021911535067624457,0.0023180361749721729,0.016009498095789637,-0.0062626085994289173,0.0055440565393036594,0.072651371511257806,-0.038392460971992649,0.0061937554022201352,0.0041633623215308587,0.02012969149847699,0.078915225622726445,0.008608685774402108,0.0033334251433321522
1897,0.859375,0.828125,0.091584961700804282,0.028029328107469741,0.095778120903962094,0.097328427199785308,-0.00051361139639964984,-0.0057434654989810263,0.02854293950386939,0.13151546374434447,-0.11056905817501256,0.062862113825590482,0.042255100364382389,0.032052684542300348,0.16753658074683572,0.064937528992187923,0.038975183091661501
1898,0.890625,0.828125,0.049785818362208058,0.020862414728456666,0.053980256189618984,0.048829267547756718,0.011148224855893127,0.00095655081445134016,0.0097141898725635386,0.12929885684940082,-0.090266281714803068,0.032781536662118672,0.036705943586363941,0.023241407074601473,0.15949150163586978,0.035603118126034498,0.034234594034536492
1899,0.859375,0.796875,0.12830910878761964,0.034517185857259859,0.1328708527758358,0.13125742401749357,-0.016621967027882184,-0.0029483152298739324,0.051139152885142043,0.14551388154819517,-0.12603849319511401,0.08129782520823263,0.054647347257696495,0.051139849254658268,0.1917578546813552,0.083269495450886605,0.050768173239169122
1900,0.890625,0.796875,0.07562661978170801,0.02497844813395346,0.079644889922628637,0.082758264365465004,-0.0049601307755894036,-0.0071316445837569936,0.029938578909542865,0.14329727465325151,-0.10573571673490453,0.042395450541296842,0.047470776978114658,0.040127490152247688,0.18344865173927344,0.045280299219611617,0.044460545604810858
1901,0.828125,0.859375,0.088270002813377324,0.020241938255692083,0.090561191804331351,0.100208394896019,-0.00011002325105114244,-0.011938392082641677,0.020351961506743226,0.11522613429875639,-0.11278098317367399,0.071361962069448517,0.025389155776120526,0.017674153162201636,0.14496569560681558,0.072762304637799938,0.022206363646201512
1902,0.828125,0.890625,0.047743058803448042,0.017083890543686819,0.050707583062281417,0.054589202940224103,0.01195540114659014,-0.0068461441367760612,0.0051284893970966784,0.096720197958224619,-0.094690131712125925,0.046366271700513308,0.016496190138615096,0.0014969751143318604,0.12205701969269772,0.048041742711510578,0.013926733922295311
1903,0.796875,0.859375,0.11905547330686769,0.012040633289421652,0.11966278692364062,0.13701735940996096,-0.015814790737185169,-0.017961886103093266,0.027855424026606821,0.11293522265701897,-0.13046234319243688,0.097544887614668563,0.0089813053691148465,0.021727051897241161,0.1402903900374981,0.098069963172928334,0.0055762072738848112
1904,0.796875,0.890625,0.071029137928773148,0.010676518998646981,0.071827059614278724,0.091398167454166082,-0.0037493663395438831,-0.020369029525392934,0.014425885338190864,0.094429286316487199,-0.11237149173088881,0.063378200808663812,0.0058354567740779625,0.0090538788526253241,0.12221723522511065,0.064360415001047916,0.0029769657146117207
1905,0.078125,0.890625,0.017827752243043317,-0.00070238052136140626,0.017841583125836225,0.018599734159122135,0.0084282987449721559,-0.00077198191607881841,-0.009130679266333562,-0.025911820354348428,0.033573418218675974,0.010218592976958622,0.0073725558416945737,0.011095219781691859,0.044630616809412459,0.0099211542960132414,0.0074942504542017049
1906,0.078125,0.859375,0.01696711442878774,0.0026918609405310059,0.017179321504725779,0.021332811662454321,0.0045061463728844602,-0.0043656972336665809,-0.0018142854323534544,-0.027236282143178383,0.036632012311554815,0.015727355633314403,0.011347042387366994,0.008743521472988295,0.049851819174998625,0.015375647378084552,0.011567610453393299
1907,0.046875,0.890625,0.011791631506191228,-0.0094787849422216901,0.015129108947941722,0.013348720823342613,-0.0031769184261285499,-0.0015570893171513844,-0.0063018665160931402,-0.031041873299620555,0.016226591511137509,0.0045119894875870264,0.0017760389726113317,0.013403889333806259,0.038378322367715469,0.0043957673205929299,0.0018670188386249714
1908,0.046875,0.859375,0.011765232023116131,-0.012721110918947814,0.017327646913817541,0.016081798326674796,-0.0070990707982162456,-0.0043165663035586652,-0.0056220401207315689,-0.032366335088450507,0.019285185604016351,0.0069443673356072589,0.0027334875362848947,0.016189050304071306,0.042653136273879864,0.006841501176123423,0.0029086988212074301
1909,0.109375,0.921875,0.019014007457953137,0.0050931048602414685,0.019684313468559495,0.018734640712154544,0.011671880413396172,0.00027936674579859266,-0.0065787755531547037,-0.018053227678332909,0.034351503967616867,0.0080769221627200651,0.0096714812952832744,0.011856701292355712,0.035942846991060422,0.0077279151848822303,0.0096736640314782005
1910,0.140625,0.921875,0.021654142138661403,0.015171261718785665,0.026439914029762708,0.021602624768519138,0.010993309709732493,5.1517370142264984e-05,0.0041779520090531718,-0.01151909679114734,0.038188183809436602,0.0083619911403168979,0.017498062473505781,0.013494268409771495,0.028693880501496356,0.0079484991258105576,0.017412524843979611
1911,0.109375,0.953125,0.016809030628498506,0.0041378563794022775,0.017310845331362679,0.013618533929407428,0.0033102449107194828,0.0031904966990910777,0.00082761146868279463,-0.015324687947589514,0.017782763009019299,0.0031081648527128097,0.0037217838218643103,0.013707182036408212,0.023183640742109921,0.0028649296364816738,0.0036846880827453871
1912,0.140625,0.953125,0.023462419843351994,0.0101435954939827,0.025561253381852455,0.016486517985772022,0.0026316742070558036,0.0069759018575799719,0.0075119212869268967,-0.0087905570604039432,0.021619442850839034,0.0032178652260623102,0.0067336123432948595,0.02052973396662509,0.019125641314984242,0.0029402394236629995,0.0066560531606600377
1913,0.140625,0.828125,0.016719809617517307,0.090995516429896089,0.092518841562081358,-0.012302648961090176,0.094805630865255744,0.029022458578607482,-0.0038101144353596544,-0.034731809336126782,0.11439492581680157,0.032658992320496065,0.068341269245129635,0.027699683405184184,0.081623890078479963,0.031777729841345151,0.068287882469455871
1914,0.109375,0.828125,0.015759258971363488,0.046104183095570954,0.048723197167637011,0.0058816201023481653,0.047694812433026257,0.0098776388690153226,-0.0015906293374553029,-0.031646276634067556,0.077042766110617611,0.031545613294625227,0.037773399666446848,0.017849676057635707,0.074399583961784282,0.030847976977390695,0.037990812125999696
1915,0.140625,0.796875,0.01772501906255006,0.1277750711509508,0.12899862444382226,-0.033004853856975852,0.12638907975429683,0.050729872919525909,0.0013859913966539628,-0.044271856772288079,0.13745885290832588,0.04223696734912908,0.088383864675857085,0.046395072544047053,0.099459193244703328,0.041190246510613086,0.0883648029953365
1916,0.109375,0.796875,0.015447943613211126,0.07160236569704917,0.073249830957422102,-0.014820584793537518,0.079278261322067348,0.030268528406748645,-0.0076758956250181781,-0.041186324070228861,0.10010669320214194,0.040797065189827023,0.048851288267582581,0.034061554411207333,0.09668708626063513,0.039980655878478655,0.049170748680009028
1917,0.171875,0.859375,0.0094634748205701131,0.089574073624104952,0.090072593064128778,-0.012167742408057767,0.098049212533679764,0.021631217228627882,-0.0084751389095748114,-0.026873216660111256,0.11517301156574246,0.014735802748156756,0.074296668692431539,0.016161576136699329,0.058328259898732623,0.014011515540354401,0.07395116081470203
1918,0.171875,0.890625,0.012301851906366039,0.051588047247548521,0.053034537606558428,0.0061514332084129809,0.054181975769874297,0.0061504186979530577,-0.0025939285223257752,-0.015929091282036515,0.078598937608499397,0.0095743476515021061,0.048273049494964977,0.0042928416649038901,0.039624296679074848,0.0090111964006747616,0.048000557836025103
1919,0.203125,0.859375,-0.0024310303857912555,0.1200769164075908,0.12010152273261231,-0.032735040750911035,0.13287624309114487,0.030304010365119781,-0.012799326683554074,-0.028554671420257038,0.13901502440620767,-0.0053070559134150543,0.097813619212375025,0.022448294475038551,0.04730758307819518,-0.0058859420832468919,0.097197907792437935
1920,0.203125,0.890625,0.0034596665924345399,0.074260649452801641,0.074341195511524405,-0.014415865134440292,0.089009006327339407,0.017875531726874831,-0.014748356874537766,-0.017610546042182294,0.10244095044896462,-0.0034481730781413733,0.063552804784121272,0.012742691488181331,0.041386721073584355,-0.0039041506386720392,0.063097373546086785
1921,0.421875,0.390625,-0.79968183662675374,-0.17435151153035156,0.81846776931266896,-0.7661463050477364,-0.18532934094155368,-0.033535531579017341,0.010977829411202122,-0.56038302283751062,-0.14955470449866276,-0.83946272788327314,-0.19957419947561272,0.047103113446427772,0.28352677412579386,-0.83488388923814816,-0.19695665606690221
1922,0.421875,0.359375,-0.75050543361452171,-0.14923538917449339,0.76519906381737279,-0.72376513906538575,-0.13657191418291964,-0.026740294549135957,-0.012663474991573748,-0.52277960061485529,-0.11713720144086832,-0.78526379098747956,-0.18668892287651717,0.051097070307747433,0.27154261571663879,-0.78097323402178043,-0.18426454474474221
1923,0.453125,0.390625,-0.737694389019666,-0.38549406301537448,0.83234529145733738,-0.70268590114609886,-0.39077556397202551,-0.03500848787356714,0.0052815009566510307,-0.56554745865161804,-0.29710263598076808,-0.78865855631671755,-0.41400584851725947,0.058397502179351461,0.25188275646156816,-0.78489801623193289,-0.40977499949498525
1924,0.453125,0.359375,-0.68791508683909164,-0.3480648523118971,0.7709580456261792,-0.6603047351637481,-0.34201813721339147,-0.027610351675343536,-0.0060467150985056284,-0.5279440364289627,-0.26468513292297369,-0.7377397318039024,-0.38727604132873056,0.063403569221166745,0.24298716966457953,-0.73422153840621351,-0.38334430165688094
1925,0.390625,0.421875,-0.81974963975728898,-0.011337262796360251,0.81982803404733529,-0.74364702187403131,-0.048803546057127056,-0.076102617883257673,0.037466283260766807,-0.52595150057980877,-0.035094863643483465,-0.86274131172452462,0.014316481600044749,0.050063943712960482,0.34039514968587392,-0.85778892286716524,0.015299939062592135
1926,0.359375,0.421875,-0.74636772960938425,0.17326909664989662,0.76621600587310768,-0.67876657271797558,0.1364796755859336,-0.067601156891408665,0.036789421063963018,-0.4539165560994517,0.11178248026949024,-0.77863724685605118,0.21264057272602249,0.050906137859259043,0.34002335481465612,-0.77419234542338411,0.21200129189751754
1927,0.390625,0.453125,-0.81006666439032937,-0.056850735725402841,0.81205911540293307,-0.65768733479868868,-0.11772397420317229,-0.15237932959164069,0.060873238477769452,-0.49668441413621456,-0.068182954270409532,-0.89059797321986489,0.014778739957581307,0.10777788960829231,0.40255500833939095,-0.88549172559795164,0.015809741781590902
1928,0.359375,0.453125,-0.72461764139092166,0.1426356069649414,0.73852260804202841,-0.59280688564263295,0.067559247439888337,-0.13181075574828871,0.075076359525053066,-0.42464946965585743,0.078694389642564186,-0.80377831048493475,0.21950642738500917,0.11034280476526843,0.40443381154594332,-0.79919601008691077,0.21886381019617496
1929,0.359375,0.328125,-0.63659260795850137,0.1576366286576609,0.65581968192633522,-0.60911473672047867,0.11673266150185005,-0.0274778712380227,0.04090396715581085,-0.40150182339542667,0.084113569607202787,-0.63617954172555524,0.17373633570101962,0.016105005141097434,0.25120882087009239,-0.63251543060023685,0.17313370845153878
1930,0.390625,0.328125,-0.68778360710415598,0.017636580361167994,0.68800969409452362,-0.64524935490175694,0.014459087038782237,-0.042534252202399037,0.003177493322385757,-0.44333900089381328,-0.00030306438793557128,-0.70489611759104742,0.011697170589018337,0.01811393396271159,0.26183225724588,-0.70081861554657399,0.012430608354113229
1931,0.359375,0.296875,-0.54056069417181285,0.11663797776130766,0.55300115907632552,-0.46713854865521226,0.062317439693080061,-0.07342214551660059,0.054320538068227599,-0.32722565948849219,0.053399775178030184,-0.57034340985925347,0.15575693278567918,0.049166073627225138,0.26378633068992957,-0.56704196663363093,0.15518189435722882
1932,0.390625,0.296875,-0.59373265492259208,-0.01466791783100758,0.59391380968531704,-0.50327316683649048,-0.039956134769987751,-0.090459488086101603,0.025288216938980174,-0.36906283698687881,-0.031016858817108167,-0.63194873292052878,0.010486668812629159,0.045751741461463616,0.26614194912968947,-0.62827797248872674,0.011116054583176976
1933,0.328125,0.359375,-0.60385043914640535,0.28999122377411185,0.6698733184142458,-0.58661545354677358,0.25325845638627664,-0.017234985599631769,0.036732767387835208,-0.36707030113772487,0.19857341046238208,-0.57341920309727068,0.32572863118283879,0.046938496096226655,0.24238052623174641,-0.57036281480925388,0.32399138722390641
1934,0.328125,0.390625,-0.63103912898834724,0.3091899031546011,0.70271528980599496,-0.60025078855434677,0.28751067680763548,-0.030788340434000472,0.021679226346965619,-0.37447595637840975,0.228616617322423,-0.61299661843234343,0.34821043376847899,0.042989929013108295,0.26682351312952118,-0.60973858026371119,0.34638886571809702
1935,0.296875,0.359375,-0.45736457924114987,0.3552730465867277,0.579138408306209,-0.42213998230780209,0.33536902946193325,-0.035224596933347785,0.019904017124794449,-0.25836261497308866,0.28231945688838878,-0.42584957938946166,0.41012676456737324,0.063262355251382338,0.21068125485092878,-0.42400652795182392,0.40773903803213768
1936,0.296875,0.390625,-0.47587624646269971,0.38457842265795206,0.61184864559914365,-0.43577531731537522,0.36962124988329209,-0.040100929147324493,0.014957172774659966,-0.26576827021377347,0.31236266374842975,-0.45524173365065018,0.43843372954803339,0.057673019681784295,0.22758318694185967,-0.45327494966324122,0.43592020326859365
1937,0.578125,0.390625,-0.061923816293666813,-0.81585747680373066,0.81820411969197615,-0.077487462844532506,-0.78430394507183021,0.015563646550865694,-0.031553531731900453,-0.26792683322655136,-0.57198697211422611,-0.075308524776370067,-0.85956742533530472,0.045713346210924023,0.34612762071965619,-0.079160360230688689,-0.85396284145599599
1938,0.578125,0.359375,-0.043886659216809343,-0.76370231447365489,0.76496226311474325,-0.035106296862181863,-0.73554651831319617,-0.00878036235462748,-0.028155796160458713,-0.23032341100389603,-0.53956946905643166,-0.07044631726376048,-0.80407045197842941,0.04832185800624144,0.30906545434502225,-0.074077608585263424,-0.79890961418770057
1939,0.546875,0.390625,-0.27942335500462939,-0.7839853184296055,0.83229225085615999,-0.28949059582417647,-0.75016032645019148,0.010067240819547074,-0.033824991979414021,-0.39007374488504254,-0.55056199655010607,-0.29485025377332652,-0.84050371141826019,0.058585987673159867,0.30517816317716612,-0.29657176390317203,-0.83420803598028848
1940,0.546875,0.359375,-0.24930597335264224,-0.72948760652124156,0.77091221057744186,-0.24710942984182582,-0.70140289969155734,-0.0021965435108164122,-0.028084706829684225,-0.3524703226623872,-0.51814449349231173,-0.27581358928881194,-0.78623756462850913,0.062635544603652185,0.2788371380622488,-0.2774486164086804,-0.78040908992715052
1941,0.609375,0.421875,0.10185985637845245,-0.81319652355675731,0.81955110656153396,0.054135497256943735,-0.74324008204325254,0.047724359121508714,-0.069956441513504775,-0.17877309401717179,-0.56276059337081774,0.1396930191576421,-0.85147718290050523,0.05382152994544781,0.42985803971814629,0.13373365650495897,-0.84696235629397776
1942,0.640625,0.421875,0.27399671558677008,-0.71498894291897219,0.76569144480575635,0.22813962334077059,-0.65341879225604083,0.045857092245999487,-0.061570150662931367,-0.05201593258513685,-0.52111671156961503,0.32366944993541052,-0.73941197078444088,0.055352189006290117,0.43450238990744117,0.31632361400851183,-0.73690995144388138
1943,0.609375,0.453125,0.055242192627355649,-0.81015897887567201,0.81204019044573739,-0.026244675621223998,-0.66803260039303614,0.081486868248579647,-0.14212637848263587,-0.21176626646628338,-0.53210923906328955,0.14420350346510857,-0.87897014206766633,0.11246817774733692,0.49701807123888342,0.13806265688658995,-0.8742533988234481
1944,0.640625,0.453125,0.24034527310837039,-0.69785659315374537,0.738085140694276,0.14775945046260286,-0.57821131060582442,0.092585822645767535,-0.11964528254792095,-0.085009105034248467,-0.49046535726208673,0.33412026547038359,-0.76328650732955239,0.11434519168530483,0.50010079898330873,0.32654359701209867,-0.76063561677754399
1945,0.640625,0.328125,0.24359158160927966,-0.60881835628926184,0.65574129775824619,0.19944437571997364,-0.58730520386812501,0.044147205889306013,-0.021513152421136827,-0.04813290259196476,-0.46909111447167456,0.26445162129334859,-0.60413083322097882,0.021380227504323154,0.34050669628143765,0.25839943958212985,-0.60245226157120524
1946,0.609375,0.328125,0.11235491775156303,-0.67873306535164724,0.68796962254492311,0.10335962242007121,-0.63704714771134352,0.0089952953314918205,-0.041685917640303716,-0.12042644568660271,-0.48812154023515597,0.11413510112546359,-0.6956928482353405,0.017052955412676332,0.3132171246081169,0.10919034955585734,-0.69230069926469584
1947,0.640625,0.296875,0.18948030112452136,-0.51983201544355062,0.55328844990144443,0.12590716202258279,-0.45466221464463369,0.063573139101938569,-0.065169800798916933,-0.060382848933162654,-0.39621821008627878,0.23708439133731679,-0.54161131696530951,0.052349664562092994,0.33109804373036156,0.23162253195972671,-0.54030195026300831
1948,0.609375,0.296875,0.067124138513232609,-0.59053568343444662,0.59433832400454589,0.029822408722680327,-0.50440415848785225,0.037301729790552282,-0.086131524946594373,-0.1326763920278006,-0.41524863584976013,0.1023236342746303,-0.62369787969134483,0.048360477276777232,0.31412752127165117,0.097840267786973606,-0.62081259761438268
1949,0.671875,0.359375,0.36981926033485979,-0.55819081608657939,0.66958440280372744,0.33106733582144987,-0.54624134083954734,0.038751924513409919,-0.011949475247032049,0.041020836617414826,-0.45986473572826625,0.40569482085924868,-0.51992349050695619,0.052454209077594287,0.36958648353041818,0.39856646200868423,-0.52005586094749268
1950,0.671875,0.390625,0.39242297458247327,-0.58229710763729181,0.70218638020322799,0.36660554262302369,-0.55491942165418828,0.025817431959449577,-0.027377685983103528,0.057881032732156452,-0.46966878274833929,0.43369589291562127,-0.55580862971245981,0.049041750075920175,0.38556047822581518,0.42607637701662049,-0.55578754974231526
1951,0.703125,0.359375,0.41382333299669094,-0.40465928243928029,0.57879088261371514,0.3891530822255353,-0.3725344885874784,0.024670250771155644,-0.032124793851801892,0.11792462948559651,-0.37776545259946209,0.46772342488424734,-0.36164433507969229,0.068960174027007423,0.3501700839484056,0.4607810210686149,-0.36396656551023238
1952,0.703125,0.390625,0.44516757219544545,-0.41876845527801937,0.61118015876689391,0.42469128902710906,-0.38121256940211934,0.020476283168336384,-0.03755588587590003,0.13478482560033814,-0.38756949961953513,0.50000571356345369,-0.3866050409223204,0.063574420734396314,0.36522216141020969,0.49256019782649552,-0.38890688263110756
1953,0.609375,0.578125,0.10185985637845209,-0.81319652355675709,0.81955110656153363,0.054135497256943624,-0.74324008204325187,0.047724359121508464,-0.069956441513505219,-0.17877309401717165,-0.56276059337081785,0.1396930191576421,-0.85147718290050523,0.05382152994544822,0.42985803971814612,0.13373365650495914,-0.8469623562939762
1954,0.640625,0.578125,0.27399671558676991,-0.71498894291897253,0.76569144480575657,0.22813962334077048,-0.65341879225604016,0.045857092245999431,-0.061570150662932366,-0.052015932585136718,-0.52111671156961514,0.32366944993541052,-0.73941197078444088,0.055352189006290117,0.43450238990744094,0.31632361400851178,-0.73690995144388016
1955,0.609375,0.546875,0.055242192627355462,-0.81015897887567179,0.81204019044573716,-0.026244675621224081,-0.6680326003930358,0.081486868248579536,-0.14212637848263598,-0.2117662664662833,-0.53210923906328955,0.14420350346510857,-0.87897014206766633,0.11246817774733719,0.49701807123888336,0.13806265688658997,-0.87425339882344644
1956,0.640625,0.546875,0.24034527310837034,-0.69785659315374515,0.73808514069427578,0.1477594504626028,-0.57821131060582409,0.092585822645767535,-0.11964528254792106,-0.085009105034248383,-0.49046535726208679,0.33412026547038359,-0.76328650732955239,0.11434519168530501,0.50010079898330861,0.32654359701209867,-0.76063561677754266
1957,0.578125,0.609375,-0.06192381629366718,-0.81585747680373066,0.81820411969197626,-0.077487462844532645,-0.78430394507182966,0.015563646550865465,-0.031553531731901008,-0.26792683322655131,-0.57198697211422633,-0.075308524776370067,-0.85956742533530472,0.045713346210923919,0.34612762071965597,-0.079160360230688218,-0.85396284145599366
1958,0.578125,0.640625,-0.04388665921680996,-0.76370231447365466,0.76496226311474302,-0.035106296862182057,-0.73554651831319573,-0.0087803623546279033,-0.028155796160458935,-0.230323411003896,-0.53956946905643199,-0.07044631726376048,-0.80407045197842941,0.048321858006241288,0.30906545434502197,-0.074077608585263105,-0.79890961418769801
1959,0.546875,0.609375,-0.27942335500463028,-0.78398531842960573,0.83229225085616043,-0.28949059582417663,-0.75016032645019126,0.010067240819546353,-0.033824991979414465,-0.39007374488504254,-0.5505619965501064,-0.29485025377332652,-0.84050371141826019,0.058585987673159423,0.30517816317716584,-0.29657176390317125,-0.83420803598028581
1960,0.546875,0.640625,-0.24930597335264276,-0.72948760652124178,0.7709122105774423,-0.24710942984182604,-0.70140289969155734,-0.0021965435108167175,-0.028084706829684447,-0.35247032266238731,-0.51814449349231206,-0.27581358928881194,-0.78623756462850913,0.062635544603651769,0.27883713806224852,-0.27744861640867985,-0.78040908992714775
1961,0.671875,0.640625,0.36981926033485946,-0.55819081608657894,0.66958440280372689,0.33106733582145004,-0.54624134083954645,0.038751924513409419,-0.011949475247032493,0.041020836617415124,-0.45986473572826608,0.40569482085924868,-0.51992349050695619,0.05245420907759419,0.36958648353041795,0.39856646200868368,-0.52005586094749057
1962,0.671875,0.609375,0.39242297458247288,-0.58229710763729159,0.70218638020322754,0.36660554262302369,-0.55491942165418751,0.025817431959449189,-0.027377685983104083,0.057881032732156668,-0.46966878274833923,0.43369589291562127,-0.55580862971245981,0.049041750075920383,0.38556047822581502,0.42607637701661988,-0.55578754974231315
1963,0.703125,0.640625,0.41382333299669111,-0.40465928243927973,0.57879088261371492,0.38915308222553552,-0.37253448858747762,0.024670250771155589,-0.032124793851802114,0.11792462948559684,-0.37776545259946182,0.46772342488424734,-0.36164433507969229,0.068960174027006951,0.35017008394840526,0.46078102106861446,-0.36396656551023066
1964,0.703125,0.609375,0.44516757219544562,-0.41876845527801898,0.6111801587668938,0.42469128902710923,-0.38121256940211867,0.020476283168336384,-0.037555885875900308,0.13478482560033839,-0.38756949961953502,0.50000571356345369,-0.3866050409223204,0.063574420734395967,0.36522216141020941,0.49256019782649518,-0.3889068826311059
1965,0.640625,0.671875,0.24359158160927921,-0.6088183562892614,0.65574129775824563,0.19944437571997378,-0.58730520386812424,0.04414720588930543,-0.021513152421137161,-0.04813290259196451,-0.46909111447167451,0.26445162129334859,-0.60413083322097882,0.021380227504323491,0.34050669628143743,0.25839943958212952,-0.60245226157120324
1966,0.609375,0.671875,0.11235491775156264,-0.67873306535164668,0.68796962254492244,0.10335962242007116,-0.63704714771134296,0.0089952953314914874,-0.041685917640303716,-0.1204264456866026,-0.48812154023515608,0.11413510112546359,-0.6956928482353405,0.017052955412676922,0.31321712460811679,0.10919034955585714,-0.69230069926469362
1967,0.640625,0.703125,0.18948030112452136,-0.51983201544355062,0.55328844990144443,0.12590716202258301,-0.45466221464463308,0.063573139101938347,-0.065169800798917543,-0.060382848933162425,-0.39621821008627867,0.23708439133731679,-0.54161131696530951,0.052349664562092994,0.33109804373036139,0.2316225319597264,-0.54030195026300665
1968,0.609375,0.703125,0.067124138513232123,-0.59053568343444618,0.59433832400454545,0.029822408722680396,-0.50440415848785181,0.037301729790551727,-0.086131524946594373,-0.13267639202780052,-0.41524863584976029,0.1023236342746303,-0.62369787969134483,0.048360477276777891,0.314127521271651,0.097840267786973315,-0.62081259761438079
1969,0.390625,0.578125,-0.81974963975728932,-0.011337262796360584,0.81982803404733562,-0.74364702187403209,-0.048803546057127445,-0.076102617883257229,0.037466283260766862,-0.52595150057980899,-0.035094863643483208,-0.86274131172452462,0.014316481600044749,0.050063943712960364,0.34039514968587364,-0.85778892286716368,0.015299939062593573
1970,0.359375,0.578125,-0.74636772960938536,0.17326909664989637,0.76621600587310867,-0.67876657271797636,0.13647967558593321,-0.067601156891408998,0.036789421063963157,-0.45391655609945192,0.1117824802694905,-0.77863724685605118,0.21264057272602249,0.05090613785925853,0.34002335481465584,-0.77419234542338267,0.21200129189751879
1971,0.390625,0.546875,-0.81006666439033004,-0.056850735725402973,0.81205911540293374,-0.65768733479868913,-0.11772397420317252,-0.15237932959164091,0.060873238477769542,-0.49668441413621467,-0.068182954270409379,-0.89059797321986489,0.014778739957581307,0.10777788960829189,0.40255500833939084,-0.8854917255979502,0.015809741781591825
1972,0.359375,0.546875,-0.724617641390922,0.14263560696494118,0.73852260804202874,-0.5928068856426334,0.067559247439888115,-0.1318107557482886,0.075076359525053066,-0.42464946965585754,0.078694389642564339,-0.80377831048493475,0.21950642738500917,0.11034280476526835,0.40443381154594316,-0.79919601008690921,0.21886381019617554
1973,0.421875,0.609375,-0.79968183662675474,-0.174351511530352,0.81846776931267007,-0.76614630504773718,-0.18532934094155418,-0.033535531579017563,0.010977829411202178,-0.56038302283751085,-0.14955470449866257,-0.83946272788327314,-0.19957419947561272,0.047103113446426689,0.28352677412579369,-0.83488388923814616,-0.19695665606689999
1974,0.421875,0.640625,-0.75050543361452327,-0.14923538917449408,0.76519906381737446,-0.72376513906538664,-0.1365719141829202,-0.026740294549136623,-0.012663474991573886,-0.52277960061485562,-0.11713720144086825,-0.78526379098747956,-0.18668892287651717,0.051097070307745872,0.27154261571663846,-0.78097323402177865,-0.18426454474473963
1975,0.453125,0.609375,-0.73769438901966633,-0.38549406301537514,0.83234529145733793,-0.7026859011460993,-0.39077556397202595,-0.035008487873567029,0.0052815009566508087,-0.56554745865161826,-0.29710263598076814,-0.78865855631671755,-0.41400584851725947,0.058397502179350844,0.25188275646156794,-0.78489801623193112,-0.40977499949498264
1976,0.453125,0.640625,-0.68791508683909275,-0.34806485231189749,0.77095804562618031,-0.66030473516374877,-0.34201813721339203,-0.02761035167534398,-0.0060467150985054618,-0.52794403642896304,-0.2646851329229738,-0.7377397318039024,-0.38727604132873056,0.063403569221165634,0.2429871696645792,-0.73422153840621152,-0.38334430165687788
1977,0.328125,0.640625,-0.60385043914640613,0.28999122377411179,0.66987331841424658,-0.58661545354677436,0.25325845638627609,-0.017234985599631769,0.036732767387835707,-0.3670703011377251,0.1985734104623825,-0.57341920309727068,0.32572863118283879,0.046938496096227196,0.242380526231746,-0.57036281480925255,0.32399138722390819
1978,0.328125,0.609375,-0.63103912898834824,0.30918990315460065,0.70271528980599574,-0.60025078855434755,0.28751067680763498,-0.030788340434000694,0.021679226346965674,-0.37447595637840997,0.22861661732242336,-0.61299661843234343,0.34821043376847899,0.042989929013109121,0.26682351312952085,-0.60973858026370953,0.34638886571809846
1979,0.296875,0.640625,-0.45736457924115054,0.35527304658672726,0.57913840830620922,-0.42213998230780242,0.33536902946193281,-0.035224596933348118,0.019904017124794449,-0.25836261497308877,0.28231945688838916,-0.42584957938946166,0.41012676456737324,0.063262355251383059,0.21068125485092845,-0.42400652795182275,0.40773903803213918
1980,0.296875,0.609375,-0.47587624646270021,0.384578422657952,0.61184864559914409,-0.43577531731537555,0.3696212498832917,-0.04010092914732466,0.014957172774660299,-0.26576827021377358,0.31236266374843008,-0.45524173365065018,0.43843372954803339,0.057673019681784524,0.22758318694185939,-0.45327494966323978,0.43592020326859482
1981,0.359375,0.671875,-0.63659260795850225,0.15763662865766043,0.655819681926336,-0.60911473672047944,0.11673266150184938,-0.027477871238022811,0.040903967155811044,-0.40150182339542695,0.08411356960720312,-0.63617954172555524,0.17373633570101962,0.016105005141097931,0.251208820870092,-0.63251543060023507,0.17313370845154102
1982,0.390625,0.671875,-0.6877836071041572,0.017636580361167289,0.68800969409452484,-0.64524935490175772,0.014459087038781571,-0.042534252202399481,0.0031774933223857188,-0.44333900089381362,-0.00030306438793541168,-0.70489611759104742,0.011697170589018337,0.018113933962710205,0.26183225724587961,-0.70081861554657177,0.012430608354115779
1983,0.359375,0.703125,-0.54056069417181329,0.11663797776130724,0.55300115907632585,-0.46713854865521265,0.06231743969307936,-0.073422145516600645,0.054320538068227883,-0.32722565948849242,0.053399775178030413,-0.57034340985925347,0.15575693278567918,0.0491660736272252,0.26378633068992929,-0.56704196663363049,0.1551818943572312
1984,0.390625,0.703125,-0.59373265492259297,-0.014667917831008136,0.59391380968531793,-0.50327316683649093,-0.039956134769988438,-0.090459488086102047,0.025288216938980302,-0.36906283698687908,-0.031016858817108119,-0.63194873292052878,0.010486668812629159,0.045751741461463179,0.26614194912968919,-0.6282779724887263,0.011116054583179515
1985,0.390625,0.078125,-0.10458484961158918,0.012772843931535709,0.10536193008092673,-0.099208970042787864,0.025365787618171234,-0.0053758795688013117,-0.012592943686635525,-0.064295081922538355,0.0010799168244393041,-0.075230448319016471,0.0012483873375316199,0.031535598536138146,0.010936664049837334,-0.074912756190540913,0.0014235199903779136
1986,0.359375,0.078125,-0.095333617359871947,0.026962071013508195,0.099072962367418568,-0.099391818032186358,0.020810517705787887,0.0040582006723144104,0.0061515533077203081,-0.062092166652664968,0.0036949366270912845,-0.067896631774565216,0.018542111522415416,0.028699893655551631,0.015941468493325815,-0.06755902265349395,0.01853698918735722
1987,0.390625,0.046875,-0.074385713494504735,0.010676525285035744,0.075148004392988049,-0.051656134841184517,0.018504647809279656,-0.022729578653320218,-0.007828122524243912,-0.035273612382950667,1.8798793614665729e-05,-0.028950215268664668,0.00048040498186264206,0.046565495468931656,0.0063402232877075651,-0.029035622758829167,0.00069555077777974466
1988,0.359375,0.046875,-0.068129865424772854,0.012030200717739114,0.069183844155313826,-0.051838982830583011,0.01394937789689631,-0.016290882594189843,-0.0019191771791571954,-0.03307069711307728,0.0026338185962666463,-0.026128012657264169,0.0071353837721823601,0.042286107279270659,0.0082743553516878912,-0.026133134287232785,0.0072786531503843755
1989,0.421875,0.109375,-0.15090818636126963,-0.032468232503107521,0.15436148105250719,-0.15366276384053684,-0.033040550081090928,0.0027545774792672173,0.00057231757798340693,-0.11707638479899977,-0.046762643213456051,-0.14058467402155947,-0.033422655758808172,0.010367537353642382,0.027029519556619558,-0.13992913913785801,-0.032952635758071037
1990,0.421875,0.140625,-0.2130309717865404,-0.06619234938224898,0.22307761442390289,-0.20829940562768431,-0.096002157692736428,-0.0047315661588560876,0.029809808310487448,-0.16765477240558779,-0.091990183448699428,-0.21637275992068269,-0.05144054514294491,0.015125583501083313,0.063385451597732248,-0.21523742218393652,-0.050780372089582235
1991,0.453125,0.109375,-0.14387496150983842,-0.073051753188351096,0.16135849278345796,-0.16056372243668249,-0.098308027589244673,0.016688760926844071,0.025256274400893577,-0.14083621813587349,-0.095666321282176059,-0.13207650842780039,-0.069333485959022986,0.012370489332186823,0.027751589690070161,-0.13167013390605664,-0.068634531434552226
1992,0.453125,0.140625,-0.20848247107855594,-0.1241962457077361,0.24267189411820494,-0.21520036422382993,-0.16126963520089019,0.0067178931452739898,0.037073389493154085,-0.19141460574246155,-0.14089386151741942,-0.20327790954530303,-0.10671061989001078,0.018243754300881116,0.036183310866700909,-0.20245092151887248,-0.10566024701288933
1993,0.328125,0.140625,-0.142181672643691,0.092575995236972117,0.16966420638977919,-0.13621301725452639,0.10398972132101583,-0.0059686553891646066,-0.011413726084043715,-0.08177750213894118,0.079458104344229258,-0.15800078520066793,0.089751754408017415,0.016069245730594827,0.076915200788555738,-0.15712312168004861,0.089144040978585012
1994,0.328125,0.109375,-0.10697890076888625,0.065158242578016862,0.12526005662450779,-0.11789384163805562,0.060122484557210192,0.010914940869169373,0.0050357580208066702,-0.070833376760866387,0.042884030386986259,-0.10265843487289679,0.058314739530704138,0.0080932045270700123,0.035368645839389028,-0.10209936881648315,0.057920563628330798
1995,0.296875,0.140625,-0.10006887585823782,0.12139322694850085,0.15732163063133323,-0.10716220565879231,0.13644054836354658,0.0070933298005544931,-0.015047321415045722,-0.061497242707554911,0.11758608007329957,-0.11733923028297231,0.11300694236161145,0.019198825774725009,0.056029421544003789,-0.11683763019220908,0.11217068231021306
1996,0.296875,0.109375,-0.073988869113943853,0.08121596737705751,0.10986530894577953,-0.088843030042321552,0.092573311599740915,0.014854160928377699,-0.011357344222683405,-0.050553117329480111,0.081012006116056592,-0.076239252322332307,0.073424418858936455,0.0081100217567421553,0.026783371917207102,-0.075932154593579909,0.072856315573313388
1997,0.359375,0.171875,-0.23050821807121238,0.053498757681099553,0.23663506855871261,-0.19066681105227537,0.045583383621753681,-0.039841407018937014,0.0079153740593458713,-0.1345588050154026,0.031615544306333891,-0.26518033067768104,0.072418957118555061,0.039498472620453751,0.13684626945395992,-0.26359784102648925,0.07207924547385991
1998,0.390625,0.171875,-0.26676281024162912,-0.021937670389077103,0.26766333015583443,-0.22680142923355356,-0.056690190841314138,-0.039961381008075558,0.034752520452237035,-0.17639598251378924,-0.05280108968880446,-0.29382363514739662,0.0048757612613189866,0.0380952537916611,0.13082764516172382,-0.29208625915726122,0.0051324781693520465
1999,0.359375,0.203125,-0.29293187417928629,0.05598638083800412,0.29823406537404012,-0.21606979325429027,0.01962787296502224,-0.076862080924996024,0.036358507872981879,-0.16705984846047772,0.021900959997508854,-0.34295035372035454,0.093657425105390657,0.062617536455817704,0.18996436540928779,-0.34092005790475738,0.093237662098033983
2000,0.390625,0.203125,-0.33813814301457562,-0.037212288111516056,0.34017959690116645,-0.25220441143556849,-0.082645701498045565,-0.085933731579007133,0.045433413386529509,-0.20889702595886439,-0.062515673997629501,-0.37999394354658722,0.006305686567899301,0.060379815819309839,0.18441945363250195,-0.37775158809114567,0.0066378205685253258
2001,0.609375,0.078125,0.037354303039228931,-0.094367732339217303,0.1014919349623048,0.038526581889609168,-0.095580197656830276,-0.0011722788503802373,0.0012124653176129735,-0.028095344908446982,-0.12567118090102664,0.012181135081221164,-0.074248224041775987,0.03222550231063713,0.065318568053092621,0.011182884255477494,-0.075143455128950293
2002,0.640625,0.078125,0.050429750823365559,-0.085737267456791319,0.099468783038017039,0.034355501446569271,-0.096734437027615958,0.016074249376796287,0.010997169570824639,-0.024886125760928815,-0.13377744391124058,0.028223753163202341,-0.064476214710722693,0.030743108104976741,0.087311623556308837,0.027322062906607204,-0.065862627778186522
2003,0.609375,0.046875,0.042443816022214365,-0.056417252268243248,0.070600169065138774,0.025401670883155751,-0.049301500597484518,0.017042145139058613,-0.0071157516707587298,-0.012144944745793151,-0.091041655779677197,0.0046875499308821093,-0.02857223527647269,0.046913543891199234,0.064697460344641716,0.0040428139672576855,-0.029875605513713061
2004,0.640625,0.046875,0.043203846277014041,-0.053812983678122879,0.069010213341720514,0.021230590440115861,-0.0504557399682702,0.02197325583689818,-0.0033572437098526794,-0.0089357255982749819,-0.099147918789891126,0.01086107750281509,-0.024811766210254438,0.043441055541962793,0.076927088813800532,0.010457527873288963,-0.026487368992446872
2005,0.578125,0.109375,-0.0093280454386919284,-0.15120618635283267,0.15149364086678313,-0.011938979454498427,-0.1573875658976901,0.002610934015806499,0.0061813795448574238,-0.081882951662553188,-0.16279245812605608,-0.012611905275921516,-0.14395160413496999,0.007963209063329868,0.071787573065345389,-0.013793139348585668,-0.1438420634408337
2006,0.578125,0.140625,-0.037404499516251799,-0.22088311936585805,0.22402778623388034,-0.066575621241645899,-0.22034917350933561,0.0291711217253941,-0.0005339458565224442,-0.13246133926914122,-0.20801999836129947,-0.019410883664252546,-0.22155477542962057,0.018006147097513886,0.11385778718542731,-0.020867106832800179,-0.22084580576631402
2007,0.546875,0.109375,-0.051415894438073234,-0.14931365932129109,0.15791821636778219,-0.075529451805059419,-0.17291623707920417,0.024113557366986185,0.023602577757913079,-0.11972015825400556,-0.16528421022973608,-0.049378519659137261,-0.14075900734937377,0.0087939164398164096,0.074494507827986875,-0.050195219066086899,-0.14024249734764144
2008,0.546875,0.140625,-0.094888749610343659,-0.22319371407689903,0.24252692387868002,-0.13016609359220691,-0.23587784469084969,0.035277343981863246,0.012684130613950656,-0.17029854586059359,-0.21051175046497944,-0.075998089079089365,-0.21664107496674209,0.019994852703009519,0.094499443215546278,-0.076880903221346622,-0.21549807415278951
2009,0.671875,0.140625,0.11011797638436562,-0.13069270891479653,0.17089924776451018,0.1214228049151191,-0.12201952519368421,-0.011304828530753486,-0.0086731837211123236,0.015334966067652847,-0.17806540984455066,0.11178575796097315,-0.14326049651050149,0.012677964364913905,0.10253846716739652,0.10974847852018629,-0.14479362565061912
2010,0.671875,0.109375,0.081815744251790223,-0.098029066939088902,0.12768521438452737,0.075803612959324251,-0.10995410079604293,0.006012131292465972,0.011925033856954023,-0.0031709702728788987,-0.15997455838300259,0.072630974199142481,-0.093081172553691846,0.010432720631218806,0.10109727915947314,0.071316520554745577,-0.094780643790697255
2011,0.703125,0.140625,0.13360427020529225,-0.084906759838363058,0.15830116513575698,0.14974600542142066,-0.088960491902765421,-0.016141735216128411,0.0040537320644023628,0.053000521718356591,-0.16963299919496322,0.12887721232440263,-0.09964802119867619,0.015480628627492542,0.10322387961351974,0.12717172266422799,-0.10195526928896761
2012,0.703125,0.109375,0.092620164778695793,-0.06404318187590459,0.11260561295256535,0.10412681346562581,-0.076895067505124134,-0.011506648686930021,0.012851885629219545,0.034494585377824849,-0.15154214773341512,0.083735868092060906,-0.064744677575147222,0.0089119483746377005,0.099792308066397231,0.082784058353967419,-0.067009353338437452
2013,0.640625,0.171875,0.08156592156124555,-0.22413123143414004,0.2385116526803655,0.070957243571011519,-0.18382689343454403,0.010608677990234031,-0.040304337999596013,-0.038452640686453356,-0.21518668706958011,0.11023203951608941,-0.2518213862891448,0.03985587779105066,0.15313143150196301,0.10747377734243214,-0.25214276387931966
2014,0.609375,0.171875,0.011986890771686154,-0.27015081653872025,0.27041662158031193,-0.025127509728890933,-0.23356883727776259,0.037114400500577086,-0.036581979260957659,-0.1107461837810913,-0.23421711283306146,0.047575223460168695,-0.28998741305757192,0.040743342830428547,0.16785706532042349,0.045184924035108931,-0.28937224964075198
2015,0.640625,0.203125,0.093277863479586998,-0.28497801434330966,0.29985534591594676,0.048814882733205486,-0.21257522838448509,0.044462980746381511,-0.072402785958824573,-0.054574691789855814,-0.24387555364502211,0.14256003394651756,-0.32567360211637653,0.063912934450915268,0.21343153662211495,0.13911285117130645,-0.32558940889366383
2016,0.609375,0.203125,0.007439452083020698,-0.34246815905542038,0.34254895331047835,-0.047269870566696959,-0.26231717222770362,0.054709322649717659,-0.080150986827716764,-0.12686823488449375,-0.26290597940850347,0.061527714639670279,-0.37503266410593999,0.063134674589977721,0.21923828866863038,0.058608284884398974,-0.3738476745600125
2017,0.078125,0.390625,0.098292529304461002,0.058701447331914021,0.11448703523076227,0.087283989576084589,0.063105429936406429,0.011008539728376412,-0.0044039826044924082,0.0022457507630591136,0.12888060766202455,0.061017518412078378,0.044023190162190591,0.04006092448468683,0.10322258462822677,0.060360905855240087,0.045282370485626201
2018,0.078125,0.359375,0.099087873899932594,0.05631457625506351,0.11397253288751771,0.085319579556002917,0.066472536662477766,0.013768294343929677,-0.010157960407414256,0.0020293410988357491,0.12712918087044661,0.057077993141798594,0.041180883974793234,0.044652645199882046,0.10206597783302024,0.056446131536723058,0.042335127551026634
2019,0.046875,0.390625,0.071623523295317473,0.024950335684343385,0.075844896598230682,0.063014751615664874,0.016508693912045756,0.0086087716796525993,0.0084416417722976284,-0.01614182445346788,0.082068942769168943,0.026942104676713194,0.010605128412124592,0.046927754489788621,0.083446400232440016,0.027076207792382269,0.01168540646746436
2020,0.046875,0.359375,0.071988831808103892,0.028446098189234274,0.077405247931177298,0.061050341595583202,0.019875800638117093,0.010938490212520691,0.0085702975511171807,-0.016358234117691238,0.080317515977590986,0.025202618952439217,0.0099204206026071075,0.050320477376702442,0.081749957462689538,0.025315075436444043,0.010908065201270909
2021,0.109375,0.421875,0.082311890061914625,0.13345719255904848,0.15679945628511491,0.055464385505073127,0.14446846878999481,0.026847504556841498,-0.011011276230946332,-0.0082454371796849488,0.19627597422824936,0.09262598558249685,0.11091235856563061,0.024792137991679217,0.13214382622378579,0.091176391655306263,0.11195253965938513
2022,0.140625,0.421875,0.062901292413597459,0.2269329057588263,0.23548910017970096,0.021680371413979986,0.22919861436965452,0.041220920999617473,-0.0022657086108282265,-0.018953034786652376,0.26191991400289616,0.095895151048864161,0.20066743862822456,0.042171903813234275,0.1301613288547489,0.093947825358790288,0.20099714178742048
2023,0.109375,0.453125,0.056109083848468612,0.16225722778582644,0.17168470304327071,-0.00062445652635804288,0.17923477161922252,0.056733540374826655,-0.016977543833396086,-0.037124200338956005,0.21685967590161853,0.095616743867719386,0.1144935572241679,0.06198567113228147,0.16762750526678377,0.09413050429086825,0.11558218806431519
2024,0.140625,0.453125,0.044427322447436399,0.27050847172032588,0.27413248667809298,-0.034408470617451191,0.26396491719888221,0.078835793064887583,0.006543554521443673,-0.047831797945923425,0.28250361567626536,0.098991465929709574,0.20714669821048542,0.083617941234321327,0.16503252959655598,0.096991944395134894,0.2075035010173473
2025,0.140625,0.328125,0.062270756176111226,0.16505710131100548,0.1764128503480861,0.046986631409044577,0.16406128025300826,0.015284124767066649,0.00099582105799722598,-0.0043581339695060693,0.20008207349123636,0.078350391654520665,0.16395377906876044,0.016117443875774972,0.090254938196075413,0.076697303239735934,0.16414341383936154
2026,0.109375,0.328125,0.083295813130418839,0.099677272460853464,0.12989900357698234,0.065170900472482904,0.11695046182077869,0.018124912657935935,-0.017273189359925223,-0.0012726012674468407,0.1627299137850525,0.075679345289071026,0.090620084935428211,0.011833986152138435,0.10545818837605399,0.074435915268324424,0.091399107716627945
2027,0.140625,0.296875,0.042240118016792422,0.1734816472569746,0.17855001961653746,0.0025687143651048558,0.16794246938694851,0.039671403651687566,0.0055391778700260852,-0.02604765155231565,0.18887114151298662,0.070242166887103247,0.14698674081809324,0.038549900235154339,0.10500491491671539,0.068724545389477212,0.1471197205490192
2028,0.109375,0.296875,0.05409718252263139,0.10615859169221809,0.11914760487295567,0.020752983428543183,0.12083165095471893,0.033344199094088207,-0.014673059262500843,-0.022962118850256417,0.15151898180680279,0.067847538339585581,0.081242109898126469,0.028458800924988828,0.11482696793090515,0.066698982475573876,0.081908426706792756
2029,0.171875,0.359375,0.011559953895597998,0.24517570690640908,0.24544807962403323,0.015167027338033115,0.24542431910659665,-0.0036070734424351169,-0.00024861220018757013,-0.014849321912250128,0.26747744005746116,0.053479432131397393,0.26963876477125215,0.048535387663645166,0.06836292821168298,0.051654904197311738,0.26902703310372988
2030,0.171875,0.390625,0.012208422077031407,0.27528994017954894,0.27556051374184687,0.00153169233045998,0.27967653952795546,0.010676729746571427,-0.0043865993484065169,-0.022254977152934965,0.29752064691750207,0.057170584583069138,0.2882492426313345,0.046792516252668018,0.079964859748000341,0.055241937082050073,0.2876299937423567
2031,0.203125,0.359375,-0.075249353613642017,0.32709811732348976,0.3356421361745906,-0.061070493776918068,0.33066854709412524,-0.014178859836723949,-0.0035704297706354859,-0.047030027437803774,0.32366187464543622,-0.019260459805931735,0.35498689142326406,0.062550299364585782,0.041861743425140707,-0.020682457284790363,0.35349771213258585
2032,0.203125,0.390625,-0.076287006864191834,0.36270513890176609,0.37064096535872376,-0.074705828784491196,0.36492076751548408,-0.0015811780797006375,-0.0022156286137179904,-0.054435682678488605,0.35370508150547719,-0.020589817478584575,0.37948810025003166,0.058170823417531048,0.042547698489014907,-0.022092336592339876,0.37793429123452127
2033,0.078125,0.609375,0.098292529304460974,0.058701447331913743,0.1144870352307621,0.087283989576084436,0.063105429936406165,0.011008539728376537,-0.0044039826044924221,0.002245750763059183,0.12888060766202453,0.061017518412078378,0.044023190162190591,0.040060924484686698,0.1032225846282267,0.06036090585524001,0.045282370485626028
2034,0.078125,0.640625,0.099087873899932483,0.056314576255063309,0.11397253288751752,0.085319579556002806,0.066472536662477516,0.013768294343929677,-0.010157960407414207,0.0020293410988358185,0.12712918087044656,0.057077993141798594,0.041180883974793234,0.04465264519988188,0.10206597783302016,0.056446131536722947,0.042335127551026482
2035,0.046875,0.609375,0.071623523295317626,0.024950335684343468,0.075844896598230849,0.06301475161566486,0.016508693912045604,0.0086087716796527658,0.0084416417722978643,-0.016141824453467839,0.082068942769168901,0.026942104676713194,0.010605128412124592,0.046927754489788795,0.083446400232439946,0.027076207792382109,0.011685406467464111
2036,0.046875,0.640625,0.071988831808103754,0.02844609818923417,0.077405247931177132,0.06105034159558323,0.019875800638116937,0.010938490212520524,0.0085702975511172327,-0.01635823411769121,0.080317515977590931,0.025202618952439217,0.0099204206026071075,0.050320477376702276,0.081749957462689482,0.025315075436443877,0.010908065201270672
2037,0.109375,0.578125,0.082311890061914597,0.1334571925590482,0.15679945628511466,0.055464385505072933,0.14446846878999456,0.026847504556841664,-0.01101127623094636,-0.0082454371796848724,0.19627597422824933,0.09262598558249685,0.11091235856563061,0.024792137991678974,0.1321438262237857,0.091176391655306277,0.11195253965938501
2038,0.140625,0.578125,0.062901292413597223,0.22693290575882619,0.23548910017970079,0.021680371413979792,0.22919861436965427,0.041220920999617432,-0.0022657086108280877,-0.018953034786652299,0.26191991400289616,0.095895151048864161,0.20066743862822456,0.042171903813234386,0.13016132885474885,0.093947825358790357,0.20099714178742029
2039,0.109375,0.546875,0.05610908384846857,0.16225722778582635,0.17168470304327063,-0.00062445652635816085,0.17923477161922238,0.056733540374826731,-0.01697754383339603,-0.037124200338955964,0.2168596759016185,0.095616743867719386,0.1144935572241679,0.061985671132281428,0.16762750526678369,0.094130504290868208,0.11558218806431506
2040,0.140625,0.546875,0.044427322447436413,0.27050847172032583,0.27413248667809292,-0.034408470617451309,0.26396491719888204,0.078835793064887721,0.006543554521443784,-0.047831797945923384,0.28250361567626536,0.098991465929709574,0.20714669821048542,0.083617941234321272,0.16503252959655595,0.096991944395134963,0.20750350101734716
2041,0.140625,0.671875,0.062270756176111282,0.16505710131100509,0.17641285034808576,0.046986631409044508,0.16406128025300781,0.015284124767066774,0.00099582105799728149,-0.004358133969505993,0.2000820734912365,0.078350391654520665,0.16395377906876044,0.016117443875774892,0.090254938196075385,0.076697303239735976,0.16414341383936179
2042,0.109375,0.671875,0.083295813130419089,0.099677272460853339,0.12989900357698242,0.065170900472482848,0.11695046182077834,0.01812491265793624,-0.017273189359925001,-0.0012726012674467713,0.16272991378505253,0.075679345289071026,0.090620084935428211,0.011833986152138499,0.10545818837605396,0.074435915268324326,0.091399107716627986
2043,0.140625,0.703125,0.042240118016792741,0.17348164725697457,0.17855001961653752,0.0025687143651049529,0.16794246938694807,0.039671403651687788,0.0055391778700265015,-0.026047651552315608,0.18887114151298684,0.070242166887103247,0.14698674081809324,0.038549900235154089,0.10500491491671546,0.068724545389477046,0.14711972054901953
2044,0.109375,0.703125,0.054097182522631564,0.10615859169221774,0.11914760487295543,0.020752983428543287,0.12083165095471859,0.033344199094088277,-0.014673059262500857,-0.02296211885025639,0.1515189818068029,0.067847538339585581,0.081242109898126469,0.028458800924988439,0.1148269679309052,0.066698982475573709,0.081908426706792867
2045,0.171875,0.640625,0.011559953895598133,0.24517570690640883,0.24544807962403301,0.01516702733803299,0.24542431910659621,-0.0036070734424348567,-0.00024861220018737584,-0.014849321912250052,0.26747744005746132,0.053479432131397393,0.26963876477125215,0.048535387663645173,0.068362928211682897,0.051654904197311988,0.26902703310373033
2046,0.171875,0.609375,0.012208422077031326,0.27528994017954878,0.2755605137418467,0.0015316923304598273,0.27967653952795513,0.010676729746571498,-0.0043865993484063504,-0.022254977152934889,0.29752064691750213,0.057170584583069138,0.2882492426313345,0.046792516252668136,0.079964859748000272,0.055241937082050323,0.28762999374235682
2047,0.203125,0.640625,-0.075249353613641809,0.32709811732348942,0.33564213617459021,-0.061070493776918075,0.33066854709412485,-0.014178859836723734,-0.0035704297706354304,-0.047030027437803726,0.32366187464543644,-0.019260459805931735,0.35498689142326406,0.062550299364585754,0.041861743425140506,-0.020682457284789905,0.35349771213258635
2048,0.203125,0.609375,-0.076287006864191959,0.36270513890176581,0.37064096535872354,-0.074705828784491238,0.36492076751548375,-0.0015811780797007208,-0.0022156286137179348,-0.054435682678488563,0.3537050815054773,-0.020589817478584575,0.37948810025003166,0.058170823417531249,0.042547698489014803,-0.022092336592339425,0.37793429123452144
2049,0.921875,0.390625,0.041795901403761403,0.10304544670908969,0.11119919721665614,0.052471489487711839,0.092022370528480307,-0.010675588083950437,0.011023076180609381,0.1643630009934883,-0.12141134548085106,0.034676655237757481,0.066773560686445521,0.036963947051307317,0.22854344703943971,0.038871596313512523,0.062892208156398788
2050,0.921875,0.359375,0.037613878367938322,0.10396777768898131,0.11056266387648002,0.056002913099017622,0.090749957937004244,-0.0183890347310793,0.01321781975197707,0.16210179439856626,-0.11302479462981482,0.032437797231842848,0.06246240322615227,0.041826880414717812,0.21819374136897557,0.036559286936537067,0.05880443995708113
2051,0.953125,0.390625,0.0065953434149379798,0.073632235916744782,0.073927022940600856,0.01068821151624786,0.062181270045829684,-0.0040928681013098801,0.011450965870915097,0.16530268335764281,-0.11109465948210533,0.0065721941096984204,0.028198439985805394,0.045433801828424811,0.21118223357155086,0.011262275569419439,0.026048547573943755
2052,0.953125,0.359375,0.0075435601185449615,0.07561950407887047,0.075994833353303759,0.014219635127553643,0.060908857454353621,-0.006676075009008681,0.014710646624516849,0.16304147676272077,-0.10270810863106911,0.0061478680235163294,0.026377840430177477,0.049261439233087158,0.20317181573302268,0.0107300990080204,0.02438714191645542
2053,0.890625,0.421875,0.12306293872161575,0.097244100895945013,0.15684674700439563,0.13650885594131401,0.071682453461546503,-0.013445917219698261,0.02556164743439851,0.18343980400317345,-0.15151816896113365,0.096254972565546687,0.10777803460875404,0.028803312463860802,0.27356117417967785,0.09930731297043606,0.10209512387344742
2054,0.859375,0.421875,0.21752290639737507,0.090042859862636423,0.23542287785982818,0.22407764600622199,0.050070123803136642,-0.0065547396088469212,0.039972736059499782,0.20025540041793652,-0.17323844159038004,0.1845792375159335,0.12407177760608314,0.047362987259676984,0.29772320789951717,0.18585611034983782,0.11718950484280614
2055,0.890625,0.453125,0.15802968705268397,0.077118444131227676,0.1758426467475695,0.17876294442345222,0.021501435911962075,-0.020733257370768254,0.055617008219265601,0.20345628937701304,-0.17130830644267053,0.099362905559553877,0.11125803050778871,0.067877114027670202,0.30112981807215528,0.10241668065308479,0.1054296388288385
2056,0.859375,0.453125,0.26446939047284768,0.079351611945503275,0.27611725193371983,0.26633173448836017,-0.0001108937464478002,-0.001862344015512496,0.079462505691951069,0.22027188579177612,-0.19302857907191692,0.19053903249581172,0.12807787475586396,0.088543472475824114,0.32248007264786477,0.19176893031242045,0.12103160904208707
2057,0.859375,0.328125,0.15577796901571414,0.081229191663875669,0.17568425430022874,0.15653265601438018,0.066153872840942388,-0.00075468699866604316,0.015075318822933281,0.16427380159353122,-0.14524379669919774,0.15080903875209525,0.10137188650712639,0.020746527986943427,0.24698298532833823,0.15233730622189881,0.095432189223719807
2058,0.890625,0.328125,0.087201676059571964,0.094124752091498218,0.1283105656751794,0.10803349636235179,0.077815709093235277,-0.02083182030277983,0.01630904299826294,0.1620571946985877,-0.12494102023898816,0.078644381042403622,0.088059209782645032,0.010488951401896292,0.22875050922634019,0.081672582697765853,0.083212678019041489
2059,0.859375,0.296875,0.16770166550343435,0.064033240657299484,0.17951073650815824,0.16677996130625039,0.023378523514522791,0.00092170419718395902,0.040654717142776693,0.16516888425770715,-0.14684333630962534,0.13520230651581039,0.090881242828901893,0.042154757207376034,0.23960586659794256,0.1368384528057793,0.085386752598707802
2060,0.890625,0.296875,0.099625721235195738,0.06785180169854059,0.12053692930123534,0.11828080165422199,0.035040359766815687,-0.018655080419026249,0.032811441931724902,0.16295227736276366,-0.12654055984941578,0.070505732278553584,0.078946251306225568,0.031161844761381223,0.22532463970218858,0.073513261979368499,0.074495167533783588
2061,0.828125,0.359375,0.24201283693360467,0.041427210296439948,0.24553294482329044,0.24057002246798237,0.045813955774008583,0.0014428144656223052,-0.0043867454775686349,0.18335060460321634,-0.17535062017948033,0.25898807635259674,0.092142766594263445,0.053481084543320609,0.27798154453187357,0.25845426712204744,0.08527591651973726
2062,0.828125,0.390625,0.27162197932091725,0.046173466020243595,0.2755185812509483,0.27610822926955614,0.037135874959367675,-0.0044862499486388874,0.00903759106087592,0.20021080071795797,-0.18515466719955337,0.27686344329056012,0.098502463869705431,0.052590844835142606,0.29383157696171081,0.27613601724218756,0.091316239671026186
2063,0.796875,0.359375,0.33425973314745616,-0.032416604997305101,0.33582794029586027,0.33485469421345476,-0.017301310619344812,-0.00059496106599860044,-0.015115294377960289,0.20332249027707741,-0.20705698327019056,0.35401160602573783,0.032595109960942795,0.067946004768582771,0.28309068404872845,0.35140445603590986,0.025893508588047141
2064,0.796875,0.390625,0.36941607930933074,-0.028487952036249896,0.37051289189918535,0.37039290101502853,-0.025979391433985727,-0.00097682170569779458,-0.002508560602264169,0.22018268639181904,-0.2168610302902636,0.37844550061705667,0.034844825697438228,0.063973206771406707,0.29732634646965578,0.37553424412830849,0.027858854915944056
2065,0.921875,0.609375,0.041795901403761146,0.10304544670908963,0.111199197216656,0.052471489487711631,0.092022370528480418,-0.010675588083950485,0.011023076180609215,0.16436300099348813,-0.12141134548085067,0.034676655237757481,0.066773560686445521,0.036963947051307212,0.2285434470394393,0.038871596313511766,0.062892208156398843
2066,0.921875,0.640625,0.037613878367937857,0.1039677776889812,0.11056266387647976,0.056002913099017344,0.090749957937004355,-0.018389034731079487,0.013217819751976848,0.16210179439856601,-0.11302479462981441,0.032437797231842848,0.06246240322615227,0.041826880414717646,0.21819374136897507,0.036559286936536109,0.058804439957081032
2067,0.953125,0.609375,0.0065953434149377413,0.073632235916744476,0.073927022940600537,0.010688211516247638,0.062181270045829767,-0.0040928681013098966,0.011450965870914709,0.16530268335764259,-0.11109465948210506,0.0065721941096984204,0.028198439985805394,0.045433801828424505,0.21118223357155053,0.011262275569418771,0.026048547573943606
2068,0.953125,0.640625,0.007543560118544481,0.075619504078870289,0.075994833353303537,0.014219635127553355,0.060908857454353711,-0.0066760750090088736,0.014710646624516578,0.16304147676272046,-0.1027081086310688,0.0061478680235163294,0.026377840430177477,0.049261439233086964,0.20317181573302223,0.010730099008019597,0.024387141916455198
2069,0.890625,0.578125,0.12306293872161592,0.097244100895945179,0.15684674700439585,0.13650885594131387,0.071682453461546614,-0.013445917219697956,0.025561647434398566,0.18343980400317333,-0.15151816896113329,0.096254972565546687,0.10777803460875404,0.028803312463860895,0.27356117417967746,0.099307312970435532,0.10209512387344763
2070,0.859375,0.578125,0.21752290639737476,0.090042859862636479,0.23542287785982791,0.22407764600622182,0.050070123803136739,-0.00655473960884706,0.03997273605949974,0.20025540041793644,-0.17323844159037968,0.1845792375159335,0.12407177760608314,0.047362987259676727,0.29772320789951684,0.18585611034983726,0.11718950484280649
2071,0.890625,0.546875,0.15802968705268408,0.07711844413122744,0.1758426467475695,0.17876294442345214,0.021501435911962144,-0.02073325737076806,0.055617008219265296,0.20345628937701299,-0.17130830644267031,0.099362905559553877,0.11125803050778871,0.067877114027670424,0.30112981807215505,0.10241668065308443,0.10542963882883863
2072,0.859375,0.546875,0.26446939047284762,0.079351611945503248,0.27611725193371978,0.26633173448836006,-0.00011089374644773081,-0.0018623440155124404,0.079462505691950985,0.22027188579177609,-0.1930285790719167,0.19053903249581172,0.12807787475586396,0.088543472475824087,0.32248007264786455,0.19176893031242001,0.12103160904208735
2073,0.859375,0.671875,0.15577796901571389,0.08122919166387553,0.17568425430022847,0.15653265601438024,0.066153872840942748,-0.00075468699866634847,0.015075318822932782,0.16427380159353122,-0.14524379669919715,0.15080903875209525,0.10137188650712639,0.020746527986943503,0.24698298532833765,0.15233730622189764,0.095432189223720279
2074,0.890625,0.671875,0.08720167605957195,0.094124752091498343,0.12831056567517948,0.10803349636235166,0.077815709093235527,-0.020831820302779705,0.016309042998262815,0.16205719469858754,-0.12494102023898765,0.078644381042403622,0.088059209782645032,0.010488951401896353,0.22875050922633963,0.08167258269776477,0.083212678019041739
2075,0.859375,0.703125,0.16770166550343463,0.064033240657299581,0.17951073650815852,0.16677996130625056,0.023378523514523263,0.00092170419718407004,0.040654717142776318,0.1651688842577072,-0.14684333630962476,0.13520230651581039,0.090881242828901893,0.042154757207376187,0.23960586659794197,0.13683845280577817,0.085386752598708329
2076,0.890625,0.703125,0.099625721235195655,0.067851801698540673,0.12053692930123532,0.11828080165422196,0.035040359766816041,-0.018655080419026304,0.032811441931724632,0.16295227736276355,-0.12654055984941529,0.070505732278553584,0.078946251306225568,0.031161844761381115,0.22532463970218808,0.073513261979367361,0.074495167533783838
2077,0.828125,0.640625,0.24201283693360456,0.041427210296440281,0.24553294482329038,0.24057002246798248,0.045813955774008937,0.0014428144656220832,-0.0043867454775686557,0.18335060460321639,-0.17535062017947978,0.25898807635259674,0.092142766594263445,0.053481084543320331,0.27798154453187301,0.25845426712204683,0.085275916519738093
2078,0.828125,0.609375,0.27162197932091736,0.04617346602024363,0.27551858125094841,0.27610822926955614,0.037135874959367904,-0.0044862499486387764,0.0090375910608757257,0.20021080071795794,-0.18515466719955292,0.27686344329056012,0.098502463869705431,0.052590844835142564,0.29383157696171036,0.27613601724218717,0.09131623967102695
2079,0.796875,0.640625,0.33425973314745611,-0.032416604997304609,0.33582794029586022,0.33485469421345498,-0.017301310619344354,-0.00059496106599887799,-0.015115294377960255,0.20332249027707761,-0.20705698327019004,0.35401160602573783,0.032595109960942795,0.067946004768582313,0.28309068404872795,0.35140445603590925,0.025893508588048241
2080,0.796875,0.609375,0.36941607930933079,-0.028487952036249587,0.3705128918991854,0.3703929010150287,-0.025979391433985394,-0.00097682170569790561,-0.0025085606022641933,0.22018268639181915,-0.21686103029026318,0.37844550061705667,0.034844825697438228,0.063973206771406388,0.29732634646965533,0.3755342441283081,0.027858854915945041
2081,0.609375,0.921875,0.037354303039229604,-0.094367732339217608,0.10149193496230532,0.038526581889609703,-0.09558019765683029,-0.0011722788503800985,0.0012124653176126821,-0.028095344908446528,-0.12567118090102711,0.012181135081221164,-0.074248224041775987,0.032225502310637845,0.065318568053092718,0.011182884255476666,-0.0751434551289515
2082,0.640625,0.921875,0.050429750823366246,-0.085737267456791083,0.099468783038017192,0.034355501446569917,-0.096734437027615736,0.016074249376796329,0.010997169570824653,-0.024886125760928308,-0.1337774439112408,0.028223753163202341,-0.064476214710722693,0.030743108104977074,0.087311623556308698,0.02732206290660668,-0.065862627778187549
2083,0.609375,0.953125,0.042443816022214878,-0.056417252268243068,0.07060016906513894,0.025401670883156213,-0.049301500597484546,0.017042145139058665,-0.0071157516707585217,-0.012144944745792752,-0.091041655779677572,0.0046875499308821093,-0.02857223527647269,0.04691354389119954,0.06469746034464198,0.0040428139672570914,-0.029875605513714563
2084,0.640625,0.953125,0.043203846277014825,-0.053812983678122671,0.069010213341720833,0.021230590440116423,-0.050455739968269984,0.021973255836898402,-0.0033572437098526864,-0.0089357255982745326,-0.099147918789891279,0.01086107750281509,-0.024811766210254438,0.043441055541963237,0.076927088813800573,0.010457527873288604,-0.0264873689924481
2085,0.578125,0.890625,-0.0093280454386914843,-0.15120618635283312,0.15149364086678355,-0.011938979454498018,-0.15738756589769035,0.0026109340158065337,0.0061813795448572295,-0.081882951662552855,-0.16279245812605672,-0.012611905275921516,-0.14395160413496999,0.0079632090633304561,0.071787573065345223,-0.013793139348587027,-0.14384206344083464
2086,0.578125,0.859375,-0.037404499516251064,-0.22088311936585858,0.22402778623388073,-0.066575621241645538,-0.22034917350933583,0.029171121725394475,-0.00053394585652274951,-0.13246133926914097,-0.20801999836130006,-0.019410883664252546,-0.22155477542962057,0.018006147097513133,0.113857787185427,-0.020867106832801626,-0.22084580576631468
2087,0.546875,0.890625,-0.05141589443807279,-0.14931365932129162,0.15791821636778253,-0.075529451805059239,-0.17291623707920464,0.024113557366986449,0.023602577757913024,-0.11972015825400539,-0.16528421022973683,-0.049378519659137261,-0.14075900734937377,0.008793916439816819,0.074494507827986972,-0.050195219066088682,-0.14024249734764258
2088,0.546875,0.859375,-0.094888749610343451,-0.2231937140768997,0.24252692387868055,-0.13016609359220677,-0.23587784469085013,0.035277343981863316,0.012684130613950434,-0.17029854586059351,-0.21051175046498016,-0.075998089079089365,-0.21664107496674209,0.01999485270300954,0.094499443215546139,-0.07688090322134844,-0.21549807415279018
2089,0.671875,0.859375,0.11011797638436639,-0.13069270891479648,0.17089924776451065,0.12142280491511992,-0.12201952519368374,-0.011304828530753527,-0.0086731837211127399,0.015334966067653444,-0.17806540984455063,0.11178575796097315,-0.14326049651050149,0.012677964364913858,0.10253846716739595,0.10974847852018582,-0.14479362565061923
2090,0.671875,0.890625,0.081815744251790876,-0.098029066939088583,0.12768521438452754,0.075803612959325029,-0.10995410079604245,0.0060121312924658471,0.011925033856953871,-0.0031709702728783262,-0.15997455838300256,0.072630974199142481,-0.093081172553691846,0.010432720631219229,0.1010972791594727,0.071316520554745175,-0.094780643790697741
2091,0.703125,0.859375,0.133604270205293,-0.084906759838362794,0.15830116513575748,0.14974600542142152,-0.088960491902764727,-0.016141735216128522,0.0040537320644019326,0.053000521718357209,-0.16963299919496289,0.12887721232440263,-0.09964802119867619,0.015480628627493023,0.10322387961351906,0.12717172266422769,-0.10195526928896759
2092,0.703125,0.890625,0.092620164778696848,-0.064043181875904298,0.11260561295256606,0.10412681346562663,-0.076895067505123441,-0.011506648686929785,0.012851885629219142,0.034494585377825439,-0.15154214773341479,0.083735868092060906,-0.064744677575147222,0.0089119483746387743,0.099792308066396648,0.082784058353967141,-0.06700935333843773
2093,0.640625,0.828125,0.081565921561246174,-0.22413123143414024,0.23851165268036589,0.070957243571012185,-0.18382689343454378,0.010608677990233989,-0.040304337999596457,-0.038452640686452884,-0.21518668706958027,0.11023203951608941,-0.2518213862891448,0.039855877791050077,0.15313143150196251,0.10747377734243135,-0.25214276387931944
2094,0.609375,0.828125,0.011986890771686846,-0.27015081653872092,0.2704166215803126,-0.025127509728890426,-0.23356883727776256,0.037114400500577273,-0.036581979260958353,-0.11074618378109097,-0.23421711283306185,0.047575223460168695,-0.28998741305757192,0.040743342830427617,0.16785706532042305,0.045184924035107897,-0.28937224964075198
2095,0.640625,0.796875,0.093277863479587636,-0.28497801434331016,0.29985534591594742,0.048814882733206069,-0.21257522838448481,0.044462980746381567,-0.07240278595882535,-0.054574691789855446,-0.24387555364502211,0.14256003394651756,-0.32567360211637653,0.063912934450914463,0.21343153662211461,0.13911285117130578,-0.32558940889366322
2096,0.609375,0.796875,0.0074394520830213303,-0.34246815905542061,0.34254895331047858,-0.047269870566696542,-0.26231717222770357,0.054709322649717874,-0.080150986827717041,-0.12686823488449353,-0.26290597940850374,0.061527714639670279,-0.37503266410593999,0.063134674589977055,0.21923828866863004,0.058608284884398114,-0.37384767456001194
2097,0.390625,0.921875,-0.104584849611589,0.012772843931535216,0.10536193008092649,-0.09920897004278792,0.025365787618170918,-0.0053758795688010758,-0.012592943686635702,-0.064295081922538744,0.001079916824438924,-0.075230448319016471,0.0012483873375316199,0.031535598536137799,0.010936664049836951,-0.074912756190543842,0.0014235199903772022
2098,0.359375,0.921875,-0.095333617359871864,0.026962071013508115,0.099072962367418471,-0.099391818032186399,0.020810517705787766,0.0040582006723145353,0.0061515533077203498,-0.06209216665266544,0.0036949366270910599,-0.067896631774565216,0.018542111522415416,0.028699893655551527,0.015941468493325853,-0.067559022653496809,0.018536989187356735
2099,0.390625,0.953125,-0.074385713494504818,0.010676525285035526,0.075148004392988105,-0.051656134841184531,0.018504647809279379,-0.022729578653320287,-0.007828122524243853,-0.035273612382950952,1.879879361421275e-05,-0.028950215268664668,0.00048040498186264206,0.046565495468931691,0.0063402232877078817,-0.029035622758831817,0.00069555077777842507
2100,0.359375,0.953125,-0.068129865424772673,0.012030200717739057,0.069183844155313631,-0.051838982830583011,0.01394937789689623,-0.016290882594189662,-0.0019191771791571728,-0.033070697113077641,0.0026338185962663484,-0.026128012657264169,0.0071353837721823601,0.042286107279270471,0.0082743553516883561,-0.026133134287235477,0.0072786531503833008
2101,0.421875,0.890625,-0.15090818636126965,-0.032468232503107902,0.15436148105250727,-0.15366276384053695,-0.03304055008109142,0.0027545774792673006,0.00057231757798351796,-0.11707638479900018,-0.046762643213456544,-0.14058467402155947,-0.033422655758808172,0.010367537353642374,0.02702951955661945,-0.13992913913786104,-0.032952635758071357
2102,0.421875,0.859375,-0.21303097178654073,-0.066192349382249493,0.22307761442390336,-0.20829940562768448,-0.096002157692736914,-0.0047315661588562541,0.029809808310487421,-0.16765477240558829,-0.091990183448699872,-0.21637275992068269,-0.05144054514294491,0.01512558350108374,0.063385451597732137,-0.2152374221839396,-0.050780372089581909
2103,0.453125,0.890625,-0.14387496150983831,-0.073051753188351776,0.16135849278345815,-0.1605637224366826,-0.098308027589245298,0.016688760926844293,0.025256274400893522,-0.1408362181358738,-0.095666321282176725,-0.13207650842780039,-0.069333485959022986,0.012370489332186922,0.027751589690070889,-0.13167013390605942,-0.068634531434552795
2104,0.453125,0.859375,-0.20848247107855583,-0.1241962457077368,0.24267189411820519,-0.21520036422383015,-0.16126963520089077,0.0067178931452743229,0.037073389493153974,-0.19141460574246191,-0.14089386151742006,-0.20327790954530303,-0.10671061989001078,0.018243754300881751,0.036183310866701394,-0.20245092151887528,-0.10566024701288922
2105,0.328125,0.859375,-0.14218167264369114,0.092575995236972061,0.16966420638977928,-0.13621301725452636,0.10398972132101557,-0.0059686553891647731,-0.011413726084043507,-0.08177750213894161,0.079458104344229313,-0.15800078520066793,0.089751754408017415,0.016069245730594678,0.076915200788555307,-0.15712312168005141,0.089144040978585928
2106,0.328125,0.890625,-0.10697890076888655,0.065158242578016695,0.12526005662450798,-0.11789384163805562,0.060122484557210094,0.010914940869169068,0.0050357580208066008,-0.070833376760866873,0.042884030386986252,-0.10265843487289679,0.058314739530704138,0.0080932045270700349,0.035368645839388591,-0.102099368816486,0.057920563628331118
2107,0.296875,0.859375,-0.10006887585823759,0.12139322694850085,0.15732163063133309,-0.1071622056587922,0.13644054836354635,0.0070933298005546042,-0.0150473214150455,-0.061497242707555244,0.11758608007329979,-0.11733923028297231,0.11300694236161145,0.019198825774725207,0.056029421544003477,-0.11683763019221169,0.11217068231021407
2108,0.296875,0.890625,-0.073988869113943756,0.081215967377057552,0.10986530894577951,-0.088843030042321469,0.092573311599740887,0.014854160928377713,-0.011357344222683335,-0.050553117329480507,0.081012006116056731,-0.076239252322332307,0.073424418858936455,0.0081100217567422229,0.026783371917206762,-0.075932154593582518,0.07285631557331386
2109,0.359375,0.828125,-0.23050821807121261,0.05349875768109924,0.23663506855871275,-0.1906668110522754,0.04558338362175323,-0.039841407018937208,0.0079153740593460101,-0.13455880501540302,0.031615544306333843,-0.26518033067768104,0.072418957118555061,0.039498472620453702,0.13684626945395953,-0.26359784102649231,0.072079245473861325
2110,0.390625,0.828125,-0.26676281024162929,-0.021937670389077599,0.2676633301558346,-0.2268014292335537,-0.056690190841314589,-0.039961381008075586,0.034752520452236993,-0.17639598251378971,-0.052801089688804682,-0.29382363514739662,0.0048757612613189866,0.038095253791661329,0.13082764516172349,-0.29208625915726449,0.005132478169353227
2111,0.359375,0.796875,-0.29293187417928662,0.05598638083800378,0.2982340653740404,-0.21606979325429027,0.019627872965021664,-0.076862080924996357,0.036358507872982115,-0.16705984846047808,0.021900959997508851,-0.34295035372035454,0.093657425105390657,0.062617536455817649,0.18996436540928746,-0.34092005790475977,0.093237662098035856
2112,0.390625,0.796875,-0.33813814301457618,-0.037212288111516494,0.340179596901167,-0.2522044114355686,-0.082645701498046134,-0.085933731579007577,0.045433413386529641,-0.20889702595886475,-0.062515673997629681,-0.37999394354658722,0.006305686567899301,0.060379815819309769,0.1844194536325017,-0.3777515880911485,0.0066378205685271464
