node_id,x,y,lod_real,lod_imag,lod_abs,coarse_scale_real,coarse_scale_imag,correction_real,correction_imag,p1_real,p1_imag,exact_real,exact_imag,lod_point_error_abs,p1_point_error_abs,fine_reference_real,fine_reference_imag
0,0,0,-0.0010330203486479492,0.0016535481499051971,0.0019497057533832203,-0.0034951671967763981,-0.0044435079288706247,0.0024621468481284487,0.0060970560787758218,-0.0025659524396525165,-0.0038789834123416135,0,0,0.0019497057533832203,0.0046508734916981013,-1.7979086710755609e-05,-8.5216968303493545e-05
1,1,0,0.0027116331976287343,0.002250096755078668,0.0035236188791777389,-0.0024939285289804027,-0.0016878176172704161,0.0052055617266091366,0.0039379143723490845,0.019395223155454205,0.039562481693841432,-0,0,0.0035236188791777389,0.044060919634358577,0.00085369958617445411,0.0020810006751522917
2,1,1,0.0027116331976281948,0.0022500967550784685,0.0035236188791771964,-0.0024939285289812064,-0.0016878176172706288,0.0052055617266094012,0.0039379143723490976,0.019395223155453719,0.039562481693841092,-0,0,0.0035236188791771964,0.044060919634358063,0.0008536995861746098,0.0020810006751518268
3,0,1,-0.0010330203486478421,0.0016535481499051609,0.0019497057533831329,-0.0034951671967762637,-0.0044435079288706993,0.0024621468481284218,0.00609705607877586,-0.0025659524396526292,-0.0038789834123417934,0,0,0.0019497057533831329,0.0046508734916983138,-1.7979086710416633e-05,-8.5216968304050147e-05
4,0.5,0.5,-0.66063773733093523,-0.76007997022615181,1.0070569900083737,-0.72492989444938438,-0.83411321246424375,0.064292157118449156,0.074033242238091934,-0.68843503164847764,-0.66830706169045129,-0.65364362086361194,-0.7568024953079282,0.0077239566931766018,0.095088821822265385,-0.65460059410948668,-0.75309470024549063
5,0.5,0,0.0016764807841030446,0.0032824205026186896,0.0036857661585453696,0.011789428992323015,0.014323105490688002,-0.010112948208219971,-0.011040684988069312,0.003702379893823585,-0.026374173035526045,-0,-0,0.0036857661585453696,0.026632773422722206,-0.00016336697079664749,0.00046940541148433331
6,0,0.5,-0.0064895821854650346,-0.0087092736945983268,0.010861221166578255,-0.008574375939099774,-0.035944125191334518,0.0020847937536347394,0.027234851496736191,-0.014881317227183105,-0.017916157292599013,0,0,0.010861221166578255,0.02329039060533776,-0.00028941542430524486,6.4720516063907825e-05
7,1,0.5,-0.0012385308463606784,-0.01049586654133231,0.010568688334455036,-0.029469952164039019,-0.015042967294929443,0.028231421317678342,0.0045471007535971327,0.094464824372960984,-0.085993197536826965,-0,0,0.010568688334455036,0.12774362240997436,0.0046541877438149564,-0.0013112301930934412
8,0.5,1,0.0016764807841033273,0.0032824205026176436,0.0036857661585445664,0.011789428992323436,0.01432310549068691,-0.01011294820822011,-0.011040684988069267,0.0037023798938234905,-0.026374173035527079,-0,-0,0.0036857661585445664,0.026632773422723216,-0.00016336697079767705,0.00046940541148194985
9,0.25,0.25,-0.12735477352972177,0.2902820522954016,0.31699039137746271,-0.1192512831462014,0.32537399131709183,-0.0081034903835203731,-0.035091939021690222,-0.10926077606806282,0.29946260599484636,-0.13167146000124427,0.28770738895656334,0.0050261987029745657,0.025306597597664068,-0.13116764572764042,0.28731793048006815
10,0.75,0.25,0.30423099263831616,-0.087733315150303234,0.31662853862050655,0.33763606776691901,-0.074944482380082361,-0.033405075128602857,-0.012788832770220873,0.25842461265889005,-0.15753875285880659,0.30380387976046735,-0.088408809977003885,0.00079919876834466371,0.082693572214033659,0.30184206784525547,-0.091933460012640925
11,0.75,0.75,0.30423099263831693,-0.087733315150302721,0.31662853862050716,0.33763606776692034,-0.074944482380081015,-0.033405075128603412,-0.012788832770221706,0.25842461265889055,-0.15753875285880575,0.30380387976046735,-0.088408809977003885,0.00079919876834551296,0.082693572214032687,0.30184206784525508,-0.091933460012639689
12,0.25,0.75,-0.12735477352972169,0.29028205229540238,0.31699039137746338,-0.11925128314620206,0.32537399131709277,-0.0081034903835196237,-0.035091939021690388,-0.10926077606806277,0.29946260599484731,-0.13167146000124427,0.28770738895656334,0.0050261987029750349,0.025306597597664557,-0.13116764572764122,0.28731793048006959
13,0.25,0,-0.00018132130851104312,-0.0032262144259216749,0.003231305763765676,0.012628017356906876,-0.0069273206402530232,-0.012809338665417919,0.0037011062143313483,-0.0053275771247337424,0.0066526227173004018,-0,0,0.003231305763765676,0.0085229377000379178,0.00024910301379054876,-0.0004978575599262089
14,0,0.25,-0.0037975633047799733,-0.0045047835908786507,0.0058919065042192364,-0.0056009545980590311,-0.021236238822700457,0.0018033912932790578,0.016731455231821808,-0.010024512109791626,-0.010396266211868994,0,0,0.0058919065042192364,0.014442063363225071,-0.00020443492145296198,-9.552203026122019e-05
15,0.75,0,-0.00096427427119292358,-0.0029833030526010161,0.0031352706380379965,-0.0069071962111651088,0.0095994135900171959,0.0059429219399721855,-0.012582716642618213,0.044898870627062007,-0.0067125517371030884,0,-0,0.0031352706380379965,0.045397873677177188,0.0012384264130840443,-0.0015372815315068853
16,1,0.25,0.00096799204071786017,-0.0052455869669263203,0.0053341532803698466,-0.016114449162883161,-0.0086851305560970999,0.017082441203601022,0.0034395435891707796,0.07796057842433847,-0.036960187871360885,-0,0,0.0053341532803698466,0.086278081085196384,0.0037225569896153997,-0.0001222223163838444
17,1,0.75,0.00096799204071706295,-0.0052455869669257409,0.0053341532803691328,-0.01611444916288389,-0.0086851305560962395,0.017082441203600952,0.0034395435891704986,0.077960578424337831,-0.036960187871360899,-0,0,0.0053341532803691328,0.086278081085195801,0.0037225569896146612,-0.00012222231638449649
18,0.75,1,-0.00096427427119228195,-0.0029833030526000494,0.0031352706380368793,-0.0069071962111641244,0.0095994135900184831,0.005942921939971842,-0.012582716642618532,0.044898870627062361,-0.0067125517371024786,0,-0,0.0031352706380368793,0.045397873677177444,0.0012384264130841456,-0.0015372815315073426
19,0,0.75,-0.003797563304780152,-0.0045047835908787522,0.0058919065042194289,-0.005600954598059333,-0.02123623882270044,0.001803391293279181,0.016731455231821686,-0.010024512109791843,-0.010396266211868893,0,0,0.0058919065042194289,0.014442063363225149,-0.00020443492145314802,-9.5522030261612157e-05
20,0.25,1,-0.00018132130851127655,-0.0032262144259216697,0.0032313057637656838,0.01262801735690668,-0.0069273206402531949,-0.012809338665417957,0.0037011062143315252,-0.0053275771247343817,0.0066526227173005414,-0,0,0.0032313057637656838,0.0085229377000384261,0.00024910301378903196,-0.00049785755992740293
21,0.5,0.25,-0.37145858674468973,-0.42744043581486735,0.56629215766772356,-0.40460956071618936,-0.46559167862565926,0.033150973971499631,0.038151242810791908,-0.39608123678089807,-0.39681891447587048,-0.36767453673578171,-0.42570140361070963,0.0041645248801051096,0.040510971181610983,-0.36819433871535473,-0.42365877184940198
22,0.25,0.5,-0.22555387646089847,0.51728862138823628,0.56432443594467918,-0.21696768754627077,0.58237133794070672,-0.0085861889146277015,-0.065082716552470443,-0.18458308307158566,0.52169126279017064,-0.23408259555776761,0.51147980258944592,0.010318983732445781,0.05054182085956805,-0.23317726469345665,0.51136372163904187
23,0.75,0.5,0.54080271883961017,-0.15301800943625304,0.56203388858337333,0.60361715316776532,-0.13547414656248857,-0.062814434328155144,-0.017543862873764471,0.41952903120927565,-0.2380288437306623,0.54009578624083088,-0.1571712177368958,0.0042129434944875189,0.14516989391808094,0.53603994654244824,-0.16141194685834337
24,0.5,0.75,-0.3714585867446909,-0.42744043581486818,0.566292157667725,-0.40460956071619075,-0.46559167862565959,0.033150973971499853,0.038151242810791408,-0.39608123678089846,-0.3968189144758707,-0.36767453673578171,-0.42570140361070963,0.0041645248801065165,0.040510971181611094,-0.36819433871535545,-0.42365877184939982
25,0.125,0.125,0.01906425569033059,0.02994198487496031,0.035496032218807982,0.027840698219003108,0.023888750199944159,-0.0087764425286725178,0.0060532346750161517,0.021656160882245527,0.031689513206571075,0.019794705755453546,0.030828427650814203,0.0011486244349227844,0.0020509713609393166,0.019435406344943694,0.030602302297689656
26,0.875,0.125,0.029287211335770381,0.021679556869536844,0.036438220783753417,0.022186712658902714,0.029466150249767568,0.0071004986768676663,-0.0077865933802307233,0.065331077837443657,-0.011293819493147195,0.02762022877011527,0.024069592644101145,0.0029139495324894131,0.051697959876263064,0.029844445266321903,0.022242998290575442
27,0.875,0.875,0.029287211335770284,0.021679556869537698,0.036438220783753847,0.022186712658902957,0.029466150249768862,0.0071004986768673263,-0.0077865933802311639,0.065331077837443255,-0.011293819493146492,0.02762022877011527,0.024069592644101145,0.0029139495324886576,0.051697959876262287,0.029844445266321226,0.022242998290575442
28,0.125,0.875,0.019064255690330566,0.02994198487496029,0.035496032218807948,0.027840698219002976,0.023888750199944405,-0.0087764425286724103,0.0060532346750158846,0.021656160882245507,0.031689513206571318,0.019794705755453546,0.030828427650814203,0.0011486244349228159,0.0020509713609393994,0.019435406344942903,0.030602302297689475
29,0.375,0.375,-0.76889196757397316,0.11635069072998808,0.77764538257043692,-0.84014575165722893,0.14722902124939871,0.071253784083255778,-0.030878330519410635,-0.73211417212771601,0.16459543277527566,-0.76474563812862473,0.10901184704636807,0.0084291562141161347,0.064454228533520438,-0.76306542641124775,0.11057652302085916
30,0.625,0.375,0.22128115325109859,-0.74501938048775307,0.77718673823379902,0.26171550909539371,-0.81112699778086061,-0.040434355844295111,0.066107617293107546,0.1154886817068444,-0.72572435604369423,0.21912228605767561,-0.74074617622102945,0.0047875862670016664,0.1047166607192228,0.21472067873985951,-0.74009734616797795
31,0.625,0.625,0.22128115325109829,-0.74501938048775351,0.77718673823379936,0.26171550909539337,-0.81112699778086095,-0.040434355844295083,0.066107617293107435,0.11548868170684452,-0.72572435604369412,0.21912228605767561,-0.74074617622102945,0.0047875862670019248,0.10471666071922268,0.21472067873985939,-0.74009734616797629
32,0.375,0.625,-0.76889196757397349,0.11635069072998813,0.77764538257043725,-0.84014575165722882,0.14722902124939868,0.071253784083255334,-0.030878330519410552,-0.73211417212771612,0.16459543277527594,-0.76474563812862473,0.10901184704636807,0.0084291562141163481,0.064454228533520633,-0.76306542641124619,0.1105765230208612
33,0.375,0.125,-0.16534843368451105,0.023944970020639396,0.16707323577165334,-0.17060567969494567,0.033382442589520056,0.0052572460104346186,-0.0094374725688806602,-0.17645749092150403,0.031946738290531934,-0.16654460563690049,0.023740357801209047,0.001213545837627644,0.012868953935780829,-0.16566879146382885,0.023984086757716586
34,0.625,0.125,0.046324138812153859,-0.16151603963537958,0.16802784559764256,0.056115123346015261,-0.16557543543860476,-0.0097909845338614021,0.0040593958032251742,0.041843232442256663,-0.19511778305018845,0.04771996451922713,-0.16131805615480196,0.0014097967453176453,0.034306814455836707,0.04624347519364147,-0.16192246651775646
35,0.125,0.375,0.094136046115866331,0.13701292299412227,0.16623518353742625,0.12268434709004652,0.13466495270232004,-0.028548300974180194,0.0023479702918022261,0.097120518843706427,0.13297821171166629,0.09089405704034792,0.14155910655986112,0.0055837512640853522,0.010601914118896596,0.090591864452156001,0.14151341696758024
36,0.125,0.625,0.094136046115865804,0.13701292299412232,0.166235183537426,0.12268434709004607,0.13466495270232001,-0.028548300974180263,0.0023479702918023093,0.097120518843706635,0.13297821171166654,0.09089405704034792,0.14155910655986112,0.0055837512640850009,0.010601914118896515,0.090591864452155987,0.14151341696758019
37,0.875,0.375,0.12344733489486437,0.1084020990963338,0.16428712542721105,0.11691541432678938,0.1361316858164347,0.0065319205680749864,-0.027729586720100896,0.12375226031567431,-0.013535809915197049,0.126827581087264,0.11052363969230117,0.0039908644203442614,0.12409756095412819,0.12823510855693732,0.1057544763523586
38,0.875,0.625,0.12344733489486426,0.10840209909633461,0.16428712542721149,0.11691541432678948,0.13613168581643567,0.0065319205680747783,-0.027729586720101063,0.12375226031567402,-0.013535809915196536,0.126827581087264,0.11052363969230117,0.0039908644203439274,0.12409756095412769,0.12823510855693643,0.10575447635235889
39,0.625,0.875,0.046324138812154365,-0.16151603963538005,0.16802784559764314,0.056115123346016177,-0.1655754354386054,-0.0097909845338618115,0.0040593958032253408,0.041843232442257267,-0.19511778305018881,0.04771996451922713,-0.16131805615480196,0.0014097967453172101,0.034306814455836956,0.04624347519364061,-0.16192246651775713
40,0.375,0.875,-0.16534843368451124,0.023944970020638993,0.16707323577165348,-0.17060567969494608,0.033382442589519674,0.0052572460104348406,-0.009437472568880681,-0.17645749092150506,0.03194673829053217,-0.16654460563690049,0.023740357801209047,0.0012135458376273847,0.012868953935781769,-0.16566879146383187,0.02398408675771695
41,0.125,0,-0.0019128532188802051,-0.00031591663481135118,0.0019387652661245224,-0.0012132900921583744,-0.0035486712521011965,-0.00069956312672183078,0.0032327546172898451,0.0043633055197842075,0.0053712455966658385,0,0,0.0019387652661245224,0.0069201672175375571,-0.00023698037187681707,-0.00028743747493834704
42,0,0.125,-0.0017852552023287741,0.00023074102225816763,0.0018001048738322709,-0.0021069106845389802,-0.0035135087527511009,0.00032165548221020613,0.0037442497750092684,-0.0025755089343393617,0.0019625018751915344,0,0,0.0018001048738322709,0.0032380024522832228,-0.00013642146077383615,-0.00011607365724546909
43,0.875,0,0.003011148468224977,-0.0013553736447248464,0.0033021285278602252,-0.00071182354206000668,-0.0012592240277362963,0.0037229720102849835,-9.6149616988550112e-05,0.034681919740075,0.015445271458247145,0,0,0.0033021285278602252,0.037965668271162406,0.0022689179086774498,0.00019663996616085962
44,1,0.125,0.0033083805702519933,-0.00029452665155265084,0.0033214647290157576,-0.00039422909086519477,-0.0014318313388839393,0.0037026096611171878,0.0011373046873312885,0.055151812404251446,0.0093720994307966068,-0,0,0.0033214647290157576,0.055942458465949474,0.002554374848791595,0.0010040262675238317
45,1,0.875,0.0033083805702512248,-0.00029452665155232016,0.0033214647290149631,-0.00039422909086605194,-0.0014318313388836377,0.0037026096611172767,0.0011373046873313175,0.055151812404250898,0.0093720994307965443,-0,0,0.0033214647290149631,0.055942458465948919,0.0025543748487912399,0.001004026267523201
46,0.875,1,0.0030111484682245719,-0.0013553736447241291,0.0033021285278595617,-0.00071182354206051777,-0.0012592240277354322,0.0037229720102850898,-9.6149616988696913e-05,0.034681919740074577,0.015445271458247504,0,0,0.0033021285278595617,0.037965668271162163,0.0022689179086772871,0.00019663996616051365
47,0,0.875,-0.0017852552023289033,0.00023074102225809073,0.0018001048738323893,-0.0021069106845389568,-0.0035135087527511091,0.00032165548221005347,0.0037442497750091999,-0.0025755089343395291,0.0019625018751915232,0,0,0.0018001048738323893,0.003238002452283349,-0.0001364214607739592,-0.00011607365724609221
48,0.125,1,-0.0019128532188801564,-0.00031591663481140685,0.0019387652661244834,-0.0012132900921582783,-0.0035486712521010234,-0.00069956312672187805,0.0032327546172896166,0.0043633055197840115,0.0053712455966658428,0,0,0.0019387652661244834,0.0069201672175374365,-0.00023698037187720649,-0.00028743747493915726
49,0.5,0.375,-0.57993964309375456,-0.66728430553050422,0.88408050201270627,-0.60884463753346829,-0.70057120902267411,0.028904994439713727,0.033286903492169895,-0.54403470706547286,-0.52844673416986554,-0.57449146364965897,-0.66515844314173378,0.0058482433389056669,0.14006321926771911,-0.5753255398946564,-0.66194616461234157
50,0.375,0.5,-0.87408317098796628,0.13167494253814913,0.88394551885102235,-0.91682209441351559,0.14983923862802512,0.042738923425549302,-0.018164296089875992,-0.74316905069921357,0.13818289285166563,-0.87011059271523528,0.12403125708386767,0.0086143662249157024,0.12772792914750408,-0.86826802913889378,0.12588404072207354
51,0.625,0.5,0.25093276623341876,-0.84675442312297422,0.88315361418491434,0.27484043291121063,-0.88644365875114961,-0.023907666677791872,0.03968923562817539,0.079793667783480085,-0.73642022438330934,0.24931246769228868,-0.84280453827814905,0.0042693041177418838,0.2001355684664734,0.24435862127731692,-0.84184627384716626
52,0.5,0.625,-0.57993964309375667,-0.66728430553050588,0.88408050201270894,-0.6088446375334704,-0.70057120902267611,0.028904994439713727,0.033286903492170228,-0.54403470706547297,-0.52844673416986543,-0.57449146364965897,-0.66515844314173378,0.0058482433389082369,0.1400632192677192,-0.57532553989465507,-0.66194616461233868
53,0.375,0,0.0042041495138427374,-0.00091271252969549795,0.004302082902107685,0.01422214732228644,-0.00099671148403081581,-0.010017997808443702,8.3998954335317861e-05,-0.039804550530560943,-0.0066501778027308403,-0,0,0.004302082902107685,0.040356252399695307,0.00062125284429608572,0.00024466318408841476
54,0.625,0,-0.0030155402871078281,0.0018533628311403858,0.0035395532213858671,-0.0035802688165785996,0.012346495120190952,0.0005647285294707715,-0.010493132289050565,0.044623185430359369,-0.045078042026812426,0,-0,0.0035395532213858671,0.063429161676024887,-0.00035817557696583065,-0.00087017579295143189
55,0.5,0.125,-0.12513459690302073,-0.1437451670964314,0.19058158464464101,-0.12645970232972284,-0.14524091838790412,0.0013251054267021112,0.0014957512914727245,-0.1404295352604043,-0.15556057140011231,-0.12511147430592573,-0.14485672761753313,0.00111180099234007,0.018687302189641503,-0.12528096836645816,-0.14392085939814395
56,0,0.375,-0.0067119640494589265,-0.0034925217171757924,0.007566252001233743,-0.0079231119835316711,-0.014826919692842083,0.0012111479340727446,0.01133439797566629,-0.0045463100863977262,0.021973674216370597,0,0,0.007566252001233743,0.022439057332447627,-0.0002609080175987744,8.1371146724821492e-06
57,0,0.625,-0.0067119640494591034,-0.0034925217171761333,0.007566252001234057,-0.0079231119835316815,-0.014826919692842382,0.0012111479340725781,0.011334397975666249,-0.0045463100863977913,0.02197367421637075,0,0,0.007566252001234057,0.02243905733244779,-0.00026090801759890271,8.1371146722340939e-06
58,0.125,0.5,0.10722768838656992,0.1558516763746928,0.18917590276123786,0.12433000142736821,0.15424828831373052,-0.017102313040798289,0.0016033880609622742,0.075438714735530585,0.15951217852300034,0.10341723823257362,0.16106280568588643,0.0064556486176116992,0.028021460020364205,0.10312404189150527,0.1610826718081666
59,1,0.375,0.0031766106324301571,-0.0082099263832366466,0.0088030532389752978,-0.0089713330107437025,-0.010830061647293087,0.012147943643173859,0.0026201352640564408,0.11393440749419102,-0.042306127389642852,-0,0,0.0088030532389752978,0.12153541716619506,0.0044218073067567839,-0.00098499591393125686
60,1,0.625,0.0031766106324295717,-0.0082099263832361175,0.0088030532389745935,-0.0089713330107443236,-0.010830061647292314,0.012147943643173896,0.0026201352640561962,0.11393440749419069,-0.042306127389642768,-0,0,0.0088030532389745935,0.12153541716619472,0.004421807306756201,-0.00098499591393168577
61,0.875,0.5,0.13984864681856307,0.12367114402362922,0.18668742828882837,0.13572226165603268,0.14030659532604939,0.0041263851625303882,-0.016635451302420168,0.14660144081387838,-0.037450149461072932,0.14430160337039816,0.12575134116101822,0.0049148796712567017,0.16321769448665469,0.14551477498124429,0.12053638486808049
62,0.625,1,-0.0030155402871068155,0.001853362831140322,0.0035395532213849711,-0.003580268816577613,0.012346495120190794,0.00056472852947079752,-0.010493132289050472,0.044623185430360104,-0.045078042026812759,0,-0,0.0035395532213849711,0.063429161676025636,-0.00035817557696579813,-0.00087017579295293795
63,0.375,1,0.0042041495138425014,-0.00091271252969609936,0.0043020829021075818,0.014222147322286174,-0.00099671148403164241,-0.010017997808443674,8.399895433554305e-05,-0.039804550530561651,-0.006650177802731254,-0,0,0.0043020829021075818,0.040356252399696077,0.00062125284429405641,0.00024466318408636665
64,0.5,0.875,-0.12513459690302081,-0.14374516709643242,0.19058158464464184,-0.12645970232972301,-0.14524091838790515,0.0013251054267021944,0.0014957512914727245,-0.14042953526040478,-0.15556057140011292,-0.12511147430592573,-0.14485672761753313,0.0011118009923390449,0.018687302189642239,-0.12528096836646058,-0.14392085939814456
65,0.25,0.125,-0.044206338319658332,0.096892459029034247,0.10650046462023147,-0.039742947357851145,0.10018106557011598,-0.0044633909618071871,-0.0032886065410817344,-0.049618141110558851,0.10594028986198664,-0.044804871805978953,0.097900430964386137,0.0011722839914901811,0.0093705332021041931,-0.044608214659417944,0.097356787885915091
66,0.125,0.25,0.059730532825581106,0.087746690998886837,0.10614715414405583,0.069518612438488323,0.085884807236022515,-0.0097880796129072162,0.001861883762864322,0.042335341931325314,0.09296786036052275,0.058172196505822664,0.090597828198311123,0.0032492145843910107,0.016013213770623782,0.057838802619654246,0.090427739624873937
67,0.375,0.25,-0.49123100038170309,0.073485521382546437,0.49669710849659016,-0.51244865042452026,0.083812833203192952,0.021217650042817171,-0.010327311820646515,-0.43543252128913185,0.07563705014746655,-0.4894372084023198,0.069767582109675569,0.0041280457969910369,0.054322710584432173,-0.48815485138228504,0.070648960933657967
68,0.25,0.375,-0.19935612307627101,0.45412687998252177,0.49595774712233404,-0.19505425149886621,0.48356358396825522,-0.0043018715774048033,-0.029436703985733448,-0.1889596008804402,0.39844191956363245,-0.20573665625194418,0.44954279524463026,0.0078565282720827641,0.053784468783314235,-0.20494363913537944,0.44934182490695845
69,0.75,0.125,0.10262512797527464,-0.032418403289966327,0.10762374163637127,0.10521804474179629,-0.027626414587458775,-0.0025929167665216524,-0.0047919887025075526,0.11365288204780651,-0.080339554050162534,0.10337770908515903,-0.030083553394952712,0.0024531413247507608,0.051295660452603316,0.10312169972348681,-0.032735413837384812
70,0.875,0.25,0.08015252702989184,0.068580493671005882,0.10548796946304551,0.076909433692601031,0.077944016795700635,0.0032430933372908088,-0.0093635231246947531,0.10841774481910205,-0.028746718216598618,0.08116965189584896,0.07073512940307275,0.0023826451961732813,0.10314599640207926,0.083018020619191515,0.067188982390898669
71,0.625,0.25,0.14047831024366222,-0.47674293145950669,0.49700903245868533,0.15361588166818202,-0.49629717881233659,-0.013137571424519795,0.019554247352829901,0.054225446489454945,-0.44661025715493269,0.1402382630769124,-0.47407755278145886,0.0026761663139006609,0.090292064691990401,0.13721712248823512,-0.47411892832835234
72,0.75,0.375,0.47516700286114755,-0.13598804623768299,0.49424328961310948,0.50352102572384239,-0.12764613514502721,-0.028354022862694839,-0.0083419110926557793,0.32573959248396189,-0.24084917235184267,0.47469356212573022,-0.13813876558906857,0.0022022124916494601,0.18093289565309939,0.47123674711601321,-0.14220227799401916
73,0.875,0.75,0.080152527029891882,0.06858049367100677,0.1054879694630461,0.07690943369260142,0.077944016795701968,0.0032430933372904619,-0.0093635231246951972,0.10841774481910174,-0.028746718216597942,0.08116965189584896,0.07073512940307275,0.0023826451961724603,0.10314599640207853,0.083018020619190391,0.067188982390899016
74,0.75,0.875,0.10262512797527576,-0.032418403289965758,0.10762374163637217,0.10521804474179762,-0.027626414587457869,-0.0025929167665218605,-0.0047919887025078892,0.11365288204780695,-0.080339554050161896,0.10337770908515903,-0.030083553394952712,0.0024531413247498744,0.051295660452602782,0.1031216997234865,-0.032735413837384694
75,0.75,0.625,0.47516700286114855,-0.13598804623768249,0.49424328961311031,0.50352102572384316,-0.1276461351450264,-0.028354022862694617,-0.0083419110926560847,0.32573959248396206,-0.24084917235184217,0.47469356212573022,-0.13813876558906857,0.0022022124916501627,0.18093289565309897,0.47123674711601282,-0.14220227799401777
76,0.625,0.75,0.14047831024366228,-0.4767429314595073,0.49700903245868594,0.15361588166818274,-0.49629717881233737,-0.013137571424520461,0.019554247352830068,0.054225446489455313,-0.44661025715493258,0.1402382630769124,-0.47407755278145886,0.0026761663139012741,0.090292064691990068,0.13721712248823453,-0.47411892832835101
77,0.125,0.75,0.059730532825581037,0.087746690998887031,0.10614715414405596,0.069518612438488281,0.085884807236023195,-0.0097880796129072439,0.0018618837628638363,0.042335341931325411,0.092967860360523125,0.058172196505822664,0.090597828198311123,0.0032492145843908068,0.016013213770623744,0.057838802619653844,0.090427739624874215
78,0.25,0.875,-0.044206338319658894,0.096892459029034511,0.10650046462023194,-0.039742947357851548,0.10018106557011615,-0.0044633909618073467,-0.0032886065410816373,-0.049618141110559247,0.10594028986198724,-0.044804871805978953,0.097900430964386137,0.0011722839914896674,0.0093705332021049078,-0.044608214659420047,0.097356787885915813
79,0.25,0.625,-0.19935612307627129,0.45412687998252216,0.49595774712233454,-0.19505425149886613,0.48356358396825516,-0.0043018715774051641,-0.029436703985733004,-0.18895960088043998,0.39844191956363301,-0.20573665625194418,0.44954279524463026,0.0078565282720827658,0.053784468783313777,-0.20494363913537852,0.44934182490695901
80,0.375,0.75,-0.49123100038170425,0.073485521382546798,0.49669710849659138,-0.51244865042452115,0.083812833203192758,0.021217650042816893,-0.01032731182064596,-0.43543252128913229,0.075637050147467036,-0.4894372084023198,0.069767582109675569,0.0041280457969918687,0.054322710584431784,-0.48815485138228665,0.070648960933660271
81,0.0625,0.0625,0.0091062855100643887,-0.0010399834796758175,0.0091654787888471641,0.012172765511113355,0.0097226211355367666,-0.0030664800010489664,-0.010762604615212584,0.0095451042212965059,0.01390526489711473,0.0026480923411667419,0.0014466594393156634,0.0069203794703301281,0.014240281697626343,0.0024413695205428737,0.0013624720433984892
82,0.9375,0.0625,6.5074609156119353e-05,0.009363994667211311,0.0093642207808401594,0.0098463920649611552,0.013889166316248576,-0.0097813174558050355,-0.0045251716490372646,0.042363150496448933,0.014134331100347119,0.0010459669211744179,0.0028304009928835127,0.0066068143631399867,0.042835598448806064,0.003401785563978096,0.0032773403511136005
83,0.9375,0.9375,6.5074609155545038e-05,0.0093639946672117568,0.0093642207808406017,0.0098463920649608759,0.013889166316249117,-0.0097813174558053304,-0.00452517164903736,0.042363150496448489,0.0141343311003473,0.0010459669211744179,0.0028304009928835127,0.0066068143631405124,0.042835598448805683,0.0034017855639777682,0.0032773403511131781
84,0.0625,0.9375,0.0091062855100643835,-0.001039983479675888,0.0091654787888471659,0.012172765511113357,0.0097226211355368533,-0.0030664800010489733,-0.01076260461521274,0.0095451042212964382,0.013905264897114761,0.0026480923411667419,0.0014466594393156634,0.006920379470330148,0.014240281697626337,0.0024413695205425983,0.0013624720433978348
85,0.4375,0.4375,-0.84382657100619274,-0.32821323125787299,0.9054099663184646,-0.78253782305330666,-0.3434420956074225,-0.06128874795288608,0.015228864349549509,-0.71027460188809677,-0.25185581445758781,-0.8792856736827559,-0.32936778695873625,0.03547789398334468,0.18593775375162036,-0.87835992064315094,-0.32633576622165511
86,0.5625,0.4375,-0.20795449962176382,-0.8810884611760158,0.90529660903510389,-0.23160719267699534,-0.82262010512255213,0.023652693055231516,-0.058468356053463677,-0.28647317497081659,-0.69701570886707276,-0.19792664095144838,-0.91785155653379469,0.038106208546599907,0.23792637580042014,-0.20106936673379677,-0.91498452861080726
87,0.5625,0.5625,-0.20795449962176457,-0.88108846117601647,0.90529660903510467,-0.2316071926769955,-0.82262010512255235,0.023652693055230933,-0.058468356053464121,-0.28647317497081654,-0.69701570886707276,-0.19792664095144838,-0.91785155653379469,0.038106208546599463,0.23792637580042011,-0.20106936673379602,-0.91498452861080515
88,0.4375,0.5625,-0.84382657100619252,-0.32821323125787322,0.90540996631846449,-0.78253782305330666,-0.34344209560742256,-0.061288747952885858,0.015228864349549343,-0.71027460188809688,-0.25185581445758765,-0.8792856736827559,-0.32936778695873625,0.035477893983344895,0.18593775375162033,-0.87835992064314983,-0.32633576622165356
89,0.4375,0.0625,-0.061241533663508187,-0.012845007943417608,0.062574113453768301,-0.079408125351311323,0.023852774040104028,0.018166591687803137,-0.036697781983521638,-0.086377555513840229,0.0027862826275029447,-0.049846126626006571,-0.018671643251629039,0.012798631980224975,0.042367297289550694,-0.04935182398421132,-0.018123683291903319
90,0.5625,0.0625,-0.0041479238137161921,-0.06215061088802136,0.062288873049033668,0.03395227616916914,-0.075626164973958382,-0.03810019998288533,0.013475554085937022,0.022772806168040123,-0.11074597804285725,-0.011220331119696619,-0.052032401164047316,0.012344922564358523,0.067844067482476636,-0.011876135307666284,-0.051890170035094621
91,0.0625,0.4375,0.063387261088796762,0.040728885627801518,0.075344455620980008,0.057054985575473373,0.049360413755492757,0.0063322755133233891,-0.0086315281276912389,0.041119600808261658,0.057531027209533639,0.046712348898181329,0.025519072509528302,0.022569694540634157,0.03249683176730455,0.046388241952144596,0.025652326342884346
92,0.0625,0.5625,0.063387261088796443,0.040728885627801283,0.075344455620979606,0.057054985575473144,0.049360413755492744,0.0063322755133232989,-0.008631528127691461,0.041119600808261762,0.057531027209533764,0.046712348898181329,0.025519072509528302,0.022569694540633761,0.032496831767304654,0.046388241952144527,0.025652326342884182
93,0.9375,0.4375,0.034066835288831615,0.065971337763507068,0.074248007871613078,0.043722731081375185,0.060544359260752627,-0.0096558957925435701,0.0054269785027544412,0.10910854234431765,-0.049764503726012009,0.018450856489516731,0.049928273514465167,0.022388360912749695,0.13474964132964204,0.021896876540769432,0.04645752088933152
94,0.9375,0.5625,0.034066835288831449,0.065971337763507665,0.074248007871613522,0.043722731081375227,0.060544359260753113,-0.0096558957925437783,0.0054269785027545522,0.10910854234431749,-0.049764503726011752,0.018450856489516731,0.049928273514465167,0.022388360912750004,0.13474964132964176,0.021896876540769033,0.046457520889331499
95,0.5625,0.9375,-0.0041479238137154808,-0.06215061088802204,0.062288873049034299,0.033952276169169807,-0.075626164973959242,-0.038100199982885288,0.013475554085937202,0.02277280616804038,-0.11074597804285795,-0.011220331119696619,-0.052032401164047316,0.012344922564359487,0.067844067482477358,-0.011876135307667533,-0.051890170035096252
96,0.4375,0.9375,-0.061241533663508575,-0.012845007943418692,0.062574113453768912,-0.079408125351311323,0.023852774040103292,0.018166591687802748,-0.036697781983521985,-0.086377555513840784,0.0027862826275025458,-0.049846126626006571,-0.018671643251629039,0.012798631980224828,0.042367297289550972,-0.049351823984213887,-0.018123683291904669
97,0.1875,0.1875,-0.0024292384494246635,0.14949871174691137,0.14951844706734438,-0.045705292463599147,0.17463137075851798,0.043276054014174482,-0.025132659011606606,-0.043802307592908651,0.16557605960070873,0.0097540821172793085,0.13754640813495339,0.017067245286322447,0.060447896903707471,0.0096010602804403808,0.13711605568372101
98,0.3125,0.3125,-0.4448863449167122,0.29963160550840073,0.53637949151034259,-0.47969851740171515,0.23630150628324526,0.034812172485002957,0.063330099225155478,-0.42068747409788942,0.23202901938506101,-0.43695955258692265,0.32641852877386018,0.027935162334756947,0.095781835548351568,-0.43562945499496619,0.32667095993818118
99,0.3125,0.1875,-0.20673543734780933,0.15512803761701605,0.25846517968634836,-0.14492848142057352,0.17937821695330594,-0.061806955927235813,-0.024250179336289895,-0.14285913349478344,0.16570467214268914,-0.21970759652387087,0.16412647347604672,0.01578761418321865,0.076864666661375758,-0.21883690026727887,0.16397904967737756
100,0.1875,0.3125,-0.0094506137133200125,0.26918435310038791,0.26935019965396856,0.0017165319719225636,0.23001947200970593,-0.011167145685242576,0.039164881090681974,-0.006070128612178198,0.21622040885325633,0.01939914425034182,0.27355547968983174,0.029179021269103805,0.062737502404707018,0.019404473168810565,0.27323321054840399
101,0.8125,0.1875,0.14916896746033156,0.016076527636295249,0.15003278173126705,0.17991139021291086,-0.022739166065157398,-0.030742422752579296,0.038815693701452644,0.16187784524816684,-0.084416286175976893,0.13466345390390541,0.029663288614861012,0.019874858425265329,0.11728074215614852,0.13516804890047243,0.026215586372521596
102,0.6875,0.3125,0.35717619852815036,-0.39981241056933159,0.53612013620109478,0.29967578843115639,-0.44303574008047147,0.05750041009699397,0.043223329511139885,0.18695664718286722,-0.44163155445125041,0.38652249296748403,-0.38481562982038064,0.032956159214207172,0.20749596645571242,0.38258074802195391,-0.38672618384006802
103,0.6875,0.1875,0.18171378632002419,-0.18473454669012562,0.25912690497045193,0.19687559555646714,-0.12025995890934356,-0.015161809236442947,-0.064474587780782064,0.15013392255057337,-0.17632826795449752,0.19434734274497298,-0.193489115027041,0.015370400603370299,0.047427009156531974,0.19222833014782031,-0.19540918195432008
104,0.8125,0.3125,0.26734358589140289,0.025153402738271755,0.26852427560015429,0.22727574104685419,0.030593601718176169,0.0400678448445487,-0.0054401989799044148,0.19108843648728219,-0.085537281387001812,0.26782179359586711,0.058995034884914241,0.033845010695186299,0.16363862178617489,0.26714423255076464,0.054276899371460081
105,0.8125,0.8125,0.14916896746033231,0.016076527636295943,0.15003278173126788,0.17991139021291164,-0.022739166065156077,-0.030742422752579324,0.03881569370145202,0.1618778452481669,-0.08441628617597613,0.13466345390390541,0.029663288614861012,0.019874858425265401,0.11728074215614777,0.13516804890047171,0.026215586372522196
106,0.6875,0.6875,0.35717619852815119,-0.39981241056933248,0.536120136201096,0.29967578843115683,-0.44303574008047097,0.057500410096994359,0.043223329511138497,0.18695664718286753,-0.44163155445124991,0.38652249296748403,-0.38481562982038064,0.032956159214206832,0.20749596645571197,0.38258074802195347,-0.38672618384006635
107,0.8125,0.6875,0.26734358589140322,0.025153402738272643,0.26852427560015468,0.22727574104685491,0.030593601718177328,0.040067844844548312,-0.0054401989799046854,0.1910884364872823,-0.085537281387001146,0.26782179359586711,0.058995034884914241,0.033845010695185411,0.16363862178617422,0.26714423255076369,0.054276899371461039
108,0.6875,0.8125,0.18171378632002547,-0.18473454669012582,0.25912690497045293,0.19687559555646827,-0.12025995890934321,-0.015161809236442808,-0.064474587780782605,0.1501339225505739,-0.1763282679544973,0.19434734274497298,-0.193489115027041,0.015370400603369139,0.047427009156531558,0.19222833014781984,-0.19540918195431953
109,0.1875,0.8125,-0.0024292384494247511,0.14949871174691176,0.14951844706734477,-0.045705292463599542,0.17463137075851859,0.043276054014174795,-0.025132659011606828,-0.043802307592908631,0.16557605960070931,0.0097540821172793085,0.13754640813495339,0.017067245286322783,0.060447896903707721,0.0096010602804392879,0.13711605568372176
110,0.3125,0.6875,-0.44488634491671292,0.29963160550840112,0.53637949151034336,-0.47969851740171543,0.23630150628324573,0.034812172485002513,0.063330099225155395,-0.42068747409788942,0.23202901938506162,-0.43695955258692265,0.32641852877386018,0.027935162334756777,0.095781835548350971,-0.43562945499496586,0.32667095993818324
111,0.1875,0.6875,-0.009450613713320493,0.26918435310038846,0.26935019965396911,0.0017165319719220015,0.2300194720097064,-0.011167145685242495,0.039164881090682058,-0.0060701286121780662,0.21622040885325694,0.01939914425034182,0.27355547968983174,0.029179021269104197,0.062737502404706408,0.019404473168810634,0.27323321054840471
112,0.3125,0.8125,-0.20673543734780969,0.15512803761701602,0.25846517968634863,-0.14492848142057407,0.17937821695330622,-0.061806955927235618,-0.024250179336290201,-0.14285913349478391,0.16570467214268975,-0.21970759652387087,0.16412647347604672,0.015787614183218369,0.0768646666613753,-0.21883690026728131,0.16397904967737922
113,0.1875,0.0625,0.0065940699278084405,0.019460524549526525,0.020547354427165366,0.020234357787954991,0.0084807147798455669,-0.01364028786014655,0.010979809769680958,0.0081642918787558916,0.019171067961935739,0.0014429115558105485,0.020347101795111448,0.0052268969557274537,0.0068234895048245514,0.0012146362425445058,0.019878938846763779
114,0.3125,0.0625,-0.042991917520640764,0.030353997685046822,0.052627655729334991,-0.078988831169019391,0.013227560974633516,0.035996913648378627,0.017126436710413306,-0.090892534023118893,0.019299680503916169,-0.032501123746134744,0.024279064123675552,0.01212277079690486,0.058603336554908014,-0.031944413637128168,0.023931861726989224
115,0.0625,0.1875,0.018897108765915521,0.01124767057718549,0.021991153064896924,0.011119871810472038,0.0013262556886218507,0.0077772369554434829,0.0099214148885636393,0.0058158243862269504,0.01064662349735104,0.017901104226287174,0.0097794178097738854,0.0017742015759129827,0.012116354010886782,0.017614864388337217,0.0096980875664071809
116,0.0625,0.3125,0.056104368038874683,0.031939089440209165,0.064558543565597759,0.058541696245993743,0.056714356939809793,-0.0024373282071190605,-0.024775267499600628,0.043548003366957397,0.061290972749898649,0.035602130364575088,0.019449532461910585,0.024006890326896492,0.042589236000934075,0.035292961189207724,0.019467888516844896
117,0.8125,0.0625,0.019524885231764749,0.0078607562837351916,0.021047865275743941,0.0076397582238688028,0.019532781919892384,0.011885127007895947,-0.011672025636157192,0.055114974232252832,-0.0090031856151251421,0.019920629275725653,0.0043880604459853572,0.0034951723462306626,0.037655907743516653,0.021499530371907483,0.0025474258102985048
118,0.6875,0.0625,0.036870129425645118,-0.040149517275215069,0.054510459375211789,0.024603963567425075,-0.077988010924293777,0.012266165858220043,0.037838493649078708,0.043371051534659338,-0.10091516739364577,0.028749606914936832,-0.028622650151929139,0.014100055018502944,0.073756319674394749,0.028318793816575868,-0.030279988735797278
119,0.9375,0.1875,0.011488588854627483,0.019250905312036354,0.022418408266504122,0.0030361317480097766,0.010390509846835233,0.008452457106617706,0.0088603954652011208,0.07164582813089107,-0.024127003682254039,0.0070707363871390649,0.019133510711892548,0.0044194119424009826,0.077726537163057469,0.010105647008322741,0.017880009051762877
120,0.9375,0.3125,0.026368459234719813,0.058474004462896689,0.064144406150029504,0.050400482581953107,0.063723277630168801,-0.024032023347233294,-0.0052492731672721116,0.10085641937000639,-0.025247998893278965,0.014062444162456063,0.038053168904322782,0.023842158708244084,0.10742547173212225,0.01740914914503567,0.035394317970953756
121,0.9375,0.8125,0.011488588854626993,0.019250905312037065,0.022418408266504482,0.0030361317480095337,0.010390509846836312,0.0084524571066174597,0.008860395465200753,0.071645828130890543,-0.024127003682253696,0.0070707363871390649,0.019133510711892548,0.0044194119424005125,0.07772653716305683,0.010105647008321887,0.017880009051762621
122,0.9375,0.6875,0.026368459234719706,0.058474004462897543,0.064144406150030239,0.050400482581952795,0.063723277630169717,-0.024032023347233089,-0.005249273167272174,0.10085641937000592,-0.025247998893278716,0.014062444162456063,0.038053168904322782,0.023842158708244757,0.10742547173212172,0.01740914914503465,0.035394317970953611
123,0.8125,0.9375,0.019524885231765206,0.0078607562837360815,0.021047865275744697,0.007639758223869416,0.019532781919893674,0.01188512700789579,-0.011672025636157593,0.055114974232252811,-0.0090031856151244864,0.019920629275725653,0.0043880604459853572,0.0034951723462314948,0.037655907743516404,0.021499530371907178,0.0025474258102983812
124,0.6875,0.9375,0.03687012942564611,-0.040149517275215152,0.054510459375212525,0.024603963567426026,-0.077988010924293458,0.012266165858220084,0.037838493649078306,0.04337105153465981,-0.10091516739364564,0.028749606914936832,-0.028622650151929139,0.014100055018503584,0.073756319674394707,0.028318793816575694,-0.030279988735798024
125,0.0625,0.8125,0.018897108765915435,0.011247670577185252,0.02199115306489673,0.011119871810471822,0.0013262556886219825,0.007777236955443613,0.0099214148885632698,0.0058158243862268316,0.010646623497351213,0.017901104226287174,0.0097794178097738854,0.0017742015759127372,0.012116354010886912,0.017614864388336805,0.0096980875664068825
126,0.0625,0.6875,0.056104368038874364,0.031939089440209005,0.064558543565597398,0.058541696245993369,0.056714356939809786,-0.002437328207119005,-0.024775267499600781,0.043548003366957397,0.061290972749898823,0.035602130364575088,0.019449532461910585,0.024006890326896138,0.042589236000934241,0.035292961189207515,0.019467888516844712
127,0.1875,0.9375,0.0065940699278083693,0.019460524549526566,0.020547354427165383,0.020234357787954828,0.0084807147798456051,-0.013640287860146458,0.010979809769680961,0.008164291878755562,0.01917106796193593,0.0014429115558105485,0.020347101795111448,0.0052268969557273766,0.0068234895048241932,0.0012146362425432286,0.019878938846763398
128,0.3125,0.9375,-0.042991917520641548,0.030353997685046555,0.052627655729335476,-0.078988831169019696,0.01322756097463324,0.035996913648378148,0.017126436710413313,-0.090892534023119725,0.019299680503916356,-0.032501123746134744,0.024279064123675552,0.012122770796905404,0.058603336554908826,-0.031944413637130735,0.023931861726988721
129,0.4375,0.3125,-0.64441734415591989,-0.23829975066297182,0.68706657946301231,-0.62237765618670915,-0.15918132868813029,-0.022039687969210742,-0.079118421974841535,-0.56409770445430707,-0.11611174085029741,-0.67015348019408827,-0.25102987038301267,0.028712447583960549,0.1716121477179669,-0.66934717208189809,-0.24876908744833198
130,0.5625,0.3125,-0.14659797612155809,-0.67132955064770194,0.68714942492574516,-0.07144702581039783,-0.63835933820325996,-0.075150950311160258,-0.032970212444441982,-0.14029627753702684,-0.56127163525978241,-0.15085111838703233,-0.69954672676108054,0.028535911531678587,0.13867734348141125,-0.15333071121340833,-0.69752409788641301
131,0.4375,0.1875,-0.32427058037521478,-0.13659210287212548,0.35186476360088675,-0.28760762020556752,-0.2161046180180696,-0.036662960169647263,0.079512515145944124,-0.28626936385120105,-0.18243608809266926,-0.33695981599180441,-0.12622030838101231,0.016388740692902928,0.075695018507219755,-0.33631368404621442,-0.12501659605757667
132,0.5625,0.1875,-0.090527060330058515,-0.34059129023574219,0.35241676412516137,-0.17424721868508705,-0.31558355703213203,0.083720158355028537,-0.025007733203610161,-0.17711900216932069,-0.29596834876302947,-0.075849438369149147,-0.35173903186895988,0.01843108054207197,0.11561095815872788,-0.07732987238035996,-0.35084424536097047
133,0.3125,0.4375,-0.56885462168325773,0.39292537937461508,0.69136526841249946,-0.52855671960174988,0.36480017959505273,-0.040297902081507853,0.028125199779562349,-0.45834862759965084,0.34314334778272315,-0.57331982288181682,0.4282826911416367,0.035638146937431787,0.14306321516098022,-0.57167865292110442,0.42883178745574091
134,0.3125,0.5625,-0.56885462168325795,0.39292537937461525,0.69136526841249979,-0.52855671960174977,0.36480017959505273,-0.040297902081508186,0.028125199779562515,-0.45834862759965089,0.34314334778272326,-0.57331982288181682,0.4282826911416367,0.035638146937431593,0.14306321516098011,-0.5716786529211032,0.42883178745574185
135,0.1875,0.4375,-0.013006403358769814,0.36689709484708521,0.36712755921554302,-0.047141670228112123,0.35851814532151338,0.034135266869342311,0.0083789495255718327,-0.043731282113939618,0.32733473725091844,0.025452959844498076,0.35892287566576597,0.039277357211917864,0.076054387275680674,0.025554516582732747,0.35870590833925259
136,0.1875,0.5625,-0.013006403358769437,0.36689709484708499,0.3671275592155428,-0.047141670228112352,0.35851814532151338,0.034135266869342915,0.0083789495255716107,-0.043731282113939514,0.32733473725091861,0.025452959844498076,0.35892287566576597,0.039277357211917441,0.076054387275680493,0.025554516582732976,0.35870590833925259
137,0.6875,0.4375,0.46605669357628093,-0.50912594564329494,0.69023044713663184,0.43266633113157948,-0.47330057217167459,0.033390362444701449,-0.035825373471620348,0.26750885645806,-0.48187659988717824,0.50714306597948566,-0.50490354868003007,0.04130276786572798,0.24073802097646968,0.50199464079964784,-0.50670295368826423
138,0.6875,0.5625,0.46605669357628066,-0.50912594564329483,0.69023044713663162,0.43266633113157937,-0.47330057217167476,0.033390362444701283,-0.03582537347162007,0.26750885645806011,-0.48187659988717824,0.50714306597948566,-0.50490354868003007,0.041302767865728243,0.24073802097646957,0.50199464079964784,-0.50670295368826301
139,0.8125,0.4375,0.36367551070290061,0.034980625840172266,0.36535396709107415,0.36026628374727737,0.00032876962697306333,0.0034092269556232346,0.034651856213199203,0.27164064576247499,-0.12578232682292967,0.35139990042380054,0.0774053862671817,0.044165041662082613,0.21828143634977207,0.34992344457987662,0.071977308649315369
140,0.8125,0.5625,0.36367551070290122,0.034980625840172551,0.36535396709107482,0.36026628374727743,0.00032876962697354906,0.0034092269556237897,0.034651856213199002,0.27164064576247482,-0.12578232682292942,0.35139990042380054,0.0774053862671817,0.044165041662082509,0.2182814363497719,0.34992344457987629,0.071977308649315896
141,0.5625,0.6875,-0.14659797612155939,-0.67132955064770339,0.68714942492574693,-0.07144702581039869,-0.6383593382032603,-0.075150950311160702,-0.032970212444443092,-0.14029627753702698,-0.56127163525978241,-0.15085111838703233,-0.69954672676108054,0.028535911531676963,0.13867734348141125,-0.15333071121340841,-0.69752409788641079
142,0.4375,0.6875,-0.64441734415592145,-0.23829975066297215,0.68706657946301386,-0.62237765618670982,-0.15918132868813045,-0.02203968796921163,-0.079118421974841702,-0.56409770445430729,-0.11611174085029738,-0.67015348019408827,-0.25102987038301267,0.028712447583959008,0.17161214771796679,-0.66934717208189731,-0.24876908744832901
143,0.5625,0.8125,-0.090527060330058765,-0.34059129023574286,0.3524167641251621,-0.1742472186850873,-0.31558355703213248,0.083720158355028537,-0.025007733203610383,-0.17711900216932058,-0.29596834876302974,-0.075849438369149147,-0.35173903186895988,0.018431080542071765,0.11561095815872764,-0.077329872380361458,-0.35084424536097014
144,0.4375,0.8125,-0.32427058037521539,-0.13659210287212578,0.35186476360088748,-0.2876076202055684,-0.21610461801806996,-0.036662960169646985,0.079512515145944179,-0.28626936385120177,-0.18243608809266926,-0.33695981599180441,-0.12622030838101231,0.016388740692902647,0.075695018507219269,-0.33631368404621731,-0.12501659605757565
145,0.0625,0,5.3851447054937804e-05,-0.0011130161928201206,0.0011143181878753065,-0.0023542286444673865,-0.0039960895904859106,0.0024080800915223244,0.0028830733976657899,0.00089867654006584551,0.0007461310921621125,0,0,0.0011143181878753065,0.0011680458596971892,-0.00014074059769292351,-0.00011277500062932872
146,0,0.0625,-0.00097829793905081295,-0.00048001471792308347,0.0010897160120755525,-0.0028010389406576894,-0.0039785083408108626,0.0018227410016068764,0.0034984936228877792,-0.0025707306869959391,-0.00095824076857503951,0,0,0.0010897160120755525,0.0027435162903875557,-7.9231401656821058e-05,-9.1559307460687263e-05
147,0.9375,0,0.0011608079586996373,0.00087515003109131387,0.0014537409308056049,-0.0016028760355202047,-0.0014735208225033561,0.0027636839942198422,0.00234867085359467,0.027038571447764601,0.027503876576044289,0,0,0.0014537409308056049,0.038568738281750267,0.0017988541704508951,0.001337407875505513
148,1,0.0625,0.0016656846290781721,0.00073971600007277367,0.001822549051277071,-0.0014440788099227986,-0.0015598244780771777,0.0031097634390009708,0.0022995404781499511,0.037273517779852827,0.02446729056231902,-0,0,0.001822549051277071,0.044586583577865102,0.0017819072227034493,0.0015702871996897136
149,1,0.9375,0.0016656846290775092,0.00073971600007296818,0.0018225490512765441,-0.0014440788099236291,-0.0015598244780771332,0.0031097634390011382,0.0022995404781501012,0.037273517779852307,0.024467290562318819,-0,0,0.0018225490512765441,0.044586583577864561,0.0017819072227033572,0.0015702871996891589
150,0.9375,1,0.0011608079586989304,0.00087515003109146555,0.0014537409308051318,-0.0016028760355208621,-0.0014735208225030304,0.0027636839942197927,0.0023486708535944961,0.02703857144776415,0.027503876576044299,0,0,0.0014537409308051318,0.038568738281749962,0.0017988541704508343,0.0013374078755050579
151,0,0.9375,-0.00097829793905073424,-0.000480014717923194,0.0010897160120755304,-0.0028010389406576105,-0.0039785083408109042,0.0018227410016068762,0.0034984936228877102,-0.0025707306869960792,-0.00095824076857513514,0,0,0.0010897160120755304,0.0027435162903877205,-7.9231401656752618e-05,-9.1559307461341687e-05
152,0.0625,1,5.3851447055045716e-05,-0.001113016192820138,0.001114318187875329,-0.0023542286444672711,-0.0039960895904858611,0.002408080091522317,0.0028830733976657232,0.00089867654006569112,0.00074613109216202468,0,0,0.001114318187875329,0.0011680458596970145,-0.0001407405976929005,-0.0001127750006300334
153,0.5,0.4375,-0.63475908512221901,-0.73028373510725986,0.96759156151105774,-0.66688726599142634,-0.76734221074345887,0.032128180869207323,0.037058475636199018,-0.61623486935697525,-0.59837689793015847,-0.63337683867374894,-0.73333718356376143,0.0033517387608254855,0.13604457288095292,-0.63430217970726244,-0.72975866455034422
154,0.4375,0.5,-0.8773458457745098,-0.35094893325252807,0.94493432938425792,-0.82087599443144998,-0.34213698691810934,-0.056469851343059818,-0.0088119463344187299,-0.7158020411738456,-0.26506208441939283,-0.9074210429338796,-0.33990689226076687,0.032038167136069121,0.20571725036156815,-0.9064782745018779,-0.33676539085773144
155,0.5625,0.5,-0.22576766873631315,-0.9174717161363577,0.94484146297504479,-0.22504473076908688,-0.86027843560769668,-0.00072293796722627812,-0.057193280528661017,-0.30432068193249878,-0.70236364303688026,-0.20425989451678825,-0.9472209563019458,0.036709694118964013,0.2645132606083076,-0.20749409820519671,-0.94423290104175239
156,0.5,0.5625,-0.63475908512221946,-0.73028373510726086,0.96759156151105874,-0.66688726599142734,-0.76734221074345998,0.032128180869207879,0.037058475636199129,-0.61623486935697525,-0.59837689793015836,-0.63337683867374894,-0.73333718356376143,0.0033517387608247582,0.13604457288095304,-0.63430217970726122,-0.72975866455034244
157,0.4375,0,-0.010242460280525568,0.0028077938057444792,0.010620343622205496,0.013005788157304727,0.0066631970033285927,-0.023248248437830295,-0.0038554031975841134,-0.01805108531836868,-0.016512175419128444,-0,-0,0.010620343622205496,0.024464129214895325,0.00031840300408600902,0.00056037543401836064
158,0.5625,0,0.0072589111907870657,-0.0069400595036092742,0.010042719631124386,0.0041045800878722078,0.013334800305439477,0.0031543311029148579,-0.020274859809048751,0.024162782662091476,-0.035726107531169234,-0,-0,0.010042719631124386,0.043129975948337083,-0.00048852050917698898,-8.3252683091882492e-05
159,0.5,0.0625,-0.036567974292930287,-0.04162816575172356,0.055408671954319394,-0.05733513666869991,-0.065458906448608065,0.020767162375769622,0.023830740696884505,-0.068363577683290364,-0.090967372217819184,-0.035905716478103686,-0.041572402696358361,0.00066460133286246677,0.059104786337835669,-0.035983650835912075,-0.040957559270806521
160,0,0.4375,0.0013673488875840037,-0.0046116821093817074,0.004810120046149423,-0.0082487439613157226,-0.025385522442088301,0.0096160928488997263,0.020773840332706593,-0.0097138136567904154,0.0020287584618857921,0,0,0.004810120046149423,0.0099234085200359048,-0.00028165883711251229,4.9427055570819898e-05
161,0,0.5625,0.0013673488875839657,-0.0046116821093820917,0.0048101200461497804,-0.0082487439613157278,-0.02538552244208845,0.0096160928488996933,0.020773840332706357,-0.0097138136567904484,0.0020287584618858684,0,0,0.0048101200461497804,0.0099234085200359534,-0.00028165883711254942,4.9427055570637271e-05
162,0.0625,0.5,0.054780827446187418,0.033720430857145323,0.064327338767280584,0.057877812744134213,0.059152081561198,-0.0030969852979467957,-0.025431650704052677,0.030278698754173741,0.070798010615200663,0.048207049908528775,0.026335631393053144,0.0098868505723249123,0.04794089007525746,0.047880349549799806,0.02648717139134104
163,1,0.4375,-0.00035435664204925529,-0.0017738603113994836,0.0018089082436991372,-0.019220642587391361,-0.012936514471111264,0.018866285945342107,0.011162654159711781,0.104199615933576,-0.064149662463234905,-0,0,0.0018089082436991372,0.12236314459367133,0.0045961601628527323,-0.001227686291817889
164,1,0.5625,-0.00035435664204996474,-0.0017738603113993099,0.0018089082436991057,-0.019220642587391673,-0.012936514471110879,0.018866285945341708,0.01116265415971157,0.10419961593357584,-0.064149662463234863,-0,0,0.0018089082436991057,0.12236314459367116,0.0045961601628524201,-0.0012276862918181209
165,0.9375,0.5,0.028249223624254229,0.056707864088177899,0.063354561673303209,0.053126154745996829,0.062631814015559978,-0.0248769311217426,-0.0059239499273820787,0.12053313259341969,-0.061721673498949949,0.019041246707246291,0.051525877630448302,0.010565974756369804,0.1520710713368513,0.022496415914052562,0.047947769673257354
166,0.5625,1,0.0072589111907879244,-0.0069400595036097521,0.010042719631125336,0.0041045800878729121,0.013334800305438852,0.0031543311029150123,-0.020274859809048605,0.024162782662091799,-0.035726107531169921,-0,-0,0.010042719631125336,0.043129975948337833,-0.00048852050917739165,-8.3252683093955175e-05
167,0.4375,1,-0.01024246028052548,0.0028077938057435329,0.010620343622205161,0.013005788157304805,0.0066631970033276342,-0.023248248437830285,-0.0038554031975841013,-0.018051085318369079,-0.016512175419129166,-0,-0,0.010620343622205161,0.024464129214896106,0.0003184030040843593,0.00056037543401600781
168,0.5,0.9375,-0.036567974292930128,-0.041628165751725101,0.055408671954320449,-0.057335136668699785,-0.065458906448609119,0.020767162375769657,0.023830740696884019,-0.068363577683290641,-0.090967372217820003,-0.035905716478103686,-0.041572402696358361,0.00066460133286243696,0.059104786337836508,-0.035983650835914059,-0.040957559270808158
169,0.25,0.1875,-0.08164743475011621,0.1944168152661129,0.21086536382130744,-0.079497115252026268,0.2127775284436039,-0.002150319498089942,-0.018360713177490995,-0.079439458589310841,0.20270144792841649,-0.086923737266446421,0.18993183099085628,0.0069249153202859941,0.014801268325689216,-0.086586967586265912,0.18945225472546287
170,0.1875,0.25,-0.0013014272337672906,0.22094604601302298,0.22094987884503051,-0.024866335353856538,0.20562939927655716,0.023564908120089247,0.015316646736465822,-0.033462717068368758,0.19621523317768455,0.014775414331500017,0.20835432238194124,0.020420977907932052,0.049742082864109208,0.014704483866879137,0.20797107598982376
171,0.3125,0.25,-0.32385956360505724,0.23148487916188612,0.39808324031419751,-0.31584996678536081,0.20459341226014238,-0.0080095968196964296,0.026891466901743738,-0.27234664867859731,0.18754982807115644,-0.33281150716041979,0.24861761662643764,0.019330493693841454,0.085937616386884699,-0.33170846030561196,0.24866626668940889
172,0.25,0.3125,-0.1759899046761931,0.37215488976589239,0.41166941655240685,-0.1571527673225338,0.40446878764267352,-0.0188371373536593,-0.032313897876781128,-0.1491101884742515,0.34895226277923941,-0.1728759403228142,0.37774082100416845,0.0063952640127568428,0.037330845765902364,-0.17221229795713128,0.3774503239804799
173,0.75,0.1875,0.20367865292578799,-0.055892268398721447,0.21120828422298762,0.22142705625435766,-0.05128544848377057,-0.017748403328569667,-0.0046068199149508771,0.18603874735334827,-0.11893915345448455,0.20055802999812103,-0.058363628461381468,0.0039806919016662995,0.062291281867600509,0.19946581797791696,-0.061488276954046642
174,0.8125,0.25,0.21908506031136937,0.026790696422730371,0.22071702486770534,0.20727275072976004,0.001499767207809137,0.011812309581609337,0.025290929214921234,0.18342117873899605,-0.093142735537702609,0.20398724378343069,0.044933738966890055,0.023603263686839723,0.13959969857785989,0.20388760483190888,0.040795120619624731
175,0.6875,0.25,0.2732067780361585,-0.28976290762114554,0.39825178743849887,0.24562597471755052,-0.28562083059620946,0.027580803318607988,-0.004142077024936075,0.15632502957417249,-0.30207450500686961,0.29439597480895313,-0.29309593755575442,0.021449735392801681,0.13836256932964211,0.29133968232202639,-0.29503993066135248
176,0.75,0.3125,0.39140819074297328,-0.12442600208395256,0.41070938846742172,0.4205785467453807,-0.10129530876255478,-0.029170356002407416,-0.023130693321397777,0.29208210257142597,-0.19919396260532463,0.3988744515084261,-0.11607493497414789,0.011202025338759119,0.13532693207870455,0.39609252503556408,-0.11991438092755226
177,0.8125,0.75,0.2190850603113699,0.026790696422731308,0.22071702486770597,0.20727275072976087,0.0014997672078104762,0.011812309581609032,0.025290929214920831,0.18342117873899616,-0.093142735537701846,0.20398724378343069,0.044933738966890055,0.023603263686839338,0.13959969857785914,0.20388760483190799,0.040795120619625591
178,0.75,0.8125,0.20367865292578904,-0.05589226839872076,0.21120828422298846,0.22142705625435899,-0.051285448483769439,-0.017748403328569945,-0.0046068199149513211,0.18603874735334874,-0.11893915345448383,0.20055802999812103,-0.058363628461381468,0.0039806919016675529,0.062291281867599697,0.19946581797791654,-0.061488276954045955
179,0.75,0.6875,0.39140819074297406,-0.12442600208395205,0.41070938846742233,0.42057854674538175,-0.10129530876255372,-0.029170356002407694,-0.023130693321398332,0.29208210257142631,-0.19919396260532396,0.3988744515084261,-0.11607493497414789,0.011202025338758219,0.13532693207870386,0.39609252503556364,-0.11991438092755075
180,0.6875,0.75,0.2732067780361595,-0.28976290762114554,0.39825178743849959,0.24562597471755154,-0.28562083059620919,0.02758080331860796,-0.0041420770249363525,0.15632502957417294,-0.30207450500686917,0.29439597480895313,-0.29309593755575442,0.021449735392800696,0.13836256932964164,0.29133968232202601,-0.29503993066135131
181,0.1875,0.75,-0.0013014272337674992,0.22094604601302348,0.22094987884503101,-0.024866335353856892,0.20562939927655799,0.023564908120089392,0.015316646736465489,-0.033462717068368675,0.19621523317768522,0.014775414331500017,0.20835432238194124,0.020420977907932524,0.049742082864108965,0.014704483866878615,0.20797107598982467
182,0.25,0.8125,-0.081647434750116474,0.19441681526611326,0.21086536382130788,-0.079497115252026809,0.21277752844360445,-0.0021503194980896645,-0.018360713177491189,-0.079439458589311007,0.20270144792841727,-0.086923737266446421,0.18993183099085628,0.0069249153202860271,0.014801268325689803,-0.086586967586267646,0.18945225472546426
183,0.25,0.6875,-0.17598990467619344,0.37215488976589334,0.41166941655240785,-0.15715276732253408,0.40446878764267397,-0.018837137353659356,-0.032313897876780628,-0.14911018847425137,0.34895226277924019,-0.1728759403228142,0.37774082100416845,0.006395264012756181,0.037330845765901857,-0.17221229795713094,0.3774503239804809
184,0.3125,0.75,-0.32385956360505785,0.23148487916188676,0.39808324031419839,-0.31584996678536159,0.20459341226014277,-0.008009596819696263,0.026891466901743988,-0.27234664867859754,0.18754982807115717,-0.33281150716041979,0.24861761662643764,0.019330493693840607,0.085937616386884019,-0.33170846030561341,0.24866626668941103
185,0.1875,0,0.0062326921977147193,0.0028084828545257073,0.0068362290757126333,0.0057073636323742502,-0.0052379959461771094,0.00052532856534046914,0.0080464788007028158,-0.00048213580247476748,0.0060119341569831201,0,0,0.0068362290757126333,0.0060312359628792774,-9.7778986069543155e-05,-0.00049147928488339722
186,0.3125,0,-0.0059368263116408842,0.00027767195487063076,0.0059433162770555284,0.013425082339596658,-0.0039620160621419197,-0.01936190865123754,0.0042396880170125504,-0.022566063827647344,1.22245728478073e-06,-0,0,0.0059433162770555284,0.022566063860759052,0.00057239888440609697,-0.00020745189419762159
187,0.25,0.0625,-0.011837144973903362,0.02831552348788198,0.03069017548868044,-0.013557465000472134,0.046626872464931482,0.0017203200265687724,-0.018311348977049502,-0.027472859117646298,0.056296456289643519,-0.012858541015746511,0.028096424702789391,0.0010446311080577208,0.031761928075655081,-0.012721934987680102,0.027534708304106325
188,0,0.1875,-8.3427500263636844e-06,-0.0064129157242044351,0.0064129211508661558,-0.0038539326412990057,-0.012374873787725778,0.003845589891272642,0.0059619580635213434,-0.0063000105220654941,-0.00421688216833873,0,0,0.0064129211508661558,0.007581043978225498,-0.00017477584230766695,-0.00012163780425262316
189,0,0.3125,0.00088725288306773997,0.0009230913829084915,0.0012803575202699939,-0.0067620332907953511,-0.018031579257771269,0.0076492861738630914,0.018954670640679759,-0.0072854110980946768,0.0057887040022508015,0,0,0.0012803575202699939,0.0093051764568929871,-0.00023326033606774213,-4.6266249911112923e-05
190,0.0625,0.25,0.03067580320193963,0.018699573404055037,0.035926020480673504,0.031958828920214649,0.03232428420666103,-0.0012830257182750195,-0.013624710802605994,0.016155414910766844,0.041285797074326877,0.027116465573547438,0.014813792658592393,0.0052695518172513273,0.028651555794035145,0.026816427106632297,0.014770882072168706
191,0.8125,0,0.0006944871690207924,0.0059872495535881363,0.0060273932711310497,-0.0038095098766125577,0.0041700947811404501,0.0045039970456333504,0.0018171547724476862,0.0397903951835685,0.0043663598605720288,0,0,0.0060273932711310497,0.040029247398578029,0.0020329181226342299,-0.00090954395603865066
192,0.6875,0,0.0045439249793364717,-0.0069815389563629964,0.0083300144307829425,-0.005243732513871854,0.010972954355104075,0.0097876574932083266,-0.017954493311467069,0.044761028028710688,-0.025895296881957759,0,-0,0.0083300144307829425,0.051711855804948199,0.00029575443373437466,-0.0014807411928930948
193,0.75,0.0625,0.030819350798137527,-0.0097406443770936633,0.032322013187604304,0.049155424265315592,-0.0090135004987207893,-0.018336073467178065,-0.00072714387837287398,0.079275876337434256,-0.043526052893632809,0.029668347632858139,-0.0086336728493167855,0.001596932763077972,0.060649691584807972,0.030174958211461822,-0.010755362132528982
194,1,0.1875,-0.0021133770565679327,-0.0028726560124493249,0.0035663027281890966,-0.0082543391268741773,-0.0050584809474905198,0.006140962070306245,0.0021858249350411949,0.066556195414294958,-0.013794044220282138,-0,0,0.0035663027281890966,0.067970602498263297,0.0031977661039382346,0.00042704953323963396
195,1,0.3125,0.0038765451347368739,0.0017858708601026249,0.0042681303764781856,-0.012542891086813432,-0.0097575961016950936,0.016419436221550305,0.011543466961797718,0.095947492959264746,-0.039633157630501868,-0,0,0.0042681303764781856,0.10381092711719883,0.004130638288984384,-0.00060554971084421881
196,0.9375,0.25,0.017032733966525958,0.031800446526101381,0.03607467845503104,0.030397492264858935,0.034629443119801769,-0.013364758298332977,-0.0028289965937003878,0.093189161621720251,-0.032853453043979755,0.010710701272826039,0.02898330616712717,0.006921298807476238,0.10308482532000784,0.013937340212070194,0.02697207752941623
197,1,0.8125,-0.0021133770565685585,-0.0028726560124490304,0.0035663027281892306,-0.0082543391268749718,-0.0050584809474899387,0.0061409620703064133,0.0021858249350409083,0.066556195414294361,-0.013794044220282176,-0,0,0.0035663027281892306,0.067970602498262714,0.0031977661039376596,0.000427049533238979
198,1,0.6875,0.003876545134736128,0.0017858708601031072,0.0042681303764777094,-0.012542891086814107,-0.0097575961016942766,0.016419436221550236,0.011543466961797384,0.095947492959264261,-0.039633157630501833,-0,0,0.0042681303764777094,0.10381092711719836,0.0041306382889836381,-0.00060554971084481404
199,0.9375,0.75,0.017032733966525791,0.031800446526102026,0.036074678455031525,0.030397492264858765,0.034629443119802865,-0.013364758298332974,-0.0028289965937008388,0.093189161621719779,-0.032853453043979422,0.010710701272826039,0.02898330616712717,0.0069212988074763481,0.10308482532000728,0.013937340212069178,0.026972077529416039
200,0.8125,1,0.00069448716902069212,0.0059872495535890392,0.0060273932711319344,-0.0038095098766123209,0.0041700947811415257,0.004503997045633013,0.0018171547724475136,0.039790395183568472,0.0043663598605725128,0,0,0.0060273932711319344,0.040029247398578056,0.0020329181226341319,-0.00090954395603895489
201,0.6875,1,0.0045439249793373208,-0.0069815389563625844,0.0083300144307830604,-0.0052437325138708687,0.010972954355104638,0.0097876574932081895,-0.017954493311467222,0.044761028028711236,-0.02589529688195762,0,-0,0.0083300144307830604,0.051711855804948609,0.00029575443373457393,-0.0014807411928939949
202,0.75,0.9375,0.030819350798138183,-0.0097406443770928202,0.032322013187604678,0.049155424265316751,-0.009013500498719693,-0.018336073467178568,-0.00072714387837312724,0.079275876337434659,-0.043526052893632185,0.029668347632858139,-0.0086336728493167855,0.0015969327630778601,0.060649691584807937,0.030174958211461669,-0.010755362132529289
203,0,0.8125,-8.3427500265080323e-06,-0.0064129157242047621,0.0064129211508664827,-0.0038539326412991449,-0.012374873787725775,0.0038455898912726368,0.0059619580635210129,-0.0063000105220656858,-0.0042168821683386849,0,0,0.0064129211508664827,0.0075810439782256324,-0.00017477584230786645,-0.00012163780425313391
204,0,0.6875,0.00088725288306760043,0.00092309138290843837,0.0012803575202698589,-0.0067620332907955072,-0.018031579257771411,0.0076492861738631079,0.018954670640679849,-0.0072854110980948173,0.0057887040022509282,0,0,0.0012803575202698589,0.0093051764568931761,-0.00023326033606788018,-4.6266249911435222e-05
205,0.0625,0.75,0.030675803201939543,0.018699573404055075,0.035926020480673448,0.031958828920214476,0.032324284206661377,-0.0012830257182749327,-0.013624710802606303,0.016155414910766785,0.041285797074327113,0.027116465573547438,0.014813792658592393,0.0052695518172512969,0.028651555794035385,0.026816427106631974,0.014770882072168517
206,0.1875,1,0.0062326921977145728,0.0028084828545257372,0.0068362290757125119,0.0057073636323742008,-0.0052379959461771094,0.00052532856534037199,0.008046478800702847,-0.00048213580247518512,0.0060119341569831921,0,0,0.0068362290757125119,0.0060312359628793824,-9.7778986070388467e-05,-0.00049147928488431066
207,0.3125,1,-0.0059368263116412008,0.00027767195487021995,0.005943316277055825,0.013425082339596427,-0.0039620160621424184,-0.019361908651237627,0.004239688017012638,-0.022566063827648017,1.2224572846436868e-06,-0,0,0.005943316277055825,0.022566063860759725,0.00057239888440414671,-0.00020745189419922166
208,0.25,0.9375,-0.01183714497390367,0.028315523487881834,0.030690175488680426,-0.013557465000472434,0.046626872464931475,0.0017203200265687637,-0.018311348977049641,-0.027472859117646815,0.056296456289643887,-0.012858541015746511,0.028096424702789391,0.0010446311080573882,0.031761928075655643,-0.012721934987682072,0.027534708304106013
209,0.5,0.3125,-0.47965626684614621,-0.55188022773185919,0.73119212255477029,-0.50672709912482883,-0.58308144382416671,0.027070832278682622,0.031201216092307527,-0.47005797192318544,-0.46263282432286801,-0.48273241042783843,-0.55891785847326236,0.0076805537422460187,0.097115648547238961,-0.48342595657125348,-0.55624763529483656
210,0.5,0.1875,-0.2466149541774216,-0.2837122336994477,0.37591430828669159,-0.26553463152295609,-0.3054162985067817,0.018919677345534486,0.021704064807334,-0.26825538602065119,-0.27618974293799137,-0.24272264339198091,-0.28102944222738252,0.0047273093121821029,0.025987374537525906,-0.24305726792184887,-0.27959672573094452
211,0.4375,0.25,-0.495488368293453,-0.19626685864592536,0.53294408986013553,-0.45852910557035481,-0.19088942271123316,-0.036959262723098185,-0.0053774359346921985,-0.41575687903501496,-0.16059093216420195,-0.51042433665030729,-0.19119762689668138,0.015772769613625118,0.099492197150280848,-0.50969963118169515,-0.18947226271647727
212,0.5625,0.25,-0.12566565932857376,-0.51828003519359667,0.53329733996595274,-0.12549683952400367,-0.4809444287189979,-0.00016881980457009171,-0.03733560647459877,-0.17092789514572157,-0.42171458581540155,-0.11489619066569338,-0.53281178791984452,0.018087379372854828,0.12442724871334516,-0.11688853650892125,-0.53136498989657399
213,0.3125,0.5,-0.57326945232890014,0.411487522779801,0.70566270014571009,-0.56689489097989321,0.36610528828436595,-0.0063745613490069353,0.045382234495435048,-0.46387606688539962,0.32993707782091813,-0.59166490161852403,0.44198687400255582,0.035617453299977529,0.16995629763794082,-0.58998089481960503,0.44257841406466841
214,0.1875,0.5,-0.0049399571196025657,0.3927065176013278,0.39273758687309962,-0.046318843059451283,0.36830981312721861,0.041378885939848717,0.024396704474109188,-0.054572184168027539,0.3406017206565855,0.026267403256000028,0.37040768423456222,0.038355407847284181,0.086159354452657488,0.026381461530276387,0.37020709087751735
215,0.25,0.4375,-0.22548570465294046,0.49562329022696339,0.54450550852882462,-0.20601096952256848,0.532967460954481,-0.019474735130371984,-0.037344170727517612,-0.18677134197601292,0.46006659117690152,-0.22682466351776845,0.49562093175720484,0.0013389609419550135,0.053557256283602334,-0.22594813305051714,0.49548243002943337
216,0.25,0.5625,-0.22548570465294071,0.49562329022696378,0.54450550852882507,-0.20601096952256845,0.532967460954481,-0.019474735130372262,-0.037344170727517223,-0.18677134197601281,0.46006659117690185,-0.22682466351776845,0.49562093175720484,0.0013389609419547643,0.053557256283602195,-0.22594813305051664,0.4954824300294341
217,0.6875,0.5,0.4848579257513107,-0.51081540598457031,0.70428658027470958,0.43922879303948797,-0.51095890265681909,0.045629132711822729,0.00014349667224877738,0.24966134949637786,-0.48722453405698585,0.52337062188258332,-0.52105944454356334,0.039851826674543747,0.27579261585078874,0.51805537499667298,-0.52283857299368486
218,0.8125,0.5,0.38794208007472719,0.046546369148391602,0.39072448345810684,0.36966970741189897,0.0024162243817804074,0.018272372662828218,0.044130144766611194,0.28306523601157701,-0.13773949659586762,0.36264398894832123,0.079882202607804542,0.041848192399118696,0.23171530351545824,0.36105609191122817,0.074361756674614143
219,0.75,0.4375,0.51953266174905699,-0.15602857137083545,0.54245654361255879,0.55356908944580385,-0.13156014085375789,-0.034036427696746863,-0.024468430517077561,0.37263431184661877,-0.23943900804125248,0.52334965224361762,-0.15229798906194811,0.00533728964915241,0.17409385692704588,0.51944873479002918,-0.15649465625354694
220,0.75,0.5625,0.51953266174905766,-0.15602857137083539,0.54245654361255946,0.5535690894458043,-0.1315601408537575,-0.034036427696746641,-0.024468430517077894,0.37263431184661888,-0.23943900804125223,0.52334965224361762,-0.15229798906194811,0.0053372896491518948,0.17409385692704565,0.51944873479002918,-0.15649465625354617
221,0.5,0.6875,-0.47965626684614776,-0.55188022773186074,0.73119212255477251,-0.5067270991248306,-0.58308144382416782,0.027070832278682844,0.031201216092307082,-0.47005797192318571,-0.46263282432286806,-0.48273241042783843,-0.55891785847326236,0.0076805537422439717,0.097115648547238878,-0.48342595657125326,-0.55624763529483379
222,0.5,0.8125,-0.24661495417742219,-0.28371223369944837,0.37591430828669242,-0.26553463152295687,-0.30541629850678237,0.01891967734553468,0.021704064807334,-0.26825538602065163,-0.27618974293799181,-0.24272264339198091,-0.28102944222738252,0.0047273093121829608,0.025987374537526257,-0.24305726792185095,-0.27959672573094385
223,0.5625,0.75,-0.1256656593285746,-0.51828003519359667,0.53329733996595297,-0.12549683952400401,-0.48094442871899845,-0.00016881980457059131,-0.037335606474598215,-0.17092789514572157,-0.42171458581540167,-0.11489619066569338,-0.53281178791984452,0.018087379372855324,0.12442724871334507,-0.11688853650892203,-0.53136498989657222
224,0.4375,0.75,-0.49548836829345394,-0.19626685864592547,0.53294408986013642,-0.45852910557035598,-0.19088942271123341,-0.036959262723097963,-0.0053774359346920597,-0.41575687903501535,-0.16059093216420184,-0.51042433665030729,-0.19119762689668138,0.015772769613624258,0.099492197150280515,-0.50969963118169648,-0.18947226271647505
225,0.125,0.0625,0.0097255634998515209,0.0066106794373435133,0.011759577714057615,0.013313704063422367,0.010170039473921481,-0.0035881405635708463,-0.0035593600365779673,0.013009733201014867,0.018530379401618457,0.005680878565021745,0.00884744415999132,0.0046219684817749105,0.012143778043469942,0.0053484222538086575,0.0086152324236510227
226,0.0625,0.125,0.015606122046884238,0.0060336088117822527,0.016731870207357655,0.012866893767232063,0.01018762072359653,0.0027392282796521745,-0.0041540119118142768,0.0095403259739530837,0.016826007540881305,0.0092271306465543362,0.0050408044463265784,0.0064557874650232007,0.011789363990182282,0.0089688250708485889,0.0049509833435522118
227,0.1875,0.125,-0.0023162444995757096,0.070486857320586141,0.070524903711486786,-0.0059511245694240187,0.06203490788503007,0.003634880069848309,0.0084519494355560706,-0.013980990114156662,0.068814901534278855,0.0050277451544687556,0.070898345810521679,0.0073555086034931376,0.01912257191292251,0.0048084534871488272,0.07044164085746682
228,0.125,0.1875,0.034484110226283747,0.060534389000786247,0.069667539857504651,0.048679655328745713,0.054886778717983337,-0.014195545102461966,0.0056476102828029104,0.031995751406785421,0.062328686783546916,0.038402739099546994,0.059808722521541326,0.0039852533276408045,0.0068847448156764421,0.038050493643368689,0.059597788333510551
229,0.875,0.0625,0.0076384972110723056,0.010096507014322263,0.012660414429781438,0.010737444558421353,0.014103463111015636,-0.0030989473473490474,-0.0040069560966933728,0.050006498788759332,0.002075725982549975,0.0079267238179539998,0.006907727480768823,0.0032017791133249385,0.042356294692435077,0.010227954633579311,0.0060486596657436144
230,0.9375,0.125,0.0064418195234378075,0.016184369797731413,0.017419267048939379,0.010896241784018761,0.014017159455441814,-0.0044544222605809531,0.0021672103422895987,0.060241445120847552,-0.00096086003117529413,0.0036446136275588605,0.0098623750152029965,0.0069131742965338619,0.057622424037425443,0.0063971231277372403,0.0094384055538155372
231,0.8125,0.125,0.071416207091263784,0.0055704369391017059,0.071633123643987384,0.063702378700349505,0.0009198678311543966,0.0077138283909142791,0.0046505691079473093,0.089491979942625088,-0.045816686771654867,0.069412326009639605,0.015289952842900087,0.00992393716190711,0.06432117774925733,0.07048695020753612,0.012613659865650976
232,0.875,0.1875,0.057200072178291317,0.04039582655622987,0.070026216950244732,0.049548073175751869,0.0537050835227341,0.0076519990025394474,-0.013309256966504229,0.086874411328272852,-0.020020268854872906,0.053584653009369036,0.046696237769997241,0.0072640510205791032,0.0745607152940298,0.055648508917885683,0.043967017215645256
233,0.9375,0.875,0.0064418195234373461,0.016184369797731947,0.017419267048939705,0.010896241784018452,0.014017159455442612,-0.0044544222605811057,0.002167210342289335,0.060241445120847073,-0.00096086003117497407,0.0036446136275588605,0.0098623750152029965,0.0069131742965341638,0.057622424037424923,0.0063971231277366201,0.0094384055538151816
234,0.875,0.9375,0.0076384972110720827,0.010096507014323061,0.012660414429781939,0.010737444558421219,0.014103463111016715,-0.0030989473473491368,-0.0040069560966936538,0.050006498788758916,0.0020757259825505059,0.0079267238179539998,0.006907727480768823,0.0032017791133257534,0.042356294692434605,0.010227954633578912,0.006048659665743401
235,0.875,0.8125,0.057200072178291234,0.040395826556230766,0.070026216950245176,0.049548073175752189,0.053705083522735411,0.007651999002539045,-0.013309256966504646,0.086874411328272505,-0.020020268854872215,0.053584653009369036,0.046696237769997241,0.0072640510205782853,0.074560715294029023,0.055648508917884816,0.043967017215645506
236,0.8125,0.875,0.071416207091264575,0.0055704369391026149,0.071633123643988245,0.063702378700350282,0.00091986783115549642,0.007713828390914293,0.0046505691079471185,0.089491979942625102,-0.045816686771654194,0.069412326009639605,0.015289952842900087,0.0099239371619063797,0.064321177749256692,0.070486950207535537,0.01261365986565118
237,0.0625,0.875,0.015606122046884181,0.0060336088117822128,0.016731870207357589,0.01286689376723201,0.010187620723596648,0.002739228279652171,-0.0041540119118144347,0.0095403259739529882,0.01682600754088142,0.0092271306465543362,0.0050408044463265784,0.0064557874650231382,0.011789363990182393,0.0089688250708481639,0.0049509833435517131
238,0.125,0.9375,0.0097255634998514601,0.0066106794373433919,0.011759577714057496,0.013313704063422348,0.010170039473921691,-0.003588140563570888,-0.0035593600365782987,0.013009733201014759,0.018530379401618582,0.005680878565021745,0.00884744415999132,0.0046219684817749157,0.012143778043469977,0.0053484222538079523,0.0086152324236504797
239,0.125,0.8125,0.034484110226283886,0.060534389000786379,0.069667539857504832,0.04867965532874563,0.054886778717983802,-0.014195545102461744,0.0056476102828025773,0.031995751406785455,0.062328686783547221,0.038402739099546994,0.059808722521541326,0.0039852533276406917,0.0068847448156765219,0.038050493643368058,0.059597788333510711
240,0.1875,0.875,-0.0023162444995755756,0.070486857320586127,0.070524903711486772,-0.0059511245694242858,0.062034907885030278,0.0036348800698487102,0.0084519494355558486,-0.01398099011415687,0.068814901534279271,0.0050277451544687556,0.070898345810521679,0.0073555086034930049,0.019122571912922673,0.0048084534871474533,0.070441640857467111
241,0.4375,0.375,-0.77148263238143122,-0.28121743681484795,0.82113865993198465,-0.72449519459534861,-0.27667109388663769,-0.046987437786082609,-0.0045463429282102674,-0.63807443959659449,-0.18192565069729494,-0.79753802601610513,-0.29874629202606462,0.031402934615631116,0.19767573860804918,-0.7966605069205519,-0.29602478731105863
242,0.375,0.4375,-0.8393271347014003,0.11944161888067892,0.8477831912505106,-0.87848392303537226,0.1485341299387119,0.039156788333971959,-0.029092511058032983,-0.73764161141346474,0.15138916281347065,-0.84313206603680879,0.1201855613686208,0.0038769772881122981,0.11000863947785577,-0.84133153899459667,0.12196323003474591
243,0.375,0.3125,-0.64383163071350447,0.096029385964619435,0.65095377076713534,-0.67629720104087454,0.11552092722629584,0.032465570327370075,-0.019491541261676404,-0.58377334670842396,0.12011624146137111,-0.64259876537196936,0.091600232587573174,0.0045975381007403041,0.065372720939486054,-0.64110016280370907,0.09284892224166412
244,0.3125,0.375,-0.53318786825582631,0.36374899173124675,0.64544762129911903,-0.51760000157804753,0.31539630260882695,-0.015587866677778783,0.048352689122419801,-0.46053688650407809,0.28151867616945403,-0.52001797993815591,0.38846502597880883,0.028005862015416935,0.12237451619376634,-0.51850001882665431,0.38889420664343144
245,0.5625,0.375,-0.17142154386109046,-0.80292472106552304,0.82101976431622381,-0.17356456421903729,-0.75584910340176736,0.0021430203579468343,-0.047075617663755676,-0.21427301267931423,-0.62708554510677983,-0.1795252979151459,-0.83251841862475706,0.030683183749344426,0.20835083201942159,-0.18240531005933946,-0.82999320015482281
246,0.625,0.4375,0.23398372022432989,-0.81417753323170694,0.84713247898382737,0.2682779710033022,-0.84878532826600517,-0.034294250778972302,0.034607795034298228,0.097641174745162235,-0.73107229021350184,0.24158232037858735,-0.81667265928368493,0.0079977733350940026,0.16747082310424838,0.23677119008074898,-0.81579589088369331
247,0.625,0.3125,0.18389138352598772,-0.62434796580012497,0.65086590272793976,0.20766569538178786,-0.65371208829659855,-0.023774311855800145,0.029364122496473577,0.084857064098149665,-0.58616730659931349,0.1841235875901302,-0.6224325508523928,0.0019294385580785245,0.1056835399999424,0.18034518799807145,-0.62211181893522305
248,0.6875,0.375,0.43258538617250586,-0.47800487573896627,0.64468502197603494,0.38261826740961802,-0.46938656646294391,0.049967118762887841,-0.0086183092760223623,0.22061413709540315,-0.48328676419776845,0.45999371063898931,-0.45796240243086622,0.033954631294801862,0.24071539944259926,0.45532385249734936,-0.45981373453331137
249,0.625,0.5625,0.23398372022433006,-0.81417753323170727,0.84713247898382771,0.26827797100330197,-0.84878532826600528,-0.034294250778971913,0.034607795034298006,0.097641174745162304,-0.73107229021350173,0.24158232037858735,-0.81667265928368493,0.0079977733350937406,0.16747082310424838,0.23677119008074898,-0.81579589088369231
250,0.5625,0.625,-0.17142154386109135,-0.80292472106552393,0.82101976431622492,-0.17356456421903851,-0.75584910340176847,0.0021430203579471674,-0.047075617663755454,-0.21427301267931423,-0.62708554510677983,-0.1795252979151459,-0.83251841862475706,0.030683183749343333,0.20835083201942159,-0.18240531005933891,-0.82999320015482025
251,0.6875,0.625,0.43258538617250636,-0.47800487573896655,0.6446850219760355,0.38261826740961824,-0.46938656646294369,0.049967118762888119,-0.0086183092760228619,0.22061413709540328,-0.48328676419776817,0.45999371063898931,-0.45796240243086622,0.033954631294801627,0.24071539944259909,0.45532385249734864,-0.4598137345333092
252,0.625,0.6875,0.18389138352598725,-0.62434796580012619,0.65086590272794076,0.20766569538178806,-0.65371208829659921,-0.023774311855800812,0.029364122496473022,0.084857064098149915,-0.58616730659931338,0.1841235875901302,-0.6224325508523928,0.0019294385580797936,0.10568353999994221,0.18034518799807125,-0.62211181893522138
253,0.375,0.5625,-0.8393271347014003,0.11944161888067859,0.8477831912505106,-0.87848392303537226,0.1485341299387119,0.039156788333971959,-0.029092511058033316,-0.73764161141346485,0.15138916281347078,-0.84313206603680879,0.1201855613686208,0.0038769772881123619,0.1100086394778557,-0.84133153899459501,0.12196323003474695
254,0.4375,0.625,-0.77148263238143255,-0.28121743681484829,0.82113865993198598,-0.72449519459534961,-0.27667109388663869,-0.046987437786082942,-0.0045463429282096013,-0.63807443959659449,-0.18192565069729474,-0.79753802601610513,-0.29874629202606462,0.031402934615629825,0.1976757386080493,-0.7966605069205499,-0.29602478731105597
255,0.3125,0.625,-0.5331878682558272,0.36374899173124714,0.64544762129912003,-0.51760000157804753,0.3153963026088269,-0.015587866677779671,0.048352689122420245,-0.46053688650407804,0.28151867616945447,-0.52001797993815591,0.38846502597880883,0.028005862015417011,0.12237451619376598,-0.51850001882665275,0.38889420664343294
256,0.375,0.6875,-0.6438316307135048,0.096029385964620059,0.65095377076713579,-0.67629720104087498,0.11552092722629573,0.032465570327370186,-0.019491541261675668,-0.58377334670842418,0.12011624146137148,-0.64259876537196936,0.091600232587573174,0.0045975381007409954,0.065372720939486012,-0.64110016280370763,0.09284892224166659
257,0.375,0.0625,-0.054870558820942036,0.011894493164602307,0.056144965873756045,-0.078191766186329614,0.016192865552744622,0.023321207365387578,-0.0042983723881423151,-0.10813102072603249,0.012648280243900547,-0.047796602383039045,0.0068132404403980044,0.0087097639998212819,0.060615919743049376,-0.047062016683278141,0.0069288912733583997
258,0.4375,0.125,-0.17034230328305569,-0.066179160676716364,0.18274622183687181,-0.14853269101233424,-0.055929237899192033,-0.021809612270721451,-0.010249922777524331,-0.15844351309095417,-0.061806916554790189,-0.17368605899906289,-0.065060303596787411,0.0035259812043795667,0.015585882490441067,-0.17310988229334065,-0.064275562996394545
259,0.3125,0.125,-0.11456826237355643,0.084569258204482453,0.14240030258588809,-0.1051743135263984,0.066781754079818012,-0.0093939488471580235,0.017787504124664441,-0.11303781601603144,0.068943514076259288,-0.11324836007542062,0.084599050102051696,0.0013202384761038276,0.015656951716596305,-0.11257491111427648,0.084302332343617045
260,0.375,0.1875,-0.31484141013486805,0.042707759040767061,0.31772482782747152,-0.34152716505973296,0.058597637896356504,0.026685754924864913,-0.015889878855589443,-0.30594500610531794,0.053791894218999242,-0.32310503210934394,0.04605750537709051,0.0089167397996550921,0.01882252010801664,-0.32204081419420888,0.046581671747245555
261,0.625,0.0625,0.018880716729556844,-0.054033299612741462,0.05723704160123979,0.02626742726471833,-0.076614470159206902,-0.0073867105351614858,0.02258117054646544,0.043233208936308012,-0.12009791253850044,0.013695142878604726,-0.046296636013814341,0.0093137607767562035,0.079492929013230018,0.012846606372702161,-0.047042522769690752
262,0.5625,0.125,-0.042243041393721835,-0.17823357695285502,0.18317118359502127,-0.035172289491853789,-0.15540817691325443,-0.0070707519018680456,-0.022825400039600596,-0.049293151409073824,-0.17533917722515038,-0.039096620434853999,-0.18130401116716932,0.0043963088056726248,0.011813064287647192,-0.040108157029643939,-0.18085547572924743
263,0.6875,0.125,0.099636554759755108,-0.10348056149310519,0.14365120831835004,0.080666584043905781,-0.09660092501303176,0.018969970715849327,-0.0068796364800734339,0.077748057245031588,-0.13772866855017549,0.10017640809471322,-0.09973403430716643,0.0037852222627269361,0.044120552502166732,0.098950809988795851,-0.1015552084854985
264,0.625,0.1875,0.085466115952510149,-0.30677753248267486,0.31846021951284048,0.10486550250709864,-0.33093630712547067,-0.019399386554588491,0.024158774642795811,0.048034339465855808,-0.32086402010256054,0.092579165859367943,-0.31296525945338494,0.0094278016547603774,0.045239716822954371,0.09035572080893968,-0.31333256939099724
265,0.0625,0.375,0.068491470305645369,0.038129658304083505,0.078389746440559849,0.057380617553257428,0.059919016504738978,0.011110852752387941,-0.021789358200655473,0.046287104378654353,0.07747594296401844,0.04236947745866787,0.023146551029050614,0.030113983693837106,0.05447045647603433,0.042052005913623826,0.023230409534974676
266,0.125,0.4375,0.097072771553696813,0.15780299127173913,0.18526982223617744,0.12350717425870736,0.14445662050802527,-0.026434402705010546,0.013346370763713866,0.086279616789618513,0.1462451951173333,0.10021069788698357,0.1560689149822469,0.0035851920800584235,0.017046421692709,0.099915412168133516,0.15607107682117244
267,0.125,0.3125,0.078393132234841387,0.11721231725552018,0.14101138428509255,0.096101479764267417,0.11027487996917128,-0.01770834752942603,0.0069374372863489076,0.069727930387515874,0.11297303603609452,0.076376256263070125,0.11894897148432776,0.0026615327531224376,0.0089393535241098308,0.076061201090874775,0.11883955757392581
268,0.1875,0.375,-0.0079822224398556803,0.31599289697281829,0.31609369941894366,-0.036184952204409843,0.30911426833528766,0.028202729764554162,0.0068786286375306371,-0.045919541018366886,0.26571006563764937,0.023086584892968776,0.32555362872178317,0.032506589803604928,0.091340557562869143,0.023151180603883364,0.32529205993740978
269,0.0625,0.625,0.068491470305644966,0.038129658304083561,0.07838974644055953,0.057380617553257192,0.059919016504738812,0.011110852752387775,-0.021789358200655251,0.046287104378654423,0.077475942964018649,0.04236947745866787,0.023146551029050614,0.030113983693836787,0.054470456476034546,0.042052005913623694,0.023230409534974458
270,0.125,0.5625,0.097072771553696702,0.15780299127173908,0.18526982223617733,0.12350717425870714,0.14445662050802527,-0.026434402705010435,0.013346370763713811,0.08627961678961861,0.14624519511733344,0.10021069788698357,0.1560689149822469,0.0035851920800584938,0.017046421692708841,0.099915412168133544,0.15607107682117227
271,0.125,0.6875,0.07839313223484122,0.11721231725552043,0.14101138428509266,0.096101479764267167,0.1102748799691716,-0.017708347529425947,0.0069374372863488382,0.069727930387516027,0.11297303603609483,0.076376256263070125,0.11894897148432776,0.0026615327531221483,0.0089393535241095046,0.076061201090874664,0.11883955757392599
272,0.1875,0.625,-0.0079822224398559752,0.31599289697281824,0.31609369941894361,-0.03618495220441003,0.3091142683352876,0.028202729764554055,0.0068786286375306371,-0.045919541018366671,0.26571006563764976,0.023086584892968776,0.32555362872178317,0.032506589803605226,0.091340557562868741,0.023151180603883728,0.32529205993741001
273,0.9375,0.375,0.030761077498736265,0.07053135199172883,0.076947485356341633,0.053972040658022843,0.062650812084570809,-0.023210963159286578,0.0078805399071580212,0.11884333390493267,-0.027920968652419949,0.016735470738790687,0.045286415886136203,0.028879481365843212,0.12563971056688886,0.020149497006988079,0.042129699879207255
274,0.875,0.4375,0.14333327491132594,0.11401308501644662,0.1831486042856271,0.12631883799141103,0.13821914057124204,0.017014436919914916,-0.024206055554795422,0.13517685056477635,-0.025492979688134992,0.13982740814870856,0.12185231276076204,0.0085874672275630774,0.14741866534700573,0.14109165292242176,0.1167506978870067
275,0.875,0.3125,0.10626615743088236,0.090707189267480295,0.13971503283445044,0.096912424009695214,0.10703785130606766,0.0093537334211871437,-0.016330662038587365,0.11608500256738818,-0.021141264065897836,0.10657039799693711,0.092870558352558627,0.0021846574377476155,0.11440814372810049,0.1081857611011576,0.088631065719559879
276,0.8125,0.375,0.31291875487323179,0.032904183287388561,0.3146439772651366,0.31021822002531591,0.0042427753357037468,0.0027005348479158808,0.028661407951684814,0.22474592639981811,-0.12719249113351985,0.31873006841161045,0.070208967135765715,0.037754711798866698,0.21863292221560146,0.31757198483481486,0.065053151984425836
277,0.9375,0.625,0.030761077498736161,0.07053135199172969,0.076947485356342368,0.05397204065802258,0.062650812084571683,-0.023210963159286419,0.0078805399071580073,0.11884333390493235,-0.02792096865241965,0.016735470738790687,0.045286415886136203,0.028879481365843913,0.12563971056688844,0.020149497006987253,0.042129699879207123
278,0.875,0.5625,0.14333327491132597,0.11401308501644698,0.18314860428562735,0.12631883799141108,0.13821914057124252,0.017014436919914888,-0.024206055554795533,0.13517685056477619,-0.025492979688134736,0.13982740814870856,0.12185231276076204,0.00858746722756276,0.14741866534700546,0.14109165292242123,0.11675069788700695
279,0.875,0.6875,0.1062661574308824,0.090707189267481045,0.13971503283445097,0.09691242400969545,0.10703785130606883,0.0093537334211869494,-0.016330662038587782,0.11608500256738788,-0.021141264065897239,0.10657039799693711,0.092870558352558627,0.0021846574377468674,0.11440814372809988,0.10818576110115649,0.088631065719560226
280,0.8125,0.625,0.31291875487323229,0.032904183287388949,0.3146439772651371,0.31021822002531629,0.0042427753357046349,0.0027005348479159919,0.028661407951684315,0.22474592639981805,-0.12719249113351935,0.31873006841161045,0.070208967135765715,0.037754711798866233,0.21863292221560104,0.31757198483481436,0.06505315198442678
281,0.625,0.9375,0.018880716729557927,-0.0540332996127421,0.057237041601240747,0.026267427264719281,-0.076614470159207304,-0.0073867105351613539,0.022581170546465204,0.043233208936308685,-0.12009791253850079,0.013695142878604726,-0.046296636013814341,0.0093137607767573381,0.079492929013230587,0.0128466063727016,-0.047042522769692063
282,0.5625,0.875,-0.042243041393721481,-0.1782335769528561,0.18317118359502224,-0.035172289491853415,-0.15540817691325526,-0.0070707519018680665,-0.022825400039600846,-0.049293151409073754,-0.17533917722515086,-0.039096620434853999,-0.18130401116716932,0.004396308805671616,0.011813064287646894,-0.040108157029645576,-0.18085547572924829
283,0.6875,0.875,0.099636554759756288,-0.10348056149310526,0.14365120831835093,0.080666584043906892,-0.096600925013031635,0.018969970715849396,-0.0068796364800736282,0.077748057245032115,-0.13772866855017535,0.10017640809471322,-0.09973403430716643,0.0037852222627268364,0.044120552502166344,0.098950809988795532,-0.10155520848549875
284,0.625,0.8125,0.085466115952510718,-0.30677753248267553,0.31846021951284126,0.10486550250709946,-0.3309363071254714,-0.019399386554588741,0.024158774642795866,0.048034339465856293,-0.32086402010256071,0.092579165859367943,-0.31296525945338494,0.0094278016547595118,0.04523971682295392,0.090355720808938847,-0.31333256939099685
285,0.375,0.9375,-0.054870558820942647,0.011894493164601734,0.056144965873756524,-0.078191766186329947,0.016192865552744014,0.0233212073653873,-0.0042983723881422804,-0.10813102072603335,0.012648280243900458,-0.047796602383039045,0.0068132404403980044,0.0087097639998214432,0.060615919743050223,-0.047062016683280958,0.0069288912733574959
286,0.4375,0.875,-0.17034230328305655,-0.066179160676717114,0.18274622183687289,-0.14853269101233454,-0.055929237899192741,-0.021809612270722006,-0.010249922777524373,-0.15844351309095492,-0.061806916554790377,-0.17368605899906289,-0.065060303596787411,0.0035259812043789882,0.015585882490440295,-0.17310988229334359,-0.064275562996394656
287,0.3125,0.875,-0.11456826237355666,0.084569258204482856,0.14240030258588851,-0.10517431352639882,0.066781754079817915,-0.0093939488471578431,0.017787504124664941,-0.11303781601603216,0.068943514076259704,-0.11324836007542062,0.084599050102051696,0.0013202384761040545,0.015656951716595879,-0.11257491111427925,0.084302332343617753
288,0.375,0.8125,-0.31484141013486883,0.042707759040766582,0.31772482782747219,-0.34152716505973363,0.058597637896356219,0.026685754924864802,-0.015889878855589637,-0.30594500610531866,0.053791894218999603,-0.32310503210934394,0.04605750537709051,0.0089167397996545526,0.01882252010801613,-0.32204081419421171,0.046581671747247144
289,0.03125,0.03125,0.0014777227439924756,7.8151306070610118e-05,0.0014797878681598905,0.0043387991571684787,0.0026395566033330714,-0.0028610764131760031,-0.0025614052972624613,0.0034895758908219943,0.0050131407423865586,0.00020833941377015698,5.319778617813631e-05,0.0012696285745056812,0.0059470620433266959,0.00011571373568145877,-2.128483135960953e-05
290,0.96875,0.03125,0.0016362789405677904,0.0028888494788132054,0.0033200692888228972,0.0036762317679903764,0.0061006743494890804,-0.002039952827422586,-0.003211824870675875,0.030879186825951567,0.026848406397094272,2.2318276710221944e-05,0.000213862596797648,0.0031241677041149497,0.040762056622735306,0.0017907564945395607,0.0016399262220492248
291,0.96875,0.96875,0.0016362789405671887,0.0028888494788133724,0.0033200692888227462,0.0036762317679898343,0.0061006743494892435,-0.0020399528274226454,-0.0032118248706758711,0.030879186825951102,0.026848406397094196,2.2318276710221944e-05,0.000213862596797648,0.0031241677041147818,0.040762056622734903,0.0017907564945394742,0.0016399262220487317
292,0.03125,0.96875,0.0014777227439924726,7.8151306070568851e-05,0.0014797878681598853,0.0043387991571685464,0.0026395566033330766,-0.0028610764131760738,-0.0025614052972625077,0.0034895758908219049,0.0050131407423864849,0.00020833941377015698,5.319778617813631e-05,0.0012696285745056775,0.0059470620433265849,0.00011571373568149525,-2.1284831360275769e-05
293,0.46875,0.46875,-0.78328609608574762,-0.57769362043832462,0.97327643936159791,-0.75373385875134558,-0.58877765403583315,-0.029552237334402043,0.011084033597508536,-0.69935481676828726,-0.46008143807401952,-0.80781304638846685,-0.56268286500082798,0.028755765855848697,0.14929916402900861,-0.80772112744378077,-0.55915416457630962
294,0.53125,0.46875,-0.46314778913139126,-0.85611290683314745,0.97336282229372062,-0.47826854356318987,-0.82836665879339799,0.015120754431798611,-0.027746248039749455,-0.48745410330964711,-0.68266138527876197,-0.43915810716167925,-0.88108687505553407,0.034629523961219891,0.20421845714106357,-0.44124698084452207,-0.8775940091687604
295,0.53125,0.53125,-0.46314778913139204,-0.85611290683314745,0.97336282229372095,-0.47826854356318999,-0.82836665879339799,0.015120754431797945,-0.027746248039749455,-0.48745410330964706,-0.68266138527876197,-0.43915810716167925,-0.88108687505553407,0.034629523961220432,0.20421845714106354,-0.44124698084452119,-0.87759400916875929
296,0.46875,0.53125,-0.78328609608574673,-0.57769362043832495,0.97327643936159736,-0.75373385875134558,-0.58877765403583315,-0.029552237334401155,0.011084033597508203,-0.69935481676828726,-0.46008143807401947,-0.80781304638846685,-0.56268286500082798,0.02875576585584963,0.14929916402900864,-0.80772112744377955,-0.5591541645763084
297,0.46875,0.03125,-0.020874298604823486,-0.00050003395571181263,0.020880286784433794,-0.033809348179494159,0.019087939765396016,0.012935049574670673,-0.019587973721107828,-0.041337587810008319,-0.011793945204011551,-0.011938613419135973,-0.0083158513381898606,0.011871540384211364,0.029604000273183259,-0.011753578566622463,-0.0077334498291773569
298,0.53125,0.03125,0.0029864127918592756,-0.019143172340253381,0.01937471828471379,0.022870852580746077,-0.030651529741635188,-0.0198844397888868,0.011508357401381807,0.013237593030931855,-0.068560075539191648,-0.0064902874430199731,-0.013021522290324772,0.011281952254621155,0.058938274194039235,-0.0068380996800667549,-0.012686425442277445
299,0.03125,0.46875,0.015448898350236351,0.0047075922428128185,0.01615022863493043,0.0242403048181868,0.0067081442820791232,-0.0087914064679504491,-0.0020005520392663047,0.013119141790539277,0.019807434958467315,0.014097055546726803,0.003599569246860888,0.0017479113035159552,0.016237340491595541,0.013802773232748386,0.0037228682888732416
300,0.03125,0.53125,0.015448898350236167,0.0047075922428127829,0.016150228634930246,0.024240304818186686,0.0067081442820791162,-0.0087914064679505185,-0.0020005520392663333,0.013119141790539329,0.019807434958467377,0.014097055546726803,0.003599569246860888,0.0017479113035157904,0.0162373404915956,0.013802773232748353,0.0037228682888731453
301,0.96875,0.46875,0.0062642591325857751,0.014178582781853206,0.015500746826590275,0.007126389458668083,0.022750695982911594,-0.00086213032608230787,-0.0085721132010583879,0.10178668335863932,-0.067878850631419477,0.0015101414600230821,0.014470775605376754,0.0047630884403600552,0.12975687186613655,0.0056940351277999608,0.012021158821598063
302,0.96875,0.53125,0.0062642591325857708,0.01417858278185377,0.015500746826590788,0.0071263894586681073,0.022750695982911837,-0.00086213032608233649,-0.008572113201058067,0.10178668335863925,-0.067878850631419352,0.0015101414600230821,0.014470775605376754,0.0047630884403600153,0.12975687186613641,0.0056940351277997717,0.012021158821597983
303,0.53125,0.96875,0.00298641279185957,-0.0191431723402542,0.019374718284714643,0.022870852580746621,-0.030651529741636166,-0.01988443978888705,0.011508357401381966,0.013237593030931935,-0.068560075539192508,-0.0064902874430199731,-0.013021522290324772,0.011281952254621848,0.058938274194040075,-0.0068380996800679779,-0.012686425442279487
304,0.46875,0.96875,-0.020874298604823319,-0.00050003395571276759,0.020880286784433651,-0.033809348179493943,0.0190879397653951,0.012935049574670624,-0.019587973721107866,-0.041337587810008646,-0.011793945204012266,-0.011938613419135973,-0.0083158513381898606,0.011871540384210609,0.029604000273183669,-0.011753578566624354,-0.0077334498291793691
305,0.21875,0.21875,-0.043156730727340657,0.23340429637049817,0.23736063062622567,-0.082478287804900283,0.25000268103780487,0.039321557077559625,-0.016598384667306704,-0.07653154183048573,0.23251933279777753,-0.038923533758355049,0.21487269427273736,0.019008951388437018,0.041542341320475407,-0.038796977859520146,0.21440792846579371
306,0.28125,0.28125,-0.26257004084691299,0.30924398585423185,0.40567828280222484,-0.29947490027395829,0.28083774880016854,0.0369048594270453,0.02840623705406331,-0.26497412508297613,0.26574581268995368,-0.26853519695262396,0.33261511087369688,0.024120376697741794,0.066964052091007448,-0.26760517192109728,0.33245565896006596
307,0.28125,0.21875,-0.1762312401766194,0.23166190144452628,0.29107505319948446,-0.13208988228338747,0.25237610413519884,-0.044141357893231925,-0.020714202690672562,-0.12605995478142312,0.23258363906876775,-0.19192724233177225,0.23772638265786755,0.016826836186328437,0.066067748416785047,-0.19120395090925113,0.23742520305364698
308,0.21875,0.28125,-0.073872840226455391,0.30763607916708846,0.31638134225712888,-0.058767375587139424,0.27769673166339887,-0.015105464639315967,0.029939347503689595,-0.057665452340120507,0.25784150742405132,-0.054459901975894058,0.30063934944955178,0.020635319194535571,0.042917721691362952,-0.054210495918297893,0.30024358664952977
309,0.78125,0.21875,0.23697882581626098,-0.012529224073029973,0.23730980877562974,0.25877372898991496,-0.04884182422261988,-0.021794903173653984,0.03631260014958991,0.21015122895352845,-0.12097751951739173,0.21824944753070877,-0.0072453348303210003,0.019460449544975323,0.11402013408963241,0.21754062322333442,-0.010954617082610873
310,0.71875,0.28125,0.34136142458317903,-0.21857198966351668,0.40534101304818126,0.3186559280990377,-0.25899011123027693,0.02270549648414133,0.040418121566760251,0.22269062992087862,-0.29958515365502847,0.36814738312985196,-0.21728200173633394,0.026817002892127184,0.16712712487758499,0.36505708203127191,-0.22018417224139397
311,0.71875,0.21875,0.25307883371507373,-0.14403675547328859,0.29119663975027915,0.26725583166169309,-0.097602220644712967,-0.014176997946619363,-0.046434534828575624,0.2042792676047317,-0.16693351040665205,0.2631219773705738,-0.15529560323870398,0.015087292251753143,0.059982542258868177,0.26094849130088649,-0.1580182929052375
312,0.78125,0.28125,0.3140932235822208,-0.032753049984118855,0.31579631945849707,0.28245590440688662,-0.022175440330953096,0.031637319175334189,-0.010577609653165759,0.22475652457308612,-0.1215380171229042,0.30536393721610905,-0.010137317621042434,0.024241942801266708,0.13750516653023143,0.30390692662763658,-0.014362107477552052
313,0.78125,0.78125,0.2369788258162622,-0.012529224073029355,0.23730980877563093,0.25877372898991602,-0.048841824222618548,-0.021794903173653818,0.036312600149589189,0.21015122895352875,-0.12097751951739094,0.21824944753070877,-0.0072453348303210003,0.019460449544976333,0.1140201340896316,0.21754062322333378,-0.010954617082609976
314,0.71875,0.71875,0.34136142458318008,-0.21857198966351651,0.4053410130481821,0.31865592809903859,-0.25899011123027599,0.022705496484141496,0.040418121566759474,0.22269062992087907,-0.29958515365502786,0.36814738312985196,-0.21728200173633394,0.026817002892126122,0.1671271248775843,0.36505708203127157,-0.22018417224139245
315,0.78125,0.71875,0.31409322358222186,-0.032753049984118064,0.31579631945849801,0.28245590440688761,-0.022175440330951847,0.031637319175334244,-0.010577609653166217,0.22475652457308642,-0.12153801712290345,0.30536393721610905,-0.010137317621042434,0.024241942801266351,0.13750516653023065,0.30390692662763585,-0.014362107477550876
316,0.71875,0.78125,0.25307883371507506,-0.14403675547328831,0.29119663975028021,0.26725583166169431,-0.097602220644712107,-0.014176997946619252,-0.046434534828576207,0.20427926760473225,-0.16693351040665153,0.2631219773705738,-0.15529560323870398,0.015087292251752465,0.059982542258867531,0.26094849130088604,-0.15801829290523645
317,0.21875,0.78125,-0.043156730727340775,0.23340429637049875,0.23736063062622625,-0.08247828780490081,0.25000268103780565,0.039321557077560035,-0.016598384667306898,-0.076531541830485689,0.23251933279777831,-0.038923533758355049,0.21487269427273736,0.019008951388437615,0.041542341320475698,-0.038796977859521214,0.21440792846579482
318,0.28125,0.71875,-0.26257004084691327,0.3092439858542323,0.40567828280222534,-0.29947490027395873,0.28083774880016926,0.036904859427045467,0.028406237054063033,-0.26497412508297613,0.26574581268995445,-0.26853519695262396,0.33261511087369688,0.024120376697741294,0.066964052091006684,-0.26760517192109751,0.33245565896006751
319,0.21875,0.71875,-0.073872840226455849,0.30763607916708929,0.31638134225712977,-0.058767375587140042,0.27769673166339959,-0.015105464639315808,0.029939347503689706,-0.05766545234012041,0.2578415074240521,-0.054459901975894058,0.30063934944955178,0.020635319194536286,0.042917721691362168,-0.054210495918298095,0.30024358664953094
320,0.28125,0.78125,-0.1762312401766197,0.23166190144452664,0.29107505319948496,-0.13208988228338808,0.25237610413519951,-0.04414135789323162,-0.020714202690672867,-0.12605995478142334,0.23258363906876853,-0.19192724233177225,0.23772638265786755,0.01682683618632802,0.066067748416784769,-0.19120395090925277,0.23742520305364875
321,0.21875,0.03125,0.0054668421165363105,0.0062137370066374324,0.0082762848135374562,0.016431187572430932,0.00077669706979627273,-0.010964345455894621,0.0054370399368411596,0.0014183573770110754,0.01291184533961807,-0.0012214046021805454,0.0067426174431379788,0.0067091250313688301,0.0067102694540155262,-0.0012551199673198564,0.0061997712456992246
322,0.28125,0.03125,-0.014161104305776618,0.0064393444193741392,0.015556414487612817,-0.03318040690605626,0.0031501201671902471,0.01901930260027964,0.0032892242521838921,-0.048110055573926315,0.012976151610608284,-0.0060225985267210822,0.0074597568566272887,0.0082022263964012399,0.042447433983482379,-0.0056543246588156154,0.0069949693913485527
323,0.03125,0.21875,0.0042183195615058044,-0.0028317642831191445,0.0050806602797404008,0.0027594586062065036,-0.0099549915670393042,0.0014588609552993008,0.0071232272839201593,-0.002104343861782338,0.00012517864274102369,0.0066393283524568761,0.0016952988571336362,0.0051337690093826525,0.0088835286501312751,0.0064059130000332963,0.0016221239484180165
324,0.03125,0.28125,0.013712465979264506,0.0076024353057322549,0.015678926806715145,0.02647037082396736,0.017739059058554666,-0.012757904844702853,-0.010136623752822411,0.016761745628582889,0.02544735326901483,0.0092894230391648881,0.0023719791258553203,0.0068498891012612672,0.024255071567140778,0.0090363273329484069,0.0023454033954258451
325,0.78125,0.03125,0.0059470738793647188,0.0046236706013442009,0.0075329952579539549,0.00036628100635184742,0.01456609775495479,0.0055807928730128714,-0.0099424271536105897,0.050006922429657423,-0.0078578686761141148,0.0068485785821064855,-0.00022735564969595041,0.0049340821251116383,0.043827700974495287,0.0082172834585243458,-0.0019329470069093053
326,0.71875,0.03125,0.010621909412408615,-0.015005343571465459,0.018384376390379265,0.0088483836781299841,-0.034194298667138294,0.0017735257342786307,0.019188955095672835,0.044134961080860673,-0.053813859565374433,0.0082566602531631474,-0.004873112643670025,0.010404638732771344,0.060683186959297718,0.0086280380851049138,-0.006657203205445111
327,0.96875,0.21875,0.0003200984834042487,0.0027402179108157354,0.0027588507095950396,-0.0065391587074366923,0.00085268964536906657,0.0068592571908409408,0.0018875282654466688,0.074803203277614777,-0.030543595776807465,0.00071123540504739542,0.0068153402985722889,0.0040938503351572522,0.08297776694942971,0.0041243856076901911,0.0060694963637010959
328,0.96875,0.28125,0.0087827517953886387,0.014449637272955044,0.016909427737785039,0.017143016709534976,0.027519073537035851,-0.0083602649141463377,-0.013069436264080808,0.089408498897172436,-0.031104093382319929,0.00099512574272247675,0.009535690333176295,0.0092083654392691033,0.097306302843085779,0.004730596544609807,0.0081624253840997807
329,0.96875,0.78125,0.00032009848340369305,0.0027402179108163439,0.0027588507095955795,-0.0065391587074371781,0.00085268964537003542,0.0068592571908408714,0.0018875282654463085,0.07480320327761418,-0.030543595776807295,0.00071123540504739542,0.0068153402985722889,0.0040938503351567006,0.082977766949429099,0.0041243856076893575,0.0060694963637006397
330,0.96875,0.71875,0.0087827517953882467,0.014449637272955796,0.016909427737785476,0.017143016709534453,0.02751907353703674,-0.0083602649141462058,-0.013069436264080943,0.089408498897171867,-0.031104093382319807,0.00099512574272247675,0.009535690333176295,0.0092083654392691745,0.09730630284308521,0.0047305965446088919,0.0081624253840993609
331,0.78125,0.96875,0.0059470738793651334,0.004623670601345174,0.0075329952579548795,0.00036628100635264626,0.014566097754956077,0.0055807928730124872,-0.009942427153610902,0.050006922429657583,-0.0078578686761134817,0.0068485785821064855,-0.00022735564969595041,0.0049340821251125195,0.043827700974495336,0.00821728345852424,-0.0019329470069096024
332,0.71875,0.96875,0.010621909412409749,-0.015005343571464992,0.018384376390379539,0.008848383678130952,-0.034194298667137489,0.0017735257342787972,0.019188955095672498,0.044134961080861089,-0.053813859565374059,0.0082566602531631474,-0.004873112643670025,0.01040463873277115,0.060683186959297662,0.0086280380851049311,-0.0066572032054457381
333,0.03125,0.78125,0.0042183195615055971,-0.0028317642831191653,0.0050806602797402404,0.0027594586062062443,-0.0099549915670392279,0.0014588609552993528,0.0071232272839200621,-0.0021043438617825063,0.000125178642741159,0.0066393283524568761,0.0016952988571336362,0.0051337690093827687,0.0088835286501314156,0.0064059130000330032,0.0016221239484176446
334,0.03125,0.71875,0.013712465979264371,0.0076024353057321976,0.015678926806715,0.026470370823967016,0.017739059058554673,-0.012757904844702645,-0.010136623752822475,0.016761745628582778,0.025447353269014965,0.0092894230391648881,0.0023719791258553203,0.0068498891012611354,0.024255071567140876,0.0090363273329481745,0.0023454033954255532
335,0.21875,0.96875,0.0054668421165360312,0.0062137370066375642,0.0082762848135373712,0.016431187572430755,0.00077669706979620508,-0.010964345455894725,0.0054370399368413591,0.0014183573770105906,0.012911845339618234,-0.0012214046021805454,0.0067426174431379788,0.0067091250313685413,0.0067102694540154871,-0.0012551199673213069,0.0061997712456985177
336,0.28125,0.96875,-0.014161104305776931,0.0064393444193741375,0.0155564144876131,-0.03318040690605651,0.0031501201671900224,0.019019302600279578,0.0032892242521841151,-0.048110055573927051,0.012976151610608447,-0.0060225985267210822,0.0074597568566272887,0.0082022263964015504,0.042447433983483128,-0.0056543246588176901,0.0069949693913476428
337,0.46875,0.28125,-0.51305989794495643,-0.37183559739311134,0.63363409817337091,-0.51349360845144931,-0.31238650365689474,0.00043371050649287923,-0.059449093736216596,-0.48008947061760254,-0.25646532766308394,-0.53231805036062152,-0.37078659104068401,0.019286701345549474,0.12568681634214265,-0.53216798229996731,-0.36850302776938526
338,0.53125,0.28125,-0.29689954013166459,-0.55999211817057415,0.63383003190410614,-0.23802829326329361,-0.55197550841445953,-0.058871246868370974,-0.0080166097561146232,-0.26818875715896245,-0.47904527486782644,-0.28938847725906641,-0.58060271448296163,0.021936561850671207,0.10374652607921184,-0.29082624103147714,-0.57841867406756975
339,0.46875,0.21875,-0.37541307613191965,-0.27774859065290058,0.4669895687705487,-0.3461085904608785,-0.34084814832186439,-0.029304485671041158,0.063099557668963802,-0.34117530031604953,-0.28962750128426989,-0.38045789382001993,-0.26500826975240838,0.013702772060925775,0.046359774736484449,-0.38027022328929982,-0.26332538560361701
340,0.53125,0.21875,-0.22288982958868594,-0.41068877123653036,0.46727416251473247,-0.28942838970063822,-0.39058761782889562,0.066538560111952277,-0.020101153407634742,-0.28660011947510938,-0.34639363161944997,-0.20683148068937218,-0.41496786695233728,0.016618701198262417,0.10519249728578378,-0.20792565379675312,-0.41340878432506661
341,0.28125,0.46875,-0.38558417707111781,0.47872812575632961,0.6146997445889979,-0.37276220357401035,0.47358575876787973,-0.012821973497107453,0.0051423669884498868,-0.32146585533561822,0.4324173052864469,-0.40751245494280786,0.50475618064743955,0.034033939117191284,0.11241410139503512,-0.40618837896644139,0.50490120536651451
342,0.28125,0.53125,-0.38558417707111742,0.47872812575633017,0.61469974458899812,-0.3727622035740103,0.47358575876787973,-0.01282197349710712,0.0051423669884504419,-0.32146585533561828,0.43241730528644695,-0.40751245494280786,0.50475618064743955,0.03403393911719111,0.11241410139503503,-0.406188378966441,0.50490120536651506
343,0.21875,0.46875,-0.10619700809601873,0.47962963997269303,0.49124575933933617,-0.13205467888719147,0.47044474163111005,0.025857670791172738,0.009184898341582981,-0.11415718259276264,0.42451300002054454,-0.082644988820801221,0.45623173698235908,0.033198787271303987,0.044711258434251479,-0.082172228047524332,0.45600462925912499
344,0.21875,0.53125,-0.10619700809601851,0.47962963997269331,0.4912457593393364,-0.13205467888719158,0.47044474163111005,0.025857670791173071,0.0091848983415832586,-0.11415718259276258,0.4245130000205446,-0.082644988820801221,0.45623173698235908,0.033198787271304021,0.044711258434251402,-0.082172228047524276,0.4560046292591256
345,0.71875,0.46875,0.52494697994368045,-0.31625324441808644,0.61285026422198496,0.51814174214967235,-0.30438735936708161,0.006805237794008101,-0.011865885051004832,0.34351894383366782,-0.35995272180892024,0.55867776582927542,-0.32973376655009717,0.03632479034229219,0.21727057771238217,0.55384212218232098,-0.33283930872748535
346,0.71875,0.53125,0.524946979943681,-0.316253244418086,0.61285026422198519,0.51814174214967235,-0.30438735936708167,0.0068052377940086561,-0.011865885051004332,0.34351894383366788,-0.35995272180892024,0.55867776582927542,-0.32973376655009717,0.036324790342291843,0.21727057771238212,0.55384212218232098,-0.3328393087274848
347,0.78125,0.46875,0.48740990183684285,-0.040802315560448284,0.48911475275613514,0.48194171845752132,-0.067572688467757755,0.005468183379321534,0.026770372907309471,0.34558483848587529,-0.18190558527679598,0.46340148002234571,-0.015383768076461161,0.03496436577743875,0.20398597164176485,0.46051141171186039,-0.020434827230973687
348,0.78125,0.53125,0.48740990183684318,-0.040802315560448159,0.48911475275613542,0.48194171845752132,-0.067572688467757519,0.005468183379321867,0.02677037290730936,0.34558483848587523,-0.18190558527679584,0.46340148002234571,-0.015383768076461161,0.034964365777438888,0.20398597164176477,0.46051141171186027,-0.020434827230973316
349,0.53125,0.71875,-0.29689954013166592,-0.55999211817057537,0.6338300319041078,-0.23802829326329472,-0.55197550841445997,-0.058871246868371196,-0.0080166097561154004,-0.26818875715896268,-0.47904527486782655,-0.28938847725906641,-0.58060271448296163,0.021936561850670517,0.10374652607921168,-0.29082624103147758,-0.57841867406756742
350,0.46875,0.71875,-0.51305989794495699,-0.37183559739311223,0.63363409817337191,-0.51349360845145031,-0.31238650365689502,0.00043371050649332332,-0.059449093736217207,-0.48008947061760288,-0.25646532766308405,-0.53231805036062152,-0.37078659104068401,0.019286701345548968,0.1256868163421424,-0.53216798229996753,-0.3685030277693826
351,0.53125,0.78125,-0.22288982958868631,-0.41068877123653064,0.46727416251473292,-0.289428389700639,-0.39058761782889606,0.066538560111952694,-0.020101153407634575,-0.28660011947510949,-0.34639363161945025,-0.20683148068937218,-0.41496786695233728,0.016618701198262694,0.10519249728578368,-0.20792565379675451,-0.41340878432506534
352,0.46875,0.78125,-0.3754130761319206,-0.27774859065290142,0.46698956877054998,-0.34610859046087955,-0.34084814832186477,-0.029304485671041047,0.063099557668963357,-0.34117530031605009,-0.28962750128427001,-0.38045789382001993,-0.26500826975240838,0.013702772060926202,0.04635977473648404,-0.38027022328930193,-0.26332538560361557
353,0.09375,0.09375,0.0188215776116206,0.0062696539569185592,0.019838355388735286,0.020006731865058233,0.016805685667740464,-0.0011851542534376328,-0.010536031710821906,0.015600632551771014,0.022797389051842906,0.0097598602120162782,0.0090922512230633672,0.0094911420575787327,0.014897832876988785,0.0094485577971861225,0.0089568257263817185
354,0.15625,0.15625,0.010900270084037345,0.075012761835856936,0.075800595816576236,-0.0089322971222980177,0.099260060479231083,0.019832567206335361,-0.024247298643374146,-0.011073073355331562,0.098632786403639899,0.02438540564525523,0.073389577314803625,0.013582474336210258,0.043526122479928778,0.024071480630778606,0.073053694376511477
355,0.15625,0.09375,0.010293046222836763,0.028672045943965604,0.030463634372121927,0.024037528003479049,0.016184732489894865,-0.013744481780642286,0.012487313454070739,0.014910226380500708,0.025430290584253407,0.010127469702547975,0.03047932568975301,0.0018148486613501233,0.0069546759045313426,0.0097965785529979289,0.030132443741287426
356,0.09375,0.15625,0.026107843092424858,0.025720892058161984,0.036649471472400483,0.019480285014737572,0.012607502944283006,0.0066275580776872858,0.013113389113878979,0.013735992634236237,0.021168068351961059,0.023500257942131942,0.021892757106662688,0.0046318589705342554,0.0097911210182576435,0.023163706808329052,0.021759758246370359
357,0.90625,0.09375,0.0061176990355627514,0.019113162599518067,0.020068363810867632,0.016016552361931936,0.021677658283008074,-0.0098988533263691843,-0.0025644956834900076,0.053847114166946292,0.0014202558035999614,0.0075754337370935619,0.01097892104700186,0.0082638293844154598,0.047248666553013283,0.010090146977889477,0.010283735382722278
358,0.84375,0.15625,0.074431808393463458,0.019210466763560176,0.076870905640528966,0.10104905143590678,0.0033634920923050864,-0.026617243042443325,0.015846974671255089,0.11360446154280526,-0.04785505283456204,0.069060506186783832,0.03480408815289341,0.016492783738027744,0.093897271246523806,0.070585128906535982,0.03201585469013149
359,0.84375,0.09375,0.028753990117482808,0.012870379443659067,0.0315029937418662,0.01491323544138576,0.024499466084829974,0.013840754676097048,-0.011629086641170907,0.060223026034848248,-0.010148502554136169,0.028681425038560596,0.014454438585967091,0.0015857203590194011,0.040002216265507089,0.030549251456949623,0.012561436979511427
360,0.90625,0.15625,0.024488312320493189,0.028110315944092967,0.037280924113851387,0.012611422203456247,0.019928330048301402,0.011876890117036942,0.0081819858957915652,0.068488452984167364,-0.01771041158770062,0.01824049145970804,0.026435570892008046,0.0064683874727744168,0.06688591336344514,0.020865393057479361,0.024818806590776749
361,0.90625,0.90625,0.0061176990355623906,0.01911316259951875,0.020068363810868173,0.016016552361931915,0.021677658283008987,-0.0098988533263695243,-0.0025644956834902366,0.053847114166945875,0.0014202558036004037,0.0075754337370935619,0.01097892104700186,0.0082638293844161954,0.047248666553012783,0.010090146977888945,0.010283735382722026
362,0.84375,0.84375,0.074431808393463778,0.019210466763561206,0.076870905640529535,0.10104905143590731,0.0033634920923063909,-0.026617243042443534,0.015846974671254815,0.11360446154280508,-0.047855052834561304,0.069060506186783832,0.03480408815289341,0.016492783738026873,0.093897271246523084,0.070585128906535233,0.032015854690131781
363,0.90625,0.84375,0.024488312320492891,0.028110315944093817,0.037280924113851831,0.012611422203456246,0.019928330048302585,0.011876890117036645,0.0081819858957912321,0.068488452984166906,-0.017710411587700092,0.01824049145970804,0.026435570892008046,0.0064683874727743491,0.066885913363444446,0.020865393057478556,0.024818806590776669
364,0.84375,0.90625,0.028753990117482978,0.012870379443660021,0.031502993741866742,0.014913235441386187,0.024499466084831265,0.013840754676096792,-0.011629086641171243,0.060223026034848033,-0.010148502554135489,0.028681425038560596,0.014454438585967091,0.0015857203590184557,0.040002216265506499,0.03054925145694912,0.012561436979511413
365,0.09375,0.90625,0.018821577611620646,0.0062696539569184273,0.019838355388735289,0.020006731865058164,0.016805685667740627,-0.0011851542534375183,-0.010536031710822201,0.015600632551770972,0.022797389051843042,0.0097598602120162782,0.0090922512230633672,0.009491142057578816,0.014897832876988893,0.0094485577971855621,0.0089568257263812224
366,0.15625,0.84375,0.010900270084037232,0.075012761835857131,0.075800595816576416,-0.0089322971222982848,0.099260060479231499,0.019832567206335517,-0.024247298643374368,-0.011073073355331562,0.098632786403640316,0.02438540564525523,0.073389577314803625,0.013582474336210393,0.043526122479929014,0.024071480630777634,0.073053694376511713
367,0.09375,0.84375,0.026107843092424775,0.025720892058162224,0.036649471472400587,0.019480285014737399,0.012607502944283193,0.006627558077687376,0.013113389113879031,0.013735992634236169,0.021168068351961264,0.023500257942131942,0.021892757106662688,0.0046318589705344063,0.0097911210182576956,0.02316370680832848,0.02175975824637013
368,0.15625,0.90625,0.010293046222836727,0.028672045943965569,0.030463634372121882,0.0240375280034789,0.016184732489895003,-0.013744481780642174,0.012487313454070566,0.014910226380500534,0.025430290584253622,0.010127469702547975,0.03047932568975301,0.0018148486613501545,0.0069546759045310668,0.0097965785529968742,0.030132443741287224
369,0.40625,0.40625,-0.83493117107721271,-0.076671419083933268,0.83844413465699075,-0.81134178735526774,-0.09810653717901191,-0.023589383721944968,0.021435118095078642,-0.7211943870079065,-0.043630190841156075,-0.86153116067977453,-0.093763904321951141,0.031618230476550331,0.14902281460234054,-0.86006848883741693,-0.091429904460804762
370,0.34375,0.34375,-0.6323935874130806,0.23809271322638076,0.67572907995193254,-0.65992213452947202,0.19176526376632197,0.027528547116391411,0.046327449460058789,-0.57640082311280272,0.19831222608016835,-0.61277653845251201,0.25302639804757654,0.024654483410936817,0.065702612433256244,-0.61116512255597366,0.25386845827697085
371,0.40625,0.34375,-0.7357327420172598,-0.058767729384284831,0.73807608936560209,-0.73126170392196899,-0.0059761537193657871,-0.0044710380952908135,-0.052791575664919044,-0.6481059382910116,0.024241845962489128,-0.75353086044736761,-0.082009796891010095,0.029273993947517951,0.14967907609529554,-0.75218752123288235,-0.080010587271380385
372,0.34375,0.40625,-0.7143325923563012,0.26494266974068759,0.76188297707180508,-0.68435123562948941,0.25601460042222568,-0.029981356726811792,0.0089280693184619064,-0.59523139986368345,0.25386939027899941,-0.70060313402015162,0.28929157096914593,0.027952942908346653,0.11116624147638882,-0.69882623553097145,0.29034060372504322
373,0.59375,0.40625,0.039570707284937959,-0.83710372742091765,0.83803847843462664,0.01505415820919917,-0.81687355145170648,0.024516549075738789,-0.020230175969211173,-0.08549224663198611,-0.71137003245538355,0.03258672102955313,-0.86600560979042029,0.029733732838578674,0.19456311156474385,0.028629373395690227,-0.86412435159023659
374,0.65625,0.34375,0.32257669451730997,-0.59340896303476653,0.67541833055944733,0.28069564876327502,-0.62708136893066613,0.041881045754034951,0.033672405895899593,0.15122266444485583,-0.58367795524747235,0.33949276058374589,-0.56944017218492848,0.029336943023554874,0.18880768937382547,0.33509368646767723,-0.57011327460053762
375,0.59375,0.34375,0.043606962458207374,-0.73655916127869414,0.73784887696492762,0.095134241642497924,-0.72474316799206029,-0.05152727918429055,-0.011815993286633852,-0.012403797915091219,-0.64349799565173837,0.028501696812896205,-0.75744439908909533,0.025775224705372201,0.12106627257519048,0.024983980004398717,-0.75593485633837842
376,0.65625,0.40625,0.36029610259818501,-0.67058599189441981,0.7612482210635797,0.34719092011348662,-0.64221378497626769,0.013105182484698386,-0.028372206918152121,0.19149876908245222,-0.60380047796543623,0.38815078110331053,-0.6510555548964656,0.034019422157863882,0.20224998424625229,0.38316698492591211,-0.65155011761514547
377,0.59375,0.59375,0.039570707284937237,-0.83710372742091821,0.8380384784346272,0.015054158209198948,-0.8168735514517067,0.024516549075738289,-0.020230175969211506,-0.085492246631986013,-0.71137003245538344,0.03258672102955313,-0.86600560979042029,0.029733732838577963,0.19456311156474387,0.028629373395690539,-0.8641243515902346
378,0.65625,0.65625,0.32257669451731047,-0.59340896303476698,0.67541833055944789,0.28069564876327513,-0.62708136893066602,0.04188104575403534,0.033672405895899038,0.15122266444485605,-0.58367795524747201,0.33949276058374589,-0.56944017218492848,0.02933694302355495,0.18880768937382522,0.33509368646767695,-0.57011327460053562
379,0.65625,0.59375,0.36029610259818523,-0.67058599189442114,0.76124822106358103,0.3471909201134864,-0.64221378497626791,0.01310518248469883,-0.028372206918153231,0.19149876908245231,-0.60380047796543612,0.38815078110331053,-0.6510555548964656,0.034019422157864465,0.20224998424625223,0.38316698492591195,-0.6515501176151437
380,0.59375,0.65625,0.043606962458207062,-0.73655916127869592,0.7378488769649294,0.095134241642497355,-0.72474316799206062,-0.051527279184290294,-0.011815993286635296,-0.012403797915091219,-0.64349799565173826,0.028501696812896205,-0.75744439908909533,0.025775224705370577,0.12106627257519059,0.024983980004398779,-0.7559348563383762
381,0.40625,0.59375,-0.83493117107721249,-0.076671419083933393,0.83844413465699053,-0.81134178735526774,-0.098106537179011924,-0.023589383721944746,0.021435118095078531,-0.7211943870079065,-0.043630190841155866,-0.86153116067977453,-0.093763904321951141,0.031618230476550449,0.14902281460234063,-0.86006848883741527,-0.091429904460802985
382,0.34375,0.65625,-0.63239358741308171,0.23809271322638129,0.67572907995193376,-0.65992213452947224,0.19176526376632219,0.027528547116390523,0.046327449460059095,-0.57640082311280272,0.1983122260801688,-0.61277653845251201,0.25302639804757654,0.024654483410937379,0.065702612433255869,-0.61116512255597211,0.2538684582769728
383,0.34375,0.59375,-0.71433259235630064,0.2649426697406877,0.76188297707180463,-0.68435123562948941,0.25601460042222568,-0.029981356726811237,0.0089280693184620175,-0.59523139986368345,0.25386939027899963,-0.70060313402015162,0.28929157096914593,0.027952942908346282,0.11116624147638875,-0.69882623553096979,0.29034060372504461
384,0.40625,0.65625,-0.7357327420172608,-0.058767729384284782,0.73807608936560309,-0.73126170392196932,-0.0059761537193658842,-0.0044710380952914797,-0.052791575664918898,-0.64810593829101171,0.024241845962489281,-0.75353086044736761,-0.082009796891010095,0.029273993947517382,0.1496790760952956,-0.75218752123288024,-0.080010587271377762
385,0.40625,0.09375,-0.11465441123204773,-0.0093779468840422715,0.11503729787650364,-0.12500690252312849,0.028617608314812044,0.010352491291080762,-0.037995555198854315,-0.13141752321767214,0.01736651045901744,-0.10688471135709836,-0.011632693402823325,0.0080902483281258732,0.037984374187380134,-0.10615497806248758,-0.011210905328106492
386,0.34375,0.15625,-0.20217003498900241,0.079837242861879806,0.21736307965071078,-0.15776708055775959,0.106380329771413,-0.044402954431242814,-0.026543086909533192,-0.15965831220814375,0.098825705216610549,-0.20928866425473722,0.086419034583630039,0.0096950948882141442,0.051157573441906579,-0.20836478262719199,0.08646334269475324
387,0.34375,0.09375,-0.095727426305110636,0.044528837093692673,0.10557725834627933,-0.12479725543198253,0.023305001782076788,0.029069829126871893,0.021223835311615886,-0.13367501247231148,0.02562320939722405,-0.086919390932461232,0.035890571893744623,0.012336981510502342,0.047869686422752605,-0.086169310324659437,0.035778078625450918
388,0.40625,0.15625,-0.24356095986284421,-0.033598317096933387,0.24586741972261411,-0.22910664995025659,-0.091361087714274772,-0.014454309912587615,0.057762770617341384,-0.23136342738635257,-0.075244674901068676,-0.25736211712024276,-0.02800975522082905,0.014889726843917978,0.053917246823978096,-0.25650020090178516,-0.027310782263018703
389,0.59375,0.09375,0.0063849832783578267,-0.11545872414613534,0.11563513736282015,0.045033699757592201,-0.12060080020628157,-0.038648716479234374,0.0051420760601462306,0.032308019305148393,-0.15293188054652285,0.0040428279675570429,-0.10743982790250112,0.0083539444854561582,0.053557892930147032,0.0029919676238451365,-0.10760052696303969
390,0.65625,0.15625,0.10666309316839384,-0.19052381118049538,0.21834911969364687,0.12649535945124118,-0.14291769717397415,-0.019832266282847344,-0.047606114006521233,0.095988577496415012,-0.18572302550234299,0.11595089225536945,-0.19448749345159053,0.010098217121166432,0.021801603357756914,0.11409089940445641,-0.19568468858181504
391,0.65625,0.09375,0.057411377930206439,-0.090097470519765868,0.10683454736135252,0.040359543456720166,-0.12178172318144927,0.017051834473486273,0.031684252661683399,0.042607141988457997,-0.1480164752219171,0.048155407598402818,-0.080772336786561788,0.01313891570584763,0.067472641901675429,0.047086763864701266,-0.082007409586506069
392,0.59375,0.15625,5.3116443683701057e-05,-0.24662809118036066,0.24662809690022117,-0.059066047669535895,-0.2405794962353684,0.059119164113219595,-0.0060485949449922694,-0.067637884863532019,-0.24554306590660896,0.0097345144284221308,-0.25869875327296643,0.015473537097017188,0.078482866170106996,0.0081179887366811618,-0.25855921513078506
393,0.09375,0.40625,0.10167154136101181,0.090320784448769453,0.13599612651162168,0.089869666332759959,0.092012683228906406,0.011801875028251849,-0.0016918987801369523,0.069120059825984043,0.095254619460599974,0.078668161140824561,0.073286980429101992,0.028623521462862345,0.023952941433916897,0.07832825064502387,0.073360858776883614
394,0.15625,0.34375,0.049119661605726013,0.19928530320092414,0.20524953892310038,0.062200439530984551,0.182342212356013,-0.013080777925258538,0.016943090844911135,0.045525195115764111,0.17459931028246131,0.071398059294181859,0.21487743402442996,0.027192674513227186,0.047872041453944608,0.071211139506084584,0.21468505734793544
395,0.09375,0.34375,0.096096392978800585,0.07533945143646302,0.12210876170972845,0.090613021668020141,0.095689654821064909,0.0054833713107804438,-0.020350203384601889,0.070334261105331919,0.097134592230782468,0.068806434241432235,0.064099830560692878,0.02951391070865254,0.033070073080138089,0.068467117154426313,0.064113330272882796
396,0.15625,0.40625,0.050123211774179381,0.23483930004052866,0.24012878461793097,0.037771338430967208,0.24659154901191671,0.012351873343212173,-0.011752248971388046,0.026694618364883405,0.23015647448129239,0.081631232538347115,0.24567488188745429,0.033319141742197522,0.05708636041356669,0.081470147813169899,0.24553737080326019
397,0.09375,0.59375,0.10167154136101178,0.090320784448769481,0.13599612651162168,0.089869666332759612,0.092012683228906378,0.011801875028252168,-0.0016918987801368968,0.069120059825984195,0.095254619460600154,0.078668161140824561,0.073286980429101992,0.028623521462862338,0.023952941433917001,0.078328250645023828,0.073360858776883489
398,0.15625,0.65625,0.049119661605725659,0.19928530320092408,0.20524953892310024,0.062200439530984038,0.18234221235601319,-0.013080777925258379,0.016943090844910885,0.045525195115764278,0.17459931028246173,0.071398059294181859,0.21487743402442996,0.027192674513227506,0.047872041453944171,0.071211139506084722,0.2146850573479358
399,0.09375,0.65625,0.096096392978800266,0.075339451436462951,0.12210876170972815,0.090613021668019725,0.095689654821064896,0.005483371310780541,-0.020350203384601945,0.070334261105332016,0.097134592230782676,0.068806434241432235,0.064099830560692878,0.029513910708652221,0.033070073080138304,0.068467117154426188,0.064113330272882713
400,0.15625,0.59375,0.050123211774178909,0.2348393000405288,0.240128784617931,0.037771338430966861,0.24659154901191668,0.012351873343212048,-0.01175224897138788,0.026694618364883557,0.23015647448129256,0.081631232538347115,0.24567488188745429,0.033319141742197918,0.057086360413566496,0.081470147813170052,0.2455373708032601
401,0.90625,0.40625,0.077027115245171932,0.10966553798525495,0.13401383027355199,0.080319072704082284,0.098338022538593667,-0.0032919574589103523,0.011327515446661288,0.11643040132999598,-0.031650156820604528,0.061060858352007016,0.088494252101537385,0.026516875855738267,0.1322893241529422,0.063551677867575027,0.084222336807425371
402,0.84375,0.34375,0.19052290721324622,0.072893275870124258,0.20399119549643624,0.17209557768682179,0.083362643767305428,0.018427329526424424,-0.01046936789718117,0.15742034840147823,-0.049536545651099433,0.20220234132416859,0.10190293267086668,0.031272501800275562,0.15792195061028449,0.2025136740171089,0.096986144841363087
403,0.90625,0.34375,0.063068157153140431,0.10257607078095825,0.12041363188424048,0.083657948454371245,0.09992748172330175,-0.020589791301230814,0.0026485890576564974,0.11230433984284034,-0.019391904404238006,0.053406357464004434,0.077400740651217631,0.026965674854792974,0.11330396491354169,0.055959951594843654,0.07356220399144589
404,0.84375,0.40625,0.2252388343363774,0.078546817222933829,0.23854168396542991,0.23859084903703337,0.068230227721703882,-0.013352014700655973,0.010316589501229947,0.19769645303907463,-0.069659068369063354,0.23118312328940988,0.11650823671439639,0.038424002146626238,0.18915502257802372,0.23119728048527072,0.11118171105048051
405,0.90625,0.59375,0.077027115245171682,0.1096655379852558,0.13401383027355251,0.080319072704082353,0.098338022538594402,-0.0032919574589106715,0.011327515446661399,0.11643040132999577,-0.031650156820604139,0.061060858352007016,0.088494252101537385,0.026516875855738791,0.13228932415294178,0.063551677867574374,0.08422233680742551
406,0.84375,0.65625,0.19052290721324641,0.072893275870125354,0.20399119549643679,0.17209557768682221,0.08336264376730651,0.018427329526424202,-0.010469367897181156,0.15742034840147817,-0.049536545651098843,0.20220234132416859,0.10190293267086668,0.031272501800274473,0.15792195061028394,0.20251367401710804,0.096986144841363753
407,0.90625,0.65625,0.06306815715314032,0.10257607078095878,0.12041363188424087,0.083657948454371134,0.099927481723302694,-0.020589791301230814,0.0026485890576560811,0.11230433984283998,-0.019391904404237624,0.053406357464004434,0.077400740651217631,0.026965674854793429,0.11330396491354118,0.0559599515948426,0.07356220399144596
408,0.84375,0.59375,0.22523883433637804,0.078546817222934218,0.23854168396543063,0.23859084903703343,0.068230227721704617,-0.01335201470065539,0.010316589501229601,0.19769645303907443,-0.069659068369062979,0.23118312328940988,0.11650823671439639,0.038424002146625752,0.18915502257802339,0.23119728048527016,0.11118171105048105
409,0.59375,0.90625,0.0063849832783584113,-0.11545872414613627,0.11563513736282111,0.045033699757592992,-0.1206008002062823,-0.038648716479234582,0.0051420760601460364,0.032308019305148823,-0.15293188054652337,0.0040428279675570429,-0.10743982790250112,0.0083539444854572147,0.053557892930147705,0.0029919676238440414,-0.10760052696304084
410,0.65625,0.84375,0.10666309316839494,-0.19052381118049569,0.21834911969364768,0.12649535945124221,-0.14291769717397429,-0.019832266282847275,-0.047606114006521399,0.095988577496415595,-0.18572302550234304,0.11595089225536945,-0.19448749345159053,0.010098217121165303,0.021801603357756355,0.11409089940445576,-0.19568468858181498
411,0.65625,0.90625,0.057411377930207619,-0.090097470519766257,0.10683454736135348,0.040359543456721103,-0.12178172318144942,0.017051834473486516,0.031684252661683163,0.042607141988458538,-0.14801647522191724,0.048155407598402818,-0.080772336786561788,0.013138915705848736,0.067472641901675526,0.047086763864700801,-0.082007409586506846
412,0.59375,0.84375,5.3116443684101365e-05,-0.24662809118036153,0.24662809690022203,-0.059066047669535555,-0.24057949623536895,0.059119164113219658,-0.0060485949449925747,-0.067637884863531672,-0.24554306590660929,0.0097345144284221308,-0.25869875327296643,0.015473537097016267,0.078482866170106594,0.0081179887366799285,-0.25855921513078539
413,0.40625,0.90625,-0.11465441123204827,-0.0093779468840428717,0.11503729787650423,-0.12500690252312868,0.028617608314811485,0.010352491291080415,-0.037995555198854357,-0.13141752321767292,0.017366510459017357,-0.10688471135709836,-0.011632693402823325,0.0080902483281262271,0.037984374187380571,-0.10615497806249061,-0.011210905328107009
414,0.34375,0.84375,-0.20217003498900293,0.079837242861879848,0.21736307965071128,-0.15776708055776006,0.10638032977141296,-0.044402954431242869,-0.026543086909533109,-0.15965831220814447,0.098825705216610951,-0.20928866425473722,0.086419034583630039,0.0096950948882137278,0.051157573441905975,-0.20836478262719499,0.086463342694754419
415,0.34375,0.90625,-0.095727426305111066,0.044528837093692555,0.10557725834627966,-0.12479725543198289,0.023305001782076458,0.029069829126871824,0.021223835311616097,-0.13367501247231239,0.025623209397224261,-0.086919390932461232,0.035890571893744623,0.012336981510502566,0.047869686422753459,-0.086169310324662324,0.035778078625450835
416,0.40625,0.84375,-0.24356095986284509,-0.033598317096933589,0.24586741972261503,-0.22910664995025726,-0.091361087714275147,-0.014454309912587837,0.057762770617341558,-0.2313634273863534,-0.075244674901068551,-0.25736211712024276,-0.02800975522082905,0.01488972684391723,0.053917246823977583,-0.25650020090178838,-0.027310782263017939
417,0.09375,0.03125,0.0032180615688384901,-0.0014646314173466732,0.0035356845800373891,0.0054797377094774908,0.0030869749417177851,-0.0022616761406390007,-0.0045516063590644584,0.0069542048705403571,0.0096382552468902843,0.0012391631211187268,0.0011543999769274536,0.0032825850347829779,0.010229247403367871,0.00098644928933149401,0.0010059649311535866
418,0.15625,0.03125,0.0041521312528627254,0.0047536688641481271,0.006311700373985661,0.0095105338478983087,0.0024660217638721852,-0.0053584025950355833,0.0022876471002759419,0.0062637986992700491,0.012271156779300789,0.0012858367530913732,0.0038698152976420455,0.0029994735015407329,0.0097653798609702285,0.0010078403217758118,0.0035033187160156127
419,0.03125,0.09375,0.003125429453427865,-0.00064044904663225174,0.003190373684960206,0.005032927413287187,0.0031045561913928326,-0.001907497959859322,-0.0037450052380250845,0.0034847976434785721,0.007933883386153133,0.0016409167771345664,0.00041899484243737123,0.001823787059983281,0.0077377933853095306,0.0014825363342918661,0.00033687366937701612
420,0.03125,0.15625,0.0056791707462807541,0.0010157488521864342,0.0057692916459587268,0.0045064805629665295,-0.0010936265320646251,0.0011726901833142246,0.0021093753842510591,0.0016201577259437943,0.0063045626862712869,0.0039510778521967861,0.001008875809673813,0.0017281065619043532,0.0057859733951979055,0.0037457571335869832,0.00091794004538639615
421,0.90625,0.03125,0.00090745358772124798,0.0033238463155857937,0.0034454936284226997,0.0045672842614505743,0.00631497114425614,-0.0036598306737293264,-0.0029911248286703463,0.038522535118261966,0.014789801279297132,0.00096181686105785609,0.001393941488461988,0.001930670351780344,0.039878021710370491,0.003251069879467129,0.0016738825675085946
422,0.84375,0.03125,0.0057752222471943639,0.0043167496513754691,0.0072102371359851229,0.0034639673409043981,0.0091367789460780439,0.0023112549062899658,-0.0048200292947025748,0.044898446986163916,0.0032210429215610015,0.0036415443865843219,0.0018352114521223905,0.0032727072962930336,0.041280171280808464,0.005775218493519297,0.00091127994252848872
423,0.96875,0.09375,0.0012862283461560534,0.0040918018905173196,0.0042891987677999314,0.0047260814870479801,0.0062286674886823179,-0.0034398531408919267,-0.0021368655981649984,0.048757481450350193,0.011753215265571864,0.00017578255610787709,0.0016844183092210173,0.0026511479702443484,0.0496141324583938,0.0026257120165780303,0.0023741644212512242
424,0.96875,0.15625,0.0032190412030939468,0.005614357509513496,0.0064717259299082739,0.0013209513285722908,0.0044793392539756467,0.001898089874521656,0.0011350182555378494,0.063398820267571265,-0.0073774521257287161,0.00042325764104453166,0.0040558229205381211,0.0032008492296355289,0.064005009697766457,0.0034123668203271422,0.0040097976221237126
425,0.96875,0.90625,0.0012862283461553912,0.0040918018905176691,0.0042891987678000659,0.004726081487047412,0.0062286674886827395,-0.0034398531408920208,-0.0021368655981650704,0.048757481450349693,0.011753215265571923,0.00017578255610787709,0.0016844183092210173,0.0026511479702443883,0.049614132458393322,0.0026257120165776634,0.0023741644212507073
426,0.96875,0.84375,0.0032190412030932481,0.0056143575095141526,0.0064717259299084959,0.0013209513285717409,0.0044793392539763371,0.0018980898745215072,0.0011350182555378155,0.063398820267570724,-0.0073774521257285756,0.00042325764104453166,0.0040558229205381211,0.0032008492296352383,0.064005009697765902,0.003412366820326512,0.0040097976221232087
427,0.90625,0.96875,0.00090745358772075023,0.0033238463155863714,0.003445493628423126,0.0045672842614501788,0.0063149711442568425,-0.0036598306737294284,-0.0029911248286704712,0.038522535118261536,0.014789801279297403,0.00096181686105785609,0.001393941488461988,0.0019306703517809355,0.039878021710370172,0.0032510698794668796,0.0016738825675082281
428,0.84375,0.96875,0.005775222247194272,0.0043167496513762636,0.0072102371359855253,0.0034639673409044493,0.0091367789460791212,0.0023112549062898227,-0.0048200292947028576,0.044898446986163694,0.0032210429215615089,0.0036415443865843219,0.0018352114521223905,0.0032727072962935762,0.041280171280808256,0.0057752184935190454,0.00091127994252824466
429,0.03125,0.90625,0.0031254294534279899,-0.00064044904663232611,0.003190373684960343,0.0050329274132872,0.0031045561913928721,-0.0019074979598592101,-0.0037450052380251981,0.0034847976434784545,0.0079338833861531417,0.0016409167771345664,0.00041899484243737123,0.0018237870599834259,0.0077377933853095106,0.0014825363342916634,0.00033687366937638024
430,0.03125,0.84375,0.00567917074628065,0.0010157488521863479,0.0057692916459586088,0.0045064805629664324,-0.0010936265320645633,0.0011726901833142176,0.0021093753842509112,0.0016201577259436512,0.0063045626862713684,0.0039510778521967861,0.001008875809673813,0.0017281065619042489,0.0057859733951980373,0.0037457571335866731,0.00091794004538588755
431,0.09375,0.96875,0.0032180615688385235,-0.0014646314173467471,0.0035356845800374502,0.0054797377094775394,0.0030869749417179147,-0.0022616761406390158,-0.0045516063590646614,0.0069542048705402253,0.0096382552468903017,0.0012391631211187268,0.0011543999769274536,0.0032825850347830573,0.010229247403367812,0.00098644928933115227,0.0010059649311528827
432,0.15625,0.96875,0.0041521312528625606,0.0047536688641481887,0.0063117003739855985,0.009510533847898274,0.0024660217638722906,-0.0053584025950357134,0.0022876471002758981,0.0062637986992697871,0.012271156779300886,0.0012858367530913732,0.0038698152976420455,0.0029994735015405937,0.0097653798609701782,0.0010078403217749846,0.0035033187160149345
433,0.46875,0.40625,-0.73886331104385738,-0.52792989821763425,0.90809083787844358,-0.69569123029338753,-0.52200665231504828,-0.043172080750469854,-0.0059232459025859718,-0.62715465447678476,-0.39015127431372665,-0.75792181694908078,-0.52793108667182642,0.019058505942278335,0.18995611986584968,-0.75782015893892185,-0.52464171431587892
434,0.53125,0.40625,-0.42001805976144868,-0.80515008642083763,0.9081199437239853,-0.42022591510523183,-0.76159565707261312,0.00020785534378314763,-0.04355442934822451,-0.41525394101814472,-0.61273122151846915,-0.41203532425723782,-0.82667019085371907,0.022952972812520643,0.2139631792951362,-0.414003503559432,-0.82343008730045586
435,0.46875,0.34375,-0.64743025118360598,-0.45858934423008041,0.79339152805474444,-0.61561114686008866,-0.4298762688554022,-0.031819104323517311,-0.02871307537467821,-0.55406620575988996,-0.32227923751008147,-0.66290983419200278,-0.46175040921659638,0.015799044969960183,0.17691563861755127,-0.66278877000747016,-0.45890022548530157
436,0.53125,0.34375,-0.36405363800778562,-0.70501780061245256,0.79346401968023961,-0.34014583167193307,-0.66946527361296704,-0.023907806335852544,-0.035552526999485523,-0.34216549230124982,-0.54485918471482397,-0.36038317195316211,-0.72304001137775242,0.018392183174572661,0.17910971733042363,-0.36212496928146232,-0.72026238324875613
437,0.40625,0.46875,-0.89720826558738109,-0.093744187096925655,0.90209237024418953,-0.84967995873341118,-0.096801428489698693,-0.047528306853969915,0.0030572413927730385,-0.72672182629365523,-0.056836460802961092,-0.91824261540432295,-0.099936040232340692,0.021926762585298153,0.19631043377406679,-0.9167155372406629,-0.09741975653433671
438,0.40625,0.53125,-0.8972082655873812,-0.093744187096925377,0.90209237024418965,-0.84967995873341118,-0.096801428489698721,-0.047528306853970026,0.0030572413927733438,-0.72672182629365523,-0.056836460802961009,-0.91824261540432295,-0.099936040232340692,0.021926762585298125,0.19631043377406682,-0.91671553724066224,-0.097419756534336058
439,0.34375,0.46875,-0.74769792749439412,0.28903041123905521,0.80161759549078615,-0.72268940700763273,0.2573197091115389,-0.025008520486761388,0.03171070212751631,-0.60075883914943218,0.24066312031719439,-0.7467212835755439,0.30833458018109977,0.019328858525200734,0.16088648688736387,-0.74485577151997084,0.30949652709532699
440,0.34375,0.53125,-0.74769792749439445,0.28903041123905565,0.80161759549078659,-0.72268940700763262,0.2573197091115389,-0.025008520486761832,0.031710702127516754,-0.60075883914943229,0.24066312031719445,-0.7467212835755439,0.30833458018109977,0.019328858525200308,0.16088648688736376,-0.74485577151996984,0.30949652709532738
441,0.59375,0.46875,0.031336093341882705,-0.90108936778612103,0.90163407182909994,0.021616620117107646,-0.85453188193685081,0.009719473224775059,-0.046557485849270219,-0.10333975359366826,-0.71671796662519105,0.03473178604708637,-0.92301160118379377,0.022183666200387427,0.24823539980866308,0.030539403320338013,-0.9209255364629827
442,0.59375,0.53125,0.031336093341882046,-0.90108936778612114,0.90163407182909994,0.021616620117107563,-0.85453188193685103,0.0097194732247744831,-0.046557485849270108,-0.10333975359366823,-0.71671796662519105,0.03473178604708637,-0.92301160118379377,0.022183666200387416,0.24823539980866308,0.030539403320338148,-0.92092553646298159
443,0.65625,0.46875,0.38856755004197985,-0.7000886379199639,0.80069272626286347,0.35375338202139506,-0.67987211546141213,0.03481416802058479,-0.020216522458551767,0.17365126212077003,-0.60914841213524373,0.41370133162718237,-0.69391216799394639,0.025881571774520648,0.25457598114768631,0.40840475893675665,-0.69430488838180981
444,0.65625,0.53125,0.38856755004198018,-0.70008863791996379,0.80069272626286359,0.353753382021395,-0.67987211546141224,0.034814168020585179,-0.020216522458551545,0.17365126212077009,-0.60914841213524373,0.41370133162718237,-0.69391216799394639,0.025881571774520298,0.25457598114768626,0.40840475893675676,-0.69430488838180893
445,0.53125,0.59375,-0.42001805976144968,-0.80515008642083907,0.90811994372398697,-0.42022591510523294,-0.76159565707261423,0.00020785534378325865,-0.043554429348224843,-0.41525394101814472,-0.61273122151846904,-0.41203532425723782,-0.82667019085371907,0.02295297281251964,0.21396317929513631,-0.41400350355943094,-0.8234300873004532
446,0.46875,0.59375,-0.73886331104385838,-0.5279298982176357,0.90809083787844513,-0.69569123029338853,-0.52200665231504928,-0.043172080750469854,-0.0059232459025864159,-0.62715465447678498,-0.39015127431372654,-0.75792181694908078,-0.52793108667182642,0.019058505942277336,0.18995611986584959,-0.75782015893892063,-0.52464171431587681
447,0.53125,0.65625,-0.36405363800778701,-0.70501780061245334,0.79346401968024094,-0.34014583167193457,-0.66946527361296826,-0.023907806335852433,-0.035552526999485079,-0.34216549230124998,-0.54485918471482386,-0.36038317195316211,-0.72304001137775242,0.018392183174572179,0.17910971733042372,-0.36212496928146176,-0.72026238324875336
448,0.46875,0.65625,-0.64743025118360686,-0.45858934423008157,0.79339152805474578,-0.61561114686009011,-0.42987626885540331,-0.031819104323516756,-0.028713075374678265,-0.55406620575989018,-0.32227923751008142,-0.66290983419200278,-0.46175040921659638,0.01579904496995908,0.17691563861755119,-0.66278877000746927,-0.45890022548529852
449,0.40625,0.03125,-0.019790678540015906,-0.00088569494827777772,0.019810487440132585,-0.032592989014512443,0.011428031278036606,0.012802310474496537,-0.012313726226314384,-0.063091053022200583,-0.0019319475876139478,-0.013570644419893186,-0.0014769478610269803,0.006248072059629693,0.049522498855476535,-0.012971207618400395,-0.0011178934618032133
450,0.34375,0.03125,-0.014134010780297815,0.0095365936418222719,0.01705042166712659,-0.032383341923366477,0.0061154247453013497,0.018249331143068662,0.0034211688965209222,-0.065348542276839922,0.0063247513505926643,-0.011035742460839642,0.0045568555410078716,0.005864900521923691,0.054341564933726993,-0.010379705697433021,0.0044594715836523647
451,0.59375,0.03125,0.0016511872602069713,-0.020241070510651958,0.0203083075312901,0.01518600367629527,-0.031639834926883714,-0.013534816416088299,0.011398764416231756,0.033697995799199743,-0.077912010034834833,0.00051329867575932331,-0.013641124932527888,0.0066973182741165696,0.072332363399853147,-0.00012003750829040292,-0.01400676268786223
452,0.65625,0.03125,0.011378411992019539,-0.014498761027752315,0.018430472885957196,0.010511847375423237,-0.032820757902051412,0.00086656461659630202,0.018321996874299099,0.043997118482509354,-0.07299660471022909,0.0061140635093229105,-0.010255280175965898,0.0067616931819440215,0.073291197687138404,0.0057184609226527787,-0.011475185944173502
453,0.46875,0.09375,-0.098706913412097794,-0.064871575290082029,0.11811594319125658,-0.10293391384051709,-0.060694072173900049,0.0042270004284192947,-0.0041775031161819798,-0.11340354538712227,-0.076387144386304687,-0.094030556679958563,-0.065497064285909526,0.004718002625065526,0.022224008100271097,-0.093782674478638653,-0.064735951139522824
454,0.53125,0.09375,-0.050770921623142111,-0.10659838717941059,0.11807159959835713,-0.04625371308027685,-0.11043354168093125,-0.0045172085428652614,0.0038351545015206656,-0.058828364546182094,-0.13315327472148478,-0.05111861150490965,-0.10255973175386909,0.0040535941952962269,0.031550042207083601,-0.051601512020009607,-0.1019692933657818
455,0.46875,0.15625,-0.22071108908693657,-0.15946925926530911,0.2722936457146366,-0.20703366126764516,-0.18067276820298686,-0.013677427819291404,0.021203508937677751,-0.21334944955580268,-0.16899832974639079,-0.22641126905697515,-0.15770696216286181,0.0059663843966109931,0.01726574963873791,-0.22618351690483984,-0.1565602831610812
456,0.53125,0.15625,-0.1274828998232504,-0.24089725691232344,0.27254977184952267,-0.15035346050740495,-0.23041223771001806,0.022870560684154551,-0.010485019202305379,-0.1587742687148625,-0.22576446008157089,-0.12308583626330802,-0.24694822449653378,0.0074798647484655371,0.041502000983540718,-0.12384300634694456,-0.24594513431942558
457,0.03125,0.40625,0.021997583442916514,0.0088205278273672406,0.023700113680770279,0.024565936795970852,0.017266747031325337,-0.0025683533530543382,-0.0084462192039580965,0.018286645360931966,0.03975235071295212,0.013226409255674827,0.0033772567501997065,0.010322920935591024,0.036725378830449323,0.012941036544986535,0.0034676674843255543
458,0.03125,0.34375,0.020162538725728679,0.0079719072477204469,0.02168131160775949,0.025309292131231037,0.020943718623483855,-0.0051467534055023578,-0.012971811375763408,0.019500846640279835,0.041632323483134621,0.011568365721320861,0.0029538887286696481,0.0099519002952817449,0.039483484757364719,0.01129788198913257,0.002988498223100715
459,0.03125,0.59375,0.02199758344291626,0.0088205278273670116,0.02370011368076996,0.02456593679597073,0.017266747031325181,-0.00256835335305447,-0.0084462192039581694,0.018286645360931986,0.039752350712952259,0.013226409255674827,0.0033772567501997065,0.010322920935590689,0.036725378830449462,0.012941036544986413,0.0034676674843253162
460,0.03125,0.65625,0.020162538725728218,0.0079719072477202647,0.021681311607758994,0.025309292131230843,0.020943718623483702,-0.005146753405502625,-0.012971811375763437,0.019500846640279804,0.041632323483134788,0.011568365721320861,0.0029538887286696481,0.0099519002952812539,0.039483484757364878,0.0112978819891324,0.0029884982231004539
461,0.09375,0.46875,0.097610316957775015,0.087225139580388092,0.13090454137047913,0.090692493501420793,0.10180435103461163,0.0069178234563542218,-0.014579211454223542,0.058279157771896122,0.108521602866267,0.08384659932439667,0.078111195108956991,0.016507692355980576,0.039730177038447639,0.083505618109063776,0.078220574000922874
462,0.09375,0.53125,0.097610316957774765,0.087225139580387953,0.13090454137047886,0.090692493501420668,0.10180435103461163,0.0069178234563540969,-0.014579211454223681,0.05827915777189617,0.10852160286626705,0.08384659932439667,0.078111195108956991,0.016507692355980291,0.039730177038447653,0.083505618109063748,0.078220574000922777
463,0.15625,0.46875,0.062688171919072305,0.2640376702085569,0.27137740913295971,0.038594165599628041,0.25638321681762194,0.024094006319444264,0.0076544533909349566,0.015853716310795483,0.2434234578869594,0.087004718907145201,0.2618467635059043,0.024415047196409124,0.073497505810706326,0.086856434948724151,0.26174137037872175
464,0.15625,0.53125,0.06268817191907218,0.26403767020855717,0.27137740913295999,0.03859416559962793,0.25638321681762194,0.02409400631944425,0.0076544533909352341,0.015853716310795535,0.24342345788695946,0.087004718907145201,0.2618467635059043,0.024415047196409273,0.073497505810706271,0.086856434948724234,0.2617413703787218
465,0.96875,0.40625,0.0092175419931525785,0.021060512367643315,0.022989307549014786,0.017375699035315741,0.024857148806729769,-0.0081581570421631628,-0.0037966364390864538,0.11152147491925433,-0.04603531555782743,0.001416873822907316,0.01357704804165214,0.010809840989610353,0.12520645780670525,0.0055295038336065812,0.011319351632090968
466,0.96875,0.34375,0.0083570718119535484,0.020123063340656378,0.021789408607904372,0.020714574785604702,0.026446607991437856,-0.012357502973651154,-0.0063235446507814777,0.10739541343209871,-0.033777063141460908,0.0012392565697545818,0.011875048936232356,0.010894633331951382,0.11555624161825652,0.0052049286061814914,0.0099856312523527255
467,0.96875,0.59375,0.0092175419931521067,0.021060512367643686,0.022989307549014938,0.017375699035315453,0.0248571488067304,-0.0081581570421633467,-0.003796636439086714,0.1115214749192541,-0.046035315557827264,0.001416873822907316,0.01357704804165214,0.01080984098961027,0.12520645780670495,0.0055295038336060478,0.011319351632090765
468,0.96875,0.65625,0.0083570718119531442,0.020123063340657301,0.02178940860790507,0.020714574785604234,0.026446607991438702,-0.01235750297365109,-0.0063235446507814014,0.1073954134320983,-0.033777063141460742,0.0012392565697545818,0.011875048936232356,0.010894633331951818,0.11555624161825606,0.0052049286061806779,0.0099856312523523751
469,0.90625,0.46875,0.074274598796256572,0.10535132880380317,0.12890158457936787,0.089722496368703941,0.10042547729340101,-0.015447897572447369,0.00492585151040216,0.12785499157909802,-0.043607326593542467,0.065080271998217573,0.094319506022102775,0.014360945621928311,0.15154034635648159,0.067532822636742276,0.089823052889890703
470,0.90625,0.53125,0.074274598796256544,0.10535132880380313,0.12890158457936782,0.089722496368703955,0.10042547729340125,-0.015447897572447411,0.0049258515104018824,0.12785499157909794,-0.043607326593542342,0.065080271998217573,0.094319506022102775,0.014360945621928261,0.15154034635648142,0.067532822636742013,0.089823052889890745
471,0.84375,0.46875,0.25213022325265894,0.094932300140426973,0.26941007978059722,0.24799427270165503,0.070317682476511226,0.0041359505510039085,0.024614617663915747,0.20912104328817668,-0.081616238142001307,0.24640106528371025,0.12417754908871848,0.029801138184316272,0.2091432114670477,0.24625400526875701,0.11863963430974987
472,0.84375,0.53125,0.25213022325265844,0.094932300140427167,0.26941007978059678,0.24799427270165506,0.070317682476511462,0.0041359505510033812,0.024614617663915705,0.2091210432881766,-0.081616238142001168,0.24640106528371025,0.12417754908871848,0.029801138184315987,0.20914321146704756,0.24625400526875668,0.11863963430975002
473,0.59375,0.96875,0.0016511872602079209,-0.020241070510652666,0.02030830753129088,0.015186003676296097,-0.031639834926884228,-0.013534816416088176,0.011398764416231562,0.033697995799200242,-0.077912010034835361,0.00051329867575932331,-0.013641124932527888,0.0066973182741174283,0.072332363399853841,-0.00012003750829096635,-0.01400676268786394
474,0.65625,0.96875,0.011378411992020502,-0.014498761027752622,0.018430472885958032,0.010511847375424207,-0.032820757902051328,0.00086656461659629508,0.018321996874298706,0.043997118482509957,-0.072996604710229201,0.0061140635093229105,-0.010255280175965898,0.0067616931819449635,0.073291197687138807,0.0057184609226526564,-0.011475185944174664
475,0.40625,0.96875,-0.019790678540016267,-0.00088569494827876673,0.019810487440132991,-0.032592989014512574,0.011428031278035825,0.012802310474496308,-0.012313726226314593,-0.063091053022201221,-0.0019319475876143541,-0.013570644419893186,-0.0014769478610269803,0.0062480720596299584,0.04952249885547718,-0.012971207618402781,-0.0011178934618049335
476,0.34375,0.96875,-0.014134010780298302,0.0095365936418219197,0.017050421667126794,-0.032383341923366761,0.0061154247453007989,0.01824933114306846,0.0034211688965211208,-0.065348542276840685,0.0063247513505925515,-0.011035742460839642,0.0045568555410078716,0.0058649005219236494,0.05434156493372775,-0.010379705697435484,0.0044594715836510862
477,0.53125,0.90625,-0.050770921623142187,-0.10659838717941163,0.1180715995983581,-0.0462537130802766,-0.1104335416809322,-0.0045172085428655875,0.0038351545015205685,-0.058828364546182198,-0.13315327472148544,-0.05111861150490965,-0.10255973175386909,0.0040535941952972573,0.031550042207084274,-0.051601512020011515,-0.10196929336578307
478,0.46875,0.90625,-0.098706913412097905,-0.064871575290082861,0.11811594319125714,-0.10293391384051717,-0.06069407217390093,0.0042270004284192669,-0.0041775031161819312,-0.11340354538712277,-0.076387144386305186,-0.094030556679958563,-0.065497064285909526,0.004718002625065526,0.022224008100271777,-0.093782674478641193,-0.064735951139523781
479,0.53125,0.84375,-0.12748289982325095,-0.24089725691232425,0.27254977184952361,-0.15035346050740517,-0.23041223771001881,0.022870560684154218,-0.010485019202305434,-0.15877426871486267,-0.22576446008157133,-0.12308583626330802,-0.24694822449653378,0.0074798647484652127,0.041502000983540635,-0.12384300634694655,-0.2459451343194258
480,0.46875,0.84375,-0.22071108908693718,-0.15946925926530958,0.27229364571463738,-0.20703366126764572,-0.18067276820298755,-0.01367742781929146,0.021203508937677973,-0.21334944955580326,-0.16899832974639109,-0.22641126905697515,-0.15770696216286181,0.0059663843966105499,0.017265749638737667,-0.22618351690484248,-0.15656028316108089
481,0.21875,0.15625,-0.028251694843644787,0.1311914000184124,0.13419888859573137,-0.042724119910725146,0.13740621816431697,0.014472425067080359,-0.006214818145904577,-0.046710224351733748,0.13575817473134769,-0.023163474375380272,0.12787117887740859,0.0060756774074036029,0.024832521781908395,-0.023154643627509075,0.12735434423481279
482,0.28125,0.15625,-0.10978994535702556,0.13623369044543504,0.17496699835649374,-0.092335714389212328,0.13977964126171097,-0.017454230967813233,-0.0035459508162759279,-0.09623863730267114,0.1358224810023379,-0.11421629359988733,0.14147145547557996,0.0068576046312174106,0.018844283975258315,-0.11368822023830877,0.14104927092225716
483,0.21875,0.09375,-0.0078938499893902846,0.054634467130743089,0.055201792238252952,-0.0097542947849480772,0.054330890174980773,0.0018604447955577925,0.00030357695576231636,-0.02072692461590148,0.062555678911961191,-0.0096199910862690419,0.053106005647358338,0.0023055926770625622,0.014582876850588268,-0.009686972572314434,0.052561927723653618
484,0.28125,0.09375,-0.049747190276882805,0.061160694563633385,0.07883789380716888,-0.059365889263435265,0.056704313272374747,0.0096186989865524597,0.0044563812912586376,-0.070255337566838869,0.062619985182951407,-0.047435013786422342,0.058754318051833454,0.0033371856465561614,0.023145422005477666,-0.047046134663724176,0.058261718870296166
485,0.15625,0.21875,0.03129811332406901,0.12628531000777199,0.13010592385208808,0.011906659987444588,0.13025808899727026,0.019391453336624422,-0.0039727789894982712,-0.00073348283079166868,0.12927195998061575,0.040976847620627789,0.1233226779295397,0.010122009998728223,0.042132477060930859,0.040705851997020821,0.12301690519233284
486,0.15625,0.28125,0.040813039400148,0.17156625965792544,0.17635386482322615,0.035617572205205443,0.15795213962286422,0.0051954671949425574,0.013614120035061211,0.018132606659573558,0.15459413460688953,0.057332798161511184,0.17254705066458273,0.016548848314380537,0.043115684022907039,0.057107825096892127,0.17229290562043306
487,0.09375,0.21875,0.044865359657000878,0.038304625707547071,0.058992752501873635,0.040319242124480181,0.043605531462322183,0.0045461175325206965,-0.0053009057547751121,0.024075583158776132,0.051807241928936897,0.039489459504954222,0.036788240679920155,0.0055856714902316213,0.021521105513733138,0.039147434015871257,0.036681382653345238
488,0.09375,0.28125,0.065942896830122139,0.058263906185883417,0.087995161266887598,0.064030154342241033,0.071299582087916147,0.0019127424878811056,-0.01303567590203273,0.042941672649141352,0.077129416555210703,0.055251717561723541,0.051472304486331388,0.012665984675278665,0.028457417406799641,0.054911152956195329,0.051418835846787588
489,0.34375,0.28125,-0.49534219224886927,0.1898515715349561,0.5304785637857653,-0.49607358391311773,0.1600571697432191,0.00073139166424845969,0.029794401791737007,-0.42805999769351066,0.15383303476626378,-0.4920609039589155,0.20318075242106795,0.013727123367132575,0.080816540636997114,-0.49066906471294602,0.20375599099737463
490,0.34375,0.21875,-0.34881426566596041,0.13883165389361268,0.37542725001645666,-0.32868856592254692,0.13159552507824945,-0.020125699743413494,0.0072361288153632297,-0.28914582739195765,0.12067086114507784,-0.35168534116879707,0.14521717059663483,0.0070012783195330577,0.067184165479189234,-0.35053519867756688,0.1455098736647964
491,0.40625,0.28125,-0.59106379815344257,-0.059180060019965168,0.59401910153760218,-0.5674131533056147,-0.037684247742468667,-0.023650644847827862,-0.021495812277496501,-0.49976511287171943,-0.020237345351415428,-0.6050869331404819,-0.065854046719193635,0.015530306285653387,0.11477617029855354,-0.60389971938917564,-0.06428750252045308
492,0.40625,0.21875,-0.42359496354103032,-0.046945450580579064,0.42618841897397963,-0.40002813531504389,-0.066145892407438317,-0.023566828225986436,0.019200441826859253,-0.36085094257016648,-0.053399518972601354,-0.43246720640918712,-0.047067146976015897,0.0088730774551009917,0.07189567567916276,-0.43144863104872078,-0.045960096789325756
493,0.28125,0.34375,-0.33233537754640585,0.39774774917341271,0.51831464878144062,-0.33737638445029067,0.35993254512575024,0.0050410069038848149,0.037815204047662476,-0.3048235374891648,0.31523546947434672,-0.33441402703887996,0.41421444914306843,0.016597379058249602,0.10330748031025162,-0.33329957936743254,0.41419185055826929
494,0.21875,0.34375,-0.084423660591562255,0.37737289509536798,0.38670099097408439,-0.096668859763471823,0.35679152798898056,0.012245199171909568,0.020581367106387416,-0.097514864746309202,0.30733116420844442,-0.067820365220557843,0.37439418250081757,0.016868377097330665,0.073343109591617564,-0.067464602878316057,0.37407133365099615
495,0.28125,0.40625,-0.37692436053091921,0.45366702533848585,0.5898183986966774,-0.36180548555030806,0.42418188178165395,-0.015118874980611152,0.029485143556831905,-0.32365411424004553,0.37079263367317783,-0.38234413477286838,0.47358200423098257,0.020639291100284559,0.11836457751292345,-0.38109273732125759,0.47366743139490303
496,0.21875,0.40625,-0.098077164049352142,0.43454857194255458,0.44547905841383506,-0.12109796086348917,0.42104086464488433,0.023020796814137032,0.013507707297670257,-0.11634544149718991,0.36288832840727547,-0.077540763136766805,0.42805447199625907,0.021538734794664966,0.075844771295824454,-0.077108102162036826,0.42779261894525028
497,0.78125,0.15625,0.1344322814830714,-0.011924793726278825,0.13496013859713557,0.14256471747735358,-0.025182790326308088,-0.0081324359942821778,0.013257996600029263,0.13776536364798667,-0.082377920113069714,0.12988069163256058,-0.0043117135439216404,0.0088699470139495667,0.078463371460113424,0.12992162470456306,-0.0074178870632100906
498,0.71875,0.15625,0.15005047290194151,-0.091745416848846947,0.17587599589160816,0.15104682014913171,-0.073943186748401168,-0.00099634724719019352,-0.017802230100445779,0.13189340229918994,-0.12833391100233002,0.15658442571685574,-0.092416730417155257,0.0065683484449685229,0.043585439066272762,0.15533187446917796,-0.094886692441046916
499,0.78125,0.09375,0.056216453179701559,-0.0021429238238798061,0.056257281578659037,0.056428901482832548,-0.0040468163337831955,-0.00021244830313098956,0.0019038925099033894,0.084383928140029665,-0.044671369832643838,0.053940573660732564,-0.0017906918965126418,0.0023029752311997036,0.052588500379972314,0.05467577982202617,-0.0042277734330541123
500,0.71875,0.09375,0.068106621910924384,-0.042749854519966997,0.080411827547917022,0.06491100415461068,-0.052807212755876277,0.0031956177563137039,0.010057358235909281,0.078511966791232929,-0.090627360721904152,0.065030865198950946,-0.038381466805346952,0.005342573403940557,0.053957145321834592,0.064629689673836477,-0.040531352265017931
501,0.84375,0.21875,0.12182521344527945,0.045942483698752014,0.13020020906050034,0.12841041195275593,0.027602425365271618,-0.0065851985074764779,0.018340058333480395,0.13514779503363444,-0.056581502196287756,0.11604817569109767,0.058484235922214585,0.013808320464414565,0.1166401283769251,0.11716981826946329,0.054872601135298127
502,0.84375,0.28125,0.16475221219232725,0.061234861095669668,0.17576404534395418,0.15209258736972761,0.054268809256938402,0.012659624822599636,0.0069660518387312659,0.14975309065319212,-0.057141999801800215,0.1623689234347051,0.081828278368358293,0.020730868295111959,0.13954174089304724,0.1630680512750067,0.077494549917197911
503,0.90625,0.21875,0.034076345798961405,0.047842737414736151,0.058737763545659356,0.039972782720305404,0.044167263321267934,-0.005896436921343999,0.0036754740934682173,0.090031786474996559,-0.026436860949426329,0.030651031602390057,0.044421912678614339,0.0048409523051251074,0.092450201997131901,0.033301060173580442,0.041950521615229726
504,0.90625,0.28125,0.050535594748380111,0.071111744428582133,0.087239478060385511,0.063654958137277062,0.070833647212934725,-0.013119363388896951,0.00027809721564740764,0.10463708209455422,-0.026997358554938792,0.042885422143046907,0.06215296445276558,0.011780699450647327,0.10844836374581507,0.045501942866639035,0.05892740316674655
505,0.65625,0.28125,0.25592219628223356,-0.46478616978331944,0.53058680173160233,0.2266458350496692,-0.46966645944640406,0.029276361232564357,0.0048802896630846249,0.12059104683616109,-0.44412090580309155,0.27261343112484637,-0.45726170682618394,0.018308873896680705,0.15258927215353382,0.26899569258707784,-0.45814551452372204
506,0.65625,0.21875,0.18524753571707706,-0.32715714259757273,0.3759633565147783,0.17524573861232456,-0.3082785688608401,0.010001797104752491,-0.018878573736732629,0.10217968452001416,-0.31146926255471508,0.19484203431114894,-0.32681368927050536,0.0096006439085886824,0.093924238086081233,0.19210467435571879,-0.32788745542103331
507,0.59375,0.28125,0.023147810773321727,-0.5937411368618658,0.59419219007457369,0.041084427928892095,-0.56732825850779833,-0.017936617155570368,-0.026412878354067471,-0.043035415523785946,-0.50394094620735752,0.022886925033934698,-0.60822951325066332,0.014490725025080042,0.12337690302708279,0.019956898729706175,-0.60719008771039373
508,0.59375,0.21875,0.011974801776166178,-0.42652188636579785,0.42668995233848317,-0.010315668508452516,-0.40594036792223431,0.022290470284618696,-0.02058151844356354,-0.061446777839932874,-0.3712893029589811,0.016357723147897272,-0.43471326853139075,0.0092902498100734931,0.1003799770018676,0.014088823299264844,-0.43415741725852963
509,0.71875,0.34375,0.43815384111228839,-0.27504185772426465,0.51732660088368465,0.40159840707749939,-0.28534093761274937,0.036555434034789003,0.010299079888484719,0.25634811983341454,-0.34124036340154651,0.45846373337048774,-0.27058705908311781,0.020792713975641312,0.21410887568379788,0.45456124980917895,-0.27360297514257276
510,0.78125,0.34375,0.38389636116435777,-0.033549025667181306,0.38535951167507493,0.3653983833853483,-0.048526266713425519,0.018497977779009467,0.014977241046244212,0.25841401448562207,-0.16319322686942223,0.38027783737750698,-0.012624271408351311,0.021235325643569232,0.19370545082279603,0.37815550318101215,-0.017254657262451525
511,0.71875,0.40625,0.49927266716596835,-0.31123637877912186,0.58833772584678001,0.46809367842771094,-0.30047335365835093,0.031178988738257418,-0.01076302512077093,0.29662422447101094,-0.36136288611951045,0.52417334587432929,-0.30936912515886011,0.02497059142710481,0.23341369674947388,0.51966299902008517,-0.31244784506922485
512,0.78125,0.40625,0.44191228535507993,-0.039118446186564071,0.44364030563036166,0.43189365473555985,-0.063658682759027072,0.010018630619520075,0.024540236572463001,0.29869011912321841,-0.18331574958738617,0.43478140553146161,-0.014433653311446658,0.025694132527608989,0.21689167959791861,0.4321593756570517,-0.019342908693667095
513,0.84375,0.78125,0.12182521344527991,0.045942483698753034,0.13020020906050112,0.12841041195275654,0.027602425365272944,-0.0065851985074766306,0.01834005833348009,0.13514779503363433,-0.056581502196287034,0.11604817569109767,0.058484235922214585,0.013808320464413831,0.11664012837692438,0.11716981826946239,0.054872601135298689
514,0.84375,0.71875,0.1647522121923273,0.061234861095670681,0.17576404534395459,0.15209258736972817,0.054268809256939651,0.012659624822599136,0.00696605183873103,0.14975309065319203,-0.057141999801799542,0.1623689234347051,0.081828278368358293,0.020730868295110959,0.13954174089304658,0.16306805127500559,0.077494549917198577
515,0.90625,0.78125,0.034076345798961259,0.047842737414737192,0.05873776354566012,0.03997278272030548,0.044167263321269142,-0.0058964369213442211,0.0036754740934680508,0.090031786474996142,-0.026436860949425819,0.030651031602390057,0.044421912678614339,0.0048409523051257397,0.092450201997131248,0.033301060173579429,0.041950521615229767
516,0.90625,0.71875,0.050535594748379972,0.07111174442858291,0.087239478060386066,0.063654958137277104,0.070833647212935835,-0.013119363388897132,0.00027809721564707457,0.10463708209455383,-0.02699735855493833,0.042885422143046907,0.06215296445276558,0.011780699450647828,0.10844836374581446,0.045501942866637911,0.058927403166746661
517,0.78125,0.84375,0.1344322814830724,-0.0119247937262779,0.13496013859713649,0.14256471747735464,-0.025182790326306971,-0.0081324359942822333,0.013257996600029071,0.13776536364798692,-0.08237792011306902,0.12988069163256058,-0.0043117135439216404,0.0088699470139492857,0.078463371460112757,0.12992162470456259,-0.0074178870632096595
518,0.71875,0.84375,0.15005047290194293,-0.091745416848846711,0.17587599589160927,0.15104682014913295,-0.073943186748400544,-0.00099634724719002699,-0.017802230100446167,0.13189340229919042,-0.1283339110023296,0.15658442571685574,-0.092416730417155257,0.0065683484449671386,0.043585439066272151,0.15533187446917765,-0.094886692441046652
519,0.78125,0.90625,0.056216453179702315,-0.0021429238238789539,0.056257281578659758,0.05642890148283352,-0.0040468163337820974,-0.00021244830313120466,0.0019038925099031435,0.084383928140029874,-0.044671369832643193,0.053940573660732564,-0.0017906918965126418,0.0023029752312003207,0.052588500379971904,0.054675779822025844,-0.004227773433054121
520,0.71875,0.90625,0.068106621910925355,-0.042749854519966456,0.080411827547917564,0.064911004154611818,-0.05280721275587566,0.0031956177563135374,0.010057358235909204,0.078511966791233373,-0.090627360721903777,0.065030865198950946,-0.038381466805346952,0.0053425734039406741,0.053957145321834342,0.064629689673836241,-0.040531352265018229
521,0.71875,0.65625,0.43815384111228878,-0.27504185772426393,0.51732660088368454,0.4015984070775,-0.2853409376127487,0.036555434034788781,0.010299079888484775,0.25634811983341477,-0.34124036340154607,0.45846373337048774,-0.27058705908311781,0.020792713975640777,0.21410887568379752,0.45456124980917856,-0.27360297514257109
522,0.78125,0.65625,0.3838963611643586,-0.033549025667180682,0.38535951167507571,0.36539838338534902,-0.04852626671342454,0.018497977779009578,0.014977241046243858,0.25841401448562218,-0.16319322686942167,0.38027783737750698,-0.012624271408351311,0.02123532564356876,0.19370545082279553,0.37815550318101149,-0.017254657262450252
523,0.71875,0.59375,0.49927266716596852,-0.3112363787791218,0.58833772584678012,0.46809367842771127,-0.30047335365835059,0.031178988738257252,-0.010763025120771208,0.29662422447101111,-0.36136288611951017,0.52417334587432929,-0.30936912515886011,0.02497059142710464,0.23341369674947365,0.51966299902008495,-0.31244784506922357
524,0.78125,0.59375,0.44191228535508098,-0.03911844618656396,0.44364030563036272,0.4318936547355603,-0.063658682759026419,0.010018630619520685,0.024540236572462459,0.29869011912321841,-0.18331574958738578,0.43478140553146161,-0.014433653311446658,0.025694132527609173,0.2168916795979183,0.43215937565705148,-0.019342908693666103
525,0.65625,0.71875,0.25592219628223428,-0.46478616978332038,0.53058680173160355,0.22664583504966979,-0.46966645944640417,0.029276361232564496,0.0048802896630837922,0.12059104683616143,-0.44412090580309127,0.27261343112484637,-0.45726170682618394,0.018308873896680435,0.15258927215353352,0.2689956925870774,-0.45814551452372038
526,0.65625,0.78125,0.1852475357170775,-0.32715714259757306,0.3759633565147788,0.17524573861232551,-0.30827856886084026,0.010001797104751992,-0.018878573736732795,0.10217968452001461,-0.31146926255471497,0.19484203431114894,-0.32681368927050536,0.0096006439085882505,0.093924238086080816,0.19210467435571818,-0.32788745542103243
527,0.59375,0.71875,0.02314781077332163,-0.59374113686186736,0.59419219007457524,0.041084427928892026,-0.56732825850779878,-0.017936617155570395,-0.026412878354068581,-0.043035415523785828,-0.50394094620735752,0.022886925033934698,-0.60822951325066332,0.014490725025078486,0.12337690302708272,0.019956898729705772,-0.60719008771039173
528,0.59375,0.78125,0.011974801776165916,-0.42652188636579902,0.42668995233848434,-0.01031566850845228,-0.40594036792223492,0.022290470284618197,-0.020581518443564095,-0.061446777839932631,-0.37128930295898116,0.016357723147897272,-0.43471326853139075,0.0092902498100725876,0.10037997700186736,0.014088823299263937,-0.4341574172585288
529,0.15625,0.78125,0.0312981133240691,0.12628531000777238,0.13010592385208847,0.011906659987444369,0.1302580889972709,0.019391453336624731,-0.003972778989498521,-0.0007334828307916097,0.12927195998061622,0.040976847620627789,0.1233226779295397,0.010122009998728251,0.042132477060930866,0.04070585199702019,0.12301690519233338
530,0.15625,0.71875,0.040813039400147848,0.17156625965792596,0.17635386482322665,0.035617572205205145,0.15795213962286481,0.0051954671949427031,0.013614120035061156,0.018132606659573672,0.15459413460689003,0.057332798161511184,0.17254705066458273,0.016548848314380655,0.043115684022906726,0.057107825096891884,0.17229290562043356
531,0.09375,0.78125,0.04486535965700085,0.038304625707547009,0.058992752501873573,0.040319242124480049,0.043605531462322586,0.0045461175325208006,-0.005300905754775577,0.024075583158776122,0.051807241928937167,0.039489459504954222,0.036788240679920155,0.0055856714902315779,0.021521105513733332,0.039147434015870813,0.036681382653345224
532,0.09375,0.71875,0.065942896830121972,0.058263906185883486,0.087995161266887528,0.064030154342240825,0.071299582087916494,0.0019127424878811472,-0.013035675902033007,0.042941672649141407,0.077129416555210967,0.055251717561723541,0.051472304486331388,0.01266598467527856,0.028457417406799856,0.054911152956195086,0.051418835846787615
533,0.21875,0.84375,-0.02825169484364505,0.13119140001841265,0.13419888859573167,-0.042724119910725541,0.13740621816431736,0.014472425067080491,-0.0062148181459047158,-0.046710224351733942,0.13575817473134827,-0.023163474375380272,0.12787117887740859,0.0060756774074039602,0.024832521781908763,-0.023154643627510688,0.12735434423481373
534,0.28125,0.84375,-0.10978994535702601,0.13623369044543523,0.17496699835649415,-0.092335714389212814,0.13977964126171119,-0.017454230967813192,-0.0035459508162759557,-0.09623863730267157,0.13582248100233849,-0.11421629359988733,0.14147145547557996,0.006857604631216976,0.018844283975257729,-0.11368822023831116,0.14104927092225844
535,0.21875,0.90625,-0.0078938499893903506,0.054634467130743193,0.055201792238253063,-0.0097542947849483599,0.054330890174980877,0.0018604447955580094,0.00030357695576231636,-0.020726924615901844,0.062555678911961579,-0.0096199910862690419,0.053106005647358338,0.0023055926770625818,0.014582876850588797,-0.0096869725723161548,0.052561927723653708
536,0.28125,0.90625,-0.049747190276883353,0.061160694563633371,0.078837893807169213,-0.059365889263435626,0.056704313272374691,0.0096186989865522723,0.0044563812912586792,-0.070255337566839493,0.062619985182951796,-0.047435013786422342,0.058754318051833454,0.0033371856465565313,0.023145422005478346,-0.047046134663726612,0.05826171887029636
537,0.28125,0.65625,-0.33233537754640563,0.39774774917341316,0.51831464878144085,-0.33737638445029078,0.35993254512575046,0.0050410069038851479,0.037815204047662698,-0.30482353748916469,0.31523546947434733,-0.33441402703887996,0.41421444914306843,0.016597379058249189,0.10330748031025108,-0.33329957936743171,0.41419185055827074
538,0.21875,0.65625,-0.084423660591562408,0.37737289509536837,0.38670099097408484,-0.096668859763472059,0.35679152798898078,0.012245199171909651,0.020581367106387582,-0.097514864746309021,0.30733116420844497,-0.067820365220557843,0.37439418250081757,0.016868377097330883,0.073343109591616981,-0.067464602878315558,0.37407133365099682
539,0.28125,0.59375,-0.37692436053091899,0.45366702533848607,0.5898183986966774,-0.36180548555030795,0.42418188178165395,-0.015118874980611041,0.029485143556832127,-0.32365411424004542,0.37079263367317816,-0.38234413477286838,0.47358200423098257,0.020639291100284403,0.11836457751292322,-0.38109273732125643,0.47366743139490369
540,0.21875,0.59375,-0.098077164049352544,0.4345485719425552,0.44547905841383573,-0.12109796086348924,0.42104086464488427,0.023020796814136699,0.013507707297670923,-0.11634544149718974,0.36288832840727581,-0.077540763136766805,0.42805447199625907,0.021538734794665535,0.075844771295824079,-0.077108102162036257,0.42779261894525056
541,0.34375,0.71875,-0.49534219224886988,0.18985157153495663,0.53047856378576608,-0.49607358391311829,0.16005716974321924,0.00073139166424840418,0.029794401791737396,-0.42805999769351089,0.15383303476626434,-0.4920609039589155,0.20318075242106795,0.013727123367132209,0.080816540636996601,-0.49066906471294636,0.20375599099737693
542,0.34375,0.78125,-0.3488142656659608,0.13883165389361271,0.37542725001645705,-0.32868856592254758,0.13159552507824948,-0.020125699743413217,0.0072361288153632297,-0.2891458273919581,0.12067086114507838,-0.35168534116879707,0.14521717059663483,0.0070012783195328729,0.067184165479188623,-0.35053519867756899,0.14550987366479848
543,0.40625,0.71875,-0.59106379815344368,-0.059180060019965355,0.59401910153760329,-0.56741315330561548,-0.037684247742468847,-0.023650644847828195,-0.021495812277496508,-0.49976511287171976,-0.020237345351415172,-0.6050869331404819,-0.065854046719193635,0.015530306285652303,0.11477617029855333,-0.60389971938917575,-0.06428750252045054
544,0.40625,0.78125,-0.42359496354103143,-0.046945450580578876,0.42618841897398069,-0.40002813531504477,-0.066145892407438595,-0.023566828225986658,0.019200441826859718,-0.36085094257016703,-0.053399518972601111,-0.43246720640918712,-0.047067146976015897,0.0088730774550998849,0.071895675679162191,-0.43144863104872339,-0.045960096789323904
545,0.03125,0,-0.00045389585404575751,0.00080445970853113545,0.00092367573800004453,-0.0029246979206218925,-0.0042197987596782676,0.002470802066576135,0.0050242584682094029,-0.00083363794979333548,-0.0015664261600897506,0,0,0.00092367573800004453,0.0017744416435456977,-6.4301424556033104e-05,-8.4776666988456182e-05
546,0,0.03125,-0.00053774554801525433,0.00084887380595918913,0.0010048666642166338,-0.0031481030687170435,-0.0042110081348407432,0.0026103575207017892,0.0050598819407999323,-0.0025683415633242276,-0.0024186120904583267,0,0,0.0010048666642166338,0.0035278977918882419,-4.5761531280042195e-05,-8.3593944641669219e-05
547,0.96875,0,0.0022792593865320087,0.001661230234487623,0.0028204094105413265,-0.0020484022822503038,-0.0015806692198868861,0.0043276616687823125,0.0032418994543745088,0.023216897301609404,0.033533179134942859,0,0,0.0028204094105413265,0.04078600768903038,0.0013564504960505784,0.0017763239708369924
548,1,0.03125,0.0023297007108849317,0.0017783414141900706,0.0029308707900078598,-0.0019690036694516009,-0.0016238210476737969,0.0042987043803365326,0.0034021624618638677,0.028334370467653514,0.032014886128080226,-0,0,0.0029308707900078598,0.042752654696430012,0.0013391024871010015,0.0018350932903190814
549,1,0.96875,0.0023297007108842756,0.0017783414141900548,0.0029308707900073286,-0.0019690036694524175,-0.001623821047673881,0.0042987043803366931,0.0034021624618639358,0.028334370467653011,0.032014886128079956,-0,0,0.0029308707900073286,0.042752654696429478,0.0013391024871010364,0.0018350932903185737
550,0.96875,1,0.0022792593865313239,0.0016612302344875178,0.0028204094105407111,-0.0020484022822510341,-0.0015806692198868295,0.0043276616687823576,0.0032418994543743475,0.023216897301608933,0.033533179134942692,0,0,0.0028204094105407111,0.040786007689029971,0.0013564504960506185,0.001776323970836513
551,0,0.96875,-0.00053774554801519167,0.00084887380595913503,0.0010048666642165547,-0.0031481030687169368,-0.0042110081348408022,0.0026103575207017454,0.0050598819407999375,-0.0025683415633243542,-0.0024186120904584642,0,0,0.0010048666642165547,0.0035278977918884284,-4.5761531279844341e-05,-8.3593944642290467e-05
552,0.03125,1,-0.00045389585404579107,0.0008044597085309533,0.0009236757379999024,-0.0029246979206217672,-0.0042197987596782807,0.0024708020665759759,0.0050242584682092337,-0.00083363794979346905,-0.0015664261600898844,0,0,0.0009236757379999024,0.0017744416435458786,-6.4301424555843098e-05,-8.4776666989090711e-05
553,0.5,0.46875,-0.65175192077947608,-0.74983408073388957,0.99349469795755507,-0.69590858022040536,-0.80072771160385137,0.04415665944092928,0.050893630869961792,-0.65233495050272639,-0.63334197981030482,-0.64854700388574782,-0.75090152370297292,0.0033780063333200346,0.11762055475054195,-0.64949601113677657,-0.74722639215080133
554,0.46875,0.5,-0.7908522011946405,-0.58972276781014188,0.98651920762246825,-0.77290294444041718,-0.58812509969117654,-0.017949256754223319,-0.0015976681189653341,-0.70211853641116162,-0.46668457305492206,-0.81416125810249229,-0.56710471727326817,0.03247904469072399,0.15045855525304772,-0.81407055973224407,-0.56354514292535107
555,0.53125,0.5,-0.47399429611752802,-0.86531912838658009,0.98663457607346272,-0.47498731260923566,-0.84719582403597016,0.00099301649170763229,-0.018123304350609937,-0.49637785679048818,-0.68533535236366583,-0.4426092381537533,-0.88801091032125312,0.038729043762533721,0.20968654259041508,-0.44471356107144255,-0.88448540284775301
556,0.5,0.53125,-0.65175192077947619,-0.74983408073389024,0.99349469795755574,-0.69590858022040591,-0.80072771160385181,0.044156659440929724,0.05089363086996157,-0.6523349505027265,-0.63334197981030482,-0.64854700388574782,-0.75090152370297292,0.0033780063333199292,0.11762055475054195,-0.64949601113677546,-0.74722639215080011
557,0.46875,0,-0.010397870421285203,0.0071796203848933831,0.012635768997928631,0.012397608574813871,0.010493151247008298,-0.022795478996099072,-0.0033135308621149153,-0.0071743527122725467,-0.021443174227327243,-0,-0,0.012635768997928631,0.022611524888507713,8.0689651523577099e-05,0.00057579706445491099
558,0.53125,0,0.011019058932507868,-0.0050461989103622925,0.012119562005329361,0.0079470045400976113,0.01382895289806374,0.0030720543924102565,-0.018875151808426034,0.013932581277957531,-0.031050140283347641,-0,-0,0.012119562005329361,0.034032749414093191,-0.00036768619146407478,0.00024282164466702259
559,0.5,0.03125,-0.0082376575553480044,-0.0087899399618271319,0.012046661219263519,-0.022772853838188448,-0.025567900478960029,0.014535196282840444,0.016777960517132897,-0.032330598894733387,-0.058670772626672613,-0.0095848315376271219,-0.011097521942000107,0.0026720427267820411,0.052731244185684582,-0.0096736934110138884,-0.010573856857458017
560,0,0.46875,-0.00016570418886720689,-0.0074144838957232347,0.0074163353024352492,-0.0084115599502077483,-0.030664823816711408,0.0082458557613405408,0.023250339920988173,-0.012297565441986761,-0.0079436994153566087,0,0,0.0074163353024352492,0.014640098230595448,-0.0002874339487620878,6.082376738499442e-05
561,0,0.53125,-0.00016570418886696907,-0.0074144838957233474,0.0074163353024353559,-0.0084115599502077518,-0.030664823816711484,0.0082458557613407819,0.023250339920988135,-0.012297565441986777,-0.0079436994153565706,0,0,0.0074163353024353559,0.014640098230595441,-0.00028743394876210189,6.0823767384896083e-05
562,0.03125,0.5,0.008825439471226014,0.0029900724572291238,0.0093182034298331523,0.02465171840251722,0.011603978184931744,-0.015826278931291207,-0.0086139057277026202,0.0076986907634953167,0.026440926661300827,0.014207837482664942,0.003627856519219918,0.0054200532159076817,0.023723514923366228,0.01391236024131955,0.0037555119118129056
563,1,0.46875,-0.0020148671455331685,-0.0041181004862637328,0.004584587356471089,-0.02434529737571519,-0.013989740883020354,0.022330430230182021,0.0098716403967566216,0.099332220153268494,-0.075071430000030928,-0,0,0.004584587356471089,0.12450947579532629,0.0046396857986424466,-0.0012902172360242136
564,1,0.53125,-0.0020148671455332422,-0.004118100486263928,0.0045845873564712971,-0.024345297375715343,-0.013989740883020159,0.022330430230182101,0.0098716403967562313,0.099332220153268411,-0.075071430000030914,-0,0,0.0045845873564712971,0.12450947579532622,0.0046396857986422879,-0.0012902172360243376
565,0.96875,0.5,0.0056048559832622101,0.0074866113620177671,0.0093522061717545412,0.011828101290978908,0.023794423360315266,-0.0062232453077166981,-0.016307811998297499,0.10749897848319033,-0.073857435517888453,0.0015220089307815873,0.014584494426358646,0.0081883810395588438,0.13803294189350337,0.0057146994124734792,0.012110509488050361
566,0.53125,1,0.011019058932508393,-0.0050461989103630844,0.012119562005330167,0.0079470045400981734,0.013828952898062881,0.00307205439241022,-0.018875151808425965,0.013932581277957644,-0.031050140283348498,-0,-0,0.012119562005330167,0.034032749414094024,-0.00036768619146478006,0.00024282164466475403
567,0.46875,1,-0.01039787042128516,0.0071796203848925417,0.012635768997928117,0.012397608574814121,0.010493151247007271,-0.02279547899609928,-0.0033135308621147297,-0.0071743527122727947,-0.02144317422732812,-0,-0,0.012635768997928117,0.022611524888508625,8.0689651522222443e-05,0.00057579706445250493
568,0.5,0.96875,-0.0082376575553479818,-0.0087899399618282473,0.012046661219264317,-0.022772853838188174,-0.025567900478961104,0.014535196282840192,0.016777960517132859,-0.032330598894733574,-0.058670772626673542,-0.0095848315376271219,-0.011097521942000107,0.0026720427267810892,0.052731244185685498,-0.0096736934110154531,-0.010573856857460082
569,0.25,0.21875,-0.10170857959450208,0.24704688045771775,0.2671643619703441,-0.099374199199113847,0.26907575988034788,-0.0023343803953882331,-0.022028879422630127,-0.094350117328686825,0.2510820269616314,-0.10938689405756581,0.23901472403414586,0.011111797775626623,0.019280157010197235,-0.10896752031665613,0.23857800959722519
570,0.21875,0.25,-0.057020108700437687,0.27599429519964458,0.28182289434848667,-0.072058809250028971,0.26550169529682449,0.015038700549591284,0.010492599902820088,-0.071361746568215784,0.24783891958626544,-0.046853131378546957,0.25864708576882256,0.020107041127441921,0.02678597907012243,-0.04666418571552803,0.25821541159980127
571,0.28125,0.25,-0.21612596544560264,0.27137288406525972,0.34692027203046338,-0.21755062496578112,0.26498370178861708,0.0014246595201784784,0.0063891822766426465,-0.19080371237333008,0.2435062170330014,-0.2310271301655005,0.28615658351998791,0.020990533094165546,0.058625737525064482,-0.23019958455165368,0.2859253090379818
572,0.25,0.28125,-0.1570008561235646,0.32762963512233767,0.36330489486645834,-0.13820202523436761,0.36492138947988267,-0.018798830889196982,-0.037291754357545004,-0.12918548227115717,0.32420743438704286,-0.15304878443992284,0.33441769502495072,0.0078547200990300159,0.025955858928030623,-0.1524624957032383,0.33407773084202075
573,0.75,0.21875,0.25819646950798064,-0.068371331223813753,0.26709559299940167,0.27953156201063833,-0.063114965431926462,-0.021335092502657693,-0.0052563657918872908,0.22223168000611918,-0.13823895315664558,0.25238698507118906,-0.073446175280646273,0.0077138934152924301,0.071466401115881123,0.250859580946802,-0.076780852950135481
574,0.78125,0.25,0.28073658678537022,-0.020388821243409034,0.28147599398811152,0.27245440924833952,-0.036722357586136609,0.0082821775370306994,0.016333536342727575,0.22092289569894305,-0.12534074419825458,0.26271175947010772,-0.0087213721856311301,0.021471464022298895,0.12388053545211863,0.26162384505951336,-0.012700845408916443
575,0.71875,0.25,0.29765115667100289,-0.17793622304375067,0.34678164677309742,0.29163102124223478,-0.18028265648814593,0.0060201354287681141,0.0023464334443952517,0.20737482111653127,-0.2298066289328381,0.31672583098085982,-0.18693280384625577,0.021089847466568345,0.11745555855685731,0.3140874073383465,-0.18975417375256867
576,0.75,0.28125,0.34503130190247949,-0.11188850517413626,0.36271977735246624,0.37910730725614983,-0.088119895571318579,-0.034076005353670336,-0.023768609602817681,0.27525335761515801,-0.17836635773206561,0.35312750770009399,-0.10276229108899304,0.012199849664860346,0.10853735828930651,0.35074347090709668,-0.10645549431932118
577,0.78125,0.75,0.28073658678537089,-0.020388821243408222,0.28147599398811213,0.27245440924834063,-0.036722357586135276,0.0082821775370302553,0.016333536342727054,0.22092289569894336,-0.12534074419825381,0.26271175947010772,-0.0087213721856311301,0.021471464022299012,0.1238805354521178,0.26162384505951269,-0.012700845408915367
578,0.75,0.78125,0.25819646950798164,-0.068371331223812698,0.26709559299940239,0.27953156201063967,-0.063114965431925227,-0.021335092502658026,-0.0052563657918874712,0.22223168000611968,-0.13823895315664478,0.25238698507118906,-0.073446175280646273,0.0077138934152938769,0.071466401115880193,0.2508595809468015,-0.076780852950134509
579,0.75,0.71875,0.3450313019024801,-0.11188850517413539,0.36271977735246652,0.37910730725615105,-0.088119895571317358,-0.034076005353670946,-0.023768609602818028,0.27525335761515846,-0.17836635773206486,0.35312750770009399,-0.10276229108899304,0.012199849664859286,0.10853735828930566,0.35074347090709623,-0.10645549431931979
580,0.71875,0.75,0.29765115667100422,-0.1779362230437504,0.34678164677309842,0.29163102124223594,-0.18028265648814512,0.0060201354287682807,0.0023464334443947243,0.20737482111653174,-0.22980662893283746,0.31672583098085982,-0.18693280384625577,0.021089847466567259,0.11745555855685663,0.31408740733834617,-0.1897541737525674
581,0.21875,0.75,-0.057020108700438055,0.2759942951996453,0.28182289434848745,-0.072058809250029485,0.26550169529682538,0.01503870054959143,0.010492599902819921,-0.071361746568215714,0.24783891958626625,-0.046853131378546957,0.25864708576882256,0.020107041127442729,0.026785979070122042,-0.046664185715528668,0.25821541159980244
582,0.25,0.78125,-0.101708579594502,0.24704688045771817,0.26716436197034449,-0.099374199199114444,0.2690757598803486,-0.002334380395387553,-0.022028879422630432,-0.094350117328686881,0.25108202696163229,-0.10938689405756581,0.23901472403414586,0.011111797775626982,0.019280157010197748,-0.10896752031665748,0.23857800959722669
583,0.25,0.71875,-0.1570008561235649,0.32762963512233867,0.36330489486645939,-0.13820202523436809,0.3649213894798834,-0.018798830889196816,-0.037291754357544726,-0.12918548227115706,0.32420743438704375,-0.15304878443992284,0.33441769502495072,0.0078547200990293064,0.025955858928030377,-0.15246249570323842,0.33407773084202191
584,0.28125,0.75,-0.21612596544560286,0.27137288406526078,0.34692027203046438,-0.21755062496578184,0.26498370178861774,0.001424659520178978,0.0063891822766430351,-0.19080371237333016,0.24350621703300224,-0.2310271301655005,0.28615658351998791,0.020990533094164644,0.058625737525063816,-0.23019958455165473,0.28592530903798358
585,0.21875,0,0.0075207219736231068,0.00096307868806457095,0.0075821355543106463,0.0091676904946405621,-0.0060826582932150663,-0.0016469685210174553,0.0070457369812796369,-0.0029048564636042547,0.0063322784371417605,-0,0,0.0075821355543106463,0.0069667740942012694,6.1125895039115151e-05,-0.00053068338743911107
586,0.28125,0,-0.007861406867325893,-0.0036012303720480868,0.0086469982147679616,0.013026549848251766,-0.005444668351197471,-0.020887956715577659,0.0018434379791493843,-0.013946820476190542,0.0033269225872925908,-0,0,0.0086469982147679616,0.014338138487855577,0.00043150264494720811,-0.00038679434426357043
587,0.25,0.03125,-0.0034375026152276894,0.0053376907773877331,0.0063488083184726303,-0.00046472382178263001,0.019849775912339229,-0.0029727787934450594,-0.014512085134951495,-0.016400218121190017,0.031474539503471961,-0.0034325160878145547,0.0075001844831612792,0.0021624994550209363,0.027256760531404061,-0.0032695655878212672,0.0069566443977456078
588,0,0.21875,-0.0013743857355995621,-0.009248650807720105,0.0093502127202198613,-0.0047274436196790186,-0.016805556305213118,0.0033530578840794568,0.007556905497493013,-0.0081622613159285599,-0.0073065741901038612,0,0,0.0093502127202198613,0.010954840764931077,-0.00019001250285012578,-0.00011236115585542803
589,0,0.28125,0.00093979815812630604,0.0011874325570394996,0.0015143370349875757,-0.0061814939444271907,-0.019633909040235865,0.0071212921025534965,0.020821341597275365,-0.0086549616039431516,-0.0023037811048090958,0,0,0.0015143370349875757,0.008956325571606116,-0.00021879237462939753,-7.275735783016671e-05
590,0.03125,0.25,0.0048614724799432452,0.0018280735082286754,0.005193820118634551,0.013178937161077807,0.0055440226919802847,-0.0083174646811345621,-0.0037159491837516091,0.0030654514004876086,0.015444765431228942,0.0079919085839990286,0.0020406692920612039,0.0031376467565484996,0.014280748358857905,0.0077481477355224185,0.0019878287749073779
591,0.78125,0,-0.0011952413869200879,0.005808847004686357,0.0059305400678909773,-0.0053583530438888333,0.006884754185578823,0.0041631116569687456,-0.001075907180892466,0.04234463290531526,-0.0011730959382655302,0,-0,0.0059305400678909773,0.042360879239768889,0.0016835459241877286,-0.0013037385742693385
592,0.71875,0,0.0023832312319293763,-0.010116530991089282,0.010393459019908315,-0.0060754643625184814,0.010286183972560635,0.0084586955944478577,-0.020402714963649919,0.044829949327886351,-0.016303924309530423,0,-0,0.010393459019908315,0.047702644629325899,0.00075586482007186152,-0.0015941050674437279
593,0.75,0.03125,0.0073035210415668267,-0.0046229997049016284,0.0086436997793844002,0.021124114027075241,0.0002929565456482033,-0.013820592985508414,-0.0049159562505498317,0.062087373482248132,-0.02511930231536795,0.0079198005764379645,-0.0023047110022759529,0.0023988044884531178,0.058776113611650714,0.0087888106538545237,-0.0041420423697075643
594,1,0.21875,-0.0038473943496876821,-0.0051914646167065598,0.0064617140255914208,-0.012184394144878669,-0.0068718057517938103,0.0083369997951909872,0.0016803411350872505,0.072258386919316714,-0.025377116045821515,-0,0,0.0064617140255914208,0.076585067075669339,0.0034747673353960262,0.00014659084708729369
595,1,0.28125,0.0043517977583288582,0.0018430915879984863,0.0047260057481076827,-0.014328670124848297,-0.0092213633288960976,0.018680467883177156,0.011064454916894584,0.086954035691801615,-0.038296672750931376,-0,0,0.0047260057481076827,0.095013890915397414,0.0039411937101996976,-0.00037455267931922815
596,0.96875,0.25,0.0046546043126602012,0.0044956026225697757,0.0064711501487364044,0.0071415215509878869,0.012972156281852333,-0.0024869172383276857,-0.0084765536592825569,0.085574870023029367,-0.034906820457670323,0.00085613002356464284,0.0082037781148267385,0.0053083869872396433,0.09505676523202275,0.0044425275841531364,0.0071327598292609947
597,1,0.78125,-0.0038473943496882029,-0.0051914646167060445,0.0064617140255913176,-0.012184394144879431,-0.0068718057517930895,0.0083369997951912283,0.001680341135087045,0.072258386919316089,-0.025377116045821536,-0,0,0.0064617140255913176,0.076585067075668756,0.0034747673353953457,0.00014659084708663886
598,1,0.71875,0.0043517977583281808,0.0018430915879991436,0.0047260057481073149,-0.014328670124848997,-0.009221363328895258,0.018680467883177176,0.011064454916894402,0.086954035691801046,-0.038296672750931363,-0,0,0.0047260057481073149,0.095013890915396887,0.0039411937101989352,-0.00037455267931986132
599,0.96875,0.75,0.0046546043126596374,0.0044956026225704054,0.0064711501487364365,0.0071415215509874376,0.012972156281853312,-0.0024869172383278002,-0.0084765536592829073,0.085574870023028798,-0.034906820457670157,0.00085613002356464284,0.0082037781148267385,0.0053083869872388003,0.095056765232022167,0.004442527584152243,0.007132759829260555
600,0.78125,1,-0.0011952413869196919,0.0058088470046870934,0.0059305400678916183,-0.0053583530438882226,0.0068847541855800044,0.0041631116569685305,-0.001075907180892911,0.042344632905315413,-0.0011730959382649825,0,-0,0.0059305400678916183,0.042360879239769028,0.001683545924187727,-0.0013037385742696785
601,0.71875,1,0.0023832312319301482,-0.010116530991088205,0.010393459019907443,-0.0060754643625174961,0.01028618397256156,0.0084586955944476443,-0.020402714963649766,0.044829949327886795,-0.016303924309530048,0,-0,0.010393459019907443,0.047702644629326191,0.00075586482007203727,-0.0015941050674443743
602,0.75,0.96875,0.0073035210415678189,-0.0046229997049008348,0.0086436997793848148,0.021124114027076313,0.00029295654564939506,-0.013820592985508494,-0.0049159562505502298,0.062087373482248506,-0.025119302315367333,0.0079198005764379645,-0.0023047110022759529,0.0023988044884520957,0.058776113611650825,0.0087888106538545011,-0.0041420423697079928
603,0,0.78125,-0.0013743857355995183,-0.0092486508077201518,0.0093502127202199012,-0.0047274436196792389,-0.016805556305213108,0.0033530578840797205,0.0075569054974929557,-0.0081622613159287646,-0.0073065741901037901,0,0,0.0093502127202199012,0.010954840764931183,-0.00019001250285031931,-0.00011236115585587384
604,0,0.71875,0.00093979815812605938,0.0011874325570393285,0.0015143370349872884,-0.0061814939444274197,-0.019633909040235924,0.0071212921025534792,0.020821341597275254,-0.0086549616039433303,-0.0023037811048089831,0,0,0.0015143370349872884,0.0089563255716062599,-0.00021879237462956214,-7.2757357830519184e-05
605,0.03125,0.75,0.0048614724799430336,0.0018280735082286416,0.0051938201186343411,0.01317893716107757,0.0055440226919804686,-0.008317464681134536,-0.0037159491837518268,0.0030654514004874699,0.015444765431229111,0.0079919085839990286,0.0020406692920612039,0.003137646756548713,0.014280748358858111,0.0077481477355221505,0.0019878287749070553
606,0.21875,1,0.0075207219736231692,0.00096307868806451348,0.0075821355543107009,0.0091676904946404406,-0.0060826582932151521,-0.0016469685210172714,0.0070457369812796655,-0.002904856463604783,0.0063322784371418663,-0,0,0.0075821355543107009,0.0069667740942015851,6.112589503789949e-05,-0.00053068338744014182
607,0.28125,1,-0.0078614068673260543,-0.0036012303720481288,0.0086469982147681264,0.013026549848251554,-0.0054446683511978067,-0.02088795671557761,0.0018434379791496779,-0.0139468204761912,0.0033269225872925925,-0,0,0.0086469982147681264,0.014338138487856218,0.00043150264494544048,-0.00038679434426495561
608,0.25,0.96875,-0.0034375026152276824,0.0053376907773875683,0.006348808318472488,-0.00046472382178287634,0.019849775912339142,-0.0029727787934448061,-0.014512085134951573,-0.016400218121190597,0.031474539503472218,-0.0034325160878145547,0.0075001844831612792,0.0021624994550211011,0.027256760531404561,-0.0032695655878230471,0.0069566443977448203
609,0.5,0.28125,-0.4236416029929338,-0.4874333830224743,0.64580454525433362,-0.4556683299205091,-0.5243365612249129,0.0320267269275753,0.036903178202438602,-0.43306960435204178,-0.42972586939936924,-0.42736779038062911,-0.49481552309340537,0.0082692481202988385,0.065338914136784887,-0.42797740777473264,-0.49245477475074562
610,0.5,0.21875,-0.3126173375769466,-0.35973445491291245,0.47659047179437908,-0.33507209611957278,-0.38550398856622048,0.022454758542626185,0.02576953365330803,-0.33216831140077463,-0.33650432870693092,-0.30544793531720149,-0.35365412015999298,0.0094005744223211434,0.031750493617125196,-0.30587492760414747,-0.35192507108512999
611,0.46875,0.25,-0.44689277907807856,-0.32970311261161034,0.55535330957680673,-0.43156933314327212,-0.32824055066844621,-0.015323445934806446,-0.0014625619431641312,-0.40591905790795652,-0.27870492332003621,-0.45796570768265193,-0.31899640346621333,0.015402706535090098,0.065819883964798875,-0.45779773604617208,-0.31701516152940273
612,0.53125,0.25,-0.26436367862305876,-0.48868325030890225,0.5556073017047104,-0.26505320012009653,-0.4732680536723286,0.00068952149703777055,-0.015415196636573647,-0.28350456596330981,-0.40926675014563602,-0.24896769646148625,-0.49950613705570485,0.018819435279879525,0.096622680075079126,-0.25023590879180846,-0.4976371916650148
613,0.28125,0.5,-0.38053832593452364,0.48367879454778762,0.61543041345082283,-0.39193128926308196,0.47423831311253634,0.011392963328558325,0.00944048143525128,-0.32422957497849264,0.42581417030554436,-0.41071489807200084,0.50872281514664519,0.039215156173657763,0.11980632078474115,-0.40938154022793627,0.5088755662296649
614,0.21875,0.5,-0.10431221574027999,0.49123061159615083,0.50218378321265522,-0.13164326530286105,0.47534057553396269,0.027331049562581061,0.01589003606218814,-0.1195776336198066,0.43114649172337804,-0.083294455784083482,0.45981704136679563,0.037796277966632229,0.046243587779435769,-0.082816608758221236,0.45959448997416158
615,0.25,0.46875,-0.22848251013676171,0.50950357553609971,0.55838888860942204,-0.21148932853441965,0.55766939944759386,-0.016993181602342061,-0.048165823911494154,-0.18567721252379929,0.49087892698353608,-0.23225739709692136,0.50749167119413341,0.0042775612962535339,0.04945398735261753,-0.23135931108622335,0.50736990723886388
616,0.25,0.53125,-0.22848251013676146,0.5095035755360996,0.55838888860942182,-0.21148932853441962,0.55766939944759386,-0.016993181602341839,-0.048165823911494265,-0.18567721252379923,0.49087892698353625,-0.23225739709692136,0.50749167119413341,0.0042775612962537022,0.04945398735261753,-0.23135931108622312,0.50736990723886444
617,0.71875,0.5,0.52906158458480579,-0.31055208217950703,0.61347270194313686,0.52142297310362662,-0.32321652460965383,0.0076386114811791694,0.012664442430146805,0.33459519035282675,-0.36262668889382405,0.56306814396597304,-0.33232498461556581,0.040379516607247652,0.23047360763194102,0.55819080105039931,-0.33543364769299022
618,0.78125,0.5,0.49858130836528858,-0.037285683500140769,0.49997354254531873,0.48664343028983215,-0.066528961090354083,0.011937878075456432,0.029243277590213314,0.35129713361042636,-0.18788417016326495,0.46704312794685815,-0.015504661663344231,0.038328445524968481,0.20763388489262424,0.46411866862499729,-0.020573552242078966
619,0.75,0.46875,0.53357129938865666,-0.15702988085915259,0.55619844930918239,0.57859312130678453,-0.13351714370812323,-0.045021821918127869,-0.023512737151029361,0.39608167152794721,-0.23873392588595738,0.53588452911850015,-0.15594571584078445,0.0025546908952131524,0.16247684977549293,0.53186774996866359,-0.16017544687078117
620,0.75,0.53125,0.53357129938865666,-0.15702988085915229,0.55619844930918227,0.57859312130678475,-0.13351714370812304,-0.045021821918128091,-0.02351273715102925,0.39608167152794727,-0.23873392588595727,0.53588452911850015,-0.15594571584078445,0.0025546908952130227,0.16247684977549282,0.53186774996866371,-0.16017544687078081
621,0.5,0.71875,-0.42364160299293491,-0.48743338302247502,0.64580454525433495,-0.45566832992051065,-0.52433656122491379,0.032026726927575744,0.036903178202438769,-0.43306960435204206,-0.42972586939936941,-0.42736779038062911,-0.49481552309340537,0.0082692481202976953,0.065338914136784748,-0.42797740777473298,-0.49245477475074317
622,0.5,0.78125,-0.3126173375769476,-0.35973445491291289,0.47659047179438008,-0.33507209611957378,-0.38550398856622098,0.022454758542626185,0.025769533653308085,-0.33216831140077502,-0.33650432870693125,-0.30544793531720149,-0.35365412015999298,0.0094005744223221929,0.031750493617125342,-0.30587492760414908,-0.35192507108512849
623,0.53125,0.75,-0.26436367862305959,-0.48868325030890369,0.55560730170471206,-0.26505320012009737,-0.47326805367232905,0.00068952149703777055,-0.015415196636574646,-0.28350456596330997,-0.40926675014563618,-0.24896769646148625,-0.49950613705570485,0.018819435279879376,0.096622680075079029,-0.25023590879180946,-0.49763719166501291
624,0.46875,0.75,-0.44689277907807901,-0.329703112611611,0.55535330957680751,-0.43156933314327334,-0.32824055066844654,-0.015323445934805668,-0.0014625619431644643,-0.4059190579079569,-0.27870492332003627,-0.45796570768265193,-0.31899640346621333,0.01540270653509024,0.065819883964798528,-0.45779773604617308,-0.31701516152940057
625,0.125,0.09375,0.016501343405549977,0.016164809584254439,0.023099684047256833,0.020577201141212739,0.017029394836932821,-0.004075857735662762,-0.00086458525267838274,0.017332947041630197,0.025109946304094768,0.011944047182958217,0.018601751346381753,0.0051679429188458831,0.0084496652770625173,0.011592103574019651,0.018373771489239181
626,0.09375,0.125,0.023502663792892429,0.015529548454255448,0.028169878958824168,0.020353795993117586,0.017038185461770345,0.0031488677997748432,-0.0015086370075148969,0.015598243428099304,0.024257760373726192,0.01617488261322925,0.015068463382495295,0.0073422732488260031,0.0092073716088182603,0.015847545877584242,0.014932519879539828
627,0.15625,0.125,0.008603599376523996,0.048502372443850833,0.049259537705034794,0.010944786824789545,0.042961829042487118,-0.0023411874482655495,0.005540543401363715,0.0038375853840444309,0.050252207370424969,0.016784116785409142,0.05051296887993946,0.0084239754929537423,0.012949157188456968,0.016456371370263824,0.050170152560145807
628,0.125,0.15625,0.022855353310486107,0.046600023593365798,0.051903076728161281,0.038260176773874416,0.039387764458963748,-0.015404823463388308,0.0072122591344020506,0.026825956144515474,0.047009099995058992,0.028759447735422581,0.044790186059956064,0.0061752605512564876,0.0029431222848367105,0.02840107546700988,0.044568797131647075
629,0.875,0.09375,0.015993150093989456,0.017709539703629353,0.023862285021416105,0.016462078608662035,0.021784806680391601,-0.00046892851467257926,-0.0040752669767622485,0.057668788313101495,-0.0046090467552986104,0.016665936827248283,0.01452349702831645,0.0032563031058800537,0.045246967429904979,0.018940542975544251,0.013172580921207624
630,0.90625,0.125,0.014730521725789304,0.024563037225415304,0.028641422242114457,0.016541477221460738,0.021741654852604691,-0.001810955495671434,0.002821382372810613,0.062786261479145608,-0.0061273397621612446,0.012554662544338967,0.018195215433160435,0.0067293029026354381,0.055810395293141732,0.015136723829102279,0.017032358156104582
631,0.84375,0.125,0.048623405535274611,0.0135793169785363,0.05048399167509774,0.042944545679626106,0.015193009040460982,0.0056788598556485048,-0.0016136920619246823,0.077411528890034373,-0.02855525313240103,0.047533332763073609,0.023955143033739093,0.010432929836652748,0.060415629677477635,0.049238711956694464,0.021606550788473393
632,0.875,0.15625,0.045199957602464987,0.027317537248994307,0.052813672553750926,0.035867392917327295,0.041585616886250835,0.0093325646851376912,-0.014268079637256528,0.076102744582858262,-0.015657044174010051,0.040129039328392124,0.034970370371392168,0.0091804175799141009,0.062106703126854262,0.042281947496641138,0.032683684109165487
633,0.90625,0.875,0.014730521725789167,0.024563037225416091,0.02864142224211506,0.016541477221460706,0.021741654852605735,-0.0018109554956715398,0.0028213823728103563,0.062786261479145164,-0.0061273397621607328,0.012554662544338967,0.018195215433160435,0.0067293029026361389,0.055810395293141107,0.015136723829101601,0.017032358156104405
634,0.875,0.90625,0.015993150093989342,0.017709539703630317,0.023862285021416744,0.016462078608662088,0.021784806680392788,-0.00046892851467274579,-0.0040752669767624705,0.057668788313101085,-0.0046090467552979929,0.016665936827248283,0.01452349702831645,0.0032563031058810209,0.045246967429904347,0.018940542975543709,0.013172580921207513
635,0.875,0.84375,0.045199957602465049,0.027317537248995466,0.052813672553751578,0.035867392917327573,0.041585616886252133,0.0093325646851374761,-0.014268079637256667,0.076102744582857873,-0.015657044174009354,0.040129039328392124,0.034970370371392168,0.0091804175799131693,0.062106703126853471,0.04228194749664034,0.032683684109165605
636,0.84375,0.875,0.048623405535274722,0.013579316978537337,0.050483991675098129,0.04294454567962662,0.015193009040462177,0.0056788598556481024,-0.0016136920619248402,0.077411528890034179,-0.028555253132400343,0.047533332763073609,0.023955143033739093,0.010432929836651728,0.060415629677476941,0.049238711956693812,0.021606550788473532
637,0.09375,0.875,0.023502663792892481,0.015529548454255505,0.028169878958824241,0.020353795993117492,0.017038185461770525,0.0031488677997749889,-0.00150863700751502,0.015598243428099248,0.024257760373726369,0.01617488261322925,0.015068463382495295,0.0073422732488260586,0.009207371608818439,0.015847545877583653,0.014932519879539464
638,0.125,0.90625,0.016501343405549967,0.016164809584254425,0.023099684047256815,0.020577201141212663,0.017029394836933047,-0.0040758577356626961,-0.00086458525267862213,0.017332947041630131,0.025109946304094948,0.011944047182958217,0.018601751346381753,0.0051679429188458805,0.0084496652770626145,0.011592103574018872,0.01837377148923882
639,0.125,0.84375,0.022855353310486055,0.046600023593365854,0.051903076728161308,0.038260176773874305,0.039387764458964102,-0.015404823463388249,0.0072122591344017523,0.026825956144515481,0.04700909999505927,0.028759447735422581,0.044790186059956064,0.0061752605512565535,0.0029431222848369152,0.028401075467009141,0.044568797131647062
640,0.15625,0.875,0.0086035993765240203,0.04850237244385084,0.049259537705034807,0.010944786824789344,0.04296182904248734,-0.0023411874482653239,0.0055405434013634999,0.0038375853840443182,0.050252207370425295,0.016784116785409142,0.05051296887993946,0.0084239754929537163,0.012949157188457076,0.016456371370262769,0.050170152560145849
641,0.40625,0.375,-0.79241451161576237,-0.06179502486175973,0.79482034656701683,-0.78232047312628872,-0.064721036318619501,-0.010094038489473656,0.0029260114568597714,-0.68509430586215525,-0.0086651089610096377,-0.81339138250348331,-0.088524658475706633,0.033977969706501805,0.1511214330378095,-0.8119824596217633,-0.08634190941829073
642,0.375,0.40625,-0.80704658864685619,0.11533054663868142,0.81524556498916634,-0.85931483734630054,0.14788157559405529,0.052268248699444353,-0.032551028955373873,-0.73487789177059049,0.15799229779437315,-0.81000636521856362,0.11546360723006718,0.0029627660176612175,0.086330626336991734,-0.80825702091397911,0.11715030821633075
643,0.375,0.34375,-0.71239864979765855,0.10858331351253142,0.72062623613554877,-0.75822147634905179,0.13137497423784728,0.045822826551393248,-0.022791660725315854,-0.65794375941807004,0.14235583711832339,-0.70846513882259621,0.10098925642779942,0.0085523220003168813,0.065296276884380722,-0.70686953814643338,0.10240589375549905
644,0.34375,0.375,-0.68515733754314712,0.25524265169827726,0.73115619975158663,-0.67887287661763818,0.23131266192911282,-0.006284460925508939,0.023929989769164439,-0.59632552931589711,0.22305705447236485,-0.66145553147176206,0.27312682535073196,0.029692074334352267,0.082151683711504983,-0.65975294510982507,0.2740822907105544
645,0.59375,0.375,0.048442177281100604,-0.79296801620810653,0.79444629728431204,0.044075472438178193,-0.78348805059131399,0.0043667048429224115,-0.0094799656167925406,-0.049392165486234915,-0.67640495057523708,0.030765872761432906,-0.81761581281332596,0.030330935016321062,0.16237554837394419,0.027005766358291661,-0.81590324679369419
646,0.625,0.40625,0.22547623729985175,-0.78287278015026007,0.81469584722588129,0.26499674004934792,-0.82995616302343289,-0.039520502749496172,0.047083382873172819,0.10656492822600332,-0.72839832312859798,0.23209082552244326,-0.78458651849077754,0.00683298444709234,0.13752768517696662,0.22745368690590589,-0.78380769482181689
647,0.625,0.34375,0.20580154516207963,-0.69030658490055496,0.72033149115401485,0.23469060223859078,-0.73241954303872969,-0.028889057076511154,0.042112958138174728,0.10017287290249703,-0.65594583132150386,0.20299625531811855,-0.68623188731476303,0.0049470002551333866,0.10719091920035005,0.1988840236099205,-0.68573841286531712
648,0.65625,0.375,0.3467998962597853,-0.64312872561920176,0.730674158406041,0.32216688825250583,-0.64025678212190229,0.024633008007279467,-0.0028719434972994673,0.16805140940112379,-0.60450556012073142,0.36646207922684665,-0.61467652251366878,0.034585102292586878,0.19867119161239899,0.36174066658191301,-0.61525320191992328
649,0.625,0.59375,0.22547623729985125,-0.78287278015026085,0.81469584722588184,0.2649967400493477,-0.82995616302343311,-0.03952050274949645,0.047083382873172264,0.10656492822600341,-0.72839832312859798,0.23209082552244326,-0.78458651849077754,0.0068329844470926288,0.13752768517696654,0.22745368690590589,-0.78380769482181489
650,0.59375,0.625,0.048442177281099889,-0.79296801620810708,0.79444629728431249,0.044075472438177443,-0.78348805059131477,0.0043667048429224462,-0.0094799656167923185,-0.049392165486234846,-0.67640495057523697,0.030765872761432906,-0.81761581281332596,0.030330935016320195,0.16237554837394425,0.027005766358291883,-0.81590324679369208
651,0.65625,0.625,0.34679989625978502,-0.64312872561920187,0.730674158406041,0.32216688825250583,-0.64025678212190229,0.024633008007279189,-0.0028719434972995783,0.1680514094011239,-0.60450556012073109,0.36646207922684665,-0.61467652251366878,0.034585102292587128,0.19867119161239891,0.36174066658191251,-0.61525320191992083
652,0.625,0.65625,0.2058015451620791,-0.69030658490055574,0.72033149115401551,0.23469060223859073,-0.73241954303873014,-0.028889057076511626,0.042112958138174394,0.10017287290249723,-0.65594583132150375,0.20299625531811855,-0.68623188731476303,0.0049470002551337275,0.1071909192003499,0.1988840236099203,-0.68573841286531545
653,0.375,0.59375,-0.80704658864685608,0.11533054663868242,0.81524556498916634,-0.85931483734630054,0.14788157559405529,0.052268248699444464,-0.032551028955372874,-0.73487789177059049,0.15799229779437335,-0.81000636521856362,0.11546360723006718,0.0029627660176612834,0.086330626336991831,-0.80825702091397733,0.11715030821633238
654,0.40625,0.625,-0.79241451161576226,-0.061795024861759834,0.79482034656701672,-0.78232047312628927,-0.064721036318620015,-0.01009403848947299,0.0029260114568601808,-0.68509430586215525,-0.0086651089610094018,-0.81339138250348331,-0.088524658475706633,0.033977969706501791,0.15112143303780964,-0.8119824596217613,-0.086341909418288468
655,0.34375,0.625,-0.68515733754314712,0.25524265169827787,0.73115619975158685,-0.67887287661763818,0.23131266192911282,-0.006284460925508939,0.02392998976916505,-0.59632552931589711,0.22305705447236521,-0.66145553147176206,0.27312682535073196,0.029692074334351899,0.082151683711504761,-0.65975294510982319,0.27408229071055612
656,0.375,0.65625,-0.71239864979765888,0.10858331351253192,0.7206262361355491,-0.75822147634905201,0.13137497423784719,0.045822826551393137,-0.022791660725315271,-0.65794375941807015,0.14235583711832372,-0.70846513882259621,0.10098925642779942,0.008552322000317478,0.065296276884380847,-0.70686953814643116,0.10240589375550135
657,0.375,0.09375,-0.10895118128849197,0.02001025163849373,0.1107735080007566,-0.12439872294063764,0.024787654071132339,0.015447541652145666,-0.004777402432638609,-0.14229425582376828,0.022297509267216242,-0.10049235651033959,0.014324838025936804,0.010191940177087591,0.042555402394191436,-0.09969306020500518,0.014480020686998095
658,0.40625,0.125,-0.17322105967947798,-0.020809885403133867,0.17446657802276297,-0.15956918535363995,-0.011273397654835988,-0.013651874325838032,-0.0095364877482978783,-0.16745050200622913,-0.014930089132129128,-0.17713856774520303,-0.019278703401376111,0.0042061131425019599,0.010619277933333249,-0.17634558638334971,-0.018739686750741454
659,0.34375,0.125,-0.14571212878808765,0.061360399642234636,0.15810478525399219,-0.13788999661067203,0.050082098334669034,-0.0078221321774156194,0.011278301307565602,-0.14474765346876775,0.050445126183395611,-0.1440503157427393,0.059480953076381626,0.0025087730051933004,0.0090626953796402003,-0.1432219571381374,0.059431240477603384
660,0.375,0.15625,-0.23139834525272901,0.028936834138092962,0.23320063155068144,-0.25606642237733934,0.045990040242938277,0.024668077124610333,-0.017053206104845314,-0.24120124851341102,0.042869316254765588,-0.24197029956413516,0.034492029729514893,0.011942630196963006,0.0084125126475249213,-0.24100562936768452,0.034861995562990036
661,0.625,0.09375,0.034710934121723769,-0.10623213433534055,0.11175918446841177,0.041191275305366794,-0.12109495279890584,-0.006480341183643025,0.014862818463565283,0.042538220689282341,-0.15760784779434445,0.028794037902266437,-0.097338677219044642,0.010681911830343052,0.06181646610990868,0.027649102684543823,-0.098023444060685305
662,0.59375,0.125,0.0030346175663961031,-0.17516125099771324,0.17518753595749378,0.010471416927080736,-0.16049180617592959,-0.0074367993606846323,-0.014669444821783645,-0.003724959483408577,-0.1852284801376694,0.0067001234013787216,-0.17805855479045765,0.0046722909042291871,0.012652674920319205,0.0053816426706780373,-0.17808451289043131
663,0.65625,0.125,0.080760061082970389,-0.13723575215253553,0.1592351692780124,0.068390853694960521,-0.13108818022581825,0.012369207388009867,-0.0061475719267172768,0.059795644843644122,-0.16642322580018198,0.079807297253846596,-0.13386288712519898,0.0035048505541201945,0.038218344898966472,0.078357385603235435,-0.13508922839702131
664,0.625,0.15625,0.060260440260268715,-0.22621596075033831,0.23410463805435386,0.080490312926556951,-0.24825587128203772,-0.020229872666288236,0.022039910531699403,0.044938785954056232,-0.2579909015763745,0.069331660822936417,-0.2343767198199351,0.012201845396847627,0.033950580619409171,0.067493112860118359,-0.23487557451042937
665,0.09375,0.375,0.10502822650681037,0.083175582061672873,0.13397427295740008,0.09003248232165198,0.097291984603529502,0.014995744185158394,-0.014116402541856629,0.07170381161118039,0.10522707733784237,0.074272420162787373,0.069191923695131455,0.033785534259253458,0.036126583673870546,0.073932985760554223,0.069237704674306913
666,0.125,0.40625,0.093324708036099574,0.15119980703046038,0.17768197088076124,0.12309576067437696,0.13956078660517265,-0.029771052638277382,0.011639020425287722,0.09170006781666247,0.1396117034144998,0.096273533437058786,0.14993714465469735,0.0032077854542518578,0.011292976781421243,0.095975475285072706,0.14991843021689191
667,0.125,0.34375,0.088568753102199582,0.12746645115001762,0.1552163657442675,0.10939291342715698,0.12246991633574567,-0.020824160324957403,0.0049965348142719523,0.083424224615611151,0.1229756238738804,0.084204822530034806,0.13114124106147135,0.0057050829031659563,0.0082028432362372481,0.083896982823536539,0.13106453070447144
668,0.15625,0.375,0.050105124083351771,0.21200831357638633,0.2178486825411424,0.043249697442818348,0.22188961051880385,0.0068554266405334227,-0.0098812969424175168,0.025600488912669771,0.19934413867465783,0.077069924014633806,0.23194730608135466,0.033536008370813171,0.0609267533573256,0.076897547762726254,0.23178431503786029
669,0.09375,0.625,0.10502822650681025,0.083175582061672984,0.13397427295740005,0.090032482321651633,0.097291984603529405,0.014995744185158616,-0.014116402541856421,0.071703811611180529,0.10522707733784259,0.074272420162787373,0.069191923695131455,0.033785534259253396,0.036126583673870762,0.07393298576055414,0.06923770467430676
670,0.125,0.59375,0.093324708036099213,0.15119980703046035,0.17768197088076101,0.12309576067437661,0.13956078660517263,-0.029771052638277395,0.011639020425287722,0.091700067816662623,0.13961170341449999,0.096273533437058786,0.14993714465469735,0.0032077854542521787,0.011292976781421004,0.095975475285072748,0.1499184302168918
671,0.125,0.65625,0.088568753102199374,0.1274664511500177,0.15521636574426745,0.10939291342715662,0.1224699163357458,-0.02082416032495725,0.0049965348142718968,0.083424224615611331,0.12297562387388068,0.084204822530034806,0.13114124106147135,0.0057050829031657438,0.0082028432362369549,0.083896982823536539,0.13106453070447155
672,0.15625,0.625,0.050105124083351181,0.21200831357638636,0.21784868254114229,0.043249697442818022,0.22188961051880379,0.006855426640533159,-0.0098812969424174335,0.025600488912669979,0.19934413867465817,0.077069924014633806,0.23194730608135466,0.033536008370813629,0.060926753357325246,0.076897547762726406,0.23178431503786043
673,0.90625,0.375,0.06956807956271914,0.11204411794987296,0.13188480602863192,0.085443727492406113,0.099391248950502747,-0.015875647929686973,0.012652868999370209,0.12129779711030349,-0.020728389283808497,0.057648960662780968,0.083549458621655054,0.03088706858188486,0.12216809708315203,0.060169434109078462,0.079469677944026054
674,0.875,0.40625,0.13746398661890769,0.10945074661534848,0.17571514889678821,0.12161712615910021,0.13717541319383836,0.015846860459807474,-0.027724666578489876,0.12946455544022534,-0.019514394801666019,0.134333748169321,0.11706487385395142,0.0082324556699022722,0.13666603698189395,0.13565947524266195,0.11210314987792831
675,0.875,0.34375,0.11484379386500063,0.10189760903849841,0.15353247121397293,0.10691391916824231,0.12158476856125118,0.0079298746967583211,-0.019687159522752767,0.11991863144153124,-0.017338536990547441,0.11749386379162316,0.10238979058369588,0.0026953874098953057,0.11975287855363374,0.11899951816061981,0.097862679345750422
676,0.84375,0.375,0.20279993753787057,0.075435033398131818,0.21637527337739279,0.21356681717605264,0.070187230576069223,-0.01076687963818207,0.0052478028220625944,0.17424909335774619,-0.07036415052435846,0.21826530350390941,0.1099981057671693,0.03786533396196097,0.18565551500077218,0.21841351024030589,0.10485296002674541
677,0.90625,0.625,0.069568079562718974,0.11204411794987362,0.1318848060286324,0.08544372749240603,0.099391248950503677,-0.015875647929687056,0.012652868999369946,0.1212977971103032,-0.020728389283808095,0.057648960662780968,0.083549458621655054,0.030887068581885412,0.12216809708315154,0.060169434109077553,0.079469677944026165
678,0.875,0.59375,0.13746398661890794,0.10945074661534905,0.17571514889678874,0.12161712615910028,0.13717541319383911,0.015846860459807655,-0.027724666578490056,0.12946455544022512,-0.019514394801665634,0.134333748169321,0.11706487385395142,0.008232455669901842,0.13666603698189358,0.13565947524266128,0.11210314987792863
679,0.875,0.65625,0.11484379386500092,0.10189760903849945,0.15353247121397384,0.10691391916824247,0.12158476856125225,0.007929874696758446,-0.019687159522752795,0.11991863144153095,-0.017338536990546886,0.11749386379162316,0.10238979058369588,0.0026953874098948291,0.11975287855363319,0.11899951816061878,0.097862679345750755
680,0.84375,0.625,0.20279993753787065,0.075435033398132484,0.2163752733773931,0.21356681717605291,0.070187230576070153,-0.010766879638182264,0.0052478028220623307,0.17424909335774602,-0.070364150524357946,0.21826530350390941,0.1099981057671693,0.037865333961960325,0.18565551500077174,0.21841351024030523,0.10485296002674603
681,0.625,0.90625,0.034710934121724484,-0.10623213433534096,0.11175918446841236,0.041191275305367731,-0.12109495279890634,-0.006480341183643247,0.01486281846356538,0.04253822068928298,-0.15760784779434481,0.028794037902266437,-0.097338677219044642,0.010681911830343782,0.061816466109909173,0.02764910268454308,-0.098023444060686277
682,0.59375,0.875,0.0030346175663965528,-0.17516125099771424,0.17518753595749478,0.010471416927081381,-0.16049180617593034,-0.0074367993606848284,-0.014669444821783895,-0.0037249594834082439,-0.18522848013766985,0.0067001234013787216,-0.17805855479045765,0.0046722909042282148,0.012652674920319183,0.0053816426706768221,-0.17808451289043206
683,0.65625,0.875,0.080760061082971332,-0.13723575215253619,0.15923516927801346,0.068390853694961534,-0.1310881802258185,0.012369207388009798,-0.0061475719267176931,0.059795644843644691,-0.1664232258001821,0.079807297253846596,-0.13386288712519898,0.0035048505541210918,0.038218344898966271,0.078357385603234825,-0.1350892283970217
684,0.625,0.84375,0.060260440260269409,-0.22621596075033965,0.2341046380543553,0.080490312926557811,-0.24825587128203838,-0.020229872666288402,0.022039910531698736,0.04493878595405678,-0.25799090157637478,0.069331660822936417,-0.2343767198199351,0.01220184539684622,0.03395058061940897,0.067493112860117457,-0.23487557451042954
685,0.375,0.90625,-0.10895118128849243,0.020010251638493352,0.11077350800075697,-0.12439872294063802,0.024787654071131846,0.015447541652145583,-0.0047774024326384945,-0.1422942558237692,0.022297509267216315,-0.10049235651033959,0.014324838025936804,0.010191940177087761,0.042555402394192351,-0.099693060205008163,0.014480020686997819
686,0.40625,0.875,-0.17322105967947848,-0.020809885403134429,0.17446657802276352,-0.15956918535364031,-0.01127339765483653,-0.01365187432583817,-0.0095364877482978991,-0.16745050200622999,-0.014930089132129103,-0.17713856774520303,-0.019278703401376111,0.0042061131425016997,0.010619277933332474,-0.17634558638335285,-0.018739686750741325
687,0.34375,0.875,-0.14571212878808829,0.061360399642234505,0.15810478525399274,-0.13788999661067244,0.050082098334668798,-0.0078221321774158414,0.011278301307565707,-0.14474765346876861,0.050445126183395937,-0.1440503157427393,0.059480953076381626,0.0025087730051936248,0.0090626953796399418,-0.14322195713814032,0.059431240477603953
688,0.375,0.84375,-0.23139834525272973,0.028936834138092594,0.2332006315506821,-0.25606642237733984,0.045990040242937943,0.02466807712461011,-0.017053206104845349,-0.24120124851341185,0.042869316254765887,-0.24197029956413516,0.034492029729514893,0.011942630196962538,0.0084125126475251416,-0.2410056293676878,0.034861995562991056
689,0.09375,0,-0.00058573092846858122,-0.0021128644849050288,0.0021925503533870455,-0.0017837593683128804,-0.0037723804212935535,0.0011980284398442993,0.0016595159363885247,0.0026309910299250269,0.0030586883444139756,0,0,0.0021925503533870455,0.0040345617095044984,-0.00020963351385295357,-0.00018333937686081526
690,0.15625,0,0.00096527680036794178,0.0022757914678248263,0.0024720408787786761,0.0022470367701079384,-0.0043933335991391525,-0.0012817599697399966,0.0066691250669639792,0.0019405848586547202,0.0056915898768244797,0,0,0.0024720408787786761,0.0060133239493320879,-0.00020127090351251456,-0.0004005769491139827
691,0.125,0.03125,0.0019872416668312381,0.0013476769888103039,0.0024011169710280683,0.006050206985631996,0.0033106841109101426,-0.0040629653188007583,-0.0019630071220998386,0.0086865193603995368,0.011950812499142148,0.0015164789724960823,0.0023617760660421274,0.0011180404522288677,0.011973266007213164,0.0012203868847534501,0.0021143044678124234
692,0,0.09375,-0.0020351927316094218,-0.00093798731920445111,0.0022409439229450104,-0.0024539748125983348,-0.0037460085467809819,0.00041878208098891298,0.0028080212275765309,-0.0025731198106676506,0.00050213055330824757,0,0,0.0022409439229450104,0.0026216560896913945,-0.00011038172725452373,-0.00010428096277891386
693,0,0.15625,-0.00032793809685641233,-0.0014009383413843689,0.0014388091019070571,-0.0029804216629189927,-0.007944191270238439,0.0026524835660625802,0.0065432529288540703,-0.0044377597282024284,-0.0011271901465735976,0,0,0.0014388091019070571,0.0045786754669650803,-0.00015744015570275311,-0.00012265582905620284
694,0.03125,0.125,0.0041157806335490365,0.0014667398042070014,0.0043693221301184127,0.005379991541346542,0.0033370559854227141,-0.0012642109077975056,-0.0018703161812157127,0.0034824085198068605,0.0093942547080364189,0.0027194688931663365,0.00069439441188193739,0.0015956828887270559,0.008733249455185825,0.0025347127174604822,0.00060563682069692969
695,0.90625,0,0.0011276373474892491,-0.00038798392953154581,0.0011925173026112992,-0.0011573497887901057,-0.0013663724251198263,0.0022849871362793546,0.00097838849558828044,0.0308602455939198,0.021474574017145719,0,0,0.0011925173026112992,0.037596703144490165,0.002116755378761024,0.00079357022873540373
696,0.84375,0,0.0031975926260172493,0.0016478695474119395,0.0035972312473967418,-0.0022606667093362821,0.0014554353767020768,0.0054582593353535314,0.0001924341707098627,0.037236157461821753,0.0099058156594095861,0,0,0.0035972312473967418,0.038531241952470048,0.0022382979316040602,-0.00039170285037352324
697,0.875,0.03125,0.0037349992251788813,0.0021540491558800817,0.0043116292718686448,0.0050128105081806732,0.0064221195416396693,-0.0012778112830017919,-0.004268070385759588,0.042344209264417162,0.0087604987203985605,0.0021159948858482762,0.0018439794747274552,0.0016484290272685144,0.040818469723445473,0.0044169056687451335,0.001497362813915549
698,1,0.09375,0.0019014116797036534,-0.00041772082712904311,0.001946755522691753,-0.00091915395039399682,-0.0014958279084805585,0.00282056563009765,0.0010781070813515154,0.046212665092052137,0.016919694996557814,-0,0,0.001946755522691753,0.0492126659884091,0.0021855449877348915,0.0012910986984633996
699,1,0.15625,0.0019430489378196075,-0.00051960498995022553,0.0020113250658068873,-0.0043242841088696861,-0.0032451561431872293,0.0062673330466892939,0.0027255511532370039,0.060854003909273202,-0.0022109723947427665,-0,0,0.0020113250658068873,0.060894155636810936,0.00289123850563005,0.00071441550455945729
700,0.96875,0.125,0.0034797063772426004,0.0049680378969684707,0.0060654560436572058,0.0052510063465767828,0.0062926640582789371,-0.0017712999693341824,-0.0013246261613104665,0.057696628762549503,0.0042056196998106563,0.00029132202190741317,0.0027915633862952097,0.0038604191602670027,0.057422720218089647,0.0030264324782634917,0.0031110713107989824
701,1,0.90625,0.0019014116797028814,-0.00041772082712891929,0.0019467555226909724,-0.00091915395039484054,-0.0014958279084803855,0.002820565630097722,0.0010781070813514662,0.046212665092051602,0.016919694996557683,-0,0,0.0019467555226909724,0.049212665988408552,0.0021855449877346664,0.001291098698462802
702,1,0.84375,0.0019430489378189193,-0.0005196049899499611,0.0020113250658061539,-0.004324284108870511,-0.0032451561431867879,0.00626733304668943,0.0027255511532368265,0.060854003909272633,-0.0022109723947428168,-0,0,0.0020113250658061539,0.060894155636810367,0.0028912385056295742,0.00071441550455880634
703,0.96875,0.875,0.0034797063772420409,0.0049680378969689035,0.0060654560436572396,0.0052510063465762008,0.006292664058279487,-0.0017712999693341599,-0.0013246261613105836,0.057696628762548982,0.0042056196998107847,0.00029132202190741317,0.0027915633862952097,0.0038604191602667846,0.057422720218089127,0.0030264324782629877,0.0031110713107984681
704,0.90625,1,0.0011276373474886532,-0.00038798392953119383,0.0011925173026106212,-0.0011573497887906899,-0.0013663724251192313,0.0022849871362793433,0.00097838849558803736,0.030860245593919363,0.021474574017145899,0,0,0.0011925173026106212,0.037596703144489908,0.0021167553787608921,0.00079357022873499932
705,0.84375,1,0.0031975926260170346,0.0016478695474128218,0.0035972312473969551,-0.0022606667093364192,0.0014554353767030465,0.0054582593353534534,0.00019243417070977532,0.037236157461821524,0.0099058156594100076,0,0,0.0035972312473969551,0.038531241952469937,0.0022382979316039084,-0.00039170285037382633
706,0.875,0.96875,0.0037349992251786857,0.0021540491558808008,0.0043116292718688339,0.0050128105081803515,0.0064221195416406416,-0.0012778112830016657,-0.0042680703857598413,0.042344209264416746,0.0087604987203990046,0.0021159948858482762,0.0018439794747274552,0.0016484290272684575,0.04081846972344514,0.0044169056687448629,0.0014973628139152569
707,0,0.90625,-0.0020351927316095021,-0.00093798731920462155,0.0022409439229451548,-0.0024539748125982836,-0.0037460085467810062,0.00041878208098878157,0.0028080212275763848,-0.0025731198106678042,0.0005021305533081939,0,0,0.0022409439229451548,0.002621656089691535,-0.00011038172725456431,-0.00010428096277956778
708,0,0.84375,-0.00032793809685639904,-0.0014009383413846113,0.0014388091019072902,-0.0029804216629190508,-0.0079441912702384425,0.0026524835660626518,0.0065432529288538309,-0.0044377597282026079,-0.0011271901465735811,0,0,0.0014388091019072902,0.0045786754669652503,-0.00015744015570292967,-0.00012265582905677242
709,0.03125,0.875,0.0041157806335490365,0.0014667398042069628,0.0043693221301183997,0.0053799915413465264,0.0033370559854227697,-0.0012642109077974899,-0.0018703161812158068,0.00348240851980673,0.0093942547080364709,0.0027194688931663365,0.00069439441188193739,0.001595682888727037,0.0087332494551858666,0.0025347127174602077,0.00060563682069634866
710,0.09375,1,-0.00058573092846853656,-0.0021128644849050622,0.0021925503533870658,-0.0017837593683127746,-0.0037723804212934425,0.0011980284398442381,0.0016595159363883803,0.0026309910299248509,0.0030586883444139339,0,0,0.0021925503533870658,0.0040345617095043518,-0.00020963351385312276,-0.00018333937686157732
711,0.15625,1,0.00096527680036792357,0.00227579146782475,0.0024720408787785985,0.0022470367701079609,-0.0043933335991390658,-0.0012817599697400373,0.0066691250669638161,0.001940584858654413,0.0056915898768245179,0,0,0.0024720408787785985,0.0060133239493320246,-0.00020127090351314511,-0.00040057694911484052
712,0.125,0.96875,0.0019872416668312376,0.0013476769888103961,0.0024011169710281199,0.006050206985632035,0.0033106841109103338,-0.0040629653188007974,-0.0019630071220999379,0.0086865193603993841,0.011950812499142212,0.0015164789724960823,0.0023617760660421274,0.001118040452228784,0.011973266007213124,0.0012203868847528792,0.0021143044678117299
713,0.5,0.40625,-0.61138523735236849,-0.70342236126558755,0.93198440264892135,-0.63786595176244731,-0.7339567098830666,0.026480714410078821,0.030534348617479057,-0.58013478821122411,-0.563411816050012,-0.60849218239239655,-0.70452519891725751,0.0030961295010640574,0.14393445949106215,-0.60937884247420804,-0.70110316524059935
714,0.5,0.34375,-0.53461598321442694,-0.61513767666770303,0.81498994519225076,-0.55778586832914856,-0.64182632642342041,0.023169885114721622,0.026688649755717386,-0.5070463394943292,-0.49553977924636677,-0.53221248249669184,-0.61620693896677181,0.0026306154345253482,0.12326353146249343,-0.53298157155247872,-0.61324883576511813
715,0.46875,0.375,-0.7014260488301759,-0.49856665180461907,0.86056214666297082,-0.66666991606440851,-0.48862115145465596,-0.034756132765767389,-0.0099455003499631101,-0.59105457333103373,-0.35518619243358024,-0.71557141825414361,-0.49843188041595832,0.014146011433182224,0.18979929345271707,-0.71546126299820645,-0.4953409916427155
716,0.53125,0.375,-0.39611516587430923,-0.76402736413885441,0.86060736563696527,-0.39120460087625281,-0.72821015621222074,-0.0049105649980564214,-0.035817207926633676,-0.37915385987239358,-0.57776613963832268,-0.38901202572107224,-0.78047833914953879,0.017918961433037613,0.20295176585724781,-0.39087874440524506,-0.77744747561886018
717,0.40625,0.5,-0.90831697287937385,-0.092609267850684213,0.91302584832664457,-0.86884904442248279,-0.096148874145042099,-0.039467928456891066,0.003539606294357886,-0.72948554593652959,-0.0634395957838636,-0.92545863964840769,-0.10072138919902621,0.018964262505850968,0.19948780809677422,-0.92392328538024582,-0.09818159654069214
718,0.34375,0.5,-0.75512281608202181,0.29538612305317075,0.8108411860901158,-0.74185849269670445,0.25797226345619551,-0.013264323385317356,0.037413859596975241,-0.60352255879230654,0.23405998533629188,-0.75258940469676039,0.31075763239905502,0.015578879061652019,0.16764084708944407,-0.75071253766257984,0.3119341543122558
719,0.375,0.46875,-0.86381584388008315,0.12703112320275733,0.87310636144768428,-0.89765300872444398,0.14918668428336851,0.033837164844360834,-0.022155561080611175,-0.74040533105633921,0.14478602783256814,-0.86332613054364271,0.12306415545468895,0.0039970804678042685,0.12482532870454915,-0.86149416731262318,0.12489796286583343
720,0.375,0.53125,-0.8638158438800827,0.12703112320275736,0.87310636144768383,-0.89765300872444387,0.14918668428336851,0.033837164844361167,-0.022155561080611147,-0.74040533105633921,0.14478602783256822,-0.86332613054364271,0.12306415545468895,0.0039970804678042416,0.12482532870454917,-0.86149416731262207,0.12489796286583402
721,0.59375,0.5,0.03402327843538628,-0.91190019995209004,0.91253468873690147,0.024897851071061877,-0.8733610471794232,0.0091254273643244024,-0.03853915277266684,-0.11226350707450934,-0.71939193371009491,0.035004726341896997,-0.93026510257871764,0.018391108951847018,0.25720697098306611,0.03078222883017416,-0.92815251270376586
722,0.65625,0.5,0.39588291323359176,-0.70650931184788668,0.80986337657538876,0.35703461297534933,-0.69870128070398441,0.03884830025824243,-0.007808031143902272,0.16472750863992897,-0.61182237922014759,0.41695241014254553,-0.6993652878377743,0.022247714018601428,0.26698532129545766,0.41161575199820066,-0.69974465987358592
723,0.625,0.46875,0.24489810983223706,-0.83727981016069208,0.87236034108740124,0.27155920195725641,-0.86761449350857744,-0.026661092125019353,0.030334683347885361,0.088717421264321167,-0.73374625729840559,0.24736851824479786,-0.8362329879995215,0.0026830494520170525,0.18887482771113698,0.24245064735138874,-0.83529536282279437
724,0.625,0.53125,0.24489810983223678,-0.83727981016069197,0.87236034108740101,0.2715592019572563,-0.86761449350857744,-0.02666109212501952,0.030334683347885472,0.088717421264321195,-0.73374625729840559,0.24736851824479786,-0.8362329879995215,0.002683049452017265,0.18887482771113695,0.24245064735138858,-0.83529536282279293
725,0.5,0.59375,-0.61138523735236994,-0.70342236126558877,0.93198440264892324,-0.63786595176244887,-0.73395670988306805,0.026480714410078932,0.030534348617479279,-0.58013478821122411,-0.56341181605001189,-0.60849218239239655,-0.70452519891725751,0.0030961295010649712,0.14393445949106226,-0.60937884247420682,-0.70110316524059713
726,0.5,0.65625,-0.53461598321442871,-0.61513767666770391,0.81498994519225265,-0.55778586832915045,-0.64182632642342197,0.023169885114721733,0.026688649755718052,-0.50704633949432931,-0.49553977924636672,-0.53221248249669184,-0.61620693896677181,0.0026306154345266102,0.12326353146249346,-0.53298157155247738,-0.61324883576511491
727,0.53125,0.625,-0.39611516587431078,-0.76402736413885575,0.86060736563696716,-0.39120460087625447,-0.72821015621222229,-0.0049105649980563104,-0.035817207926633454,-0.37915385987239358,-0.57776613963832257,-0.38901202572107224,-0.78047833914953879,0.017918961433037006,0.20295176585724792,-0.39087874440524428,-0.7774474756188573
728,0.46875,0.625,-0.70142604883017767,-0.49856665180461984,0.8605621466629727,-0.66666991606441006,-0.4886211514546574,-0.034756132765767611,-0.0099455003499624439,-0.59105457333103373,-0.35518619243358007,-0.71557141825414361,-0.49843188041595832,0.014146011433180455,0.1897992934527172,-0.71546126299820478,-0.4953409916427125
729,0.40625,0,-0.0025189642970383421,-0.0023431806553088175,0.0034403018346022096,0.013613967739795584,0.0028332427596488886,-0.016132932036833927,-0.0051764234149577065,-0.028927817924464808,-0.011581176610929642,-0,-0,0.0034403018346022096,0.031159947072556642,0.00050860230884704042,0.00043966071015541459
730,0.34375,0,0.00092909399928145216,0.0027302786869288641,0.002884031443621724,0.01382361483094155,-0.0024793637730863675,-0.012894520831660098,0.0052096424600152312,-0.03118530717910414,-0.0033244776727230298,-0,0,0.002884031443621724,0.031362007838330729,0.00064171745507324437,1.5120983080415267e-05
731,0.375,0.03125,-0.013017197852728868,0.0031095015278664157,0.013383439008300245,-0.031984809432021588,0.0075980770343569018,0.01896761157929272,-0.0044885755064904866,-0.073967785628296714,0.0029990512205848533,-0.012759037469472366,0.0018187566842284672,0.0013163088675767157,0.061220126971143533,-0.012081065758606105,0.0019580042771992199
732,0.59375,0,-0.0013569344268906387,-0.0034624394501061974,0.0037188382573772596,0.00026215563564680388,0.012840647712815213,-0.0016190900625374426,-0.01630308716292141,0.034392984046225421,-0.040402074778990833,0,-0,0.0037188382573772596,0.053058505426096234,-0.00049161362274531138,-0.00047100743155651
733,0.65625,0,0.002532537192082818,-0.00014685145479374147,0.0025367912762105128,-0.0044120006652252266,0.011659724737647512,0.0069445378573080446,-0.011806576192441253,0.044692106729535025,-0.035486669454385091,0,-0,0.0025367912762105128,0.057067399738282606,-8.8737783967232333e-05,-0.001224738456714406
734,0.625,0.03125,0.0039752447800094938,-0.01411763915297479,0.014666639230396291,0.011343579224069866,-0.032133987519507974,-0.0073683344440603725,0.018016348366533184,0.043928197183333691,-0.082587977282656433,0.0036558423073164282,-0.012358629780354327,0.0017877728917648011,0.08095692569421703,0.0030679638729124662,-0.013159137328658341
735,0.5,0.09375,-0.077576517617861288,-0.088944724658767113,0.11802237131297709,-0.091897419499211389,-0.1053499124182561,0.014320901881350101,0.016405187759488987,-0.10439655647184733,-0.12326397180896574,-0.075491768895212988,-0.087405976669093458,0.0025911238126165321,0.046057383341886228,-0.07560146834359259,-0.086654470366019573
736,0.5,0.15625,-0.18133631304923953,-0.20849495703921672,0.27632047615237748,-0.19599716692633948,-0.22532860844734293,0.01466085387709995,0.016833651408126205,-0.20434246064052775,-0.21587515716905187,-0.18177268967039989,-0.21046028865031421,0.0020131946992465485,0.023210242625169651,-0.18201964264251894,-0.20929513776108602
737,0.46875,0.125,-0.15444353689047385,-0.10832122378476101,0.1886432972821124,-0.13749619667102855,-0.10058507814354808,-0.0169473402194453,-0.0077361456412129298,-0.14943652417567924,-0.10868374397745126,-0.15583555330868018,-0.10854738729058648,0.0014102693501325328,0.0064004817780419897,-0.15559266583241785,-0.10761673817761316
738,0.53125,0.125,-0.086089320253792331,-0.16803759490480577,0.18880679109383652,-0.080815995910788321,-0.15032454765057929,-0.00527332434300401,-0.017713047254226483,-0.094861343334739057,-0.16544987431263136,-0.084718174490366852,-0.16997083830367735,0.0023701204070342425,0.011105088455918639,-0.085326268876809705,-0.16919475665098149
739,0,0.40625,-0.0025266154282952364,-0.0030514546112714474,0.0039617118480713993,-0.0080859279724236968,-0.020106221067465194,0.0055593125441284605,0.017054766456193745,-0.0071300618715940713,0.012001216339128193,0,0,0.0039617118480713993,0.01395947620476202,-0.00027257408607539435,3.1397843046464016e-05
740,0,0.34375,-0.0037780115767140931,-0.0022134834050989865,0.0043786847635373695,-0.0073425726371635115,-0.016429249475306676,0.0035645610604494184,0.01421576607020769,-0.0059158605922462011,0.013881189109310698,0,0,0.0043786847635373695,0.015089228530158112,-0.00024752112584168945,-1.8491251829398307e-05
741,0.03125,0.375,0.018501856879939358,0.0080671098040609821,0.020184077105395139,0.024728752784862876,0.022546048405948448,-0.0062268959049235177,-0.014478938601887465,0.020870397146128313,0.049724808590194521,0.012487357162498483,0.0031885457688456309,0.0077443265618640502,0.047285294931350433,0.01220892764673486,0.0032529556700065464
742,0,0.59375,-0.0025266154282955464,-0.0030514546112720164,0.003961711848072035,-0.0080859279724237038,-0.020106221067465416,0.0055593125441281577,0.017054766456193398,-0.0071300618715941198,0.012001216339128307,0,0,0.003961711848072035,0.013959476204762143,-0.00027257408607546531,3.139784304622062e-05
743,0,0.65625,-0.0037780115767143143,-0.0022134834050994241,0.0043786847635377815,-0.0073425726371635939,-0.016429249475306898,0.0035645610604492796,0.014215766070207473,-0.0059158605922463043,0.013881189109310839,0,0,0.0043786847635377815,0.01508922853015828,-0.0002475211258418169,-1.8491251829693803e-05
744,0.03125,0.625,0.018501856879939028,0.0080671098040607306,0.020184077105394736,0.024728752784862758,0.022546048405948219,-0.0062268959049237294,-0.014478938601887488,0.020870397146128317,0.049724808590194694,0.012487357162498483,0.0031885457688456309,0.0077443265618636356,0.047285294931350606,0.01220892764673469,0.0032529556700062918
745,0.09375,0.5,0.099684249334799413,0.084083585629827803,0.13041088504343126,0.09110390708575121,0.10670018493746428,0.0085803422490482034,-0.022616599307636473,0.052858706744852157,0.1151550945691005,0.084505509162993625,0.078725033182016235,0.016096839364892045,0.048256289496392206,0.084164348672620626,0.078839113184437384
746,0.15625,0.5,0.066882124610771712,0.26501824344196173,0.27332743724242847,0.039005579183958458,0.26127905072047458,0.027876545426813254,0.0037391927214871501,0.010433265283751519,0.25005694958979291,0.087688446878872242,0.26390449047478576,0.020836110289493795,0.078486415842849058,0.087541751024318756,0.26380334644772163
747,0.125,0.46875,0.10345463573133418,0.1576369622045681,0.18855310527113436,0.12391858784303778,0.14935245441087791,-0.020463952111703598,0.0082845077936901934,0.080859165762574542,0.15287868682016681,0.10261086908070527,0.15980696013984322,0.0023282682834698805,0.022828437713346028,0.10231716196392751,0.15982231497869051
748,0.125,0.53125,0.10345463573133423,0.15763696220456813,0.18855310527113442,0.12391858784303766,0.14935245441087791,-0.020463952111703432,0.0082845077936902212,0.080859165762574597,0.15287868682016689,0.10261086908070527,0.15980696013984322,0.0023282682834698748,0.022828437713345952,0.10231716196392752,0.15982231497869048
749,1,0.40625,0.0023834516421091904,-0.0046892885217676905,0.0052602536602957854,-0.014095987799067532,-0.011883288059202177,0.016479439441176722,0.0071939995374344862,0.10906701171388351,-0.053227894926438882,-0,0,0.0052602536602957854,0.12136235760109648,0.0045235574416712474,-0.0011251377965419424
750,1,0.34375,0.0029571015724401224,-0.0042100614251754948,0.005144809706245564,-0.010757112048778567,-0.01029382887449409,0.01371421362121869,0.0060837674493185948,0.10494095022672788,-0.04096964251007236,-0,0,0.005144809706245564,0.1126548473963358,0.004290845758009313,-0.0008104981252217995
751,0.96875,0.375,0.0089076673361788167,0.017830300956525054,0.019931537059953135,0.022500353823639567,0.02591037521863886,-0.01359268648746075,-0.0080800742621138059,0.11638887069956184,-0.0351135480210314,0.0013377031618197544,0.012818403304416779,0.0090787375596108142,0.1246364437460518,0.0053867365293047481,0.010724326465951785
752,1,0.59375,0.0023834516421087425,-0.0046892885217669931,0.0052602536602949605,-0.014095987799067997,-0.011883288059201597,0.016479439441176739,0.0071939995374346042,0.10906701171388326,-0.053227894926438819,-0,0,0.0052602536602949605,0.12136235760109623,0.0045235574416707912,-0.0011251377965422781
753,1,0.65625,0.0029571015724396822,-0.0042100614251745997,0.0051448097062445778,-0.010757112048779216,-0.010293828874493295,0.013714213621218899,0.0060837674493186954,0.10494095022672748,-0.040969642510072304,-0,0,0.0051448097062445778,0.1126548473963354,0.0042908457580086313,-0.0008104981252223326
754,0.96875,0.625,0.008907667336178586,0.017830300956525373,0.019931537059953319,0.022500353823639126,0.025910375218639682,-0.01359268648746054,-0.008080074262114309,0.11638887069956153,-0.035113548021031213,0.0013377031618197544,0.012818403304416779,0.0090787375596107969,0.12463644374605143,0.0053867365293040603,0.010724326465951504
755,0.90625,0.5,0.070845028048890452,0.10694968630468758,0.12828582696431884,0.094424208201014756,0.10146920467080468,-0.023579180152124304,0.0054804816338828999,0.13356728670364904,-0.049585911480011444,0.065591706354097459,0.095060717365083092,0.012997883338292548,0.15982279799862373,0.068039134288006578,0.090535818696744971
756,0.84375,0.5,0.25247772141165664,0.099172189252310208,0.27125656292579936,0.25269598453396586,0.071361409853914898,-0.00021826312230921463,0.027810779398395311,0.2148333384127277,-0.08759482302847027,0.24833741198667028,0.12515340033953484,0.02630903821300876,0.21537021496086861,0.24816958161421387,0.11958875176823916
757,0.875,0.46875,0.14217773892750815,0.12023153657217488,0.18619917248216999,0.13102054982372185,0.13926286794864573,0.011157189103786297,-0.019031331376470853,0.14088914568932737,-0.031471564574603962,0.14317644896179413,0.12477082762138686,0.0046478581047660564,0.15625913373427502,0.14440254847537126,0.11958432656918667
758,0.875,0.53125,0.1421777389275081,0.12023153657217506,0.18619917248217008,0.13102054982372188,0.13926286794864595,0.011157189103786214,-0.019031331376470895,0.14088914568932728,-0.03147156457460383,0.14317644896179413,0.12477082762138686,0.0046478581047658925,0.15625913373427489,0.14440254847537098,0.11958432656918684
759,0.59375,1,-0.0013569344268896978,-0.0034624394501065227,0.0037188382573772193,0.00026215563564764913,0.012840647712814823,-0.0016190900625373469,-0.016303087162921344,0.034392984046225955,-0.04040207477899134,0,-0,0.0037188382573772193,0.053058505426096969,-0.00049161362274546274,-0.00047100743155832831
760,0.65625,1,0.0025325371920837773,-0.00014685145479346605,0.0025367912762114548,-0.0044120006652242413,0.011659724737647717,0.0069445378573080186,-0.011806576192441184,0.04469210672953567,-0.035486669454385188,0,-0,0.0025367912762114548,0.057067399738283175,-8.8737783967092715e-05,-0.0012247384567155995
761,0.625,0.96875,0.0039752447800105225,-0.014117639152974919,0.014666639230396692,0.011343579224070834,-0.032133987519508252,-0.0073683344440603118,0.018016348366533333,0.043928197183334398,-0.082587977282656766,0.0036558423073164282,-0.012358629780354327,0.0017877728917651112,0.080956925694217668,0.0030679638729121488,-0.013159137328659792
762,0.40625,1,-0.0025189642970383217,-0.0023431806553096644,0.0034403018346027712,0.01361396773979549,0.0028332427596479957,-0.016132932036833813,-0.0051764234149576597,-0.028927817924465367,-0.011581176610930211,-0,-0,0.0034403018346027712,0.031159947072557374,0.00050860230884515456,0.00043966071015318076
763,0.34375,1,0.00092909399928108125,0.0027302786869282392,0.0028840314436210128,0.0138236148309413,-0.0024793637730870306,-0.012894520831660219,0.0052096424600152694,-0.031185307179104834,-0.0033244776727233052,-0,0,0.0028840314436210128,0.03136200783833145,0.00064171745507119783,1.512098307859215e-05
764,0.375,0.96875,-0.013017197852729388,0.0031095015278659946,0.013383439008300652,-0.031984809432021893,0.0075980770343561871,0.018967611579292505,-0.0044885755064901925,-0.073967785628297505,0.0029990512205846018,-0.012759037469472366,0.0018187566842284672,0.001316308867576405,0.061220126971144317,-0.012081065758608615,0.0019580042771977211
765,0.5,0.90625,-0.077576517617861454,-0.088944724658768168,0.11802237131297799,-0.091897419499211389,-0.10534991241825714,0.014320901881349934,0.016405187759488973,-0.1043965564718477,-0.12326397180896646,-0.075491768895212988,-0.087405976669093458,0.0025911238126172923,0.046057383341887026,-0.075601468343594852,-0.086654470366020683
766,0.5,0.84375,-0.18133631304923969,-0.20849495703921767,0.27632047615237831,-0.19599716692633995,-0.22532860844734376,0.014660853877100255,0.016833651408126094,-0.20434246064052819,-0.21587515716905237,-0.18177268967039989,-0.21046028865031421,0.002013194699245591,0.023210242625170199,-0.18201964264252127,-0.20929513776108608
767,0.53125,0.875,-0.08608932025379247,-0.16803759490480671,0.18880679109383741,-0.080815995910788196,-0.1503245476505802,-0.0052733243430042737,-0.01771304725422651,-0.094861343334739251,-0.16544987431263189,-0.084718174490366852,-0.16997083830367735,0.0023701204070335534,0.011105088455918601,-0.085326268876811717,-0.1691947566509823
768,0.46875,0.875,-0.15444353689047441,-0.10832122378476178,0.18864329728211329,-0.13749619667102878,-0.10058507814354894,-0.016947340219445634,-0.0077361456412128327,-0.14943652417567985,-0.10868374397745165,-0.15583555330868018,-0.10854738729058648,0.0014102693501318625,0.0064004817780413878,-0.15559266583242054,-0.10761673817761354
769,0.25,0.15625,-0.063630132426369487,0.14122049251105318,0.15489358042753659,-0.05962003130493871,0.15647929700685995,-0.0040101011214307772,-0.015258804495806771,-0.064528799849934843,0.15432086889520158,-0.065096363892216708,0.1422381500578713,0.0017847861479842256,0.012096041643614962,-0.064835740038183001,0.14172219995176624
770,0.25,0.09375,-0.025427243190096718,0.060587993126984097,0.065707302542440379,-0.026650206179161643,0.073403969017523732,0.0012229629890649248,-0.012815975890539635,-0.038545500114102578,0.08111837307581507,-0.027035082485607039,0.05907273293761469,0.002209334886719289,0.02486965948873069,-0.026882942171615472,0.058512673852354126
771,0.21875,0.125,-0.018664462076296493,0.088735079418904406,0.09067676915327752,-0.022847035963637585,0.081107986727573023,0.0041825738873410914,0.007627092691331383,-0.031799565612357757,0.087377595698132748,-0.015943079427422228,0.088011855574113229,0.0028158437902817764,0.015869166320992733,-0.015980603666138744,0.087478001864497751
772,0.28125,0.125,-0.078467284216947902,0.095271795711704327,0.12342540156108874,-0.072458630442124777,0.083481409824967004,-0.006008653774823125,0.011790385886737323,-0.081327978563295156,0.087441901969122965,-0.078613398459093917,0.097372726336662552,0.0021060054279714623,0.010295155062506016,-0.078165262763160825,0.096906713637831252
773,0.15625,0.25,0.037829127929658202,0.14938220786814474,0.15409765393243355,0.022326138542315889,0.14575710325628982,0.015502989387342313,0.0036251046118549179,0.004436312431478278,0.14459154676910366,0.049324751369365642,0.14844627589206699,0.011533660604135876,0.04505364454616146,0.049077278812834767,0.14816411742925797
774,0.09375,0.25,0.055712080724164101,0.046937491350372798,0.072848912365814353,0.050738720679351479,0.059104545721341765,0.0049733600448126219,-0.012167054370968967,0.029245378421046075,0.067126828717424813,0.047534348904183912,0.044282831164884129,0.0085978205622084958,0.029263196433636087,0.047192782746570294,0.044199849161754338
775,0.125,0.21875,0.048982370369628055,0.073023530898312025,0.087930135174945273,0.059099133883617018,0.070385792977002926,-0.010116763513988963,0.0026377379213090996,0.037165546669055367,0.07764827357203484,0.048326918348275259,0.075264715944370605,0.0023350648305715338,0.011413043622368585,0.047983596187281451,0.075070988462515295
776,0.125,0.28125,0.067856843260372834,0.10402788505718763,0.12420286649966758,0.082810046101377877,0.098079843602596889,-0.014953202841005042,0.0059480414545907412,0.056031636159420591,0.10297044819830864,0.067616657120171314,0.1053067041142967,0.0013011792969342196,0.011818240239816705,0.067292947311873227,0.10516537880557297
777,0.34375,0.25,-0.42476337893585264,0.16643413426238415,0.45620636682610211,-0.41414930860494054,0.14420312273166769,-0.010614070330912106,0.022231011530716466,-0.35388958498386458,0.13159343910931151,-0.4233315401419277,0.17480116822446845,0.0084886641855159099,0.081786875423036115,-0.42206005853378015,0.1752340991525998
778,0.40625,0.25,-0.51166380501241937,-0.052575595768533059,0.5143578935237636,-0.48548887799743756,-0.053538294754020097,-0.026174927014981808,0.00096269898548703714,-0.4255947001620734,-0.042476941008367707,-0.52057048480222934,-0.05665578142445224,0.0097967780348938178,0.096028324902385304,-0.51946765553135255,-0.055320449747578673
779,0.375,0.28125,-0.56885887171348659,0.083456771817780454,0.57494821391964168,-0.5943729257326974,0.099666880214744402,0.025514054019210808,-0.016210108396963949,-0.50960293399877787,0.097876645804418821,-0.56889905986412226,0.081094594341837245,0.0023625193153294943,0.061625220437183832,-0.56750621644637977,0.082162357221069598
780,0.375,0.21875,-0.4056499625931399,0.060121483827950309,0.41008107121579057,-0.42698790774212658,0.071205235549774731,0.021337945148986681,-0.011083751721824422,-0.37068876369722487,0.064714472183232896,-0.4066030411057141,0.057959857913108023,0.0023624108971236142,0.036543948003904765,-0.40543163759402079,0.058657310325602792
781,0.25,0.34375,-0.18742021729147518,0.41766157349448069,0.45778546047626856,-0.17610350941069999,0.44401618580546437,-0.011316707880775184,-0.026354612310983683,-0.16903489467734586,0.37369709117143596,-0.19059572420590268,0.41645925515709575,0.0033954990131038081,0.047890208171357397,-0.18986246091271997,0.41621586058548743
782,0.25,0.40625,-0.21480664272601652,0.47769058303598055,0.52376539297712055,-0.20053261051071736,0.50826552246136814,-0.014274032215299159,-0.030574939425387582,-0.18786547142822657,0.42925425537026701,-0.21791298023046637,0.47614854852568833,0.0034680258249447831,0.055694950541025467,-0.21707177599110328,0.47598316440654503
783,0.28125,0.375,-0.35553582341508733,0.43260626231003069,0.55995883770264687,-0.35632712653845688,0.39947994328854108,0.00079130312336955777,0.033126319021489603,-0.32474824369225919,0.33998029786654327,-0.3609798908835945,0.44711966174998108,0.015500859134422533,0.11309984770787755,-0.35978978810893147,0.44715605560641924
784,0.21875,0.375,-0.088437225205544923,0.41038686192375812,0.41980771698682001,-0.11561960185163803,0.39633892615177141,0.027182376646093104,0.014047935771986708,-0.11743957094940355,0.33207599260064091,-0.073208017778979617,0.40413607151378522,0.016462112245722325,0.084552263534672004,-0.072809556572865766,0.40384619666925053
785,0.75,0.15625,0.14888303617160689,-0.04550394501276929,0.15568162213762143,0.16332255049807698,-0.03945593153561467,-0.014439514326470088,-0.0060480134771546193,0.1498458147005774,-0.099639353752323551,0.15019600989134432,-0.043707968799666229,0.002224731567347656,0.055932481255474245,0.14952999211876425,-0.046604323737174533
786,0.75,0.09375,0.064357126212686327,-0.018790265826696358,0.067044118192378002,0.07718673450355594,-0.018319957543089779,-0.012829608290869612,-0.00047030828360657834,0.096464379192620381,-0.061932803471897675,0.06237770089808424,-0.018152297165688541,0.0020796943497821212,0.05548544286191847,0.062512044117058782,-0.020545470187152678
787,0.78125,0.125,0.091330390100850548,-0.0082316882108740934,0.091700604396997204,0.084460211721072889,-0.013353273378152189,0.0068701783797776583,0.0051215851672780956,0.10157243099521579,-0.063078120410908697,0.08939497370857831,-0.0029676891464994817,0.0056085223331295451,0.061331512395840566,0.089791884595676233,-0.0057466006131212865
788,0.71875,0.125,0.10549255777924038,-0.066466896776622361,0.1246857173613744,0.092942314392851028,-0.062113669800245269,0.012550243386389354,-0.004353226976377092,0.095700469646419054,-0.10903411130016902,0.10777476193098702,-0.06360907908657315,0.0036572636956894158,0.047002362555295024,0.10695921519954001,-0.065926425038776951
789,0.84375,0.25,0.14349338729414754,0.055376280972739292,0.15380794742639273,0.14209109221118052,0.03972189200175489,0.00140229508296702,0.015654388970984402,0.14591946177904905,-0.060944726877150607,0.13968979424250202,0.070398787690988354,0.015496548912656788,0.13149116919674433,0.14059942069666082,0.066411102971374814
790,0.90625,0.25,0.040932491423610981,0.059579570444181634,0.072285503861128253,0.053653462978729985,0.056286729957751205,-0.012720971555119004,0.0032928404864304289,0.10080345322041115,-0.030800085630289187,0.036895334824179823,0.053471653517859236,0.0073215628514126819,0.10576376324620967,0.03953417547600617,0.050608117147664854
791,0.875,0.21875,0.067310567646578195,0.05615641600165109,0.087659885780527191,0.063228753434176457,0.065824550159217371,0.0040818142124017381,-0.0096681341575662813,0.097646078073687442,-0.024383493535735764,0.06743219914578924,0.058763653916262558,0.0026100735171615155,0.088466528185941834,0.069393054185499209,0.05561307778315034
792,0.875,0.28125,0.094902311655623947,0.078683905658180467,0.12327856978082857,0.086910928851148123,0.092490934050884155,0.0079913828044758245,-0.013807028392703688,0.11225137369324512,-0.024943991141248227,0.094347830243197484,0.082219226339850918,0.0035785390816607363,0.10864847927591575,0.096079246581541475,0.078308380210678707
793,0.65625,0.25,0.22304691519386932,-0.39832530623538898,0.45652270038303411,0.19962092819286625,-0.39095900470427303,0.023425987001003068,-0.0073663015311159485,0.10527523803181373,-0.37434238108090118,0.23453573070518186,-0.39339297440874804,0.012502830843495827,0.13065680262544643,0.23135231933704375,-0.39437759287371932
794,0.59375,0.25,0.018677171555556774,-0.51434970180575967,0.51468869473205803,0.014059521072089173,-0.48862080376566724,0.0046176504834676002,-0.025728898040092429,-0.058351224328133305,-0.43416242148516715,0.019690158567317061,-0.52327412020052866,0.0089817251333408135,0.1184540091857243,0.017086610222735363,-0.52248023010811773
795,0.625,0.28125,0.16107691732001397,-0.55205227629139231,0.57507172513680971,0.18064078852498494,-0.57500463355446763,-0.019563871204970967,0.022952357263075318,0.069541255293802312,-0.51638878187712312,0.16300643811259274,-0.55104571015442516,0.0021762871770707954,0.099683715204480494,0.15959560928344929,-0.55090629689842718
796,0.625,0.21875,0.11536166361328519,-0.39405758304874045,0.41059675131427886,0.12924069208764033,-0.41361674296890361,-0.01387902847435514,0.019559159920163161,0.051129892977655376,-0.38373713862874664,0.11650381962701936,-0.39384291053418446,0.0011621551738967225,0.06615041127129262,0.11388244563594255,-0.39405577022084398
797,0.75,0.34375,0.43769685466804653,-0.12931453538105306,0.45639980899110671,0.46204978623461157,-0.11447072195379099,-0.024352931566565039,-0.01484381342726207,0.30891084752769393,-0.22002156747858365,0.43975908278803977,-0.12797261580899805,0.0024603928460217783,0.15998209329239482,0.43661574373405854,-0.13193553556991208
798,0.75,0.40625,0.50044714094489295,-0.14797886316083941,0.52186692252172107,0.52854505758482317,-0.12960313799939255,-0.02809791663993022,-0.018375725161446865,0.34918695216529033,-0.24014409019654759,0.50278783909251179,-0.14631437412887993,0.0028721754047724285,0.17999235562147689,0.49907568162897586,-0.15045572124594364
799,0.71875,0.375,0.47563614326094111,-0.29304695135988579,0.55866470845889826,0.44306964656673026,-0.29851635080398553,0.032566496694210856,0.0054693994440997429,0.27317686478968251,-0.36206796827480558,0.49488411090759343,-0.29208250600977465,0.019272114916633446,0.23249100608332787,0.49064656550741798,-0.29513518076845335
800,0.78125,0.375,0.41684592005537124,-0.032926036419392207,0.41814428722762687,0.40686962287457917,-0.06170167990466173,0.0099762971807920708,0.028775643485269523,0.27524275944188997,-0.18402083174268127,0.41048712417204325,-0.013627144040048641,0.020319486513081828,0.21754320720299455,0.40808954006833875,-0.018413596466843464
801,0.84375,0.75,0.14349338729414815,0.055376280972740465,0.15380794742639373,0.14209109221118116,0.039721892001756229,0.0014022950829669922,0.015654388970984236,0.14591946177904896,-0.060944726877149899,0.13968979424250202,0.070398787690988354,0.015496548912655801,0.13149116919674358,0.14059942069665968,0.066411102971375396
802,0.90625,0.75,0.04093249142361087,0.059579570444182425,0.07228550386112885,0.053653462978730096,0.05628672995775242,-0.012720971555119226,0.0032928404864300057,0.10080345322041077,-0.03080008563028868,0.036895334824179823,0.053471653517859236,0.0073215628514132812,0.10576376324620905,0.039534175476005087,0.05060811714766493
803,0.875,0.78125,0.067310567646578098,0.05615641600165211,0.087659885780527774,0.063228753434176804,0.065824550159218689,0.0040818142124012941,-0.0096681341575665797,0.097646078073687123,-0.02438349353573508,0.06743219914578924,0.058763653916262558,0.0026100735171605011,0.088466528185941085,0.06939305418549821,0.055613077783150652
804,0.875,0.71875,0.094902311655624086,0.078683905658181189,0.12327856978082914,0.086910928851148428,0.092490934050885404,0.007991382804475658,-0.013807028392704215,0.11225137369324481,-0.024943991141247592,0.094347830243197484,0.082219226339850918,0.003578539081660045,0.10864847927591509,0.096079246581540309,0.078308380210679096
805,0.75,0.84375,0.14888303617160792,-0.045503945012768596,0.15568162213762221,0.16332255049807831,-0.03945593153561365,-0.014439514326470393,-0.0060480134771549454,0.14984581470057784,-0.099639353752322857,0.15019600989134432,-0.043707968799666229,0.0022247315673464899,0.055932481255473551,0.14952999211876397,-0.046604323737174172
806,0.75,0.90625,0.064357126212687382,-0.018790265826695608,0.067044118192378807,0.077186734503557175,-0.01831995754308878,-0.012829608290869793,-0.00047030828360682814,0.096464379192620811,-0.061932803471897037,0.06237770089808424,-0.018152297165688541,0.0020796943497828949,0.055485442861918234,0.062512044117058546,-0.020545470187152796
807,0.78125,0.875,0.091330390100851352,-0.0082316882108732468,0.091700604396997926,0.084460211721073958,-0.013353273378151185,0.0068701783797773947,0.0051215851672779377,0.10157243099521603,-0.063078120410908045,0.08939497370857831,-0.0029676891464994817,0.0056085223331290282,0.061331512395839977,0.089791884595675817,-0.005746600613121087
808,0.71875,0.875,0.10549255777924169,-0.066466896776622056,0.12468571736137535,0.092942314392852249,-0.062113669800244749,0.012550243386389437,-0.0043532269763773071,0.095700469646419539,-0.10903411130016863,0.10777476193098702,-0.06360907908657315,0.0036572636956883633,0.047002362555294525,0.10695921519953973,-0.065926425038776992
809,0.75,0.65625,0.43769685466804736,-0.12931453538105273,0.45639980899110738,0.46204978623461246,-0.11447072195379004,-0.024352931566565095,-0.014843813427262681,0.30891084752769415,-0.22002156747858304,0.43975908278803977,-0.12797261580899805,0.0024603928460208984,0.15998209329239427,0.43661574373405793,-0.13193553556991058
810,0.75,0.59375,0.50044714094489384,-0.14797886316083964,0.52186692252172195,0.52854505758482373,-0.12960313799939194,-0.028097916639929887,-0.018375725161447698,0.34918695216529044,-0.2401440901965472,0.50278783909251179,-0.14631437412887993,0.0028721754047718335,0.17999235562147659,0.49907568162897575,-0.15045572124594256
811,0.71875,0.625,0.47563614326094156,-0.2930469513598854,0.55866470845889837,0.4430696465667307,-0.29851635080398503,0.032566496694210856,0.0054693994440996319,0.27317686478968267,-0.36206796827480514,0.49488411090759343,-0.29208250600977465,0.019272114916632985,0.23249100608332759,0.49064656550741748,-0.29513518076845174
812,0.78125,0.625,0.41684592005537219,-0.032926036419391638,0.41814428722762775,0.40686962287457973,-0.061701679904660876,0.0099762971807924594,0.028775643485269238,0.27524275944189003,-0.18402083174268075,0.41048712417204325,-0.013627144040048641,0.020319486513081582,0.21754320720299411,0.40808954006833831,-0.018413596466842291
813,0.65625,0.75,0.2230469151938701,-0.39832530623538925,0.45652270038303472,0.19962092819286714,-0.39095900470427331,0.023425987001002957,-0.0073663015311159485,0.10527523803181413,-0.37434238108090084,0.23453573070518186,-0.39339297440874804,0.012502830843495223,0.13065680262544607,0.23135231933704326,-0.39437759287371793
814,0.59375,0.75,0.018677171555557023,-0.51434970180576001,0.51468869473205836,0.014059521072089368,-0.48862080376566791,0.0046176504834676557,-0.025728898040092096,-0.058351224328133132,-0.43416242148516709,0.019690158567317061,-0.52327412020052866,0.0089817251333404544,0.11845400918572423,0.017086610222734722,-0.52248023010811628
815,0.625,0.71875,0.16107691732001359,-0.5520522762913932,0.57507172513681037,0.18064078852498539,-0.57500463355446829,-0.0195638712049718,0.022952357263075096,0.069541255293802617,-0.51638878187712289,0.16300643811259274,-0.55104571015442516,0.0021762871770715504,0.099683715204480286,0.15959560928344893,-0.55090629689842552
816,0.625,0.78125,0.11536166361328572,-0.39405758304874061,0.41059675131427914,0.12924069208764111,-0.41361674296890438,-0.01387902847435539,0.019559159920163771,0.0511298929776558,-0.38373713862874664,0.11650381962701936,-0.39384291053418446,0.0011621551738962351,0.066150411271292217,0.11388244563594185,-0.3940557702208432
817,0.15625,0.75,0.037829127929658063,0.14938220786814518,0.15409765393243394,0.022326138542315695,0.1457571032562906,0.015502989387342368,0.0036251046118545849,0.0044363124314783682,0.14459154676910418,0.049324751369365642,0.14844627589206699,0.01153366060413605,0.045053644546161321,0.049077278812834323,0.14816411742925856
818,0.09375,0.75,0.055712080724163768,0.046937491350372847,0.072848912365814117,0.050738720679351375,0.059104545721342286,0.004973360044812393,-0.012167054370969439,0.0292453784210461,0.067126828717425119,0.047534348904183912,0.044282831164884129,0.008597820562208194,0.029263196433636309,0.047192782746569954,0.044199849161754373
819,0.125,0.78125,0.048982370369627999,0.073023530898312344,0.087930135174945509,0.059099133883616956,0.070385792977003495,-0.010116763513988956,0.0026377379213088498,0.037165546669055437,0.077648273572035173,0.048326918348275259,0.075264715944370605,0.002335064830571212,0.011413043622368587,0.047983596187280951,0.075070988462515559
820,0.125,0.71875,0.067856843260372501,0.10402788505718784,0.12420286649966758,0.082810046101377724,0.098079843602597389,-0.014953202841005223,0.0059480414545904498,0.056031636159420722,0.10297044819830897,0.067616657120171314,0.1053067041142967,0.0013011792969339535,0.011818240239816511,0.067292947311872992,0.10516537880557326
821,0.25,0.84375,-0.063630132426369654,0.14122049251105348,0.15489358042753693,-0.059620031304939175,0.15647929700686031,-0.0040101011214304788,-0.015258804495806827,-0.064528799849935134,0.15432086889520225,-0.065096363892216708,0.1422381500578713,0.0017847861479839146,0.012096041643615614,-0.064835740038184972,0.14172219995176738
822,0.25,0.90625,-0.025427243190096958,0.060587993126984228,0.065707302542440588,-0.02665020617916199,0.073403969017523815,0.0012229629890650323,-0.012815975890539587,-0.038545500114103036,0.08111837307581557,-0.027035082485607039,0.05907273293761469,0.0022093348867192053,0.024869659488731346,-0.02688294217161756,0.058512673852354313
823,0.21875,0.875,-0.018664462076296739,0.088735079418904475,0.090676769153277645,-0.022847035963637914,0.081107986727573217,0.0041825738873411747,0.0076270926913312581,-0.031799565612358062,0.087377595698133262,-0.015943079427422228,0.088011855574113229,0.0028158437902820323,0.015869166320993017,-0.015980603666140476,0.087478001864498334
824,0.28125,0.875,-0.078467284216948374,0.095271795711704271,0.12342540156108898,-0.07245863044212518,0.083481409824967032,-0.0060086537748231944,0.01179038588673724,-0.081327978563295711,0.087441901969123478,-0.078613398459093917,0.097372726336662552,0.0021060054279714848,0.010295155062505668,-0.078165262763163296,0.096906713637831987
825,0.25,0.65625,-0.18742021729147537,0.41766157349448135,0.45778546047626928,-0.1761035094107001,0.44401618580546454,-0.011316707880775267,-0.026354612310983183,-0.16903489467734567,0.37369709117143657,-0.19059572420590268,0.41645925515709575,0.0033954990131038624,0.047890208171356939,-0.18986246091271933,0.41621586058548848
826,0.25,0.59375,-0.21480664272601657,0.47769058303598055,0.52376539297712055,-0.2005326105107173,0.50826552246136802,-0.01427403221529927,-0.030574939425387471,-0.1878654714282264,0.4292542553702674,-0.21791298023046637,0.47614854852568833,0.0034680258249447336,0.055694950541025232,-0.21707177599110242,0.47598316440654548
827,0.28125,0.625,-0.35553582341508733,0.43260626231003091,0.55995883770264709,-0.35632712653845677,0.39947994328854103,0.00079130312336944675,0.033126319021489881,-0.32474824369225902,0.33998029786654371,-0.3609798908835945,0.44711966174998108,0.015500859134422324,0.11309984770787718,-0.35978978810893031,0.44715605560642047
828,0.21875,0.625,-0.088437225205544895,0.41038686192375878,0.41980771698682068,-0.11561960185163808,0.39633892615177135,0.027182376646093187,0.01404793577198743,-0.11743957094940333,0.33207599260064136,-0.073208017778979617,0.40413607151378522,0.016462112245722554,0.084552263534671504,-0.072809556572865156,0.40384619666925103
829,0.34375,0.75,-0.42476337893585314,0.1664341342623844,0.45620636682610266,-0.41414930860494137,0.14420312273166774,-0.010614070330911773,0.02223101153071666,-0.35388958498386491,0.13159343910931209,-0.4233315401419277,0.17480116822446845,0.0084886641855157485,0.081786875423035532,-0.42206005853378142,0.17523409915260202
830,0.40625,0.75,-0.51166380501242026,-0.052575595768533781,0.51435789352376449,-0.48548887799743856,-0.053538294754020332,-0.026174927014981697,0.00096269898548655142,-0.42559470016207379,-0.042476941008367394,-0.52057048480222934,-0.05665578142445224,0.0097967780348927093,0.096028324902384957,-0.51946765553135388,-0.055320449747576349
831,0.375,0.71875,-0.56885887171348737,0.083456771817781064,0.57494821391964257,-0.59437292573269807,0.099666880214744236,0.025514054019210697,-0.016210108396963172,-0.50960293399877821,0.097876645804419266,-0.56889905986412226,0.081094594341837245,0.0023625193153300915,0.061625220437183631,-0.56750621644638,0.082162357221072055
832,0.375,0.78125,-0.40564996259314018,0.060121483827950441,0.41008107121579085,-0.42698790774212736,0.071205235549774482,0.021337945148987181,-0.011083751721824041,-0.37068876369722548,0.064714472183233326,-0.4066030411057141,0.057959857913108023,0.0023624108971236229,0.036543948003904245,-0.40543163759402306,0.058657310325604839
833,0.0625,0.03125,0.0032380194688353806,-0.0012942078472540069,0.0034870824527749285,0.0049092684333229848,0.0028632657725254284,-0.0016712489644876041,-0.0041574736197794353,0.0052218903806811757,0.0073256979946384219,0.00070689353885034412,0.00038617770032843123,0.0030381399016448448,0.0082790179608986606,0.00053361179929083255,0.00029646486936536645
834,0.03125,0.0625,0.0029960533258061336,-0.00092796544936668915,0.0031364718086238741,0.0046858632852278329,0.002872056397362952,-0.0016898099594216992,-0.003800021846729641,0.0034871867671502836,0.0064735120642698462,0.00078045982265615517,0.00019928411055285193,0.0024858692929313865,0.0068331769454079167,0.00065385634520773986,0.00012384405941541008
835,0.09375,0.0625,0.011331216330221308,0.0010128869906433674,0.011376396774817967,0.012743234787267859,0.0099463303047291236,-0.0014120184570465509,-0.0089334433140857566,0.011277418711155686,0.016217822149366595,0.0046420262601742108,0.0043244952309457159,0.0074640480257334302,0.013619091679219163,0.004355269543349141,0.0041877256365084213
836,0.0625,0.09375,0.012869884664574621,0.001076933758370752,0.012914864211418235,0.012519829639172709,0.0099551209295666472,0.00035005502540191163,-0.0088781871711958952,0.0095427150976247939,0.015365636218998018,0.0055676141473030745,0.0030416014711611822,0.0075619490826832761,0.012949257122751806,0.0053319335266161904,0.0029550068753728836
837,0.9375,0.03125,0.0005643197049910796,0.00380586400752794,0.0038474741809709197,0.0041217580147204754,0.0062078227468726098,-0.0035574383097293958,-0.0024019587393446697,0.03470086097210677,0.020819103838195702,0.00027921505868017099,0.00075555982060029328,0.0030635992381733614,0.039842132296543903,0.002381312650273415,0.0016465449628708325
838,0.96875,0.0625,0.00077640843635861951,0.0040032511201461259,0.0040778461951133035,0.0042011566275191791,0.0061646709190856987,-0.0034247481911605596,-0.0021614197989395728,0.039818334138150877,0.019300810831333066,8.3606447613734651e-05,0.00080115020652604869,0.0032761906013868305,0.043830195389413608,0.0022132719807751587,0.0018614930500473882
839,0.90625,0.0625,0.001985360713127441,0.011363570732237836,0.011535700973404358,0.010291918311691255,0.013996314713632106,-0.008306557598563814,-0.0026327439813942696,0.046184824642604129,0.008105028541448546,0.0036030600414238105,0.0052218411638534409,0.0063512040754440963,0.042679262481967246,0.0060220156915696023,0.0050071291819295998
840,0.9375,0.09375,0.0017796365951138196,0.013162586124451692,0.013282348432949519,0.010371316924489959,0.013953162885845196,-0.0085916803293761383,-0.00079057676139350323,0.051302297808648242,0.0065867355345859118,0.0021991454517692136,0.005950918087537586,0.0072238593255586642,0.049107268659627626,0.0047695909147336488,0.0059587161948781598
841,0.96875,0.9375,0.00077640843635808348,0.0040032511201464459,0.004077846195113516,0.0042011566275186232,0.0061646709190859919,-0.0034247481911605397,-0.002161419798939546,0.039818334138150398,0.01930081083133306,8.3606447613734651e-05,0.00080115020652604869,0.00327619060138703,0.043830195389413171,0.0022132719807749341,0.0018614930500468797
842,0.9375,0.96875,0.00056431970499047266,0.0038058640075282679,0.0038474741809711552,0.004121758014720007,0.0062078227468730434,-0.0035574383097295341,-0.0024019587393447756,0.034700860972106312,0.020819103838195799,0.00027921505868017099,0.00075555982060029328,0.0030635992381736312,0.039842132296543556,0.0023813126502732298,0.0016465449628703917
843,0.9375,0.90625,0.0017796365951132885,0.013162586124452287,0.013282348432950036,0.010371316924489664,0.013953162885845864,-0.008591680329376376,-0.00079057676139357609,0.051302297808647784,0.0065867355345861633,0.0021991454517692136,0.005950918087537586,0.0072238593255592887,0.049107268659627175,0.0047695909147331735,0.0059587161948777652
844,0.90625,0.9375,0.0019853607131269315,0.011363570732238436,0.011535700973404861,0.010291918311691049,0.013996314713632914,-0.0083065575985641175,-0.0026327439813944777,0.046184824642603706,0.0081050285414489033,0.0036030600414238105,0.0052218411638534409,0.0063512040754448067,0.042679262481966844,0.0060220156915692137,0.0050071291819292832
845,0.03125,0.9375,0.002996053325806128,-0.00092796544936680516,0.0031364718086239031,0.0046858632852278728,0.0028720563973629746,-0.0016898099594217448,-0.0038000218467297798,0.0034871867671501791,0.0064735120642698133,0.00078045982265615517,0.00019928411055285193,0.0024858692929314342,0.0068331769454078447,0.00065385634520764195,0.00012384405941474414
846,0.0625,0.96875,0.0032380194688354244,-0.001294207847254055,0.0034870824527749871,0.004909268433323042,0.0028632657725254957,-0.0016712489644876176,-0.0041574736197795507,0.0052218903806810647,0.0073256979946383933,0.00070689353885034412,0.00038617770032843123,0.0030381399016449076,0.0082790179608985756,0.0005336117992906916,0.00029646486936467126
847,0.0625,0.90625,0.012869884664574683,0.0010769337583707158,0.012914864211418294,0.012519829639172683,0.0099551209295667496,0.00035005502540200011,-0.008878187171196034,0.0095427150976247141,0.015365636218998091,0.0055676141473030745,0.0030416014711611822,0.0075619490826833455,0.012949257122751851,0.0053319335266158209,0.0029550068753722981
848,0.09375,0.9375,0.01133121633022135,0.0010128869906432072,0.011376396774817993,0.012743234787267852,0.0099463303047292711,-0.0014120184570465023,-0.0089334433140860637,0.011277418711155599,0.016217822149366672,0.0046420262601742108,0.0043244952309457159,0.0074640480257335386,0.013619091679219188,0.0043552695433486648,0.0041877256365078072
849,0.46875,0.4375,-0.76551337992587654,-0.55308925107519658,0.9444143447134109,-0.72471254452236644,-0.55539215317544066,-0.040800835403510094,0.0023029021002440864,-0.66325473562253601,-0.42511635619387311,-0.7889174886251934,-0.5495211481585941,0.023674536160881932,0.17682669412730756,-0.78882191274327595,-0.54608378337976982
850,0.4375,0.46875,-0.86722019332435973,-0.34704215636221369,0.93408196749646921,-0.80170690874237827,-0.3427895412627659,-0.065513284581981468,-0.0042526150994477985,-0.71303832153097124,-0.25845894943849035,-0.90034566218224366,-0.33725655623254952,0.034540623285521661,0.20320704391906047,-0.89940719176927253,-0.33414271104217819
851,0.4375,0.40625,-0.81282059664746475,-0.30250448694511217,0.86728673860279115,-0.75351650882432764,-0.31005659474703012,-0.059304087823137119,0.0075521078019179511,-0.67417452074234563,-0.21689073257744138,-0.84473953870167628,-0.31642730087184334,0.034823319909200109,0.19748405955745627,-0.8438343939351185,-0.31352788821152844
852,0.40625,0.4375,-0.87027981133402121,-0.091043875947245931,0.87502910658050514,-0.83051087304433946,-0.097453982834355316,-0.039768938289681754,0.0064101068871093847,-0.72395810665078086,-0.050233325822058583,-0.89676399921009031,-0.09759843596946656,0.027283226798526201,0.17917960308722555,-0.89526144821111497,-0.095151707515359008
853,0.53125,0.4375,-0.44125439718587461,-0.83503642944776324,0.94445290064710952,-0.4492472293342108,-0.7949811579330055,0.0079928321483361819,-0.04005527151475774,-0.45135402216389597,-0.64769630339861561,-0.42888575835748216,-0.86047736891236659,0.028288241856093313,0.21396402669524098,-0.43092877056480938,-0.8570810226834642
854,0.5625,0.46875,-0.22332621203697658,-0.90690742350062947,0.93399982429513051,-0.22832596172304109,-0.8414492703651244,0.0049997496860645085,-0.065458153135505071,-0.29539692845165771,-0.69968967595197662,-0.20266723084952018,-0.93983524602560464,0.038872033648111849,0.25742706082184069,-0.20587837861720279,-0.9368777875246459
855,0.5625,0.40625,-0.18679097841520664,-0.84677815765467923,0.86713558218906173,-0.20258587844801632,-0.78923460426215986,0.015794900032809672,-0.057543553392519375,-0.25037309382506545,-0.66205062698692629,-0.19015032813376972,-0.88179021183815631,0.035172847036859911,0.22784263573374414,-0.19318147643631003,-0.87906942969162349
856,0.59375,0.4375,0.030243398012366075,-0.87409750550665599,0.87462055330085453,0.018335389163153415,-0.83570271669427865,0.01190800884921266,-0.038394788812377345,-0.094416000112827192,-0.71404399954028719,0.033919374719479777,-0.90142143362669191,0.027570089819587681,0.22711290416476487,0.029816349864959128,-0.89941370221935435
857,0.5625,0.53125,-0.22332621203697647,-0.90690742350063036,0.9339998242951314,-0.2283259617230412,-0.84144927036512451,0.0049997496860647306,-0.065458153135505848,-0.29539692845165766,-0.6996896759519764,-0.20266723084952018,-0.93983524602560464,0.038872033648111037,0.25742706082184086,-0.20587837861720235,-0.93687778752464446
858,0.53125,0.5625,-0.44125439718587545,-0.83503642944776468,0.94445290064711118,-0.44924722933421146,-0.79498115793300617,0.0079928321483360154,-0.040055271514758517,-0.45135402216389592,-0.6476963033986155,-0.42888575835748216,-0.86047736891236659,0.02828824185609238,0.21396402669524109,-0.43092877056480805,-0.85708102268346154
859,0.59375,0.5625,0.0302433980123657,-0.87409750550665666,0.8746205533008552,0.018335389163153248,-0.83570271669427876,0.011908008849212452,-0.0383947888123779,-0.094416000112827136,-0.71404399954028719,0.033919374719479777,-0.90142143362669191,0.027570089819587071,0.22711290416476484,0.029816349864959391,-0.89941370221935257
860,0.5625,0.59375,-0.18679097841520761,-0.84677815765468034,0.86713558218906295,-0.20258587844801701,-0.78923460426216041,0.015794900032809395,-0.057543553392519931,-0.2503730938250654,-0.66205062698692629,-0.19015032813376972,-0.88179021183815631,0.035172847036858711,0.22784263573374414,-0.19318147643630931,-0.87906942969162094
861,0.4375,0.53125,-0.86722019332435996,-0.34704215636221358,0.93408196749646943,-0.80170690874237827,-0.3427895412627659,-0.06551328458198169,-0.0042526150994476875,-0.71303832153097124,-0.25845894943849024,-0.90034566218224366,-0.33725655623254952,0.034540623285521412,0.2032070439190605,-0.89940719176927186,-0.33414271104217724
862,0.46875,0.5625,-0.76551337992587754,-0.55308925107519757,0.94441434471341223,-0.724712544522367,-0.55539215317544122,-0.040800835403510538,0.0023029021002436423,-0.66325473562253601,-0.425116356193873,-0.7889174886251934,-0.5495211481585941,0.023674536160881096,0.17682669412730764,-0.7888219127432744,-0.54608378337976793
863,0.40625,0.5625,-0.87027981133402077,-0.091043875947245875,0.8750291065805047,-0.83051087304433935,-0.097453982834355316,-0.039768938289681421,0.0064101068871094402,-0.72395810665078086,-0.050233325822058444,-0.89676399921009031,-0.09759843596946656,0.027283226798526648,0.17917960308722558,-0.89526144821111342,-0.095151707515357745
864,0.4375,0.59375,-0.81282059664746487,-0.30250448694511223,0.86728673860279126,-0.75351650882432808,-0.31005659474703062,-0.059304087823136786,0.0075521078019183951,-0.67417452074234574,-0.21689073257744121,-0.84473953870167628,-0.31642730087184334,0.034823319909199985,0.19748405955745627,-0.84383439393511683,-0.31352788821152638
865,0.4375,0.03125,-0.025168946096795316,0.00091944954059524145,0.025185734753647528,-0.033201168597003297,0.015257985521716311,0.0080322225002079813,-0.014338535981121069,-0.052214320416104451,-0.0068629463958127489,-0.013306146579886753,-0.0049842914346709746,0.013250666771200736,0.038953502226787749,-0.012878994865932566,-0.0044651029497010135
866,0.46875,0.0625,-0.051720367072089983,-0.026719115369414171,0.058214323806051328,-0.068371631010005623,-0.020803066204252017,0.01665126393791564,-0.0059160491651621544,-0.077370566598565282,-0.044090544795158115,-0.044723213640883976,-0.031151992525997395,0.0082831489196558191,0.035117741811870912,-0.044489778259332202,-0.030507968054964349
867,0.40625,0.0625,-0.061576249303864232,-0.0017621752707239521,0.06160145891142832,-0.078799945768820476,0.020022819796424327,0.017223696464956244,-0.021784995067148278,-0.097254288119936347,0.0077172814357017467,-0.050836961406467707,-0.0055327911547316646,0.011381996691613416,0.048271447491002838,-0.050168862323153318,-0.0051749357033447326
868,0.4375,0.09375,-0.11074899927552892,-0.037905347075826233,0.11705620947848069,-0.1139704081818228,-0.016038231929544001,0.0032214089062938822,-0.021867115146282232,-0.12241053430239719,-0.029510316963643621,-0.10480148123117881,-0.039257129936550055,0.0060992038652939598,0.020126577284620514,-0.10426164288847369,-0.038618004355476021
869,0.5625,0.03125,0.0051795605537482301,-0.023752942791016099,0.024311111425914453,0.019028428128520673,-0.031145682334259447,-0.013848867574772442,0.0073927395432433485,0.023467794415065801,-0.073236042787013234,-0.0029952050572301255,-0.013889760421847076,0.012810509718271206,0.064979008700016092,-0.0035386569262542879,-0.01386136414543203
870,0.53125,0.0625,-0.019340391665685179,-0.05433515657878582,0.057674604378558827,-0.011691430249765388,-0.070542535711283216,-0.0076489614159197909,0.016207379132497396,-0.022795385757625117,-0.10085667513033822,-0.024313251607567015,-0.048779896196846174,0.0074558871982294125,0.052098894621922839,-0.024705088314754702,-0.048334123274446035
871,0.59375,0.0625,0.0065444847068857363,-0.061769706455847825,0.062115432186536944,0.030109851716943737,-0.076120317566582649,-0.023565367010058,0.014350611110734823,0.033003007552174071,-0.11542194529067884,0.0019228670475895566,-0.051100988300832872,0.01162673199398111,0.071436409777328042,0.0011021332617686716,-0.05137070944340269
872,0.5625,0.09375,-0.022400736928583333,-0.11508633914366395,0.11724614480840739,-0.0006100066613423244,-0.11551717094360642,-0.021790730267241008,0.00043083179994246601,-0.013260172620516847,-0.1430425776340038,-0.023590746179162143,-0.10939812344740948,0.0058113612711290664,0.035194744601494479,-0.024405771589633574,-0.10911938590817909
873,0.03125,0.4375,0.023257257392155655,0.0071831222458713607,0.024341266741977726,0.024403120807078828,0.01198744565670223,-0.0011458634149231726,-0.0048043234108308694,0.015702893575735625,0.029779892835709715,0.013767311271654578,0.0035153717101523083,0.010174058745765175,0.026335746596797348,0.0134765019887183,0.003625931817279385
874,0.0625,0.46875,0.055576708917571743,0.036889572790953361,0.066705405739021964,0.057466399159803797,0.054256247658345386,-0.0018896902422320533,-0.017366674867392025,0.035699149781217701,0.064164518912367158,0.047831167912324273,0.026130286122639169,0.013257286867037822,0.039922283599973567,0.047505135985116964,0.02627716651991481
875,0.0625,0.40625,0.070148228097411114,0.041098696283069731,0.081301148462825712,0.0572178015643654,0.054639715130115868,0.012930426533045714,-0.013541018847046137,0.043703352593458006,0.067503485086776047,0.044877073789511598,0.024516457148113697,0.030225848123461081,0.043003048641292903,0.044555925146689337,0.024628152609525458
876,0.09375,0.4375,0.096096717544126048,0.091364894961038112,0.13259759859815362,0.090281079917090376,0.09690851713175902,0.0058156376270356719,-0.0055436221707209077,0.063699608798940086,0.10188811116343348,0.081885343229473079,0.076284095873882435,0.020721816064677673,0.031405199183024403,0.081544836739548973,0.07637972672885919
877,0.03125,0.5625,0.023257257392155128,0.0071831222458712653,0.024341266741977192,0.02440312080707871,0.011987445656702149,-0.001145863414923582,-0.0048043234108308833,0.01570289357573566,0.029779892835709816,0.013767311271654578,0.0035153717101523083,0.010174058745764648,0.026335746596797448,0.013476501988718236,0.0036259318172792011
878,0.0625,0.53125,0.055576708917571778,0.036889572790953597,0.066705405739022131,0.057466399159803686,0.054256247658345372,-0.0018896902422319076,-0.017366674867391775,0.035699149781217757,0.064164518912367213,0.047831167912324273,0.026130286122639169,0.013257286867038033,0.039922283599973601,0.04750513598511695,0.026277166519914734
879,0.0625,0.59375,0.070148228097411169,0.041098696283069856,0.081301148462825823,0.057217801564365171,0.054639715130115778,0.012930426533045998,-0.013541018847045921,0.043703352593458089,0.067503485086776199,0.044877073789511598,0.024516457148113697,0.030225848123461196,0.043003048641293048,0.044555925146689226,0.024628152609525261
880,0.09375,0.5625,0.096096717544125937,0.091364894961038029,0.13259759859815348,0.09028107991709014,0.096908517131759006,0.0058156376270357968,-0.0055436221707209771,0.063699608798940183,0.1018881111634336,0.081885343229473079,0.076284095873882435,0.020721816064677535,0.031405199183024451,0.081544836739548932,0.076379726728859051
881,0.96875,0.4375,0.0074446904080466151,0.022074458156619112,0.023296032241134742,0.01225104424699191,0.023803922394820681,-0.0048063538389452954,-0.0017294642382015696,0.10665407913894683,-0.056957083094623454,0.0014748177359062793,0.0141322896431195,0.0099356640652949121,0.12695028926920524,0.0056321707223867621,0.011755269559340585
882,0.9375,0.46875,0.031280360771871567,0.057907257621906016,0.06581573865959596,0.048424442913686007,0.061588086638156299,-0.01714408214181444,-0.0036808290162502824,0.11482083746886866,-0.055743088612480979,0.018892777513712922,0.051124117933958449,0.014123144232217617,0.14360638050518265,0.022345732867575702,0.047572976710850715
883,0.9375,0.40625,0.033534206010588534,0.072464588674624894,0.079847727485152425,0.048847385869699007,0.061597585672661721,-0.015313179859110473,0.010867003001963173,0.11397593812462516,-0.038842736189215979,0.017725943303869462,0.047966648381897285,0.029155621214282022,0.1296145468402792,0.02115944479624312,0.044628190988201429
884,0.90625,0.4375,0.078677268712412318,0.10441198240938301,0.13073627913743929,0.085020784536393113,0.099381749915997339,-0.0063435158239807943,0.0050302324933856751,0.12214269645454699,-0.037628741707073504,0.063557979130716022,0.092113278130374704,0.019489767684548923,0.14235575441623,0.066025441233117599,0.087701654433032086
885,0.96875,0.5625,0.0074446904080462317,0.022074458156619362,0.023296032241134853,0.01225104424699178,0.023803922394821115,-0.0048063538389455486,-0.0017294642382017535,0.10665407913894667,-0.056957083094623308,0.0014748177359062793,0.0141322896431195,0.0099356640652948826,0.12695028926920501,0.0056321707223864004,0.011755269559340441
886,0.9375,0.53125,0.031280360771871463,0.057907257621906412,0.065815738659596251,0.048424442913686028,0.061588086638156542,-0.017144082141814565,-0.0036808290162501298,0.11482083746886859,-0.055743088612480854,0.018892777513712922,0.051124117933958449,0.014123144232217716,0.14360638050518251,0.022345732867575484,0.047572976710850687
887,0.9375,0.59375,0.033534206010588617,0.072464588674625463,0.079847727485152981,0.048847385869698903,0.061597585672662401,-0.015313179859110286,0.010867003001963062,0.11397593812462493,-0.038842736189215701,0.017725943303869462,0.047966648381897285,0.029155621214282546,0.12961454684027887,0.021159444796242606,0.044628190988201429
888,0.90625,0.5625,0.078677268712412499,0.10441198240938364,0.1307362791374399,0.085020784536393154,0.099381749915997825,-0.0063435158239806555,0.0050302324933858139,0.12214269645454685,-0.037628741707073241,0.063557979130716022,0.092113278130374704,0.019489767684549457,0.14235575441622969,0.066025441233117196,0.087701654433032183
889,0.5625,0.96875,0.0051795605537489579,-0.023752942791016689,0.024311111425915185,0.01902842812852136,-0.031145682334260197,-0.013848867574772402,0.0073927395432435081,0.023467794415066086,-0.073236042787013927,-0.0029952050572301255,-0.013889760421847076,0.012810509718272124,0.064979008700016841,-0.0035386569262551596,-0.01386136414543393
890,0.53125,0.9375,-0.01934039166568513,-0.054335156578786716,0.057674604378559653,-0.011691430249764989,-0.070542535711284188,-0.0076489614159201413,0.016207379132497472,-0.022795385757625131,-0.10085667513033897,-0.024313251607567015,-0.048779896196846174,0.0074558871982301116,0.052098894621923589,-0.024705088314756332,-0.048334123274447721
891,0.59375,0.9375,0.0065444847068865993,-0.061769706455848485,0.062115432186537693,0.030109851716944545,-0.076120317566583273,-0.023565367010057944,0.014350611110734789,0.033003007552174529,-0.11542194529067937,0.0019228670475895566,-0.051100988300832872,0.011626731993982058,0.071436409777328722,0.0011021332617677986,-0.051370709443404154
892,0.5625,0.90625,-0.022400736928582965,-0.11508633914366485,0.1172461448084082,-0.00061000666134180398,-0.11551717094360726,-0.021790730267241161,0.0004308317999424105,-0.013260172620516687,-0.14304257763400441,-0.023590746179162143,-0.10939812344740948,0.0058113612711300239,0.035194744601495111,-0.024405771589635073,-0.10911938590818035
893,0.4375,0.96875,-0.02516894609679542,0.00091944954059454149,0.025185734753647607,-0.033201168597003256,0.015257985521715462,0.0080322225002078355,-0.01433853598112092,-0.05221432041610493,-0.0068629463958133101,-0.013306146579886753,-0.0049842914346709746,0.013250666771200518,0.038953502226788249,-0.012878994865934742,-0.0044651029497029052
894,0.46875,0.9375,-0.051720367072089969,-0.026719115369415132,0.058214323806051758,-0.068371631010005554,-0.020803066204252915,0.016651263937915585,-0.0059160491651622168,-0.077370566598565713,-0.044090544795158726,-0.044723213640883976,-0.031151992525997395,0.0082831489196552935,0.035117741811871536,-0.044489778259334492,-0.030507968054965862
895,0.40625,0.9375,-0.061576249303864676,-0.0017621752707249858,0.061601458911428791,-0.078799945768820642,0.020022819796423653,0.017223696464955966,-0.021784995067148639,-0.097254288119937068,0.0077172814357015012,-0.050836961406467707,-0.0055327911547316646,0.011381996691613492,0.048271447491003462,-0.050168862323156073,-0.0051749357033458706
896,0.4375,0.90625,-0.11074899927552953,-0.037905347075827295,0.11705620947848161,-0.11397040818182294,-0.016038231929544722,0.0032214089062934104,-0.021867115146282572,-0.12241053430239784,-0.029510316963643916,-0.10480148123117881,-0.039257129936550055,0.0060992038652943207,0.020126577284620945,-0.1042616428884765,-0.038618004355476764
897,0.21875,0.1875,-0.034959368947343181,0.18245240448418765,0.18577146546027481,-0.062601203857812704,0.19370444960106095,0.027641834910469523,-0.011252045116873305,-0.061620883091109739,0.18413875376456262,-0.03093038751161889,0.17074749021457425,0.012378921983291206,0.033484809367532536,-0.030865161988998996,0.17025395334858986
898,0.1875,0.21875,0.00049588558978949984,0.18811356465248558,0.18811421825258992,-0.035285813908727842,0.1901303850175376,0.035781699498517339,-0.0020168203650520189,-0.038632512330638698,0.18089564638919664,0.012274768443527236,0.17309166457646893,0.019089252556763598,0.051501974408299622,0.012162489553222851,0.17268246793179926
899,0.1875,0.15625,-0.0045102810319569793,0.10638332779074539,0.10647889493613469,-0.025828208516511582,0.11833313932177403,0.021317927484554602,-0.011949811531028642,-0.028891648853532653,0.11719548056749379,0.0073047397512909021,0.10300720283775171,0.012287918286138054,0.038877831382006067,0.0071146409899823532,0.10256107881544752
900,0.15625,0.1875,0.019939962754976483,0.10275971819840823,0.10467646248744807,0.0014871814325732834,0.11475907473825067,0.018452781322403199,-0.011999356539842437,-0.0059032780930616136,0.11395237319212781,0.032562042896182787,0.09799773681937235,0.013490491975658971,0.041642902643697369,0.032268120010628426,0.097673939916068653
901,0.3125,0.28125,-0.38291085500144878,0.26447122989555855,0.46536625825301292,-0.39777424209353801,0.22044745927169385,0.014863387092089231,0.0440237706238647,-0.3465170613882434,0.20978942372810874,-0.38684462538836878,0.28898156073204823,0.024823997807991879,0.088869043999780545,-0.38562509592854155,0.28913338862908988
902,0.28125,0.3125,-0.30437956267175797,0.35294370024318511,0.46606455959834786,-0.31842564236212451,0.32038514696295939,0.014046079690366531,0.032558553280225722,-0.28489883128607046,0.29049064108215022,-0.30332338053413149,0.37570471577602577,0.022785507428935061,0.087183155144371929,-0.30229658651222968,0.37561585215312138
903,0.34375,0.3125,-0.56537597135583184,0.21480646862142128,0.6048072485909507,-0.57799785922129487,0.17591121675477056,0.012621887865463033,0.038895251866650715,-0.50223041040315664,0.17607263042321608,-0.55580638408391114,0.22950240185721227,0.017537030941004037,0.075664558621127073,-0.55429980937679113,0.23021594146585214
904,0.3125,0.34375,-0.49632353256559314,0.33545044752976888,0.59905262851131169,-0.49864925948988137,0.2758489044460361,0.0023257269242882295,0.059601543083732778,-0.44061218030098376,0.25677384777725754,-0.48174790672708223,0.35987642797318087,0.028444285703919717,0.11100581080132525,-0.48031717074411212,0.36022263394088
905,0.28125,0.1875,-0.14162081663451101,0.18505295971263258,0.23302586466448527,-0.11221279833629991,0.19607787269845492,-0.029408018298211103,-0.011024912985822338,-0.11114929604204712,0.18420306003555284,-0.15251400389831868,0.188908057089367,0.011555228450726807,0.041631431074502998,-0.15189224543500709,0.18854210674801553
906,0.3125,0.21875,-0.26362104877996756,0.19488377158247019,0.32783493069845143,-0.23038922410296719,0.19198581460672418,-0.033231824677000366,0.0028979569757460188,-0.20760289108669039,0.17662725010692282,-0.27648525409038238,0.20654064966321214,0.0173600283656965,0.075097213037413083,-0.275500116357348,0.2064879981932099
907,0.3125,0.15625,-0.15898195986409164,0.11695362836394345,0.1973661945463788,-0.12505139747348595,0.12307998551656198,-0.033930562390605684,-0.0061263571526185279,-0.12794847475540744,0.11732409310947423,-0.16453693896480714,0.12291276212610748,0.0081467213039817018,0.037012821218869549,-0.163771981390745,0.12268209163096858
908,0.34375,0.1875,-0.27032499587518893,0.10678941910398225,0.29065371738115942,-0.24322782324015324,0.11898792742483122,-0.027097172635035693,-0.012198508320848969,-0.22440206980005067,0.1097482831808442,-0.27946496204681948,0.11539608371068426,0.012554427795435669,0.055351781844888551,-0.27843229743717585,0.11555700024389259
909,0.1875,0.28125,-0.0065038380566587685,0.24919965237947869,0.24928450945760802,-0.011574901690966987,0.21782443564313156,0.0050710636343082186,0.031375216736347133,-0.019766422840273475,0.20621782101547045,0.017174254793035054,0.24218137911631402,0.024696320385741152,0.051555709434365965,0.017143058758024098,0.24182766540416428
910,0.21875,0.3125,-0.082805445262242691,0.33940722502194531,0.34936228497388738,-0.07771811767530562,0.31724412982618971,-0.005087327586937071,0.0221630951957556,-0.077590158543214854,0.28258633581624787,-0.061515070494837044,0.3395865600914445,0.021291130049946511,0.059223593467348928,-0.06120945684373949,0.33922773429596803
911,0.15625,0.3125,0.045590822773455851,0.18855487237595311,0.19398830639467068,0.04890900586809499,0.17014717598943863,-0.0033181830946391391,0.018407696386514488,0.031828900887668835,0.16459672244467541,0.064760144484518695,0.19490016691558273,0.020192217749838148,0.044752268675860768,0.064555574729282417,0.19467665715985163
912,0.1875,0.34375,-0.0083795554727476556,0.29084270573469401,0.29096339362366302,-0.01723421011624364,0.26956687017249681,0.0088546546434959839,0.021275835562197198,-0.025994834815272542,0.24096523724545282,0.021387556536001856,0.30159491635803948,0.031649502217731995,0.076948352805375556,0.021425074192369501,0.30130404848612391
913,0.78125,0.1875,0.18576483227818574,-0.011474046159518726,0.18611885086313329,0.20066922323363426,-0.037012307274463981,-0.014904390955448515,0.025538261114945254,0.17395829630075757,-0.10167771981523072,0.17343080996268828,-0.0057574683569205504,0.013594387380545971,0.095921701828430378,0.17310109845134389,-0.0091746497531721653
914,0.8125,0.21875,0.18665426480758887,0.024172309574493955,0.18821295152307316,0.19359207047133545,-0.010619699428674131,-0.0069378056637465768,0.03479200900316809,0.17264951199358144,-0.088779510856839744,0.16946368654697169,0.03732898643286154,0.021647497012123804,0.1261487319494051,0.16966711855971894,0.033523941072503442
915,0.8125,0.15625,0.10706970691305998,0.0081762608469298382,0.1073814387121238,0.12180688445663018,-0.010909649117001499,-0.014737177543570207,0.019085909963931336,0.12568491259539596,-0.065116486473815877,0.10084818570836111,0.022214556007800871,0.015355163858593391,0.090794129674704793,0.10164493906331026,0.019144123129148712
916,0.84375,0.1875,0.10040849181913976,0.031718799426274771,0.10529932320028702,0.11472973169433137,0.015482958728788352,-0.014321239875191613,0.016235840697486417,0.12437612828821985,-0.052218277515424905,0.092217090730401727,0.046474199686629032,0.016876637361744821,0.10379984948410614,0.093545640315236267,0.04326383352497877
917,0.6875,0.28125,0.31388678916878709,-0.34350706391546693,0.46531926606848689,0.27265088157435347,-0.3643282853383405,0.04123590759443363,0.02082122142287357,0.17164083837851984,-0.37185302972905998,0.34219219630503561,-0.34068109343333658,0.028446127720915908,0.17337662847974386,0.33868003112460876,-0.34261373715846027
918,0.71875,0.3125,0.39019681888491248,-0.25375249831177366,0.46545019912700852,0.36012716758826857,-0.27216552442151309,0.030069651296643907,0.018413026109739439,0.23951937487714658,-0.32041275852828749,0.41584012097096396,-0.24543043907765788,0.026959888942141876,0.19160207131781401,0.41232412657170125,-0.24839686085535931
919,0.65625,0.3125,0.29027049756118639,-0.53047244990459397,0.60469660315086993,0.2536707419064721,-0.54837391418853509,0.036599755654714294,0.017901464283941126,0.13590685564050844,-0.51389943052528197,0.30792994157255865,-0.51649902238995782,0.022519161602901256,0.17204272716813232,0.30390271737495561,-0.51727672886806952
920,0.6875,0.34375,0.39963107274853976,-0.44557976724343612,0.5985368186526735,0.3411470279203872,-0.45621115327170769,0.058484044828152559,0.010631386028271572,0.20378539213913519,-0.46245915932450943,0.42614104849665119,-0.42425923187696968,0.03401975958877726,0.22561310327899628,0.42180927860295642,-0.42614123153350469
921,0.71875,0.1875,0.20245364392571774,-0.11636230562026591,0.23351159309136127,0.20915132590541241,-0.085772703696557068,-0.0066976819796946696,-0.03058960192370884,0.16808633495196082,-0.14763371070449105,0.20908853685845824,-0.1234048587891298,0.0096757097602813927,0.047625810505624838,0.20738061695441221,-0.12601033977454798
922,0.6875,0.21875,0.22877860205190856,-0.23536443831629217,0.32823172847969656,0.22125078513700885,-0.20294039475277653,0.0075278169148997043,-0.032424043563515637,0.15322947606237292,-0.23920138648068356,0.24457130882498346,-0.24349129469523054,0.017761063645632742,0.091442515959054574,0.24198370704572411,-0.2454320794449685
923,0.6875,0.15625,0.13756026148753259,-0.14288920042687364,0.19834351297471164,0.13877108980018646,-0.10843044196118766,-0.0012108283126538721,-0.034458758465685982,0.11394098989780246,-0.15702846825233652,0.14554488500686771,-0.14490216639414127,0.0082344547318506395,0.033850456168578701,0.1438828793478632,-0.14678234334363413
924,0.65625,0.1875,0.14267777000130721,-0.25411348803797124,0.29142856904457748,0.15087054903178287,-0.22559813301740711,-0.0081927790304756609,-0.028515355020564126,0.099084131008214574,-0.24859614402852903,0.15483022847334271,-0.25970083076202505,0.013375374597766766,0.05684137093737842,0.15253788408512076,-0.26084670322024162
925,0.8125,0.28125,0.24746298751702037,0.025439838909716423,0.24876719155588284,0.21727424588830713,0.016046684462992653,0.030188741628713239,0.0093931544467237699,0.18725480761313912,-0.089340008462352211,0.23710528995432459,0.052228889458340713,0.028721683935609022,0.15008938486158313,0.23670899577091264,0.047784571009120612
926,0.78125,0.3125,0.34644391798658036,-0.037232071370706984,0.34843882597730957,0.32392714389611743,-0.035350853522189307,0.022516774090462932,-0.0018812178485176773,0.24158526952935408,-0.14236562199616321,0.34492320850567526,-0.011450586311429761,0.025826295305115855,0.16678571941329062,0.34311780301853723,-0.01589311959458975
927,0.84375,0.3125,0.18062252975537027,0.068139024903382597,0.19304772718168275,0.1620940825282747,0.068815726512121922,0.018528447227095568,-0.00067670160873932461,0.15358671952733519,-0.053339272726449824,0.18340348419425723,0.092428963873801978,0.02444861637757571,0.14878648546406895,0.18390076827945817,0.087784014703009547
928,0.8125,0.34375,0.2883337279307196,0.029096076646113626,0.28979806821064691,0.26874698053608503,0.017418188526939958,0.019586747394634563,0.011677888119173668,0.20791718144355015,-0.10636488626026083,0.29527352743944352,0.06504202596061795,0.036609726704008576,0.19238362909262907,0.29433915492131113,0.060085647444905528
929,0.8125,0.78125,0.18665426480758943,0.024172309574494715,0.1882129515230738,0.19359207047133625,-0.010619699428672798,-0.0069378056637468266,0.034792009003167514,0.17264951199358153,-0.088779510856838995,0.16946368654697169,0.03732898643286154,0.021647497012123783,0.12614873194940435,0.16966711855971814,0.033523941072504199
930,0.78125,0.8125,0.18576483227818705,-0.011474046159518013,0.18611885086313454,0.20066922323363531,-0.037012307274462759,-0.014904390955448266,0.025538261114944748,0.17395829630075785,-0.10167771981522998,0.17343080996268828,-0.0057574683569205504,0.013594387380546856,0.095921701828429642,0.17310109845134325,-0.0091746497531714887
931,0.84375,0.8125,0.10040849181914011,0.031718799426275777,0.10529932320028766,0.11472973169433193,0.015482958728789669,-0.014321239875191821,0.016235840697486108,0.1243761282882197,-0.052218277515424169,0.092217090730401727,0.046474199686629032,0.01687663736174411,0.10379984948410542,0.093545640315235448,0.043263833524979228
932,0.8125,0.84375,0.10706970691306068,0.0081762608469308044,0.10738143871212459,0.12180688445663097,-0.01090964911700029,-0.01473717754357029,0.019085909963931093,0.12568491259539602,-0.065116486473815155,0.10084818570836111,0.022214556007800871,0.015355163858592794,0.090794129674704113,0.1016449390633096,0.019144123129149117
933,0.71875,0.6875,0.39019681888491325,-0.2537524983117731,0.46545019912700886,0.36012716758826929,-0.27216552442151232,0.030069651296643962,0.018413026109739217,0.23951937487714692,-0.32041275852828693,0.41584012097096396,-0.24543043907765788,0.026959888942140964,0.19160207131781348,0.41232412657170081,-0.24839686085535756
934,0.6875,0.71875,0.31388678916878759,-0.34350706391546715,0.46531926606848739,0.27265088157435419,-0.36432828533834005,0.041235907594433407,0.020821221422872904,0.17164083837852023,-0.37185302972905954,0.34219219630503561,-0.34068109343333658,0.028446127720915433,0.17337662847974339,0.33868003112460826,-0.34261373715845855
935,0.6875,0.65625,0.39963107274854009,-0.44557976724343612,0.59853681865267372,0.34114702792038754,-0.45621115327170736,0.058484044828152559,0.010631386028271239,0.20378539213913544,-0.46245915932450904,0.42614104849665119,-0.42425923187696968,0.034019759588776996,0.22561310327899597,0.42180927860295608,-0.42614123153350292
936,0.65625,0.6875,0.29027049756118711,-0.53047244990459452,0.6046966031508707,0.25367074190647243,-0.54837391418853509,0.036599755654714683,0.017901464283940571,0.13590685564050872,-0.51389943052528164,0.30792994157255865,-0.51649902238995782,0.022519161602901034,0.17204272716813207,0.30390271737495539,-0.51727672886806775
937,0.8125,0.71875,0.24746298751702098,0.025439838909717211,0.2487671915558835,0.21727424588830788,0.016046684462993902,0.030188741628713101,0.0093931544467233084,0.1872548076131392,-0.089340008462351503,0.23710528995432459,0.052228889458340713,0.028721683935608509,0.15008938486158244,0.23670899577091165,0.047784571009121556
938,0.78125,0.6875,0.3464439179865807,-0.037232071370705909,0.3484388259773098,0.32392714389611832,-0.03535085352218819,0.022516774090462377,-0.0018812178485177189,0.24158526952935427,-0.14236562199616254,0.34492320850567526,-0.011450586311429761,0.025826295305114801,0.16678571941328998,0.34311780301853656,-0.015893119594588473
939,0.84375,0.6875,0.18062252975537085,0.06813902490338361,0.19304772718168364,0.16209408252827517,0.068815726512123074,0.018528447227095679,-0.00067670160873946339,0.15358671952733507,-0.053339272726449193,0.18340348419425723,0.092428963873801978,0.024448616377574638,0.14878648546406836,0.18390076827945706,0.087784014703010199
940,0.8125,0.65625,0.28833372793071993,0.029096076646114556,0.2897980682106473,0.26874698053608559,0.017418188526940985,0.019586747394634341,0.011677888119173571,0.20791718144355015,-0.10636488626026025,0.29527352743944352,0.06504202596061795,0.036609726704007597,0.19238362909262857,0.29433915492131069,0.060085647444906541
941,0.71875,0.8125,0.20245364392571871,-0.11636230562026538,0.23351159309136182,0.20915132590541363,-0.085772703696556318,-0.0066976819796949194,-0.030589601923709062,0.16808633495196135,-0.14763371070449055,0.20908853685845824,-0.1234048587891298,0.0096757097602811117,0.04762581050562413,0.20738061695441187,-0.1260103397745474
942,0.6875,0.78125,0.22877860205190934,-0.23536443831629217,0.32823172847969712,0.22125078513700991,-0.2029403947527762,0.0075278169148994267,-0.03242404356351597,0.15322947606237342,-0.23920138648068323,0.24457130882498346,-0.24349129469523054,0.017761063645632052,0.091442515959054088,0.2419837070457235,-0.24543207944496748
943,0.6875,0.84375,0.13756026148753345,-0.1428892004268735,0.19834351297471214,0.13877108980018757,-0.10843044196118741,-0.0012108283126541219,-0.034458758465686093,0.11394098989780301,-0.15702846825233632,0.14554488500686771,-0.14490216639414127,0.0082344547318498381,0.033850456168578125,0.14388287934786281,-0.14678234334363402
944,0.65625,0.8125,0.14267777000130782,-0.2541134880379719,0.29142856904457837,0.15087054903178387,-0.22559813301740728,-0.0081927790304760495,-0.028515355020564626,0.099084131008215101,-0.24859614402852898,0.15483022847334271,-0.25970083076202505,0.013375374597765931,0.056841370937377914,0.15253788408512015,-0.26084670322024112
945,0.1875,0.78125,0.0004958855897893473,0.18811356465248597,0.18811421825259031,-0.035285813908728217,0.19013038501753829,0.035781699498517561,-0.0020168203650523242,-0.038632512330638656,0.18089564638919725,0.012274768443527236,0.17309166457646893,0.019089252556764,0.051501974408299671,0.012162489553222012,0.1726824679318
946,0.21875,0.8125,-0.034959368947343535,0.18245240448418804,0.18577146546027526,-0.062601203857813176,0.19370444960106153,0.027641834910469641,-0.011252045116873499,-0.061620883091109815,0.18413875376456329,-0.03093038751161889,0.17074749021457425,0.01237892198329169,0.03348480936753287,-0.030865161989000439,0.17025395334859103
947,0.15625,0.8125,0.01993996275497642,0.10275971819840862,0.10467646248744844,0.001487181432573044,0.1147590747382512,0.018452781322403376,-0.011999356539842576,-0.0059032780930615859,0.11395237319212827,0.032562042896182787,0.09799773681937235,0.013490491975659167,0.041642902643697514,0.032268120010627607,0.097673939916069097
948,0.1875,0.84375,-0.0045102810319571042,0.10638332779074536,0.10647889493613467,-0.025828208516511915,0.11833313932177443,0.02131792748455481,-0.011949811531029073,-0.02889164885353275,0.11719548056749429,0.0073047397512909021,0.10300720283775171,0.012287918286138167,0.038877831382006338,0.007114640989981086,0.1025610788154481
949,0.28125,0.6875,-0.30437956267175803,0.35294370024318589,0.46606455959834847,-0.31842564236212478,0.32038514696295983,0.014046079690366753,0.032558553280226055,-0.28489883128607041,0.29049064108215089,-0.30332338053413149,0.37570471577602577,0.022785507428934287,0.087183155144371291,-0.30229658651222935,0.37561585215312276
950,0.3125,0.71875,-0.38291085500144922,0.26447122989555905,0.46536625825301359,-0.39777424209353851,0.22044745927169426,0.014863387092089286,0.044023770623864783,-0.34651706138824351,0.20978942372810938,-0.38684462538836878,0.28898156073204823,0.024823997807991317,0.08886904399977992,-0.38562509592854199,0.28913338862909183
951,0.3125,0.65625,-0.49632353256559331,0.33545044752976944,0.59905262851131214,-0.49864925948988148,0.27584890444603632,0.002325726924288174,0.059601543083733111,-0.44061218030098376,0.25677384777725804,-0.48174790672708223,0.35987642797318087,0.028444285703919329,0.11100581080132479,-0.48031717074411112,0.36022263394088172
952,0.34375,0.6875,-0.56537597135583206,0.21480646862142191,0.60480724859095114,-0.57799785922129521,0.17591121675477073,0.012621887865463144,0.038895251866651187,-0.50223041040315686,0.17607263042321655,-0.55580638408391114,0.22950240185721227,0.017537030941003624,0.075664558621126574,-0.55429980937679035,0.23021594146585433
953,0.1875,0.71875,-0.0065038380566587416,0.249199652379479,0.24928450945760833,-0.011574901690967445,0.2178244356431322,0.0050710636343087034,0.0313752167363468,-0.01976642284027337,0.20621782101547109,0.017174254793035054,0.24218137911631402,0.024696320385741211,0.051555709434365445,0.017143058758023907,0.24182766540416525
954,0.21875,0.6875,-0.082805445262243052,0.3394072250219457,0.34936228497388783,-0.07771811767530605,0.31724412982619021,-0.0050873275869370016,0.022163095195755489,-0.077590158543214716,0.28258633581624854,-0.061515070494837044,0.3395865600914445,0.021291130049946868,0.059223593467348248,-0.061209456843739261,0.33922773429596892
955,0.15625,0.6875,0.045590822773455754,0.18855487237595323,0.19398830639467077,0.048909005868094588,0.17014717598943901,-0.0033181830946388338,0.018407696386514211,0.03182890088766898,0.16459672244467588,0.064760144484518695,0.19490016691558273,0.020192217749838207,0.044752268675860338,0.064555574729282389,0.19467665715985202
956,0.1875,0.65625,-0.0083795554727479973,0.29084270573469423,0.29096339362366325,-0.017234210116244014,0.26956687017249703,0.0088546546434960169,0.021275835562197198,-0.025994834815272368,0.24096523724545338,0.021387556536001856,0.30159491635803948,0.031649502217732245,0.076948352805375014,0.021425074192369793,0.30130404848612447
957,0.28125,0.8125,-0.14162081663451112,0.185052959712633,0.23302586466448566,-0.11221279833630043,0.19607787269845536,-0.029408018298210686,-0.011024912985822366,-0.11114929604204746,0.18420306003555351,-0.15251400389831868,0.188908057089367,0.011555228450726563,0.041631431074502588,-0.15189224543500918,0.18854210674801711
958,0.3125,0.78125,-0.26362104877996778,0.19488377158247044,0.32783493069845177,-0.23038922410296783,0.19198581460672451,-0.033231824676999949,0.0028979569757459356,-0.20760289108669072,0.17662725010692346,-0.27648525409038238,0.20654064966321214,0.017360028365696167,0.075097213037412527,-0.27550011635735006,0.20648799819321198
959,0.3125,0.84375,-0.15898195986409244,0.11695362836394355,0.19736619454637949,-0.12505139747348645,0.12307998551656206,-0.033930562390605989,-0.006126357152618514,-0.12794847475540805,0.11732409310947473,-0.16453693896480714,0.12291276212610748,0.0081467213039810808,0.037012821218868869,-0.16377198139074775,0.12268209163096984
960,0.34375,0.8125,-0.27032499587518932,0.10678941910398254,0.29065371738115986,-0.24322782324015385,0.11898792742483122,-0.027097172635035471,-0.012198508320848678,-0.22440206980005128,0.10974828318084467,-0.27946496204681948,0.11539608371068426,0.012554427795435186,0.055351781844887891,-0.27843229743717862,0.11555700024389433
961,0.1875,0.03125,0.0076185284391729145,0.0061951180845176788,0.0098194431440690403,0.012970860710164621,0.001621359416834229,-0.0053523322709917061,0.00457375866768345,0.0038410780381405623,0.012591501059459428,0.00038517722364831585,0.0054315457847505843,0.0072735419476416575,0.0079503591098414646,0.00019696547978766035,0.0049560940184213333
962,0.21875,0.0625,-0.00017660457465345356,0.025275487654967597,0.02527610463208696,0.0033384463937414285,0.027553793622388523,-0.0035150509683948821,-0.0022783059674209259,-0.0096542836194452031,0.037733762125789633,-0.0045755011111862261,0.025258504469611576,0.0043989293206080108,0.013469450076162225,-0.0046456205416279279,0.024711331287543718
963,0.15625,0.0625,0.0089165044897822811,0.013526804346508945,0.016201187862161244,0.016774030925688681,0.0093253771268835238,-0.0078575264359063996,0.0042014272196254209,0.010587012539885379,0.018850723681777096,0.0048168702509146129,0.014496706630084667,0.0042128032629333029,0.0072285549400552549,0.004499697973269743,0.014144318188354807
964,0.1875,0.09375,0.0026380739997837249,0.042334890994441432,0.042417006376447325,0.007141616609265487,0.03525781133243782,-0.0045035426094817621,0.0070770796620036117,-0.0029083491177003852,0.043992984748107297,0.003033721546091678,0.042779781524221822,0.0005953692672516609,0.0060646571078622714,0.0027989705372580241,0.042316525482586159
965,0.3125,0.03125,-0.017636694041040252,0.0095223345033786308,0.02004314923088435,-0.032781874414711372,0.0046327724562457984,0.015145180373671119,0.0048895620471328324,-0.056729298925383115,0.0096504514806004752,-0.0086759944222320803,0.006481161284125612,0.0094627095595294849,0.04815770420215261,-0.0081316701522798785,0.0061715063694578881
966,0.28125,0.0625,-0.028099650319340457,0.029760371450572882,0.040930062997084231,-0.046273148084745766,0.029927216719782497,0.018173497765405309,-0.0001668452692096152,-0.059182696570382588,0.037798068396779849,-0.022561243180224656,0.027944978859373817,0.0058283448678668045,0.037923794929300654,-0.022202524970595106,0.027449621029641939
967,0.34375,0.0625,-0.05061647761252825,0.025524707007397989,0.056688080525919074,-0.078590298677674503,0.014710213263689069,0.027973821065146252,0.010814493743708921,-0.099511777374575686,0.015973980373908354,-0.041340970716985129,0.017070426584420748,0.012550294245140399,0.05818113905285225,-0.040648884921017002,0.016937226383622581
968,0.3125,0.09375,-0.0747408110887261,0.057105644277518505,0.094059786575088108,-0.092081572347708904,0.040004657527225769,0.017340761258982804,0.017100986750292736,-0.10196517501957517,0.04412159729008773,-0.068333612676248295,0.051046732320027842,0.008818310813612857,0.034337144331408595,-0.06773163198966986,0.050708114022979769
969,0.03125,0.1875,0.0057916771203005363,-0.0023884959130852793,0.0062648572683372278,0.0036329695845865161,-0.0055243090495519639,0.0021587075357140202,0.0031358131364666846,-0.00024209306791927185,0.0032148706645061553,0.0052759084011556089,0.0013471605873372791,0.0037710935895039406,0.0058255198175845829,0.005054851252523071,0.0012611188125017207
970,0.0625,0.21875,0.023320601880683502,0.013579210489583722,0.026986022856244664,0.021539350365343341,0.016825269947641441,0.0017812515153401605,-0.0032460594580577193,0.010985619648496897,0.02596621028583896,0.022527174430064297,0.012306651480289497,0.0014996444750446649,0.017882702075977926,0.022232971997651139,0.012240831477275567
971,0.0625,0.15625,0.018076318251093054,0.0095011253189767574,0.020421181744495125,0.011993382788852052,0.0057569382061091901,0.0060829354622410018,0.0037441871128675672,0.007678075180090017,0.013736315519116173,0.013405967477156631,0.007323713411535546,0.0051529893233224645,0.0085982681952206253,0.01313119848150124,0.0072347157295308629
972,0.09375,0.1875,0.032575345566518324,0.032885167042553357,0.046288090803085866,0.029899763569608877,0.028106517203302595,0.0026755819969094471,0.004778649839250762,0.018905787896506186,0.03648765514044898,0.031380097518777662,0.029233587761193041,0.0038422192992706417,0.014430173044529988,0.031039247739773734,0.029109930270668889
973,0.03125,0.3125,0.021460343079786115,0.0091772331515734898,0.023340264210596744,0.025889831477599198,0.019341388841019262,-0.0044294883978130833,-0.010164155689445772,0.018131296134431363,0.033539838376074722,0.010492848726821642,0.0026792641529883427,0.012747922712696421,0.031791837319938641,0.010230883492041588,0.0026826830169528614
974,0.0625,0.28125,0.040344896793260081,0.02640796883395009,0.048219202763978654,0.045250262583104196,0.044519320573235412,-0.0049053657898441155,-0.018111351739285322,0.02985170913886212,0.051288384912112767,0.031518919090737146,0.017218863976454685,0.012741174611764711,0.034110289441880666,0.031214111600135642,0.017204750857761016
975,0.0625,0.34375,0.066254210512301043,0.034913956149425607,0.074890618535383424,0.057961156899625582,0.058316686722274386,0.0082930536126754606,-0.023402730572848779,0.044917553872805875,0.069383457856958541,0.039251348726944031,0.021443109539256419,0.030176451961650506,0.048274039374984937,0.038937948111182182,0.021495015205157349
976,0.09375,0.3125,0.080027743209353158,0.067638656924759774,0.10478276382004592,0.077321588005130587,0.083494618454490535,0.0027061552042225712,-0.015855961529730761,0.056637966877236635,0.087132004392996579,0.062409464164564388,0.058140435882714628,0.020015492985774604,0.029560467276820976,0.062069757111290549,0.058119972428216607
977,0.8125,0.03125,0.0056615109712039365,0.0073557122013541828,0.0092821984716021533,0.0019151241736281225,0.011851438350516415,0.003746386797575814,-0.0044957261491622323,0.04745268470791067,-0.0023184128772765567,0.0053177013149923198,0.0011713683579422022,0.0061938932710575521,0.042279254943662269,0.0071266222437021349,-0.00022094721417166533
978,0.78125,0.0625,0.02605107744775299,0.0015822298488090141,0.026099082119555212,0.028397591244592197,0.0052596407105857954,-0.0023465137968392072,-0.0036774108617767813,0.067195425284843541,-0.026264619254378976,0.025655445260752703,-0.00085169650250304003,0.0024658715114542844,0.048696884738088531,0.026712424005240171,-0.0029321659629864129
979,0.84375,0.0625,0.013939551287673636,0.0097868814628212734,0.017032150154017503,0.0091886013911450775,0.016818122515454007,0.0047509498965285588,-0.0070312410526327338,0.052560736510506079,-0.0034637298162875831,0.013641581468994338,0.0068748816104480812,0.0029272050070101455,0.040268939834297329,0.015652146184268381,0.0054547909973279305
980,0.8125,0.09375,0.042900284686739752,0.0068317747415426611,0.043440851422624042,0.03567106846210915,0.010226324875523388,0.0072292162246306024,-0.0033945501339807272,0.07230347708743895,-0.027409936193390001,0.041883123052213186,0.0092258970876842126,0.0026012380896502114,0.047619137117624687,0.043218441590592481,0.0069591288470378342
981,0.6875,0.03125,0.013469994193130969,-0.017885689424574705,0.022390592438685616,0.0096801155267766097,-0.033507528284594849,0.0037898786663543588,0.015621838860020144,0.04406603978168501,-0.063405232137801762,0.0076745478459039704,-0.0076406574433344181,0.011770636289522459,0.066588501080643375,0.0076086736814610237,-0.0092059492490421772
982,0.71875,0.0625,0.034558937402478167,-0.025642226871316086,0.043033056518314489,0.036879693916370332,-0.043500755711507279,-0.0023207565138921651,0.017858528840191193,0.06132346393604679,-0.072220610143639286,0.03093025693172459,-0.018255156625610915,0.0082301961564601265,0.061935589166601621,0.030921938083789343,-0.020225961667494047
983,0.65625,0.0625,0.032373013726787414,-0.048224894216269028,0.058083151084674323,0.025435695416071706,-0.077301240541750346,0.006937318310715708,0.029076346325481318,0.043302130235483675,-0.11050653996607311,0.022903879951677916,-0.038417282657104299,0.013632818452043623,0.074919621154938415,0.022185461977061633,-0.039646523195607422
984,0.6875,0.09375,0.067262252023461658,-0.067876130168127907,0.095558252358801096,0.052635273805665427,-0.087294467968662776,0.014626978217796231,0.019418337800534868,0.060559554389845463,-0.11932191797191063,0.060446048538654686,-0.060179121944431015,0.010281272564325502,0.059142904946631714,0.059630915546337981,-0.061924403074513731
985,0.96875,0.1875,0.00030580546889202485,0.0044905420714340923,0.0045009426879403678,-0.0026091036894322008,0.002666014449672357,0.0029149091583242255,0.0018245276217617352,0.069101011772593007,-0.018960523951268092,0.00056517958586884624,0.005415775396116089,0.00096090147135885213,0.072741764230736777,0.0037796985237684429,0.0050131574199439128
986,0.9375,0.21875,0.013129914046972392,0.023816948833470658,0.02719635443615637,0.016716812006434358,0.022509976483318501,-0.0035868979594619651,0.0013069723501521573,0.082417494876305661,-0.028490228363116897,0.0088979824891573748,0.024078064001960438,0.0042399794623613554,0.090379998140209639,0.012038889185919752,0.022434446127881615
987,0.9375,0.15625,0.0097539615722085048,0.018547104968058493,0.02095554506683852,0.0069661867660142686,0.012203834651138525,0.0027877748061942362,0.0063432703169199675,0.065943636625869301,-0.012543931856714667,0.0052952075384454901,0.014328905026472783,0.0061378903770588503,0.066335369999139027,0.0082015029519451107,0.013483340019128912
988,0.90625,0.1875,0.030579304650001728,0.035200041830407917,0.046627640061878368,0.026292102461880823,0.03204779668478467,0.0042872021881209046,0.0031522451456232475,0.079260119729581954,-0.022073636268563474,0.024356685880024959,0.035299646267649261,0.0062234158948591377,0.079410834257378091,0.027003184171449632,0.03324540781581025
989,0.96875,0.3125,0.0091552111208936734,0.022159129256391567,0.023975923341335654,0.018928795747569838,0.026982840764236855,-0.0097735846266761642,-0.004823711507845288,0.098401956164635568,-0.032440578261890417,0.0011240422401402102,0.010771019443294654,0.013935161237184773,0.10644357525814456,0.0049855608028495108,0.0091233586737676942
990,0.9375,0.28125,0.023137377450795096,0.042428954769383187,0.048327574304147788,0.040398987423406023,0.049176360374985281,-0.017261609972610927,-0.0067474056056020942,0.09702279049586332,-0.02905072596862936,0.012449621279278509,0.033688847817796012,0.013806433337650002,0.10530372771293238,0.015744067514646201,0.03133751337672161
991,0.9375,0.34375,0.027900387157314719,0.068374906079676293,0.073848218563027007,0.052186261619987975,0.063187044857369798,-0.024285874462673256,0.0051878612223064946,0.10984987663746953,-0.026584483772849457,0.015503844689107808,0.041953618717015868,0.029184905192005284,0.11661322925514316,0.018889642107954997,0.039024780572778708
992,0.90625,0.3125,0.05771207919362549,0.086069904817383441,0.10362775979497359,0.073656453295824154,0.085380564468118231,-0.015944374102198663,0.00068934034926521059,0.10847071096869729,-0.023194631479588401,0.048441140556920122,0.070204753425140709,0.018375345762851318,0.11102699862828073,0.051027975639575181,0.066652507770928918
993,0.96875,0.8125,0.00030580546889135302,0.0044905420714347836,0.0045009426879410114,-0.0026091036894327186,0.0026660144496731862,0.0029149091583240716,0.0018245276217615973,0.069101011772592452,-0.018960523951267936,0.00056517958586884624,0.005415775396116089,0.00096090147135836782,0.072741764230736208,0.0037796985237676978,0.0050131574199434297
994,0.9375,0.78125,0.013129914046972004,0.023816948833471359,0.027196354436156797,0.016716812006434149,0.022509976483319587,-0.0035868979594621455,0.0013069723501517722,0.082417494876305175,-0.028490228363116557,0.0088979824891573748,0.024078064001960438,0.0042399794623609243,0.090379998140209042,0.012038889185918809,0.022434446127881421
995,0.9375,0.84375,0.0097539615722079948,0.018547104968059138,0.020955545066838853,0.0069661867660139928,0.012203834651139462,0.002787774806194002,0.0063432703169196761,0.065943636625868801,-0.012543931856714334,0.0052952075384454901,0.014328905026472783,0.0061378903770589232,0.06633536999913843,0.0082015029519443665,0.013483340019128605
996,0.90625,0.8125,0.030579304650001467,0.035200041830408896,0.046627640061878937,0.026292102461880861,0.032047796684785863,0.0042872021881206063,0.0031522451456230324,0.079260119729581524,-0.022073636268562957,0.024356685880024959,0.035299646267649261,0.0062234158948588619,0.079410834257377425,0.02700318417144873,0.033245407815810257
997,0.96875,0.6875,0.0091552111208931981,0.022159129256392067,0.023975923341335935,0.018928795747569345,0.026982840764237719,-0.0097735846266761468,-0.0048237115078456523,0.098401956164635096,-0.032440578261890278,0.0011240422401402102,0.010771019443294654,0.013935161237184907,0.10644357525814407,0.0049855608028486166,0.0091233586737673109
998,0.9375,0.71875,0.023137377450794833,0.042428954769384027,0.048327574304148399,0.04039898742340578,0.049176360374986294,-0.017261609972610947,-0.0067474056056022677,0.097022790495862848,-0.029050725968629069,0.012449621279278509,0.033688847817796012,0.013806433337650328,0.10530372771293182,0.01574406751464516,0.031337513376721443
999,0.9375,0.65625,0.027900387157314334,0.068374906079677028,0.073848218563027535,0.052186261619987684,0.063187044857370686,-0.02428587446267335,0.0051878612223063419,0.10984987663746915,-0.026584483772849186,0.015503844689107808,0.041953618717015868,0.029184905192005787,0.11661322925514267,0.018889642107954057,0.039024780572778549
1000,0.90625,0.6875,0.057712079193625254,0.086069904817384371,0.10362775979497424,0.073656453295824126,0.085380564468119258,-0.015944374102198872,0.00068934034926511345,0.1084707109686969,-0.023194631479587977,0.048441140556920122,0.070204753425140709,0.018375345762852002,0.11102699862828017,0.051027975639574071,0.066652507770929029
1001,0.8125,0.96875,0.0056615109712042514,0.0073557122013549357,0.0092821984716029409,0.0019151241736285478,0.011851438350517598,0.0037463867975757034,-0.0044957261491626625,0.047452684707910642,-0.0023184128772759864,0.0053177013149923198,0.0011713683579422022,0.0061938932710583214,0.042279254943662192,0.0071266222437019406,-0.00022094721417190142
1002,0.78125,0.9375,0.026051077447753715,0.0015822298488099944,0.026099082119555996,0.028397591244593082,0.0052596407105869897,-0.0023465137968393668,-0.0036774108617769951,0.067195425284843735,-0.026264619254378337,0.025655445260752703,-0.00085169650250304003,0.0024658715114553686,0.048696884738088357,0.026712424005239932,-0.0029321659629865872
1003,0.84375,0.9375,0.013939551287673758,0.0097868814628220627,0.017032150154018055,0.0091886013911453186,0.016818122515455194,0.0047509498965284391,-0.0070312410526331311,0.052560736510505857,-0.0034637298162869903,0.013641581468994338,0.0068748816104480812,0.002927205007010943,0.040268939834296961,0.015652146184268013,0.0054547909973277882
1004,0.8125,0.90625,0.042900284686740335,0.0068317747415435632,0.043440851422624764,0.035671068462109851,0.010226324875524584,0.0072292162246304845,-0.0033945501339810204,0.07230347708743895,-0.027409936193389342,0.041883123052213186,0.0092258970876842126,0.002601238089649609,0.04761913711762418,0.043218441590592058,0.0069591288470378602
1005,0.6875,0.96875,0.013469994193131987,-0.017885689424574396,0.022390592438685981,0.0096801155267775777,-0.033507528284594412,0.0037898786663544091,0.015621838860020016,0.044066039781685523,-0.063405232137801637,0.0076745478459039704,-0.0076406574433344181,0.011770636289522692,0.066588501080643556,0.0076086736814610142,-0.0092059492490430567
1006,0.71875,0.9375,0.034558937402479013,-0.025642226871315565,0.043033056518314856,0.036879693916371387,-0.043500755711506578,-0.0023207565138923733,0.017858528840191012,0.061323463936047234,-0.072220610143638911,0.03093025693172459,-0.018255156625610915,0.0082301961564600328,0.061935589166601517,0.030921938083789222,-0.020225961667494553
1007,0.65625,0.9375,0.032373013726788462,-0.048224894216269243,0.058083151084675086,0.025435695416072657,-0.077301240541750374,0.0069373183107158051,0.029076346325481131,0.043302130235484251,-0.11050653996607322,0.022903879951677916,-0.038417282657104299,0.013632818452044506,0.074919621154938679,0.022185461977061293,-0.039646523195608414
1008,0.6875,0.90625,0.067262252023462796,-0.067876130168127921,0.095558252358801901,0.05263527380566646,-0.08729446796866254,0.014626978217796335,0.019418337800534619,0.060559554389845963,-0.11932191797191051,0.060446048538654686,-0.060179121944431015,0.010281272564326267,0.059142904946631589,0.059630915546337683,-0.061924403074514252
1009,0.03125,0.8125,0.0057916771203002995,-0.0023884959130853339,0.0062648572683370301,0.0036329695845863383,-0.0055243090495518963,0.0021587075357139612,0.0031358131364665623,-0.00024209306791942733,0.0032148706645062637,0.0052759084011556089,0.0013471605873372791,0.0037710935895039622,0.005825519817584765,0.005054851252522757,0.0012611188125012831
1010,0.0625,0.78125,0.023320601880683377,0.013579210489583665,0.026986022856244529,0.021539350365343147,0.016825269947641681,0.0017812515153402299,-0.0032460594580580159,0.010985619648496807,0.025966210285839165,0.022527174430064297,0.012306651480289497,0.0014996444750445502,0.017882702075978141,0.022232971997650779,0.012240831477275347
1011,0.0625,0.84375,0.01807631825109287,0.009501125318976603,0.020421181744494893,0.011993382788851915,0.005756938206109315,0.006082935462240955,0.0037441871128672879,0.0076780751800899103,0.013736315519116317,0.013405967477156631,0.007323713411535546,0.0051529893233222329,0.008598268195220804,0.013131198481500805,0.0072347157295304656
1012,0.09375,0.8125,0.032575345566518206,0.032885167042553683,0.046288090803086018,0.029899763569608724,0.028106517203302893,0.0026755819969094818,0.0047786498392507898,0.018905787896506147,0.036487655140449216,0.031380097518777662,0.029233587761193041,0.0038422192992709149,0.014430173044530139,0.031039247739773231,0.029109930270668809
1013,0.03125,0.6875,0.021460343079785889,0.0091772331515735436,0.023340264210596557,0.025889831477598928,0.019341388841019186,-0.0044294883978130382,-0.010164155689445642,0.018131296134431291,0.033539838376074875,0.010492848726821642,0.0026792641529883427,0.012747922712696255,0.031791837319938773,0.010230883492041393,0.0026826830169525873
1014,0.0625,0.71875,0.040344896793260088,0.026407968833950121,0.048219202763978682,0.045250262583103919,0.044519320573235585,-0.004905365789843831,-0.018111351739285464,0.029851709138862093,0.051288384912112975,0.031518919090737146,0.017218863976454685,0.012741174611764739,0.034110289441880874,0.031214111600135389,0.017204750857760839
1015,0.0625,0.65625,0.066254210512300793,0.03491395614942535,0.074890618535383091,0.057961156899625277,0.058316686722274302,0.0082930536126755161,-0.023402730572848952,0.044917553872805903,0.069383457856958736,0.039251348726944031,0.021443109539256419,0.030176451961650169,0.048274039374985131,0.038937948111182029,0.021495015205157161
1016,0.09375,0.6875,0.080027743209352853,0.067638656924759566,0.10478276382004555,0.077321588005130268,0.083494618454490702,0.002706155204222585,-0.015855961529731136,0.056637966877236705,0.087132004392996829,0.062409464164564388,0.058140435882714628,0.020015492985774236,0.029560467276821205,0.062069757111290397,0.058119972428216565
1017,0.1875,0.96875,0.0076185284391727349,0.0061951180845176458,0.0098194431440688807,0.012970860710164513,0.0016213594168342478,-0.0053523322709917781,0.004573758667683398,0.0038410780381401884,0.012591501059459562,0.00038517722364831585,0.0054315457847505843,0.0072735419476414763,0.007950359109841423,0.00019696547978654376,0.0049560940184206594
1018,0.21875,0.9375,-0.00017660457465359155,0.025275487654967645,0.025276104632087012,0.003338446393741196,0.02755379362238854,-0.0035150509683947876,-0.0022783059674208947,-0.0096542836194456264,0.03773376212578991,-0.0045755011111862261,0.025258504469611576,0.0043989293206078729,0.013469450076162641,-0.004645620541629542,0.024711331287543385
1019,0.15625,0.9375,0.0089165044897821233,0.013526804346508993,0.016201187862161199,0.016774030925688591,0.0093253771268836487,-0.0078575264359064673,0.0042014272196253446,0.010587012539885161,0.018850723681777252,0.0048168702509146129,0.014496706630084667,0.0042128032629331381,0.0072285549400551751,0.0044996979732687681,0.014144318188354354
1020,0.1875,0.90625,0.0026380739997837067,0.042334890994441612,0.042417006376447505,0.0071416166092652719,0.035257811332437938,-0.0045035426094815652,0.0070770796620036741,-0.0029083491177006541,0.043992984748107603,0.003033721546091678,0.042779781524221822,0.00059536926725153817,0.0060646571078625958,0.0027989705372566498,0.042316525482586118
1021,0.3125,0.96875,-0.017636694041040554,0.0095223345033782717,0.020043149230884443,-0.032781874414711643,0.0046327724562454107,0.015145180373671088,0.0048895620471328611,-0.056729298925383864,0.0096504514806004995,-0.0086759944222320803,0.006481161284125612,0.009462709559529655,0.048157704202153359,-0.0081316701522821892,0.0061715063694568082
1022,0.28125,0.9375,-0.028099650319340939,0.029760371450572771,0.040930062997084481,-0.046273148084746071,0.029927216719782358,0.018173497765405132,-0.00016684526920958745,-0.059182696570383261,0.037798068396780127,-0.022561243180224656,0.027944978859373817,0.0058283448678672287,0.037923794929301376,-0.022202524970597395,0.02744962102964155
1023,0.34375,0.9375,-0.050616477612528771,0.025524707007397538,0.056688080525919338,-0.078590298677674836,0.014710213263688626,0.027973821065146065,0.010814493743708912,-0.099511777374576532,0.015973980373908406,-0.041340970716985129,0.017070426584420748,0.012550294245140481,0.05818113905285309,-0.040648884921019771,0.016937226383621901
1024,0.3125,0.90625,-0.074740811088726641,0.057105644277518568,0.094059786575088566,-0.092081572347709265,0.040004657527225575,0.017340761258982623,0.017100986750292993,-0.10196517501957593,0.044121597290088028,-0.068333612676248295,0.051046732320027842,0.0088183108136132924,0.034337144331409289,-0.06773163198967258,0.050708114022979867
1025,0.46875,0.3125,-0.58132602572715297,-0.41275069813189641,0.71295377619877598,-0.56455237765576893,-0.3711313862561485,-0.01677364807138404,-0.041619311875747911,-0.5170778381887462,-0.28937228258658271,-0.60127876117188461,-0.41882123284952055,0.020855767631169329,0.15442417607158848,-0.60114438004268167,-0.41624394683098154
1026,0.4375,0.28125,-0.57109454839717633,-0.22139778588089001,0.61250792876658766,-0.5404533808785319,-0.17503537569968169,-0.03064116751864443,-0.046362410181208319,-0.48992729174466099,-0.13835133650724968,-0.59329352216604314,-0.22223923380251465,0.022214915507281212,0.13312308929763911,-0.5925276034044048,-0.22024219893086824
1027,0.4375,0.34375,-0.71366521487597689,-0.25772182290838264,0.75877439132273961,-0.67343642539102888,-0.21792621128738399,-0.040228789484948013,-0.03979561162099865,-0.60108607202545072,-0.14901869577379617,-0.73884421191398231,-0.27676043209727147,0.031566604690513166,0.18787031778459451,-0.73800013500501394,-0.27425477950319921
1028,0.40625,0.3125,-0.66708656968741076,-0.060887818372456742,0.66985955086381654,-0.64933742861379184,-0.02183020073091722,-0.017749141073618913,-0.039057617641539519,-0.57393552558136551,0.0020022503055368499,-0.68347470335362137,-0.074385303302503494,0.021230944974221587,0.1335435876904732,-0.68220624843361211,-0.072594360304338912
1029,0.53125,0.3125,-0.32790266745236268,-0.63320646919043311,0.71307123904066527,-0.28908706246761329,-0.61072039101371334,-0.038815604984749397,-0.02248607817671977,-0.30517712473010616,-0.51195222979132515,-0.32687816050173435,-0.65581860442426532,0.022635332432394312,0.14549387857771534,-0.32847546799156713,-0.65332733192441728
1030,0.5625,0.28125,-0.14004876377756623,-0.59653248695199201,0.61275171499127856,-0.098471932667200737,-0.55965188346112893,-0.041576831110365489,-0.036880603490863084,-0.15561208634137419,-0.49149311053759193,-0.13354999115218902,-0.61931565485507323,0.023691913923031677,0.12971252399028838,-0.13579311881101033,-0.61757788494900756
1031,0.5625,0.34375,-0.15619177080171054,-0.74247446877218326,0.75872538249666444,-0.12250579501471756,-0.69710422080251355,-0.033685975786992978,-0.045370247969669708,-0.17728464510817055,-0.59417859018328112,-0.16631335802170313,-0.77125026625409132,0.03050398414259527,0.17741123867122857,-0.16900753319504183,-0.76896125000522308
1032,0.59375,0.3125,0.031998443125099273,-0.66907495395869221,0.66983967811503697,0.068109334785695017,-0.64603571324992926,-0.036110891660595744,-0.023039240708762954,-0.027719606719438582,-0.57371947092954789,0.025851879195370707,-0.6870243982667531,0.018972685606166034,0.12533120386404162,0.022613854467529719,-0.68574274849648875
1033,0.46875,0.1875,-0.29758850035400874,-0.21886582513708214,0.36940650367296413,-0.2765711258642618,-0.26076045826242567,-0.021017374489746943,0.041894633125343528,-0.27726237493592615,-0.22931291551533034,-0.30232892421237567,-0.21058746947574239,0.0095395382913750198,0.031288563757548737,-0.30212070449875528,-0.20918663116172806
1034,0.4375,0.21875,-0.41215398232976769,-0.16821449054167237,0.44515954440905886,-0.37306836288796119,-0.20349702036465137,-0.039085619441806496,0.035282529822978997,-0.35101312144310803,-0.1715135101284356,-0.42403822997818086,-0.15883863182809427,0.015137439307418952,0.074116928002229215,-0.42335387610194142,-0.15738149863461229
1035,0.4375,0.15625,-0.24153118848734673,-0.09920457879778978,0.26111082602327523,-0.21807015560895088,-0.13601692795863082,-0.023461032878395849,0.036812349160841043,-0.22235643847107761,-0.12212150232372973,-0.25234601604415824,-0.094525193961372017,0.011783765846742974,0.040754521200011107,-0.25173557507246674,-0.093549072644810383
1036,0.40625,0.1875,-0.32963031525681452,-0.04309074768009933,0.33243489177873148,-0.31456739263265021,-0.078753490060856551,-0.01506292262416431,0.035662742380757222,-0.2961071849782595,-0.064322096936835021,-0.34365785910772173,-0.037401668205986054,0.015137292087817479,0.054642255564892522,-0.34272037573103004,-0.036510048001205338
1037,0.53125,0.1875,-0.17550236564015301,-0.32538560942035444,0.36969835699275894,-0.21989092510402156,-0.3104999277694569,0.044388559463868549,-0.014885681650897542,-0.22268719409498594,-0.28607904585051042,-0.16435758086715302,-0.32975209829068014,0.011969647141464557,0.072867546196852248,-0.16527922103890111,-0.32848524566305021
1038,0.5625,0.21875,-0.10952441232997943,-0.4319553901249365,0.44562434398741441,-0.14987202910454533,-0.39826399287556502,0.0403476167745659,-0.03369139724937148,-0.17402344865752115,-0.35884146728921551,-0.095450733483530267,-0.44263674601359698,0.017668044597329177,0.11487088537270823,-0.097186050273621316,-0.4414747433875103
1039,0.5625,0.15625,-0.065073183573240378,-0.25342220725397641,0.26164352533520491,-0.10470975408847041,-0.23549586697269323,0.039636570515230035,-0.017926340281283176,-0.11320607678919727,-0.23565376299408991,-0.056802926293464139,-0.26341403089298954,0.012970493248401677,0.062864519879364367,-0.058039203403617401,-0.262759297490615
1040,0.59375,0.1875,0.0026447470438451283,-0.33310325853600692,0.33311375764779183,-0.034690858088994206,-0.32325993207880133,0.037335605132839331,-0.0098433264572055923,-0.064542331351732457,-0.308416184432795,0.012998581241705403,-0.34544268091363023,0.016107862279339608,0.085927612369182435,0.011062076315019783,-0.34510757277746074
1041,0.3125,0.46875,-0.57039891782976204,0.40507732381643352,0.69960171793074333,-0.54772580529082149,0.36545273393970934,-0.022673112538940554,0.039624589876724181,-0.46111234724252526,0.33654021280182067,-0.5870515476645588,0.43854059573388965,0.037377809564451088,0.16206406239888546,-0.58537833324243749,0.43912140561201529
1042,0.28125,0.4375,-0.38849168702184228,0.46838729213247188,0.60853302812276888,-0.36728384456215918,0.44888382027476686,-0.021207842459683102,0.019503471857705013,-0.32255998478783188,0.40160496947981233,-0.39798032969916297,0.49294942707935413,0.026331213663762749,0.11845690507817024,-0.39668383660099849,0.4930716457446136
1043,0.34375,0.4375,-0.73145237137058716,0.27640284974355428,0.78193420882451048,-0.70352032131856101,0.25666715476688234,-0.027932050052026147,0.019735694976671936,-0.59799511950655782,0.2472662552980969,-0.72925472344761766,0.30112232494918201,0.024816972233432832,0.14187868009333335,-0.7274229045344871,0.30224116637924126
1044,0.3125,0.40625,-0.56012468319672903,0.38026690720893097,0.67701003053461606,-0.52307836058989865,0.34009824110193987,-0.037046322606830384,0.040168666106991102,-0.45944275705186444,0.31233101197608859,-0.55079473850775962,0.41145595086703379,0.032554635802083128,0.13479962175782184,-0.54920586965099205,0.41195375379478372
1045,0.3125,0.53125,-0.57039891782976182,0.40507732381643391,0.69960171793074344,-0.54772580529082149,0.36545273393970934,-0.022673112538940332,0.03962458987672457,-0.46111234724252526,0.33654021280182067,-0.5870515476645588,0.43854059573388965,0.037377809564450838,0.16206406239888546,-0.58537833324243682,0.4391214056120159
1046,0.28125,0.5625,-0.38849168702184189,0.4683872921324721,0.60853302812276877,-0.36728384456215912,0.44888382027476681,-0.021207842459682769,0.01950347185770529,-0.32255998478783182,0.40160496947981256,-0.39798032969916297,0.49294942707935413,0.026331213663762679,0.11845690507817011,-0.39668383660099776,0.49307164574461437
1047,0.34375,0.5625,-0.73145237137058716,0.27640284974355517,0.78193420882451081,-0.70352032131856101,0.25666715476688229,-0.027932050052026147,0.01973569497667288,-0.59799511950655793,0.24726625529809704,-0.72925472344761766,0.30112232494918201,0.024816972233431947,0.14187868009333318,-0.72742290453448566,0.3022411663792422
1048,0.3125,0.59375,-0.56012468319672948,0.38026690720893136,0.67701003053461661,-0.52307836058989865,0.34009824110193981,-0.037046322606830828,0.040168666106991546,-0.45944275705186449,0.31233101197608887,-0.55079473850775962,0.41145595086703379,0.032554635802082878,0.13479962175782162,-0.54920586965099061,0.41195375379478505
1049,0.1875,0.46875,-0.0083231435130178156,0.3877560698313739,0.3878453872473045,-0.046730256643781706,0.36341397922436602,0.038407113130763892,0.024342090607007871,-0.049151733140983575,0.33396822895375194,0.026062589976828032,0.36751952617420058,0.039898575999945007,0.082358265810090092,0.026173515409688021,0.36731476577151795
1050,0.21875,0.4375,-0.10513028883944395,0.45663532463718431,0.46858104671227541,-0.12657631987534032,0.44574280313799719,0.021446031035896373,0.010892521499187124,-0.11525131204497627,0.39370066421390998,-0.080711839601325039,0.44556001884394819,0.02681274065828183,0.062308649634940802,-0.08025424017548341,0.44531953022718712
1051,0.15625,0.4375,0.055201052387495148,0.25612032075209035,0.26200147878750729,0.038182752015297625,0.25148738291476935,0.017018300372197523,0.004632937837320994,0.021274167337839444,0.2367899661841259,0.084969591226133775,0.25572190495469349,0.029771204875435456,0.066449419334724188,0.08481652519609241,0.25560408100266985
1052,0.1875,0.40625,-0.012393665108632745,0.3390453003617897,0.33927174747131705,-0.041663311216260983,0.33381620682840052,0.029269646107628236,0.0052290935333891841,-0.044825411566153252,0.29652240144428393,0.024452941974568265,0.34482120372720954,0.037296561681078151,0.084452735724062492,0.024538991971235807,0.3445848486677151
1053,0.1875,0.53125,-0.0083231435130175814,0.38775606983137428,0.38784538724730488,-0.046730256643781817,0.36341397922436602,0.038407113130764239,0.02434209060700826,-0.04915173314098352,0.333968228953752,0.026062589976828032,0.36751952617420058,0.039898575999945,0.082358265810090023,0.026173515409688115,0.36731476577151811
1054,0.21875,0.5625,-0.10513028883944392,0.45663532463718448,0.46858104671227557,-0.1265763198753404,0.44574280313799719,0.021446031035896485,0.010892521499187291,-0.11525131204497616,0.3937006642139102,-0.080711839601325039,0.44556001884394819,0.026812740658281872,0.062308649634940552,-0.080254240175483091,0.44531953022718779
1055,0.15625,0.5625,0.055201052387495279,0.25612032075209068,0.26200147878750762,0.038182752015297389,0.25148738291476935,0.017018300372197891,0.004632937837321327,0.021274167337839548,0.23678996618412604,0.084969591226133775,0.25572190495469349,0.029771204875435327,0.06644941933472405,0.084816525196092535,0.25560408100266963
1056,0.1875,0.59375,-0.012393665108633092,0.33904530036178998,0.33927174747131733,-0.041663311216261191,0.33381620682840052,0.029269646107628097,0.0052290935333894617,-0.044825411566153092,0.29652240144428421,0.024452941974568265,0.34482120372720954,0.037296561681078449,0.0844527357240622,0.024538991971236074,0.34458484866771516
1057,0.6875,0.46875,0.4781498890098011,-0.50890230649134105,0.69828996406384924,0.43594756208553376,-0.49212973741424682,0.042202326924267342,-0.016772569077094235,0.25858510297721893,-0.48455056697208204,0.51928977490104655,-0.51699661836922006,0.041928607130705758,0.26271595348241855,0.51401658249363869,-0.51878095975903304
1058,0.71875,0.4375,0.51528493260855213,-0.32060005606946312,0.60687968966273953,0.49311771028869167,-0.30243035651271621,0.022167222319860458,-0.01816969955674691,0.32007158415233938,-0.36065780396421537,0.54560973227562182,-0.32202096287577658,0.030358070607338306,0.22882364770314487,0.54089779397007509,-0.3251168284916503
1059,0.65625,0.4375,0.37386826402059437,-0.68585480535947274,0.78113653920198423,0.35047215106744084,-0.66104295021883985,0.023396112953153525,-0.024811855140632888,0.18257501560161113,-0.60647444505034009,0.40402444234759843,-0.67768086607131983,0.031244333482672977,0.23261599902144181,0.39884679972581666,-0.67811279970051364
1060,0.6875,0.40625,0.45251290663320359,-0.50230113513760999,0.67607274832680686,0.40764229927059881,-0.47134356931730925,0.044870607362604786,-0.030957565820300736,0.24406149677673158,-0.48258168204247337,0.48721799118705028,-0.48506646197751246,0.038748894859402555,0.24316918987659789,0.48227291263150807,-0.4868890934284445
1061,0.6875,0.53125,0.47814988900980143,-0.50890230649134161,0.69828996406384991,0.43594756208553365,-0.49212973741424693,0.042202326924267786,-0.016772569077094679,0.25858510297721898,-0.48455056697208204,0.51928977490104655,-0.51699661836922006,0.041928607130705328,0.2627159534824185,0.5140165824936388,-0.51878095975903238
1062,0.71875,0.5625,0.51528493260855279,-0.32060005606946279,0.60687968966273986,0.49311771028869178,-0.30243035651271616,0.022167222319861013,-0.018169699556746632,0.32007158415233949,-0.36065780396421526,0.54560973227562182,-0.32202096287577658,0.030358070607337657,0.22882364770314476,0.5408977939700752,-0.32511682849164941
1063,0.65625,0.5625,0.37386826402059442,-0.68585480535947285,0.78113653920198434,0.35047215106744067,-0.66104295021883996,0.023396112953153747,-0.024811855140632888,0.18257501560161118,-0.60647444505033998,0.40402444234759843,-0.67768086607131983,0.031244333482672949,0.23261599902144181,0.39884679972581666,-0.67811279970051219
1064,0.6875,0.59375,0.45251290663320359,-0.50230113513760966,0.67607274832680664,0.40764229927059881,-0.4713435693173092,0.044870607362604786,-0.030957565820300459,0.24406149677673167,-0.4825816820424732,0.48721799118705028,-0.48506646197751246,0.038748894859402409,0.2431691898765978,0.48227291263150768,-0.48688909342844289
1065,0.8125,0.46875,0.38355514511947736,0.042531020438614613,0.38590599509099777,0.3649679955795882,0.0013724970043767354,0.018587149539889158,0.041158523434237877,0.277352940887026,-0.13176091170939863,0.35981636629279462,0.079259341805610506,0.04373213018616276,0.22656072899598353,0.35825658490908596,0.073762063601426814
1066,0.78125,0.4375,0.4646117462619278,-0.043008988661892025,0.46659816530959136,0.45691768659654064,-0.065615685613392413,0.0076940596653871651,0.022606696951500388,0.32213747880454691,-0.18261066743209109,0.45256205439967773,-0.015023926304153626,0.030468980769656252,0.2123579189035632,0.44977396849744955,-0.020021630998838247
1067,0.84375,0.4375,0.24544328487151934,0.086496380471553044,0.26023840977688412,0.2432925608693442,0.069273955099107554,0.0021507240021751417,0.017222425372445491,0.20340874816362567,-0.075637653255532331,0.24063749711306012,0.12127291160830415,0.035107018014704353,0.20039897780012544,0.24055191680384214,0.11581478353362258
1068,0.8125,0.40625,0.33617353336118105,0.031690360539727958,0.33766392090905872,0.33524225188629664,0.002285772481338405,0.00093128147488441559,0.029404588058389552,0.24819328608114655,-0.12648740897822475,0.33759379763409619,0.07436421659697795,0.042697484017208916,0.21984955529209174,0.33625286206650173,0.069050464335185968
1069,0.8125,0.53125,0.38355514511947741,0.042531020438614779,0.38590599509099782,0.3649679955795882,0.0013724970043769782,0.018587149539889214,0.041158523434237801,0.27735294088702589,-0.13176091170939852,0.35981636629279462,0.079259341805610506,0.043732130186162649,0.22656072899598348,0.35825658490908574,0.073762063601427091
1070,0.78125,0.5625,0.46461174626192814,-0.043008988661891595,0.46659816530959164,0.45691768659654081,-0.065615685613391969,0.0076940596653873317,0.022606696951500374,0.32213747880454685,-0.18261066743209081,0.45256205439967773,-0.015023926304153626,0.030468980769655988,0.21235791890356301,0.44977396849744938,-0.020021630998837556
1071,0.84375,0.5625,0.24544328487151926,0.086496380471553433,0.26023840977688417,0.24329256086934425,0.069273955099108039,0.0021507240021750029,0.017222425372445394,0.2034087481636255,-0.075637653255532081,0.24063749711306012,0.12127291160830415,0.035107018014703957,0.20039897780012522,0.24055191680384161,0.11581478353362291
1072,0.8125,0.59375,0.3361735333611815,0.031690360539728228,0.33766392090905917,0.33524225188629686,0.002285772481339092,0.00093128147488463764,0.029404588058389136,0.24819328608114644,-0.12648740897822439,0.33759379763409619,0.07436421659697795,0.042697484017208631,0.21984955529209146,0.33625286206650157,0.069050464335186773
1073,0.53125,0.6875,-0.32790266745236446,-0.63320646919043488,0.71307123904066771,-0.28908706246761462,-0.610720391013714,-0.038815604984749841,-0.022486078176720881,-0.30517712473010633,-0.51195222979132526,-0.32687816050173435,-0.65581860442426532,0.022635332432392616,0.1454938785777152,-0.32847546799156707,-0.65332733192441472
1074,0.5625,0.71875,-0.14004876377756734,-0.5965324869519929,0.61275171499127967,-0.098471932667201334,-0.55965188346112937,-0.041576831110366003,-0.036880603490863528,-0.15561208634137427,-0.49149311053759204,-0.13354999115218902,-0.61931565485507323,0.023691913923031126,0.12971252399028829,-0.13579311881101078,-0.61757788494900523
1075,0.5625,0.65625,-0.15619177080171157,-0.74247446877218415,0.75872538249666555,-0.1225057950147186,-0.69710422080251444,-0.033685975786992964,-0.045370247969669708,-0.1772846451081706,-0.59417859018328112,-0.16631335802170313,-0.77125026625409132,0.030503984142594091,0.17741123867122857,-0.16900753319504144,-0.7689612500052202
1076,0.59375,0.6875,0.031998443125098315,-0.66907495395869288,0.66983967811503753,0.068109334785694683,-0.6460357132499297,-0.036110891660596368,-0.023039240708763176,-0.027719606719438523,-0.57371947092954789,0.025851879195370707,-0.6870243982667531,0.018972685606165093,0.12533120386404159,0.022613854467529535,-0.68574274849648675
1077,0.46875,0.6875,-0.58132602572715353,-0.41275069813189641,0.71295377619877642,-0.56455237765577015,-0.37113138625614916,-0.016773648071383374,-0.041619311875747245,-0.51707783818874642,-0.28937228258658276,-0.60127876117188461,-0.41882123284952055,0.020855767631168799,0.15442417607158831,-0.60114438004268045,-0.41624394683097832
1078,0.4375,0.71875,-0.57109454839717744,-0.22139778588089093,0.61250792876658899,-0.54045338087853279,-0.17503537569968194,-0.030641167518644652,-0.046362410181208985,-0.48992729174466132,-0.13835133650724962,-0.59329352216604314,-0.22223923380251465,0.02221491550728007,0.13312308929763889,-0.59252760340440502,-0.22024219893086572
1079,0.4375,0.65625,-0.71366521487597778,-0.2577218229083828,0.75877439132274049,-0.67343642539102966,-0.2179262112873846,-0.040228789484948124,-0.039795611620998206,-0.60108607202545095,-0.14901869577379606,-0.73884421191398231,-0.27676043209727147,0.031566604690512354,0.18787031778459443,-0.7380001350050126,-0.27425477950319649
1080,0.40625,0.6875,-0.66708656968741153,-0.060887818372456971,0.66985955086381732,-0.64933742861379229,-0.021830200730917366,-0.017749141073619246,-0.039057617641539602,-0.57393552558136574,0.0020022503055370545,-0.68347470335362137,-0.074385303302503494,0.021230944974220841,0.13354358769047314,-0.68220624843361111,-0.072594360304336261
1081,0.53125,0.8125,-0.17550236564015342,-0.32538560942035516,0.36969835699275977,-0.21989092510402208,-0.3104999277694574,0.04438855946386866,-0.014885681650897764,-0.22268719409498611,-0.2860790458505108,-0.16435758086715302,-0.32975209829068014,0.01196964714146468,0.072867546196852151,-0.16527922103890283,-0.32848524566304987
1082,0.5625,0.78125,-0.10952441232997956,-0.43195539012493656,0.44562434398741446,-0.14987202910454564,-0.39826399287556546,0.040347616774566081,-0.033691397249371091,-0.17402344865752109,-0.35884146728921568,-0.095450733483530267,-0.44263674601359698,0.017668044597329242,0.11487088537270808,-0.097186050273622523,-0.44147474338750925
1083,0.5625,0.84375,-0.065073183573240254,-0.25342220725397752,0.26164352533520596,-0.10470975408847036,-0.23549586697269387,0.039636570515230105,-0.017926340281283648,-0.11320607678919717,-0.2356537629940903,-0.056802926293464139,-0.26341403089298954,0.012970493248400742,0.062864519879364103,-0.058039203403619059,-0.26275929749061555
1084,0.59375,0.8125,0.0026447470438456305,-0.33310325853600797,0.33311375764779289,-0.034690858088993914,-0.32325993207880194,0.037335605132839546,-0.0098433264572060364,-0.064542331351732152,-0.30841618443279523,0.012998581241705403,-0.34544268091363023,0.01610786227933848,0.08592761236918206,0.011062076315018656,-0.34510757277746057
1085,0.46875,0.8125,-0.29758850035400936,-0.21886582513708272,0.36940650367296501,-0.27657112586426263,-0.26076045826242616,-0.021017374489746721,0.041894633125343445,-0.2772623749359267,-0.22931291551533053,-0.30232892421237567,-0.21058746947574239,0.0095395382913752227,0.031288563757548404,-0.30212070449875778,-0.20918663116172723
1086,0.4375,0.78125,-0.41215398232976896,-0.1682144905416727,0.44515954440906014,-0.37306836288796219,-0.20349702036465167,-0.039085619441806774,0.03528252982297897,-0.35101312144310859,-0.17151351012843555,-0.42403822997818086,-0.15883863182809427,0.015137439307418156,0.07411692800222866,-0.4233538761019438,-0.15738149863461073
1087,0.4375,0.84375,-0.24153118848734714,-0.099204578797790544,0.2611108260232759,-0.21807015560895149,-0.13601692795863135,-0.023461032878395655,0.036812349160840807,-0.22235643847107833,-0.12212150232372981,-0.25234601604415824,-0.094525193961372017,0.011783765846742896,0.040754521200010635,-0.25173557507246974,-0.093549072644809883
1088,0.40625,0.8125,-0.32963031525681508,-0.043090747680099434,0.33243489177873203,-0.31456739263265099,-0.078753490060856871,-0.015062922624164088,0.035662742380757437,-0.29610718497826022,-0.064322096936834827,-0.34365785910772173,-0.037401668205986054,0.015137292087817004,0.054642255564891794,-0.34272037573103331,-0.036510048001203985
1089,0.015625,0.015625,-0.00024965225468547616,0.0011179971701979347,0.0011455321561790099,0.00042181598019604008,-0.00090197566276877666,-0.0006714682348815163,0.0020199728329667113,0.0004618117255847389,0.00056707866502247279,1.4215448714962438e-05,1.7862441497553754e-06,0.0011469755866308383,0.00072103949140378098,-2.3741900920576251e-05,-7.4872324998031807e-05
1090,0.984375,0.015625,0.0024948338167608015,0.0020273236716098213,0.0032146908160385805,0.00059115161950498707,0.0022064283661093319,0.0019036821972558144,-0.00017910469449951066,0.025137204990702888,0.033205444045467859,-3.0111288858839511e-07,1.432406999977969e-05,0.0032059110582233334,0.041635857843138224,0.0013392435126652277,0.0018213910180035623
1091,0.984375,0.984375,0.0024948338167601366,0.0020273236716097909,0.0032146908160380454,0.000591151619504314,0.0022064283661093077,0.0019036821972558226,-0.00017910469449951673,0.025137204990702412,0.033205444045467644,-3.0111288858839511e-07,1.432406999977969e-05,0.0032059110582227965,0.041635857843137766,0.0013392435126652637,0.0018213910180030731
1092,0.015625,0.984375,-0.00024965225468544835,0.0011179971701978559,0.0011455321561789271,0.00042181598019614113,-0.00090197566276881136,-0.00067146823488158948,0.0020199728329666671,0.00046181172558463785,0.00056707866502234573,1.4215448714962438e-05,1.7862441497553754e-06,0.0011469755866307552,0.00072103949140361857,-2.3741900920384819e-05,-7.4872324998654871e-05
1093,0.484375,0.484375,-0.72613620204195328,-0.67738103773125269,0.99303517268714159,-0.73933187660036492,-0.71144543325003839,0.013195674558411641,0.034064395518785706,-0.69389492420838239,-0.56419424988223543,-0.74000012864713327,-0.6667937915072667,0.017444146397033108,0.11248269119293661,-0.73742814736886209,-0.66066794126674222
1094,0.515625,0.484375,-0.56971730101955831,-0.81344550054164289,0.99311197023923437,-0.6015992190062871,-0.83123993562882081,0.031881917986728792,0.017794435087177929,-0.58794456747906232,-0.67548422348460668,-0.55202789268844987,-0.82914374898708565,0.02365058501093651,0.15780132225574536,-0.55153521841679487,-0.82218935810838334
1095,0.515625,0.515625,-0.56971730101955875,-0.81344550054164333,0.99311197023923503,-0.60159921900628721,-0.83123993562882093,0.031881917986728459,0.017794435087177596,-0.58794456747906232,-0.67548422348460657,-0.55202789268844987,-0.82914374898708565,0.023650585010936549,0.15780132225574547,-0.5515352184167942,-0.82218935810838245
1096,0.484375,0.515625,-0.72613620204195328,-0.6773810377312528,0.9930351726871417,-0.73933187660036492,-0.71144543325003839,0.013195674558411641,0.034064395518785595,-0.69389492420838239,-0.56419424988223532,-0.74000012864713327,-0.6667937915072667,0.017444146397033174,0.1124826911929367,-0.73742814736886131,-0.66066794126674144
1097,0.484375,0.015625,-0.0082782880609607711,0.0029226420869245522,0.0087790597439878684,-0.011009959593585571,0.016705522628042008,0.0027316715326247999,-0.013782880541117455,-0.018817603958092368,-0.019084059119768796,-0.0028064779003739715,-0.002528840154923888,0.007723947505433335,0.023031097077866474,-0.0036566310161646157,-0.0027598643024637761
1098,0.515625,0.015625,0.0043202897625763785,-0.0058463067178405447,0.007269402029857046,0.017330140786534547,-0.0081642121254735939,-0.013009851023958168,0.0023179054076330492,0.00846998646237772,-0.047467124287358844,-0.0020935862322787593,-0.0031445583827392674,0.0069596874458269682,0.045564009003210393,-0.0029760287793494516,-0.0037064967542918808
1099,0.015625,0.484375,0.00088374631860328571,-0.0040518988758443024,0.0041471546939694905,0.007832964439543514,-0.014617990454627701,-0.0069492181209402284,0.010566091578783399,-0.00088108771832191325,0.00094563883293415085,0.0037482689161554361,0.00047098924257982949,0.0053536909365099793,0.0046536260144969723,0.004573133849856391,0.0010158026548821816
1100,0.015625,0.515625,0.00088374631860341408,-0.0040518988758443987,0.0041471546939696119,0.007832964439543455,-0.014617990454627704,-0.006949218120940041,0.010566091578783306,-0.00088108771832188723,0.00094563883293418208,0.0037482689161554361,0.00047098924257982949,0.0053536909365099923,0.0046536260144969498,0.0045731338498563789,0.0010158026548821321
1101,0.984375,0.484375,0.00068302249443449447,-0.0018128732055216353,0.0019372735963724401,-0.011171781352685468,0.0038538643439910755,0.011854803847119963,-0.0056667375495127112,0.09812575386580015,-0.076936024084123228,-7.9396162807136435e-05,0.0037769097134793244,0.0056415383797741754,0.12711738344678686,0.004644018194915822,0.0030574695588387315
1102,0.984375,0.515625,0.00068302249443427383,-0.0018128732055218324,0.0019372735963725468,-0.011171781352685456,0.0038538643439911969,0.011854803847119729,-0.0056667375495130295,0.098125753865800108,-0.076936024084123159,-7.9396162807136435e-05,0.0037769097134793244,0.0056415383797743402,0.12711738344678677,0.0046440181949157335,0.0030574695588386804
1103,0.515625,0.984375,0.0043202897625767688,-0.0058463067178414424,0.0072694020298580001,0.017330140786535029,-0.0081642121254746278,-0.01300985102395826,0.0023179054076331853,0.008469986462377713,-0.047467124287359795,-0.0020935862322787593,-0.0031445583827392674,0.006959687445827676,0.045564009003211316,-0.0029760287793505905,-0.0037064967542940861
1104,0.484375,0.984375,-0.0082782880609604328,0.0029226420869235036,0.0087790597439872005,-0.011009959593585254,0.016705522628041005,0.0027316715326248207,-0.013782880541117502,-0.01881760395809258,-0.019084059119769674,-0.0028064779003739715,-0.002528840154923888,0.0077239475054323549,0.023031097077867251,-0.0036566310161660872,-0.00275986430246601
1105,0.234375,0.234375,-0.080281540352130171,0.26608357689201412,0.27793091877831638,-0.10086478547555083,0.28768833617744838,0.020583245123420663,-0.021604759285434261,-0.092896158949274277,0.26599096939631195,-0.079505091171784115,0.25324271069886034,0.012864319566931615,0.018488883039234304,-0.079934550161603987,0.25174091138268384
1106,0.265625,0.265625,-0.18845738208056487,0.30079792583712511,0.35495855680427912,-0.20936309171007983,0.30310587005863016,0.020905709629514962,-0.0023079442215050427,-0.18711745057551948,0.28260420934240005,-0.19507107610534893,0.31518792956186159,0.015837081670920124,0.033540408202776865,-0.19469148158930899,0.31323993158445901
1107,0.265625,0.234375,-0.15314264802915414,0.26285442815679544,0.30421229601549199,-0.12567058271479442,0.28887504772614536,-0.027472065314359723,-0.026020619569349923,-0.11766036542474298,0.26602312253180704,-0.16507222277066003,0.26671699957794032,0.012539306659326118,0.047416934552380531,-0.16476363281060977,0.26500975130794963
1108,0.234375,0.265625,-0.10344630508084673,0.30458321635399382,0.32167075359662933,-0.089009329366670414,0.30153536149024535,-0.01443697571417632,0.0030478548637484781,-0.083463114204091665,0.27865205670944887,-0.093953685425809896,0.29926493544886507,0.010880897927149618,0.023128831671397045,-0.094427775906795713,0.29756041782656023
1109,0.765625,0.234375,0.27408967677699952,-0.044628320526925322,0.27769918600668253,0.29820489837841696,-0.061893153301351124,-0.024115221601417436,0.017264832774425802,0.23428792080620925,-0.13925813618809915,0.26211575768062823,-0.041812194630879318,0.012300622081375648,0.10134150201710243,0.25983762488374951,-0.046356597897619575
1110,0.734375,0.265625,0.32287439258386752,-0.14660106838310344,0.35459800709742967,0.32814599793297833,-0.16696729680517963,-0.0052716053491108084,0.020366228422076194,0.24055762128988434,-0.22856195325691753,0.34021662551658821,-0.14713532341520652,0.017350460268594305,0.12869426238506984,0.33608496010408168,-0.15096250759157398
1111,0.734375,0.234375,0.28069403705501489,-0.11694425306826114,0.30408074711157823,0.30244594971430605,-0.086273351512397664,-0.021751912659291162,-0.030670901555863481,0.23135194013181087,-0.16223613163272932,0.2878966770410743,-0.12450823243068219,0.010444702320502651,0.067975743102504191,0.28450483823371636,-0.12813381188274561
1112,0.765625,0.265625,0.31511651303686056,-0.062241413879983186,0.32120462386193832,0.31004598608690281,-0.048559961355517732,0.0050705269499577432,-0.013681452524465454,0.24159056861598807,-0.13953838499085539,0.30975049621744782,-0.049410795251141636,0.013907512750488356,0.11299892991938636,0.30684438030079142,-0.05432660530378558
1113,0.765625,0.765625,0.2740896767770003,-0.044628320526924802,0.2776991860066832,0.29820489837841818,-0.061893153301349785,-0.02411522160141788,0.017264832774424983,0.23428792080620964,-0.13925813618809835,0.26211575768062823,-0.041812194630879318,0.012300622081376285,0.10134150201710156,0.25983762488374901,-0.046356597897618521
1114,0.734375,0.734375,0.32287439258386824,-0.14660106838310263,0.35459800709743,0.32814599793297949,-0.16696729680517852,-0.0052716053491112524,0.020366228422075888,0.24055762128988481,-0.22856195325691681,0.34021662551658821,-0.14713532341520652,0.017350460268593607,0.12869426238506901,0.3360849601040814,-0.15096250759157262
1115,0.765625,0.734375,0.31511651303686161,-0.062241413879982707,0.32120462386193926,0.31004598608690398,-0.048559961355516434,0.0050705269499576322,-0.013681452524466273,0.24159056861598849,-0.13953838499085461,0.30975049621744782,-0.049410795251141636,0.013907512750488319,0.11299892991938548,0.30684438030079081,-0.054326605303784352
1116,0.734375,0.765625,0.28069403705501572,-0.11694425306826045,0.30408074711157873,0.30244594971430733,-0.086273351512396568,-0.021751912659291606,-0.030670901555863883,0.2313519401318114,-0.16223613163272865,0.2878966770410743,-0.12450823243068219,0.010444702320502579,0.067975743102503386,0.28450483823371592,-0.12813381188274445
1117,0.234375,0.765625,-0.080281540352129963,0.26608357689201456,0.27793091877831672,-0.10086478547555144,0.28768833617744921,0.020583245123421481,-0.021604759285434649,-0.092896158949274235,0.26599096939631284,-0.079505091171784115,0.25324271069886034,0.012864319566932047,0.018488883039234887,-0.079934550161604973,0.25174091138268512
1118,0.265625,0.734375,-0.18845738208056512,0.30079792583712578,0.35495855680427979,-0.20936309171008041,0.30310587005863099,0.020905709629515296,-0.0023079442215052093,-0.18711745057551943,0.28260420934240088,-0.19507107610534893,0.31518792956186159,0.015837081670919417,0.033540408202776074,-0.19469148158930957,0.31323993158446062
1119,0.234375,0.734375,-0.10344630508084718,0.3045832163539951,0.32167075359663067,-0.089009329366671053,0.30153536149024618,-0.014436975714176126,0.0030478548637489222,-0.083463114204091596,0.2786520567094497,-0.093953685425809896,0.29926493544886507,0.010880897927150629,0.023128831671396333,-0.094427775906796158,0.2975604178265614
1120,0.265625,0.765625,-0.15314264802915425,0.26285442815679555,0.30421229601549216,-0.12567058271479506,0.28887504772614614,-0.027472065314359195,-0.026020619569350589,-0.11766036542474306,0.26602312253180793,-0.16507222277066003,0.26671699957794032,0.012539306659325978,0.047416934552380434,-0.16476363281061096,0.26500975130795124
1121,0.234375,0.015625,0.0033748385382430168,0.0011043752600891992,0.0035509407027303833,0.014529602464668905,-0.0030753117852283752,-0.011154763926425889,0.004179687045317574,-0.0019546098738613335,0.0097822340284592357,-0.0005841190371804547,0.0018605586908487697,0.004030528310898983,0.0080393522928114153,-0.00067442782364280534,0.0018914516738633273
1122,0.265625,0.015625,-0.0064494967316742983,-0.00062502847698678874,0.0064797120837983132,-0.010276194774574691,-0.0018886002365313881,0.0038266980429003932,0.0012635717595445993,-0.02671881634933003,0.009814387163954344,-0.0012127755142334205,0.0019595534662869086,0.0058398041859887657,0.026688134657551991,-0.001297514833346625,0.0020707519764772476
1123,0.015625,0.234375,-0.00087605245109893359,-0.0052082142484942478,0.0052813789444893034,-0.0014207479959262637,-0.015595615194869881,0.00054469554482733016,0.010387400946375632,-0.0060644279857869814,-0.0051355437845639852,0.0019348805195365541,0.00024312767593892608,0.0061333900041077149,0.0096394524348310355,0.002295610640398636,0.00039242256714590361
1124,0.015625,0.265625,0.0017907785791833543,0.0010097196414953803,0.0020558262752682953,0.010434708112954164,-0.0017485898820728957,-0.0086439295337708104,0.002758309523568276,0.0033686167593956311,0.0075255435285729172,0.0022865096183121028,0.00028731167836935787,0.00087614070122529839,0.0073186717498522373,0.0027392610648921427,0.00050029255675431512
1125,0.765625,0.015625,0.0014049430276284734,0.001547600185310674,0.0020901988528500091,-0.0032704576024066307,0.012082755672485991,0.0046754006300351036,-0.010535155487175317,0.047452896528359712,-0.0072852102066086012,0.0019257484237760443,-0.00030719163402278686,0.0019265230218512203,0.04605880977333271,0.0038080160670433934,-0.0020282965129718839
1126,0.734375,0.015625,0.0030378965506072096,-0.0084848253113086972,0.0090122736318653755,0.00097059373348243761,-0.012297442538560549,0.002067302817124772,0.0038126172272518518,0.044516915853961343,-0.030263205651238759,0.0021151592598936072,-0.0009147543607152161,0.0076261011208016887,0.05156782480786639,0.0035653607757365449,-0.0029115123114877997
1127,0.984375,0.234375,-0.00073765764231262969,-0.0027633820529707554,0.0028601432075934753,-0.011326803935159929,-0.0039162204553640171,0.010589146292847299,0.0011528384023932617,0.076381890850976616,-0.033751891824084168,-4.0984809835642664e-05,0.0019496650833033466,0.0047642592650120356,0.08435079780226977,0.0036731335916328068,0.0021067370966192105
1128,0.984375,0.265625,0.0044658478673126707,0.0017916944817836561,0.0048118568442998312,0.00051428377332590584,0.0094169714904693749,0.0039515640939867648,-0.0076252770086857186,0.083684538660755453,-0.034032140626840401,-4.8433048422202068e-05,0.0023039810057771111,0.004543255404314551,0.091277183822411609,0.0038903162516124887,0.0022816175368298042
1129,0.984375,0.765625,-0.00073765764231334885,-0.0027633820529702246,0.0028601432075931479,-0.011326803935160534,-0.003916220455363102,0.010589146292847185,0.0011528384023928775,0.07638189085097602,-0.033751891824084099,-4.0984809835642664e-05,0.0019496650833033466,0.0047642592650116158,0.084350797802269201,0.0036731335916320154,0.0021067370966186545
1130,0.984375,0.734375,0.0044658478673120453,0.0017916944817841273,0.0048118568442994262,0.00051428377332528134,0.0094169714904702492,0.003951564093986764,-0.0076252770086861219,0.083684538660754856,-0.034032140626840353,-4.8433048422202068e-05,0.0023039810057771111,0.0045432554043138762,0.09127718382241104,0.0038903162516116573,0.002281617536829263
1131,0.765625,0.984375,0.0014049430276290875,0.0015476001853115279,0.0020901988528510542,-0.0032704576024057391,0.012082755672487282,0.0046754006300348261,-0.010535155487175754,0.047452896528359968,-0.0072852102066079802,0.0019257484237760443,-0.00030719163402278686,0.0019265230218518765,0.046058809773332869,0.0038080160670433895,-0.0020282965129722664
1132,0.734375,0.984375,0.0030378965506079776,-0.0084848253113079027,0.0090122736318648863,0.00097059373348341339,-0.012297442538559501,0.0020673028171245642,0.0038126172272515985,0.044516915853961725,-0.03026320565123827,0.0021151592598936072,-0.0009147543607152161,0.0076261011208009931,0.051567824807866425,0.0035653607757366169,-0.0029115123114883436
1133,0.015625,0.765625,-0.00087605245109925755,-0.0052082142484944933,0.0052813789444895991,-0.0014207479959265448,-0.015595615194869836,0.00054469554482728722,0.010387400946375342,-0.0060644279857871748,-0.0051355437845638664,0.0019348805195365541,0.00024312767593892608,0.0061333900041080809,0.0096394524348311292,0.0022956106403983966,0.00039242256714551758
1134,0.015625,0.734375,0.0017907785791831574,0.0010097196414952079,0.002055826275268039,0.010434708112953842,-0.0017485898820728853,-0.0086439295337706838,0.002758309523568093,0.0033686167593954663,0.0075255435285730369,0.0022865096183121028,0.00028731167836935787,0.0008761407012252676,0.007318671749852331,0.0027392610648919271,0.0005002925567539723
1135,0.234375,0.984375,0.0033748385382429465,0.0011043752600891422,0.0035509407027302987,0.014529602464668718,-0.0030753117852284945,-0.011154763926425771,0.0041796870453176364,-0.0019546098738618956,0.0097822340284593884,-0.0005841190371804547,0.0018605586908487697,0.0040305283108989249,0.0080393522928116617,-0.00067442782364430425,0.0018914516738623959
1136,0.265625,0.984375,-0.0064494967316745646,-0.00062502847698682712,0.0064797120837985821,-0.010276194774574915,-0.0018886002365315858,0.0038266980429003507,0.0012635717595447587,-0.026718816349330717,0.0098143871639544949,-0.0012127755142334205,0.0019595534662869086,0.0058398041859890216,0.026688134657552692,-0.0012975148333484207,0.0020707519764761768
1137,0.484375,0.265625,-0.44052041424651256,-0.40829694115614734,0.60063685162116509,-0.45905158458381934,-0.38898909114127705,0.018531170337306779,-0.019307850014870287,-0.43808535369925028,-0.32664212106947721,-0.45141302546652656,-0.40675587899812676,0.011001084117724852,0.081214783409096852,-0.44991095651281521,-0.40317393117845135
1138,0.515625,0.265625,-0.34300071868358328,-0.49322537329232069,0.60076681156402423,-0.32131892698974152,-0.50878359352005942,-0.021681791693841768,0.015558220227738728,-0.33213499696993026,-0.4379320946718484,-0.33674667278231096,-0.50579219352459837,0.014037024645045141,0.068016619807981446,-0.3365700991270682,-0.50177502212289404
1139,0.484375,0.234375,-0.37977874927544275,-0.35251735323829575,0.5181702256357007,-0.37535907558853393,-0.40321991347376185,-0.0044196736869088205,0.050702560235466099,-0.3686282685484738,-0.34322320788007016,-0.38199282532867945,-0.34420324330908475,0.0086038687045143329,0.01340044205888241,-0.38076200176191405,-0.34120485873432405
1140,0.515625,0.234375,-0.29620003695538322,-0.42533776052640238,0.51831136628669994,-0.34701897520841379,-0.42808964822727746,0.050818938253030577,0.0027518877008750886,-0.34134067812800373,-0.3716062730476602,-0.2849603482823867,-0.42800933542840031,0.011552831424498129,0.079749903068444136,-0.28487496034346604,-0.4246709297417145
1141,0.265625,0.484375,-0.30076285830434751,0.50139239934376301,0.5846816527436931,-0.29486494556014053,0.52797854835429325,-0.005897912744206979,-0.026586149010530247,-0.253024469203602,0.47705428403830874,-0.31977947748430019,0.51668670433856689,0.024403843351190137,0.07763349708349096,-0.31911590367236947,0.51382578774642496
1142,0.265625,0.515625,-0.30076285830434779,0.50139239934376323,0.58468165274369344,-0.29486494556014053,0.52797854835429325,-0.0058979127442072565,-0.026586149010530025,-0.253024469203602,0.4770542840383088,-0.31977947748430019,0.51668670433856689,0.024403843351189784,0.077633497083490932,-0.31911590367236936,0.51382578774642529
1143,0.234375,0.484375,-0.16439025878999877,0.50736147594772962,0.53332900208117451,-0.17451118321673112,0.52640803978590833,0.010120924426732347,-0.019046563838178709,-0.14937013283217415,0.47310213140535762,-0.15401801760176972,0.49058418396958231,0.019724627078522964,0.018089361367658992,-0.1546856164710943,0.48812092592046435
1144,0.234375,0.515625,-0.16439025878999833,0.50736147594772918,0.53332900208117395,-0.17451118321673117,0.52640803978590833,0.010120924426732847,-0.019046563838179154,-0.14937013283217415,0.47310213140535762,-0.15401801760176972,0.49058418396958231,0.01972462707852235,0.018089361367658992,-0.15468561647109427,0.48812092592046485
1145,0.734375,0.484375,0.53549859058910332,-0.22940916663807973,0.58256957203452908,0.56087944765871889,-0.21993075296478509,-0.02538085706961557,-0.0094784136732946334,0.38152398752147171,-0.2989907827697913,0.55771617664328466,-0.24119853020028581,0.025151743941063523,0.18542823939355682,0.55046774517198671,-0.24575991618928866
1146,0.734375,0.515625,0.53549859058910332,-0.22940916663807948,0.58256957203452897,0.56087944765871878,-0.21993075296478512,-0.025380857069615459,-0.0094784136732943558,0.38152398752147171,-0.2989907827697913,0.55771617664328466,-0.24119853020028581,0.025151743941063637,0.18542823939355682,0.55046774517198671,-0.24575991618928844
1147,0.765625,0.484375,0.52268416821029628,-0.094177504703338091,0.53110087750806489,0.54277943581264332,-0.10152341751512317,-0.020095267602347033,0.0073459128117850797,0.38255693484757547,-0.20996721450372913,0.50777313484150155,-0.080998980489350739,0.019900060718097346,0.17975511710576242,0.50221494548962875,-0.087349348774390365
1148,0.765625,0.515625,0.5226841682102964,-0.094177504703337814,0.53110087750806501,0.54277943581264332,-0.10152341751512305,-0.020095267602346922,0.0073459128117852324,0.38255693484757541,-0.20996721450372907,0.50777313484150155,-0.080998980489350739,0.019900060718097246,0.17975511710576242,0.50221494548962875,-0.08734934877439017
1149,0.515625,0.734375,-0.3430007186835845,-0.49322537329232102,0.60076681156402512,-0.32131892698974274,-0.50878359352005975,-0.021681791693841768,0.015558220227738728,-0.3321349969699306,-0.43793209467184863,-0.33674667278231096,-0.50579219352459837,0.014037024645045386,0.068016619807981196,-0.33657009912706881,-0.50177502212289193
1150,0.484375,0.734375,-0.44052041424651323,-0.40829694115614801,0.60063685162116598,-0.45905158458382056,-0.38898909114127733,0.018531170337307334,-0.019307850014870676,-0.43808535369925067,-0.32664212106947738,-0.45141302546652656,-0.40675587899812676,0.011001084117724286,0.081214783409096616,-0.44991095651281582,-0.40317393117844907
1151,0.515625,0.765625,-0.29620003695538416,-0.42533776052640315,0.51831136628670105,-0.3470189752084149,-0.4280896482272778,0.050818938253030743,0.0027518877008746445,-0.341340678128004,-0.37160627304766047,-0.2849603482823867,-0.42800933542840031,0.011552831424498868,0.079749903068444136,-0.28487496034346721,-0.42467092974171278
1152,0.484375,0.765625,-0.37977874927544325,-0.35251735323829697,0.51817022563570192,-0.37535907558853521,-0.40321991347376218,-0.0044196736869080433,0.050702560235465211,-0.36862826854847425,-0.34322320788007032,-0.38199282532867945,-0.34420324330908475,0.0086038687045153842,0.013400442058881953,-0.38076200176191555,-0.34120485873432227
1153,0.109375,0.109375,0.02071165666802819,0.016116609191994986,0.026243433726968236,0.023923715042030669,0.02034721793384231,-0.0032120583740024786,-0.0042306087418473234,0.018628396717008271,0.027243451129206991,0.014775686127287527,0.017692726155591986,0.0061416521346848701,0.010298530303386969,0.014314030261812502,0.017749777401705601
1154,0.140625,0.140625,0.014531187869034972,0.048948227531961493,0.051059616130616006,0.0094542005483525433,0.061574405339587621,0.0050769873206824283,-0.012626177807626128,0.0052915437634569826,0.065161149805105484,0.023543773388752055,0.049267023930718232,0.0090182220472815114,0.02420262637825419,0.022825605697409566,0.049191078833311815
1155,0.140625,0.109375,0.013891500659883793,0.030360921924948596,0.033388012380439425,0.025939113111241079,0.02003674134491951,-0.012047612451357286,0.010324180580029086,0.018283193631373117,0.028559901895412243,0.01529718301096915,0.032010445778162526,0.002167226756588841,0.0045631691303249632,0.014736025800770615,0.031924201087336498
1156,0.109375,0.140625,0.023866460717858133,0.029535116849006959,0.037972767537823207,0.023660491616870338,0.018248126572113582,0.00020596910098779481,0.011286990276893377,0.017696076758240881,0.026428790779266069,0.022741141659528688,0.027230734896601948,0.0025644724926599223,0.0051084042738937345,0.022162503617367754,0.027359817020168483
1157,0.890625,0.109375,0.015527313056284412,0.021867234437762499,0.026819272784770407,0.019101632510417327,0.025571904266387821,-0.0035743194541329147,-0.0037046698286253218,0.059589096002194981,-0.004936781844773616,0.015354581696218337,0.01719273917335579,0.004677685549468992,0.049461176253476659,0.018020640048920143,0.01584098460579875
1158,0.859375,0.140625,0.048460651845027555,0.019471304346658485,0.052226109085448578,0.061617882047404753,0.016414821171036327,-0.013157230202377197,0.0030564831756221579,0.08946776969012446,-0.02957443616385462,0.045317116588401818,0.030461580006363242,0.01143100927241107,0.074522502688109671,0.047488493207492148,0.027794557169787182
1159,0.859375,0.109375,0.03016824720526419,0.01666464619842856,0.034464961516832281,0.018549974050144236,0.026982808167298773,0.011618273155119953,-0.010318161968870213,0.062777051936145953,-0.010721161023641681,0.029444057863443153,0.01979191510496086,0.00321002508036478,0.045190002308925968,0.031703219909920019,0.017742137256476317
1160,0.890625,0.140625,0.028415260392278069,0.02635815699097907,0.038757959996909869,0.017399067431179482,0.024697240149034485,0.011016192961098587,0.0016609168419445854,0.066909765410805511,-0.014502115540423906,0.023632115251260345,0.02646120888657422,0.0047842551283587727,0.059589839330572804,0.02638016609627105,0.024544981853785099
1161,0.890625,0.890625,0.015527313056284204,0.021867234437763342,0.026819272784770972,0.019101632510417438,0.025571904266388924,-0.0035743194541332339,-0.0037046698286255821,0.059589096002194565,-0.0049367818447730444,0.015354581696218337,0.01719273917335579,0.0046776855494698264,0.049461176253476034,0.018020640048919526,0.015840984605798615
1162,0.859375,0.859375,0.048460651845027625,0.019471304346659609,0.052226109085449057,0.061617882047405134,0.016414821171037625,-0.01315723020237751,0.0030564831756219844,0.089467769690124169,-0.029574436163853898,0.045317116588401818,0.030461580006363242,0.011431009272410008,0.074522502688108908,0.04748849320749142,0.027794557169787324
1163,0.890625,0.859375,0.028415260392277885,0.026358156990979934,0.03875795999691032,0.017399067431179603,0.024697240149035724,0.011016192961098282,0.0016609168419442107,0.06690976541080508,-0.014502115540423292,0.023632115251260345,0.02646120888657422,0.0047842551283585706,0.059589839330572075,0.026380166096270311,0.024544981853785064
1164,0.859375,0.890625,0.030168247205264048,0.016664646198429577,0.034464961516832648,0.018549974050144573,0.026982808167300063,0.011618273155119475,-0.010318161968870487,0.062777051936145647,-0.01072116102364099,0.029444057863443153,0.01979191510496086,0.0032100250803637573,0.045190002308925274,0.031703219909919422,0.017742137256476331
1165,0.109375,0.890625,0.020711656668028173,0.016116609191994986,0.026243433726968222,0.023923715042030572,0.020347217933842518,-0.0032120583740023988,-0.0042306087418475316,0.018628396717008239,0.027243451129207178,0.014775686127287527,0.017692726155591986,0.0061416521346848536,0.01029853030338713,0.014314030261811819,0.017749777401705243
1166,0.140625,0.859375,0.014531187869034963,0.048948227531961618,0.051059616130616124,0.0094542005483523456,0.061574405339587954,0.0050769873206826174,-0.012626177807626336,0.0052915437634569722,0.065161149805105817,0.023543773388752055,0.049267023930718232,0.0090182220472815149,0.024202626378254412,0.022825605697408675,0.049191078833311842
1167,0.109375,0.859375,0.023866460717858234,0.029535116849007007,0.037972767537823311,0.023660491616870186,0.018248126572113797,0.00020596910098804808,0.01128699027689321,0.017696076758240836,0.026428790779266291,0.022741141659528688,0.027230734896601948,0.0025644724926600104,0.005108404273893744,0.022162503617367078,0.027359817020168278
1168,0.140625,0.890625,0.013891500659883906,0.030360921924948572,0.033388012380439445,0.02593911311124094,0.020036741344919704,-0.012047612451357034,0.010324180580028867,0.01828319363137302,0.028559901895412472,0.01529718301096915,0.032010445778162526,0.0021672267565887864,0.0045631691303247264,0.014736025800769693,0.031924201087336332
1169,0.390625,0.390625,-0.80528154290005294,0.028127439075139204,0.80577262063463995,-0.82574376950624839,0.024561242035193401,0.020462226606195455,0.0035661970399458037,-0.72665427956781126,0.060482620967059794,-0.8217862100921004,0.01363686541500714,0.021963168353403863,0.10604060080233819,-0.81706028192121527,0.014552264315663194
1170,0.359375,0.359375,-0.70732637033896884,0.18283315852448373,0.73057412904710706,-0.75003394309335059,0.16949714250786035,0.042707572754381751,0.013336016016623375,-0.65425749762025942,0.18145382942772201,-0.69378927789601075,0.1894691655179131,0.015076122201217275,0.040336178108603717,-0.68980888016869757,0.18884801752676331
1171,0.390625,0.359375,-0.75746307204080798,0.030894273393359598,0.758092844995916,-0.78570372778959907,0.070626433765016455,0.028240655748791088,-0.039732160371656861,-0.69011005520936375,0.094418639368882396,-0.76872853705529542,0.012756417023989148,0.021351640116594153,0.11335600666072297,-0.76429651069121152,0.013586942659791698
1172,0.359375,0.390625,-0.75181636447641809,0.1901665775653949,0.77549414770033798,-0.76224849364335923,0.20162181083581221,0.01043212916694114,-0.011455233270417309,-0.66367278599569979,0.20923241152713754,-0.74167464039869069,0.20254633457048155,0.01600352932242596,0.07828788485695419,-0.73743192697722715,0.20191363803319626
1173,0.609375,0.390625,0.13908304237129554,-0.7932050666668613,0.80530638297559487,0.13838483365229642,-0.81400027461628355,0.00069820871899911596,0.020795207949422245,0.014998217537429151,-0.71854719424953883,0.13306166660828347,-0.81105679953706744,0.018839886744579634,0.14999001659097366,0.12736777963826063,-0.80683675156996792
1174,0.640625,0.359375,0.27842648200662856,-0.67503549491855219,0.73020149635735621,0.27120557892933439,-0.71910418335576332,0.0072209030772941718,0.044068688437211123,0.13335567307585011,-0.65470115564558329,0.28839924477592094,-0.65883837351675323,0.019021112978929444,0.15509876110797446,0.28182674419037862,-0.65683089213765156
1175,0.609375,0.359375,0.13524718750338349,-0.74556718425443014,0.75773493252235291,0.1784248753689458,-0.76793508288646051,-0.043177687865562309,0.02236789863203037,0.051542441895876596,-0.68461117584771625,0.12447069451124206,-0.75869185844211717,0.016982045628916791,0.10395420897290755,0.11911839432124362,-0.7548500459475872
1176,0.640625,0.390625,0.29176841387079377,-0.71796633855387615,0.77498675513142667,0.30445321460444014,-0.72667039137856415,-0.012684800733646362,0.0087040528246880022,0.15349372539464831,-0.66476241700456518,0.30830457168364522,-0.70431142326205998,0.021445307804697118,0.15978273381273331,0.30129668909872442,-0.70202633256372526
1177,0.609375,0.609375,0.13908304237129462,-0.79320506666686197,0.80530638297559531,0.13838483365229615,-0.81400027461628377,0.00069820871899847758,0.020795207949421801,0.014998217537429248,-0.71854719424953883,0.13306166660828347,-0.81105679953706744,0.018839886744578711,0.14999001659097358,0.12736777963826074,-0.80683675156996593
1178,0.640625,0.640625,0.27842648200662867,-0.67503549491855219,0.73020149635735632,0.27120557892933428,-0.71910418335576343,0.0072209030772943938,0.044068688437211234,0.13335567307585028,-0.65470115564558318,0.28839924477592094,-0.65883837351675323,0.019021112978929385,0.1550987611079743,0.28182674419037823,-0.65683089213764934
1179,0.640625,0.609375,0.29176841387079361,-0.71796633855387626,0.77498675513142667,0.30445321460443986,-0.72667039137856437,-0.012684800733646251,0.0087040528246881133,0.15349372539464839,-0.66476241700456518,0.30830457168364522,-0.70431142326205998,0.021445307804697316,0.15978273381273325,0.30129668909872437,-0.7020263325637236
1180,0.609375,0.640625,0.13524718750338302,-0.74556718425443069,0.75773493252235335,0.17842487536894536,-0.76793508288646073,-0.043177687865562336,0.022367898632030037,0.051542441895876645,-0.68461117584771625,0.12447069451124206,-0.75869185844211717,0.016982045628916063,0.10395420897290752,0.11911839432124365,-0.7548500459475852
1181,0.390625,0.609375,-0.80528154290005327,0.028127439075139076,0.80577262063464028,-0.82574376950624828,0.024561242035193373,0.020462226606195011,0.0035661970399457031,-0.72665427956781137,0.060482620967060044,-0.8217862100921004,0.01363686541500714,0.02196316835340353,0.10604060080233821,-0.81706028192121349,0.014552264315665128
1182,0.359375,0.640625,-0.70732637033896884,0.18283315852448404,0.73057412904710717,-0.75003394309335047,0.16949714250786044,0.04270757275438164,0.013336016016623597,-0.65425749762025953,0.18145382942772237,-0.69378927789601075,0.1894691655179131,0.015076122201217141,0.040336178108603536,-0.68980888016869579,0.1888480175267653
1183,0.359375,0.609375,-0.75181636447641786,0.19016657756539532,0.77549414770033787,-0.76224849364335912,0.20162181083581218,0.010432129166941251,-0.011455233270416865,-0.6636727859956999,0.20923241152713778,-0.74167464039869069,0.20254633457048155,0.016003529322425498,0.078287884856954107,-0.73743192697722548,0.20191363803319801
1184,0.390625,0.640625,-0.75746307204080832,0.030894273393359359,0.75809284499591634,-0.78570372778959907,0.0706264337650164,0.028240655748790755,-0.039732160371657041,-0.69011005520936397,0.094418639368882618,-0.76872853705529542,0.012756417023989148,0.021351640116593771,0.11335600666072297,-0.76429651069120919,0.013586942659794035
1185,0.390625,0.109375,-0.14127296339382089,0.0034512314724603555,0.14131511307977063,-0.14780629110903706,0.031000025452166048,0.0065333277152161695,-0.027548793979705694,-0.15393750706958809,0.024656624374774685,-0.13762439072491517,0.0022837634303059058,0.0038308046347651026,0.027688674069289976,-0.13686175006750886,0.0024566979338826872
1186,0.359375,0.140625,-0.18651555959991015,0.048576811963501623,0.19273754339361346,-0.16418638012635262,0.06988138618046652,-0.022329179473557531,-0.021304574216964897,-0.16805790156482389,0.065386221753571241,-0.19116773571459741,0.0522066173602969,0.0059006974012120669,0.026603879536512241,-0.1900248621404356,0.051962203262648783
1187,0.359375,0.109375,-0.12948008148326873,0.039157818336374529,0.13527167566707532,-0.14770146756346408,0.02834372218579842,0.018221386080195356,0.010814096150576109,-0.15506625169690774,0.028784973843877994,-0.12420812036934853,0.033920398695547908,0.0074312945360013247,0.03128253278486319,-0.12348420985010281,0.033787084439425762
1188,0.390625,0.140625,-0.2025138214208789,3.3859512827842877e-07,0.20251382142116195,-0.1998561648226011,-0.028989322562377358,-0.0026576565982777967,0.028989661157505637,-0.2039104591539283,-0.021648968305268367,-0.21181661131131296,0.0035149222335959232,0.0099445561940866272,0.026376668269280371,-0.21057679724780384,0.0037168726352244815
1189,0.609375,0.109375,0.022741521978918808,-0.14030883340670924,0.14213988023728363,0.050574411551803727,-0.14308811782244316,-0.02783288957288492,0.0027792844157339125,0.037075625873702528,-0.17402483179835565,0.022283813686475043,-0.13582753824389288,0.0045046091081527998,0.04096133472761862,0.020868597353461627,-0.13626353362813912
1190,0.640625,0.140625,0.0735927423990103,-0.17923382271876634,0.19375410947948754,0.091305241398628223,-0.15424656630628947,-0.017712498999617923,-0.024987256412476871,0.068915904969335834,-0.19042040427626572,0.079465959423311167,-0.18153731122659958,0.0063087825703742034,0.013791772587701395,0.07737310187930041,-0.18224397199898726
1191,0.640625,0.109375,0.056572020932476916,-0.12406232581783649,0.13635194989333899,0.048237333401367717,-0.143678579310027,0.0083346875311091986,0.019616253492190511,0.042225187215357327,-0.17156712913605279,0.051631711891237879,-0.11795090902800075,0.0078585029491649635,0.05443511518452987,0.050162895667802632,-0.11901423251040524
1192,0.609375,0.140625,0.027651273648612827,-0.20147715230843308,0.20336576859615782,-0.0014754621617603172,-0.20307746583698658,0.029126735810373144,0.0016003135285534986,-0.012897326210637682,-0.22033042447839871,0.034296841405069993,-0.20905108986884413,0.010076115371246424,0.048523322703353765,0.03241300152141003,-0.20898056668049381
1193,0.109375,0.390625,0.10338172170951865,0.11533494655359296,0.15488683055748964,0.10627700671140324,0.11333881796561322,-0.0028952850018845872,0.0019961285879797341,0.083120289334845235,0.11411641558613314,0.088228947209833514,0.10564724971363015,0.017984939396654451,0.0098906600315473905,0.08683305807052108,0.10661746424853917
1194,0.140625,0.359375,0.072321251707824552,0.16570801443594285,0.1808024045661151,0.092442393310515542,0.15850358252916652,-0.02012114160269099,0.0072044319067763318,0.071322856979735269,0.15378876099706382,0.085445472674928594,0.17880074181559946,0.018538195333726075,0.028723639367965122,0.083673652792971634,0.17904420815753566
1195,0.109375,0.359375,0.10094859094949608,0.10481440287781102,0.1455220844590977,0.10664868437903334,0.11517730376169248,-0.0057000934295372563,-0.010362900883881462,0.083727389974519173,0.1150564019712244,0.082532547615933982,0.098826257631133091,0.019365137116967402,0.016274066288486943,0.081205980936088551,0.099708106313444511
1196,0.140625,0.390625,0.072791592686224232,0.18031533566756286,0.19445368662666965,0.080227842760506873,0.19062825085711838,-0.007436250074282641,-0.010312915189555516,0.061907568604294916,0.18156734309647934,0.091342922467839704,0.19114157585609232,0.021479276367838453,0.03095328722458,0.089472165964708902,0.19143271151050262
1197,0.109375,0.609375,0.10338172170951836,0.11533494655359311,0.15488683055748956,0.10627700671140283,0.11333881796561319,-0.0028952850018844761,0.0019961285879799145,0.083120289334845415,0.11411641558613335,0.088228947209833514,0.10564724971363015,0.017984939396654288,0.0098906600315474755,0.086833058070521066,0.10661746424853903
1198,0.140625,0.640625,0.07232125170782415,0.16570801443594263,0.18080240456611474,0.092442393310515056,0.1585035825291666,-0.020121141602690906,0.0072044319067760265,0.071322856979735463,0.15378876099706412,0.085445472674928594,0.17880074181559946,0.018538195333726516,0.028723639367964762,0.083673652792971703,0.17904420815753583
1199,0.109375,0.640625,0.10094859094949585,0.10481440287781101,0.14552208445909751,0.1066486843790329,0.11517730376169245,-0.0057000934295370481,-0.010362900883881448,0.083727389974519326,0.11505640197122462,0.082532547615933982,0.098826257631133091,0.019365137116967173,0.016274066288487175,0.081205980936088509,0.099708106313444483
1200,0.140625,0.609375,0.072791592686223802,0.18031533566756261,0.19445368662666926,0.080227842760506457,0.19062825085711835,-0.0074362500742826548,-0.010312915189555738,0.061907568604295096,0.18156734309647954,0.091342922467839704,0.19114157585609232,0.021479276367838952,0.030953287224579767,0.089472165964708986,0.19143271151050256
1201,0.890625,0.390625,0.10114370527672627,0.1145791402094635,0.15283464426708088,0.098617243515435826,0.11723485417751417,0.0025264617612904411,-0.0026557139680506714,0.12009133082283514,-0.02259298336790079,0.091685662935330536,0.10266171491806803,0.015214453342385552,0.12843528102061477,0.094734375308270766,0.097193721337004393
1202,0.859375,0.359375,0.15443493605742339,0.090991362214763089,0.17924725234367936,0.14450549600680557,0.10974716479187006,0.0099294400506178271,-0.018755802577106975,0.14058630435857628,-0.031536177783148239,0.1644656692546464,0.11055169700674831,0.021982318022638545,0.1440804921915142,0.16589527236577095,0.10422780768134193
1203,0.890625,0.359375,0.091132542760077054,0.11097389296299853,0.14359785955675081,0.10028668139058031,0.11802958376986822,-0.0091541386305032529,-0.0070556908068696855,0.11802830007925733,-0.016463857159717529,0.085766084501859033,0.096033480425169834,0.015874974048410453,0.11703205337705834,0.088807372928357498,0.090845958167300955
1204,0.859375,0.390625,0.16869730972405828,0.09330102710206277,0.19277931415594024,0.17775313168191137,0.10218095676906928,-0.0090558219578530941,-0.0088799296670065142,0.16072435667737447,-0.041597439142130203,0.17581709603856538,0.11818197936353048,0.025879589305119924,0.1604906643996214,0.17716159934347342,0.11154197005732645
1205,0.890625,0.609375,0.10114370527672607,0.11457914020946397,0.1528346442670811,0.098617243515435923,0.11723485417751503,0.0025264617612901497,-0.00265571396805106,0.12009133082283489,-0.022592983367900339,0.091685662935330536,0.10266171491806803,0.015214453342385801,0.12843528102061427,0.094734375308269989,0.097193721337004615
1206,0.859375,0.640625,0.15443493605742362,0.090991362214763991,0.17924725234368002,0.14450549600680584,0.10974716479187109,0.0099294400506177716,-0.0187558025771071,0.14058630435857608,-0.031536177783147684,0.1644656692546464,0.11055169700674831,0.021982318022637639,0.14408049219151367,0.16589527236577009,0.10422780768134238
1207,0.890625,0.640625,0.091132542760077082,0.11097389296299909,0.14359785955675125,0.10028668139058032,0.11802958376986919,-0.0091541386305032391,-0.0070556908068701019,0.11802830007925699,-0.016463857159717082,0.085766084501859033,0.096033480425169834,0.015874974048410984,0.11703205337705783,0.088807372928356457,0.090845958167301122
1208,0.859375,0.609375,0.16869730972405833,0.093301027102063561,0.19277931415594066,0.17775313168191148,0.10218095676907014,-0.0090558219578531496,-0.0088799296670065836,0.16072435667737422,-0.041597439142129752,0.17581709603856538,0.11818197936353048,0.02587958930511915,0.16049066439962098,0.17716159934347273,0.11154197005732688
1209,0.609375,0.890625,0.022741521978919627,-0.14030883340671035,0.14213988023728485,0.050574411551804581,-0.14308811782244385,-0.027832889572884954,0.0027792844157334962,0.037075625873703041,-0.17402483179835609,0.022283813686475043,-0.13582753824389288,0.0045046091081539872,0.040961334727619217,0.020868597353460645,-0.13626353362814
1210,0.640625,0.859375,0.073592742399010855,-0.17923382271876692,0.19375410947948832,0.091305241398629194,-0.15424656630628986,-0.01771249899961834,-0.024987256412477066,0.068915904969336417,-0.19042040427626591,0.079465959423311167,-0.18153731122659958,0.0063087825703734739,0.013791772587701074,0.077373101879299647,-0.18224397199898759
1211,0.640625,0.890625,0.056572020932478075,-0.12406232581783687,0.13635194989333982,0.048237333401368633,-0.14367857931002739,0.0083346875311094415,0.019616253492190525,0.042225187215357902,-0.17156712913605301,0.051631711891237879,-0.11795090902800075,0.0078585029491659835,0.054435115184529988,0.050162895667801959,-0.11901423251040597
1212,0.609375,0.859375,0.027651273648613531,-0.20147715230843363,0.20336576859615846,-0.0014754621617596927,-0.20307746583698716,0.029126735810373224,0.0016003135285535264,-0.012897326210637203,-0.22033042447839904,0.034296841405069993,-0.20905108986884413,0.010076115371245543,0.048523322703353376,0.032413001521408975,-0.20898056668049433
1213,0.390625,0.890625,-0.14127296339382137,0.0034512314724601482,0.1413151130797711,-0.1478062911090374,0.03100002545216558,0.0065333277152160307,-0.02754879397970543,-0.153937507069589,0.024656624374774762,-0.13762439072491517,0.0022837634303059058,0.0038308046347654886,0.027688674069290577,-0.13686175006751197,0.002456697933882613
1214,0.359375,0.859375,-0.18651555959991065,0.048576811963501547,0.19273754339361393,-0.16418638012635309,0.069881386180466312,-0.022329179473557559,-0.021304574216964765,-0.16805790156482478,0.065386221753571561,-0.19116773571459741,0.0522066173602969,0.00590069740121172,0.026603879536511627,-0.19002486214043862,0.051962203262649567
1215,0.359375,0.890625,-0.12948008148326914,0.039157818336374259,0.13527167566707565,-0.1477014675634645,0.028343722185798066,0.018221386080195356,0.010814096150576193,-0.15506625169690871,0.028784973843878216,-0.12420812036934853,0.033920398695547908,0.0074312945360014296,0.031282532784864113,-0.1234842098501058,0.033787084439425914
1216,0.390625,0.859375,-0.2025138214208799,3.3859512773085076e-07,0.20251382142116295,-0.19985616482260168,-0.028989322562377733,-0.002657656598278213,0.028989661157505463,-0.20391045915392925,-0.02164896830526819,-0.21181661131131296,0.0035149222335959232,0.0099445561940858865,0.026376668269279917,-0.21057679724780709,0.0037168726352250448
1217,0.109375,0.015625,6.4955010258324007e-05,-0.0011082547061658048,0.0011101565867463533,0.0021332238086595578,-0.00023084815519170548,-0.0020682687984012339,-0.00087740655097409931,0.0056587551951622819,0.0075047504217780614,0.00036836890622046471,0.00044109289584578359,0.0015787773700309945,0.0088251597566210253,0.00022103845490867519,0.00037512701049561051
1218,0.140625,0.015625,0.00035668960919708561,0.001856434181584784,0.0018903902633756705,0.0041486218778699667,-0.0005413247441145054,-0.0037919322686728813,0.0023977589256992896,0.0053135521095271287,0.0088212011879833137,0.00038137021356986802,0.00079804435458022925,0.0010586775515419873,0.0094179330974578056,0.00022670884497431393,0.00072831263434616615
1219,0.015625,0.109375,-0.00017759743246257328,-0.00020108744135330825,0.00026828530911572189,0.0014630083643741036,-0.00020447628067913389,-0.0016406057968366768,3.3888393258256402e-06,0.00045464435456960516,0.0049481926306723335,0.00057019744290016006,7.1648237562410054e-05,0.00079597859655419355,0.0048779132561162421,0.00059918442109108095,4.4018704361769503e-05
1220,0.015625,0.140625,0.0011325195569912507,0.00054384266169325564,0.0012563301268557017,0.0011997849392137744,-0.0023035676424078629,-6.726538222252376e-05,0.0028474103041011183,-0.00047767560419778371,0.0041335322807314109,0.00087758637475023212,0.0001102732357757145,0.00050296458572945133,0.0042453914277013277,0.00097318583288275116,0.00011228338142480826
1221,0.890625,0.015625,0.0019008399033456,0.0002690708577761131,0.0019197894323741036,0.0019277303596952839,0.0025278735582599217,-2.6890456349683853e-05,-0.0022588027004838088,0.03660222742916848,0.015117536368772139,0.00038280120572289482,0.00042862784642715265,0.0015264009696365588,0.039084662842775515,0.0027737380082497845,0.00078453914003223863
1222,0.859375,0.015625,0.0039870779813935015,0.00072497602161921543,0.0040524537087591392,0.0013760718994221956,0.0039387774591708741,0.002611006081971306,-0.0032138014375516586,0.039790183363119458,0.0093331571899040733,0.00073406238440717,0.00049342724638406566,0.0032612459750146474,0.040043993449432262,0.0032213967923750038,0.00026125583061632746
1223,0.984375,0.109375,0.0023609989192124713,0.0011102917013591643,0.0026090349860876695,0.0021659261980913926,0.0023984180748991895,0.00019507272112107878,-0.0012881263735400252,0.05195464692730082,0.010562657348184235,-1.2077972531156736e-05,0.00057455436332449648,0.0024327984769585975,0.052917886371726723,0.0025262674033168413,0.0015906041779090293
1224,0.984375,0.140625,0.0032617508775439649,0.0017457661801279396,0.0036995565062365684,0.00046336111885354807,0.0015237539575458539,0.002798389758690417,0.00022201222258208574,0.059275316335911356,0.00099732365253394489,-1.8589111999589698e-05,0.00088429207651701143,0.0033915730978693144,0.059294013183482361,0.0028555549641557771,0.0016650962208811129
1225,0.984375,0.890625,0.002360998919211679,0.0011102917013594653,0.0026090349860870806,0.00216592619809068,0.0023984180748995512,0.00019507272112099898,-0.0012881263735400859,0.051954646927300292,0.010562657348184233,-1.2077972531156736e-05,0.00057455436332449648,0.0024327984769578911,0.052917886371726203,0.0025262674033164753,0.001590604177908459
1226,0.984375,0.859375,0.003261750877543304,0.0017457661801283727,0.0036995565062361898,0.00046336111885284447,0.0015237539575463498,0.0027983897586904595,0.00022201222258202286,0.059275316335910808,0.00099732365253398392,-1.8589111999589698e-05,0.00088429207651701143,0.0033915730978687853,0.059294013183481813,0.0028555549641552831,0.0016650962208805324
1227,0.890625,0.984375,0.0019008399033451418,0.00026907085777676623,0.0019197894323737415,0.0019277303596948307,0.002527873558260705,-2.689045634968884e-05,-0.0022588027004839389,0.036602227429168056,0.015117536368772453,0.00038280120572289482,0.00042862784642715265,0.0015264009696360349,0.039084662842775245,0.0027737380082495803,0.0007845391400318854
1228,0.859375,0.984375,0.003987077981393361,0.00072497602162006447,0.0040524537087591531,0.0013760718994219657,0.0039387774591718447,0.0026110060819713953,-0.00321380143755178,0.039790183363119139,0.009333157189904507,0.00073406238440717,0.00049342724638406566,0.0032612459750145672,0.040043993449432047,0.0032213967923747952,0.00026125583061603093
1229,0.015625,0.890625,-0.00017759743246266582,-0.00020108744135342825,0.00026828530911587314,0.0014630083643741216,-0.00020447628067911828,-0.0016406057968367874,3.3888393256900336e-06,0.00045464435456946269,0.0049481926306723326,0.00057019744290016006,7.1648237562410054e-05,0.00079597859655432159,0.0048779132561162447,0.00059918442109091724,4.4018704361141879e-05
1230,0.015625,0.859375,0.0011325195569911054,0.00054384266169311079,0.001256330126855508,0.0011997849392137378,-0.002303567642407836,-6.7265382222632397e-05,0.0028474103041009466,-0.00047767560419793896,0.0041335322807314456,0.00087758637475023212,0.0001102732357757145,0.00050296458572925281,0.0042453914277014101,0.00097318583288252673,0.00011228338142423353
1231,0.109375,0.984375,6.4955010258382066e-05,-0.001108254706165861,0.0011101565867464127,0.0021332238086596306,-0.00023084815519155413,-0.0020682687984012486,-0.00087740655097430682,0.0056587551951621179,0.0075047504217780727,0.00036836890622046471,0.00044109289584578359,0.0015787773700310385,0.0088251597566209369,0.00022103845490830629,0.00037512701049486437
1232,0.140625,0.984375,0.0003566896091971118,0.0018564341815848096,0.0018903902633757004,0.004148621877869998,-0.00054132474411436619,-0.0037919322686728861,0.002397758925699176,0.0053135521095268989,0.0088212011879833657,0.00038137021356986802,0.00079804435458022925,0.0010586775515420122,0.0094179330974577292,0.00022670884497370732,0.00072831263434540276
1233,0.484375,0.390625,-0.66331075662162731,-0.60616749840557493,0.89856563253511335,-0.65226793391342786,-0.61128893066886125,-0.011042822708199451,0.0051214322632863185,-0.58559468077112886,-0.45929900424179609,-0.67218645856462755,-0.60568875592706506,0.0088886039028470681,0.17008261339688241,-0.66985939871178801,-0.60017822626694062
1234,0.515625,0.390625,-0.50789562028317203,-0.74130357352855825,0.898603888946091,-0.51453527631935003,-0.73108343304764367,0.0066396560361779988,-0.010220140480914575,-0.47964432404180879,-0.57058897784416729,-0.50144001311665298,-0.75316095051436538,0.013500824155286254,0.18386836940304563,-0.5010138758736129,-0.74691441698714633
1235,0.484375,0.359375,-0.62140950830231201,-0.5669823296695663,0.84120077220961342,-0.61222789219677853,-0.56522373893903821,-0.0091816161055334744,-0.0017585907305280868,-0.54905045641268146,-0.42536298583997351,-0.62878751988653414,-0.5665831642544501,0.007388801524302901,0.16217625622405338,-0.62661905266806384,-0.56146072582154016
1236,0.515625,0.359375,-0.47490764952025127,-0.69438040967021419,0.84124992059828707,-0.47449523460270071,-0.68501824131782063,-0.00041241491755056314,-0.0093621683523935628,-0.44310009968336139,-0.53665295944234481,-0.46906512055118527,-0.70453398772801989,0.011714533372282863,0.16987707899220003,-0.46868387994825067,-0.6987346715888938
1237,0.390625,0.484375,-0.89326885563966885,0.023540872166678026,0.89357899545489061,-0.88325102657346344,0.026518905069163212,-0.010017829066205408,-0.0029780329024851858,-0.73494543849643434,0.040673216024352268,-0.90469228208965224,0.015012623406603032,0.014255725122627084,0.17167544065286236,-0.89950823750917752,0.016068064433686118
1238,0.390625,0.515625,-0.89326885563966896,0.023540872166677992,0.89357899545489072,-0.88325102657346344,0.026518905069163198,-0.010017829066205519,-0.0029780329024852066,-0.73494543849643434,0.04067321602435231,-0.90469228208965224,0.015012623406603032,0.014255725122626975,0.17167544065286236,-0.89950823750917719,0.016068064433686434
1239,0.359375,0.484375,-0.81891815898007392,0.21564122762473162,0.84683415741148216,-0.81975575071057416,0.20357947386978203,0.00083759173050024227,0.012061753754949583,-0.67196394492432288,0.18942300658443001,-0.81649864009656947,0.22298026348109029,0.0077275816998950498,0.14837913464824729,-0.81184685605871743,0.22233630731634596
1240,0.359375,0.515625,-0.81891815898007458,0.21564122762473176,0.84683415741148282,-0.81975575071057416,0.20357947386978203,0.00083759173049957614,0.012061753754949722,-0.67196394492432288,0.18942300658443004,-0.81649864009656947,0.22298026348109029,0.007727581699895127,0.14837913464824729,-0.81184685605871698,0.22233630731634618
1241,0.609375,0.484375,0.1467371056325466,-0.88079923645566871,0.89293844866838734,0.14822852651415913,-0.87048777034400027,-0.0014914208816125263,-0.010311466111668444,-0.01177304290509408,-0.72656909550425031,0.14648562040121005,-0.89288043272870754,0.012083813479579521,0.22957627360179289,0.14025266594489194,-0.88806108958056085
1242,0.609375,0.515625,0.14673710563254613,-0.88079923645566849,0.89293844866838701,0.1482285265141591,-0.87048777034400038,-0.0014914208816129704,-0.010311466111668111,-0.011773042905094067,-0.72656909550425031,0.14648562040121005,-0.89288043272870754,0.012083813479579732,0.22957627360179289,0.14025266594489191,-0.88806108958056029
1243,0.640625,0.484375,0.32611789220638998,-0.78060594797744698,0.84598967229801758,0.31429690746630284,-0.78315788710628087,0.011820984740087137,0.0025519391288338911,0.12672246495212508,-0.67278431825927665,0.33940794224800902,-0.77536602706116542,0.01428573418896009,0.23613157186893385,0.33171417953505167,-0.77263940532023889
1244,0.640625,0.515625,0.32611789220638959,-0.78060594797744698,0.84598967229801747,0.31429690746630279,-0.78315788710628098,0.011820984740086804,0.0025519391288340021,0.12672246495212508,-0.67278431825927665,0.33940794224800902,-0.77536602706116542,0.014285734188960451,0.23613157186893385,0.33171417953505161,-0.77263940532023823
1245,0.515625,0.609375,-0.50789562028317381,-0.74130357352855958,0.89860388894609311,-0.5145352763193517,-0.73108343304764523,0.0066396560361778878,-0.010220140480914353,-0.47964432404180884,-0.57058897784416729,-0.50144001311665298,-0.75316095051436538,0.013500824155285933,0.1838683694030456,-0.50101387587361179,-0.74691441698714367
1246,0.484375,0.609375,-0.66331075662162875,-0.60616749840557627,0.89856563253511534,-0.65226793391342941,-0.6112889306688627,-0.01104282270819934,0.0051214322632864295,-0.58559468077112897,-0.45929900424179593,-0.67218645856462755,-0.60568875592706506,0.0088886039028456994,0.17008261339688249,-0.66985939871178668,-0.60017822626693818
1247,0.515625,0.640625,-0.47490764952025305,-0.69438040967021553,0.84124992059828918,-0.47449523460270249,-0.68501824131782219,-0.00041241491755056314,-0.0093621683523933408,-0.44310009968336145,-0.53665295944234459,-0.46906512055118527,-0.70453398772801989,0.011714533372282595,0.16987707899220023,-0.46868387994824978,-0.69873467158889091
1248,0.484375,0.640625,-0.6214095083023139,-0.5669823296695673,0.84120077220961553,-0.61222789219678031,-0.56522373893903965,-0.0091816161055335854,-0.0017585907305276427,-0.54905045641268158,-0.4253629858399734,-0.62878751988653414,-0.5665831642544501,0.00738880152430107,0.16217625622405341,-0.6266190526680625,-0.56146072582153705
1249,0.390625,0.015625,-0.0047325448637072862,-0.0015459130440615729,0.0049786371656108802,-0.0091854208461130005,0.0052156598970028948,0.0044528759824057143,-0.0067615729410644681,-0.051447801776380767,-0.0042910626951723936,-0.0034310789931419291,5.6935930395438091e-05,0.0020646884140626,0.048213180344075492,-0.00387175497996448,0.00035887667367324127
1250,0.359375,0.015625,-0.0022162345873893382,0.0033448739388692861,0.0040124652538393053,-0.0090805973005400175,0.0025593566306352671,0.0068643627131506797,0.00078551730823401894,-0.052576546403700429,-0.00016271322606908802,-0.0030966013388480243,0.00084566090930728857,0.0026497379840667978,0.049490219054048525,-0.0033918892722248385,0.0011640844049480947
1251,0.609375,0.015625,-0.0015513131056351594,-0.0062493386831819963,0.0064390066259346476,0.0058028674298583353,-0.0096466699033463821,-0.0073541805354934951,0.0033973312201643858,0.039160590614779556,-0.06149502603082363,0.00055555214176807586,-0.0033862821168837562,0.0035547115315506216,0.069763709152814837,0.00019192731630430514,-0.0050502049593442394
1252,0.640625,0.015625,0.0028287968507502538,-0.0036003556476158758,0.0045787173326308417,0.003465789279422319,-0.010237131390930231,-0.00063699242867206515,0.0066367757433143555,0.044310151956434361,-0.059037323368520758,0.0012872171939643793,-0.0029406043801994647,0.001676824252291699,0.070695224710233678,0.0013057099330820231,-0.0048773432477484703
1253,0.484375,0.109375,-0.11450107030137506,-0.10172778994833534,0.15316343672016852,-0.11469680808511996,-0.10296749528090209,0.00019573778374490369,0.0012397053325667456,-0.12691654032376329,-0.11597385789320849,-0.11257094689277819,-0.10143458843639151,0.001952266246960119,0.020425141547246471,-0.11252791773481251,-0.10062871589907596
1254,0.515625,0.109375,-0.085074477951045127,-0.1273928042853632,0.15318809804397898,-0.086356707704999855,-0.12783723003441769,0.0012822297539547278,0.0004444257490544834,-0.099628949903293199,-0.14435692306079856,-0.083976069983625792,-0.12613173068543063,0.0016723655961951574,0.02402436860561993,-0.084361792345037157,-0.1253806069186372
1255,0.484375,0.140625,-0.17050582053957675,-0.15469674978341319,0.23022449746155665,-0.16674668179868402,-0.16295684329544549,-0.0037591387408927313,0.0082600935120323016,-0.17688949240810348,-0.16227945057325155,-0.17325705405369926,-0.15611717282948492,0.0030962699299387029,0.0071532003599695361,-0.1729122958914788,-0.15482067736126762
1256,0.515625,0.140625,-0.12969622246070031,-0.1903396113094355,0.23032645908362862,-0.13840658141856391,-0.18782657804896111,0.0087103589578635954,-0.0025130332604743899,-0.1496019019876334,-0.19066251574084159,-0.12924690515598464,-0.19412834913849558,0.0038152877188578952,0.020647951403389275,-0.1294990086008079,-0.19278976146617594
1257,0.015625,0.390625,0.0038476374328086592,0.0010431205627652372,0.003986529107232766,0.0083214124062195895,0.0012199136692416269,-0.0044737749734109298,-0.00017679310647638973,0.0068701676372671201,0.030863012464661357,0.0034047772574102211,0.00042782775128778121,0.00075809654979413252,0.030631836363854737,0.0041449656908745169,0.00088572201617769192
1258,0.015625,0.359375,0.0028712274899123573,0.00067384549616802589,0.0029492397412781398,0.0086930900738496821,0.0030583994653208858,-0.0058218625839373244,-0.0023845539691528597,0.0074772682769410547,0.031802998849752608,0.0031849517647597968,0.0004002055489860967,0.00041629525738624595,0.031694785188283107,0.003869865083481932,0.00080521559575347137
1259,0.015625,0.609375,0.0038476374328081683,0.0010431205627652199,0.0039865291072322881,0.0083214124062195253,0.0012199136692413997,-0.0044737749734113565,-0.00017679310647617983,0.0068701676372670967,0.030863012464661502,0.0034047772574102211,0.00042782775128778121,0.00075809654979383165,0.030631836363854879,0.0041449656908743981,0.00088572201617744559
1260,0.015625,0.640625,0.0028712274899121309,0.00067384549616776742,0.0029492397412778605,0.0086930900738495815,0.0030583994653206603,-0.005821862583937451,-0.0023845539691528927,0.0074772682769410053,0.031802998849752767,0.0031849517647597968,0.0004002055489860967,0.00041629525738624666,0.03169478518828326,0.0038698650834817772,0.0008052155957532039
1261,0.109375,0.484375,0.1070234136333434,0.11904179363251777,0.16007798005028881,0.1075112474643945,0.12802631967417108,-0.00048783383105109601,-0.0089845260416533124,0.06685893625371335,0.13401689069463366,0.097129942821364751,0.11630549438059766,0.010264896409780865,0.035071746435152644,0.095625122174026522,0.11741890121436641
1262,0.109375,0.515625,0.10702341363334333,0.11904179363251791,0.16007798005028887,0.10751124746439444,0.12802631967417108,-0.00048783383105110989,-0.0089845260416531736,0.066858936253713377,0.13401689069463368,0.097129942821364751,0.11630549438059766,0.010264896409780835,0.03507174643515263,0.095625122174026564,0.11741890121436639
1263,0.140625,0.484375,0.088373349025068534,0.20710089472246845,0.22516800263970355,0.081462083513498124,0.20531575256567625,0.0069112655115704108,0.0017851421567922077,0.045646215523163031,0.20146781820497986,0.100558072118181,0.21042493332186765,0.012629992457088964,0.055637594357853024,0.098532103103766824,0.2107957119271574
1264,0.140625,0.515625,0.088373349025068396,0.20710089472246843,0.22516800263970346,0.081462083513498068,0.20531575256567625,0.0069112655115703275,0.0017851421567921799,0.045646215523163058,0.20146781820497989,0.100558072118181,0.21042493332186765,0.012629992457089104,0.055637594357852996,0.098532103103766838,0.21079571192715746
1265,0.984375,0.390625,0.0048696862051348421,0.0023835512754434946,0.0054217303897509412,0.0042021830122860194,0.0070135435797183416,0.00066750319284882269,-0.0046299923042748469,0.11272794120672268,-0.044170721473735144,-7.2120292193082156e-05,0.0034307934098111786,0.0050515510039024127,0.12243266759067067,0.0044838486907556683,0.0028715283854162045
1266,0.984375,0.359375,0.0044583473556733073,0.0020340348628811555,0.0049004243660376121,0.0058716208874304999,0.0078082731720723851,-0.0014132735317571926,-0.0057742383091912292,0.11066491046314486,-0.038041595265551884,-6.7463929217521221e-05,0.0032092882144706702,0.0046759157634486482,0.11816638323335749,0.0043765514655896226,0.0027531965337951715
1267,0.984375,0.609375,0.0048696862051345307,0.0023835512754443846,0.0054217303897510522,0.004202183012285564,0.0070135435797190424,0.00066750319284896668,-0.0046299923042746579,0.11272794120672239,-0.04417072147373502,-7.2120292193082156e-05,0.0034307934098111786,0.0050515510039019235,0.12243266759067035,0.0044838486907550993,0.0028715283854158975
1268,0.984375,0.640625,0.0044583473556728129,0.002034034862882091,0.0049004243660375505,0.005871620887429956,0.0078082731720731935,-0.0014132735317571431,-0.0057742383091911025,0.1106649104631445,-0.038041595265551759,-6.7463929217521221e-05,0.0032092882144706702,0.0046759157634479352,0.11816638323335711,0.0043765514655889227,0.0027531965337947717
1269,0.890625,0.484375,0.10395590848153249,0.11863649535295276,0.15773854613838667,0.11272237901236831,0.1203660363097252,-0.0087664705308358182,-0.0017295409567724407,0.1372282161964882,-0.040528738027307699,0.1009353900287164,0.11301876328887923,0.0063782791776091372,0.15777833942493036,0.10398957495534399,0.10711696441298893
1270,0.890625,0.515625,0.1039559084815322,0.11863649535295309,0.15773854613838673,0.11272237901236831,0.12036603630972532,-0.0087664705308361096,-0.0017295409567722325,0.13722821619648817,-0.040528738027307637,0.1009353900287164,0.11301876328887923,0.0063782791776092924,0.1577783394249303,0.10398957495534382,0.10711696441298897
1271,0.859375,0.484375,0.19268604760184327,0.11222844737800772,0.22298685463788681,0.19185826717884386,0.1053121389012803,0.00082778042299941346,0.0069163084767274174,0.17786124205102755,-0.059533193801537113,0.19355444018424067,0.1301047928271781,0.017897425297937062,0.19028621190259964,0.19476026866162241,0.12297578148976562
1272,0.859375,0.515625,0.1926860476018433,0.1122284473780077,0.22298685463788681,0.19185826717884386,0.10531213890128042,0.00082778042299944121,0.0069163084767272787,0.17786124205102749,-0.059533193801537057,0.19355444018424067,0.1301047928271781,0.017897425297937072,0.19028621190259962,0.1947602686616223,0.12297578148976572
1273,0.609375,0.984375,-0.0015513131056339824,-0.006249338683182319,0.0064390066259346771,0.0058028674298592417,-0.0096466699033467152,-0.0073541805354932245,0.0033973312201643962,0.03916059061478018,-0.06149502603082406,0.00055555214176807586,-0.0033862821168837562,0.003554711531550184,0.069763709152815545,0.00019192731630405475,-0.0050502049593458744
1274,0.640625,0.984375,0.0028287968507514538,-0.0036003556476159626,0.0045787173326316509,0.0034657892794232965,-0.010237131390930269,-0.00063699242867184267,0.0066367757433143069,0.044310151956435034,-0.05903732336852098,0.0012872171939643793,-0.0029406043801994647,0.0016768242522928363,0.070695224710234275,0.0013057099330819537,-0.0048773432477498104
1275,0.390625,0.984375,-0.0047325448637076505,-0.0015459130440622377,0.0049786371656114327,-0.0091854208461132,0.0052156598970020916,0.0044528759824055495,-0.0067615729410643293,-0.051447801776381433,-0.0042910626951728047,-0.0034310789931419291,5.6935930395438091e-05,0.002064688414063346,0.048213180344076192,-0.0038717549799666918,0.00035887667367135372
1276,0.359375,0.984375,-0.0022162345873898634,0.0033448739388688021,0.0040124652538391925,-0.0090805973005402933,0.002559356630634578,0.0068643627131504299,0.00078551730823422407,-0.052576546403701171,-0.0001627132260693517,-0.0030966013388480243,0.00084566090930728857,0.0026497379840661668,0.049490219054049274,-0.0033918892722271205,0.0011640844049464263
1277,0.515625,0.890625,-0.085074477951044947,-0.12739280428536448,0.15318809804397995,-0.086356707704999799,-0.12783723003441866,0.0012822297539548527,0.00044442574905417809,-0.099628949903293476,-0.14435692306079917,-0.083976069983625792,-0.12613173068543063,0.0016723655961960017,0.024024368605620575,-0.084361792345039294,-0.12538060691863812
1278,0.484375,0.890625,-0.1145010703013758,-0.10172778994833626,0.15316343672016969,-0.11469680808512007,-0.10296749528090304,0.00019573778374427919,0.0012397053325667873,-0.12691654032376376,-0.11597385789320906,-0.11257094689277819,-0.10143458843639151,0.0019522662469609838,0.020425141547247207,-0.11252791773481506,-0.10062871589907676
1279,0.515625,0.859375,-0.12969622246070009,-0.19033961130943602,0.23032645908362892,-0.13840658141856407,-0.18782657804896197,0.008710358957863984,-0.0025130332604740568,-0.14960190198763373,-0.19066251574084214,-0.12924690515598464,-0.19412834913849558,0.0038152877188573453,0.020647951403389507,-0.12949900860081009,-0.19278976146617635
1280,0.484375,0.859375,-0.17050582053957714,-0.15469674978341424,0.23022449746155763,-0.16674668179868435,-0.16295684329544635,-0.0037591387408927868,0.0082600935120321073,-0.17688949240810403,-0.16227945057325199,-0.17325705405369926,-0.15611717282948492,0.0030962699299378737,0.0071532003599702005,-0.17291229589148135,-0.15482067736126784
1281,0.234375,0.140625,-0.03803345878823769,0.11462885732935559,0.12077383375562081,-0.041233533634288146,0.11879364186721648,0.0032000748460504561,-0.0041647845378608994,-0.048164182731146303,0.12084923229666716,-0.036060409948385212,0.11486102122076589,0.0019866609667776687,0.013504072995443076,-0.036355273646445994,0.11404032447095931
1282,0.265625,0.140625,-0.07370502879554415,0.11708365891874618,0.13835105512988791,-0.06603933087353174,0.11998035341591348,-0.00766569792201241,-0.0028966944971672987,-0.072928389206614999,0.12088138543216226,-0.074870325113389743,0.12097243337791629,0.0040596160289709934,0.0019440691331449808,-0.074784063327009029,0.12006700744490198
1283,0.234375,0.109375,-0.022884934520751566,0.075959906955952589,0.079332387413817707,-0.024748621071399614,0.077255977872548384,0.0018636865506480478,-0.0012960709165957957,-0.035172532863230167,0.084247984386973909,-0.02342966360246046,0.074629076377378437,0.0014379985400991987,0.015179537864262866,-0.023680781542546318,0.074040904380292427
1284,0.265625,0.109375,-0.048583755585675771,0.078787828909501631,0.092562969329433156,-0.049554418310643208,0.078442689421245368,0.00097066272496743738,0.00034513948825626306,-0.059936739338698863,0.084280137522469017,-0.048645773404251649,0.07859986681439711,0.00019792917677035813,0.012639279530488563,-0.048626732353814157,0.077967064732397395
1285,0.140625,0.234375,0.046422681179856887,0.10692195507488687,0.11656487380408716,0.040712636212966453,0.10807144811664637,0.0057100449668904332,-0.0011494930417595001,0.020800929550266821,0.11111991017056924,0.05190872351367648,0.10862270381786453,0.005743623140074634,0.03120786575269022,0.050698129197826812,0.10864799050678912
1286,0.140625,0.265625,0.052898756688743595,0.12649210461293631,0.13710773497007717,0.052568092321846879,0.12191847342944337,0.00033066436689671574,0.0045736311834929377,0.030233974295449433,0.12378099748370615,0.061342183349261101,0.12836289090661954,0.0086481960620796994,0.031443829567573148,0.059973309704433951,0.12843992390240699
1287,0.109375,0.234375,0.055319794352636419,0.06004076665834579,0.08164051266460734,0.054918927281484245,0.064745169349172335,0.00040086707115217363,-0.0047044026908265452,0.033205462545050718,0.07238755114472982,0.050139101124452135,0.060037644156787216,0.0051806941691795016,0.020958728924928286,0.049206401154322274,0.060469076313246779
1288,0.109375,0.265625,0.064701003011591929,0.073248347001193981,0.097731981096841336,0.066774383390364678,0.078592194661969331,-0.0020733803787727489,-0.0053438476607753499,0.04263850729023333,0.085048638457866726,0.059250964499886843,0.070948386445161021,0.0059154660288413471,0.021789695761170697,0.058206765616542491,0.071497117876625771
1289,0.359375,0.265625,-0.49932364234234611,0.13065727816527492,0.51613508322878532,-0.50426111716881894,0.12193500147320603,0.0049374748264728319,0.0087222766920688893,-0.43174625949132123,0.11473504245686517,-0.49807845586342092,0.1360218619709454,0.0055071997217606052,0.069664115300288015,-0.49517713258077539,0.13548545529547013
1290,0.359375,0.234375,-0.42230259347292515,0.11269780958643291,0.43708154472539629,-0.42056860817353359,0.1077041791407212,-0.0017339852993915605,0.0049936304457117164,-0.36228917434054475,0.09815395564627219,-0.42148184889875889,0.11510384598904762,0.0025421708885774103,0.061571677774661653,-0.41900796152647718,0.11461878375352087
1291,0.390625,0.265625,-0.54429906595323208,0.013712844548850349,0.54447177640643762,-0.53993090186506754,0.023064292730362146,-0.0043681640881645389,-0.009351448181511797,-0.46759881708042561,0.027699852398025561,-0.55187812050914609,0.0091579629378629561,0.0088424552275729405,0.086294858776077871,-0.54865643807553932,0.0096819636956167188
1292,0.390625,0.234375,-0.46201561294405263,0.011649272311256712,0.46216245211986928,-0.45623839286978207,0.0088334703978773174,-0.0057772200742705615,0.0028158019133793944,-0.39814173192964913,0.011118765587432598,-0.46700797406654038,0.0077496127482679627,0.0063349044416263047,0.068948607650267932,-0.464266514692387,0.0081726459794386561
1293,0.265625,0.359375,-0.26464118333204439,0.4309218733622685,0.50569617049907711,-0.26621531797457842,0.4217480645470027,0.0015741346425340308,0.0091738088152658048,-0.24689156918480251,0.35683869451898959,-0.27172068865118543,0.43903526337671128,0.010767845331829668,0.085864783849131654,-0.27116470496453843,0.43651109125776066
1294,0.234375,0.359375,-0.13653434784350452,0.42177682177034781,0.44332529312430036,-0.14586155563116901,0.42017755597861789,0.0093272077876644932,0.0015992657917299202,-0.14323723281337469,0.35288654188603841,-0.13087106820198594,0.41685561987366532,0.0075027304633679993,0.06515339565811637,-0.13146241117657792,0.41467025769969867
1295,0.265625,0.390625,-0.28317494769003687,0.45955333652335661,0.53979377553747743,-0.27842986852458712,0.45387273287495455,-0.0047450791654497504,0.0056806036484020606,-0.25630685756024285,0.38461727661840517,-0.29047486097710895,0.46933749405114444,0.012207312256485402,0.091350794738445457,-0.28987664680829822,0.46667981028391692
1296,0.234375,0.390625,-0.14729473347350117,0.4507238895018007,0.47418115006467854,-0.15807610618117768,0.45230222430656974,0.010781372707676512,-0.0015783348047690438,-0.15265252118881506,0.38066512398545393,-0.1399037943360216,0.44562701070499161,0.0089779816664598572,0.066201032941557506,-0.14052463490235273,0.44333117434999619
1297,0.765625,0.140625,0.11934413326428882,-0.023873013075475819,0.12170843396374044,0.12389138110957493,-0.02640460245688343,-0.0045472478452861093,0.0025315893814076111,0.12570912284789659,-0.081358737081616131,0.1188854894269905,-0.018964381488141432,0.0049300119908240207,0.062766373027186101,0.11853510413413228,-0.022278167649524904
1298,0.734375,0.140625,0.12640154198927764,-0.058782018762976132,0.13940113179998934,0.12813243244546399,-0.050784800667929966,-0.0017308904561863514,-0.0079972180950461658,0.12277314217349822,-0.10433673252624628,0.13057870941179922,-0.056472080431908746,0.0047733156997112587,0.048496925676001452,0.12945562975104277,-0.059401039227844787
1299,0.765625,0.109375,0.079208802005876891,-0.014153850008956236,0.080463443782143929,0.080823473112314415,-0.015836615460620984,-0.0016146711064375235,0.0016827654516647483,0.099018405093918085,-0.06250546194140319,0.077243908998127997,-0.012321797764691783,0.0026864884063801421,0.054704011099978085,0.077503820345046298,-0.015215441819032845
1300,0.734375,0.109375,0.08532932509155905,-0.039207327497802265,0.093905847795016956,0.085064524448203477,-0.040216813671667524,0.00026480064335557274,0.0010094861738652594,0.096082424419519724,-0.085483457386033343,0.084841388091288009,-0.036691813802021446,0.0025623995921585643,0.050069805086118267,0.084432320007170145,-0.039374953875618533
1301,0.859375,0.234375,0.10075604510156856,0.058116653883011432,0.11631563129290519,0.1026599228226785,0.052773221080486127,-0.0019038777211099339,0.0053434328025253053,0.12178276992636825,-0.042664110206443187,0.09991404676653147,0.067160930757831167,0.009083386228967932,0.11198116214545249,0.10177588589529113,0.0627061852263395
1302,0.859375,0.265625,0.11896889021589266,0.067027391688871743,0.13655133860865135,0.11450101053116432,0.066106413026319519,0.0044678796847283375,0.00092097866255222427,0.12908541773614707,-0.04294435900919942,0.11807159492766987,0.07936619992915947,0.012371391499134571,0.12280544418172305,0.11982035473776306,0.074369739680779312
1303,0.890625,0.234375,0.053762800047057475,0.06075150687896648,0.081124498500545414,0.058441108206453221,0.061055640058484288,-0.0046783081593957457,-0.00030413317951780844,0.099224765647049296,-0.027591789583012474,0.052103497445616244,0.058341012430362445,0.0029263917389680603,0.098004389589350926,0.055040363496066134,0.054815850935900884
1304,0.890625,0.265625,0.065325961768376725,0.071665376743316564,0.096971168419922205,0.070282195914939047,0.074388832004317673,-0.0049562341465623216,-0.0027234552610011092,0.10652741345682813,-0.027872038385768703,0.061572353876216124,0.068943422974789795,0.0046366587674841284,0.10674357563972724,0.064549881582340513,0.064935321302073482
1305,0.640625,0.265625,0.19805815191465645,-0.4768744417468298,0.51636834210784044,0.19013085835892563,-0.48298181912937027,0.0079272935557308244,0.0061073773825404687,0.087408246662808026,-0.44536558147901212,0.20704478302949197,-0.47298684225843241,0.0097914742800212524,0.1227836914287139,0.20222630968730057,-0.47207480631156001
1306,0.640625,0.234375,0.16964827380994532,-0.40328445674148361,0.43751444531120082,0.16443081014025329,-0.40228787383658832,0.0052174636696920296,-0.00099658290489529344,0.078202565504734561,-0.37903975985482391,0.17520456251181829,-0.40024892952714936,0.006331411344046846,0.099293586406936529,0.17106410072350789,-0.39974955444208798
1307,0.609375,0.265625,0.088737405694781848,-0.53743170458056178,0.54470832952857307,0.097350154798537064,-0.53181271866006741,-0.0086127491037552156,-0.0056189859204943682,0.0055950154828345033,-0.47527560168114513,0.089358791347160849,-0.54467268573965899,0.0072675943939781978,0.10877649297009689,0.085376893904454035,-0.54233557729090109
1308,0.609375,0.234375,0.075280300135134412,-0.45640574984822457,0.46257251548590311,0.071650106579864759,-0.45111877336728545,0.0036301935552696535,-0.0052869764809391206,-0.003610665675238961,-0.40894978005695692,0.075616819296210322,-0.46091062146473344,0.0045174233172239273,0.094746627458212593,0.072161492350171955,-0.45914604204462667
1309,0.734375,0.359375,0.46138909940933853,-0.20360926579251704,0.50431798914011416,0.45255971640067094,-0.20649353637888829,0.0088293830086675906,0.0028842705863712514,0.29104385615868822,-0.29104476787669459,0.47389852776546487,-0.2049494584307496,0.012581014033241935,0.20210945855405965,0.46786315999120082,-0.20924553520236769
1310,0.765625,0.359375,0.43471492083337621,-0.078630316611628878,0.44176893177951471,0.43445970455459537,-0.088086200929226366,0.0002552162787808343,0.0094558843175974877,0.29207680348479198,-0.20202119961063245,0.43146129002127076,-0.068825863785116959,0.010330218230452807,0.19279271919009203,0.42693690088353503,-0.07464082553683099
1311,0.734375,0.390625,0.4920816252708714,-0.21791088122913238,0.53817234979816586,0.48580735207577669,-0.21405974440168907,0.006274273195094715,-0.0038511368274433133,0.31118190847748639,-0.30110602923567653,0.50660702228177379,-0.2190950778923916,0.014573588441478861,0.21193577151026047,0.50010041258074545,-0.22349711213155277
1312,0.765625,0.390625,0.46462765807178258,-0.085236528894740121,0.47238133589642717,0.46770734022970117,-0.095652408952027146,-0.0030796821579185951,0.010415880057287025,0.31221485580359015,-0.21208246096961442,0.4612407647649539,-0.073576227536636868,0.012142226897633952,0.20345195561004359,0.4563150429036133,-0.079602407820347346
1313,0.859375,0.765625,0.10075604510156871,0.05811665388301239,0.1163156312929058,0.10265992282267897,0.052773221080487459,-0.0019038777211102531,0.0053434328025249306,0.12178276992636804,-0.042664110206442493,0.09991404676653147,0.067160930757831167,0.0090833862289669918,0.11198116214545177,0.10177588589529009,0.062706185226339944
1314,0.859375,0.734375,0.11896889021589294,0.067027391688872798,0.1365513386086521,0.11450101053116479,0.066106413026320809,0.0044678796847281432,0.00092097866255198835,0.1290854177361469,-0.04294435900919874,0.11807159492766987,0.07936619992915947,0.012371391499133539,0.12280544418172236,0.11982035473776192,0.074369739680779826
1315,0.890625,0.765625,0.053762800047057524,0.060751506878967423,0.081124498500546149,0.05844110820645345,0.061055640058485558,-0.0046783081593959261,-0.00030413317951813457,0.099224765647048949,-0.02759178958301188,0.052103497445616244,0.058341012430362445,0.0029263917389688652,0.09800438958935026,0.055040363496065087,0.054815850935901071
1316,0.890625,0.734375,0.065325961768376864,0.071665376743317549,0.096971168419923023,0.070282195914939269,0.074388832004318908,-0.0049562341465624049,-0.002723455261001359,0.10652741345682779,-0.027872038385768134,0.061572353876216124,0.068943422974789795,0.0046366587674848189,0.10674357563972658,0.064549881582339375,0.064935321302073731
1317,0.765625,0.859375,0.11934413326428993,-0.02387301307547508,0.12170843396374138,0.12389138110957612,-0.02640460245688242,-0.0045472478452861925,0.0025315893814073405,0.12570912284789693,-0.081358737081615451,0.1188854894269905,-0.018964381488141432,0.0049300119908233884,0.062766373027185449,0.1185351041341319,-0.02227816764952462
1318,0.734375,0.859375,0.12640154198927869,-0.058782018762975778,0.13940113179999014,0.12813243244546529,-0.050784800667929203,-0.0017308904561866012,-0.0079972180950465752,0.12277314217349869,-0.10433673252624574,0.13057870941179922,-0.056472080431908746,0.0047733156997101641,0.048496925676000842,0.12945562975104249,-0.0594010392278446
1319,0.765625,0.890625,0.079208802005877876,-0.01415385000895557,0.080463443782144789,0.080823473112315566,-0.015836615460619981,-0.0016146711064376901,0.0016827654516644117,0.099018405093918418,-0.062505461941402538,0.077243908998127997,-0.012321797764691783,0.0026864884063804084,0.05470401109997762,0.077503820345045979,-0.015215441819032793
1320,0.734375,0.890625,0.085329325091560215,-0.039207327497801807,0.093905847795017816,0.085064524448204712,-0.040216813671666768,0.00026480064335550335,0.001009486173864961,0.096082424419520168,-0.08548345738603283,0.084841388091288009,-0.036691813802021446,0.0025623995921583366,0.050069805086117865,0.084432320007169867,-0.03937495387561861
1321,0.734375,0.640625,0.46138909940933892,-0.20360926579251709,0.50431798914011461,0.45255971640067161,-0.20649353637888754,0.0088293830086673131,0.0028842705863704465,0.29104385615868844,-0.29104476787669409,0.47389852776546487,-0.2049494584307496,0.012581014033241543,0.20210945855405923,0.46786315999120037,-0.20924553520236613
1322,0.765625,0.640625,0.43471492083337759,-0.078630316611628753,0.44176893177951609,0.43445970455459609,-0.088086200929225464,0.00025521627878150044,0.0094558843175967106,0.29207680348479209,-0.20202119961063189,0.43146129002127076,-0.068825863785116959,0.010330218230453126,0.19279271919009158,0.42693690088353448,-0.07464082553682963
1323,0.734375,0.609375,0.49208162527087207,-0.21791088122913163,0.53817234979816608,0.48580735207577719,-0.21405974440168848,0.0062742731950948816,-0.0038511368274431468,0.31118190847748656,-0.3011060292356762,0.50660702228177379,-0.2190950778923916,0.014573588441478257,0.21193577151026016,0.50010041258074511,-0.22349711213155141
1324,0.765625,0.609375,0.46462765807178324,-0.085236528894739788,0.47238133589642778,0.46770734022970173,-0.09565240895202641,-0.0030796821579184841,0.010415880057286622,0.31221485580359021,-0.21208246096961397,0.4612407647649539,-0.073576227536636868,0.012142226897633819,0.20345195561004323,0.45631504290361302,-0.079602407820346166
1325,0.640625,0.734375,0.19805815191465689,-0.47687444174683064,0.51636834210784133,0.19013085835892626,-0.48298181912937077,0.0079272935557306301,0.0061073773825401356,0.087408246662808359,-0.4453655814790119,0.20704478302949197,-0.47298684225843241,0.0097914742800211743,0.12278369142871363,0.2022263096873001,-0.47207480631155857
1326,0.640625,0.765625,0.1696482738099454,-0.40328445674148389,0.43751444531120109,0.16443081014025412,-0.40228787383658882,0.0052174636696912802,-0.0009965829048950714,0.07820256550473495,-0.37903975985482374,0.17520456251181829,-0.40024892952714936,0.0063314113440469059,0.099293586406936182,0.17106410072350725,-0.39974955444208687
1327,0.609375,0.734375,0.088737405694782251,-0.53743170458056211,0.5447083295285734,0.097350154798537383,-0.53181271866006807,-0.0086127491037551324,-0.0056189859204940351,0.0055950154828347393,-0.47527560168114502,0.089358791347160849,-0.54467268573965899,0.0072675943939778309,0.10877649297009678,0.085376893904453563,-0.54233557729089965
1328,0.609375,0.765625,0.075280300135134773,-0.45640574984822507,0.46257251548590367,0.07165010657986523,-0.45111877336728612,0.0036301935552695425,-0.0052869764809389541,-0.0036106656752386626,-0.40894978005695687,0.075616819296210322,-0.46091062146473344,0.0045174233172234025,0.094746627458212385,0.072161492350171247,-0.45914604204462572
1329,0.140625,0.765625,0.046422681179857012,0.10692195507488736,0.11656487380408766,0.040712636212966322,0.10807144811664704,0.00571004496689069,-0.0011494930417596805,0.020800929550266904,0.11111991017056967,0.05190872351367648,0.10862270381786453,0.0057436231400743712,0.031207865752690172,0.050698129197826319,0.10864799050678954
1330,0.140625,0.734375,0.052898756688743644,0.12649210461293667,0.1371077349700775,0.052568092321846713,0.12191847342944399,0.00033066436689693085,0.0045736311834926741,0.030233974295449544,0.12378099748370658,0.061342183349261101,0.12836289090661954,0.0086481960620795745,0.031443829567572974,0.059973309704433618,0.12843992390240741
1331,0.109375,0.765625,0.055319794352636342,0.06004076665834613,0.081640512664607534,0.054918927281484169,0.06474516934917289,0.00040086707115217363,-0.0047044026908267603,0.033205462545050766,0.072387551144730153,0.050139101124452135,0.060037644156787216,0.0051806941691794253,0.020958728924928442,0.049206401154321844,0.060469076313246918
1332,0.109375,0.734375,0.06470100301159161,0.073248347001194161,0.097731981096841253,0.066774383390364553,0.078592194661969844,-0.0020733803787729432,-0.005343847660775683,0.042638507290233413,0.085048638457867046,0.059250964499886843,0.070948386445161021,0.0059154660288411234,0.021789695761170843,0.0582067656165422,0.071497117876625937
1333,0.234375,0.859375,-0.038033458788238238,0.11462885732935592,0.1207738337556213,-0.041233533634288541,0.11879364186721676,0.0032000748460503034,-0.0041647845378608439,-0.048164182731146594,0.12084923229666776,-0.036060409948385212,0.11486102122076589,0.0019866609667781739,0.013504072995443601,-0.036355273646447861,0.11404032447096014
1334,0.265625,0.859375,-0.073705028795544567,0.11708365891874639,0.13835105512988832,-0.06603933087353217,0.11998035341591368,-0.0076656979220123961,-0.0028966944971672848,-0.072928389206615415,0.12088138543216287,-0.074870325113389743,0.12097243337791629,0.0040596160289706751,0.0019440691331445363,-0.074784063327011249,0.12006700744490295
1335,0.234375,0.890625,-0.022884934520751996,0.075959906955952769,0.079332387413817998,-0.024748621071399954,0.077255977872548509,0.0018636865506479576,-0.0012960709165957401,-0.035172532863230549,0.084247984386974409,-0.02342966360246046,0.074629076377378437,0.0014379985400992028,0.015179537864263477,-0.02368078154254824,0.074040904380292857
1336,0.265625,0.890625,-0.048583755585676125,0.07878782890950177,0.092562969329433462,-0.049554418310643583,0.078442689421245423,0.0009706627249674582,0.00034513948825634633,-0.05993673933869937,0.084280137522469517,-0.048645773404251649,0.07859986681439711,0.00019792917677037902,0.012639279530489239,-0.048626732353816454,0.077967064732397867
1337,0.265625,0.640625,-0.26464118333204439,0.43092187336226889,0.50569617049907745,-0.26621531797457842,0.42174806454700275,0.0015741346425340308,0.0091738088152661379,-0.24689156918480235,0.35683869451899014,-0.27172068865118543,0.43903526337671128,0.010767845331829375,0.085864783849131168,-0.27116470496453754,0.43651109125776177
1338,0.234375,0.640625,-0.13653434784350471,0.42177682177034775,0.44332529312430036,-0.14586155563116909,0.42017755597861794,0.0093272077876643822,0.0015992657917298092,-0.1432372328133745,0.35288654188603896,-0.13087106820198594,0.41685561987366532,0.0075027304633681095,0.065153395658115787,-0.13146241117657723,0.4146702576996994
1339,0.265625,0.609375,-0.28317494769003665,0.45955333652335661,0.53979377553747732,-0.27842986852458707,0.45387273287495455,-0.0047450791654495839,0.0056806036484020606,-0.25630685756024274,0.38461727661840556,-0.29047486097710895,0.46933749405114444,0.012207312256485536,0.091350794738445137,-0.28987664680829706,0.46667981028391753
1340,0.234375,0.609375,-0.1472947334735013,0.45072388950180042,0.47418115006467831,-0.15807610618117768,0.45230222430656969,0.010781372707676373,-0.0015783348047692658,-0.15265252118881487,0.38066512398545438,-0.1399037943360216,0.44562701070499161,0.0089779816664598139,0.066201032941557034,-0.14052463490235192,0.44333117434999669
1341,0.359375,0.734375,-0.4993236423423465,0.13065727816527523,0.51613508322878587,-0.50426111716881972,0.12193500147320599,0.0049374748264732204,0.0087222766920692363,-0.43174625949132156,0.11473504245686569,-0.49807845586342092,0.1360218619709454,0.0055071997217603953,0.069664115300287544,-0.49517713258077628,0.13548545529547246
1342,0.359375,0.765625,-0.4223025934729257,0.11269780958643286,0.43708154472539679,-0.42056860817353436,0.10770417914072111,-0.0017339852993913385,0.0049936304457117442,-0.36228917434054519,0.098153955646272717,-0.42148184889875889,0.11510384598904762,0.0025421708885776423,0.061571677774661077,-0.41900796152647901,0.11461878375352305
1343,0.390625,0.734375,-0.54429906595323285,0.013712844548850571,0.5444717764064384,-0.53993090186506831,0.023064292730361952,-0.0043681640881645389,-0.0093514481815113806,-0.46759881708042605,0.027699852398025936,-0.55187812050914609,0.0091579629378629561,0.0088424552275723888,0.086294858776077524,-0.54865643807554021,0.0096819636956191387
1344,0.390625,0.765625,-0.46201561294405319,0.011649272311257161,0.46216245211986984,-0.45623839286978296,0.0088334703978770746,-0.0057772200742702284,0.0028158019133800866,-0.39814173192964963,0.011118765587432966,-0.46700797406654038,0.0077496127482679627,0.0063349044416261433,0.06894860765026746,-0.464266514692389,0.0081726459794407898
1345,0.046875,0.046875,0.0045308445519648324,-0.00093812486702499404,0.0046269461440781937,0.008255782334140916,0.0061810888694349194,-0.0037249377821760837,-0.0071192137364599131,0.0065173400560592492,0.0094592028197506457,0.00094912730416141819,0.00037360173085458561,0.0038143577586268961,0.01065613158688212,0.00084623498037104375,0.00034571043184035329
1346,0.078125,0.078125,0.013821235131305168,0.0012961747849246962,0.013881880622880271,0.016089748688085794,0.013264153401638615,-0.0022685135567806266,-0.01196797861671392,0.012572868386533763,0.018351326974478815,0.0055858509294528557,0.0040301045352948177,0.0086773224460127939,0.015934736430143443,0.0053465310516326451,0.0040724225557478982
1347,0.078125,0.046875,0.0069060019896599704,-0.0010432239636796732,0.0069843524910748172,0.0088262516102954221,0.0064047980386272765,-0.0019202496206354516,-0.0074480220023069501,0.0082496545459184306,0.011771760072002509,0.002149549690048224,0.0015508666565066148,0.0054178542453835309,0.011902854341019998,0.0019709324306599269,0.0015331948811005542
1348,0.046875,0.078125,0.0072085914016878534,-0.00072796838829674746,0.0072452555490367223,0.0086028464622002719,0.0064135886634648009,-0.0013942550605124185,-0.0071415570517615479,0.0065149509323875372,0.010919574141633933,0.002466415946867551,0.00097084686397385159,0.0050372811422083009,0.01074094083282452,0.0023498319826172993,0.00099422715050214035
1349,0.953125,0.046875,0.00056338620647794848,0.0052868337612577004,0.0053167673671906937,0.0067613119164757676,0.0099949203328688289,-0.0061979257099978192,-0.0047080865716111284,0.03662116866120025,0.020491368748720699,0.00023152789852958885,0.00099338598993781667,0.0043062540219552794,0.041284104525810134,0.0023774193920255548,0.0020094345165349438
1350,0.921875,0.078125,0.0018537954666088155,0.013938835157405014,0.014061567593171448,0.012931472213446545,0.017783412299628324,-0.011077676746837729,-0.0038445771422233096,0.048105132331697609,0.0077772934519735396,0.0031744756576629536,0.0061127880276007074,0.0079367001861580383,0.044961477816768229,0.0058011130488106587,0.0060426768031086615
1351,0.921875,0.046875,0.00051544194662186342,0.0070889084829087639,0.0071076229415602214,0.0072068381632058656,0.010102068730252359,-0.0066913962165840021,-0.0030131602473435952,0.040442842807355453,0.014462066189822124,0.0012216031634527393,0.0023523258633303084,0.0047889329266809291,0.041048160129042423,0.0036141329151086489,0.0027710556584389758
1352,0.953125,0.078125,0.00061222958248260202,0.0077836068254081223,0.0078076475505882521,0.0072862367760045694,0.010058916902465449,-0.0066740071935219676,-0.0022753100770573267,0.045560315973399559,0.01294377318295949,0.00060165174742564636,0.00258142720816801,0.0052021903714323048,0.046137400263616325,0.0030856601749948325,0.00321642771598739
1353,0.953125,0.953125,0.00056338620647734176,0.0052868337612579771,0.0053167673671909044,0.0067613119164753547,0.0099949203328691793,-0.0061979257099980126,-0.0047080865716112022,0.036621168661199799,0.020491368748720748,0.00023152789852958885,0.00099338598993781667,0.0043062540219555093,0.041284104525809759,0.0023774193920253462,0.002009434516534475
1354,0.921875,0.921875,0.0018537954666083204,0.013938835157405748,0.014061567593172111,0.012931472213446395,0.017783412299629053,-0.011077676746838076,-0.0038445771422233044,0.048105132331697179,0.0077772934519738518,0.0031744756576629536,0.0061127880276007074,0.0079367001861588432,0.044961477816767806,0.0058011130488102242,0.0060426768031083128
1355,0.953125,0.921875,0.00061222958248208855,0.007783606825408405,0.0078076475505884932,0.0072862367760041444,0.010058916902465928,-0.006674007193522056,-0.0022753100770575227,0.045560315973399095,0.012943773182959611,0.00060165174742564636,0.00258142720816801,0.0052021903714325858,0.046137400263615902,0.0030856601749944803,0.003216427715986926
1356,0.921875,0.953125,0.00051544194662142692,0.0070889084829093363,0.00710762294156076,0.0072068381632055274,0.010102068730252978,-0.0066913962165841001,-0.0030131602473436421,0.040442842807355009,0.014462066189822351,0.0012216031634527393,0.0023523258633303084,0.0047889329266815597,0.041048160129042062,0.0036141329151083588,0.0027710556584385881
1357,0.046875,0.953125,0.0045308445519647474,-0.00093812486702498396,0.0046269461440781087,0.0082557823341409507,0.0061810888694349645,-0.0037249377821762034,-0.0071192137364599487,0.0065173400560591711,0.0094592028197506232,0.00094912730416141819,0.00037360173085458561,0.0038143577586268128,0.010656131586882061,0.0008462349803709234,0.00034571043183967827
1358,0.078125,0.921875,0.013821235131305107,0.0012961747849245557,0.013881880622880198,0.016089748688085759,0.01326415340163874,-0.0022685135567806526,-0.011967978616714184,0.012572868386533705,0.018351326974478901,0.0055858509294528557,0.0040301045352948177,0.0086773224460127817,0.015934736430143495,0.0053465310516322235,0.0040724225557473058
1359,0.046875,0.921875,0.0072085914016879228,-0.00072796838829677717,0.0072452555490367943,0.0086028464622002771,0.0064135886634648616,-0.0013942550605123543,-0.007141557051761639,0.0065149509323874462,0.010919574141633952,0.002466415946867551,0.00097084686397385159,0.0050372811422083755,0.010740940832824503,0.0023498319826170603,0.00099422715050149981
1360,0.078125,0.953125,0.006906001989660078,-0.0010432239636797714,0.0069843524910749378,0.0088262516102954464,0.0064047980386273832,-0.0019202496206353684,-0.0074480220023071548,0.0082496545459183317,0.011771760072002533,0.002149549690048224,0.0015508666565066148,0.0054178542453836723,0.011902854341019968,0.0019709324306596177,0.0015331948810998824
1361,0.453125,0.453125,-0.81980071730676896,-0.45533544593604341,0.93776520751330306,-0.76813584090232601,-0.4661098748216278,-0.05166487640444295,0.010774428885584386,-0.70481470932819201,-0.35596862626580372,-0.85469639572006872,-0.44867237374221552,0.035526115788031172,0.17623423251980078,-0.85062319577805101,-0.44404723990771588
1362,0.421875,0.421875,-0.84528445289597354,-0.19903363329067161,0.86840094051568761,-0.79693980520428731,-0.22077431639321721,-0.048344647691686227,0.021740683102545594,-0.71573449444800152,-0.14774300264937193,-0.88129876858933276,-0.2095203162665204,0.03751001805780553,0.17671436090396672,-0.87649796818069059,-0.20675091780547813
1363,0.453125,0.421875,-0.79540045228674938,-0.42989368348072887,0.90414072941915113,-0.73911452667334698,-0.43272437396123542,-0.056285925613402399,0.002830690480506548,-0.66871462818244076,-0.32100354438565726,-0.82796268545708385,-0.43463852815366044,0.032906117668443924,0.19563448898827207,-0.82401584672171135,-0.4301738742290655
1364,0.421875,0.453125,-0.87519270314314468,-0.21585845797149342,0.90141951471711301,-0.81610889089335881,-0.2201217620485606,-0.059083812249785872,0.0042633040770671815,-0.718498214090876,-0.15434613763027444,-0.90975462336204604,-0.21628542238502366,0.034564557393783071,0.20103603926468311,-0.90480310190595048,-0.21341137576089278
1365,0.546875,0.453125,-0.33703208226865666,-0.87511908539990679,0.93777611299793506,-0.35493786812009259,-0.82549338195797506,0.017905785851435929,-0.049625703441931734,-0.38696363914023191,-0.68983854707291736,-0.31953935852057891,-0.91088277301341447,0.03981251983789931,0.23109864438960098,-0.3213762373435548,-0.90397449804671415
1366,0.578125,0.421875,-0.079994688750514631,-0.86444772637359257,0.86814113015152394,-0.10827651723389808,-0.81974682828712919,0.028281828483383453,-0.044700898086463381,-0.18598271080140136,-0.70419287066122815,-0.07906165210818368,-0.90240541754325787,0.037969156908043387,0.22521173711318718,-0.083085392900830529,-0.8964553415051002
1367,0.546875,0.421875,-0.31522386714312678,-0.84737718077959956,0.90410960227322534,-0.32591655389111363,-0.79210788109758257,0.010692686747986846,-0.055269299682016992,-0.35086355799448066,-0.6548734651927709,-0.30954461340279676,-0.88239163129429066,0.035472040650247401,0.2312396399590031,-0.31133435619796151,-0.87573226519239822
1368,0.578125,0.453125,-0.092487617044090059,-0.89641432500871077,0.90117290315860965,-0.10499528627994387,-0.83857599352970147,0.012507669235853808,-0.057838331479009297,-0.19490646428224243,-0.70686683774613179,-0.081614437804324369,-0.93154277529632012,0.036772735095300074,0.251623449180575,-0.085755936933623308,-0.92535621389682932
1369,0.546875,0.546875,-0.33703208226865689,-0.87511908539990702,0.9377761129979354,-0.3549378681200927,-0.82549338195797517,0.017905785851435818,-0.049625703441931845,-0.38696363914023185,-0.68983854707291736,-0.31953935852057891,-0.91088277301341447,0.039812519837899206,0.23109864438960095,-0.32137623734355386,-0.90397449804671226
1370,0.578125,0.578125,-0.079994688750515547,-0.86444772637359291,0.86814113015152439,-0.10827651723389831,-0.81974682828712941,0.028281828483382759,-0.044700898086463492,-0.18598271080140127,-0.70419287066122804,-0.07906165210818368,-0.90240541754325787,0.037969156908043082,0.22521173711318723,-0.083085392900830016,-0.89645534150509831
1371,0.578125,0.546875,-0.092487617044090642,-0.89641432500871088,0.90117290315860976,-0.10499528627994398,-0.83857599352970169,0.012507669235853336,-0.057838331479009186,-0.1949064642822424,-0.70686683774613179,-0.081614437804324369,-0.93154277529632012,0.036772735095300137,0.251623449180575,-0.085755936933622962,-0.92535621389682798
1372,0.546875,0.578125,-0.31522386714312756,-0.8473771807796,0.90410960227322612,-0.32591655389111424,-0.79210788109758334,0.010692686747986679,-0.055269299682016659,-0.35086355799448066,-0.6548734651927709,-0.30954461340279676,-0.88239163129429066,0.035472040650247089,0.2312396399590031,-0.31133435619796063,-0.87573226519239566
1373,0.453125,0.546875,-0.8198007173067694,-0.45533544593604369,0.93776520751330361,-0.76813584090232601,-0.4661098748216278,-0.051664876404443394,0.010774428885584109,-0.70481470932819201,-0.35596862626580361,-0.85469639572006872,-0.44867237374221552,0.03552611578803079,0.17623423251980083,-0.8506231957780499,-0.44404723990771439
1374,0.421875,0.578125,-0.84528445289597409,-0.19903363329067197,0.86840094051568828,-0.79693980520428709,-0.22077431639321721,-0.048344647691687004,0.021740683102545233,-0.71573449444800175,-0.14774300264937176,-0.88129876858933276,-0.2095203162665204,0.037510018057804899,0.17671436090396656,-0.87649796818068904,-0.20675091780547658
1375,0.421875,0.546875,-0.87519270314314412,-0.21585845797149295,0.90141951471711235,-0.81610889089335881,-0.2201217620485606,-0.059083812249785317,0.0042633040770676534,-0.718498214090876,-0.15434613763027433,-0.90975462336204604,-0.21628542238502366,0.034564557393783633,0.20103603926468314,-0.90480310190594937,-0.21341137576089167
1376,0.453125,0.578125,-0.79540045228675038,-0.42989368348072909,0.90414072941915202,-0.73911452667334754,-0.43272437396123592,-0.056285925613402843,0.0028306904805068256,-0.66871462818244076,-0.32100354438565709,-0.82796268545708385,-0.43463852815366044,0.032906117668442897,0.19563448898827218,-0.82401584672170991,-0.43017387422906372
1377,0.453125,0.046875,-0.039137666054960218,-0.0080880791842288073,0.039964658501230065,-0.056608736765402741,0.021470356902750024,0.017471070710442523,-0.029558436086978831,-0.063857571661924281,-0.0045038312882543022,-0.02778318095199532,-0.014584764613800923,0.013081714471898032,0.037456466488534734,-0.028164478515949259,-0.014406299364716157
1378,0.421875,0.078125,-0.087096936759912286,-0.014683110493263939,0.08832593122474032,-0.10220751393721991,0.026235191177458036,0.015110577177307627,-0.040918301670721975,-0.10889753936575618,0.010076396543260192,-0.076848645779399705,-0.018270027307681996,0.01085787457354387,0.042786111359258451,-0.076646172637369184,-0.017945008206454355
1379,0.421875,0.046875,-0.041285298192394237,-0.0028480786444123789,0.041383419370560337,-0.056000557182911886,0.017640402659070319,0.014715258990517649,-0.020488481303482697,-0.074734304268020413,0.00042716751994449804,-0.029572930749857129,-0.0070306802011716445,0.012436788447650313,0.045773017714352382,-0.029789650152359487,-0.0067959839907277145
1380,0.453125,0.078125,-0.080147280072505545,-0.034956781364329524,0.08743891048254307,-0.091171019595914199,-0.018420649066898009,0.011023739523408654,-0.016536132297431515,-0.099890550450481258,-0.036800430879400867,-0.072197776056239144,-0.037900180373138206,0.0084769223088153618,0.027714602696040355,-0.072195401620126137,-0.037495690796040149
1381,0.546875,0.046875,-0.0022143346777570559,-0.038971703156581224,0.039034560648094921,0.028411564374957607,-0.053138847357796781,-0.030625899052714664,0.014167144201215558,0.018005199599485988,-0.089653026791024451,-0.010387103377898679,-0.029609602936684933,0.012427512573053256,0.06641788626952437,-0.011163575728923895,-0.030138771111848584
1382,0.578125,0.078125,-0.0025995676112320169,-0.08853210277203577,0.08857026009335002,0.039492987963380667,-0.098113482590119969,-0.042092555574612681,0.0095813798180841986,0.027540412736594258,-0.13183892929469004,-0.0068941216238407425,-0.078689131034640258,0.010739054278211863,0.063329599806914702,-0.0078420556682096392,-0.079120475195395015
1383,0.578125,0.046875,0.0029943183595570869,-0.041211327050722821,0.041319963936576942,0.024569139922732203,-0.053632999950421041,-0.021574821563175115,0.01242167289969822,0.028235400983619936,-0.094328994038846037,-0.0026529990124769046,-0.030281187121161363,0.012302851392269625,0.071107065930777175,-0.0034195952165063763,-0.031187726693799215
1384,0.546875,0.078125,-0.023615736375577862,-0.083997634368329271,0.087254258257327036,-0.006150718455553858,-0.093029853327444817,-0.017465017920024004,0.0090322189591155455,-0.018027779189070982,-0.12194962638217101,-0.026992077143588419,-0.076943942654752503,0.0078201178873410649,0.045889761446207024,-0.027770786082166543,-0.076988117657199914
1385,0.046875,0.453125,0.038703028944101804,0.020972868588368214,0.0440202869853542,0.04064764519683009,0.02803427901878594,-0.0019446162527282859,-0.0070614104304177264,0.027119371299400469,0.038669231084000479,0.029198085249774464,0.011493142320453446,0.013424200711659756,0.027255473802002904,0.029359490671475631,0.0126970578666179
1386,0.078125,0.421875,0.08496179002636832,0.065114148263400451,0.10704372036020046,0.073462325954116656,0.070686548492199575,0.011499464072251664,-0.0055724002287991237,0.05511983031712285,0.076392823335066792,0.064058429341509682,0.046217160084214462,0.028178833371266254,0.031471720721111027,0.063382480542642131,0.047559048303990305
1387,0.046875,0.421875,0.045282290919613083,0.023036621697063085,0.050805234082150152,0.040810461185722111,0.033313580393409051,0.0044718297338909724,-0.010276958696345966,0.029703123084596814,0.048641688961242879,0.028284809898187449,0.011133652870930972,0.020750783791211296,0.03753484226218199,0.028435278973880443,0.012287048466316267
1388,0.078125,0.453125,0.07892723848977698,0.062837695767420279,0.10088649555307688,0.073873739538447086,0.075582382395052203,0.0050534989513298934,-0.012744686627631924,0.049699379290078893,0.083026315037900311,0.066126782807188381,0.047709444928171259,0.019817054249740385,0.038950492945037482,0.065437543776645971,0.049108424204779344
1389,0.046875,0.546875,0.038703028944101665,0.020972868588367832,0.044020286985353894,0.040647645196829917,0.028034279018785926,-0.0019446162527282512,-0.0070614104304180941,0.027119371299400546,0.038669231084000569,0.029198085249774464,0.011493142320453446,0.013424200711659388,0.027255473802002991,0.029359490671475579,0.012697057866617767
1390,0.078125,0.578125,0.084961790026368028,0.065114148263400118,0.10704372036020003,0.073462325954116378,0.070686548492199575,0.01149946407225165,-0.0055724002287994567,0.055119830317122982,0.076392823335066959,0.064058429341509682,0.046217160084214462,0.028178833371265817,0.031471720721111145,0.063382480542642061,0.047559048303990152
1391,0.046875,0.578125,0.045282290919612909,0.023036621697063216,0.050805234082150055,0.040810461185721944,0.033313580393408961,0.0044718297338909654,-0.010276958696345744,0.029703123084596873,0.048641688961243011,0.028284809898187449,0.011133652870930972,0.02075078379121123,0.037534842262182122,0.028435278973880356,0.012287048466316057
1392,0.078125,0.546875,0.078927238489776827,0.062837695767420071,0.10088649555307663,0.07387373953844692,0.075582382395052189,0.0050534989513299072,-0.012744686627632118,0.049699379290078963,0.083026315037900408,0.066126782807188381,0.047709444928171259,0.019817054249740128,0.038950492945037538,0.065437543776645929,0.049108424204779205
1393,0.953125,0.453125,0.018457501002425537,0.039223592523871462,0.043349389312114246,0.025424560270021632,0.04164752762183211,-0.0069670592675960957,-0.0024239350979606486,0.10544761285147848,-0.058821677178715753,0.0071225127433678422,0.030559619023670073,0.01426696869153247,0.13287904809295034,0.011947122474689913,0.028205198456027442
1394,0.921875,0.421875,0.05478054850757192,0.090136715890987096,0.10547765662168915,0.062020901892728728,0.07944119089967315,-0.0072403533851568072,0.010695524991313946,0.1127694718371568,-0.040707330273308265,0.036404824829914223,0.070101333689555109,0.027186094986869434,0.13457384337892539,0.040654167967361515,0.066048859021600279
1395,0.953125,0.421875,0.01956723607671745,0.045800829298391986,0.049805548808365067,0.030549215058345458,0.042700754033741205,-0.010981978981628008,0.0031000752646507812,0.11031500863178599,-0.047899909641919716,0.0068997304864411657,0.029603756796080231,0.020562365027516277,0.12923443064915707,0.011670580782084853,0.02733190461823715
1396,0.921875,0.453125,0.053251164992820281,0.084017107829683482,0.099471407857520691,0.066722613725039556,0.080484918277076822,-0.013471448732219275,0.0035321895526066599,0.11848176696170783,-0.046685915159777241,0.037580283647409549,0.072364803743004177,0.019528254214608774,0.14393791603925202,0.041865523385097331,0.068196506562462747
1397,0.953125,0.546875,0.018457501002425641,0.03922359252387194,0.043349389312114725,0.025424560270021667,0.041647527621832478,-0.0069670592675960263,-0.0024239350979605376,0.10544761285147838,-0.058821677178715559,0.0071225127433678422,0.030559619023670073,0.014266968691532843,0.13287904809295015,0.011947122474689618,0.028205198456027359
1398,0.921875,0.578125,0.054780548507571712,0.090136715890987554,0.10547765662168944,0.062020901892728783,0.079441190899673747,-0.0072403533851570709,0.010695524991313807,0.11276947183715663,-0.040707330273307946,0.036404824829914223,0.070101333689555109,0.027186094986869632,0.13457384337892503,0.040654167967361023,0.06604885902160032
1399,0.953125,0.578125,0.01956723607671719,0.045800829298392555,0.049805548808365484,0.030549215058345347,0.04270075403374176,-0.010981978981628157,0.0031000752646507951,0.11031500863178581,-0.047899909641919501,0.0068997304864411657,0.029603756796080231,0.020562365027516565,0.12923443064915682,0.011670580782084399,0.027331904618237063
1400,0.921875,0.546875,0.053251164992820399,0.08401710782968369,0.099471407857520927,0.066722613725039598,0.080484918277077183,-0.013471448732219199,0.0035321895526065072,0.11848176696170773,-0.046685915159777047,0.037580283647409549,0.072364803743004177,0.019528254214608992,0.1439379160392518,0.041865523385096998,0.068196506562462775
1401,0.546875,0.953125,-0.0022143346777566599,-0.038971703156582022,0.039034560648095691,0.028411564374958214,-0.053138847357797697,-0.030625899052714872,0.014167144201215676,0.018005199599486155,-0.089653026791025228,-0.010387103377898679,-0.029609602936684933,0.012427512573054118,0.066417886269525148,-0.011163575728925151,-0.030138771111850423
1402,0.578125,0.921875,-0.0025995676112315325,-0.0885321027720367,0.088570260093350936,0.039492987963381403,-0.098113482590120787,-0.042092555574612937,0.0095813798180840876,0.027540412736594602,-0.13183892929469065,-0.0068941216238407425,-0.078689131034640258,0.010739054278212909,0.063329599806915396,-0.0078420556682108188,-0.079120475195396348
1403,0.578125,0.953125,0.0029943183595578788,-0.04121132705072366,0.041319963936577837,0.024569139922732953,-0.053632999950421735,-0.021574821563175074,0.012421672899698075,0.028235400983620311,-0.094328994038846647,-0.0026529990124769046,-0.030281187121161363,0.012302851392270735,0.071107065930777896,-0.0034195952165072705,-0.031187726693800901
1404,0.546875,0.921875,-0.023615736375577453,-0.083997634368329979,0.087254258257327605,-0.0061507184555533966,-0.093029853327445719,-0.017465017920024056,0.0090322189591157398,-0.018027779189070909,-0.12194962638217169,-0.026992077143588419,-0.076943942654752503,0.0078201178873418802,0.045889761446207704,-0.027770786082168125,-0.076988117657201413
1405,0.453125,0.953125,-0.039137666054960309,-0.0080880791842300667,0.039964658501230411,-0.05660873676540263,0.021470356902749198,0.017471070710442321,-0.029558436086979265,-0.063857571661924711,-0.004503831288254859,-0.02778318095199532,-0.014584764613800923,0.013081714471897486,0.037456466488534998,-0.028164478515951507,-0.014406299364717861
1406,0.421875,0.921875,-0.087096936759912549,-0.014683110493264626,0.088325931224740695,-0.10220751393722002,0.026235191177457387,0.015110577177307474,-0.04091830167072201,-0.10889753936575686,0.010076396543259954,-0.076848645779399705,-0.018270027307681996,0.010857874573543893,0.042786111359258805,-0.076646172637372015,-0.017945008206455303
1407,0.421875,0.953125,-0.041285298192394564,-0.0028480786444133421,0.041383419370560733,-0.056000557182911942,0.017640402659069559,0.014715258990517378,-0.020488481303482901,-0.074734304268020996,0.00042716751994409624,-0.029572930749857129,-0.0070306802011716445,0.012436788447650296,0.045773017714352889,-0.029789650152361985,-0.0067959839907292489
1408,0.453125,0.921875,-0.0801472800725061,-0.034956781364330149,0.087438910482543833,-0.091171019595914241,-0.018420649066898817,0.011023739523408141,-0.016536132297431332,-0.099890550450481785,-0.036800430879401325,-0.072197776056239144,-0.037900180373138206,0.0084769223088156653,0.027714602696040862,-0.072195401620128719,-0.037495690796041301
1409,0.203125,0.203125,-0.018779605840577165,0.19093194935109994,0.19185328477390851,-0.064091790134249704,0.21231702589816145,0.045312184293672536,-0.02138507654706151,-0.060166924711697184,0.19904769619924315,-0.0095207316020975083,0.17547529755561464,0.018017625728459934,0.055863179772628418,-0.010358609889463327,0.17454927799854436
1410,0.171875,0.171875,0.0062225760349400453,0.10910667586632378,0.1092839749053339,-0.027318794792948586,0.13694571561887453,0.033541370827888634,-0.027839039752550754,-0.027437690474120102,0.13210442300217429,0.020440923417072755,0.10306140363310627,0.015450136525374481,0.055998737862687456,0.019548294589016597,0.10264978007229721
1411,0.203125,0.171875,-0.016711532658530277,0.14330475080271393,0.14427587090856553,-0.044214706187162146,0.15601879446141748,0.02750317352863187,-0.012714043658703544,-0.0452562659723212,0.15066711716602821,-0.007361738301621179,0.13568318832965998,0.012062622809619537,0.04074939693736334,-0.0080686996607268278,0.1349090424394562
1412,0.171875,0.203125,0.013308240839730394,0.142583871114495,0.14320359484399542,-0.016899316238077281,0.15244472987789412,0.030207557077807673,-0.0098608587633991218,-0.022267895211850158,0.14742400979066222,0.026435678311211169,0.13328644979272908,0.016086381128211064,0.050713988963710988,0.025371266271065653,0.13281779418502185
1413,0.296875,0.296875,-0.34962711543716252,0.30868365963435984,0.46639545621089867,-0.38958670883783669,0.25856962754170693,0.039959593400674176,0.050114032092652916,-0.34283079959043278,0.24888741603750736,-0.35007819943928103,0.33715294374001431,0.028472857500880331,0.088562566500588205,-0.3485559187463862,0.33510350679678641
1414,0.328125,0.328125,-0.53907813087567413,0.2748347775372566,0.6050945266091603,-0.56981032596559367,0.21403338502478364,0.030732195089919534,0.060801392512472963,-0.49854414860534602,0.21517062273261467,-0.52580455977835505,0.2986813113359334,0.027291846106246076,0.087847396821544937,-0.52299132493416856,0.29704976922810172
1415,0.328125,0.296875,-0.47432525816477261,0.24481706820695823,0.53377883755215383,-0.48788605065741641,0.1981793380132322,0.013560792492643803,0.046637730193726024,-0.42437373589570004,0.1929310270756624,-0.4713907723755465,0.26777176315119244,0.023141504420197533,0.088384034167231562,-0.4688563585697198,0.26626696827974095
1416,0.296875,0.328125,-0.39627215102272223,0.34961462783773889,0.52845246302226268,-0.40853745092600291,0.29811702570449777,0.01226529990328068,0.051497602133241116,-0.36275550579352711,0.27363224442970385,-0.3904885804542727,0.37607133094230888,0.027081484960828846,0.10612676323941792,-0.38879486762349552,0.37383889217496202
1417,0.296875,0.203125,-0.19586070600153338,0.19355402481174835,0.27536262759540553,-0.1385091818519805,0.21587716054425243,-0.057351524149552885,-0.022323135732504079,-0.13445954413810329,0.19914415560572846,-0.21050377764006065,0.20273175654301065,0.017281501865927636,0.076128814054767735,-0.20958348554556341,0.20136821843138544
1418,0.328125,0.171875,-0.20923027955075277,0.11561341364433138,0.23904763394641959,-0.15134778098916657,0.14287927336235945,-0.057882498561586199,-0.027265859718028071,-0.15125872285146358,0.13226518867964984,-0.21917244722403764,0.12450008796647948,0.013334904519779551,0.068356204892018685,-0.21795848495146744,0.1236860301277358
1419,0.296875,0.171875,-0.15401071543380571,0.14975712752230627,0.21481735896376014,-0.11863209790489294,0.15957892910750845,-0.035378617528912762,-0.0098218015852021834,-0.11954888539872729,0.15076357657251352,-0.16276834462462678,0.1567587659722304,0.011212448886277131,0.043633289489994509,-0.16205988961306927,0.15565542129755866
1420,0.328125,0.203125,-0.27271928042023713,0.15032622538937579,0.31140613345396612,-0.23680852367156022,0.15548687101577771,-0.035910756748676914,-0.0051606456264019218,-0.21600248044337056,0.1431877666438835,-0.2834496363631156,0.16101250457454466,0.015143880000985242,0.069762741660281305,-0.28189212927608792,0.16000253867320088
1421,0.203125,0.296875,-0.042287993334989692,0.29325853059470836,0.2962918158621119,-0.02852542180760842,0.25385810183655244,-0.013762571527381272,0.039400428758155914,-0.031867790476149349,0.23703095813865385,-0.015833447807792021,0.29182410360055688,0.02649340596926195,0.057091058270236757,-0.017049202455377006,0.29051401653603925
1422,0.171875,0.328125,0.020603625385516206,0.23633564026007883,0.23723204723681007,0.031958485751453547,0.20618084218285945,-0.011354860365937341,0.03015479807721938,0.01972753325179296,0.19540985956785881,0.049038694757970624,0.24724894325814473,0.030457402261911459,0.059551950318102086,0.047339073706078906,0.24664977402505742
1423,0.171875,0.296875,0.019275369366241538,0.22055447911719103,0.22139516282624716,0.018667052088564003,0.19398580581628508,0.00060831727767753432,0.026568673300905954,0.0060312390236976817,0.18540727173007293,0.04396384125689743,0.22166196196667592,0.024713299305386349,0.052471753128080133,0.04240661710751447,0.22108203591021069
1424,0.203125,0.328125,-0.044935364247170061,0.32064996603225665,0.32378324180925916,-0.04747616389577463,0.29340549999934323,0.0025407996486045692,0.027244466032913417,-0.051792496679243696,0.26177578653085037,-0.01766114133374903,0.32551007214914196,0.027703860146166756,0.072298053784278296,-0.018986671861196749,0.32410217365281946
1425,0.796875,0.203125,0.19200030802440241,0.0056379500978754006,0.1920830673504865,0.21934255960141291,-0.035790495143888636,-0.027342251577010507,0.041428445241764034,0.18601453710084764,-0.10269690284668431,0.17499319948532699,0.016112247402495436,0.019973798959773838,0.11931925270369179,0.17456020076946396,0.011618992664289039
1426,0.828125,0.171875,0.10842523849800456,0.019130244335612764,0.11009994819112956,0.14048022082440884,-0.0096878369864261543,-0.032054982326404274,0.028818081322038919,0.13774115339548604,-0.066135669505269473,0.0989904945447313,0.035218833864258052,0.018650927764726911,0.10850967198665354,0.10010434691804874,0.031422898740665339
1427,0.796875,0.171875,0.14490526661325603,0.0011501714669490595,0.14490983122846496,0.16123805384513223,-0.02396097819573274,-0.0163327872318762,0.025111149662681798,0.14982160444807677,-0.083397103144523296,0.13531041447387851,0.012458511991033878,0.014830365908674552,0.096947787945281819,0.13536112498801836,0.0085049280218461396
1428,0.828125,0.203125,0.14028656068513015,0.030567029247157582,0.14357807069973913,0.15416090108283342,0.0024316296500571134,-0.013874340397703272,0.028135399597100468,0.14851282014090067,-0.070498894186132324,0.12802165617755501,0.045547539293351792,0.019360877145007213,0.1178416841524299,0.12884144942359604,0.041149340201223551
1429,0.703125,0.296875,0.3528623913416763,-0.30455204441726774,0.46611566695628642,0.30916585826509702,-0.35101292565537423,0.04369653307657928,0.046460881238106488,0.20482363855187294,-0.37060835405313947,0.38450143511660617,-0.29729698886547196,0.032460205206553634,0.19405841090773987,0.37884491470440268,-0.29965587209174671
1430,0.671875,0.328125,0.34582979452229273,-0.49620703093609764,0.60483027729252159,0.2901857185972157,-0.53505855450556872,0.05564407592507703,0.03885152356947108,0.16908965581386151,-0.5126547548493614,0.37200739970696522,-0.47675093643151312,0.032616048604573733,0.20606963620011817,0.36546648822143335,-0.47706314294279023
1431,0.671875,0.296875,0.30721121177219968,-0.43644960435305008,0.53372931882975783,0.26316081174041278,-0.4563510997634378,0.044050400031786896,0.019901495410387715,0.15377384700951416,-0.44287623012717098,0.33350957540422571,-0.42741354744042176,0.027807449617872682,0.18039963031405751,0.32763587293675489,-0.427924874778425
1432,0.703125,0.328125,0.39966706434883797,-0.34487600727426121,0.52789508684837605,0.35063709775432783,-0.36418833884661039,0.049029966594510144,0.019312331572349184,0.2216523835081409,-0.39143595892639849,0.42888537424437839,-0.3316147059181363,0.032086940440150966,0.21569444768228044,0.42254489074061091,-0.33395694306226681
1433,0.703125,0.203125,0.21817343676174081,-0.16868899648691502,0.27578184502282188,0.2320657136090801,-0.10893108977702826,-0.013892276847339291,-0.05975790670988676,0.17720659507765252,-0.17163088918057479,0.23120264195174101,-0.17876617092248095,0.016471479365495735,0.054465450733149547,0.22789414955364273,-0.18112744901058325
1434,0.671875,0.171875,0.14301785808818634,-0.19262492327715558,0.23991346106390671,0.16168547750385417,-0.13158882804165886,-0.01866761941566783,-0.061036095235496718,0.12306125002349419,-0.18102564672842025,0.15506478721598696,-0.19872530108543143,0.01350344810831498,0.03657190393169233,0.15226339451203691,-0.20007336266830431
1435,0.703125,0.171875,0.16929612549821185,-0.13347454627207442,0.21558439788454645,0.17396120785279942,-0.097101572828872371,-0.0046650823545875686,-0.036372973443202047,0.14101366242488164,-0.15233108947841378,0.17877337749098615,-0.13822779829485501,0.010602438876344078,0.040307553933247378,0.17627633292601658,-0.14056784334268274
1436,0.671875,0.203125,0.18604300463673279,-0.25049196548323766,0.31202279459347021,0.18606066708439584,-0.21426926388509182,-1.7662447663047143e-05,-0.036222701598145834,0.12615680353529377,-0.2438987652546063,0.20054098088418329,-0.25700591037904141,0.015894111909043763,0.075530146916208588,0.19695298889354987,-0.25815339134393384
1437,0.796875,0.296875,0.29558551092306817,-0.0037315688602747817,0.29560906426192385,0.25486582272687042,0.0042090806936115402,0.040719688196197756,-0.0079406495538863215,0.20792248053018414,-0.10353764925495301,0.29102235065202769,0.026795464778929419,0.030866198574951001,0.15457137195495246,0.28918840186753081,0.020842054397178483
1438,0.828125,0.328125,0.23087667520072525,0.05007932804425487,0.23624558884581373,0.19968565936683799,0.056978122742740805,0.031191015833887253,-0.0068987946984859355,0.17425439244438021,-0.067536913519050626,0.23748264923614709,0.084491566665649068,0.035040563064717471,0.16465257739918693,0.23717837239194342,0.07801298776174212
1439,0.828125,0.296875,0.21572179203871983,0.046751682279861616,0.22072972467792781,0.18968416420829093,0.042431205487557286,0.0260376278304289,0.00432047679230433,0.17042076357023714,-0.071339640594401024,0.21290634964521415,0.075747811860987682,0.02913249468474341,0.15310043662233794,0.21286014856955845,0.069719226018072594
1440,0.796875,0.328125,0.32273678347639756,-0.0026295298224287642,0.32274749547560888,0.29633706221610123,-0.0089663324976246746,0.026399721260296327,0.0063368026751959104,0.2247512254864521,-0.12436525412821203,0.32461577090088473,0.029888530679418705,0.032572301922694891,0.18375842173437965,0.32237124977037029,0.02353317715794136
1441,0.796875,0.796875,0.1920003080244034,0.005637950097876202,0.19208306735048752,0.21934255960141383,-0.03579049514388731,-0.027342251577010424,0.041428445241763513,0.18601453710084781,-0.10269690284668352,0.17499319948532699,0.016112247402495436,0.019973798959774268,0.11931925270369101,0.17456020076946327,0.011618992664289774
1442,0.828125,0.828125,0.10842523849800505,0.019130244335613902,0.11009994819113024,0.14048022082440947,-0.0096878369864248429,-0.032054982326404427,0.028818081322038745,0.13774115339548598,-0.06613566950526871,0.0989904945447313,0.035218833864258052,0.018650927764726176,0.10850967198665279,0.100104346918048,0.031422898740665776
1443,0.828125,0.796875,0.14028656068513054,0.03056702924715857,0.14357807069973974,0.15416090108283409,0.0024316296500584318,-0.01387434039770355,0.028135399597100139,0.14851282014090061,-0.070498894186131589,0.12802165617755501,0.045547539293351792,0.019360877145006696,0.11784168415242915,0.12884144942359524,0.041149340201224155
1444,0.796875,0.828125,0.14490526661325678,0.0011501714669498915,0.14490983122846571,0.16123805384513315,-0.023960978195731529,-0.016332787231876367,0.025111149662681419,0.14982160444807693,-0.083397103144522575,0.13531041447387851,0.012458511991033878,0.014830365908674403,0.096947787945281139,0.13536112498801775,0.0085049280218466704
1445,0.703125,0.703125,0.35286239134167707,-0.30455204441726791,0.46611566695628714,0.30916585826509774,-0.35101292565537351,0.043696533076579336,0.0464608812381056,0.2048236385518733,-0.37060835405313886,0.38450143511660617,-0.29729698886547196,0.032460205206552913,0.19405841090773929,0.37884491470440201,-0.29965587209174482
1446,0.671875,0.671875,0.34582979452229351,-0.49620703093609775,0.60483027729252214,0.29018571859721598,-0.5350585545055685,0.05564407592507753,0.038851523569470747,0.16908965581386179,-0.51265475484936096,0.37200739970696522,-0.47675093643151312,0.032616048604573178,0.20606963620011781,0.36546648822143307,-0.47706314294278845
1447,0.703125,0.671875,0.39966706434883864,-0.34487600727426132,0.5278950868483766,0.35063709775432844,-0.36418833884660984,0.049029966594510199,0.019312331572348518,0.2216523835081412,-0.39143595892639799,0.42888537424437839,-0.3316147059181363,0.032086940440150404,0.21569444768227999,0.42254489074061069,-0.33395694306226525
1448,0.671875,0.703125,0.30721121177220034,-0.43644960435305052,0.5337293188297586,0.26316081174041334,-0.45635109976343757,0.044050400031787007,0.019901495410387049,0.15377384700951449,-0.44287623012717059,0.33350957540422571,-0.42741354744042176,0.027807449617872196,0.18039963031405715,0.3276358729367545,-0.42792487477842328
1449,0.796875,0.703125,0.29558551092306901,-0.0037315688602740948,0.29560906426192468,0.25486582272687125,0.0042090806936127476,0.040719688196197756,-0.0079406495538868419,0.20792248053018436,-0.10353764925495229,0.29102235065202769,0.026795464778929419,0.030866198574950442,0.15457137195495174,0.28918840186752998,0.020842054397179566
1450,0.828125,0.671875,0.23087667520072588,0.050079328044255605,0.23624558884581451,0.19968565936683855,0.056978122742741909,0.031191015833887337,-0.0068987946984863033,0.17425439244438024,-0.067536913519049988,0.23748264923614709,0.084491566665649068,0.035040563064716625,0.16465257739918632,0.23717837239194256,0.078012987761742925
1451,0.828125,0.703125,0.21572179203872038,0.046751682279862775,0.22072972467792859,0.18968416420829154,0.042431205487558493,0.026037627830428844,0.0043204767923042814,0.17042076357023717,-0.071339640594400344,0.21290634964521415,0.075747811860987682,0.02913249468474231,0.15310043662233727,0.21286014856955746,0.069719226018073441
1452,0.796875,0.671875,0.32273678347639806,-0.0026295298224279801,0.32274749547560938,0.29633706221610201,-0.0089663324976236025,0.02639972126029605,0.0063368026751956224,0.22475122548645227,-0.12436525412821139,0.32461577090088473,0.029888530679418705,0.032572301922694079,0.18375842173437901,0.32237124977036968,0.023533177157942512
1453,0.703125,0.796875,0.21817343676174178,-0.16868899648691466,0.27578184502282244,0.23206571360908129,-0.10893108977702765,-0.013892276847339513,-0.05975790670988701,0.17720659507765307,-0.1716308891805744,0.23120264195174101,-0.17876617092248095,0.016471479365495187,0.054465450733149047,0.22789414955364226,-0.18112744901058239
1454,0.671875,0.828125,0.14301785808818721,-0.19262492327715586,0.23991346106390746,0.16168547750385526,-0.13158882804165875,-0.018667619415668052,-0.061036095235497106,0.12306125002349476,-0.18102564672842017,0.15506478721598696,-0.19872530108543143,0.013503448108314086,0.036571903931691872,0.15226339451203641,-0.200073362668304
1455,0.703125,0.828125,0.16929612549821316,-0.13347454627207442,0.21558439788454747,0.17396120785280061,-0.097101572828871857,-0.0046650823545874576,-0.036372973443202561,0.14101366242488217,-0.15233108947841345,0.17877337749098615,-0.13822779829485501,0.010602438876342912,0.040307553933246767,0.17627633292601624,-0.14056784334268238
1456,0.671875,0.796875,0.18604300463673379,-0.25049196548323771,0.31202279459347088,0.18606066708439689,-0.21426926388509174,-1.7662447663102654e-05,-0.036222701598145973,0.12615680353529427,-0.24389876525460613,0.20054098088418329,-0.25700591037904141,0.015894111909042826,0.075530146916208116,0.19695298889354929,-0.25815339134393311
1457,0.203125,0.796875,-0.01877960584057721,0.19093194935110078,0.19185328477390934,-0.064091790134250176,0.21231702589816212,0.045312184293672966,-0.021385076547061344,-0.06016692471169717,0.19904769619924381,-0.0095207316020975083,0.17547529755561464,0.018017625728460669,0.055863179772628682,-0.010358609889464443,0.1745492779985453
1458,0.171875,0.828125,0.0062225760349399577,0.10910667586632396,0.10928397490533408,-0.027318794792948919,0.13694571561887503,0.033541370827888876,-0.027839039752551073,-0.027437690474120095,0.13210442300217481,0.020440923417072755,0.10306140363310627,0.015450136525374632,0.05599873786268772,0.019548294589015566,0.10264978007229765
1459,0.171875,0.796875,0.013308240839730114,0.14258387111449541,0.14320359484399581,-0.01689931623807759,0.15244472987789473,0.030207557077807704,-0.0098608587633993161,-0.022267895211850124,0.14742400979066278,0.026435678311211169,0.13328644979272908,0.016086381128211535,0.050713988963711105,0.025371266271064799,0.13281779418502246
1460,0.203125,0.828125,-0.016711532658530589,0.14330475080271438,0.144275870908566,-0.044214706187162549,0.15601879446141798,0.02750317352863196,-0.0127140436587036,-0.045256265972321283,0.15066711716602879,-0.007361738301621179,0.13568318832965998,0.012062622809620059,0.040749396937363631,-0.008068699660728193,0.13490904243945701
1461,0.296875,0.703125,-0.34962711543716313,0.30868365963436051,0.46639545621089956,-0.38958670883783714,0.25856962754170748,0.039959593400674009,0.050114032092653027,-0.34283079959043278,0.24888741603750805,-0.35007819943928103,0.33715294374001431,0.028472857500879658,0.088562566500587511,-0.34855591874638614,0.33510350679678808
1462,0.328125,0.671875,-0.53907813087567424,0.27483477753725694,0.60509452660916052,-0.56981032596559378,0.21403338502478397,0.030732195089919534,0.060801392512472963,-0.49854414860534613,0.2151706227326152,-0.52580455977835505,0.2986813113359334,0.02729184610624584,0.08784739682154441,-0.52299132493416733,0.29704976922810361
1463,0.296875,0.671875,-0.3962721510227224,0.3496146278377395,0.52845246302226312,-0.40853745092600313,0.29811702570449805,0.012265299903280735,0.051497602133241449,-0.36275550579352706,0.27363224442970446,-0.3904885804542727,0.37607133094230888,0.027081484960828284,0.10612676323941735,-0.38879486762349497,0.37383889217496363
1464,0.328125,0.703125,-0.47432525816477278,0.24481706820695884,0.53377883755215427,-0.48788605065741691,0.19817933801323248,0.013560792492644136,0.046637730193726357,-0.42437373589570015,0.19293102707566298,-0.4713907723755465,0.26777176315119244,0.023141504420196947,0.088384034167231007,-0.4688563585697198,0.26626696827974305
1465,0.203125,0.703125,-0.042287993334989782,0.29325853059470908,0.29629181586211262,-0.02852542180760901,0.253858101836553,-0.013762571527380772,0.039400428758156081,-0.031867790476149245,0.23703095813865452,-0.015833447807792021,0.29182410360055688,0.026493405969262078,0.057091058270236091,-0.017049202455377031,0.29051401653604025
1466,0.171875,0.671875,0.02060362538551579,0.23633564026007892,0.2372320472368101,0.03195848575145302,0.20618084218285981,-0.01135486036593723,0.030154798077219103,0.019727533251793113,0.19540985956785933,0.049038694757970624,0.24724894325814473,0.03045740226191182,0.059551950318101551,0.047339073706079024,0.24664977402505792
1467,0.171875,0.703125,0.019275369366241642,0.22055447911719181,0.22139516282624797,0.01866705208856357,0.19398580581628561,0.00060831727767807209,0.026568673300906204,0.0060312390236978031,0.18540727173007349,0.04396384125689743,0.22166196196667592,0.02471329930538621,0.052471753128079661,0.042406617107514387,0.22108203591021136
1468,0.203125,0.671875,-0.044935364247170061,0.32064996603225665,0.32378324180925916,-0.047476163895775032,0.29340549999934362,0.0025407996486049717,0.027244466032913028,-0.051792496679243544,0.26177578653085093,-0.01766114133374903,0.32551007214914196,0.027703860146166756,0.072298053784277727,-0.018986671861196465,0.32410217365282007
1469,0.296875,0.796875,-0.19586070600153385,0.19355402481174855,0.27536262759540603,-0.13850918185198108,0.21587716054425285,-0.057351524149552774,-0.022323135732504301,-0.13445954413810363,0.19914415560572912,-0.21050377764006065,0.20273175654301065,0.017281501865927133,0.076128814054767374,-0.2095834855455655,0.20136821843138727
1470,0.328125,0.828125,-0.2092302795507533,0.11561341364433149,0.23904763394642012,-0.15134778098916707,0.14287927336235959,-0.057882498561586226,-0.027265859718028099,-0.15125872285146419,0.13226518867965034,-0.21917244722403764,0.12450008796647948,0.013334904519779084,0.06835620489201813,-0.21795848495147027,0.12368603012773732
1471,0.296875,0.828125,-0.15401071543380612,0.1497571275223063,0.21481735896376047,-0.11863209790489344,0.1595789291075087,-0.035378617528912679,-0.0098218015852024054,-0.11954888539872774,0.15076357657251413,-0.16276834462462678,0.1567587659722304,0.01121244888627679,0.043633289489993989,-0.16205988961307172,0.15565542129756013
1472,0.328125,0.796875,-0.27271928042023774,0.15032622538937579,0.31140613345396662,-0.23680852367156086,0.15548687101577785,-0.035910756748676886,-0.0051606456264020606,-0.216002480443371,0.14318776664388408,-0.2834496363631156,0.16101250457454466,0.015143880000984808,0.069762741660280736,-0.28189212927609036,0.16000253867320285
1473,0.203125,0.046875,0.0056497314253797183,0.013334161899641567,0.014481689775187699,0.018332772680192962,0.0046287059248209198,-0.012683041254813242,0.0087054559748206469,0.0047913246278834826,0.016041456650776907,-0.00072534637479586468,0.013368759489044903,0.0063751716801576461,0.0061300056337766501,-0.00095247691526593819,0.013214972541658302
1474,0.171875,0.078125,0.0076242546981090242,0.025310839509419265,0.026434217529051562,0.02213594289571702,0.012332723634870216,-0.014511688197607996,0.01297811587454905,0.011537259129628302,0.022300679273094572,0.0052336832329694591,0.02638778733989942,0.002621955102498027,0.0075126241377217592,0.0048216872030507046,0.026191495697098284
1475,0.171875,0.046875,0.0073479163082756562,0.010393868796112289,0.012728879865259947,0.01487244581792665,0.0054733682718588767,-0.0075245295096509936,0.0049205005242534128,0.0072140452890129703,0.015721112370618264,0.002014028357241186,0.010154560301360433,0.0053392536210458393,0.007617524403011249,0.0017421711110268778,0.010031892958063221
1476,0.203125,0.078125,0.00078393149937234976,0.034963818519817447,0.034972605766262793,0.0052400315015034577,0.031405802477413175,-0.004456100002131108,0.0035580160424042717,-0.0062813163685727941,0.040863373436948465,-0.0018848955856134888,0.034740251859838533,0.0026781747629697609,0.0075379794075671053,-0.0022240845461093759,0.034441134204359215
1477,0.296875,0.046875,-0.025817787698850077,0.018372764329001499,0.031687799399010404,-0.056084619037537829,0.0081888405709118813,0.030266831338687752,0.010183923758089618,-0.069501294798522614,0.016137916057262225,-0.016037438967233791,0.01544531983572291,0.01020907207209624,0.053468341753554749,-0.016047909081148098,0.01539728131837464
1478,0.328125,0.078125,-0.066280468725651409,0.03996168763962106,0.07739532940364488,-0.10189304330050096,0.018266281378355152,0.035612574574849551,0.021695406261265909,-0.11228377324771517,0.022461444950570109,-0.056116797600604534,0.031876936750771211,0.012987047688865628,0.05695068602907935,-0.055847901748446546,0.031701037170930625
1479,0.328125,0.046875,-0.030856676707590434,0.018645290687062336,0.036052480666963926,-0.055686086546192934,0.0096714928599674344,0.0248294098386025,0.0089737978270949016,-0.078120538149979407,0.012812215927254416,-0.021594891523661539,0.012266897269136191,0.011245646597109851,0.056528276985613607,-0.02157687983369307,0.012313539823990879
1480,0.296875,0.078125,-0.048498439541576684,0.044641102650876889,0.065916057860388594,-0.069177360216227335,0.034965937123504133,0.020678920674650651,0.009675165527372756,-0.080573935794978888,0.040959832843433783,-0.041675120968781412,0.04013643162542286,0.0081761688701627224,0.038907528634553781,-0.041541894441189886,0.039832283228525216
1481,0.046875,0.203125,0.012174512912731464,0.0039052156629229935,0.012785518137181779,0.0069396652083392714,-0.0043143679392087259,0.0052348477043921921,0.0082195836021317185,0.0018557402622223053,0.0053859010700460326,0.012458029202512181,0.0049038113777664111,0.0010380630463871932,0.010613243672167113,0.012409502386252588,0.0052912536698026258
1482,0.078125,0.171875,0.023995954221588945,0.019397906613289304,0.030855868161218301,0.015300078412604806,0.0069668793164524272,0.0086958758089841388,0.012431027296836877,0.0097759085102315964,0.015907345924656049,0.021816366406903782,0.015740168921537723,0.0042578924438722299,0.012041618434077174,0.021414397208341242,0.016077233045673926
1483,0.046875,0.171875,0.01207561701648489,0.0040856803651617146,0.012748070849155467,0.0078131761867192857,0.00011631457827861234,0.0042624408297656045,0.003969365786883102,0.0037179910560853715,0.0084755930918111663,0.0096329520225781687,0.0037917859207033432,0.0024602817352776529,0.0075448534015747767,0.0095537506662029745,0.0040666912179400756
1484,0.078125,0.203125,0.029972121115579786,0.02334588964578722,0.037991559687913033,0.025719556967476111,0.022465893575472018,0.0042525641481036755,0.00087999607031520252,0.01494570377250154,0.03122693271314397,0.028214500513745043,0.020356323130996928,0.0034679587838308146,0.017153166461266016,0.027765966311109138,0.020824077214978323
1485,0.046875,0.296875,0.033134878719317355,0.018033254380378665,0.037724242222890531,0.042506033534980558,0.037226707999182228,-0.0093711548156632032,-0.019193453618803563,0.030154874497770143,0.043369163009456736,0.020718319075654714,0.008155280996684687,0.015866483906448788,0.036456358356863991,0.020773408453066477,0.0089154519027382206
1486,0.078125,0.328125,0.07728418447548431,0.051565261986885401,0.092907596103961376,0.074577358957006942,0.076202005880437351,0.0027068255184773682,-0.02463674389355195,0.056941132236144658,0.079212782490340555,0.052338444361209116,0.037761373272280518,0.028510301532852202,0.041706163355517988,0.05173604416073694,0.038792758170807191
1487,0.046875,0.328125,0.041764830779990346,0.019927372948671224,0.046275277230035723,0.04192549418861239,0.03882903778164682,-0.00016066340862204431,-0.018901664832975597,0.031524425003618621,0.051461648116516635,0.023109885214815547,0.0090966649871422507,0.021571073895092982,0.043192548841316673,0.023195774256077478,0.0099760782843087113
1488,0.078125,0.296875,0.061476841966833687,0.045120103123221934,0.076257627841844283,0.061285925294117388,0.064006969513862977,0.00019091667271629864,-0.018886866390641043,0.043244838008049381,0.06921019465255468,0.046922110608483468,0.03385357274247508,0.018405839066286411,0.035547335296337253,0.046353205422797368,0.034749223238781553
1489,0.796875,0.046875,0.013230479774419004,0.0059814622122299219,0.014519761887084953,0.0040030196151103255,0.017049439837423585,0.0092274601593086789,-0.011067977625193664,0.052560948330955121,-0.0084305271456196276,0.013332030369666915,0.0012275275400725929,0.0047550191787767608,0.040400322086900517,0.015160492572674798,-0.00057974993197624873
1490,0.828125,0.078125,0.02551859339955646,0.0097446574834529932,0.027315873746993759,0.01127649683262728,0.022016124002361179,0.01424209656692918,-0.012271466518908185,0.057669000133550537,-0.0095758440846306549,0.025345473927532933,0.0090174116168427257,0.00074756732278465987,0.037289670204648892,0.027283050169538043,0.0070523060123053654
1491,0.828125,0.046875,0.0105702369544002,0.0077634788339658789,0.013114934726395088,0.0055518627823866011,0.014334780432985214,0.0050183741720135986,-0.0065713015990193349,0.050006710609208374,-0.0028910713467820703,0.0097534567809152584,0.0034700844313294574,0.0043703964749651544,0.040752775937332127,0.011940856337436329,0.0020940667637663617
1492,0.796875,0.078125,0.035648395806310573,0.0039465851777024507,0.035866191017840769,0.032034329853350675,0.007742982793054594,0.0036140659529598981,-0.0037963976153521433,0.069749451186141245,-0.02683727772388449,0.034644807038736992,0.0031898708284755417,0.0012569037436199173,0.04619486649944321,0.036061924961034553,0.00086644077533980647
1493,0.703125,0.046875,0.023284048420703165,-0.024854778342567115,0.034057406203582108,0.016726173622777528,-0.056091154795716039,0.006557874797925637,0.031236376453148924,0.043753006307760002,-0.077364513479510094,0.01761440246314425,-0.013619477938669388,0.012584786865493136,0.068895980775723092,0.018003695970982281,-0.015785695472452715
1494,0.671875,0.078125,0.049114012018340092,-0.061759062024936563,0.07890733754688227,0.032481753512072623,-0.099884867052871529,0.016632258506267469,0.038125805027934966,0.042989096761558668,-0.12446582130778144,0.039702706199586525,-0.050881521105301059,0.014383795523868155,0.073657651328389334,0.039054046323394383,-0.052728065963103553
1495,0.671875,0.046875,0.023362964895811977,-0.02973070812623364,0.037811944335226104,0.017557905471424159,-0.055404384413172594,0.0058050594243878179,0.025673676286938955,0.043684085008584346,-0.086955886051937437,0.015278413420487828,-0.019580250046485802,0.012976585521079265,0.073118797210497813,0.015227358118838078,-0.021557479574076176
1496,0.703125,0.078125,0.051686699033277023,-0.043718086555061028,0.06769627721664144,0.044757483861017883,-0.065397611840085024,0.00692921517225914,0.021679525285023996,0.060941509162946134,-0.09577126405777496,0.045773041128583367,-0.035391772451034774,0.010212681154949091,0.062255645761632686,0.045522580295413673,-0.03760762740179998
1497,0.953125,0.203125,0.005448018558980007,0.011603659469153977,0.012818963269121155,-0.0017515134797134561,0.0056215997461021511,0.0071995320386934632,0.0059820597230518255,0.07322451570425291,-0.027335299729530749,0.0030389825563245498,0.013038958649436414,0.0028042000996736345,0.080969684468389466,0.0066852795347232697,0.01229915865624227
1498,0.921875,0.171875,0.018649303022677116,0.025294666310013342,0.031426368657014092,0.0078237769757330093,0.015159419947568319,0.010825526046944107,0.010135246362445022,0.070067140557529217,-0.020918707634977329,0.012398383875982804,0.023874397126264598,0.0064102382742621871,0.073021282728715456,0.015669016120797807,0.022399218246754397
1499,0.953125,0.171875,0.0054490813614702831,0.011851449330433734,0.013044130439234386,0.0021785415382910346,0.0074349245504054407,0.0032705398231792485,0.0044165247800282935,0.067522324199231154,-0.015752227903991379,0.0023498398251164091,0.010082145502522457,0.0035687160346716605,0.070106116486376699,0.0057356540670542282,0.00966172654196518
1500,0.921875,0.203125,0.021659982899929986,0.031505479068618739,0.038232840210589022,0.02150445723415759,0.027278886584051584,0.00015552566577239565,0.004226592484567155,0.080838807302943808,-0.025281932315840184,0.016034485381939061,0.030876094461412412,0.0056605960206245346,0.085751525415912203,0.019493292803042076,0.028962923576033337
1501,0.953125,0.296875,0.016089200143024833,0.03454432671782344,0.038107386024628355,0.033771749645744045,0.045621175583602326,-0.017682549502719212,-0.011076848865778886,0.095132459133589406,-0.028176046137799445,0.0050539783816355424,0.021684433494409877,0.01694558860118579,0.10295727329205102,0.0093395864081617271,0.020112684772255397
1502,0.921875,0.328125,0.042519127050125095,0.081373629297655722,0.091812546583661281,0.067029215518162183,0.081825379676735283,-0.024510088468037088,-0.00045175037907956017,0.10658037960642336,-0.022319951648758489,0.029744280626708315,0.057275752631977761,0.027274610188527185,0.11063119924491004,0.033772741270981857,0.053889570852298702
1503,0.953125,0.328125,0.016771933333222914,0.042907760024115213,0.046069226366644504,0.035557528683778906,0.04508494281080333,-0.018785595350555993,-0.0021771827866881172,0.10412591640105255,-0.02951253101736994,0.0056373714417305241,0.024187520578972353,0.02178131844950983,0.11217704323815199,0.010084702565777051,0.022390560185262885
1504,0.921875,0.296875,0.03837726414361195,0.065262263650336272,0.07570982406474451,0.057027720359615092,0.067278462421551763,-0.018650456216003142,-0.0020161987712154911,0.1027467507322803,-0.02612267872410888,0.026666142690526407,0.051348473058050063,0.018186366716167159,0.1085819426905657,0.030581629940026167,0.048277890729002466
1505,0.953125,0.796875,0.0054480185589795048,0.01160365946915471,0.012818963269121606,-0.0017515134797138222,0.0056215997461031729,0.007199532038693327,0.0059820597230515376,0.073224515704252369,-0.027335299729530499,0.0030389825563245498,0.013038958649436414,0.0028042000996728275,0.080969684468388869,0.0066852795347224145,0.012299158656241919
1506,0.921875,0.828125,0.018649303022676891,0.02529466631001424,0.031426368657014682,0.0078237769757328896,0.01515941994756945,0.010825526046944001,0.01013524636244479,0.070067140557528718,-0.020918707634976892,0.012398383875982804,0.023874397126264598,0.0064102382742621663,0.07302128272871479,0.015669016120796974,0.022399218246754241
1507,0.953125,0.828125,0.0054490813614697115,0.011851449330434484,0.013044130439234828,0.0021785415382906373,0.0074349245504063228,0.0032705398231790742,0.0044165247800281608,0.067522324199230627,-0.015752227903991136,0.0023498398251164091,0.010082145502522457,0.0035687160346715356,0.07010611648637613,0.0057356540670534788,0.009661726541964788
1508,0.921875,0.796875,0.021659982899929809,0.031505479068619544,0.038232840210589585,0.021504457234157504,0.027278886584052725,0.00015552566577230545,0.0042265924845668185,0.08083880730294335,-0.025281932315839757,0.016034485381939061,0.030876094461412412,0.0056605960206244478,0.085751525415911564,0.019493292803041146,0.028962923576033243
1509,0.953125,0.703125,0.016089200143024555,0.03454432671782446,0.038107386024629167,0.033771749645743622,0.045621175583603228,-0.017682549502719067,-0.011076848865778768,0.095132459133588906,-0.028176046137799261,0.0050539783816355424,0.021684433494409877,0.016945588601186383,0.1029572732920505,0.0093395864081607539,0.02011268477225512
1510,0.921875,0.671875,0.042519127050124936,0.081373629297656527,0.091812546583661919,0.067029215518161961,0.081825379676736198,-0.024510088468037025,-0.00045175037907967119,0.10658037960642294,-0.02231995164875817,0.029744280626708315,0.057275752631977761,0.02727461018852782,0.11063119924490951,0.033772741270980816,0.053889570852298681
1511,0.953125,0.671875,0.016771933333222647,0.042907760024116011,0.04606922636664515,0.035557528683778518,0.045084942810804211,-0.018785595350555871,-0.0021771827866882004,0.10412591640105212,-0.029512531017369725,0.0056373714417305241,0.024187520578972353,0.021781318449510378,0.1121770432381515,0.010084702565776128,0.022390560185262628
1512,0.921875,0.703125,0.038377264143611541,0.065262263650337077,0.075709824064744996,0.057027720359614953,0.067278462421552776,-0.018650456216003412,-0.0020161987712156992,0.10274675073227987,-0.02612267872410852,0.026666142690526407,0.051348473058050063,0.01818636671616751,0.10858194269056515,0.030581629940025078,0.048277890729002439
1513,0.796875,0.953125,0.013230479774419376,0.005981462212230902,0.014519761887085696,0.0040030196151110316,0.017049439837424872,0.0092274601593083441,-0.011067977625193969,0.052560948330955197,-0.008430527145618984,0.013332030369666915,0.0012275275400725929,0.0047550191787777323,0.040400322086900434,0.015160492572674582,-0.00057974993197645657
1514,0.828125,0.921875,0.025518593399556821,0.0097446574834540566,0.027315873746994478,0.011276496832627802,0.022016124002362469,0.014242096566929019,-0.012271466518908413,0.057669000133550419,-0.0095758440846299871,0.025345473927532933,0.0090174116168427257,0.0007475673227857779,0.037289670204648455,0.027283050169537647,0.0070523060123053039
1515,0.828125,0.953125,0.010570236954400307,0.007763478833966676,0.013114934726395647,0.0055518627823869333,0.014334780432986395,0.005018374172013374,-0.0065713015990197191,0.050006710609208249,-0.0028910713467814879,0.0097534567809152584,0.0034700844313294574,0.0043703964749659575,0.040752775937331912,0.011940856337436046,0.0020940667637661765
1516,0.796875,0.921875,0.035648395806311219,0.0039465851777033545,0.035866191017841512,0.032034329853351466,0.0077429827930557867,0.0036140659529597524,-0.0037963976153524322,0.069749451186141342,-0.026837277723883838,0.034644807038736992,0.0031898708284755417,0.0012569037436209768,0.046194866499442863,0.03606192496103422,0.00086644077533974033
1517,0.703125,0.953125,0.023284048420704046,-0.024854778342566844,0.03405740620358251,0.016726173622778489,-0.05609115479571547,0.0065578747979255572,0.031236376453148626,0.043753006307760453,-0.077364513479509858,0.01761440246314425,-0.013619477938669388,0.012584786865493292,0.068895980775723051,0.018003695970982211,-0.015785695472453409
1518,0.671875,0.921875,0.049114012018341167,-0.06175906202493673,0.078907337546883075,0.032481753512073566,-0.099884867052871446,0.016632258506267601,0.038125805027934716,0.042989096761559181,-0.12446582130778143,0.039702706199586525,-0.050881521105301059,0.014383795523868984,0.073657651328389334,0.039054046323394084,-0.05272806596310433
1519,0.671875,0.953125,0.023362964895813045,-0.029730708126233518,0.037811944335226673,0.017557905471425116,-0.055404384413172393,0.0058050594243879289,0.025673676286938875,0.04368408500858488,-0.086955886051937423,0.015278413420487828,-0.019580250046485802,0.012976585521079836,0.073118797210498021,0.01522735811883792,-0.021557479574077127
1520,0.703125,0.921875,0.051686699033278168,-0.043718086555060695,0.067696277216642106,0.044757483861018924,-0.065397611840084552,0.006929215172259244,0.021679525285023857,0.060941509162946592,-0.09577126405777471,0.045773041128583367,-0.035391772451034774,0.010212681154949482,0.062255645761632554,0.045522580295413478,-0.037607627401800507
1521,0.046875,0.796875,0.012174512912731333,0.0039052156629229401,0.012785518137181639,0.0069396652083390329,-0.0043143679392086236,0.0052348477043923005,0.0082195836021315642,0.0018557402622221631,0.0053859010700461861,0.012458029202512181,0.0049038113777664111,0.0010380630463872802,0.010613243672167262,0.012409502386252241,0.0052912536698022893
1522,0.078125,0.828125,0.023995954221588754,0.019397906613289276,0.030855868161218134,0.015300078412604608,0.0069668793164525886,0.0086958758089841458,0.012431027296836688,0.0097759085102314992,0.015907345924656237,0.021816366406903782,0.015740168921537723,0.0042578924438721084,0.012041618434077273,0.021414397208340756,0.016077233045673666
1523,0.046875,0.828125,0.012075617016484727,0.0040856803651616851,0.012748070849155304,0.0078131761867191261,0.00011631457827870916,0.004262440829765601,0.0039693657868829762,0.003717991056085241,0.0084755930918112895,0.0096329520225781687,0.0037917859207033432,0.0024602817352774873,0.0075448534015749554,0.0095537506662026032,0.0040666912179396593
1524,0.078125,0.796875,0.029972121115579849,0.023345889645787387,0.037991559687913186,0.025719556967475937,0.022465893575472285,0.0042525641481039114,0.00087999607031510191,0.014945703772501477,0.031226932713144188,0.028214500513745043,0.020356323130996928,0.0034679587838309898,0.017153166461266203,0.027765966311108722,0.020824077214978181
1525,0.046875,0.703125,0.03313487871931714,0.01803325438037863,0.037724242222890322,0.042506033534980191,0.037226707999182228,-0.0093711548156630506,-0.019193453618803598,0.030154874497770084,0.043369163009456896,0.020718319075654714,0.008155280996684687,0.015866483906448597,0.03645635835686413,0.020773408453066251,0.0089154519027379846
1526,0.078125,0.671875,0.077284184475483728,0.051565261986885408,0.092907596103960891,0.074577358957006554,0.076202005880437351,0.0027068255184771739,-0.024636743893551943,0.056941132236144706,0.079212782490340763,0.052338444361209116,0.037761373272280518,0.028510301532851695,0.041706163355518196,0.051736044160736766,0.038792758170807067
1527,0.046875,0.671875,0.041764830779989895,0.019927372948670904,0.046275277230035182,0.041925494188612106,0.038829037781646737,-0.00016066340862221085,-0.018901664832975833,0.031524425003618593,0.051461648116516802,0.023109885214815547,0.0090966649871422507,0.021571073895092434,0.043192548841316826,0.023195774256077301,0.0099760782843084823
1528,0.078125,0.703125,0.061476841966833291,0.045120103123221796,0.076257627841843895,0.061285925294117097,0.064006969513863129,0.00019091667271619456,-0.018886866390641334,0.043244838008049395,0.069210194652554902,0.046922110608483468,0.03385357274247508,0.018405839066286015,0.035547335296337468,0.046353205422797153,0.034749223238781442
1529,0.203125,0.953125,0.0056497314253793739,0.01333416189964164,0.014481689775187632,0.018332772680192788,0.0046287059248209042,-0.012683041254813414,0.0087054559748207354,0.0047913246278830767,0.016041456650777081,-0.00072534637479586468,0.013368759489044903,0.0063751716801573018,0.0061300056337763604,-0.00095247691526731003,0.01321497254165778
1530,0.171875,0.921875,0.0076242546981086503,0.025310839509419373,0.026434217529051555,0.022135942895716864,0.012332723634870306,-0.014511688197608213,0.012978115874549067,0.011537259129628049,0.022300679273094776,0.0052336832329694591,0.02638778733989942,0.0026219551024976419,0.0075126241377214357,0.0048216872030495319,0.026191495697098013
1531,0.171875,0.953125,0.0073479163082756579,0.010393868796112236,0.012728879865259904,0.014872445817926551,0.0054733682718589478,-0.007524529509650893,0.0049205005242532879,0.0072140452890126754,0.015721112370618406,0.002014028357241186,0.010154560301360433,0.0053392536210458384,0.0076175244030111519,0.0017421711110258257,0.010031892958062675
1532,0.203125,0.921875,0.00078393149937225608,0.034963818519817551,0.034972605766262897,0.0052400315015032339,0.031405802477413244,-0.0044561000021309779,0.0035580160424043064,-0.0062813163685731394,0.040863373436948756,-0.0018848955856134888,0.034740251859838533,0.0026781747629696763,0.0075379794075675433,-0.0022240845461108626,0.034441134204359042
1533,0.296875,0.953125,-0.025817787698850372,0.018372764329001166,0.031687799399010452,-0.0560846190375381,0.0081888405709116315,0.030266831338687728,0.010183923758089535,-0.069501294798523378,0.016137916057262402,-0.016037438967233791,0.01544531983572291,0.010209072072096427,0.053468341753555512,-0.016047909081150422,0.01539728131837392
1534,0.328125,0.921875,-0.066280468725651742,0.039961687639620824,0.077395329403645047,-0.10189304330050131,0.018266281378354846,0.035612574574849565,0.021695406261265978,-0.11228377324771606,0.022461444950570311,-0.056116797600604534,0.031876936750771211,0.012987047688865742,0.05695068602908019,-0.055847901748449294,0.031701037170930334
1535,0.328125,0.953125,-0.030856676707590874,0.018645290687061996,0.036052480666964128,-0.055686086546193225,0.0096714928599670198,0.024829409838602351,0.0089737978270949762,-0.078120538149980198,0.012812215927254452,-0.021594891523661539,0.012266897269136191,0.011245646597110021,0.056528276985614398,-0.021576879833695613,0.012313539823989994
1536,0.296875,0.921875,-0.048498439541577107,0.044641102650876736,0.065916057860388802,-0.069177360216227654,0.034965937123503966,0.020678920674650547,0.0096751655273727699,-0.080573935794979595,0.040959832843434074,-0.041675120968781412,0.04013643162542286,0.0081761688701629913,0.038907528634554496,-0.041541894441192398,0.03983228322852507
1537,0.453125,0.296875,-0.58052560174400469,-0.31252935399121134,0.65930612873414318,-0.56793563231907918,-0.23578391617251254,-0.012589969424925518,-0.076745437818698803,-0.52209358753595481,-0.18628853425669067,-0.60647376318887936,-0.3183680477710239,0.026596943948952137,0.15673229384335996,-0.60358648615992627,-0.31518759199607799
1538,0.421875,0.328125,-0.69443500297715199,-0.15230743563990573,0.71094129737347589,-0.67681968005433912,-0.082578741203748016,-0.01761532292281287,-0.069728694436157715,-0.60610182137265922,-0.045934947443904139,-0.72005834422676851,-0.17118695428818922,0.031827532753658169,0.16933444516553614,-0.71611587694355305,-0.16898958018327143
1539,0.453125,0.328125,-0.65074414682247317,-0.34293310583841974,0.73557532564904138,-0.61899440152339891,-0.29452879877176624,-0.031749745299074261,-0.048404307066653496,-0.55908195510709846,-0.21919548918018944,-0.6764805099252158,-0.35511804858236429,0.028475133282030819,0.17960334859857222,-0.67325554149535383,-0.35154047736476746
1540,0.421875,0.296875,-0.62230225283666918,-0.1450058621152715,0.63897323412908846,-0.59489540474616187,-0.098432788215299466,-0.027406848090507308,-0.046573073899972034,-0.53193140866301325,-0.068174543100856411,-0.64554187050716083,-0.15347137848432324,0.024733475228226841,0.14206648854277618,-0.64199926183250711,-0.15152610452975662
1541,0.546875,0.296875,-0.22888271938293203,-0.61848893769238433,0.65948151246261644,-0.15473765953684571,-0.59516742330885974,-0.074145059846086325,-0.023321514383524589,-0.20424251734799465,-0.52015845506380443,-0.22673810047563028,-0.6463423806859,0.027935885109489248,0.12817345413795678,-0.22816046026056763,-0.64169818349417462
1542,0.578125,0.328125,-0.05461471624638789,-0.70878738312396528,0.71088840313117518,0.011843607916050047,-0.68155125309766007,-0.066458324162437937,-0.027236130026305205,-0.076350037726059028,-0.60238481545576028,-0.064596711510190821,-0.73730336854725631,0.030212607535728044,0.13542952649049411,-0.067965889571899335,-0.7326707377620767
1543,0.546875,0.328125,-0.24920451493482307,-0.69214937564607071,0.73564505603663644,-0.20579642874116547,-0.65391230590811356,-0.043408086193657602,-0.038237069737957152,-0.24123088491913833,-0.55306540998730314,-0.25291103282477784,-0.7209512592492856,0.029039400371937672,0.16829166419497643,-0.25444493367929333,-0.71567901821959901
1544,0.578125,0.296875,-0.057396719205485676,-0.63652286656710932,0.63910542404079429,-0.015181298940752888,-0.60284379835552915,-0.042215420264732788,-0.033679068211580176,-0.091665846530406381,-0.53260629073356991,-0.057911809940455944,-0.66100226388506633,0.024484815937957406,0.13275865662033307,-0.060985719621914881,-0.65696592317227887
1545,0.453125,0.203125,-0.35436420698613053,-0.20263354579836612,0.40820870284172983,-0.31685810533322295,-0.27847638316996703,-0.037506101652907575,0.075842837371600913,-0.31372233208362532,-0.23603179468846958,-0.36467571644085017,-0.19143630435438078,0.015221873839632086,0.067712665990883075,-0.36298767924707126,-0.18956473711025565
1546,0.421875,0.171875,-0.28535382910663026,-0.07895344200216757,0.29607508133884819,-0.25835713507791208,-0.15373285286617216,-0.026996694028718182,0.074779410864004595,-0.25881639561877678,-0.12884038149686897,-0.30014374450231984,-0.07135629200322581,0.016627034778278309,0.070798095388613827,-0.29851199408913687,-0.07047031409420354
1547,0.453125,0.171875,-0.27228997434687674,-0.15436368120576083,0.31300155942936858,-0.24732064073660634,-0.19838869311052823,-0.0249693336102704,0.044025011904767403,-0.24980940670350188,-0.17571720891953002,-0.28197908538901545,-0.14802475618322977,0.011578464631727499,0.04244714554927586,-0.28072190580209683,-0.14657885827900685
1548,0.421875,0.203125,-0.3742065318088475,-0.09925515957184157,0.38714611602086069,-0.3438178777603057,-0.14112525521275396,-0.030388654048541797,0.041870095640912389,-0.32356015321068377,-0.11791780353263531,-0.3881675653732255,-0.092283109837523317,0.015605125301755712,0.069507231474018299,-0.38603456635821709,-0.091145457933303753
1549,0.546875,0.203125,-0.15158785376399764,-0.37947092726876991,0.40862826878594094,-0.23183780419286262,-0.35308558743051383,0.080249950428864986,-0.026385339838256083,-0.23185956082221504,-0.32118099019123969,-0.13633875734478618,-0.38864891615980351,0.017798045445675884,0.11694505090628331,-0.13741259075418055,-0.38611875488039077
1550,0.578125,0.171875,-0.038978035919209654,-0.2941616073375124,0.29673277290435585,-0.11665663317731148,-0.27808152663375019,0.077678597258101834,-0.016080080703762212,-0.12237844351642635,-0.27075570733481924,-0.026926010969326127,-0.30733203169471812,0.017852489550241806,0.10222032274865528,-0.028688205693747804,-0.30597772754710229
1551,0.546875,0.171875,-0.11529767808991226,-0.29144513566465235,0.31342275232585243,-0.16230033959624601,-0.27299789737107505,0.047002661506333754,-0.018447238293577306,-0.1679466354420916,-0.26086640442230019,-0.10542154677687014,-0.30051594053411285,0.013409603673944996,0.07403696662124766,-0.10639205294502251,-0.29869558416614878
1552,0.578125,0.203125,-0.046652684338104516,-0.38489947812838138,0.38771649593414409,-0.092281443596769805,-0.36076196247718317,0.045628759258665288,-0.024137515651198205,-0.11928289000462677,-0.33362882586100528,-0.034822661856593523,-0.39746397747504492,0.017257348456392829,0.10586999915181475,-0.036910773529203134,-0.39543487590295479
1553,0.296875,0.453125,-0.47827528660497126,0.43996105153608672,0.64985611995718451,-0.45065946158788006,0.4191929691814662,-0.0276158250170912,0.020768082354620521,-0.38990724146763456,0.38778032653458505,-0.49336112036843238,0.47514570837461956,0.038282404015214336,0.13540832693625593,-0.49123432127234162,0.47247329598627014
1554,0.328125,0.421875,-0.64781237230397259,0.33166140231690105,0.72777754533711336,-0.6064539776156197,0.31040739000863921,-0.041358394688352895,0.021254012308261849,-0.52679001373166712,0.29850636903086125,-0.6435463386636131,0.36556408795410994,0.034170032725124637,0.13464314716614276,-0.64013288150450709,0.36367956128435641
1555,0.328125,0.453125,-0.65730244002276572,0.34450094802172826,0.74211010021946944,-0.62562306330469131,0.31105994435329581,-0.031679376718074415,0.033441003668432445,-0.52955373337454159,0.29190323404995877,-0.66432551345110957,0.3773676203856739,0.033608655323574869,0.15958569496276029,-0.66080644445521231,0.37544131196035097
1556,0.296875,0.421875,-0.47535513774540195,0.42788678115105283,0.63956985894017793,-0.44518110257602894,0.39449103068835334,-0.030174035169373004,0.033395750462699492,-0.39100137091984821,0.35696799072795049,-0.47792947316247997,0.46028381383055034,0.032499152747049447,0.13502094009031765,-0.47586739473791689,0.45767515121341373
1557,0.296875,0.546875,-0.47827528660497148,0.439961051536087,0.64985611995718484,-0.45065946158788006,0.4191929691814662,-0.027615825017091422,0.020768082354620798,-0.38990724146763456,0.38778032653458511,-0.49336112036843238,0.47514570837461956,0.038282404015213996,0.1354083269362559,-0.49123432127234085,0.47247329598627075
1558,0.328125,0.578125,-0.64781237230397337,0.33166140231690139,0.72777754533711425,-0.60645397761561948,0.31040739000863921,-0.041358394688353894,0.021254012308262182,-0.52679001373166723,0.29850636903086147,-0.6435463386636131,0.36556408795410994,0.034170032725124401,0.13464314716614256,-0.64013288150450565,0.36367956128435769
1559,0.328125,0.546875,-0.65730244002276561,0.34450094802172881,0.74211010021946966,-0.62562306330469131,0.31105994435329581,-0.031679376718074304,0.033441003668433,-0.52955373337454159,0.29190323404995888,-0.66432551345110957,0.3773676203856739,0.033608655323574349,0.15958569496276023,-0.66080644445521131,0.37544131196035174
1560,0.296875,0.578125,-0.47535513774540167,0.42788678115105289,0.6395698589401777,-0.44518110257602894,0.39449103068835334,-0.030174035169372726,0.033395750462699547,-0.39100137091984816,0.35696799072795071,-0.47792947316247997,0.46028381383055034,0.032499152747049412,0.13502094009031751,-0.47586739473791573,0.45767515121341457
1561,0.203125,0.453125,-0.056560893636671369,0.42702751919774878,0.43075705083162896,-0.089598174557651775,0.41448144347631172,0.033037280920980405,0.012546075721437067,-0.078944232353351129,0.37592386863573152,-0.022313893188033972,0.41126430304282852,0.037700610383330793,0.066752839775257353,-0.023921347095614554,0.40963050394843192
1562,0.171875,0.421875,0.021285785522402314,0.2996286207235056,0.30038374626796316,-0.0046851658985724715,0.30255484716671505,0.025970951420974785,-0.0029262264432094454,-0.0085183318745281067,0.27874560586610542,0.060019777077698969,0.30261462973866082,0.038848916994484936,0.072575496411502197,0.058010542145443073,0.30199134590317517
1563,0.171875,0.453125,0.026285691708105394,0.32064847632959936,0.32172407892644156,-0.0042737523142420443,0.30745068106956769,0.030559444022347438,0.013197795260031675,-0.013938782901572067,0.28537909756893892,0.061957728338821724,0.31238561576843299,0.036616513515577181,0.080558254969449433,0.059893560445839295,0.31176045145277526
1564,0.203125,0.421875,-0.055430608249157673,0.40164803730711962,0.40545492746239126,-0.084119815545800641,0.38977950498319885,0.028689207296642968,0.011868532323920766,-0.080038361805564756,0.34511153282909696,-0.021615945755103103,0.39840052969113143,0.033970247354158642,0.079075254560040206,-0.023180848179505057,0.39679859941029871
1565,0.203125,0.546875,-0.056560893636670995,0.42702751919774862,0.43075705083162874,-0.089598174557651955,0.41448144347631172,0.03303728092098096,0.0125460757214369,-0.078944232353351046,0.37592386863573157,-0.022313893188033972,0.41126430304282852,0.037700610383330384,0.066752839775257256,-0.023921347095614356,0.40963050394843203
1566,0.171875,0.578125,0.021285785522401884,0.29962862072350549,0.30038374626796305,-0.004685165898572749,0.30255484716671505,0.025970951420974633,-0.0029262264432095564,-0.0085183318745279749,0.27874560586610558,0.060019777077698969,0.30261462973866082,0.038848916994485373,0.07257549641150203,0.058010542145443295,0.30199134590317506
1567,0.171875,0.546875,0.026285691708105643,0.32064847632959947,0.32172407892644173,-0.0042737523142422178,0.30745068106956769,0.030559444022347861,0.013197795260031786,-0.013938782901571991,0.28537909756893903,0.061957728338821724,0.31238561576843299,0.036616513515576966,0.080558254969449336,0.059893560445839378,0.31176045145277509
1568,0.203125,0.578125,-0.055430608249157944,0.40164803730711968,0.40545492746239131,-0.084119815545800808,0.3897795049831988,0.028689207296642864,0.011868532323920877,-0.080038361805564631,0.34511153282909718,-0.021615945755103103,0.39840052969113143,0.033970247354158913,0.07907525456003997,-0.023180848179504689,0.39679859941029899
1569,0.703125,0.453125,0.49971610310154213,-0.41314766871763514,0.64838813982506482,0.47540403664062597,-0.38884396576937813,0.02431206646091616,-0.024303702948257011,0.30551390014586394,-0.42091466084804929,0.54187338462160062,-0.41897717636733467,0.042558425071886417,0.23636742531014932,0.53377122911524888,-0.42124761016480272
1570,0.671875,0.421875,0.41674838737229042,-0.59561908595914737,0.72693969071458386,0.38992862562253305,-0.55775717857397111,0.026819761749757365,-0.037861907385176252,0.22950381277025611,-0.54283853892630729,0.45530985911971905,-0.58350829008459126,0.040418541290389264,0.22943931491192293,0.4473093168698053,-0.58336630391042743
1571,0.671875,0.453125,0.43062617894765215,-0.60315070935186943,0.74110031992080438,0.39320985657648727,-0.57658634381654339,0.037416322371164878,-0.02656436553532604,0.22058005928941504,-0.54551250601121104,0.47001115190426923,-0.60234892365077597,0.039393133349657994,0.25582464371740854,0.46175045889350352,-0.60212347961830481
1572,0.703125,0.421875,0.48754305184850671,-0.41198057278720618,0.63829947498006778,0.45038000477964524,-0.38688696291501279,0.037163047068861477,-0.02509360987219339,0.2820665404645355,-0.42161974300334437,0.52492434150378997,-0.40587215510376506,0.037877085195241238,0.24336782459946732,0.51708859424036369,-0.40815597174906959
1573,0.703125,0.546875,0.49971610310154252,-0.41314766871763481,0.64838813982506494,0.47540403664062586,-0.38884396576937824,0.024312066460916659,-0.024303702948256567,0.30551390014586399,-0.42091466084804924,0.54187338462160062,-0.41897717636733467,0.042558425071886077,0.23636742531014926,0.53377122911524877,-0.42124761016480172
1574,0.671875,0.578125,0.41674838737229036,-0.59561908595914725,0.72693969071458375,0.38992862562253283,-0.55775717857397134,0.026819761749757531,-0.037861907385175919,0.22950381277025619,-0.54283853892630718,0.45530985911971905,-0.58350829008459126,0.040418541290389284,0.22943931491192288,0.4473093168698053,-0.58336630391042599
1575,0.671875,0.546875,0.43062617894765209,-0.60315070935186943,0.74110031992080438,0.39320985657648716,-0.5765863438165435,0.037416322371164934,-0.026564365535325929,0.2205800592894151,-0.54551250601121093,0.47001115190426923,-0.60234892365077597,0.039393133349658049,0.25582464371740848,0.46175045889350341,-0.6021234796183037
1576,0.703125,0.578125,0.48754305184850683,-0.41198057278720618,0.63829947498006789,0.45038000477964529,-0.38688696291501268,0.037163047068861532,-0.025093609872193501,0.28206654046453561,-0.42161974300334421,0.52492434150378997,-0.40587215510376506,0.037877085195241127,0.24336782459946718,0.51708859424036369,-0.40815597174906854
1577,0.796875,0.453125,0.42882027177474724,0.000611286096722306,0.42882070747068657,0.42110400110239937,-0.033621959420392346,0.0077162706723478691,0.034233245517114652,0.30861274212417517,-0.15384395604986284,0.41013440197050066,0.037762535757152708,0.041585779801187862,0.21684025253754188,0.40682480125998766,0.030411930759646079
1578,0.828125,0.421875,0.29283551162257287,0.059256721859653284,0.29877080840136694,0.29942856639215532,0.034279498674338479,-0.0065930547695824404,0.024977223185314805,0.23466854940077481,-0.097720697595996511,0.29066139988683476,0.10341150027027471,0.044208270926723137,0.2087806512205361,0.28978268493995951,0.095980610751128528
1579,0.828125,0.453125,0.31280923769573332,0.067114878577399242,0.31992815773895994,0.3041302782244662,0.035323226051742145,0.0086789594712671225,0.031791652525657098,0.24038084452532582,-0.10369928248246549,0.30004643351901888,0.10675050712969603,0.041639791320187997,0.21874436325941601,0.29906387561679521,0.099154054176965614
1580,0.796875,0.421875,0.40367348770734934,-0.0018425355957987846,0.40367769273919174,0.39607996924141864,-0.031664956566027004,0.0075935184659307042,0.029822420970228219,0.28516538244284673,-0.15454903820515792,0.39730597034721699,0.036581376348054223,0.038947943288453073,0.22159951900403693,0.39415818312032569,0.029377844651983832
1581,0.796875,0.546875,0.42882027177474702,0.00061128609672299729,0.42882070747068635,0.42110400110239937,-0.033621959420391978,0.0077162706723476471,0.034233245517114978,0.30861274212417505,-0.15384395604986265,0.41013440197050066,0.037762535757152708,0.041585779801187141,0.21684025253754177,0.40682480125998727,0.030411930759646582
1582,0.828125,0.578125,0.29283551162257321,0.059256721859653805,0.29877080840136738,0.29942856639215543,0.034279498674339076,-0.0065930547695822184,0.024977223185314729,0.23466854940077464,-0.097720697595996192,0.29066139988683476,0.10341150027027471,0.04420827092672263,0.20878065122053582,0.28978268493995907,0.095980610751129111
1583,0.828125,0.546875,0.31280923769573304,0.067114878577399853,0.31992815773895977,0.3041302782244662,0.035323226051742512,0.008678959471266845,0.031791652525657341,0.24038084452532574,-0.10369928248246529,0.30004643351901888,0.10675050712969603,0.04163979132018733,0.21874436325941585,0.29906387561679476,0.099154054176965947
1584,0.796875,0.578125,0.4036734877073499,-0.0018425355957984401,0.4036776927391923,0.39607996924141881,-0.031664956566026435,0.0075935184659310928,0.029822420970227994,0.28516538244284667,-0.15454903820515759,0.39730597034721699,0.036581376348054223,0.038947943288452823,0.22159951900403665,0.39415818312032547,0.029377844651984591
1585,0.546875,0.703125,-0.2288827193829332,-0.618488937692386,0.65948151246261832,-0.15473765953684671,-0.59516742330886019,-0.074145059846086492,-0.02332151438352581,-0.20424251734799487,-0.52015845506380454,-0.22673810047563028,-0.6463423806859,0.027935885109487676,0.12817345413795664,-0.22816046026056788,-0.64169818349417218
1586,0.578125,0.671875,-0.054614716246388785,-0.70878738312396694,0.71088840313117685,0.011843607916049326,-0.6815512530976604,-0.066458324162438104,-0.027236130026306538,-0.076350037726059083,-0.60238481545576028,-0.064596711510190821,-0.73730336854725631,0.030212607535726174,0.13542952649049411,-0.067965889571899266,-0.73267073776207436
1587,0.546875,0.671875,-0.24920451493482451,-0.69214937564607237,0.73564505603663843,-0.2057964287411666,-0.65391230590811422,-0.043408086193657908,-0.038237069737958151,-0.24123088491913847,-0.55306540998730314,-0.25291103282477784,-0.7209512592492856,0.029039400371935836,0.16829166419497643,-0.25444493367929299,-0.71567901821959634
1588,0.578125,0.703125,-0.057396719205486765,-0.6365228665671101,0.63910542404079518,-0.015181298940753318,-0.60284379835552948,-0.042215420264733447,-0.033679068211580621,-0.091665846530406381,-0.53260629073356991,-0.057911809940455944,-0.66100226388506633,0.024484815937956605,0.13275865662033307,-0.060985719621915221,-0.65696592317227687
1589,0.453125,0.703125,-0.58052560174400569,-0.3125293539912124,0.65930612873414463,-0.56793563231908006,-0.23578391617251276,-0.012589969424925629,-0.076745437818699636,-0.52209358753595514,-0.1862885342566907,-0.60647376318887936,-0.3183680477710239,0.02659694394895093,0.15673229384335977,-0.60358648615992572,-0.3151875919960751
1590,0.421875,0.671875,-0.6944350029771531,-0.15230743563990592,0.710941297373477,-0.67681968005433957,-0.082578741203748168,-0.017615322922813537,-0.069728694436157757,-0.60610182137265944,-0.045934947443904056,-0.72005834422676851,-0.17118695428818922,0.031827532753657156,0.16933444516553606,-0.7161158769435515,-0.1689895801832686
1591,0.453125,0.671875,-0.65074414682247395,-0.34293310583842057,0.73557532564904249,-0.61899440152339991,-0.29452879877176685,-0.031749745299074039,-0.048404307066653718,-0.55908195510709868,-0.21919548918018938,-0.6764805099252158,-0.35511804858236429,0.02847513328202976,0.1796033485985721,-0.67325554149535272,-0.3515404773647644
1592,0.421875,0.703125,-0.62230225283666973,-0.14500586211527192,0.63897323412908902,-0.59489540474616265,-0.09843278821529966,-0.027406848090507085,-0.046573073899972256,-0.53193140866301347,-0.068174543100856272,-0.64554187050716083,-0.15347137848432324,0.024733475228226179,0.14206648854277606,-0.64199926183250666,-0.15152610452975393
1593,0.546875,0.796875,-0.15158785376399789,-0.37947092726877041,0.4086282687859415,-0.23183780419286315,-0.35308558743051427,0.080249950428865263,-0.026385339838256139,-0.23185956082221507,-0.32118099019124002,-0.13633875734478618,-0.38864891615980351,0.017798045445675842,0.11694505090628314,-0.13741259075418205,-0.3861187548803901
1594,0.578125,0.828125,-0.038978035919209411,-0.29416160733751373,0.29673277290435712,-0.11665663317731141,-0.27808152663375074,0.077678597258102,-0.016080080703762989,-0.12237844351642611,-0.27075570733481952,-0.026926010969326127,-0.30733203169471812,0.017852489550240658,0.10222032274865495,-0.028688205693749174,-0.3059777275471024
1595,0.546875,0.828125,-0.11529767808991265,-0.29144513566465258,0.31342275232585282,-0.16230033959624621,-0.27299789737107566,0.04700266150633356,-0.018447238293576917,-0.16794663544209162,-0.26086640442230058,-0.10542154677687014,-0.30051594053411285,0.013409603673945133,0.07403696662124748,-0.10639205294502425,-0.29869558416614883
1596,0.578125,0.796875,-0.046652684338104794,-0.38489947812838221,0.38771649593414492,-0.092281443596769763,-0.36076196247718373,0.045628759258664969,-0.024137515651198482,-0.11928289000462659,-0.33362882586100545,-0.034822661856593523,-0.39746397747504492,0.017257348456392416,0.1058699991518145,-0.036910773529204334,-0.39543487590295423
1597,0.453125,0.796875,-0.35436420698613091,-0.20263354579836673,0.4082087028417305,-0.316858105333224,-0.27847638316996737,-0.037506101652906909,0.075842837371600635,-0.31372233208362593,-0.23603179468846963,-0.36467571644085017,-0.19143630435438078,0.015221873839632274,0.067712665990882659,-0.36298767924707376,-0.18956473711025451
1598,0.421875,0.828125,-0.28535382910663099,-0.07895344200216789,0.29607508133884902,-0.2583571350779128,-0.15373285286617255,-0.026996694028718182,0.074779410864004664,-0.25881639561877756,-0.12884038149686891,-0.30014374450231984,-0.07135629200322581,0.016627034778277813,0.070798095388613327,-0.29851199408914003,-0.070470314094202624
1599,0.453125,0.828125,-0.27228997434687741,-0.15436368120576149,0.31300155942936947,-0.24732064073660706,-0.19838869311052876,-0.024969333610270344,0.044025011904767264,-0.24980940670350249,-0.17571720891953019,-0.28197908538901545,-0.14802475618322977,0.011578464631727306,0.042447145549275506,-0.28072190580209966,-0.14657885827900621
1600,0.421875,0.796875,-0.37420653180884844,-0.099255159571841625,0.38714611602086163,-0.34381787776030659,-0.14112525521275429,-0.030388654048541852,0.041870095640912666,-0.32356015321068438,-0.1179178035326352,-0.3881675653732255,-0.092283109837523317,0.015605125301754893,0.069507231474017689,-0.38603456635821998,-0.091145457933302323
1601,0.046875,0.015625,0.00081548362202253221,-0.00032095998737352902,0.00087637255278894043,0.00099228525635054591,-0.00067826649357641982,-0.0001768016343280137,0.0003573065062028908,0.0021941262154439199,0.0028796359172743357,0.00011248727254372089,4.4277979926598297e-05,0.00079221375911938308,0.0035174529593840305,3.531626051237682e-05,-1.9925578298102046e-05
1602,0.078125,0.015625,0.0010466177149883722,-0.001707149825459909,0.0020024408025944933,0.0015627545325050522,-0.00045455732438406254,-0.00051613681751667994,-0.0012525925010758465,0.0039264407053031004,0.0051921931695261981,0.00025475716563054735,0.00018380333123338272,0.0020500602358071336,0.0062100908840223186,0.00013610778046458671,0.00012281011969730258
1603,0.015625,0.046875,0.00047421951569397841,-5.8683017052646933e-05,0.00047783663061284101,0.00076888010825539445,-0.00066947586873889592,-0.00029466059256141603,0.00061079285168624895,0.0004594226019130278,0.0020274499869057595,0.00011994486319359463,1.5071688166076534e-05,0.00036187053754922971,0.0020408114935790813,8.0118201910816267e-05,-4.8860654930597889e-05
1604,0.015625,0.078125,0.00012789114942583364,-0.00083491302018686949,0.00084465134663896729,0.0011159442363147492,-0.00043697607470901474,-0.00098805308688891557,-0.00039793694547785475,0.00045703347824131626,0.0034878213087890467,0.00031169045714779699,3.9165506962071439e-05,0.00089319396389694373,0.0034517171716778082,0.00029427488011957197,-9.4764000299759569e-06
1605,0.953125,0.015625,0.0014928502161954444,0.002034388521777496,0.0025233585606359655,0.001036677866235086,0.0023135767634928622,0.00045617234996035835,-0.00027918824171536613,0.028958879136858087,0.027176141486569282,2.7439882626054471e-05,0.00011773265830759933,0.0024126742724009569,0.039612948206851101,0.0018135015387333675,0.0015271461759380699
1606,0.921875,0.015625,0.00082965675777412775,0.0014367253366710788,0.0016590690247102146,0.0014822041129651849,0.0024207251608763919,-0.00065254735519105719,-0.0009839998242053131,0.032780553283013283,0.021146838927670709,0.00014478016530036498,0.00027878949361157375,0.0013453145965016508,0.03873718077213633,0.0022937304696026926,0.0011948798576945289
1607,0.984375,0.046875,0.0016857037341772606,0.0020793883524571257,0.002676836378965573,0.0011160764790337889,0.0022704249357059511,0.00056962725514347174,-0.00019103658324882544,0.034076352302902194,0.025657848479706646,-2.5406826721936918e-06,0.00012086137067841321,0.0025857295197639269,0.042585310351445194,0.0017721813407948325,0.001650265465650126
1608,0.984375,0.078125,0.0013794647730245538,0.0014787803752756069,0.0020223042447455697,0.0016410013385625907,0.0023344215053025703,-0.0002615365655380369,-0.00085564113002696346,0.04301549961510151,0.01811025291394544,-6.6022547567158183e-06,0.00031407210676009765,0.0018104494348782014,0.046557548266876025,0.0021662402669107477,0.0015795750997786785
1609,0.984375,0.953125,0.0016857037341766034,0.002079388352457261,0.0026768363789652643,0.0011160764790331028,0.0022704249357060552,0.00056962725514350058,-0.00019103658324879421,0.034076352302901708,0.025657848479706504,-2.5406826721936918e-06,0.00012086137067841321,0.0025857295197635999,0.042585310351444722,0.0017721813407947393,0.0016502654656496058
1610,0.984375,0.921875,0.0013794647730238495,0.0014787803752757645,0.0020223042447452045,0.0016410013385618912,0.0023344215053028028,-0.00026153656553804167,-0.00085564113002703827,0.043015499615100997,0.018110252913945371,-6.6022547567158183e-06,0.00031407210676009765,0.0018104494348777636,0.046557548266875526,0.0021662402669105191,0.0015795750997781299
1611,0.953125,0.984375,0.0014928502161947921,0.0020343885217776491,0.0025233585606357026,0.0010366778662344864,0.0023135767634931068,0.00045617234996030566,-0.00027918824171545764,0.028958879136857626,0.027176141486569244,2.7439882626054471e-05,0.00011773265830759933,0.0024126742724006819,0.03961294820685074,0.001813501538733294,0.0015271461759376007
1612,0.921875,0.984375,0.00082965675777348568,0.0014367253366714117,0.0016590690247101818,0.0014822041129646582,0.0024207251608769059,-0.00065254735519117255,-0.00098399982420549416,0.032780553283012839,0.021146838927670851,0.00014478016530036498,0.00027878949361157375,0.0013453145965016105,0.038737180772136039,0.0022937304696025343,0.0011948798576941106
1613,0.015625,0.953125,0.00047421951569400931,-5.8683017052783726e-05,0.0004778366306128885,0.00076888010825546796,-0.00066947586873891359,-0.00029466059256145864,0.00061079285168612991,0.00045942260191291265,0.0020274499869056745,0.00011994486319359463,1.5071688166076534e-05,0.00036187053754928783,0.0020408114935789785,8.0118201910866683e-05,-4.8860654931253683e-05
1614,0.015625,0.921875,0.00012789114942585386,-0.00083491302018686168,0.00084465134663896262,0.0011159442363147948,-0.00043697607470901626,-0.00098805308688894094,-0.00039793694547784542,0.00045703347824118789,0.0034878213087890042,0.00031169045714779699,3.9165506962071439e-05,0.00089319396389693191,0.0034517171716777605,0.00029427488011950193,-9.4764000306325345e-06
1615,0.046875,0.984375,0.0008154836220226042,-0.00032095998737363538,0.00087637255278904635,0.00099228525635063763,-0.00067826649357639217,-0.00017680163432803344,0.00035730650620275679,0.0021941262154437976,0.0028796359172742541,0.00011248727254372089,4.4277979926598297e-05,0.00079221375911949605,0.0035174529593838925,3.5316260512404047e-05,-1.9925578298781092e-05
1616,0.078125,0.984375,0.0010466177149883588,-0.0017071498254600289,0.0020024408025945887,0.0015627545325051341,-0.00045455732438397342,-0.00051613681751677535,-0.0012525925010760555,0.0039264407053029582,0.0051921931695261634,0.00025475716563054735,0.00018380333123338272,0.002050060235807239,0.0062100908840222067,0.00013610778046442906,0.00012281011969658207
1617,0.484375,0.453125,-0.7136993114820529,-0.6589435711746473,0.97137703143648291,-0.7103105623713859,-0.6780599323896459,-0.0033887491106669998,0.019116361214998601,-0.65779484306263125,-0.52922916800208897,-0.72847157846126853,-0.65640573157129312,0.014988679113169961,0.1454959767412172,-0.72594099797060108,-0.65038525498086008
1618,0.515625,0.453125,-0.55319816459035165,-0.79852348077591295,0.97142573501869589,-0.57257790477730808,-0.79785443476842843,0.019379740186956429,-0.00066904600748451948,-0.55184448633331118,-0.64051914160446022,-0.54342778436618411,-0.81622641971719878,0.020220147795792651,0.17590875036163123,-0.54294611936671877,-0.80939314952180108
1619,0.484375,0.421875,-0.69279196691484224,-0.63523779198853181,0.93994029692965131,-0.68128924814240688,-0.64467443152925363,-0.011502718772435361,0.0094366395407218251,-0.62169476191688,-0.4942640861219425,-0.70568600429607564,-0.63587427650647399,0.012909737120879899,0.16464499633193849,-0.70323753112526555,-0.63006114079690989
1620,0.515625,0.421875,-0.53261542060551104,-0.77451668403113427,0.93997621252315178,-0.54355659054832905,-0.76446893390803605,0.010941169942818019,-0.01004775012309822,-0.51574440518755993,-0.60555405972431375,-0.52643012179401205,-0.79069599660674517,0.017321318564325627,0.18545005077371002,-0.52597057698217886,-0.78410117086517028
1621,0.453125,0.484375,-0.83517883757173106,-0.47159704006876441,0.95912848926996619,-0.78730492659139772,-0.46545732047697114,-0.047873910980333334,-0.006139719591793269,-0.70757842897106649,-0.3625717612467062,-0.86822253810238326,-0.45577291428577937,0.036637263838272038,0.18572287076826902,-0.86408550904328518,-0.45106613735875106
1622,0.453125,0.515625,-0.83517883757173039,-0.4715970400687638,0.9591284892699653,-0.78730492659139772,-0.46545732047697114,-0.047873910980332668,-0.0061397195917926584,-0.70757842897106649,-0.3625717612467062,-0.86822253810238326,-0.45577291428577937,0.036637263838272378,0.18572287076826902,-0.86408550904328463,-0.4510661373587504
1623,0.421875,0.484375,-0.89413597998873362,-0.22096645715309757,0.92103492110625462,-0.83527797658243053,-0.21946920770390402,-0.058858003406303094,-0.0014972494491935495,-0.72126193373375047,-0.16094927261117695,-0.92415209903900475,-0.21970828392164471,0.030042476640922831,0.21122746172734522,-0.91912439171555194,-0.21678087196990137
1624,0.421875,0.515625,-0.89413597998873406,-0.22096645715309693,0.92103492110625496,-0.83527797658243053,-0.21946920770390402,-0.058858003406303538,-0.0014972494491929111,-0.72126193373375047,-0.16094927261117692,-0.92415209903900475,-0.21970828392164471,0.030042476640922359,0.21122746172734522,-0.91912439171555171,-0.21678087196990101
1625,0.546875,0.484375,-0.35097836557876599,-0.89264844732476534,0.95916998681967536,-0.35165663716613837,-0.84432254720054722,0.00067827158737238102,-0.048325900124218113,-0.39588739262107298,-0.69251251415782122,-0.32459628268891061,-0.9252981024135073,0.041976353760432954,0.24345749619780754,-0.32645723258973963,-0.9182634143469105
1626,0.546875,0.515625,-0.3509783655787661,-0.89264844732476589,0.95916998681967591,-0.35165663716613837,-0.84432254720054734,0.00067827158737227,-0.048325900124218557,-0.39588739262107298,-0.69251251415782122,-0.32459628268891061,-0.9252981024135073,0.041976353760432593,0.24345749619780754,-0.32645723258973924,-0.91826341434690983
1627,0.578125,0.484375,-0.094885959747232074,-0.9158630190983259,0.92076512483317585,-0.10171405532598962,-0.85740515877227375,0.0068280955787575481,-0.058457860326052158,-0.20383021776308352,-0.70954080483103565,-0.082906040894874203,-0.94628506305717941,0.03269585928437261,0.26583923780040636,-0.087107378023921586,-0.93997838805882705
1628,0.578125,0.515625,-0.094885959747232157,-0.91586301909832601,0.92076512483317596,-0.10171405532598968,-0.85740515877227375,0.0068280955787575204,-0.058457860326052269,-0.20383021776308349,-0.70954080483103565,-0.082906040894874203,-0.94628506305717941,0.03269585928437254,0.26583923780040636,-0.08710737802392142,-0.9399783880588265
1629,0.515625,0.546875,-0.55319816459035187,-0.79852348077591317,0.97142573501869622,-0.57257790477730863,-0.79785443476842899,0.019379740186956762,-0.00066904600748418641,-0.55184448633331118,-0.64051914160446022,-0.54342778436618411,-0.81622641971719878,0.020220147795792565,0.17590875036163123,-0.54294611936671777,-0.80939314952179942
1630,0.484375,0.546875,-0.71369931148205301,-0.65894357117464764,0.97137703143648313,-0.71031056237138646,-0.67805993238964646,-0.0033887491106665557,0.019116361214998823,-0.65779484306263125,-0.52922916800208897,-0.72847157846126853,-0.65640573157129312,0.014988679113169909,0.1454959767412172,-0.72594099797059952,-0.65038525498085831
1631,0.515625,0.578125,-0.53261542060551159,-0.7745166840311356,0.93997621252315311,-0.54355659054833017,-0.76446893390803705,0.010941169942818574,-0.010047750123098553,-0.51574440518756004,-0.60555405972431364,-0.52643012179401205,-0.79069599660674517,0.017321318564324579,0.18545005077371013,-0.52597057698217742,-0.78410117086516762
1632,0.484375,0.578125,-0.69279196691484324,-0.63523779198853314,0.93994029692965297,-0.68128924814240799,-0.64467443152925463,-0.01150271877243525,0.009436639540721492,-0.62169476191688011,-0.49426408612194245,-0.70568600429607564,-0.63587427650647399,0.012909737120878836,0.16464499633193849,-0.70323753112526421,-0.63006114079690789
1633,0.453125,0.015625,-0.0154716235039152,0.0043084919898471498,0.016060331163256825,-0.010401780011094715,0.012875568384362305,-0.005069843492820485,-0.0085670763945151548,-0.029694336564188503,-0.014153060311569996,-0.0032927661380892062,-0.0017285356610282738,0.01359302282770718,0.029178960463940452,-0.0040389898043776311,-0.001697667972224819
1634,0.421875,0.015625,-0.012318074804572228,0.00032856983889465591,0.012322456128145412,-0.0097936004286038603,0.0090456141406825997,-0.0025244743759683681,-0.0087170443017879438,-0.040571069170284635,-0.0092220615033711956,-0.0035048810697895709,-0.00083325180562125636,0.0088894439275175111,0.038003610729065537,-0.0041046377441064479,-0.00062404598869432416
1635,0.546875,0.015625,0.0081341967847609869,-0.012270929563263977,0.0147221217791391,0.013487716334309141,-0.0086583647180978555,-0.0053535195495481545,-0.0036125648451661215,0.018700187846511666,-0.052143091535180444,-0.001231043426405084,-0.0035092273300397895,0.012824786557152818,0.052559554103688476,-0.002050477736406989,-0.0044448294538880061
1636,0.578125,0.015625,0.0030109281707720696,-0.011514704261254539,0.011901852909261747,0.0096452918820837379,-0.0091525173107221171,-0.0066343637113116683,-0.0023621869505324224,0.028930389230645611,-0.056819058783002037,-0.0003144242312556611,-0.0035888211557194736,0.0085952074786056071,0.060734811371061084,-0.00096144858761911456,-0.0049053355121213447
1637,0.484375,0.046875,-0.028217013854358,-0.017817469272206534,0.033371575961033899,-0.045572242424097034,-0.023185483341606021,0.017355228569739034,0.005368014069399487,-0.054850582746649341,-0.051380658710915364,-0.023680055027871991,-0.021337447202883872,0.0057423200908417512,0.043291989512880824,-0.024231829511072819,-0.021305711592257734
1638,0.515625,0.046875,-0.013881056716242889,-0.029614541520593764,0.032706341969632187,-0.017232142043976918,-0.048055218095121623,0.0033510853277340293,0.018440676574527859,-0.027562992326179252,-0.079763723878505416,-0.017664930544918963,-0.026532657011729736,0.0048801345552469963,0.054143495517012835,-0.018359838031433984,-0.02674063955214152
1639,0.484375,0.078125,-0.065815454525616296,-0.054847948887174904,0.085673633934505292,-0.080134525254608499,-0.06307648931125405,0.014319070728992203,0.0082285404240791463,-0.090883561535206311,-0.083677258302061935,-0.061535333655844009,-0.055447799063303445,0.0043219503576119103,0.040721257944367407,-0.061791082041337396,-0.055067589354043378
1640,0.515625,0.078125,-0.045429316831860612,-0.072446024583189689,0.085511691047000696,-0.051794424874488383,-0.087946224064769651,0.0063651080426277706,0.015500199481579963,-0.063595971114736222,-0.11206032346965197,-0.045904344133045859,-0.068948146449454462,0.0035299861721165954,0.04660100291496011,-0.046436288344776727,-0.068716434185078334
1641,0.015625,0.453125,0.0077566699897809515,-0.0019960412081303008,0.0080093763699131213,0.0079957804284355397,-0.0093386890800045905,-0.00023911043865458819,0.0073426478718742897,0.0017026640668744311,0.010918096710176552,0.0036898741880504351,0.00046365164504452797,0.0047527799259940795,0.010641636419534717,0.0045005010330815094,0.00099332964974374366
1642,0.015625,0.421875,0.0079410759082489089,0.00033686686846134874,0.0079482177793287843,0.0081585964173275655,-0.00405938770538148,-0.00021752050907865653,0.0043962545738428288,0.0042864158520707751,0.020890554587418956,0.0035744600738173917,0.00044914926875787715,0.0043680592009408947,0.020453799950913128,0.004356752329516207,0.00094934149842569072
1643,0.015625,0.546875,0.0077566699897809741,-0.0019960412081305953,0.0080093763699132167,0.007995780428435479,-0.0093386890800046685,-0.00023911043865450492,0.0073426478718740737,0.0017026640668744409,0.010918096710176621,0.0036898741880504351,0.00046365164504452797,0.0047527799259942513,0.010641636419534785,0.0045005010330814721,0.00099332964974360206
1644,0.015625,0.578125,0.0079410759082486817,0.00033686686846126119,0.0079482177793285536,0.008158596417327503,-0.0040593877053816327,-0.00021752050907882133,0.0043962545738428938,0.004286415852070769,0.020890554587419063,0.0035744600738173917,0.00044914926875787715,0.00436805920094067,0.020453799950913235,0.0043567523295161342,0.00094934149842547865
1645,0.046875,0.484375,0.031561349096493635,0.017717144919713074,0.036194142908720112,0.041059058781160507,0.032930112921638562,-0.0094977096846668718,-0.015212968001925488,0.021698920272356509,0.04530272278683399,0.029660164486749227,0.011675028988310151,0.0063341667051666712,0.034557245255495701,0.029827038230315597,0.012904745019334042
1646,0.046875,0.515625,0.031561349096493586,0.017717144919713129,0.036194142908720098,0.041059058781160451,0.032930112921638555,-0.0094977096846668649,-0.015212968001925425,0.021698920272356537,0.045302722786834018,0.029660164486749227,0.011675028988310151,0.0063341667051667093,0.034557245255495722,0.029827038230315583,0.012904745019333997
1647,0.078125,0.484375,0.078426762786600129,0.058419281236924393,0.097793504597312148,0.074285153122777503,0.080478216297904831,0.0041416096638226263,-0.022058935060980438,0.044278928263034929,0.08965980674073383,0.067173283393845068,0.048464478818931921,0.015024609466619477,0.047129677905120938,0.066477272965871595,0.049892598400940735
1648,0.078125,0.515625,0.078426762786600213,0.058419281236924706,0.097793504597312411,0.074285153122777448,0.080478216297904817,0.0041416096638227651,-0.022058935060980112,0.044278928263034957,0.089659806740733858,0.067173283393845068,0.048464478818931921,0.015024609466619746,0.047129677905120945,0.066477272965871637,0.049892598400940714
1649,0.984375,0.453125,0.0011687360308522817,0.0052344536921186272,0.0053633431145831681,-0.0060471265643616406,0.004907090755900163,0.0072158625952139224,0.00032736293621846418,0.10299314964610766,-0.066014256547327205,-7.8159240525567991e-05,0.0037180687869798517,0.0019632042681079253,0.12444393079669815,0.0046173964178743629,0.0030257978636411597
1650,0.984375,0.421875,0.0033154572395846537,0.0059439637946666762,0.006806097435375324,-0.00092247177603780976,0.0059603171678092532,0.004237929015622463,-1.6353373142576934e-05,0.10786054542641517,-0.055092489010531168,-7.5714528577502366e-05,0.0036017727850466441,0.0041213959633508825,0.12286273878112754,0.0045640615670683397,0.002963263318913608
1651,0.984375,0.546875,0.0011687360308522928,0.0052344536921189152,0.0053633431145834508,-0.0060471265643617838,0.0049070907559004787,0.0072158625952140768,0.00032736293621843642,0.10299314964610755,-0.066014256547327121,-7.8159240525567991e-05,0.0037180687869798517,0.0019632042681081547,0.12444393079669801,0.0046173964178741053,0.0030257978636410113
1652,0.984375,0.578125,0.0033154572395839607,0.0059439637946668003,0.006806097435375095,-0.00092247177603810813,0.0059603171678097614,0.0042379290156220693,-1.6353373142961175e-05,0.10786054542641496,-0.055092489010531057,-7.5714528577502366e-05,0.0036017727850466441,0.0041213959633503829,0.1228627387811273,0.0045640615670679216,0.0029632633189133756
1653,0.953125,0.484375,0.016261885441547854,0.031852538385043816,0.035763572524074208,0.030126272102332458,0.042691254999235782,-0.013864386660784603,-0.010838716614191966,0.1111599079760295,-0.064800262065184716,0.0072352312735606342,0.03104324544368698,0.0090628605050155683,0.14137296898387547,0.01208668858309718,0.028647153875489145
1654,0.953125,0.515625,0.016261885441547868,0.031852538385043691,0.035763572524074104,0.030126272102332468,0.0426912549992359,-0.0138643866607846,-0.010838716614192209,0.11115990797602947,-0.064800262065184661,0.0072352312735606342,0.03104324544368698,0.0090628605050155717,0.14137296898387541,0.012086688583097078,0.028647153875489113
1655,0.921875,0.484375,0.048894856000721125,0.082953094186353493,0.09629082395753652,0.071424325557350385,0.081528645654480494,-0.02252946955662926,0.0014244485318729988,0.12419406208625886,-0.052664500046246204,0.038175016782974469,0.07351002518514152,0.014285884817398946,0.15270653873444512,0.042478084212683578,0.069283287160231646
1656,0.921875,0.515625,0.048894856000721187,0.08295309418635359,0.096290823957536631,0.071424325557350399,0.081528645654480619,-0.022529469556629211,0.001424448531872971,0.12419406208625881,-0.052664500046246142,0.038175016782974469,0.07351002518514152,0.014285884817399057,0.15270653873444506,0.04247808421268346,0.06928328716023166
1657,0.546875,0.984375,0.0081341967847615923,-0.012270929563264471,0.014722121779139848,0.013487716334309766,-0.0086583647180986569,-0.0053535195495481736,-0.0036125648451658145,0.018700187846511868,-0.052143091535181214,-0.001231043426405084,-0.0035092273300397895,0.012824786557153599,0.05255955410368926,-0.0020504777364077965,-0.0044448294538900939
1658,0.578125,0.984375,0.0030109281707728186,-0.011514704261254982,0.011901852909262364,0.0096452918820845047,-0.0091525173107226861,-0.0066343637113116857,-0.0023621869505322957,0.02893038923064602,-0.056819058783002634,-0.0003144242312556611,-0.0035888211557194736,0.0085952074786063062,0.060734811371061806,-0.00096144858761961481,-0.0049053355121232321
1659,0.453125,0.984375,-0.015471623503914973,0.0043084919898461697,0.016060331163256343,-0.010401780011094569,0.012875568384361366,-0.0050698434928204035,-0.0085670763945151964,-0.029694336564188864,-0.014153060311570716,-0.0032927661380892062,-0.0017285356610282738,0.013593022827706542,0.029178960463941084,-0.0040389898043794127,-0.0016976679722269989
1660,0.421875,0.984375,-0.012318074804572246,0.00032856983889369026,0.012322456128145403,-0.0097936004286038846,0.0090456141406817289,-0.0025244743759683611,-0.0087170443017880392,-0.040571069170285148,-0.0092220615033717594,-0.0035048810697895709,-0.00083325180562125636,0.0088894439275174018,0.038003610729066162,-0.0041046377441084896,-0.00062404598869638696
1661,0.515625,0.953125,-0.013881056716242682,-0.029614541520594968,0.032706341969633186,-0.017232142043976582,-0.048055218095122643,0.0033510853277338992,0.018440676574527675,-0.027562992326179356,-0.079763723878506249,-0.017664930544918963,-0.026532657011729736,0.0048801345552479166,0.054143495517013675,-0.018359838031435604,-0.026740639552143407
1662,0.484375,0.953125,-0.028217013854357903,-0.01781746927220737,0.03337157596103426,-0.045572242424096868,-0.02318548334160701,0.017355228569738965,0.0053680140693996396,-0.054850582746649647,-0.051380658710916134,-0.023680055027871991,-0.021337447202883872,0.0057423200908411614,0.043291989512881573,-0.024231829511074769,-0.021305711592259555
1663,0.515625,0.921875,-0.0454293168318608,-0.07244602458319066,0.085511691047001612,-0.051794424874488196,-0.087946224064770651,0.0063651080426273959,0.01550019948157999,-0.063595971114736416,-0.11206032346965272,-0.045904344133045859,-0.068948146449454462,0.003529986172117533,0.04660100291496088,-0.046436288344778705,-0.068716434185079764
1664,0.484375,0.921875,-0.065815454525616768,-0.054847948887175632,0.085673633934506124,-0.080134525254608471,-0.063076489311255021,0.014319070728991704,0.0082285404240793891,-0.090883561535206714,-0.083677258302062602,-0.061535333655844009,-0.055447799063303445,0.0043219503576122772,0.040721257944368164,-0.061791082041339672,-0.05506758935404469
1665,0.234375,0.203125,-0.063670617581807351,0.21708324655876854,0.22622794584167502,-0.080987701528463268,0.2313901047407044,0.017317083946655917,-0.014306858181935861,-0.077985500209898279,0.21761039036309704,-0.064691514500976391,0.20605792974998813,0.011072481260022285,0.017612194702718117,-0.065075636601542503,0.20477435253717222
1666,0.265625,0.203125,-0.12407603867274285,0.21683930582932709,0.24982823684536626,-0.10579349876770687,0.23257681628940138,-0.018282539905035977,-0.015737510460074294,-0.10274970668536698,0.21764254349859213,-0.13431557571581518,0.21702165724924918,0.01024116062254655,0.031571974714642598,-0.13408118989635631,0.21557233755745125
1667,0.234375,0.171875,-0.050946594417439671,0.16374538707669595,0.17148792164940388,-0.061110617581375717,0.17509187330396042,0.010164023163936046,-0.011346486227264474,-0.063074841470522294,0.16922981132988207,-0.050021576071611881,0.15933067091808956,0.0045105850730452193,0.016382329457887715,-0.050360657647918583,0.15827602359484866
1668,0.265625,0.171875,-0.098397332507385651,0.16520874239280872,0.19229135083924717,-0.085916414820619305,0.17627858485265741,-0.012480917686766346,-0.011069842459848683,-0.087839047945990983,0.1692619644653772,-0.10385715715728977,0.16780818042398363,0.0060470458312815107,0.016083945745497454,-0.10369785157731912,0.16662828362413687
1669,0.203125,0.234375,-0.023338667722273807,0.23244751234075092,0.23361622247706657,-0.053672311579378393,0.22781604015718104,0.030333643857104586,0.0046314721835698791,-0.054997129449427237,0.21436728298773106,-0.011700864323332916,0.21565702454445584,0.020429364855274725,0.043315470759905106,-0.012669440856389333,0.2145893794174982
1670,0.203125,0.265625,-0.03347219601557206,0.26684987669437404,0.26894096861190098,-0.041816855470497974,0.24166306546997804,0.0083446594549259137,0.025186811224396005,-0.045564084704244626,0.22702837030086795,-0.013827282122967386,0.2548487391849788,0.023020641680180542,0.042204236314983469,-0.014922958577545661,0.25365244798239373
1671,0.171875,0.234375,0.019054235775558079,0.17151402590870726,0.17256918897764822,-0.0064798376832059801,0.16794374413691371,0.025534073458764059,0.0035702817717935542,-0.017098099949580208,0.16274359657915013,0.032489129842354796,0.16380743942197257,0.015488313460915344,0.049598640304270344,0.03125375245220622,0.16329181952808522
1672,0.171875,0.265625,0.019029485567957912,0.19864238359290745,0.19955179247617122,0.0053756184256744492,0.18179076944971068,0.013653867142283463,0.016851614143196775,-0.0076650552043975965,0.17540468389228703,0.038393434181108133,0.19357644154644216,0.020015650744126888,0.049513606420014386,0.036992333200995285,0.19302396194700719
1673,0.296875,0.265625,-0.2952239308877232,0.27100184094927038,0.4007482590937767,-0.30766243352965955,0.24271558053015549,0.012438502641936355,0.028286260419114889,-0.26866038688078675,0.22664782038055509,-0.30572179145752398,0.29443422104109829,0.025676477821361541,0.077256351348690369,-0.30438886471839316,0.29259298723195781
1674,0.296875,0.234375,-0.2443583183971732,0.23473850854386014,0.33884089948424195,-0.22396992453437414,0.22848475819767064,-0.020388393862799059,0.0062537503461894961,-0.19920330173001022,0.21006673356996211,-0.25870660414087837,0.2491548839396043,0.020339743934819604,0.071193584662657544,-0.25757614671872747,0.24754369689727151
1675,0.328125,0.265625,-0.40834255061319275,0.21523974915190805,0.46159699766816525,-0.40596177534923927,0.18232529100168074,-0.0023807752639534718,0.03291445815022731,-0.35020332318605396,0.17069143141871013,-0.41166354156878526,0.23384393333673187,0.018898271087852879,0.088122624462499771,-0.40943673253149365,0.23248608915168464
1676,0.328125,0.234375,-0.34235484693702756,0.18565424573268124,0.38945389994175994,-0.32226926635395386,0.16809446866919589,-0.020085580583073692,0.017559777063485354,-0.28074623803527748,0.15411034460811715,-0.34835618481800157,0.19788242638535336,0.013621470494627161,0.080542535638480101,-0.34645791468329801,0.19669025351567729
1677,0.265625,0.296875,-0.22346966631622944,0.34272423280524555,0.40914372965430018,-0.22831383379824605,0.34265326822142106,0.0048441674820166036,7.0964583824495442e-05,-0.20704215677861382,0.30734903773459654,-0.22337344930523717,0.36091775578039487,0.018193777396695008,0.056002845183618866,-0.22292795109757196,0.35875095622415076
1678,0.234375,0.296875,-0.1216730904982008,0.34049538986829131,0.36158187381690343,-0.1079600714548366,0.34108275965303619,-0.013713019043364194,-0.00058736978474488444,-0.103387820407186,0.30339688510164536,-0.10758519001129803,0.34268453438592139,0.014256973516421538,0.039511230022334136,-0.10810198416182926,0.34079666830629585
1679,0.265625,0.328125,-0.24727995296014785,0.38894672884159748,0.46089796377566272,-0.24726457588641226,0.38220066638421191,-1.5377073735584057e-05,0.006746062457385571,-0.22696686298170815,0.33209386612679304,-0.24915799175751052,0.40257937324049931,0.013761396114904505,0.073896230684795963,-0.2486532643383948,0.4002195408657428
1680,0.234375,0.328125,-0.13060805681054286,0.38199269653898726,0.40370395677148474,-0.12691081354300282,0.38063015781582704,-0.0036972432675400346,0.0013625387231602226,-0.12331252661028036,0.32814171349384191,-0.12000401108296231,0.38224144659770837,0.0106069629199094,0.054200806238506163,-0.12056030045379433,0.38019257478854984
1681,0.765625,0.203125,0.22362890304410538,-0.035005939573471943,0.22635216385564211,0.24010039262213631,-0.050063636353195218,-0.016471489578030934,0.015057696779723274,0.19809498815343837,-0.11995833648593815,0.2132777296273147,-0.034021647612940888,0.010397866212259131,0.087267577788757822,0.21164513120006911,-0.038169765200272328
1682,0.734375,0.203125,0.23143897568318472,-0.0946347445965246,0.25003946558519757,0.24434144395802537,-0.074443834564241765,-0.012902468274840651,-0.020190910032282836,0.19515900747904,-0.14293633193056832,0.2342550871030922,-0.10130956401744189,0.0072445633292275036,0.057107716193729216,0.23162386280700722,-0.10471533552462813
1683,0.765625,0.171875,0.16942933014552869,-0.029847144895735894,0.17203822241580388,0.18199588686585563,-0.038234119405039325,-0.012566556720326943,0.0083869745093034312,0.16190205550066747,-0.10065853678377713,0.16491325422242781,-0.026306640790216933,0.0057384763713383101,0.074412846710626021,0.16392802241776061,-0.030041628968767223
1684,0.734375,0.171875,0.17712000900750452,-0.076483532270484919,0.19292803917364834,0.1862369382017447,-0.062614317616085866,-0.0091169291942401753,-0.013869214654399054,0.15896607482626909,-0.12363653222840729,0.18113362703098468,-0.07833583897937367,0.0044204264253801416,0.050433651261750131,0.17926463298884054,-0.081507696704466961
1685,0.796875,0.234375,0.23338859202521767,0.0067891353327354798,0.23348731709898013,0.2330232398598375,-0.023671028507405368,0.00036535216538016724,0.030460163840140848,0.19678620384626225,-0.10706012752754718,0.21506453182995339,0.019801757751372589,0.022474419330645361,0.1281718971163382,0.21414847589933797,0.01478849548479972
1686,0.796875,0.265625,0.26853774119549467,0.001433703511235641,0.2685415683877202,0.24486432756832333,-0.010337836561571976,0.023673413627171347,0.011771540072807616,0.20408885165604107,-0.10734037633030341,0.25414857177060313,0.023400364570751096,0.026259900891699234,0.13999684606913454,0.25276149975007517,0.017897178297295646
1687,0.828125,0.234375,0.16781108362651617,0.040050224545964699,0.17252414403232899,0.16784158134125798,0.014551096286540378,-3.0497714741811732e-05,0.025499128259424322,0.15928448688631525,-0.074862118866995175,0.15733707155991358,0.055977376509150946,0.019062505040780033,0.13085398724050432,0.15786078625694699,0.050999018301711475
1688,0.828125,0.265625,0.19437014479537262,0.043619213553118666,0.19920438995857168,0.17968266904974384,0.02788428823237377,0.014687475745628786,0.015734925320744896,0.1665871346960941,-0.075142367669751409,0.18593020282460157,0.066150239512829792,0.024059920017887829,0.14261050146842369,0.18616268466986041,0.060624920426200858
1689,0.703125,0.265625,0.30818324994728624,-0.25606057186152709,0.4006793381372738,0.28214095140829409,-0.2723054709132432,0.026042298538992148,0.016244899051716111,0.18950782974752556,-0.30082982933094904,0.33578345566824186,-0.25962818643508245,0.027829826258611745,0.15196754296827938,0.33087401764747454,-0.26199741634753904
1690,0.703125,0.234375,0.26544256028099122,-0.21084786505297293,0.33899347339723862,0.25644090318962182,-0.19161152562046121,0.0090016570913694083,-0.019236339432511712,0.18030214858945209,-0.23450400770676083,0.28414525876114849,-0.21970146822591508,0.020692443538248645,0.10489283438449488,0.28002557532547528,-0.22207214583340276
1691,0.671875,0.265625,0.2688894753752693,-0.37539865577036796,0.46176368493179148,0.23613590488360986,-0.37764364502130676,0.032753570491659445,0.0022449892509388003,0.13845803820516678,-0.37309770540498055,0.29125248308557583,-0.37325841947883137,0.022465189187603995,0.15279452940248187,0.28610703396461662,-0.37398048329829919
1692,0.671875,0.234375,0.23057684612544788,-0.31433345077055358,0.38983483713296135,0.21043585666493755,-0.29694969972852481,0.020140989460510322,-0.017383751042028772,0.12925235704709331,-0.30677188378079234,0.24646244707465248,-0.31585716448274936,0.015958509360028076,0.11756167542912051,0.24208597938919793,-0.31679377117248719
1693,0.734375,0.296875,0.36897193222336355,-0.17535653284779182,0.40852197049980199,0.3696172374222092,-0.18014270999641585,-0.00064530519884564708,0.0047861771486240323,0.2573863662461523,-0.24938955813017655,0.38957780245999596,-0.16848281847866992,0.021722104811394458,0.15498540682695056,0.38474655422430615,-0.17249030157407333
1694,0.765625,0.296875,0.352875553706614,-0.075312048901535755,0.36082275581439804,0.35151722557613363,-0.061735374546753936,0.0013583281304803685,-0.013576674354781819,0.258419313572256,-0.16036598986411443,0.35469141886895511,-0.056579683613380637,0.018820172038976766,0.14156240893482219,0.35119110309481805,-0.061834927330314517
1695,0.734375,0.328125,0.4177262193503532,-0.19237786322692385,0.45989611500043837,0.41108847691144002,-0.19331812318765207,0.0066377424389131856,0.00094025996072821805,0.27421511120242026,-0.27021716300343557,0.43454771906036438,-0.18793120144027051,0.017399300374980289,0.18021521748427341,0.4290760329434477,-0.19209546879932796
1696,0.765625,0.328125,0.39483914468575393,-0.078349090303812471,0.4025376133078904,0.3929884650653645,-0.074910787737990148,0.0018506796203894282,-0.0034383025658223237,0.27524805852852402,-0.18119359473737343,0.39563431506243402,-0.063110814589792549,0.015259008574099397,0.16863093941987725,0.39158956134374739,-0.068667452406714041
1697,0.796875,0.765625,0.23338859202521847,0.0067891353327361034,0.23348731709898093,0.23302323985983844,-0.023671028507404036,0.00036535216538002846,0.03046016384014014,0.19678620384626241,-0.10706012752754639,0.21506453182995339,0.019801757751372589,0.022474419330645656,0.12817189711633739,0.21414847589933722,0.014788495484800631
1698,0.796875,0.734375,0.26853774119549539,0.0014337035112365333,0.26854156838772092,0.24486432756832424,-0.010337836561570682,0.023673413627171153,0.011771540072807216,0.20408885165604126,-0.10734037633030265,0.25414857177060313,0.023400364570751096,0.026259900891698884,0.13999684606913379,0.25276149975007434,0.017897178297296666
1699,0.828125,0.765625,0.167811083626517,0.040050224545965574,0.17252414403232999,0.16784158134125871,0.01455109628654171,-3.049771474170071e-05,0.025499128259423864,0.15928448688631525,-0.07486211886699444,0.15733707155991358,0.055977376509150946,0.019062505040779758,0.13085398724050359,0.15786078625694605,0.050999018301712176
1700,0.828125,0.734375,0.19437014479537315,0.043619213553119728,0.19920438995857243,0.1796826690497445,0.02788428823237506,0.014687475745628648,0.015734925320744667,0.1665871346960941,-0.075142367669750701,0.18593020282460157,0.066150239512829792,0.02405992001788702,0.142610501468423,0.18616268466985939,0.060624920426201628
1701,0.765625,0.796875,0.22362890304410632,-0.035005939573471347,0.22635216385564294,0.2401003926221375,-0.050063636353193997,-0.016471489578031184,0.01505769677972265,0.19809498815343873,-0.11995833648593737,0.2132777296273147,-0.034021647612940888,0.010397866212260014,0.087267577788756989,0.21164513120006856,-0.038169765200271509
1702,0.734375,0.796875,0.23143897568318594,-0.09463474459652417,0.25003946558519857,0.24434144395802665,-0.074443834564240766,-0.012902468274840706,-0.020190910032283405,0.1951590074790405,-0.14293633193056765,0.2342550871030922,-0.10130956401744189,0.0072445633292274256,0.05710771619372839,0.23162386280700689,-0.10471533552462729
1703,0.765625,0.828125,0.16942933014552972,-0.029847144895735391,0.17203822241580483,0.18199588686585683,-0.038234119405038208,-0.01256655672032711,0.0083869745093028171,0.16190205550066786,-0.10065853678377643,0.16491325422242781,-0.026306640790216933,0.005738476371338808,0.074412846710625286,0.16392802241776017,-0.030041628968766682
1704,0.734375,0.828125,0.17712000900750552,-0.076483532270484642,0.19292803917364915,0.18623693820174597,-0.062614317616084991,-0.0091169291942404529,-0.01386921465439965,0.15896607482626959,-0.1236365322284067,0.18113362703098468,-0.07833583897937367,0.0044204264253793505,0.050433651261749389,0.17926463298884021,-0.081507696704466448
1705,0.734375,0.703125,0.36897193222336427,-0.17535653284779126,0.40852197049980238,0.3696172374222102,-0.18014270999641485,-0.00064530519884592463,0.0047861771486235882,0.25738636624615269,-0.24938955813017588,0.38957780245999596,-0.16848281847866992,0.021722104811393597,0.15498540682694989,0.38474655422430565,-0.17249030157407175
1706,0.765625,0.703125,0.35287555370661472,-0.075312048901534853,0.3608227558143986,0.35151722557613468,-0.061735374546752778,0.0013583281304800354,-0.013576674354782076,0.25841931357225634,-0.16036598986411371,0.35469141886895511,-0.056579683613380637,0.018820172038975798,0.14156240893482144,0.35119110309481749,-0.061834927330313191
1707,0.734375,0.671875,0.4177262193503537,-0.19237786322692313,0.45989611500043848,0.4110884769114409,-0.19331812318765118,0.006637742438912797,0.00094025996072805151,0.27421511120242059,-0.27021716300343501,0.43454771906036438,-0.18793120144027051,0.017399300374979623,0.18021521748427285,0.42907603294344721,-0.19209546879932632
1708,0.765625,0.671875,0.39483914468575415,-0.078349090303811569,0.4025376133078904,0.39298846506536539,-0.074910787737989121,0.0018506796203887621,-0.0034383025658224486,0.27524805852852424,-0.18119359473737282,0.39563431506243402,-0.063110814589792549,0.015259008574098485,0.16863093941987664,0.39158956134374662,-0.06866745240671264
1709,0.703125,0.734375,0.30818324994728713,-0.25606057186152748,0.40067933813727474,0.28214095140829509,-0.27230547091324259,0.026042298538992037,0.016244899051715112,0.18950782974752597,-0.30082982933094848,0.33578345566824186,-0.25962818643508245,0.027829826258610815,0.15196754296827886,0.33087401764747409,-0.26199741634753759
1710,0.703125,0.765625,0.26544256028099222,-0.21084786505297276,0.33899347339723934,0.25644090318962293,-0.19161152562046063,0.0090016570913692973,-0.019236339432512128,0.18030214858945257,-0.23450400770676033,0.28414525876114849,-0.21970146822591508,0.020692443538247816,0.10489283438449434,0.28002557532547484,-0.2220721458334016
1711,0.671875,0.734375,0.26888947537526992,-0.37539865577036802,0.46176368493179187,0.23613590488361066,-0.37764364502130665,0.032753570491659251,0.0022449892509386338,0.13845803820516719,-0.37309770540498022,0.29125248308557583,-0.37325841947883137,0.022465189187603391,0.15279452940248145,0.28610703396461618,-0.37398048329829764
1712,0.671875,0.765625,0.23057684612544857,-0.31433345077055397,0.38983483713296208,0.21043585666493853,-0.29694969972852475,0.020140989460510045,-0.017383751042029216,0.12925235704709379,-0.30677188378079207,0.24646244707465248,-0.31585716448274936,0.015958509360027347,0.11756167542912006,0.24208597938919743,-0.31679377117248608
1713,0.203125,0.765625,-0.02333866772227431,0.23244751234075176,0.23361622247706743,-0.053672311579378851,0.22781604015718182,0.030333643857104541,0.0046314721835699346,-0.054997129449427189,0.21436728298773178,-0.011700864323332916,0.21565702454445584,0.020429364855275696,0.043315470759905036,-0.0126694408563901,0.21458937941749917
1714,0.203125,0.734375,-0.033472196015572268,0.26684987669437443,0.26894096861190142,-0.04181685547049846,0.24166306546997879,0.0083446594549261913,0.025186811224395644,-0.045564084704244549,0.22702837030086864,-0.013827282122967386,0.2548487391849788,0.023020641680180923,0.042204236314982949,-0.014922958577546048,0.25365244798239484
1715,0.171875,0.765625,0.019054235775558061,0.17151402590870771,0.17256918897764867,-0.0064798376832062646,0.16794374413691443,0.025534073458764326,0.0035702817717932767,-0.017098099949580139,0.16274359657915072,0.032489129842354796,0.16380743942197257,0.01548831346091558,0.049598640304270261,0.03125375245220563,0.16329181952808594
1716,0.171875,0.734375,0.019029485567957589,0.19864238359290801,0.19955179247617175,0.0053756184256741196,0.1817907694497114,0.01365386714228347,0.016851614143196608,-0.0076650552043974994,0.17540468389228761,0.038393434181108133,0.19357644154644216,0.020015650744127342,0.049513606420014081,0.03699233320099491,0.19302396194700797
1717,0.234375,0.796875,-0.063670617581807476,0.21708324655876923,0.22622794584167571,-0.08098770152846381,0.23139010474070507,0.017317083946656334,-0.014306858181935833,-0.077985500209898348,0.21761039036309779,-0.064691514500976391,0.20605792974998813,0.011072481260022965,0.017612194702718662,-0.06507563660154389,0.20477435253717344
1718,0.265625,0.796875,-0.12407603867274339,0.21683930582932801,0.24982823684536734,-0.10579349876770744,0.23257681628940199,-0.018282539905035949,-0.015737510460073989,-0.10274970668536718,0.21764254349859288,-0.13431557571581518,0.21702165724924918,0.010241160622545993,0.031571974714642417,-0.13408118989635806,0.21557233755745278
1719,0.234375,0.828125,-0.050946594417439588,0.16374538707669642,0.1714879216494043,-0.061110617581376175,0.17509187330396089,0.010164023163936588,-0.011346486227264474,-0.063074841470522475,0.16922981132988277,-0.050021576071611881,0.15933067091808956,0.0045105850730456643,0.016382329457888277,-0.050360657647920262,0.15827602359484991
1720,0.265625,0.828125,-0.098397332507385957,0.16520874239280894,0.19229135083924753,-0.085916414820619819,0.17627858485265782,-0.012480917686766138,-0.011069842459848878,-0.087839047945991289,0.16926196446537789,-0.10385715715728977,0.16780818042398363,0.0060470458312811403,0.016083945745497211,-0.1036978515773212,0.16662828362413826
1721,0.265625,0.703125,-0.22346966631622953,0.34272423280524639,0.40914372965430096,-0.22831383379824641,0.34265326822142161,0.0048441674820168812,7.0964583824772998e-05,-0.20704215677861373,0.30734903773459732,-0.22337344930523717,0.36091775578039487,0.018193777396694175,0.056002845183618151,-0.22292795109757185,0.35875095622415198
1722,0.234375,0.703125,-0.12167309049820141,0.34049538986829225,0.36158187381690449,-0.10796007145483706,0.3410827596530368,-0.013713019043364347,-0.00058736978474455137,-0.10338782040718589,0.30339688510164614,-0.10758519001129803,0.34268453438592139,0.014256973516421996,0.039511230022333373,-0.1081019841618292,0.34079666830629696
1723,0.265625,0.671875,-0.24727995296014815,0.38894672884159753,0.46089796377566289,-0.24726457588641243,0.38220066638421224,-1.5377073735722835e-05,0.0067460624573852934,-0.22696686298170804,0.3320938661267937,-0.24915799175751052,0.40257937324049931,0.013761396114904409,0.073896230684795366,-0.2486532643383943,0.40021954086574407
1724,0.234375,0.671875,-0.13060805681054302,0.38199269653898799,0.40370395677148546,-0.1269108135430031,0.38063015781582737,-0.0036972432675399236,0.0013625387231606112,-0.12331252661028019,0.32814171349384258,-0.12000401108296231,0.38224144659770837,0.010606962919909549,0.05420080623850549,-0.12056030045379382,0.38019257478855073
1725,0.296875,0.734375,-0.29522393088772347,0.27100184094927116,0.40074825909377748,-0.30766243352966016,0.24271558053015602,0.012438502641936688,0.028286260419115139,-0.26866038688078681,0.22664782038055581,-0.30572179145752398,0.29443422104109829,0.025676477821360719,0.077256351348689703,-0.30438886471839399,0.29259298723195976
1726,0.296875,0.765625,-0.24435831839717348,0.23473850854386036,0.33884089948424234,-0.22396992453437484,0.22848475819767114,-0.020388393862798643,0.0062537503461892185,-0.19920330173001044,0.21006673356996283,-0.25870660414087837,0.2491548839396043,0.02033974393481925,0.071193584662656961,-0.25757614671872908,0.24754369689727351
1727,0.328125,0.734375,-0.40834255061319313,0.21523974915190824,0.4615969976681657,-0.40596177534923994,0.18232529100168102,-0.0023807752639531943,0.032914458150227227,-0.35020332318605418,0.17069143141871074,-0.41166354156878526,0.23384393333673187,0.018898271087852619,0.088122624462499174,-0.40943673253149443,0.23248608915168681
1728,0.328125,0.765625,-0.34235484693702806,0.18565424573268161,0.38945389994176055,-0.32226926635395459,0.16809446866919614,-0.02008558058307347,0.017559777063485466,-0.28074623803527782,0.15411034460811779,-0.34835618481800157,0.19788242638535336,0.013621470494626616,0.080542535638479476,-0.34645791468329967,0.19669025351567945
1729,0.203125,0.015625,0.0075085872909481915,0.0032155425187216998,0.0081681452481879753,0.011069275602402591,-0.0022306494381904192,-0.0035606883114543998,0.0054461919569121185,0.00046811078726815354,0.0094618897483005962,-8.5965533804078557e-05,0.0015844189558368185,0.0077677407709932592,0.0078969327371893466,-0.0002005557088580423,0.0015565576792908621
1730,0.171875,0.015625,0.0046748285018099536,0.0035191563692758732,0.0058513659151303845,0.0076089487401362794,-0.0013859870911524619,-0.0029341202383263258,0.004905143460428335,0.0028908314483976415,0.0091415454681419532,0.00023869564782138215,0.0012034832284063292,0.005004159948840705,0.0083693880556833331,9.7815369628878921e-05,0.001143234901789681
1731,0.296875,0.015625,-0.010851316957500119,0.0018657576402723727,0.011010546366296468,-0.0098776622832298013,-0.00040594794747583665,-0.00097365467427031754,0.0022717055877482092,-0.035338059700786829,0.006488687033946533,-0.001900701581443188,0.0018305256779236234,0.0089506847168961158,0.033760263405666451,-0.0020132833762305552,0.0020303301432776574
1732,0.328125,0.015625,-0.0072805146380968463,0.0047454302348967229,0.0086905121546324536,-0.0094791297918849111,0.0010767043415797156,0.0021986151537880649,0.0036687258933170075,-0.043957303052243629,0.0031629869039387221,-0.0025593515619281746,0.0014538300714025962,0.0057553464212063725,0.041433218613483515,-0.0027420444488048812,0.0017305533709542325
1733,0.234375,0.046875,-0.0017452834584665384,0.015519967181159826,0.015617790997918848,0.0014368612859793992,0.023701784767363877,-0.0031821447444459377,-0.0081818175862040515,-0.01302725087031761,0.034604150814630794,-0.0049285871595203447,0.015698727638658212,0.0031883189542936093,0.020567045956169441,-0.0050837341555738276,0.015543302162767952
1734,0.265625,0.046875,-0.013851746275423595,0.016244153010645662,0.021348147036967399,-0.023368935953264197,0.024888496316060861,0.0095171896778406019,-0.0086443433054151989,-0.037791457345786303,0.034636303950125902,-0.010232965279960449,0.016534010086289311,0.0036303709200887348,0.032972162926852136,-0.010308278713913361,0.016414481005081971
1735,0.234375,0.078125,-0.010366659905359113,0.042175734878581006,0.043431097731253983,-0.011655879892710106,0.050478881319956127,0.0012892199873509938,-0.0083031464413751213,-0.024099891866773887,0.059426067600802358,-0.012807497911471169,0.040794940809048677,0.0028043327966802956,0.021786166408346356,-0.01301348701133242,0.040430901040198856
1736,0.265625,0.078125,-0.028056202213678157,0.044485660570470549,0.052593958579345568,-0.036461677131953703,0.051665592868653118,0.0084054749182755455,-0.0071799322981825689,-0.048864098342242583,0.05945822073629746,-0.026591531651842637,0.042965517864353285,0.0021109461626647652,0.027714192663697582,-0.026628757470709804,0.042596669122073341
1737,0.015625,0.203125,0.0011618663989803354,-0.0065089766121470272,0.0066118613163432677,-0.00054723701754625102,-0.011164932677382541,0.0017091034165265865,0.0046559560652355142,-0.0042021771919239156,-0.0020458517627988536,0.0015743690038264862,0.00019782755219547004,0.0067194776953158142,0.0061969817508341777,0.0018415626218171383,0.00028917344565791372
1738,0.015625,0.171875,0.0018960968580739449,-0.0028322444366871038,0.0034083415093477554,0.0003262739608337617,-0.0067342501598952028,0.0015698228972401832,0.0039020057232080989,-0.0023399263980608499,0.0010438402589662791,0.0012173531489745196,0.00015296667619455902,0.0030614013802692098,0.0036671369644774221,0.001394317379076094,0.00019469424869970016
1739,0.015625,0.296875,0.0076373465824420301,0.0038843254901221431,0.0085683748361956944,0.009854168766586003,-0.00014626009960830126,-0.0022168221841439729,0.0040305855897304448,0.0047381672652441051,0.015618028635632816,0.0026182535643374696,0.00032899700921514821,0.0061507442908589833,0.015435301168843171,0.0031575866699959879,0.00060816946086349969
1740,0.015625,0.328125,0.0067985549752891559,0.0025925001747925322,0.007276084586391794,0.0092736294202178451,0.0014560696828562914,-0.0024750744449286892,0.0011364304919362408,0.0061077177710925808,0.023710513742692715,0.0029204849637739496,0.00036697393698863212,0.0044712855030032616,0.023560121044437339,0.0035379397099569694,0.00071132523725993962
1741,0.046875,0.234375,0.014845180783600769,0.0065983433232627087,0.016245538683264248,0.017359143763210575,0.011184646319810863,-0.0025139629796098063,-0.0045863029965481543,0.0070255355244922529,0.02070548785853395,0.015310767651784232,0.0060267250455647682,0.00073723713093091375,0.016855596967254471,0.015296660198269049,0.0065357352523217503
1742,0.046875,0.265625,0.020854702761523423,0.012842827828284425,0.024491975295970914,0.029214599872091001,0.025031671632607846,-0.0083598971105675775,-0.012188843804323422,0.016458580269674866,0.033366575171670854,0.018093219269131759,0.0071219719483800147,0.0063524784987742007,0.02629546050189107,0.018114414089415526,0.007756930623049026
1743,0.078125,0.234375,0.039704139930209055,0.028011275742847872,0.04859064000751049,0.036139035522347415,0.037964907834491607,0.0035651044078616398,-0.0099536320916437347,0.020115499034771486,0.046546519501631883,0.034675280877491166,0.025017675640099313,0.0058524409392388442,0.02598996662794776,0.034183499418931805,0.025625727627271021
1744,0.078125,0.265625,0.048622510117845186,0.036650347250942586,0.060888393342037134,0.047994491631227841,0.051811933147288589,0.00062801848661734466,-0.015161585896346003,0.029548543779954101,0.05920760681476879,0.04097687812942985,0.029564180010764114,0.010424464238418127,0.031770105109800786,0.040444954983198528,0.030316782352954142
1745,0.796875,0.015625,0.0018357901080069232,0.0066095388250846099,0.006859746992488638,-0.0017216144351303556,0.0093680962680476199,0.0035574045431372788,-0.00275855744296301,0.044898658806612965,-0.001745754407771043,0.0015800659481384331,0.000145482301846819,0.0064691128898445947,0.043359857743425392,0.0037995637240265156,-0.0011677728351389054
1746,0.828125,0.015625,0.0033927886917700747,0.0046820776965469614,0.0057821161060208218,-0.00017277126785407963,0.006653436863609247,0.0035655599596241543,-0.0019713591670622857,0.042344421084866211,0.0037937013910665151,0.0011559458318687527,0.00041126235802641512,0.004821133646315345,0.041327126533053531,0.0035841584309781412,-0.00039231009347271724
1747,0.703125,0.015625,0.0064099435719278614,-0.012150679191936837,0.013737772069031651,0.0018023255821290646,-0.011610672156017108,0.0046076179897987964,-0.00054000703591972933,0.04444799455478568,-0.039854578223666094,0.0020875978194696623,-0.0016141332359454986,0.011388655473167624,0.057067809178487458,0.0030530844557327768,-0.0037373447656600762
1748,0.671875,0.015625,0.0068760963665095596,-0.0081427418460006031,0.010657623844560066,0.0026340574307756924,-0.01092390177347367,0.0042420389357338672,0.0027811599274730672,0.044379073255610024,-0.04944595079609343,0.0018107445091198957,-0.0023205832492610157,0.00771720935084371,0.063504825633122583,0.0022844648493604209,-0.0044193043667716874
1749,0.765625,0.046875,0.016666128962869203,-0.0014154552037885305,0.016726128303971594,0.024760852635833719,0.0027762986281170002,-0.0080947236729645156,-0.0041917538319055309,0.064641399383545836,-0.025691960784873465,0.01624877524913982,-0.0025919729482965755,0.0012483501614154603,0.053623273945777462,0.017625836797095194,-0.0046828571136357799
1750,0.734375,0.046875,0.019549365016149404,-0.013412763368695653,0.023708224178948328,0.029001903971722788,-0.021603899582929541,-0.0094525389555733842,0.0081911362142338875,0.061705418709147461,-0.048669956229503625,0.017846956022821114,-0.0077183695605925603,0.005943426387390348,0.060004976459533878,0.018727655703251338,-0.0099285330999457737
1751,0.765625,0.078125,0.044197775352803517,-0.0063323812865838597,0.044649103002138389,0.052792162874074067,-0.0065301584162519924,-0.0085943875212705495,0.00019777712966813268,0.081829902238731961,-0.044098711363138324,0.04222430248906784,-0.0067355384103887691,0.002014232064677688,0.054448234357301895,0.043061341518662616,-0.0092189827677963982
1752,0.734375,0.078125,0.048895802052730919,-0.023597120850045655,0.054292021244299833,0.057033214209963136,-0.030910356627298533,-0.0081374121572322169,0.0073132357772528779,0.078893921564333586,-0.067076706807768477,0.046377358173908076,-0.020057066828229195,0.0043444840945915698,0.057167940653210951,0.046638457091320036,-0.022498250818019545
1753,0.984375,0.203125,-0.0024839616163248421,-0.001318479758289273,0.0028121973942797228,-0.0073967489171554339,-0.0021028956510607262,0.0049127873008305914,0.00078441589277145323,0.070679699345954861,-0.022168819998544802,-3.3348423110081192e-05,0.0015863988726966889,0.003800503240824447,0.074596551853357451,0.0034283719646150609,0.001937655791102407
1754,0.984375,0.171875,0.00040067174442479553,0.00077787101934754903,0.00087499781115223574,-0.0034666938991509437,-0.00028957084675743637,0.0038673656435757394,0.0010674418661049854,0.064977507840933119,-0.010585748173005428,-2.5786081781159241e-05,0.0012266550335487828,0.00061909075985260953,0.066067852169697447,0.0031559583252311826,0.0017859311536855417
1755,0.984375,0.296875,0.005920548824468767,0.0084149898813519631,0.010289069592833671,0.0023000628113607723,0.0088807387176703789,0.0036204860131079947,-0.00046574883631841577,0.092677995928218584,-0.035368625506410893,-5.5460077949189097e-05,0.0026382598315920756,0.0083116359683023614,0.10021984432209002,0.0040799172522401365,0.0024526461912330517
1756,0.984375,0.328125,0.0050797660780977985,0.006976727111061426,0.0086301068701617242,0.0040858418493956369,0.0083445059448713811,0.00099392422870216157,-0.0013677788338099552,0.10167145319568173,-0.036705110385981392,-6.1861970111104725e-05,0.002942800603288072,0.006535204821292522,0.10918619079551942,0.0042419631439979798,0.0026119378782822841
1757,0.953125,0.234375,0.0076869287436332886,0.014686306121506568,0.016576382627228926,0.011929166778711121,0.017741066382585418,-0.0042422380350778327,-0.0030547602610788496,0.083996182449667514,-0.031698524410393607,0.0037348729129907474,0.01602472293631213,0.0041725417743468992,0.093377653353771406,0.0076189317098122626,0.014984727352933757
1758,0.953125,0.265625,0.012816663224382881,0.021718326175229903,0.02521809961239992,0.023770254487196954,0.03107425832841881,-0.010953591262814073,-0.0093559321531889068,0.091298830259446337,-0.031978773213149833,0.0044136176639848323,0.018936922851153871,0.0088514054895991838,0.10070475794852542,0.0085111850615850349,0.017618587315059324
1759,0.921875,0.234375,0.024785722681560159,0.041622556829803169,0.048443464841992877,0.035185137492582168,0.039398353220534851,-0.010399414811022009,0.0022242036092683173,0.091610474048358412,-0.029645156996703042,0.019706189165883011,0.037946347741575313,0.0062702610788751469,0.098685549586780358,0.023336155664976693,0.035617718000731644
1760,0.921875,0.265625,0.031927451881615575,0.051556004404202029,0.060641436112438635,0.047026225201068,0.052731545166368243,-0.015098773319452426,-0.0011755407621662148,0.098913121858137248,-0.029925405799459272,0.023287428145104132,0.044842401489322829,0.010941776558957674,0.10634599454774944,0.027069947405619646,0.042126139840595378
1761,0.984375,0.796875,-0.0024839616163256609,-0.001318479758288769,0.0028121973942802094,-0.0073967489171560749,-0.0021028956510599512,0.0049127873008304145,0.00078441589277118218,0.070679699345954278,-0.022168819998544736,-3.3348423110081192e-05,0.0015863988726966889,0.0038005032408245897,0.074596551853356882,0.0034283719646143454,0.0019376557911018504
1762,0.984375,0.828125,0.00040067174442420046,0.00077787101934793392,0.00087499781115230545,-0.003466693899151615,-0.00028957084675680113,0.0038673656435758152,0.0010674418661047349,0.064977507840932536,-0.010585748173005376,-2.5786081781159241e-05,0.0012266550335487828,0.00061909075985192063,0.066067852169696864,0.0031559583252305724,0.0017859311536849629
1763,0.984375,0.703125,0.0059205488244681416,0.0084149898813524315,0.010289069592833693,0.0023000628113601729,0.0088807387176712323,0.0036204860131079687,-0.00046574883631880087,0.092677995928218071,-0.035368625506410824,-5.5460077949189097e-05,0.0026382598315920756,0.0083116359683022382,0.10021984432208952,0.004079917252239303,0.0024526461912325382
1764,0.984375,0.671875,0.0050797660780971202,0.0069767271110620409,0.008630106870161823,0.0040858418493950645,0.0083445059448722138,0.00099392422870205575,-0.0013677788338101729,0.10167145319568127,-0.036705110385981288,-6.1861970111104725e-05,0.002942800603288072,0.0065352048212923676,0.10918619079551894,0.0042419631439971923,0.0026119378782818148
1765,0.953125,0.765625,0.0076869287436327899,0.014686306121507417,0.016576382627229446,0.011929166778710793,0.017741066382586448,-0.0042422380350780036,-0.0030547602610790318,0.083996182449666987,-0.031698524410393357,0.0037348729129907474,0.01602472293631213,0.004172541774346155,0.093377653353770823,0.0076189317098113319,0.014984727352933434
1766,0.953125,0.734375,0.012816663224382508,0.02171832617523067,0.025218099612400388,0.023770254487196607,0.031074258328419802,-0.010953591262814099,-0.0093559321531891323,0.091298830259445823,-0.031978773213149618,0.0044136176639848323,0.018936922851153871,0.0088514054895990693,0.10070475794852488,0.0085111850615840617,0.017618587315059019
1767,0.921875,0.765625,0.024785722681559874,0.041622556829804092,0.048443464841993529,0.035185137492582119,0.039398353220536003,-0.010399414811022245,0.0022242036092680884,0.091610474048357954,-0.029645156996702619,0.019706189165883011,0.037946347741575313,0.0062702610788754574,0.098685549586779733,0.023336155664975669,0.035617718000731567
1768,0.921875,0.734375,0.031927451881615325,0.05155600440420284,0.060641436112439197,0.047026225201067938,0.052731545166369354,-0.015098773319452613,-0.0011755407621665132,0.098913121858136804,-0.029925405799458876,0.023287428145104132,0.044842401489322829,0.010941776558957974,0.10634599454774885,0.027069947405618574,0.042126139840595343
1769,0.796875,0.984375,0.0018357901080072632,0.0066095388250856368,0.0068597469924897188,-0.0017216144351298371,0.0093680962680487995,0.0035574045431371005,-0.0027585574429631627,0.04489865880661302,-0.0017457544077704849,0.0015800659481384331,0.000145482301846819,0.0064691128898456346,0.04335985774342542,0.0037995637240264175,-0.0011677728351391996
1770,0.828125,0.984375,0.0033927886917700682,0.0046820776965478617,0.0057821161060215469,-0.00017277126785393576,0.0066534368636103226,0.0035655599596240038,-0.0019713591670624609,0.04234442108486608,0.0037937013910670113,0.0011559458318687527,0.00041126235802641512,0.0048211336463161395,0.04132712653305344,0.0035841584309779682,-0.00039231009347298932
1771,0.703125,0.984375,0.0064099435719289161,-0.012150679191936228,0.013737772069031604,0.0018023255821300415,-0.011610672156016424,0.0046076179897988744,-0.00054000703591980392,0.044447994554786152,-0.039854578223665837,0.0020875978194696623,-0.0016141332359454986,0.011388655473167459,0.057067809178487638,0.0030530844557328761,-0.0037373447656608464
1772,0.671875,0.984375,0.0068760963665104764,-0.0081427418460005858,0.010657623844560643,0.0026340574307766695,-0.010923901773473348,0.0042420389357338065,0.0027811599274727618,0.044379073255610593,-0.049445950796093409,0.0018107445091198957,-0.0023205832492610157,0.007717209350844299,0.063504825633122958,0.0022844648493604769,-0.0044193043667727317
1773,0.765625,0.953125,0.016666128962870123,-0.0014154552037877845,0.016726128303972448,0.024760852635834697,0.0027762986281181911,-0.0080947236729645745,-0.0041917538319059758,0.064641399383546114,-0.025691960784872833,0.01624877524913982,-0.0025919729482965755,0.0012483501614164705,0.053623273945777442,0.017625836797095069,-0.0046828571136360818
1774,0.734375,0.953125,0.019549365016150354,-0.013412763368695015,0.023708224178948752,0.02900190397172385,-0.02160389958292859,-0.0094525389555734952,0.0081911362142335752,0.061705418709147863,-0.048669956229503125,0.017846956022821114,-0.0077183695605925603,0.0059434263873900089,0.060004976459533829,0.018727655703251272,-0.0099285330999462438
1775,0.765625,0.921875,0.044197775352804287,-0.0063323812865829473,0.044649103002139028,0.052792162874075135,-0.006530158416250896,-0.0085943875212708479,0.0001977771296679488,0.081829902238732266,-0.044098711363137685,0.04222430248906784,-0.0067355384103887691,0.0020142320646786252,0.054448234357301679,0.043061341518662373,-0.0092189827677965491
1776,0.734375,0.921875,0.048895802052731877,-0.023597120850044926,0.054292021244300381,0.057033214209964288,-0.030910356627297679,-0.0081374121572324112,0.007313235777252753,0.078893921564334016,-0.067076706807767977,0.046377358173908076,-0.020057066828229195,0.0043444840945915317,0.057167940653210784,0.046638457091319842,-0.022498250818019847
1777,0.015625,0.796875,0.001161866398980404,-0.0065089766121470289,0.0066118613163432807,-0.0005472370175464503,-0.011164932677382501,0.0017091034165268543,0.0046559560652354726,-0.0042021771919240961,-0.0020458517627987625,0.0015743690038264862,0.00019782755219547004,0.0067194776953158116,0.006196981750834313,0.0018415626218168835,0.00028917344565746936
1778,0.015625,0.828125,0.0018960968580738606,-0.0028322444366871316,0.0034083415093477316,0.00032627396083364374,-0.0067342501598951689,0.0015698228972402168,0.0039020057232080374,-0.0023399263980610177,0.0010438402589663411,0.0012173531489745196,0.00015296667619455902,0.0030614013802692181,0.0036671369644776003,0.0013943173790758399,0.00019469424869919064
1779,0.015625,0.703125,0.007637346582441769,0.0038843254901220715,0.008568374836195429,0.0098541687665857549,-0.00014626009960836892,-0.0022168221841439859,0.0040305855897304404,0.0047381672652439793,0.015618028635632948,0.0026182535643374696,0.00032899700921514821,0.00615074429085873,0.015435301168843283,0.0031575866699958032,0.00060816946086318722
1780,0.015625,0.671875,0.0067985549752888966,0.0025925001747921562,0.0072760845863914176,0.0092736294202176682,0.0014560696828561457,-0.0024750744449287716,0.0011364304919360105,0.0061077177710924932,0.023710513742692858,0.0029204849637739496,0.00036697393698863212,0.0044712855030028496,0.023560121044437471,0.003537939709956809,0.00071132523725965079
1781,0.046875,0.765625,0.014845180783600535,0.0065983433232626358,0.016245538683264005,0.01735914376321036,0.011184646319811075,-0.0025139629796098253,-0.0045863029965484388,0.0070255355244921392,0.020705487858534138,0.015310767651784232,0.0060267250455647682,0.00073723713093100515,0.01685559696725469,0.015296660198268733,0.0065357352523214693
1782,0.046875,0.734375,0.020854702761523135,0.012842827828284203,0.024491975295970553,0.029214599872090748,0.025031671632608027,-0.0083598971105676122,-0.012188843804323824,0.016458580269674779,0.033366575171671041,0.018093219269131759,0.0071219719483800147,0.0063524784987738754,0.026295460501891261,0.018114414089415252,0.0077569306230487771
1783,0.078125,0.765625,0.039704139930208895,0.028011275742847959,0.048590640007510406,0.036139035522347263,0.037964907834491982,0.0035651044078616329,-0.0099536320916440227,0.020115499034771452,0.04654651950163214,0.034675280877491166,0.025017675640099313,0.0058524409392387514,0.025989966627947992,0.034183499418931437,0.025625727627270924
1784,0.078125,0.734375,0.048622510117844964,0.036650347250942586,0.06088839334203696,0.047994491631227647,0.051811933147288936,0.00062801848661731691,-0.01516158589634635,0.029548543779954094,0.059207606814769047,0.04097687812942985,0.029564180010764114,0.010424464238417964,0.031770105109801029,0.040444954983198236,0.030316782352954062
1785,0.203125,0.984375,0.0075085872909482071,0.0032155425187219114,0.0081681452481880724,0.011069275602402477,-0.0022306494381904526,-0.0035606883114542697,0.005446191956912364,0.00046811078726770252,0.0094618897483007142,-8.5965533804078557e-05,0.0015844189558368185,0.0077677407709933191,0.0078969327371894334,-0.00020055570885920326,0.0015565576792900379
1786,0.171875,0.984375,0.0046748285018100083,0.0035191563692759248,0.0058513659151304591,0.0076089487401362387,-0.0013859870911524092,-0.0029341202383262304,0.0049051434604283342,0.002890831448397301,0.0091415454681420382,0.00023869564782138215,0.0012034832284063292,0.005004159948840777,0.0083693880556833054,9.7815369628020639e-05,0.0011432349017888976
1787,0.296875,0.984375,-0.010851316957500435,0.00186575764027197,0.011010546366296711,-0.0098776622832300424,-0.00040594794747619855,-0.00097365467427039214,0.0022717055877481684,-0.035338059700787537,0.006488687033946546,-0.001900701581443188,0.0018305256779236234,0.0089506847168964298,0.033760263405667151,-0.0020132833762325948,0.0020303301432764102
1788,0.328125,0.984375,-0.0072805146380972383,0.0047454302348964965,0.0086905121546326583,-0.0094791297918851679,0.00107670434157919,0.0021986151537879296,0.0036687258933173067,-0.043957303052244351,0.0031629869039385967,-0.0025593515619281746,0.0014538300714025962,0.0057553464212065641,0.04143321861348423,-0.0027420444488070882,0.0017305533709527821
1789,0.234375,0.953125,-0.0017452834584666937,0.015519967181159486,0.015617790997918527,0.0014368612859791598,0.023701784767363839,-0.0031821447444458535,-0.0081818175862043534,-0.013027250870318112,0.034604150814631064,-0.0049285871595203447,0.015698727638658212,0.0031883189542934731,0.020567045956169885,-0.0050837341555755406,0.015543302162767416
1790,0.265625,0.953125,-0.013851746275423991,0.016244153010645558,0.021348147036967576,-0.023368935953264475,0.02488849631606075,0.0095171896778404839,-0.0086443433054151919,-0.037791457345786934,0.034636303950126165,-0.010232965279960449,0.016534010086289311,0.0036303709200891372,0.032972162926852809,-0.0103082787139154,0.016414481005081367
1791,0.234375,0.921875,-0.010366659905359328,0.042175734878580971,0.043431097731253997,-0.011655879892710396,0.050478881319956176,0.0012892199873510684,-0.0083031464413752046,-0.024099891866774328,0.05942606760080274,-0.012807497911471169,0.040794940809048677,0.0028043327966800913,0.021786166408346911,-0.013013487011334281,0.040430901040198759
1792,0.265625,0.921875,-0.02805620221367848,0.044485660570470396,0.052593958579345609,-0.036461677131954029,0.051665592868653083,0.0084054749182755489,-0.0071799322981826869,-0.048864098342243145,0.059458220736297841,-0.026591531651842637,0.042965517864353285,0.0021109461626648792,0.027714192663698262,-0.026628757470712007,0.042596669122073286
1793,0.484375,0.296875,-0.50211664483916862,-0.45991328668843046,0.68091215020522156,-0.51011035378813907,-0.44773397374053076,0.007993708948970446,-0.012179312947899701,-0.47507372127039404,-0.35954907599297597,-0.51690740920153255,-0.46577106935077733,0.015908498613705396,0.11416290693051172,-0.5151554249286906,-0.46162875212990861
1794,0.515625,0.296875,-0.38554786159300752,-0.561355921178471,0.68100486328738552,-0.37237769619406119,-0.56752847611931312,-0.013170165398946332,0.0061725549408421232,-0.36912336454107397,-0.47083904959534723,-0.38560440298603677,-0.57917631437187533,0.017820482891792166,0.10958370119449287,-0.38534796729595083,-0.57450943436279311
1795,0.484375,0.328125,-0.56489953663345571,-0.5151112003034013,0.76449397327036128,-0.5611691229924588,-0.5064788563397844,-0.0037304136409969102,-0.0086323439636168953,-0.5120620888415377,-0.39245603091647474,-0.57657529308794153,-0.51953616071714104,0.012486134848207873,0.14251776349737044,-0.57459972565707984,-0.5148747580396047
1796,0.515625,0.328125,-0.43143811858528541,-0.63119859175786619,0.76455903134128511,-0.42343646539838098,-0.62627335871856682,-0.0080016531869044338,-0.0049252330392993704,-0.40611173211221763,-0.50374600451884599,-0.43011566038704729,-0.64603204996498953,0.014892292572621651,0.14429659490551117,-0.42979096810366907,-0.64076484858130078
1797,0.484375,0.203125,-0.31056554456992658,-0.28734059903308445,0.42310232488927174,-0.30582161099191729,-0.32313222341432307,-0.0047439335780092851,0.035791624381238618,-0.30471534316835042,-0.28290862211113066,-0.31081901844028376,-0.28007048074067487,0.0072745356544993553,0.0067312627540382954,-0.30987527389714259,-0.27766003569773517
1798,0.515625,0.203125,-0.24135175879710774,-0.34769059742333625,0.42324865387978938,-0.27748151061179716,-0.34800195816783869,0.036129751814689415,0.00031136074450244244,-0.27742775274788029,-0.31129168727872064,-0.23186586206514032,-0.34826162351784257,0.0095030683260806572,0.058674202747976793,-0.2318825623198533,-0.34560989516562229
1799,0.484375,0.171875,-0.23785203014894846,-0.21863037248175057,0.32306783810445333,-0.23628414639530065,-0.24304453335488424,-0.001567883753647803,0.024414160873133667,-0.24080241778822692,-0.2225940363421911,-0.24033534066016851,-0.21655957455704847,0.0032334246767300083,0.0060525110557438999,-0.23968878913039507,-0.21472253648662565
1800,0.515625,0.171875,-0.18353936191530482,-0.26603513260870171,0.32320487179868862,-0.20794404601518052,-0.26791426810839986,0.024404684099875701,0.001879135499698148,-0.21351482736775684,-0.25097710150978114,-0.17928620078180782,-0.26928717665680696,0.0053539863763653944,0.038818265415266416,-0.17941546011393225,-0.2673088477459678
1801,0.453125,0.265625,-0.50936726042529956,-0.28281917936277484,0.58261624952331048,-0.48601135701090203,-0.25163796318406401,-0.023355903414397527,-0.031181216178710836,-0.44792317482630878,-0.20852812991364295,-0.52963093860475874,-0.27802945188614542,0.020822059039899702,0.10726878584938133,-0.52711824426691112,-0.27527549546088298
1802,0.453125,0.234375,-0.43564388658903563,-0.24508909772705287,0.49985424050122995,-0.40231884801561663,-0.2658687855165488,-0.033325038573419008,0.020779687789495932,-0.3784660896755323,-0.22510921672423592,-0.4481820576843642,-0.23527290941773726,0.015923670661618101,0.070452940638247349,-0.44607223980678573,-0.23296027683893122
1803,0.421875,0.265625,-0.54558909293281399,-0.13264624676456771,0.56148239964221258,-0.51297112943798484,-0.1142868352268509,-0.03261796349482915,-0.018359411537716808,-0.45776099595336717,-0.090414138757808696,-0.56374894931588104,-0.13402589719335242,0.018212188752570819,0.11460991114129107,-0.56064850940318212,-0.13234814719017915
1804,0.421875,0.234375,-0.46437479085070021,-0.11548320041378486,0.47851887732402154,-0.42927862044269938,-0.12851765755933572,-0.035096170408000837,0.013034457145550862,-0.38830391080259069,-0.10699522556840167,-0.47705325672135829,-0.11341482909844879,0.012846075538137967,0.088981221111491066,-0.47442658725714515,-0.11200977997326007
1805,0.546875,0.265625,-0.2093519492617644,-0.54400973424390375,0.58290207549109241,-0.18176256639364863,-0.51645996856672882,-0.027589382868115769,-0.027549765677174931,-0.21955832615234203,-0.450379930341614,-0.19800941155465659,-0.56444803142472455,0.023374711833276354,0.11608568992362955,-0.1993145175908756,-0.56048428084041091
1806,0.546875,0.234375,-0.1822495073359654,-0.46582588160999872,0.50020859139156604,-0.20746261461232091,-0.43576602327394676,0.025213107276355506,-0.030059858336051959,-0.22876400731041549,-0.38405410871742574,-0.16755868859402531,-0.47764483103319355,0.018854912377854628,0.11182716281280708,-0.16874586517019499,-0.47439299531194307
1807,0.578125,0.265625,-0.055806572726928953,-0.55899474750113376,0.56177353203348968,-0.042206205797555796,-0.52413634361339811,-0.013600366929373157,-0.034858403887735645,-0.10698165533475376,-0.46282776601137954,-0.050574135464309722,-0.57725044460379638,0.018990757657645217,0.12757099072358913,-0.053329130313268823,-0.57386007245109172
1808,0.578125,0.234375,-0.050107631384107981,-0.47631156436260308,0.47893995559827313,-0.067906254016228101,-0.4434423983206161,0.01779862263212012,-0.032869166041986975,-0.11618733649282723,-0.39650194438719133,-0.04279663147646498,-0.48847843508403949,0.0141944870566605,0.11766847676292107,-0.045219398982765169,-0.48576393676924018
1809,0.296875,0.484375,-0.47590923906140936,0.44901982881410729,0.6542999392421337,-0.46982854727695178,0.41984552352612281,-0.0060806917844575814,0.029174305287984481,-0.39267096111050892,0.38117719155368246,-0.50116889023082845,0.48266520715337158,0.042072098364509578,0.1485651975859778,-0.49900937294550352,0.47996083243191429
1810,0.296875,0.515625,-0.47590923906140919,0.44901982881410757,0.65429993924213381,-0.46982854727695172,0.41984552352612281,-0.0060806917844574704,0.029174305287984759,-0.39267096111050892,0.38117719155368257,-0.50116889023082845,0.48266520715337158,0.042072098364509453,0.14856519758597772,-0.49900937294550335,0.47996083243191451
1811,0.328125,0.484375,-0.66531514301768491,0.35493148514328482,0.75406935932622299,-0.64479214899376291,0.31171249869795242,-0.020522994023921992,0.043218986445332397,-0.53231745301741595,0.28530009906905629,-0.67483890923485279,0.38333971549379886,0.029962137350448406,0.1729859296909706,-0.67126643307638578,0.381392584869572
1812,0.328125,0.515625,-0.66531514301768457,0.35493148514328471,0.75406935932622254,-0.64479214899376291,0.31171249869795242,-0.020522994023921659,0.043218986445332286,-0.53231745301741595,0.28530009906905629,-0.67483890923485279,0.38333971549379886,0.029962137350448618,0.1729859296909706,-0.67126643307638534,0.38139258486957228
1813,0.203125,0.484375,-0.053508846801384784,0.44364841558654811,0.44686364065391199,-0.089186760973321358,0.41937727737916436,0.035677914171936574,0.024271138207383747,-0.084364683380395086,0.38255736033856502,-0.022667025479074964,0.41777283583596619,0.040258708000953151,0.071040345614421047,-0.024296046726273439,0.41612317517751357
1814,0.203125,0.515625,-0.053508846801384659,0.44364841558654861,0.44686364065391243,-0.089186760973321413,0.41937727737916436,0.035677914171936755,0.024271138207384246,-0.084364683380395059,0.38255736033856502,-0.022667025479074964,0.41777283583596619,0.04025870800095338,0.071040345614421019,-0.024296046726273415,0.41612317517751379
1815,0.171875,0.484375,0.032024818609235776,0.32853728577135494,0.33009443671313726,-0.003862338729911631,0.31234651497242027,0.035887157339147407,0.016190770798934662,-0.019359233928616028,0.29201258927177243,0.062938250848793967,0.31732932717078538,0.032882497302088184,0.086103502939981189,0.060846250303646057,0.31670347488757322
1816,0.171875,0.515625,0.032024818609235631,0.32853728577135533,0.33009443671313765,-0.0038623387299116865,0.31234651497242027,0.035887157339147317,0.01619077079893505,-0.019359233928616,0.29201258927177248,0.062938250848793967,0.31732932717078538,0.032882497302088455,0.086103502939981147,0.060846250303646106,0.31670347488757328
1817,0.265625,0.453125,-0.30458253162117938,0.49256365972098259,0.57912820467189707,-0.28938658654828942,0.50327660986118028,-0.01519594507288996,-0.010712950140197686,-0.2541185986558156,0.44624194823167418,-0.31479759489824283,0.50863718060101537,0.019044831089701477,0.087035082624264681,-0.3141450807306177,0.50581036023017267
1818,0.234375,0.453125,-0.164466044643196,0.4914137952719187,0.5182051698160961,-0.16903282420487997,0.50170610129279547,0.0045667795616839701,-0.010292306020876774,-0.15046426228438778,0.44228979559872306,-0.15161855255208717,0.48294131450735039,0.015389638830625099,0.040667903506335208,-0.15227814468701123,0.48050608019263519
1819,0.265625,0.421875,-0.29849644790446728,0.47862223462750031,0.56407390729531737,-0.2839082275364383,0.47857467136806747,-0.014588220368028981,4.7563259432836791e-05,-0.2552127281080292,0.41542961242503967,-0.3049511655279587,0.49272771955348976,0.01551219148271212,0.091917949947861594,-0.30432057159725046,0.48996883219980314
1820,0.234375,0.421875,-0.15852248093007332,0.47243227671604715,0.49831880663219325,-0.16355446519302885,0.47700416279968261,0.0050319842629555356,-0.0045718860836354569,-0.15155839173660141,0.4114774597920885,-0.14687613585919149,0.46783558428464678,0.012520660318806951,0.056552291875928751,-0.14751997269124822,0.46545626248795469
1821,0.265625,0.546875,-0.30458253162117943,0.49256365972098243,0.57912820467189696,-0.28938658654828936,0.50327660986118028,-0.015195945072890071,-0.010712950140197852,-0.25411859865581554,0.4462419482316744,-0.31479759489824283,0.50863718060101537,0.019044831089701588,0.08703508262426457,-0.31414508073061725,0.50581036023017345
1822,0.234375,0.546875,-0.16446604464319575,0.49141379527191847,0.51820516981609577,-0.16903282420488,0.50170610129279547,0.0045667795616842477,-0.010292306020876996,-0.1504642622843877,0.44228979559872322,-0.15161855255208717,0.48294131450735039,0.015389638830624768,0.040667903506335042,-0.15227814468701098,0.4805060801926358
1823,0.265625,0.578125,-0.29849644790446694,0.47862223462750059,0.56407390729531748,-0.28390822753643818,0.47857467136806742,-0.014588220368028759,4.7563259433169858e-05,-0.25521272810802914,0.41542961242503995,-0.3049511655279587,0.49272771955348976,0.015512191482712007,0.091917949947861399,-0.30432057159724968,0.48996883219980369
1824,0.234375,0.578125,-0.15852248093007354,0.47243227671604709,0.49831880663219325,-0.16355446519302885,0.47700416279968261,0.0050319842629553135,-0.0045718860836355124,-0.15155839173660129,0.41147745979208883,-0.14687613585919149,0.46783558428464678,0.012520660318807138,0.056552291875928411,-0.14751997269124767,0.46545626248795524
1825,0.703125,0.484375,0.50823341159426205,-0.40950566455992427,0.65268375954010671,0.47868526759458019,-0.40767313101195035,0.029548143999681864,-0.0018325335479739135,0.29659014666502287,-0.42358862793295304,0.55044889352778192,-0.42560777054190141,0.045182128457324437,0.25386677666761687,0.54221163516787674,-0.42787108997859741
1826,0.703125,0.515625,0.50823341159426227,-0.40950566455992454,0.65268375954010704,0.47868526759458019,-0.40767313101195035,0.029548143999682086,-0.0018325335479741911,0.29659014666502287,-0.42358862793295304,0.55044889352778192,-0.42560777054190141,0.045182128457324132,0.25386677666761687,0.54221163516787674,-0.42787108997859707
1827,0.671875,0.484375,0.44200700059986231,-0.60956569510992697,0.75295453065516194,0.39649108753044149,-0.59541550905911556,0.045515913069420821,-0.01415018605081142,0.21165630580857395,-0.54818647309611479,0.47744939289108979,-0.6118814984292974,0.03551796892193116,0.27331853466797418,0.4690567633467882,-0.61161345256071187
1828,0.671875,0.515625,0.4420070005998622,-0.60956569510992775,0.75295453065516249,0.39649108753044149,-0.59541550905911567,0.04551591306942071,-0.014150186050812086,0.21165630580857397,-0.54818647309611479,0.47744939289108979,-0.6118814984292974,0.035517968921931223,0.27331853466797418,0.46905676334678831,-0.61161345256071142
1829,0.796875,0.484375,0.44476384468748659,0.0059721965198421025,0.44480393958739428,0.4258057129347102,-0.032578232042988681,0.018958131752776386,0.03855042856283078,0.31432503724872618,-0.1598225409363318,0.41662505332309552,0.038360153154308303,0.042904210916934395,0.2230284141669856,0.41323328736018705,0.03093540336358978
1830,0.796875,0.515625,0.44476384468748625,0.0059721965198422343,0.44480393958739395,0.4258057129347102,-0.032578232042988556,0.018958131752776053,0.038550428562830794,0.31432503724872618,-0.15982254093633175,0.41662505332309552,0.038360153154308303,0.042904210916934082,0.22302841416698554,0.413233287360187,0.030935403363590002
1831,0.828125,0.484375,0.31974117197869611,0.073847832071686978,0.32815837542259713,0.30883199005677697,0.036366953429145817,0.010909181921919142,0.037480878642541161,0.24609313964987684,-0.10967786736893445,0.30479486910551123,0.10843990533711922,0.037682933834535852,0.22587885206750141,0.30375947634945066,0.10075993326260457
1832,0.828125,0.515625,0.31974117197869623,0.073847832071687228,0.32815837542259729,0.30883199005677697,0.036366953429145935,0.010909181921919253,0.037480878642541293,0.24609313964987681,-0.1096778673689344,0.30479486910551123,0.10843990533711922,0.037682933834535665,0.22587885206750136,0.30375947634945044,0.10075993326260468
1833,0.734375,0.453125,0.52741291899905018,-0.23444342875897953,0.57717251183278417,0.5358554157977381,-0.21797375011041972,-0.0084424967986879151,-0.016469678648559805,0.35807662784014332,-0.29969586492508637,0.54902744986744556,-0.23744086955601751,0.021821379332951533,0.20084297568325668,0.54190562561829536,-0.24197568478573811
1834,0.765625,0.453125,0.50699642427525182,-0.096525043419333156,0.51610314689507109,0.51775540395166264,-0.099566414660757829,-0.010758979676410818,0.003041371241424673,0.35910957516624709,-0.21067229665902423,0.49986247666532507,-0.07973708772011226,0.018240851544272348,0.19223789486021137,0.49441229286224914,-0.086032824066021099
1835,0.734375,0.421875,0.51291572877673863,-0.23038975695378131,0.56228283357736908,0.51083138393675731,-0.21601674725605441,0.0020843448399813225,-0.014373009697726896,0.33462926815881489,-0.30040094708038145,0.53185463757447204,-0.23001405057902402,0.018942635026017295,0.20940907702445766,0.52498244055274523,-0.23449572969785054
1836,0.765625,0.421875,0.48750957329330863,-0.09331701568276439,0.49636040280078864,0.49273137209068185,-0.097609411806392488,-0.0052217987973732227,0.0042923961236280977,0.33566221548491859,-0.21137737881431934,0.4842274761090743,-0.077243022914178713,0.016405651631413595,0.20015909196703729,0.47899016802396699,-0.083430210850358608
1837,0.734375,0.546875,0.52741291899904974,-0.2344434287589798,0.57717251183278384,0.53585541579773832,-0.21797375011041958,-0.0084424967986885813,-0.016469678648560221,0.35807662784014338,-0.29969586492508626,0.54902744986744556,-0.23744086955601751,0.021821379332951935,0.2008429756832566,0.54190562561829547,-0.24197568478573747
1838,0.765625,0.546875,0.50699642427525227,-0.09652504341933299,0.51610314689507153,0.51775540395166275,-0.099566414660757496,-0.010758979676410485,0.0030413712414245064,0.35910957516624709,-0.21067229665902404,0.49986247666532507,-0.07973708772011226,0.018240851544272369,0.19223789486021126,0.49441229286224914,-0.086032824066020572
1839,0.734375,0.578125,0.51291572877673886,-0.23038975695378119,0.56228283357736919,0.51083138393675775,-0.21601674725605402,0.0020843448399811004,-0.014373009697727174,0.334629268158815,-0.30040094708038123,0.53185463757447204,-0.23001405057902402,0.01894263502601707,0.20940907702445746,0.52498244055274534,-0.23449572969784963
1840,0.765625,0.578125,0.48750957329330918,-0.093317015682764348,0.49636040280078919,0.49273137209068224,-0.09760941180639196,-0.0052217987973730562,0.004292396123627612,0.33566221548491865,-0.21137737881431901,0.4842274761090743,-0.077243022914178713,0.016405651631413665,0.20015909196703704,0.47899016802396682,-0.083430210850357678
1841,0.515625,0.703125,-0.38554786159300913,-0.56135592117847255,0.68100486328738774,-0.37237769619406269,-0.5675284761193139,-0.013170165398946443,0.006172554940841346,-0.36912336454107419,-0.47083904959534728,-0.38560440298603677,-0.57917631437187533,0.017820482891790609,0.10958370119449279,-0.38534796729595105,-0.57450943436279067
1842,0.484375,0.703125,-0.50211664483917007,-0.45991328668843157,0.68091215020522344,-0.5101103537881404,-0.44773397374053148,0.007993708948970335,-0.012179312947900089,-0.47507372127039432,-0.35954907599297603,-0.51690740920153255,-0.46577106935077733,0.015908498613703644,0.11416290693051157,-0.51515542492869026,-0.46162875212990573
1843,0.515625,0.671875,-0.43143811858528697,-0.63119859175786741,0.764559031341287,-0.42343646539838253,-0.62627335871856804,-0.0080016531869044338,-0.0049252330392993704,-0.40611173211221785,-0.50374600451884599,-0.43011566038704729,-0.64603204996498953,0.014892292572620572,0.14429659490551114,-0.42979096810366857,-0.64076484858129812
1844,0.484375,0.671875,-0.56489953663345738,-0.51511120030340207,0.76449397327036295,-0.56116912299246036,-0.50647885633978551,-0.0037304136409970212,-0.0086323439636165622,-0.51206208884153792,-0.39245603091647474,-0.57657529308794153,-0.51953616071714104,0.012486134848206041,0.14251776349737033,-0.57459972565707884,-0.51487475803960159
1845,0.515625,0.796875,-0.24135175879710838,-0.34769059742333697,0.42324865387979033,-0.27748151061179793,-0.34800195816783919,0.036129751814689554,0.0003113607445022204,-0.27742775274788056,-0.31129168727872103,-0.23186586206514032,-0.34826162351784257,0.0095030683260812505,0.058674202747976766,-0.23188256231985502,-0.34560989516562135
1846,0.484375,0.796875,-0.31056554456992747,-0.28734059903308551,0.42310232488927313,-0.30582161099191824,-0.32313222341432357,-0.0047439335780092295,0.035791624381238063,-0.30471534316835086,-0.28290862211113088,-0.31081901844028376,-0.28007048074067487,0.0072745356545003779,0.0067312627540379866,-0.30987527389714475,-0.27766003569773401
1847,0.515625,0.828125,-0.18353936191530529,-0.26603513260870237,0.32320487179868945,-0.20794404601518102,-0.26791426810840058,0.024404684099875729,0.0018791354996982035,-0.21351482736775712,-0.25097710150978159,-0.17928620078180782,-0.26928717665680696,0.0053539863763653649,0.038818265415266451,-0.17941546011393425,-0.26730884774596764
1848,0.484375,0.828125,-0.23785203014894912,-0.21863037248175149,0.32306783810445444,-0.23628414639530126,-0.24304453335488496,-0.0015678837536478585,0.024414160873133472,-0.24080241778822742,-0.22259403634219146,-0.24033534066016851,-0.21655957455704847,0.0032334246767300834,0.0060525110557442989,-0.23968878913039751,-0.2147225364866252
1849,0.546875,0.734375,-0.20935194926176526,-0.54400973424390464,0.58290207549109352,-0.18176256639364938,-0.51645996856672927,-0.02758938286811588,-0.027549765677175375,-0.21955832615234216,-0.45037993034161411,-0.19800941155465659,-0.56444803142472455,0.023374711833275996,0.11608568992362947,-0.19931451759087626,-0.56048428084040891
1850,0.546875,0.765625,-0.1822495073359659,-0.46582588160999944,0.50020859139156681,-0.20746261461232152,-0.43576602327394726,0.025213107276355617,-0.030059858336052181,-0.22876400731041557,-0.38405410871742596,-0.16755868859402531,-0.47764483103319355,0.018854912377854565,0.11182716281280694,-0.16874586517019602,-0.47439299531194151
1851,0.578125,0.734375,-0.055806572726929349,-0.55899474750113454,0.56177353203349056,-0.04220620579755599,-0.52413634361339867,-0.013600366929373359,-0.034858403887735867,-0.10698165533475368,-0.46282776601137954,-0.050574135464309722,-0.57725044460379638,0.018990757657644578,0.1275709907235891,-0.053329130313269357,-0.57386007245108983
1852,0.578125,0.765625,-0.050107631384108134,-0.47631156436260386,0.4789399555982739,-0.067906254016228129,-0.44344239832061672,0.017798622632119995,-0.032869166041987141,-0.11618733649282709,-0.39650194438719144,-0.04279663147646498,-0.48847843508403949,0.014194487056659912,0.11766847676292089,-0.045219398982766022,-0.48576393676923874
1853,0.453125,0.734375,-0.50936726042530056,-0.28281917936277534,0.58261624952331159,-0.48601135701090309,-0.25163796318406428,-0.023355903414397472,-0.031181216178711058,-0.44792317482630917,-0.20852812991364295,-0.52963093860475874,-0.27802945188614542,0.020822059039898845,0.10726878584938104,-0.52711824426691178,-0.27527549546088059
1854,0.453125,0.765625,-0.43564388658903663,-0.2450890977270537,0.49985424050123123,-0.40231884801561779,-0.26586878551654913,-0.033325038573418841,0.020779687789495432,-0.37846608967553275,-0.22510921672423592,-0.4481820576843642,-0.23527290941773726,0.015923670661617827,0.070452940638246905,-0.44607223980678745,-0.23296027683892936
1855,0.421875,0.734375,-0.5455890929328151,-0.13264624676456815,0.5614823996422138,-0.51297112943798573,-0.11428683522685112,-0.032617963494829372,-0.01835941153771703,-0.45776099595336761,-0.090414138757808515,-0.56374894931588104,-0.13402589719335242,0.018212188752569677,0.11460991114129074,-0.56064850940318289,-0.13234814719017676
1856,0.421875,0.765625,-0.46437479085070121,-0.11548320041378513,0.47851887732402254,-0.42927862044270038,-0.128517657559336,-0.035096170408000837,0.013034457145550876,-0.38830391080259119,-0.10699522556840149,-0.47705325672135829,-0.11341482909844879,0.012846075538137023,0.08898122111149058,-0.47442658725714726,-0.11200977997325812
1857,0.109375,0.078125,0.014732597162393377,0.006805358048015007,0.016228441616835673,0.0166602179642403,0.013487862570830973,-0.0019276208018469236,-0.0066825045228159656,0.014305182876392942,0.02066388422673068,0.0080769221627200651,0.0096714812952832744,0.007246562783127455,0.012634245277212821,0.00772791518488286,0.0096736640314787105
1858,0.140625,0.078125,0.011638562583069641,0.015884056587027399,0.019691607162949324,0.01867561603345071,0.013177385981908173,-0.007037053450381069,0.0027066706051192269,0.01395997979075779,0.021980334992935932,0.0083619911403168979,0.017498062473505781,0.0036525245270976154,0.0071713488179633092,0.0079484991258114354,0.017412524843980003
1859,0.109375,0.046875,0.0065742109053302357,0.0012780092060184218,0.0066972797879759237,0.0093967208864499299,0.0066285072078196335,-0.0028225099811196941,-0.0053504980018012115,0.0099819690357776103,0.014084317324254372,0.0031081648527128097,0.0037217838218643103,0.0042409326346827961,0.012435082811757854,0.0028649296364821985,0.0036846880827460294
1860,0.140625,0.046875,0.0058637591458363366,0.0062870887985024566,0.0085971598147664054,0.011412118955660338,0.0063180306188968336,-0.0055483598098240014,-3.094182039437704e-05,0.009636765950142458,0.015400768090459623,0.0032178652260623102,0.0067336123432948595,0.0026833072710278887,0.010785261946341768,0.0029402394236637715,0.0066560531606606318
1861,0.078125,0.109375,0.018356559759299684,0.0065167877344929825,0.019479009435111907,0.016436812816145147,0.013496653195668496,0.0019197469431545371,-0.0069798654611755136,0.012570479262862051,0.019811698296362104,0.010218592976958622,0.0073725558416945737,0.00818283828532557,0.012659527404659811,0.0099211542960137289,0.0074942504542021959
1862,0.078125,0.140625,0.021740797960839185,0.01396443090914176,0.025839265209951754,0.016173589390984816,0.011397561833939767,0.0055672085698543691,0.0025668690752019933,0.011638159304094661,0.018997037946421182,0.015727355633314403,0.011347042387366994,0.0065583695611321699,0.0086743275631286261,0.015375647378085064,0.011567610453393681
1863,0.046875,0.109375,0.0087393401651243499,0.0015048729034880775,0.0088679596851478949,0.0089499105902596261,0.0066460884574946815,-0.00021057042513527614,-0.0051412155540066038,0.0065125618087158261,0.012379945463517221,0.0045119894875870264,0.0017760389726113317,0.0042360388085945369,0.010790974120993096,0.0043957673205932517,0.0018670188386255523
1864,0.046875,0.140625,0.010931544550460496,0.004481857785298876,0.011814639878826045,0.0086866871650992956,0.0045469970957659521,0.0022448573853612007,-6.5139310467076175e-05,0.0055802418499484377,0.011565285113576297,0.0069443673356072589,0.0027334875362848947,0.0043536629026926319,0.0089365254314456126,0.0068415011761237855,0.0029086988212079306
1865,0.171875,0.140625,0.0029825148202094654,0.074214114535746334,0.074274020969499449,-0.0074417108458610191,0.080647484182130566,0.010424225666070484,-0.0064333696463842321,-0.01252703173474411,0.083723843968959377,0.014735802748156756,0.074296668692431539,0.011753577851276502,0.028846729064773119,0.014011515540355571,0.073951160814701752
1866,0.171875,0.109375,0.0050498398222316131,0.047302727308598566,0.047571513461964116,0.0090432017170275162,0.039109820187462466,-0.0039933618947959031,0.0081929071211361004,0.00046461813317202547,0.047122596059266136,0.0095743476515021061,0.048273049494964977,0.0046273854650855355,0.0091820866367534164,0.0090111964006759776,0.048000557836025075
1867,0.203125,0.140625,-0.013179153853763708,0.098840514264995141,0.099715281459111793,-0.024337622240074581,0.099720563024673525,0.011158468386310873,-0.00088004875967838403,-0.030345607232945208,0.10228653813281327,-0.0053070559134150543,0.097813619212375025,0.0079387933233922396,0.025434937700917603,-0.0058859420832453758,0.097197907792437296
1868,0.203125,0.109375,-0.0058389982181265131,0.064337427890605883,0.06460184616379161,-0.0078527096771860479,0.058182899030005425,0.0020137114590595348,0.0061545288606004583,-0.017353957365029073,0.06568529022312003,-0.0034481730781413733,0.063552804784121272,0.0025162826290412062,0.014068344990829396,-0.0039041506386704753,0.063097373546086521
1869,0.140625,0.171875,0.021956669971646126,0.070324301021640959,0.073672265272802351,0.019873679103223848,0.077073419598607196,0.0020829908684222784,-0.0067491185769662371,0.010461339025726931,0.080480736593593408,0.032658992320496065,0.068341269245129635,0.010884489822005738,0.02530024662526421,0.031777729841345935,0.068287882469455663
1870,0.109375,0.171875,0.029965952288372438,0.041345494463254827,0.051062786929035209,0.034079970171741643,0.033747140831133171,-0.0041140178833692052,0.0075983536321216558,0.022865872020510832,0.041748377567753986,0.031545613294625227,0.037773399666446848,0.0039057893097373046,0.0095466411842828301,0.030847976977391306,0.037990812125999737
1871,0.140625,0.203125,0.03461554696028149,0.089108306431578022,0.095595639892536222,0.030293157658095152,0.092572433857626799,0.0043223893021863379,-0.003464127426048777,0.015631134287996874,0.095800323382081332,0.04223696734912908,0.088383864675857085,0.00765577328563051,0.027620177635525173,0.041190246510613711,0.088364802995336139
1872,0.109375,0.203125,0.042203261606636441,0.050409483902718717,0.065743679221478404,0.044499448726612947,0.04924615509015276,-0.002296187119976506,0.0011633288125659572,0.028035667282780775,0.057067964356241903,0.040797065189827023,0.048851288267582581,0.0020988954237896075,0.015177847096604651,0.039980655878479168,0.049170748680008917
1873,0.890625,0.078125,0.0071603691787470126,0.015108662848252241,0.016719526902341096,0.013376998460176643,0.017890560697011854,-0.00621662928142963,-0.0027818978487596131,0.051926806477852812,0.0017479908930749686,0.0083933673288069856,0.0093981704044653475,0.0058420893855365245,0.044200515502651923,0.010971299412144484,0.0086147906750956554
1874,0.859375,0.078125,0.016196205830086349,0.012837429481182813,0.020666801372608793,0.012825339999903556,0.019301464597922806,0.003370865830182793,-0.0064640351167399926,0.055114762411803783,-0.0040363882857930959,0.016095182414470638,0.0108189735743445,0.0020209824290065323,0.041751759234359358,0.018434868937822087,0.0093831443681572646
1875,0.890625,0.046875,0.0030248670018347469,0.0066658812029872063,0.0073200951217266908,0.0076523644099359646,0.010209217127635889,-0.0046274974081012173,-0.003543335924648683,0.044264516953510649,0.0084327636309235524,0.0032299394251584846,0.0036166082008059755,0.0030561610789746024,0.041316242642057799,0.005715837669581874,0.0034023353045545077
1876,0.859375,0.046875,0.0075952220742064131,0.0062134750458702169,0.0098129847906824087,0.0071007059496628767,0.011620121028546839,0.00049451612454353647,-0.0054066459826766222,0.047452472887461628,0.0026483844520554878,0.0061937554022201352,0.0041633623215308587,0.0024833588172445882,0.041286522334437088,0.0086086857744024324,0.0033334251433323752
1877,0.921875,0.109375,0.0064906324836218696,0.018813000082914439,0.019901187958440723,0.013456397072975346,0.017847408869224944,-0.0069657645893534768,0.00096559121368949494,0.057044279643896925,0.00022969788621233405,0.0058072932970479729,0.011182556354864237,0.0076609806115697839,0.052394597799215001,0.0086594241849224825,0.01063244616397983
1878,0.921875,0.140625,0.013519074139380015,0.022700735020350252,0.026421368928392221,0.011753831993737503,0.016972744751871608,0.0017652421456425121,0.0057279902684786443,0.064364949052507447,-0.0093356358094379543,0.0089379591843592662,0.017210984044387971,0.0071501034963973482,0.06145627902425712,0.012005541097722842,0.016191510643907048
1879,0.953125,0.109375,0.0027834561925389901,0.0093890266672396992,0.0097929285780057572,0.0078111616355333703,0.010122913472062067,-0.0050277054429943803,-0.00073388680482236804,0.054499463285598869,0.0053961776171982841,0.0011006441808895182,0.0047223877387825956,0.0049607837238830523,0.053403069898440556,0.0039040217830721238,0.0049905184997453399
1880,0.953125,0.140625,0.0056793622708077333,0.011400809258216427,0.012737095726471862,0.0061085965562955261,0.0092482493547087312,-0.00042923428548779282,0.0021525599035076958,0.061820132694209405,-0.0041691560784520064,0.0016939927539554036,0.0072681896200099587,0.0057412294205984775,0.061204293809675916,0.0047983052894492503,0.007184231288436268
1881,0.828125,0.140625,0.074547170583132649,0.0113116742006487,0.075400494793948794,0.082375715068128144,0.0021416799617297423,-0.0078285444849954949,0.0091699942389189583,0.10154822074271516,-0.046835869803108457,0.071361962069448517,0.025389155776120526,0.014433330897038098,0.078279400435936189,0.072762304637800618,0.022206363646201249
1882,0.828125,0.109375,0.047702047218734535,0.0099194211157695479,0.048722481711529778,0.039307807070867631,0.012709666957992187,0.0083942401478669035,-0.0027902458422226391,0.074857502988736654,-0.027982594662895516,0.046366271700513308,0.016496190138615096,0.0067110496209564696,0.052821516049221161,0.048041742711511126,0.013926733922295221
1883,0.796875,0.140625,0.10067567963009479,-0.0014150459198991354,0.10068562372025563,0.10313354808885153,-0.012131461247576844,-0.0024578684587567429,0.010716415327677708,0.11362867179530589,-0.06409730344236228,0.097544887614668563,0.0089813053691148465,0.010857530970180985,0.074827609739923015,0.098069963172928862,0.0055762072738844998
1884,0.796875,0.109375,0.065654810646531461,0.0012485918037452575,0.065666682134277815,0.060065640091591023,-0.0015634742513144003,0.0055891705549404383,0.0028120660550596576,0.08693795404132737,-0.045244028302149353,0.063378200808663812,0.0058354567740779625,0.0051207697282675199,0.05625100681798087,0.06436041500104836,0.0029769657146116067
1885,0.859375,0.171875,0.068440246818912476,0.029432344670471417,0.07450053890701118,0.07529856230582932,0.028534287807519595,-0.0068583154869168439,0.00089805686295182235,0.10023943643553905,-0.033937660844717471,0.062862113825590482,0.042255100364382389,0.013983512837513814,0.084866961216689532,0.064937528992188728,0.038975183091661217
1886,0.890625,0.171875,0.039165560542506139,0.033662402156841326,0.051643958519633534,0.031079747689604059,0.036816706785517753,0.0080858128529020801,-0.003154304628676427,0.077681432156220101,-0.018865340221286761,0.032781536662118672,0.036705943586363941,0.0070724044948361105,0.071443461558155841,0.035603118126035345,0.034234594034536416
1887,0.859375,0.203125,0.085033741892416956,0.044243026563048266,0.095855008526861962,0.088979242564253908,0.040653754444002863,-0.0039455006718369517,0.003589272119045403,0.11101110318095365,-0.038300885525580329,0.08129782520823263,0.054647347257696495,0.011054725803395227,0.097582031467982902,0.083269495450887507,0.050768173239168705
1888,0.890625,0.203125,0.046262256577578251,0.046705236251088932,0.065738690867096786,0.04476042794802864,0.048936173422001017,0.0015018286295496105,-0.0022309371709120854,0.088453098901634705,-0.023228564902149619,0.042395450541296842,0.047470776978114658,0.0039418576238820979,0.084378337947526694,0.04528029921961256,0.044460545604810692
1889,0.921875,0.890625,0.006490632483621501,0.018813000082915098,0.019901187958441226,0.013456397072975183,0.017847408869225801,-0.0069657645893536823,0.00096559121368929718,0.057044279643896474,0.00022969788621271482,0.0058072932970479729,0.011182556354864237,0.0076609806115704076,0.05239459779921448,0.0086594241849218996,0.010632446163979533
1890,0.921875,0.859375,0.013519074139379732,0.022700735020350946,0.026421368928392672,0.011753831993737349,0.0169727447518726,0.0017652421456423838,0.005727990268478346,0.06436494905250699,-0.0093356358094375327,0.0089379591843592662,0.017210984044387971,0.0071501034963976995,0.06145627902425653,0.012005541097722125,0.016191510643906816
1891,0.953125,0.890625,0.002783456192538474,0.0093890266672402318,0.0097929285780061215,0.0078111616355329315,0.010122913472062674,-0.0050277054429944575,-0.00073388680482244263,0.05449946328559839,0.005396177617198474,0.0011006441808895182,0.0047223877387825956,0.0049607837238833784,0.053403069898440084,0.0039040217830716272,0.0049905184997448898
1892,0.953125,0.859375,0.005679362270807245,0.011400809258217045,0.012737095726472197,0.0061085965562950968,0.0092482493547094737,-0.0004292342854878518,0.0021525599035075709,0.061820132694208899,-0.004169156078451774,0.0016939927539554036,0.0072681896200099587,0.0057412294205985833,0.061204293809675375,0.0047983052894486214,0.0071842312884358456
1893,0.890625,0.921875,0.0071603691787466154,0.015108662848253011,0.016719526902341623,0.013376998460176568,0.017890560697012853,-0.0062166292814299527,-0.0027818978487598421,0.051926806477852389,0.0017479908930754548,0.0083933673288069856,0.0093981704044653475,0.0058420893855373607,0.044200515502651416,0.010971299412144019,0.0086147906750954316
1894,0.859375,0.921875,0.016196205830086435,0.012837429481183816,0.020666801372609483,0.012825339999903705,0.019301464597923992,0.0033708658301827305,-0.0064640351167401765,0.055114762411803478,-0.0040363882857924905,0.016095182414470638,0.0108189735743445,0.002020982429007538,0.041751759234358851,0.018434868937821633,0.0093831443681571449
1895,0.890625,0.953125,0.003024867001834252,0.0066658812029877675,0.007320095121726997,0.0076523644099356983,0.010209217127636777,-0.0046274974081014462,-0.00354333592464901,0.044264516953510226,0.0084327636309239548,0.0032299394251584846,0.0036166082008059755,0.0030561610789751957,0.041316242642057424,0.0057158376695815452,0.0034023353045542102
1896,0.859375,0.953125,0.0075952220742062206,0.0062134750458709741,0.0098129847906827383,0.0071007059496628342,0.011620121028547916,0.00049451612454338642,-0.0054066459826769423,0.047452472887461308,0.0026483844520560074,0.0061937554022201352,0.0041633623215308587,0.0024833588172451042,0.041286522334436748,0.008608685774402108,0.0033334251433321522
1897,0.859375,0.828125,0.068440246818912559,0.029432344670472586,0.074500538907011721,0.075298562305829736,0.028534287807520903,-0.006858315486917177,0.00089805686295168358,0.10023943643553879,-0.033937660844716763,0.062862113825590482,0.042255100364382389,0.013983512837512774,0.084866961216688783,0.064937528992187923,0.038975183091661501
1898,0.890625,0.828125,0.039165560542506077,0.033662402156842193,0.051643958519634055,0.031079747689604219,0.036816706785519002,0.008085812852901858,-0.0031543046286768087,0.077681432156219699,-0.018865340221286154,0.032781536662118672,0.036705943586363941,0.0070724044948356811,0.071443461558155119,0.035603118126034498,0.034234594034536492
1899,0.859375,0.796875,0.085033741892417067,0.044243026563049279,0.095855008526862531,0.088979242564254366,0.040653754444004181,-0.0039455006718372987,0.0035892721190450977,0.11101110318095342,-0.038300885525579621,0.08129782520823263,0.054647347257696495,0.011054725803394311,0.097582031467982153,0.083269495450886605,0.050768173239169122
1900,0.890625,0.796875,0.046262256577578119,0.046705236251090014,0.065738690867097452,0.044760427948028834,0.04893617342200228,0.0015018286295492844,-0.0022309371709122658,0.088453098901634331,-0.023228564902149015,0.042395450541296842,0.047470776978114658,0.0039418576238817579,0.084378337947525972,0.045280299219611617,0.044460545604810858
1901,0.828125,0.859375,0.074547170583133163,0.011311674200649885,0.075400494793949474,0.082375715068128796,0.0021416799617309454,-0.0078285444849956337,0.0091699942389189392,0.10154822074271509,-0.046835869803107749,0.071361962069448517,0.025389155776120526,0.014433330897037055,0.078279400435935509,0.072762304637799938,0.022206363646201512
1902,0.828125,0.890625,0.047702047218734916,0.0099194211157705731,0.04872248171153036,0.039307807070868242,0.012709666957993382,0.0083942401478666745,-0.0027902458422228091,0.074857502988736571,-0.027982594662894843,0.046366271700513308,0.016496190138615096,0.0067110496209555406,0.052821516049220543,0.048041742711510578,0.013926733922295311
1903,0.796875,0.859375,0.10067567963009579,-0.0014150459198981852,0.10068562372025662,0.10313354808885247,-0.012131461247575739,-0.0024578684587566874,0.010716415327677553,0.11362867179530602,-0.0640973034423616,0.097544887614668563,0.0089813053691148465,0.010857530970180366,0.074827609739922377,0.098069963172928334,0.0055762072738848112
1904,0.796875,0.890625,0.065654810646532211,0.0012485918037461431,0.065666682134278578,0.060065640091591904,-0.0015634742513133022,0.0055891705549403065,0.0028120660550594451,0.086937954041327495,-0.045244028302148694,0.063378200808663812,0.0058354567740779625,0.0051207697282670602,0.056251006817980322,0.064360415001047916,0.0029769657146117207
1905,0.078125,0.890625,0.01835655975929968,0.0065167877344929261,0.019479009435111883,0.016436812816145088,0.013496653195668638,0.0019197469431545926,-0.0069798654611757122,0.012570479262861981,0.019811698296362229,0.010218592976958622,0.0073725558416945737,0.0081828382853255735,0.01265952740465992,0.0099211542960132414,0.0074942504542017049
1906,0.078125,0.859375,0.021740797960839085,0.013964430909141698,0.025839265209951636,0.016173589390984702,0.011397561833939921,0.005567208569854383,0.0025668690752017765,0.01163815930409458,0.018997037946421342,0.015727355633314403,0.011347042387366994,0.0065583695611320519,0.0086743275631288048,0.015375647378084552,0.011567610453393299
1907,0.046875,0.890625,0.0087393401651243447,0.0015048729034880821,0.0088679596851478897,0.0089499105902596035,0.0066460884574947587,-0.0002105704251352588,-0.0051412155540066767,0.0065125618087157212,0.012379945463517282,0.0045119894875870264,0.0017760389726113317,0.0042360388085945317,0.010790974120993136,0.0043957673205929299,0.0018670188386249714
1908,0.046875,0.859375,0.01093154455046038,0.004481857785298797,0.011814639878825908,0.008686687165099221,0.0045469970957660415,0.0022448573853611591,-6.5139310467244443e-05,0.0055802418499483197,0.011565285113576393,0.0069443673356072589,0.0027334875362848947,0.0043536629026924931,0.0089365254314457254,0.006841501176123423,0.0029086988212074301
1909,0.109375,0.921875,0.014732597162393335,0.0068053580480148968,0.016228441616835589,0.016660217964240259,0.01348786257083116,-0.0019276208018469236,-0.0066825045228162631,0.014305182876392866,0.020663884226730808,0.0080769221627200651,0.0096714812952832744,0.0072465627831274611,0.012634245277212896,0.0077279151848822303,0.0096736640314782005
1910,0.140625,0.921875,0.011638562583069698,0.015884056587027448,0.0196916071629494,0.018675616033450627,0.013177385981908348,-0.0070370534503809284,0.0027066706051191002,0.013959979790757648,0.021980334992936102,0.0083619911403168979,0.017498062473505781,0.0036525245270976454,0.007171348817963304,0.0079484991258105576,0.017412524843979611
1911,0.109375,0.953125,0.0065742109053301499,0.0012780092060182774,0.0066972797879758118,0.009396720886449942,0.0066285072078198018,-0.0028225099811197921,-0.0053504980018015246,0.0099819690357774923,0.014084317324254442,0.0031081648527128097,0.0037217838218643103,0.0042409326346828091,0.012435082811757845,0.0028649296364816738,0.0036846880827453871
1912,0.140625,0.953125,0.0058637591458361796,0.0062870887985024167,0.0085971598147662701,0.01141211895566031,0.0063180306188969897,-0.0055483598098241306,-3.0941820394573064e-05,0.0096367659501422724,0.015400768090459732,0.0032178652260623102,0.0067336123432948595,0.0026833072710277404,0.010785261946341745,0.0029402394236629995,0.0066560531606600377
1913,0.140625,0.828125,0.021956669971646026,0.070324301021641153,0.073672265272802503,0.019873679103223671,0.077073419598607654,0.0020829908684223547,-0.0067491185769665007,0.010461339025726948,0.080480736593593769,0.032658992320496065,0.068341269245129635,0.010884489822005874,0.025300246625264367,0.031777729841345151,0.068287882469455871
1914,0.109375,0.828125,0.029965952288372497,0.04134549446325498,0.051062786929035368,0.034079970171741511,0.033747140831133497,-0.0041140178833690144,0.0075983536321214823,0.022865872020510814,0.041748377567754243,0.031545613294625227,0.037773399666446848,0.0039057893097374204,0.0095466411842829533,0.030847976977390695,0.037990812125999696
1915,0.140625,0.796875,0.034615546960281615,0.089108306431578369,0.095595639892536582,0.030293157658094996,0.09257243385762734,0.0043223893021866189,-0.0034641274260489713,0.015631134287996923,0.09580032338208172,0.04223696734912908,0.088383864675857085,0.0076557732856304189,0.027620177635525232,0.041190246510613086,0.0883648029953365
1916,0.109375,0.796875,0.042203261606636427,0.050409483902718974,0.065743679221478585,0.044499448726612836,0.04924615509015319,-0.0022961871199764089,0.0011633288125657837,0.028035667282780792,0.057067964356242194,0.040797065189827023,0.048851288267582581,0.0020988954237897888,0.015177847096604793,0.039980655878478655,0.049170748680009028
1917,0.171875,0.859375,0.0029825148202093856,0.074214114535746403,0.074274020969499518,-0.0074417108458612862,0.080647484182130885,0.010424225666070671,-0.0064333696463844819,-0.012527031734744216,0.083723843968959794,0.014735802748156756,0.074296668692431539,0.01175357785127658,0.028846729064773355,0.014011515540354401,0.07395116081470203
1918,0.171875,0.890625,0.0050498398222316556,0.047302727308598594,0.047571513461964143,0.009043201717027308,0.039109820187462639,-0.0039933618947956525,0.0081929071211359547,0.00046461813317183291,0.047122596059266456,0.0095743476515021061,0.048273049494964977,0.0046273854650854887,0.0091820866367535673,0.0090111964006747616,0.048000557836025103
1919,0.203125,0.859375,-0.013179153853763732,0.098840514264995044,0.099715281459111696,-0.024337622240074915,0.099720563024673831,0.011158468386311182,-0.00088004875967878649,-0.030345607232945403,0.10228653813281377,-0.0053070559134150543,0.097813619212375025,0.0079387933233922518,0.025434937700917884,-0.0058859420832468919,0.097197907792437935
1920,0.203125,0.890625,-0.0058389982181265131,0.064337427890605939,0.064601846163791665,-0.0078527096771863238,0.058182899030005578,0.0020137114590598106,0.0061545288606003612,-0.017353957365029357,0.065685290223120432,-0.0034481730781413733,0.063552804784121272,0.0025162826290412235,0.014068344990829738,-0.0039041506386720392,0.063097373546086785
1921,0.421875,0.390625,-0.80797038905067398,-0.1781296301382771,0.82737314116177163,-0.76791849097530818,-0.1873888155328248,-0.040051898075365799,0.0092591853945477032,-0.67963441330225038,-0.11277792076922551,-0.83946272788327314,-0.19957419947561272,0.038100353793777672,0.18187546326837828,-0.83488388923814816,-0.19695665606690221
1922,0.421875,0.359375,-0.75848455394205649,-0.16279450137682466,0.77575825374095075,-0.72787844925865886,-0.14132362380300173,-0.030606104683397639,-0.021470877573822933,-0.64309018894380288,-0.078841902367402905,-0.78526379098747956,-0.18668892287651717,0.035889704868387072,0.17844974909135361,-0.78097323402178043,-0.18426454474474221
1923,0.453125,0.390625,-0.76151523991156556,-0.40484519115526946,0.86244135419117973,-0.71009321244436796,-0.39933887310084304,-0.051422027467197595,-0.0055063180544264179,-0.63261454703668973,-0.28603846250551079,-0.78865855631671755,-0.41400584851725947,0.028647465311506623,0.20180531389154571,-0.78489801623193289,-0.40977499949498525
1924,0.453125,0.359375,-0.71398455981736886,-0.37658800753878469,0.80721278426424448,-0.67005317072771864,-0.35327368137101994,-0.043931389089650219,-0.023314326167764743,-0.59607032267824223,-0.25210244410368821,-0.7377397318039024,-0.38727604132873056,0.026048843782494696,0.19581144723629326,-0.73422153840621351,-0.38334430165688094
1925,0.390625,0.421875,-0.84313702136430535,0.020212025674142053,0.84337925204318687,-0.84491285519532,0.025213796379850009,0.0017758338310146504,-0.0050017707057079565,-0.72941799921068562,0.053879485986157286,-0.86274131172452462,0.014316481600044749,0.020471581288640357,0.13906954007157116,-0.85778892286716524,0.015299939062592135
1926,0.359375,0.421875,-0.77967450856971465,0.19681218901087932,0.80413144264894909,-0.78141757933243083,0.20227436518046882,0.0017430707627161812,-0.0054621761695894944,-0.66643650563857404,0.20262927654623503,-0.77863724685605118,0.21264057272602249,0.015862334093582873,0.112646492981143,-0.77419234542338411,0.21200129189751754
1927,0.390625,0.453125,-0.87401477384334392,0.019860963465731934,0.87424040330232888,-0.86408194088439161,0.025866350724506604,-0.009932832958952309,-0.0060053872587746693,-0.73218171885355998,0.047276351005254777,-0.89059797321986489,0.014778739957581307,0.017344494727383801,0.16171519523920963,-0.88549172559795164,0.015809741781590902
1928,0.359375,0.453125,-0.8032805446458896,0.20680115760687581,0.82947353917659172,-0.80058666502150255,0.2029269195251254,-0.0026938796243870522,0.0038742380817504141,-0.66920022528144851,0.19602614156533252,-0.80377831048493475,0.21950642738500917,0.012715016750506824,0.13661107143716614,-0.79919601008691077,0.21886381019617496
1929,0.359375,0.328125,-0.64398642995640965,0.16750748935157034,0.66541511927282515,-0.66810966778517344,0.15364309549630892,0.024123237828763799,0.01386439385526142,-0.58008708491061323,0.15921423377076974,-0.63617954172555524,0.17373633570101962,0.0099872934618995095,0.057941825618534858,-0.63251543060023685,0.17313370845153878
1930,0.390625,0.328125,-0.69459126357670331,0.024292168851980087,0.69501592277056101,-0.70377945248142182,0.054772386753465033,0.0091881889047185084,-0.030480217901484946,-0.61593964249971767,0.072179043711930124,-0.70489611759104742,0.011697170589018337,0.016273413824423977,0.10757003038546735,-0.70081861554657399,0.012430608354113229
1931,0.359375,0.296875,-0.57324103127300907,0.14877434801712019,0.59223229105044772,-0.58618539247699619,0.13778904848475745,0.01294436120398712,0.010985299532362741,-0.50591667220096725,0.13697463811381744,-0.57034340985925347,0.15575693278567918,0.0075599404698427942,0.067108711196314008,-0.56704196663363093,0.15518189435722882
1932,0.390625,0.296875,-0.6219349327570175,0.017581722207716612,0.62218339542233458,-0.62185517717324457,0.038918339741913582,-7.9755583772933569e-05,-0.02133661753419697,-0.54176922979007169,0.049939448054977839,-0.63194873292052878,0.010486668812629159,0.012272570081033576,0.098432030227978223,-0.62827797248872674,0.011116054583176976
1933,0.328125,0.359375,-0.59198189816891977,0.30196168341252155,0.66454753480018358,-0.58876106805375983,0.25358078318757449,-0.003220830115159945,0.048380900224947065,-0.5184688548084404,0.23991545112481122,-0.57341920309727068,0.32572863118283879,0.030156947037789039,0.10189917884230085,-0.57036281480925388,0.32399138722390641
1934,0.328125,0.390625,-0.62905300778419926,0.31947025762679515,0.70552741414524689,-0.60097561860376847,0.28570545151552634,-0.02807738918043079,0.033764806111268808,-0.52788414318388077,0.26769403322422675,-0.61299661843234343,0.34821043376847899,0.03292119930490689,0.11716238389313624,-0.60973858026371119,0.34638886571809702
1935,0.296875,0.359375,-0.4299519795679394,0.38710281247746614,0.57853892882186775,-0.42748819301416913,0.33766442386728857,-0.0024637865537702752,0.049438388610177575,-0.38268021199662144,0.2983770728219004,-0.42584957938946166,0.41012676456737324,0.023386578566834258,0.11979811303316182,-0.42400652795182392,0.40773903803213768
1936,0.296875,0.390625,-0.45763689395228718,0.41191397227759646,0.61571474504335644,-0.43970274356417782,0.36978909219524048,-0.01793415038810936,0.042124880082355987,-0.39209550037206181,0.32615565492131593,-0.45524173365065018,0.43843372954803339,0.026627698333754463,0.12881697411116533,-0.45327494966324122,0.43592020326859365
1937,0.578125,0.390625,-0.064452330521517567,-0.82459261019124053,0.82710765665157404,-0.079255203004919048,-0.78636132742673692,0.01480287248340148,-0.038231282764503605,-0.14988262965565019,-0.66922778878108169,-0.075308524776370067,-0.85956742533530472,0.036620959136272696,0.20442718596639634,-0.079160360230688689,-0.85396284145599599
1938,0.578125,0.359375,-0.056109390742833526,-0.77353164538312802,0.77556396908228098,-0.03921516128826967,-0.74029613569691377,-0.016894229454563855,-0.033235509686214249,-0.11333840529720274,-0.6352917703792591,-0.07044631726376048,-0.80407045197842941,0.033736718428615468,0.17414354589884368,-0.074077608585263424,-0.79890961418770057
1939,0.546875,0.390625,-0.29509956108521268,-0.81035319589354449,0.86241292490753318,-0.29689523966213455,-0.7587223802371903,0.0017956785769218664,-0.05163081565635419,-0.31476347684872946,-0.61990838331262454,-0.29485025377332652,-0.84050371141826019,0.030151546237993876,0.22149229159337308,-0.29657176390317203,-0.83420803598028848
1940,0.546875,0.359375,-0.27371058224341188,-0.75940010390984469,0.80722115968940655,-0.25685519794548517,-0.71265718850736715,-0.016855384297926712,-0.046742915402477547,-0.27821925249028201,-0.58597236491080196,-0.27581358928881194,-0.78623756462850913,0.026919731359336764,0.20027964807591422,-0.2774486164086804,-0.78040908992715052
1941,0.609375,0.421875,0.13645979395937108,-0.83174901732226025,0.84286873425461661,0.1416660646062507,-0.83282943985885571,-0.0052062706468796183,0.0010804225365954601,0.0060744640565880588,-0.72122116133444258,0.1396930191576421,-0.85147718290050523,0.019991354688099164,0.18660265116421038,0.13373365650495897,-0.84696235629397776
1942,0.640625,0.421875,0.30209337541466386,-0.74454199576866487,0.80349436272609376,0.30773444555839441,-0.74549955662113632,-0.0056410701437305533,0.00095756085247145073,0.14456997191380722,-0.66743638408946904,0.32366944993541052,-0.73941197078444088,0.02217755956059133,0.19302100431739591,0.31632361400851183,-0.73690995144388138
1943,0.609375,0.453125,0.14039951307289461,-0.86230710277832101,0.87366215596937002,0.14494729556020491,-0.8516586051014281,-0.0045477824873103034,-0.01064849767689291,-0.0028492894242530126,-0.72389512841934645,0.14420350346510857,-0.87897014206766633,0.017091729615879191,0.21371191767093398,0.13806265688658995,-0.8742533988234481
1944,0.640625,0.453125,0.31520253509327067,-0.76642878181681295,0.82871328921794685,0.31101567651234863,-0.7643287218637087,0.0041868585809220482,-0.0021000599531042496,0.13564621843296615,-0.67011035117437279,0.33412026547038359,-0.76328650732955239,0.019176923934104487,0.21925725398094678,0.32654359701209867,-0.76063561677754399
1945,0.640625,0.328125,0.25450414674712329,-0.6146165835954347,0.66522620629527607,0.24418067207253147,-0.64039672861363228,0.010323474674591826,0.025780145018197587,0.11803986427150273,-0.58492263092339292,0.26445162129334859,-0.60413083322097882,0.014453484381394047,0.14766637271135571,0.25839943958212985,-0.60245226157120524
1946,0.609375,0.328125,0.12002120066710349,-0.68440924653601365,0.69485329772086935,0.15139996851214291,-0.68922762814432947,-0.031378767845039415,0.0048183816083158248,0.036226633091529223,-0.61483265112552588,0.11413510112546359,-0.6956928482353405,0.012726579867472065,0.1122857999394075,0.10919034955585734,-0.69230069926469584
1947,0.640625,0.296875,0.22618785588618162,-0.54736330128648758,0.59225630409952601,0.21715576521572852,-0.56168927387150136,0.0090320906704531023,0.01432597258501378,0.10272405546715538,-0.51514410620120255,0.23708439133731679,-0.54161131696530951,0.012321518107316317,0.13694237145885216,0.23162253195972671,-0.54030195026300831
1948,0.609375,0.296875,0.10331760854977187,-0.61359159569047128,0.622229197754672,0.12437506165533997,-0.61052017340219844,-0.0210574531055681,-0.0030714222882728404,0.020910824287181863,-0.5450541264033355,0.1023236342746303,-0.62369787969134483,0.01015504609373861,0.11319401733871653,0.097840267786973606,-0.62081259761438268
1949,0.671875,0.359375,0.37991888410917074,-0.5446497113229718,0.66406450480879797,0.33165695808644657,-0.54823396769680488,0.048261926022724166,0.0035842563738330835,0.18591840077012947,-0.53348235972262037,0.40569482085924868,-0.51992349050695619,0.035718131406701305,0.22019427277201487,0.39856646200868423,-0.52005586094749268
1950,0.671875,0.390625,0.40225619362319975,-0.57881347281528284,0.70486529324454139,0.36490459376155238,-0.55580017571960572,0.037351599861647378,-0.023013297095677121,0.20605645308892767,-0.54354362108160226,0.43369589291562127,-0.55580862971245981,0.038957380530310226,0.22796961420620482,0.42607637701662049,-0.55578754974231526
1951,0.703125,0.359375,0.44123163799632265,-0.37285199997766411,0.57767116273556707,0.3921083372435587,-0.37736375203784667,0.049123300752763943,0.0045117520601825611,0.23848112846440886,-0.41226356379965751,0.46772342488424734,-0.36164433507969229,0.028765022596557235,0.23476442827661359,0.4607810210686149,-0.36396656551023238
1952,0.703125,0.390625,0.46944675860464447,-0.39671709540661493,0.61462566896629733,0.4253559729186645,-0.38492996006064745,0.044090785685979961,-0.011787135345967481,0.25861918078320706,-0.42232482515863945,0.50000571356345369,-0.3866050409223204,0.032188559676814867,0.24401508394678856,0.49256019782649552,-0.38890688263110756
1953,0.609375,0.578125,0.13645979395937052,-0.83174901732226048,0.84286873425461684,0.14166606460625047,-0.83282943985885594,-0.0052062706468799513,0.0010804225365954601,0.0060744640565881421,-0.72122116133444258,0.1396930191576421,-0.85147718290050523,0.019991354688099035,0.18660265116421032,0.13373365650495914,-0.8469623562939762
1954,0.640625,0.578125,0.30209337541466402,-0.74454199576866498,0.80349436272609398,0.30773444555839419,-0.74549955662113654,-0.0056410701437301647,0.00095756085247156175,0.1445699719138073,-0.66743638408946893,0.32366944993541052,-0.73941197078444088,0.022177559560591194,0.19302100431739588,0.31632361400851178,-0.73690995144388016
1955,0.609375,0.546875,0.14039951307289367,-0.8623071027783209,0.87366215596936969,0.1449472955602048,-0.8516586051014281,-0.0045477824873111361,-0.010648497676892799,-0.002849289424252964,-0.72389512841934645,0.14420350346510857,-0.87897014206766633,0.017091729615879507,0.21371191767093398,0.13806265688658997,-0.87425339882344644
1956,0.640625,0.546875,0.3152025350932704,-0.7664287818168134,0.82871328921794718,0.31101567651234852,-0.7643287218637087,0.0041868585809218817,-0.0021000599531046937,0.1356462184329662,-0.67011035117437268,0.33412026547038359,-0.76328650732955239,0.019176923934104834,0.21925725398094678,0.32654359701209867,-0.76063561677754266
1957,0.578125,0.609375,-0.064452330521518025,-0.8245926101912413,0.82710765665157482,-0.079255203004919797,-0.78636132742673759,0.014802872483401772,-0.038231282764503716,-0.14988262965565013,-0.66922778878108158,-0.075308524776370067,-0.85956742533530472,0.036620959136271822,0.20442718596639642,-0.079160360230688218,-0.85396284145599366
1958,0.578125,0.640625,-0.056109390742834518,-0.77353164538312902,0.77556396908228209,-0.0392151612882706,-0.74029613569691455,-0.016894229454563918,-0.033235509686214471,-0.11333840529720272,-0.63529177037925899,-0.07044631726376048,-0.80407045197842941,0.033736718428614143,0.17414354589884376,-0.074077608585263105,-0.79890961418769801
1959,0.546875,0.609375,-0.2950995610852139,-0.81035319589354571,0.86241292490753474,-0.29689523966213571,-0.75872238023719141,0.0017956785769218109,-0.051630815656354301,-0.31476347684872952,-0.61990838331262443,-0.29485025377332652,-0.84050371141826019,0.030151546237992665,0.22149229159337319,-0.29657176390317125,-0.83420803598028581
1960,0.546875,0.640625,-0.27371058224341305,-0.7594001039098458,0.807221159689408,-0.2568551979454865,-0.71265718850736837,-0.016855384297926546,-0.046742915402477436,-0.27821925249028212,-0.58597236491080185,-0.27581358928881194,-0.78623756462850913,0.026919731359335567,0.20027964807591433,-0.27744861640867985,-0.78040908992714775
1961,0.671875,0.640625,0.37991888410917146,-0.54464971132297213,0.66406450480879864,0.33165695808644668,-0.54823396769680477,0.048261926022724777,0.0035842563738326394,0.18591840077012967,-0.53348235972262004,0.40569482085924868,-0.51992349050695619,0.03571813140670102,0.22019427277201464,0.39856646200868368,-0.52005586094749057
1962,0.671875,0.609375,0.40225619362319992,-0.5788134728152835,0.70486529324454206,0.36490459376155232,-0.55580017571960572,0.0373515998616476,-0.023013297095677787,0.20605645308892778,-0.54354362108160215,0.43369589291562127,-0.55580862971245981,0.038957380530310483,0.22796961420620473,0.42607637701661988,-0.55578754974231315
1963,0.703125,0.640625,0.44123163799632292,-0.37285199997766383,0.57767116273556707,0.39210833724355915,-0.37736375203784622,0.049123300752763777,0.0045117520601823946,0.23848112846440905,-0.41226356379965712,0.46772342488424734,-0.36164433507969229,0.028765022596556871,0.23476442827661331,0.46078102106861446,-0.36396656551023066
1964,0.703125,0.609375,0.46944675860464541,-0.39671709540661515,0.61462566896629822,0.42535597291866478,-0.38492996006064717,0.044090785685980627,-0.011787135345967981,0.25861918078320717,-0.42232482515863912,0.50000571356345369,-0.3866050409223204,0.032188559676814041,0.24401508394678839,0.49256019782649518,-0.3889068826311059
1965,0.640625,0.671875,0.25450414674712263,-0.61461658359543581,0.66522620629527685,0.24418067207253158,-0.6403967286136325,0.010323474674591049,0.025780145018196698,0.11803986427150297,-0.58492263092339269,0.26445162129334859,-0.60413083322097882,0.01445348438139531,0.14766637271135549,0.25839943958212952,-0.60245226157120324
1966,0.609375,0.671875,0.1200212006671028,-0.68440924653601509,0.69485329772087057,0.15139996851214269,-0.68922762814432992,-0.031378767845039887,0.0048183816083148256,0.036226633091529348,-0.61483265112552576,0.11413510112546359,-0.6956928482353405,0.012726579867470465,0.1122857999394075,0.10919034955585714,-0.69230069926469362
1967,0.640625,0.703125,0.22618785588618176,-0.54736330128648802,0.59225630409952645,0.21715576521572894,-0.56168927387150169,0.0090320906704528248,0.014325972585013669,0.10272405546715568,-0.51514410620120232,0.23708439133731679,-0.54161131696530951,0.012321518107316402,0.13694237145885188,0.2316225319597264,-0.54030195026300665
1968,0.609375,0.703125,0.10331760854977164,-0.61359159569047261,0.62222919775467322,0.12437506165534004,-0.610520173402199,-0.021057453105568405,-0.0030714222882736175,0.020910824287182047,-0.54505412640333539,0.1023236342746303,-0.62369787969134483,0.01015504609373726,0.11319401733871648,0.097840267786973315,-0.62081259761438079
1969,0.390625,0.578125,-0.8431370213643048,0.02021202567414233,0.84337925204318631,-0.84491285519531989,0.025213796379849995,0.0017758338310150945,-0.005001770705707665,-0.72941799921068573,0.053879485986157452,-0.86274131172452462,0.014316481600044749,0.020471581288640968,0.1390695400715711,-0.85778892286716368,0.015299939062593573
1970,0.359375,0.578125,-0.77967450856971543,0.19681218901087963,0.80413144264894998,-0.78141757933243072,0.20227436518046882,0.001743070762715293,-0.0054621761695891891,-0.66643650563857415,0.20262927654623519,-0.77863724685605118,0.21264057272602249,0.015862334093582616,0.11264649298114288,-0.77419234542338267,0.21200129189751879
1971,0.390625,0.546875,-0.87401477384334347,0.019860963465731643,0.87424040330232844,-0.86408194088439161,0.025866350724506597,-0.0099328329589518649,-0.0060053872587749538,-0.73218171885355998,0.047276351005254881,-0.89059797321986489,0.014778739957581307,0.017344494727384141,0.16171519523920966,-0.8854917255979502,0.015809741781591825
1972,0.359375,0.546875,-0.80328054464588861,0.20680115760687609,0.82947353917659083,-0.80058666502150255,0.2029269195251254,-0.002693879624386053,0.0038742380817506916,-0.66920022528144851,0.19602614156533263,-0.80377831048493475,0.21950642738500917,0.012715016750506585,0.13661107143716611,-0.79919601008690921,0.21886381019617554
1973,0.421875,0.609375,-0.80797038905067387,-0.17812963013827701,0.82737314116177152,-0.76791849097530862,-0.18738881553282533,-0.040051898075365244,0.0092591853945483138,-0.6796344133022505,-0.11277792076922531,-0.83946272788327314,-0.19957419947561272,0.038100353793777811,0.18187546326837828,-0.83488388923814616,-0.19695665606689999
1974,0.421875,0.640625,-0.75848455394205672,-0.16279450137682486,0.77575825374095109,-0.72787844925865941,-0.14132362380300229,-0.030606104683397306,-0.021470877573822572,-0.64309018894380321,-0.078841902367402739,-0.78526379098747956,-0.18668892287651717,0.035889704868386774,0.17844974909135344,-0.78097323402177865,-0.18426454474473963
1975,0.453125,0.609375,-0.76151523991156678,-0.40484519115526962,0.86244135419118084,-0.71009321244436907,-0.39933887310084404,-0.051422027467197706,-0.0055063180544255852,-0.63261454703668973,-0.28603846250551063,-0.78865855631671755,-0.41400584851725947,0.028647465311505412,0.20180531389154582,-0.78489801623193112,-0.40977499949498264
1976,0.453125,0.640625,-0.71398455981736952,-0.37658800753878569,0.80721278426424559,-0.67005317072771986,-0.353273681371021,-0.043931389089649664,-0.023314326167764687,-0.59607032267824234,-0.25210244410368809,-0.7377397318039024,-0.38727604132873056,0.02604884378249368,0.19581144723629326,-0.73422153840621152,-0.38334430165687788
1977,0.328125,0.640625,-0.59198189816891988,0.30196168341252216,0.66454753480018391,-0.58876106805375972,0.2535807831875746,-0.003220830115160167,0.048380900224947565,-0.5184688548084404,0.23991545112481161,-0.57341920309727068,0.32572863118283879,0.030156947037788626,0.10189917884230053,-0.57036281480925255,0.32399138722390819
1978,0.328125,0.609375,-0.62905300778419937,0.31947025762679604,0.70552741414524733,-0.60097561860376836,0.28570545151552629,-0.028077389180431012,0.033764806111269752,-0.52788414318388077,0.26769403322422702,-0.61299661843234343,0.34821043376847899,0.032921199304906168,0.11716238389313606,-0.60973858026370953,0.34638886571809846
1979,0.296875,0.640625,-0.42995197956793996,0.38710281247746625,0.57853892882186819,-0.42748819301416918,0.33766442386728868,-0.0024637865537707748,0.049438388610177575,-0.38268021199662133,0.2983770728219009,-0.42584957938946166,0.41012676456737324,0.023386578566834248,0.11979811303316139,-0.42400652795182275,0.40773903803213918
1980,0.296875,0.609375,-0.45763689395228757,0.41191397227759657,0.61571474504335688,-0.43970274356417777,0.36978909219524042,-0.017934150388109804,0.042124880082356153,-0.3920955003720617,0.32615565492131632,-0.45524173365065018,0.43843372954803339,0.026627698333754387,0.12881697411116505,-0.45327494966323978,0.43592020326859482
1981,0.359375,0.671875,-0.64398642995640976,0.16750748935157078,0.66541511927282537,-0.66810966778517344,0.15364309549630897,0.024123237828763688,0.013864393855261808,-0.58008708491061345,0.15921423377077012,-0.63617954172555524,0.17373633570101962,0.0099872934618993187,0.057941825618534545,-0.63251543060023507,0.17313370845154102
1982,0.390625,0.671875,-0.69459126357670409,0.024292168851980468,0.69501592277056179,-0.70377945248142204,0.054772386753464922,0.0091881889047179532,-0.030480217901484453,-0.615939642499718,0.072179043711930374,-0.70489611759104742,0.011697170589018337,0.01627341382442378,0.10757003038546722,-0.70081861554657177,0.012430608354115779
1983,0.359375,0.703125,-0.57324103127300985,0.14877434801712053,0.5922322910504485,-0.58618539247699664,0.13778904848475748,0.012944361203986787,0.010985299532363046,-0.50591667220096748,0.13697463811381791,-0.57034340985925347,0.15575693278567918,0.0075599404698427838,0.067108711196313661,-0.56704196663363049,0.1551818943572312
1984,0.390625,0.703125,-0.62193493275701794,0.017581722207716699,0.62218339542233503,-0.62185517717324523,0.038918339741913437,-7.9755583772711525e-05,-0.021336617534196738,-0.54176922979007203,0.049939448054978158,-0.63194873292052878,0.010486668812629159,0.012272570081033263,0.098432030227978043,-0.6282779724887263,0.011116054583179515
1985,0.390625,0.078125,-0.084987188888417303,0.0051536726677950378,0.085143306355357731,-0.10159933435472905,0.022405236933778331,0.016612145466311748,-0.017251564265983295,-0.11977427197185229,0.015007395351458992,-0.075230448319016471,0.0012483873375316199,0.010509293032804953,0.046620408912216263,-0.074912756190540913,0.0014235199903779136
1986,0.359375,0.078125,-0.077249985624050804,0.026559053719342897,0.081688087340707136,-0.10149451080915607,0.019748933667410703,0.024244525185105267,0.006810120051932194,-0.12090301659917196,0.019135744820562302,-0.067896631774565216,0.018542111522415416,0.012318952488850798,0.053009708852878729,-0.06755902265349395,0.01853698918735722
1987,0.390625,0.046875,-0.035729219593855943,0.0024295943902113521,0.035811730783179493,-0.055392377600421025,0.013810448415390614,0.019663158006565082,-0.011380854025179261,-0.085611036874116545,0.0053581663281433,-0.028950215268664668,0.00048040498186264206,0.0070536684775073461,0.056870390017619114,-0.029035622758829167,0.00069555077777974466
1988,0.359375,0.046875,-0.03132604717478573,0.012904909838937538,0.033880052088921114,-0.055287554054848045,0.011154145149022986,0.023961506880062315,0.0017507646899145527,-0.086739781501436214,0.0094865157972466047,-0.026128012657264169,0.0071353837721823601,0.0077657577788850128,0.06065735193872733,-0.026133134287232785,0.0072786531503843755
1989,0.421875,0.109375,-0.14251462592336123,-0.033807966127831005,0.1464697824664738,-0.13676979676773138,-0.013655814792189996,-0.0057448291556298492,-0.020152151335641008,-0.14493051815431313,-0.022220203047886376,-0.14058467402155947,-0.033422655758808172,0.001968039233283913,0.012015877328211555,-0.13992913913785801,-0.032952635758071037
1990,0.421875,0.140625,-0.20704597412005016,-0.054455929814100683,0.21408756080454264,-0.18881967048129542,-0.073645162806733402,-0.018226303638754743,0.01918923299263272,-0.19490347023865334,-0.068525795727929426,-0.21637275992068269,-0.05144054514294491,0.0098021160004318417,0.027437860466927914,-0.21523742218393652,-0.050780372089582235
1991,0.453125,0.109375,-0.13399323958105921,-0.069577225091682654,0.1509807222955494,-0.12573330242642566,-0.058311655036546041,-0.0082599371546335509,-0.011265570055136613,-0.13592352923903822,-0.069097030470547438,-0.13207650842780039,-0.069333485959022986,0.0019321664210576171,0.0038542807785794755,-0.13167013390605664,-0.068634531434552226
1992,0.453125,0.140625,-0.19678942457442619,-0.1079093913383169,0.22443376386662456,-0.17778317613998973,-0.11830100305108945,-0.019006248434436462,0.010391611712772558,-0.18589648132337844,-0.11540262315059049,-0.20327790954530303,-0.10671061989001078,0.0065982944919553699,0.019433604084570757,-0.20245092151887248,-0.10566024701288933
1993,0.328125,0.140625,-0.1558957142731911,0.086234051477072235,0.17815663154342243,-0.131470697042079,0.086581041925615512,-0.024425017231112095,-0.00034699044854327732,-0.13634806411208758,0.083884609646434904,-0.15800078520066793,0.089751754408017415,0.0040994581983584705,0.022433540028118999,-0.15712312168004861,0.089144040978585012
1994,0.328125,0.109375,-0.10755315079600714,0.063150602264245528,0.1247224070184888,-0.11498578447919047,0.045043377930947398,0.0074326336831833373,0.01810722433329813,-0.12335641424417144,0.047283361736741671,-0.10265843487289679,0.058314739530704138,0.0068806840027430686,0.023454160528290913,-0.10209936881648315,0.057920563628330798
1995,0.296875,0.140625,-0.11556544811924833,0.10840864135728424,0.15845442978956112,-0.098755013957805365,0.10328069767076449,-0.016810434161442969,0.0051279436865197536,-0.1046382266593513,0.1023829975392986,-0.11733923028297231,0.11300694236161145,0.0049285571205720949,0.016558493187327834,-0.11683763019220908,0.11217068231021306
1996,0.296875,0.109375,-0.078878965061261325,0.07533410331147411,0.10907391187116899,-0.082270101394916834,0.061743033676096383,0.0033911363336555089,0.013591069635377727,-0.091646576791435161,0.065781749629605341,-0.076239252322332307,0.073424418858936455,0.0032580635433226558,0.017198722052675315,-0.075932154593579909,0.072856315573313388
1997,0.359375,0.171875,-0.25573998587323304,0.065011485901217136,0.26387389729476007,-0.24964712280874629,0.082488983833884755,-0.0060928630644867532,-0.017477497932667618,-0.23280165915673084,0.076308799717804882,-0.26518033067768104,0.072418957118555061,0.011999614154736731,0.032611489461668718,-0.26359784102648925,0.07207924547385991
1998,0.390625,0.171875,-0.28011945642415864,-0.00048871304196321892,0.2801198827427348,-0.28531690750499478,-0.016381724908959134,0.0051974510808361352,0.015893011866995915,-0.26865421674583523,-0.010726390341034713,-0.29382363514739662,0.0048757612613189866,0.014716728543702356,0.02961294914890588,-0.29208625915726122,0.0051324781693520465
1999,0.359375,0.203125,-0.33777329090131003,0.088824061758264128,0.34925708295399954,-0.33510786549113991,0.095096581487302975,-0.0026654254101701191,-0.0062725197290388474,-0.29754541674863777,0.087231377682038549,-0.34295035372035454,0.093657425105390657,0.0070826111482757007,0.045857413652459107,-0.34092005790475738,0.093237662098033983
2000,0.390625,0.203125,-0.37054765161988246,0.0051460993970010105,0.37058338395024348,-0.3707776501873884,-0.00377412725554091,0.00022999856750594017,0.0089202266525419197,-0.33339797433774221,0.00019618762319893734,-0.37999394354658722,0.006305686567899301,0.009517198830088584,0.046994790390711687,-0.37775158809114567,0.0066378205685253258
2001,0.609375,0.078125,0.016579323278415013,-0.084362440641073635,0.085976132451331316,0.03565056351115526,-0.098607635182744235,-0.019071240232740247,0.0142451945416706,0.037770614120728199,-0.13651489654251164,0.012181135081221164,-0.074248224041775987,0.011029117681639061,0.067319833198153725,0.011182884255477494,-0.075143455128950293
2002,0.640625,0.078125,0.03685098713693951,-0.074215295435135165,0.082860758682812424,0.03331348536071925,-0.099198096670328098,0.0035375017762202601,0.024982801235192933,0.042920175462383005,-0.13405719388020876,0.028223753163202341,-0.064476214710722693,0.013010720940602306,0.071116084612275365,0.027322062906607204,-0.065862627778186522
2003,0.609375,0.046875,0.0068013267098795838,-0.036115871889031488,0.03675070403841886,0.0207267154705068,-0.054127152543045308,-0.013925388760627216,0.01801128065401382,0.038465602367753884,-0.099004961286667637,0.0046875499308821093,-0.02857223527647269,0.00783418825493532,0.078113543765823676,0.0040428139672576855,-0.029875605513713061
2004,0.640625,0.046875,0.01669456240328189,-0.030897651815666016,0.035119414880649742,0.018389637320070783,-0.054717614030629157,-0.0016950749167888926,0.023819962214963141,0.043615163709408683,-0.096547258624364765,0.01086107750281509,-0.024811766210254438,0.008430157156668552,0.078859438465689352,0.010457527873288963,-0.026487368992446872
2005,0.578125,0.109375,-0.014015937218268309,-0.14629567841898905,0.146965547051609,0.0049307051328692023,-0.13800448855976799,-0.018946642351137511,-0.0082911898592210598,-0.0084925660519627154,-0.1641355288858366,-0.012611905275921516,-0.14395160413496999,0.0027323963739050699,0.020599994514336438,-0.013793139348585668,-0.1438420634408337
2006,0.578125,0.140625,-0.025602967026694904,-0.21317864595792801,0.21471061225059568,-0.047119168580694842,-0.19799383657431141,0.021516201553999938,-0.015184809383616604,-0.058465518136302921,-0.21044112156587969,-0.019410883664252546,-0.22155477542962057,0.010416402512095626,0.040605144698036826,-0.020867106832800179,-0.22084580576631402
2007,0.546875,0.109375,-0.050577131543990128,-0.14245413758045603,0.15116622489501275,-0.040713001286065323,-0.13292085929709285,-0.0098641302579248052,-0.0095332782833631724,-0.054060757977627952,-0.15424622597331758,-0.049378519659137261,-0.14075900734937377,0.0020760869323897583,0.014276849158032007,-0.050195219066086899,-0.14024249734764144
2008,0.546875,0.140625,-0.079849179797288061,-0.21012272208617605,0.22478311736250126,-0.092762874999629374,-0.19291020731163627,0.012913695202341313,-0.017212514774539778,-0.10403371006196815,-0.20055181865336064,-0.075998089079089365,-0.21664107496674209,0.0075709856686814406,0.032324297557925659,-0.076880903221346622,-0.21549807415278951
2009,0.671875,0.140625,0.10676908987039986,-0.143999519629606,0.179263772707457,0.1035809717475735,-0.11975931109350296,0.0031881181228263639,-0.024240208536103036,0.0868683173707233,-0.16172584702625925,0.11178575796097315,-0.14326049651050149,0.0050708099847605395,0.031013674649070951,0.10974847852018629,-0.14479362565061912
2010,0.671875,0.109375,0.077485626997204307,-0.099371505960609105,0.12601078758594142,0.06051306375031297,-0.10919132409724053,0.016972563246891337,0.0098198181366314224,0.060177599616744792,-0.1428725718860463,0.072630974199142481,-0.093081172553691846,0.0079458132472333375,0.051325139902035299,0.071316520554745577,-0.094780643790697255
2011,0.703125,0.140625,0.12334650505651484,-0.10125257177632607,0.15958209047689814,0.11585670209651874,-0.085272055880716457,0.0074898029599961002,-0.015980515895609615,0.10482072977211077,-0.13303128977625275,0.12887721232440263,-0.09964802119867619,0.0057587590190338236,0.041147988695820044,0.12717172266422799,-0.10195526928896761
2012,0.703125,0.109375,0.085848583390926617,-0.069544686703099282,0.11048277114039598,0.072788794099258231,-0.074704068884454022,0.013059789291668386,0.0051593821813547408,0.078130012018132244,-0.11417801463603983,0.083735868092060906,-0.064744677575147222,0.0052443925827958685,0.049750180253918891,0.082784058353967419,-0.067009353338437452
2013,0.640625,0.171875,0.099342371737419249,-0.24540165074671544,0.26474681681113466,0.11568043097916993,-0.2369270021497224,-0.016338059241750677,-0.0084746485969930396,0.07201145848113541,-0.25329352280245176,0.11023203951608941,-0.2518213862891448,0.012641118176986477,0.038248921560787789,0.10747377734243214,-0.25214276387931966
2014,0.609375,0.171875,0.037890094724622576,-0.27833706036871331,0.28090421579772995,0.022899727418781372,-0.28575790168041953,0.014990367305841204,0.0074208413117062277,-0.0098017726988381092,-0.28320354300458478,0.047575223460168695,-0.28998741305757192,0.015150327930407851,0.05777664390674226,0.045184924035108931,-0.28937224964075198
2015,0.640625,0.203125,0.13428225673938876,-0.32312393774161025,0.34991542351926574,0.1400556205597116,-0.31960743799315539,-0.005773363820322841,-0.0035164997484548599,0.075107011992934986,-0.31616664132863781,0.14256003394651756,-0.32567360211637653,0.0086615462773579534,0.068119692263618567,0.13911285117130645,-0.32558940889366383
2016,0.609375,0.203125,0.056079858528055963,-0.36693458280636143,0.37119528363356841,0.047274916999323062,-0.36843833752385247,0.0088049415287329014,0.0015037547174910348,-0.0067062191870385368,-0.34607666153077082,0.061527714639670279,-0.37503266410593999,0.0097600234091644207,0.074123679149114552,0.058608284884398974,-0.3738476745600125
2017,0.078125,0.390625,0.089760681802270884,0.062375302984102286,0.10930534488288797,0.073625141943008676,0.075965849866822699,0.016135539859262207,-0.013590546882720413,0.057703582102319198,0.0863652812123092,0.061017518412078378,0.044023190162190591,0.034102338434533759,0.042471576946961534,0.060360905855240087,0.045282370485626201
2018,0.078125,0.359375,0.087177750539426474,0.056689167354250926,0.10398856612355389,0.073996819610638781,0.077804335662901958,0.013180930928787693,-0.021115168308651032,0.058310682741993136,0.087305267597400454,0.057077993141798594,0.041180883974793234,0.033860039113586655,0.046140852703605996,0.056446131536723058,0.042335127551026634
2019,0.046875,0.390625,0.044501943847076154,0.022808424170328655,0.050006471774180904,0.040973277174614145,0.038592881768032161,0.0035286666724620094,-0.015784457597703506,0.032286874869793161,0.058614146838485287,0.026942104676713194,0.010605128412124592,0.021383834526370958,0.048305614773848773,0.027076207792382269,0.01168540646746436
2020,0.046875,0.359375,0.04286017489495924,0.020674109951590244,0.047585853090145784,0.041344954842244236,0.040431367564111413,0.0015152200527150037,-0.019757257612521169,0.032893975509467099,0.059554133223576534,0.025202618952439217,0.0099204206026071075,0.020674407282378314,0.050226112672874808,0.025315075436444043,0.010908065201270909
2021,0.109375,0.421875,0.1005231588298566,0.12217689978341571,0.15821536051161209,0.10668842029573365,0.11823465186846585,-0.0061652614658770505,0.0039422479149498618,0.077699838307801278,0.12074990728896665,0.09262598558249685,0.11091235856563061,0.013757006729154201,0.017876443643798742,0.091176391655306263,0.11195253965938513
2022,0.140625,0.421875,0.075629561026342801,0.1980664447260379,0.21201449721056798,0.080639256344837276,0.19552408475997099,-0.0050096953184944754,0.0025423599660669149,0.056487117577250959,0.18820083479931285,0.095895151048864161,0.20066743862822456,0.020431820972202391,0.041332908355532189,0.093947825358790288,0.20099714178742048
2023,0.109375,0.453125,0.10280905909300787,0.12218932118433198,0.15968698395009351,0.10709983388006408,0.12313048577131847,-0.0042907747870562091,-0.00094116458698648153,0.072279387280757307,0.12738339899180015,0.095616743867719386,0.1144935572241679,0.010533479065839402,0.02666046198514983,0.09413050429086825,0.11558218806431519
2024,0.140625,0.453125,0.082109378012596226,0.20618851086540316,0.22193614390294317,0.081050669929167707,0.2004199186628236,0.0010587080834285195,0.0057685922025795533,0.051066666550206995,0.19483432650214638,0.098991465929709574,0.20714669821048542,0.016909258275554853,0.049481116525901862,0.096991944395134894,0.2075035010173473
2025,0.140625,0.328125,0.06751836807461345,0.15648794939898464,0.17043241573878531,0.079150959647625987,0.14630854616259215,-0.011632591573012538,0.010179403236392492,0.057626562751639993,0.14378617315927791,0.078350391654520665,0.16395377906876044,0.013155658383135772,0.028917285704506687,0.076697303239735934,0.16414341383936154
2026,0.109375,0.328125,0.088991100846430637,0.095917508146561248,0.13084182969870617,0.093357250716143786,0.10298226739511809,-0.0043661498697131484,-0.0070647592485568456,0.070031095746423896,0.10505381413343849,0.075679345289071026,0.090620084935428211,0.014327090726897264,0.015499524555853577,0.074435915268324424,0.091399107716627945
2027,0.140625,0.296875,0.059882589290678648,0.14368652251330918,0.15566547867823427,0.065859525984736433,0.13411350979601777,-0.0059769366940577856,0.0095730127172914126,0.043930268523544716,0.13378358532149204,0.070242166887103247,0.14698674081809324,0.010872547486011463,0.029438738263751464,0.068724545389477212,0.1471197205490192
2028,0.109375,0.296875,0.07585501065062282,0.085795813340108162,0.11452032233405905,0.080065817053254232,0.090787231028543719,-0.0042108064026314118,-0.0049914176884355566,0.05633480151832862,0.095051226295652602,0.067847538339585581,0.081242109898126469,0.0092117223063629093,0.01797873201301891,0.066698982475573876,0.081908426706792756
2029,0.171875,0.359375,0.022582595002287514,0.25339392594495525,0.25439822189401168,0.013007743663287351,0.24572824034565033,0.0095748513390001636,0.0076656855993049167,-0.00019717295130138729,0.22015468796005533,0.053479432131397393,0.26963876477125215,0.034907153035948178,0.073005833952228996,0.051654904197311738,0.26902703310372988
2030,0.171875,0.390625,0.021380423464113549,0.27394144855425651,0.27477452528120067,0.0007931931132786757,0.27785290867360218,0.020587230350834873,-0.0039114601193456777,-0.0096124613267417405,0.24793327005947086,0.057170584583069138,0.2882492426313345,0.038544112446298052,0.078008671732104046,0.055241937082050073,0.2876299937423567
2031,0.203125,0.359375,-0.044620581700292365,0.35159732439513375,0.3544173737743247,-0.066426905983940826,0.33295289816213414,0.021806324283648461,0.018644426232999611,-0.071717202882338044,0.28652061492304687,-0.019260459805931735,0.35498689142326406,0.025585639470902765,0.086251613967440022,-0.020682457284790363,0.35349771213258585
2032,0.203125,0.390625,-0.049506763699396945,0.37757542147832868,0.38080719341489006,-0.078641456533949494,0.36507756649008594,0.029134692834552549,0.01249785498824274,-0.081132491257778397,0.31429919702246245,-0.020589817478584575,0.37948810025003166,0.028980133174660846,0.088966333252232369,-0.022092336592339876,0.37793429123452127
2033,0.078125,0.609375,0.08976068180227055,0.06237530298410212,0.1093053448828876,0.073625141943008399,0.075965849866822602,0.016135539859262152,-0.013590546882720482,0.057703582102319309,0.086365281212309408,0.061017518412078378,0.044023190162190591,0.034102338434533384,0.042471576946961735,0.06036090585524001,0.045282370485626028
2034,0.078125,0.640625,0.087177750539426113,0.056689167354251072,0.10398856612355367,0.073996819610638462,0.077804335662901861,0.013180930928787651,-0.021115168308650789,0.058310682741993219,0.087305267597400676,0.057077993141798594,0.041180883974793234,0.033860039113586399,0.046140852703606225,0.056446131536722947,0.042335127551026482
2035,0.046875,0.609375,0.04450194384707605,0.022808424170328592,0.050006471774180786,0.040973277174613965,0.038592881768031995,0.0035286666724620858,-0.015784457597703402,0.032286874869793203,0.058614146838485454,0.026942104676713194,0.010605128412124592,0.021383834526370837,0.048305614773848947,0.027076207792382109,0.011685406467464111
2036,0.046875,0.640625,0.042860174894958969,0.020674109951589983,0.047585853090145423,0.041344954842244021,0.040431367564111254,0.0015152200527149481,-0.01975725761252127,0.032893975509467113,0.059554133223576715,0.025202618952439217,0.0099204206026071075,0.02067440728237795,0.050226112672874988,0.025315075436443877,0.010908065201270672
2037,0.109375,0.578125,0.10052315882985653,0.12217689978341559,0.15821536051161195,0.10668842029573337,0.11823465186846582,-0.0061652614658768423,0.0039422479149497647,0.077699838307801403,0.12074990728896681,0.09262598558249685,0.11091235856563061,0.013757006729154059,0.017876443643798728,0.091176391655306277,0.11195253965938501
2038,0.140625,0.578125,0.075629561026342315,0.19806644472603796,0.21201449721056786,0.080639256344836999,0.19552408475997099,-0.0050096953184946835,0.0025423599660669705,0.056487117577251084,0.18820083479931302,0.095895151048864161,0.20066743862822456,0.020431820972202867,0.041332908355532022,0.093947825358790357,0.20099714178742029
2039,0.109375,0.546875,0.10280905909300779,0.12218932118433158,0.15968698395009315,0.10709983388006392,0.12313048577131845,-0.0042907747870561258,-0.00094116458698687011,0.07227938728075739,0.12738339899180023,0.095616743867719386,0.1144935572241679,0.010533479065839051,0.026660461985149798,0.094130504290868208,0.11558218806431506
2040,0.140625,0.546875,0.082109378012595949,0.20618851086540319,0.22193614390294308,0.08105066992916754,0.2004199186628236,0.0010587080834284085,0.0057685922025795811,0.051066666550207071,0.19483432650214644,0.098991465929709574,0.20714669821048542,0.016909258275555127,0.049481116525901772,0.096991944395134963,0.20750350101734716
2041,0.140625,0.671875,0.067518368074613075,0.15648794939898469,0.17043241573878523,0.079150959647625613,0.1463085461625924,-0.011632591573012538,0.010179403236392298,0.057626562751640152,0.14378617315927827,0.078350391654520665,0.16395377906876044,0.01315565838313605,0.028917285704506319,0.076697303239735976,0.16414341383936179
2042,0.109375,0.671875,0.088991100846429999,0.095917508146561276,0.13084182969870578,0.093357250716143453,0.10298226739511826,-0.0043661498697134538,-0.0070647592485569843,0.070031095746424021,0.10505381413343877,0.075679345289071026,0.090620084935428211,0.014327090726896681,0.015499524555853791,0.074435915268324326,0.091399107716627986
2043,0.140625,0.703125,0.059882589290678565,0.14368652251330949,0.15566547867823452,0.065859525984736156,0.13411350979601819,-0.0059769366940575913,0.0095730127172913015,0.043930268523544841,0.13378358532149243,0.070242166887103247,0.14698674081809324,0.01087254748601145,0.029438738263751176,0.068724545389477046,0.14711972054901953
2044,0.109375,0.703125,0.075855010650622542,0.085795813340108454,0.11452032233405908,0.080065817053253996,0.090787231028544052,-0.0042108064026314534,-0.0049914176884355982,0.056334801518328717,0.095051226295652907,0.067847538339585581,0.081242109898126469,0.0092117223063628122,0.017978732013019083,0.066698982475573709,0.081908426706792867
2045,0.171875,0.640625,0.022582595002287455,0.25339392594495502,0.25439822189401146,0.013007743663287011,0.24572824034565038,0.0095748513390004446,0.0076656855993046391,-0.000197172951301193,0.22015468796005577,0.053479432131397393,0.26963876477125215,0.034907153035948331,0.073005833952228552,0.051654904197311988,0.26902703310373033
2046,0.171875,0.609375,0.02138042346411349,0.27394144855425678,0.27477452528120094,0.00079319311327841896,0.27785290867360213,0.020587230350835071,-0.0039114601193453447,-0.0096124613267415532,0.24793327005947119,0.057170584583069138,0.2882492426313345,0.038544112446298011,0.078008671732103713,0.055241937082050323,0.28762999374235682
2047,0.203125,0.640625,-0.044620581700292442,0.35159732439513347,0.35441737377432442,-0.066426905983941048,0.33295289816213419,0.021806324283648607,0.018644426232999278,-0.071717202882337849,0.28652061492304737,-0.019260459805931735,0.35498689142326406,0.025585639470902879,0.086251613967439508,-0.020682457284789905,0.35349771213258635
2048,0.203125,0.609375,-0.049506763699396918,0.37757542147832834,0.38080719341488972,-0.078641456533949633,0.36507756649008594,0.029134692834552715,0.012497854988242407,-0.081132491257778216,0.31429919702246278,-0.020589817478584575,0.37948810025003166,0.02898013317466084,0.088966333252231994,-0.022092336592339425,0.37793429123452144
2049,0.921875,0.390625,0.051461759502200978,0.094390103001753003,0.10750722876041366,0.067145556681052557,0.080494417311582231,-0.015683797178851579,0.013895685690170773,0.11763686761746432,-0.029785562736512242,0.034676655237757481,0.066773560686445521,0.032317381308228053,0.12730302884965486,0.038871596313512523,0.062892208156398788
2050,0.921875,0.359375,0.046195232453351526,0.091348479421232365,0.10236476050863644,0.068814994556197037,0.08128914690393628,-0.022619762102845511,0.010059332517296085,0.1155738368738865,-0.023656436528328981,0.032437797231842848,0.06246240322615227,0.031994881181557473,0.11969985650794021,0.036559286936537067,0.05880443995708113
2051,0.953125,0.390625,0.019403358547580078,0.045003792050397402,0.049008485202476533,0.035673869846669287,0.043753980445650292,-0.01627051129908921,0.00124981160474711,0.1151824044120935,-0.036978142105123693,0.0065721941096984204,0.028198439985805394,0.02114376122753106,0.1266655621508313,0.011262275569419439,0.026048547573943755
2052,0.953125,0.359375,0.017430301043588583,0.043507143975207649,0.046868827287970122,0.037343307721813768,0.044548710038004334,-0.019913006678225185,-0.0010415660627966852,0.11311937366851568,-0.030849015896940429,0.0061478680235163294,0.026377840430177477,0.020511127097022238,0.12131700666041313,0.0107300990080204,0.02438714191645542
2053,0.890625,0.421875,0.10815908284468267,0.11269412770058225,0.15619972349526764,0.10331895534774665,0.11827858155491786,0.0048401274969360197,-0.0055844538543356054,0.12580362594738614,-0.02857156825436976,0.096254972565546687,0.10777803460875404,0.012879278427976938,0.13951464839797889,0.09930731297043606,0.10209512387344742
2054,0.859375,0.421875,0.18571977624766287,0.098506953544485742,0.21022715140080606,0.1824548435142222,0.10322468414647297,0.0032649327334406675,-0.0047177306019872273,0.16643665180192549,-0.047576024028599173,0.1845792375159335,0.12407177760608314,0.025590253181612017,0.17260394324119416,0.18585611034983782,0.11718950484280614
2055,0.890625,0.453125,0.10772592591021891,0.11494542408586063,0.15753515681108241,0.10802066718005748,0.11932230893232153,-0.0002947412698385693,-0.0043768848464608989,0.13151592107193719,-0.03455015314083873,0.099362905559553877,0.11125803050778871,0.0091398567157939415,0.14931122806223057,0.10241668065308479,0.1054296388288385
2056,0.859375,0.453125,0.19272814140234451,0.10597490540845823,0.21994275860944767,0.18715655534653303,0.10426841152387664,0.0055715860558114838,0.0017064938845815919,0.1721489469264765,-0.053554608915068143,0.19053903249581172,0.12807787475586396,0.022211110998259821,0.18256109764054029,0.19176893031242045,0.12103160904208707
2057,0.859375,0.328125,0.1461363827403474,0.085232017796382648,0.16917546872426922,0.1345040008482585,0.095200247536686558,0.0116323818920889,-0.0099682297403039105,0.13675267548443321,-0.035338904858498638,0.15080903875209525,0.10137188650712639,0.016802650868365035,0.13743151685158661,0.15233730622189881,0.095432189223719807
2058,0.890625,0.328125,0.084039949956115398,0.098315754835268027,0.12933947903658383,0.090285186232033215,0.10348266651468471,-0.0062452362759178176,-0.0051669116794166858,0.11419467120511426,-0.020266584235067921,0.078644381042403622,0.088059209782645032,0.011589170821033666,0.11401009069473146,0.081672582697765853,0.083212678019041489
2059,0.859375,0.296875,0.13475540387965021,0.076131881220548939,0.15477429441915547,0.12450250568971141,0.080653330281503038,0.010252898189938797,-0.0045214490609540997,0.13291904661029014,-0.039141631933849022,0.13520230651581039,0.090881242828901893,0.014756130584274557,0.13004292075067433,0.1368384528057793,0.085386752598707802
2060,0.890625,0.296875,0.075992153583980385,0.084228984552751171,0.11344306609537164,0.080283691073486138,0.088935749259501193,-0.0042915374895057534,-0.0047067647067500218,0.11036104233097119,-0.024069311310418312,0.070505732278553584,0.078946251306225568,0.0076163041755557565,0.11045656105726818,0.073513261979368499,0.074495167533783588
2061,0.828125,0.359375,0.24724158941584931,0.054243908133898941,0.25312211500877257,0.24115689885606884,0.043802709551504601,0.0060846905597804757,0.01044119858239434,0.19108313740064817,-0.088364518392309646,0.25898807635259674,0.092142766594263445,0.039677492712543221,0.19285735834365195,0.25845426712204744,0.08527591651973726
2062,0.828125,0.390625,0.26755782883098789,0.055802453265067442,0.27331502988154943,0.27440453453117464,0.036236501528703821,-0.0068467057001867504,0.019565951736363621,0.21122118971944637,-0.098425779751291603,0.27686344329056012,0.098502463869705431,0.043702235252975292,0.20758043884129632,0.27613601724218756,0.091316239671026186
2063,0.796875,0.359375,0.35301680074184438,0.0019426626103520082,0.35302214596824477,0.3378083017053321,-0.022141745688860889,0.01520849903651228,0.024084408299212899,0.24157997044272006,-0.14519285900147105,0.35401160602573783,0.032595109960942795,0.030668585981971884,0.21035549573912429,0.35140445603590986,0.025893508588047141
2064,0.796875,0.390625,0.37918545478179044,0.00067983594478073959,0.37918606421516216,0.37105593738043785,-0.029707953711661662,0.0081295174013525928,0.030387789656442402,0.26171802276151823,-0.155254120360453,0.37844550061705667,0.034844825697438228,0.034173001872312862,0.22307602600646323,0.37553424412830849,0.027858854915944056
2065,0.921875,0.609375,0.051461759502200929,0.094390103001753559,0.10750722876041413,0.06714555668105246,0.080494417311583022,-0.01568379717885153,0.013895685690170537,0.11763686761746406,-0.029785562736511895,0.034676655237757481,0.066773560686445521,0.032317381308228504,0.12730302884965441,0.038871596313511766,0.062892208156398843
2066,0.921875,0.640625,0.046195232453351352,0.091348479421233322,0.10236476050863721,0.068814994556196857,0.081289146903937182,-0.022619762102845505,0.010059332517296141,0.11557383687388616,-0.023656436528328641,0.032437797231842848,0.06246240322615227,0.031994881181558264,0.11969985650793971,0.036559286936536109,0.058804439957081032
2067,0.953125,0.609375,0.019403358547579717,0.04500379205039811,0.04900848520247704,0.035673869846669017,0.043753980445651042,-0.0162705112990893,0.0012498116047470684,0.11518240441209324,-0.036978142105123457,0.0065721941096984204,0.028198439985805394,0.021143761227531404,0.12666556215083094,0.011262275569418771,0.026048547573943606
2068,0.953125,0.640625,0.017430301043588455,0.043507143975208676,0.046868827287971024,0.037343307721813407,0.044548710038005188,-0.019913006678224952,-0.0010415660627965118,0.11311937366851534,-0.030849015896940196,0.0061478680235163294,0.026377840430177477,0.020511127097023026,0.12131700666041272,0.010730099008019597,0.024387141916455198
2069,0.890625,0.578125,0.10815908284468277,0.11269412770058283,0.15619972349526814,0.10331895534774671,0.11827858155491845,0.0048401274969360614,-0.0055844538543356192,0.12580362594738598,-0.028571568254369437,0.096254972565546687,0.10777803460875404,0.01287927842797725,0.13951464839797853,0.099307312970435532,0.10209512387344763
2070,0.859375,0.578125,0.18571977624766256,0.098506953544486353,0.21022715140080608,0.18245484351422225,0.10322468414647357,0.0032649327334403067,-0.0047177306019872134,0.16643665180192532,-0.047576024028598854,0.1845792375159335,0.12407177760608314,0.025590253181611393,0.17260394324119385,0.18585611034983726,0.11718950484280649
2071,0.890625,0.546875,0.10772592591021864,0.11494542408586103,0.15753515681108252,0.10802066718005751,0.1193223089323219,-0.00029474126983887461,-0.0043768848464608712,0.13151592107193708,-0.034550153140838535,0.099362905559553877,0.11125803050778871,0.0091398567157938496,0.14931122806223035,0.10241668065308443,0.10542963882883863
2072,0.859375,0.546875,0.19272814140234446,0.10597490540845862,0.21994275860944781,0.18715655534653305,0.104268411523877,0.0055715860558114005,0.0017064938845816197,0.17214894692647642,-0.053554608915067956,0.19053903249581172,0.12807787475586396,0.022211110998259429,0.18256109764054013,0.19176893031242001,0.12103160904208735
2073,0.859375,0.671875,0.14613638274034763,0.085232017796383314,0.16917546872426975,0.13450400084825881,0.095200247536687654,0.011632381892088817,-0.0099682297403043407,0.13675267548443301,-0.035338904858498041,0.15080903875209525,0.10137188650712639,0.016802650868364331,0.13743151685158603,0.15233730622189764,0.095432189223720279
2074,0.890625,0.671875,0.084039949956115342,0.098315754835268845,0.12933947903658441,0.090285186232033299,0.10348266651468575,-0.0062452362759179564,-0.0051669116794169079,0.11419467120511392,-0.020266584235067431,0.078644381042403622,0.088059209782645032,0.011589170821034363,0.11401009069473091,0.08167258269776477,0.083212678019041739
2075,0.859375,0.703125,0.13475540387965032,0.076131881220550007,0.15477429441915608,0.12450250568971181,0.080653330281504232,0.010252898189938506,-0.0045214490609542246,0.13291904661028997,-0.039141631933848391,0.13520230651581039,0.090881242828901893,0.014756130584273485,0.13004292075067372,0.13683845280577817,0.085386752598708329
2076,0.890625,0.703125,0.075992153583980718,0.084228984552752059,0.11344306609537252,0.080283691073486277,0.088935749259502331,-0.0042915374895055591,-0.0047067647067502716,0.11036104233097085,-0.024069311310417785,0.070505732278553584,0.078946251306225568,0.0076163041755566126,0.11045656105726757,0.073513261979367361,0.074495167533783838
2077,0.828125,0.640625,0.2472415894158497,0.054243908133899517,0.25312211500877307,0.24115689885606925,0.043802709551505566,0.0060846905597804479,0.010441198582393951,0.19108313740064808,-0.088364518392309105,0.25898807635259674,0.092142766594263445,0.039677492712542554,0.19285735834365145,0.25845426712204683,0.085275916519738093
2078,0.828125,0.609375,0.26755782883098811,0.055802453265068219,0.27331502988154976,0.27440453453117486,0.036236501528704619,-0.0068467057001867504,0.0195659517363636,0.21122118971944626,-0.098425779751291159,0.27686344329056012,0.098502463869705431,0.043702235252974488,0.20758043884129593,0.27613601724218717,0.09131623967102695
2079,0.796875,0.640625,0.35301680074184505,0.0019426626103528539,0.35302214596824544,0.33780830170533271,-0.022141745688859946,0.015208499036512335,0.024084408299212798,0.24157997044272012,-0.1451928590014705,0.35401160602573783,0.032595109960942795,0.03066858598197102,0.21035549573912379,0.35140445603590925,0.025893508588048241
2080,0.796875,0.609375,0.37918545478179122,0.00067983594478124721,0.37918606421516293,0.37105593738043829,-0.029707953711660892,0.0081295174013529259,0.030387789656442139,0.26171802276151823,-0.15525412036045258,0.37844550061705667,0.034844825697438228,0.034173001872312363,0.22307602600646284,0.3755342441283081,0.027858854915945041
2081,0.609375,0.921875,0.016579323278415964,-0.084362440641074204,0.085976132451332066,0.035650563511156141,-0.098607635182744804,-0.019071240232740178,0.0142451945416706,0.037770614120728754,-0.13651489654251209,0.012181135081221164,-0.074248224041775987,0.011029117681639961,0.06731983319815435,0.011182884255476666,-0.0751434551289515
2082,0.640625,0.921875,0.036850987136940259,-0.074215295435135692,0.082860758682813243,0.033313485360720194,-0.099198096670328362,0.0035375017762200658,0.02498280123519267,0.042920175462383608,-0.13405719388020901,0.028223753163202341,-0.064476214710722693,0.013010720940603198,0.071116084612275726,0.02732206290660668,-0.065862627778187549
2083,0.609375,0.953125,0.0068013267098801893,-0.03611587188903205,0.036750704038419527,0.020726715470507688,-0.054127152543045759,-0.013925388760627499,0.018011280654013709,0.038465602367754467,-0.099004961286668067,0.0046875499308821093,-0.02857223527647269,0.0078341882549360243,0.078113543765824314,0.0040428139672570914,-0.029875605513714563
2084,0.640625,0.953125,0.016694562403282875,-0.03089765181566648,0.035119414880650623,0.018389637320071744,-0.054717614030629316,-0.0016950749167888683,0.023819962214962836,0.043615163709409321,-0.096547258624365001,0.01086107750281509,-0.024811766210254438,0.0084301571566695686,0.078859438465689824,0.010457527873288604,-0.0264873689924481
2085,0.578125,0.890625,-0.014015937218267757,-0.14629567841899005,0.14696554705160994,0.0049307051328697921,-0.1380044885597688,-0.018946642351137549,-0.0082911898592212541,-0.0084925660519624656,-0.16413552888583713,-0.012611905275921516,-0.14395160413496999,0.0027323963739056436,0.020599994514337003,-0.013793139348587027,-0.14384206344083464
2086,0.578125,0.859375,-0.025602967026694262,-0.21317864595792921,0.21471061225059679,-0.047119168580694482,-0.19799383657431213,0.021516201554000219,-0.015184809383617076,-0.058465518136302713,-0.21044112156588007,-0.019410883664252546,-0.22155477542962057,0.010416402512094285,0.04060514469803652,-0.020867106832801626,-0.22084580576631468
2087,0.546875,0.890625,-0.050577131543989857,-0.14245413758045727,0.15116622489501386,-0.040713001286065004,-0.13292085929709374,-0.0098641302579248538,-0.0095332782833635332,-0.05406075797762798,-0.15424622597331816,-0.049378519659137261,-0.14075900734937377,0.0020760869323906217,0.014276849158032567,-0.050195219066088682,-0.14024249734764258
2088,0.546875,0.859375,-0.079849179797288242,-0.2101227220861768,0.22478311736250201,-0.092762874999629277,-0.19291020731163705,0.012913695202341036,-0.01721251477453975,-0.10403371006196822,-0.20055181865336111,-0.075998089079089365,-0.21664107496674209,0.0075709856686808873,0.032324297557925478,-0.07688090322134844,-0.21549807415279018
2089,0.671875,0.859375,0.10676908987040082,-0.14399951962960636,0.17926377270745786,0.10358097174757457,-0.11975931109350296,0.0031881181228262528,-0.024240208536103397,0.086868317370723841,-0.1617258470262592,0.11178575796097315,-0.14326049651050149,0.0050708099847596453,0.031013674649070483,0.10974847852018582,-0.14479362565061923
2090,0.671875,0.890625,0.077485626997205501,-0.099371505960609341,0.12601078758594234,0.060513063750313997,-0.10919132409724053,0.016972563246891503,0.0098198181366311865,0.06017759961674532,-0.1428725718860463,0.072630974199142481,-0.093081172553691846,0.0079458132472342534,0.051325139902035168,0.071316520554745175,-0.094780643790697741
2091,0.703125,0.859375,0.12334650505651618,-0.10125257177632616,0.15958209047689922,0.11585670209651991,-0.085272055880716083,0.0074898029599962668,-0.015980515895610073,0.10482072977211127,-0.13303128977625248,0.12887721232440263,-0.09964802119867619,0.0057587590190325676,0.041147988695819523,0.12717172266422769,-0.10195526928896759
2092,0.703125,0.890625,0.085848583390927727,-0.06954468670309906,0.1104827711403967,0.072788794099259368,-0.074704068884453648,0.013059789291668358,0.0051593821813545881,0.078130012018132744,-0.11417801463603958,0.083735868092060906,-0.064744677575147222,0.0052443925827961131,0.049750180253918586,0.082784058353967141,-0.06700935333843773
2093,0.640625,0.828125,0.099342371737420096,-0.24540165074671605,0.26474681681113554,0.11568043097917084,-0.23692700214972284,-0.016338059241750746,-0.0084746485969932062,0.072011458481135937,-0.25329352280245188,0.11023203951608941,-0.2518213862891448,0.012641118176985438,0.038248921560787269,0.10747377734243135,-0.25214276387931944
2094,0.609375,0.828125,0.037890094724623347,-0.27833706036871425,0.28090421579773095,0.022899727418781955,-0.28575790168042015,0.014990367305841391,0.0074208413117058947,-0.0098017726988376876,-0.283203543004585,0.047575223460168695,-0.28998741305757192,0.015150327930406634,0.057776643906741816,0.045184924035107897,-0.28937224964075198
2095,0.640625,0.796875,0.13428225673938973,-0.32312393774161069,0.34991542351926658,0.14005562055971249,-0.31960743799315583,-0.0057733638203227577,-0.0035164997484548599,0.075107011992935457,-0.31616664132863781,0.14256003394651756,-0.32567360211637653,0.0086615462773568935,0.068119692263618095,0.13911285117130578,-0.32558940889366322
2096,0.609375,0.796875,0.0560798585280564,-0.3669345828063621,0.37119528363356913,0.047274916999323596,-0.36843833752385313,0.0088049415287328042,0.0015037547174910348,-0.0067062191870381795,-0.34607666153077093,0.061527714639670279,-0.37503266410593999,0.0097600234091636245,0.074123679149114191,0.058608284884398114,-0.37384767456001194
2097,0.390625,0.921875,-0.084987188888418039,0.0051536726677942511,0.085143306355358411,-0.10159933435472933,0.022405236933777748,0.01661214546631129,-0.017251564265983496,-0.11977427197185314,0.015007395351458909,-0.075230448319016471,0.0012483873375316199,0.010509293032805343,0.046620408912217047,-0.074912756190543842,0.0014235199903772022
2098,0.359375,0.921875,-0.077249985624051262,0.026559053719342619,0.081688087340707483,-0.10149451080915643,0.019748933667410234,0.02424452518510517,0.0068101200519323848,-0.12090301659917288,0.019135744820562364,-0.067896631774565216,0.018542111522415416,0.012318952488850966,0.053009708852879645,-0.067559022653496809,0.018536989187356735
2099,0.390625,0.953125,-0.035729219593856248,0.0024295943902104796,0.035811730783179743,-0.055392377600421254,0.013810448415389922,0.019663158006565006,-0.011380854025179441,-0.08561103687411728,0.0053581663281430519,-0.028950215268664668,0.00048040498186264206,0.007053668477507399,0.056870390017619829,-0.029035622758831817,0.00069555077777842507
2100,0.359375,0.953125,-0.031326047174786195,0.012904909838937058,0.033880052088921357,-0.055287554054848358,0.011154145149022408,0.023961506880062163,0.0017507646899146499,-0.086739781501437019,0.0094865157972465041,-0.026128012657264169,0.0071353837721823601,0.0077657577788849668,0.060657351938728128,-0.026133134287235477,0.0072786531503833008
2101,0.421875,0.890625,-0.14251462592336173,-0.033807966127831567,0.14646978246647441,-0.13676979676773163,-0.013655814792190628,-0.005744829155630099,-0.020152151335640939,-0.14493051815431393,-0.022220203047886508,-0.14058467402155947,-0.033422655758808172,0.0019680392332845128,0.012015877328211723,-0.13992913913786104,-0.032952635758071357
2102,0.421875,0.859375,-0.20704597412005094,-0.054455929814101557,0.21408756080454361,-0.18881967048129591,-0.073645162806733944,-0.01822630363875502,0.019189232992632387,-0.19490347023865418,-0.068525795727929467,-0.21637275992068269,-0.05144054514294491,0.0098021160004313698,0.02743786046692729,-0.2152374221839396,-0.050780372089581909
2103,0.453125,0.890625,-0.13399323958105941,-0.069577225091683625,0.15098072229555001,-0.12573330242642583,-0.058311655036546832,-0.0082599371546335787,-0.011265570055136793,-0.13592352923903883,-0.069097030470547785,-0.13207650842780039,-0.069333485959022986,0.0019321664210579324,0.0038542807785800636,-0.13167013390605942,-0.068634531434552795
2104,0.453125,0.859375,-0.19678942457442669,-0.10790939133831773,0.22443376386662542,-0.17778317613999012,-0.11830100305109015,-0.019006248434436573,0.010391611712772419,-0.1858964813233791,-0.11540262315059074,-0.20327790954530303,-0.10671061989001078,0.0065982944919550299,0.019433604084570271,-0.20245092151887528,-0.10566024701288922
2105,0.328125,0.859375,-0.15589571427319154,0.086234051477072249,0.17815663154342284,-0.13147069704207945,0.086581041925615429,-0.024425017231112095,-0.00034699044854318017,-0.13634806411208833,0.083884609646435335,-0.15800078520066793,0.089751754408017415,0.0040994581983582303,0.022433540028118162,-0.15712312168005141,0.089144040978585928
2106,0.328125,0.890625,-0.10755315079600751,0.063150602264245598,0.12472240701848915,-0.11498578447919086,0.045043377930947183,0.0074326336831833512,0.018107224333298415,-0.12335641424417228,0.047283361736741983,-0.10265843487289679,0.058314739530704138,0.0068806840027433843,0.023454160528291499,-0.102099368816486,0.057920563628331118
2107,0.296875,0.859375,-0.11556544811924858,0.10840864135728409,0.1584544297895612,-0.098755013957805809,0.10328069767076456,-0.016810434161442775,0.0051279436865195316,-0.10463822665935185,0.10238299753929909,-0.11733923028297231,0.11300694236161145,0.0049285571205721478,0.016558493187327088,-0.11683763019221169,0.11217068231021407
2108,0.296875,0.890625,-0.078878965061261824,0.075334103311474221,0.10907391187116942,-0.082270101394917222,0.061743033676096307,0.0033911363336553979,0.013591069635377914,-0.091646576791435813,0.065781749629605757,-0.076239252322332307,0.073424418858936455,0.0032580635433231255,0.017198722052675714,-0.075932154593582518,0.07285631557331386
2109,0.359375,0.828125,-0.25573998587323366,0.065011485901216942,0.26387389729476063,-0.24964712280874685,0.082488983833884588,-0.0060928630644868087,-0.017477497932667646,-0.23280165915673157,0.076308799717805284,-0.26518033067768104,0.072418957118555061,0.01199961415473637,0.032611489461668051,-0.26359784102649231,0.072079245473861325
2110,0.390625,0.828125,-0.28011945642415964,-0.00048871304196371895,0.2801198827427358,-0.28531690750499544,-0.016381724908959467,0.0051974510808358021,0.015893011866995748,-0.26865421674583606,-0.01072639034103447,-0.29382363514739662,0.0048757612613189866,0.014716728543701608,0.029612949148905044,-0.29208625915726449,0.005132478169353227
2111,0.359375,0.796875,-0.33777329090131103,0.088824061758264267,0.34925708295400054,-0.33510786549114058,0.09509658148730285,-0.0026654254101704522,-0.0062725197290385837,-0.29754541674863838,0.087231377682038994,-0.34295035372035454,0.093657425105390657,0.0070826111482748758,0.045857413652458434,-0.34092005790475977,0.093237662098035856
2112,0.390625,0.796875,-0.37054765161988334,0.0051460993970009125,0.37058338395024437,-0.37077765018738917,-0.0037741272555411945,0.00022999856750582914,0.008920226652542107,-0.33339797433774288,0.00019618762319924266,-0.37999394354658722,0.006305686567899301,0.0095171988300877131,0.046994790390710986,-0.3777515880911485,0.0066378205685271464
