node_id,x,y,p1_real,p1_imag,lod_coefficient_real,lod_coefficient_imag
0,0,0,-3.8541622568458189e-06,-5.6795810571540072e-05,3.2384036940601284e-07,-4.8493005981752358e-07
1,1,0,0.0053967916046464793,0.0038155214834830059,8.0290579402251267e-05,6.9451558637251119e-05
2,1,1,0.0053967916046475045,0.0038155214834813748,8.0290579395160585e-05,6.9451558636592954e-05
3,0,1,-3.8541622569949484e-06,-5.6795810571447766e-05,3.2384036608601733e-07,-4.8493005080454774e-07
4,0.5,0.5,-0.9605488619153103,-0.23083721299113077,-0.96962533894330405,-0.29054919202205803
5,0.5,0,-0.001603839037297162,-0.000141622154881694,0.00032299761262259387,0.00010116050177523189
6,0,0.5,-2.3251911811779467e-06,0.00063924817967912968,-0.00033016869374682094,-0.00017799879380163221
7,1,0.5,0.038339287064027991,-0.10514576605261006,0.00042464924153649602,-0.0016771048964117513
8,0.5,1,-0.0016038390372984501,-0.00014162215488178651,0.00032299761262467673,0.00010116050177935396
9,0.25,0.25,-0.038866950907010742,0.31115386052910982,-0.045254026247870872,0.31701261453151869
10,0.75,0.25,0.07932362544921083,-0.3036236416198661,0.13611047798691667,-0.28983141624480124
11,0.75,0.75,0.079323625449215007,-0.30362364161986416,0.13611047798692782,-0.28983141624480357
12,0.25,0.75,-0.038866950907009208,0.31115386052910915,-0.045254026247878471,0.31701261453151464
13,0.25,0,8.3266846999241508e-05,0.00015803706629125876,3.2787912038605347e-05,-0.00020064638074417066
14,0,0.25,-0.00046124811646481667,0.00027739225398316458,-0.0001914664918285522,-0.00010346935914405448
15,0.75,0,0.00195148122782787,-0.0039268975221773712,-5.0008147445409221e-05,0.00012614612117270638
16,1,0.25,0.027522637313333109,-0.056659077302747683,0.00033288922662152911,-0.00089116504861313139
17,1,0.75,0.027522637313335138,-0.056659077302745518,0.00033288922661728467,-0.00089116504860869289
18,0.75,1,0.00195148122782726,-0.0039268975221758247,-5.0008147446774157e-05,0.0001261461211729355
19,0,0.75,-0.00046124811646434141,0.00027739225398144569,-0.00019146649183013383,-0.00010346935914192128
20,0.25,1,8.3266847000731866e-05,0.00015803706629267421,3.2787912028040739e-05,-0.00020064638073971186
21,0.5,0.25,-0.5407249582697633,-0.12942213889607704,-0.54536682315374885,-0.16340995734535738
22,0.25,0.5,-0.068742237257056346,0.55236502644567897,-0.080452248717867603,0.56362696930218259
23,0.75,0.5,0.13878007391835703,-0.53513548083532003,0.24195615230931469,-0.51523731350107227
24,0.5,0.75,-0.54072495826976641,-0.12942213889607743,-0.54536682315374696,-0.16340995734536543
25,0.125,0.125,-0.023780645575489413,-0.027375874607897553,-0.024483084677923945,-0.02777373327816058
26,0.875,0.125,-0.031607815215559332,0.036448712608055059,-0.035725587548640816,0.010110495871197519
27,0.875,0.875,-0.031607815215556369,0.036448712608053858,-0.035725587548650399,0.010110495871185652
28,0.125,0.875,-0.023780645575490356,-0.027375874607897557,-0.024483084677939197,-0.027773733278156083
29,0.375,0.375,0.62917906677627056,-0.43250123234595567,0.65892208388881912,-0.42095297055151687
30,0.625,0.375,0.37519971693248239,0.66325721229175627,0.31902759074185294,0.71381911341218729
31,0.625,0.625,0.37519971693248066,0.6632572122917576,0.31902759074185227,0.71381911341216031
32,0.375,0.625,0.62917906677627244,-0.43250123234595644,0.65892208388881079,-0.42095297055152692
33,0.375,0.125,0.13716572660671061,-0.09508274643470728,0.14338178850265657,-0.091611690052497641
34,0.625,0.125,0.084869649231690492,0.14686480299803359,0.069468587774061258,0.15536465396510071
35,0.125,0.375,-0.11026710031143415,-0.1256056925770874,-0.11252914863642043,-0.12764971760689109
36,0.125,0.625,-0.11026710031143309,-0.12560569257708845,-0.11252914863643179,-0.12764971760688945
37,0.875,0.375,-0.11784474327068026,0.13236307553344126,-0.16368130183051136,0.045934184112016184
38,0.875,0.625,-0.11784474327068241,0.13236307553344101,-0.16368130183051324,0.045934184112004429
39,0.625,0.875,0.084869649231689881,0.14686480299803309,0.069468587774064006,0.15536465396509611
40,0.375,0.875,0.13716572660671189,-0.095082746434706197,0.14338178850264738,-0.091611690052500153
41,0.125,0,3.9613700784736964e-05,7.1050689579623484e-05,4.4748275352769529e-05,5.4860717921728095e-05
42,0,0.125,-0.00028484370202552984,2.259800445679314e-07,-6.5916167975456607e-05,-3.7398053090204376e-05
43,0.875,0,-0.0055041795690653605,0.0013970634545914312,-2.35475883676656e-05,-6.337105704054312e-06
44,1,0.125,0.01915915043750931,-0.021347261640122385,0.00027741857964385834,-0.00032029644144424072
45,1,0.875,0.019159150437505934,-0.021347261640120609,0.00027741857964893527,-0.00032029644143650987
46,0.875,1,-0.0055041795690668298,0.0013970634545911328,-2.3547588364403317e-05,-6.337105698193597e-06
47,0,0.875,-0.00028484370202344492,2.2598004462366103e-07,-6.5916167965700848e-05,-3.7398053093232464e-05
48,0.125,1,3.9613700783430554e-05,7.1050689580081654e-05,4.4748275359725485e-05,5.4860717915156569e-05
49,0.5,0.375,-0.84429061901945168,-0.20259454451346876,-0.85219960906983816,-0.25535721484334722
50,0.375,0.5,0.71583562790617106,-0.49173028042215156,0.7497158664904009,-0.47895226205866881
51,0.625,0.5,0.42685532512473978,0.75469324516293779,0.36298671292448947,0.81218011337574458
52,0.5,0.625,-0.84429061901945168,-0.20259454451347134,-0.85219960906984893,-0.25535721484332474
53,0.375,0,0.00043201126343766604,-0.00062913060141807624,-0.00026340727949140073,0.00016195662300601786
54,0.625,0,0.0012642979914740755,0.0025673123165924059,-0.00011318433962664098,-0.00024991063574146652
55,0.5,0.125,-0.185644466498981,-0.043472298296535372,-0.18546498767756206,-0.055554149150234419
56,0,0.375,-0.00021955175331413794,0.00055648810368796138,-0.00029314020457399891,-0.00015751155044493398
57,0,0.625,-0.00021955175331481676,0.00055648810368808346,-0.00029314020456676522,-0.00015751155044096881
58,0.125,0.5,-0.12568204785834527,-0.14276471254905529,-0.12803863253323866,-0.14523803781568292
59,1,0.375,0.034291049646408563,-0.091018203562818645,0.00038052169577991793,-0.0014495907548551297
60,1,0.625,0.034291049646409513,-0.091018203562815952,0.00038052169577269785,-0.0014495907548474623
61,0.875,0.5,-0.13320358300408514,0.15088760245408508,-0.18622147600492586,0.052270332833925973
62,0.625,1,0.0012642979914739892,0.0025673123165931601,-0.00011318433963627774,-0.00024991063573551024
63,0.375,1,0.0004320112634372077,-0.0006291306014187581,-0.00026340727948912619,0.00016195662301200518
64,0.5,0.875,-0.18564446649898125,-0.043472298296536774,-0.18546498767757,-0.055554149150241469
65,0.25,0.125,-0.013136327997738558,0.10602525675830113,-0.01538553914637098,0.10779267683475807
66,0.125,0.25,-0.070258716040529468,-0.080502563297807528,-0.072007504114794965,-0.081688305687689769
67,0.375,0.25,0.40273301220833019,-0.27730851301932002,0.42167500369163874,-0.26939373002025696
68,0.25,0.375,-0.060515793203385564,0.48570761178694583,-0.070711190938069129,0.49537114712199098
69,0.75,0.125,0.025930189521496307,-0.10933633288944765,0.046270795880374874,-0.098647893107666085
70,0.875,0.25,-0.079298524399143241,0.086702773119807855,-0.10481417431263357,0.029421710192036134
71,0.625,0.25,0.24054790312033963,0.42553660143260014,0.20416605190533371,0.45682039870432756
72,0.75,0.375,0.12227535648884386,-0.47048552655012071,0.21265912170201434,-0.45284047886368839
73,0.875,0.75,-0.079298524399147488,0.086702773119805759,-0.10481417431263312,0.0294217101920363
74,0.75,0.875,0.02593018952149561,-0.10933633288944895,0.046270795880378995,-0.098647893107665405
75,0.75,0.625,0.12227535648884563,-0.47048552655012382,0.21265912170201101,-0.45284047886367551
76,0.625,0.75,0.24054790312034033,0.42553660143260086,0.20416605190533213,0.45682039870434349
77,0.125,0.75,-0.070258716040529454,-0.080502563297804974,-0.072007504114787221,-0.081688305687688978
78,0.25,0.875,-0.013136327997739759,0.10602525675829952,-0.01538553914635689,0.10779267683475079
79,0.25,0.625,-0.060515793203389581,0.4857076117869471,-0.07071119093805936,0.49537114712199465
80,0.375,0.75,0.40273301220833213,-0.27730851301931986,0.42167500369165495,-0.2693937300202473
81,0.0625,0.0625,-0.0012128837616771563,0.00282110155337819,-0.0011998852539021479,0.0027814986549563555
82,0.9375,0.0625,-0.010885145885343272,-0.011176518538065047,0.0003614659461991776,-0.0031314308508003617
83,0.9375,0.9375,-0.010885145885345655,-0.011176518538062322,0.00036146594621297765,-0.0031314308507969743
84,0.0625,0.9375,-0.0012128837616769076,0.0028211015533780243,-0.0011998852538923144,0.0027814986549400387
85,0.4375,0.4375,0.16909394729807309,0.91317108891195287,0.13134252113877035,0.94131548758396699
86,0.5625,0.4375,0.55886470412388101,-0.7382173262583599,0.62726114964698143,-0.71399810977551059
87,0.5625,0.5625,0.55886470412388656,-0.73821732625835867,0.62726114964697866,-0.71399810977550882
88,0.4375,0.5625,0.16909394729806959,0.91317108891195264,0.13134252113879175,0.94131548758396388
89,0.4375,0.0625,0.010762991566240701,0.052837139293858089,0.0074309815003192406,0.053135165006840498
90,0.5625,0.0625,0.03173450209069098,-0.045407262871246044,0.03540056710423136,-0.040347885096571223
91,0.0625,0.4375,-0.021153140782980556,0.047750155900583902,-0.021256142473962524,0.049275203167704382
92,0.0625,0.5625,-0.021153140782979973,0.047750155900585171,-0.021256142473963496,0.049275203167699878
93,0.9375,0.4375,-0.10128390361939071,-0.047268352644021898,0.0076517091205808383,-0.052916274730892651
94,0.9375,0.5625,-0.10128390361938748,-0.047268352644023133,0.0076517091205863131,-0.052916274730889015
95,0.5625,0.9375,0.031734502090691792,-0.045407262871246884,0.035400567104240714,-0.040347885096567532
96,0.4375,0.9375,0.010762991566240816,0.052837139293860948,0.0074309815003198252,0.05313516500683365
97,0.1875,0.1875,0.13012148163706941,-0.04017733992361007,0.13370677266725456,-0.039818328390692548
98,0.3125,0.3125,-0.46070531214992172,-0.28136558710196496,-0.46411057214159612,-0.29894781529990233
99,0.3125,0.1875,-0.23163881696753982,-0.14137367256056316,-0.23330634937485201,-0.15027596348111591
100,0.1875,0.3125,0.25905554829658362,-0.079466798588877674,0.26598240156701525,-0.079201532869896299
101,0.8125,0.1875,0.11954330597281888,0.077108090825833572,0.090154046570504978,0.10651910156366091
102,0.6875,0.3125,-0.53341975826804433,0.063094923930129485,-0.55198044935542445,-0.0051786986292334759
103,0.6875,0.1875,-0.27126458968930195,0.033030901942794649,-0.27752946044600962,-0.0025853030985102908
104,0.8125,0.3125,0.22848759198826257,0.14879131037834492,0.17919467646624163,0.21180970606345914
105,0.8125,0.8125,0.1195433059728149,0.077108090825833961,0.090154046570504229,0.10651910156368082
106,0.6875,0.6875,-0.53341975826804877,0.063094923930122726,-0.55198044935542967,-0.005178698629238726
107,0.8125,0.6875,0.22848759198826546,0.14879131037835017,0.17919467646623163,0.21180970606345226
108,0.6875,0.8125,-0.27126458968930273,0.033030901942795253,-0.27752946044601723,-0.0025853030985206449
109,0.1875,0.8125,0.13012148163707074,-0.040177339923609348,0.13370677266726913,-0.039818328390691236
110,0.3125,0.6875,-0.4607053121499215,-0.28136558710196508,-0.46411057214159035,-0.29894781529989367
111,0.1875,0.6875,0.25905554829658467,-0.079466798588879894,0.26598240156700992,-0.07920153286989591
112,0.3125,0.8125,-0.23163881696754166,-0.14137367256056124,-0.23330634937487552,-0.15027596348112104
113,0.1875,0.0625,0.019123074341869307,-0.0060533666398654854,0.01969234312381693,-0.0058678811429973866
114,0.3125,0.0625,-0.034598712124743088,-0.020718608567365883,-0.034370887085282235,-0.022129711278478431
115,0.0625,0.1875,-0.0081044153148530969,0.01871823902092894,-0.0081455578686419599,0.018883668235969302
116,0.0625,0.3125,-0.016051916497491055,0.036750647135121169,-0.016200486339449038,0.0375592401260018
117,0.8125,0.0625,0.024611099407375034,0.012329794088499357,0.013390452870278258,0.015712860362590019
118,0.6875,0.0625,-0.04391833057517075,0.0083512722243310588,-0.040943567666312547,-0.0003287536990982624
119,0.9375,0.1875,-0.040712341555531745,-0.026393882203366695,0.0029140840225865723,-0.020411943856936735
120,0.9375,0.3125,-0.076182854150317725,-0.038271962943773608,0.0058521501015804831,-0.040364103469053773
121,0.9375,0.8125,-0.040712341555526929,-0.02639388220336715,0.0029140840225852374,-0.020411943856944222
122,0.9375,0.6875,-0.076182854150317919,-0.038271962943776244,0.0058521501015923495,-0.040364103469048292
123,0.8125,0.9375,0.024611099407376505,0.012329794088499425,0.013390452870275894,0.015712860362586224
124,0.6875,0.9375,-0.043918330575169535,0.0083512722243314162,-0.040943567666308391,-0.00032875369909420206
125,0.0625,0.8125,-0.0081044153148550381,0.018718239020926983,-0.0081455578686512875,0.018883668235973195
126,0.0625,0.6875,-0.016051916497491849,0.036750647135122071,-0.016200486339443401,0.037559240125994625
127,0.1875,0.9375,0.019123074341871559,-0.0060533666398649771,0.019692343123808142,-0.0058678811429862827
128,0.3125,0.9375,-0.034598712124744094,-0.020718608567368221,-0.034370887085270301,-0.022129711278478407
129,0.4375,0.3125,0.12866461016945338,0.69621623937400978,0.1000964578068741,0.71740558232152751
130,0.5625,0.3125,0.42634882390269035,-0.56325445591506773,0.47806119483040699,-0.54416695825735784
131,0.4375,0.1875,0.064925980638564362,0.35072636233176036,0.050321521908663722,0.36064466556820657
132,0.5625,0.1875,0.21503003209408136,-0.28500279109488419,0.24033111412042704,-0.27357721411037111
133,0.3125,0.4375,-0.60484914254331534,-0.36932702544984386,-0.60897110513692487,-0.39225830909491988
134,0.3125,0.5625,-0.60484914254330846,-0.36932702544984658,-0.60897110513692743,-0.39225830909492976
135,0.1875,0.4375,0.34023326690975403,-0.10389914893392578,0.34900278022447045,-0.10391473944463234
136,0.1875,0.5625,0.34023326690975314,-0.10389914893392381,0.34900278022448034,-0.10391473944462241
137,0.6875,0.4375,-0.69872622993145517,0.082354780690962331,-0.72424143659352447,-0.006800091376664724
138,0.6875,0.5625,-0.69872622993145928,0.082354780690964413,-0.72424143659351703,-0.0068000913766681145
139,0.8125,0.4375,0.2988261926194391,0.19394782549234102,0.23510956305059097,0.27789621947713788
140,0.8125,0.5625,0.29882619261943744,0.19394782549234094,0.23510956305058797,0.27789621947714471
141,0.5625,0.6875,0.42634882390269502,-0.56325445591506595,0.47806119483041221,-0.54416695825735195
142,0.4375,0.6875,0.12866461016944811,0.69621623937401378,0.10009645780687537,0.71740558232150031
143,0.5625,0.8125,0.21503003209408106,-0.28500279109488241,0.24033111412042366,-0.27357721411036734
144,0.4375,0.8125,0.064925980638565126,0.35072636233175813,0.050321521908671195,0.36064466556822228
145,0.0625,0,-2.7444651814222995e-05,1.2853115605051782e-05,8.8153909250304546e-06,-1.8543789152242588e-05
146,0,0.0625,-0.00013023529031490368,-4.7520578167829719e-05,-1.8943538696040932e-05,-1.1699861218787824e-05
147,0.9375,0,0.0012086933905662532,-0.0059499371199159823,2.6599818374209349e-05,-7.2900731193523057e-05
148,1,0.0625,0.012684207521269175,-0.0076346035164676137,0.00019916987411908052,-0.00010418975268452663
149,1,0.9375,0.012684207521266474,-0.0076346035164692279,0.00019916987411688108,-0.00010418975267415387
150,0.9375,1,0.0012086933905646659,-0.0059499371199177517,2.6599818371799862e-05,-7.2900731184192223e-05
151,0,0.9375,-0.00013023529031425441,-4.7520578167251114e-05,-1.8943538684116273e-05,-1.16998612117906e-05
152,0.0625,1,-2.7444651814655968e-05,1.2853115604971673e-05,8.8153909369845018e-06,-1.8543789146777545e-05
153,0.5,0.4375,-0.93078633833630808,-0.22359171012311363,-0.93955897480789907,-0.28153821356170355
154,0.4375,0.5,0.17457910148782207,0.94233233881009049,0.13554680133131602,0.97143797861941472
155,0.5625,0.5,0.57667653405147801,-0.76170708134939413,0.64733289828683027,-0.73684487328915982
156,0.5,0.5625,-0.93078633833631186,-0.22359171012311424,-0.93955897480788642,-0.28153821356167824
157,0.4375,0,0.00034603133153085725,0.0010408824819569784,-4.2627897970786932e-05,-0.0003334465542921296
158,0.5625,0,0.0013847261117204603,-0.001886234875916389,-0.00020918516374217241,0.00023715910589535119
159,0.5,0.0625,-0.054793579103338749,-0.011569717742145621,-0.05305396040149335,-0.015869685025186313
160,0,0.4375,-6.4914828394665441e-05,0.00061980236179882541,-0.00032079404041981073,-0.00017276194683597432
161,0,0.5625,-6.4914828395467886e-05,0.00061980236179919621,-0.00032079404041584873,-0.00017276194683454535
162,0.0625,0.5,-0.021850783281677253,0.049210728067603973,-0.021936353857793526,0.050851049855339801
163,1,0.4375,0.03718215558748298,-0.10149004700282872,0.00041129417492465417,-0.0016184129179255041
164,1,0.5625,0.037182155587484257,-0.10149004700282595,0.00041129417491984861,-0.0016184129179211797
165,0.9375,0.5,-0.10479241035222414,-0.048771527085263777,0.0078920562114792557,-0.054609965215168428
166,0.5625,1,0.0013847261117203987,-0.0018862348759156129,-0.00020918516374705302,0.00023715910590249369
167,0.4375,1,0.00034603133152879612,0.0010408824819569025,-4.2627897966846636e-05,-0.00033344655428898271
168,0.5,0.9375,-0.05479357910333852,-0.011569717742144818,-0.05305396040148945,-0.01586968502519254
169,0.25,0.1875,-0.025648143363611927,0.20550450127406936,-0.029869543698196017,0.20924333188201624
170,0.1875,0.25,0.19721129584291724,-0.060685636694897946,0.20257282754135802,-0.06032323504744401
171,0.3125,0.25,-0.35082906334126301,-0.21422179865933605,-0.35346847340891552,-0.2276779320498343
172,0.25,0.3125,-0.050950091583964942,0.40832822131597257,-0.059417582606899597,0.41624076021520834
173,0.75,0.1875,0.05234450899438288,-0.20371887643635234,0.089842891828078419,-0.19135498478294527
174,0.8125,0.25,0.17585606648719904,0.11474056554377354,0.13650398430596541,0.16134110678749469
175,0.6875,0.25,-0.40763885941854705,0.048371166962553648,-0.42041422342561319,-0.0039407183407029244
176,0.75,0.3125,0.10334024759317609,-0.39611556343876925,0.17869878798028677,-0.3805135181683339
177,0.8125,0.75,0.1758560664871979,0.11474056554377897,0.13650398430597208,0.16134110678750183
178,0.75,0.8125,0.052344508994381388,-0.20371887643635,0.089842891828089411,-0.19135498478294372
179,0.75,0.6875,0.10334024759318208,-0.3961155634387733,0.17869878798028038,-0.38051351816832962
180,0.6875,0.75,-0.40763885941854711,0.048371166962550567,-0.42041422342561879,-0.003940718340704993
181,0.1875,0.75,0.19721129584292091,-0.0606856366948978,0.20257282754136671,-0.060323235047452906
182,0.25,0.8125,-0.025648143363612715,0.20550450127406972,-0.029869543698199556,0.20924333188199942
183,0.25,0.6875,-0.050950091583967183,0.40832822131597118,-0.059417582606896814,0.41624076021521617
184,0.3125,0.75,-0.35082906334126313,-0.21422179865933594,-0.35346847340892473,-0.22767793204982023
185,0.1875,0,-3.1604891655408617e-05,-0.00014200017861387701,-0.00013058518444054331,3.4855234268690205e-05
186,0.3125,0,-0.000333004726592142,4.402439718142267e-05,0.00021942554388527943,0.0001478375434235542
187,0.25,0.0625,-0.0036104667492714054,0.030542945256705197,-0.0043953401516070396,0.030821388800579427
188,0,0.1875,-0.00041962262346314063,0.00011367494201997916,-0.00012737392528601444,-6.9973676576446929e-05
189,0,0.3125,-0.0003813906839378971,0.00043969111575599819,-0.00024884235602304198,-0.00013365813015138778
190,0.0625,0.25,-0.012230698196566575,0.028174278284830597,-0.012339302591320895,0.028607718644986877
191,0.8125,0,0.0031319128651625663,0.0038123103590143484,-4.3026985626367975e-05,-3.7008924042380002e-05
192,0.6875,0,-0.0036731886216195145,0.00011172902025308774,0.00020996133227970727,-1.3916543996176414e-06
193,0.75,0.0625,0.0060762642690213656,-0.036156890713927498,0.013213525391521154,-0.028283754018449063
194,1,0.1875,0.023945053382945988,-0.037973028399601115,0.00031588103355092485,-0.00058760099698352728
195,1,0.3125,0.030845587812446847,-0.075259501220956898,0.00035113834567241856,-0.0011940058106615426
196,0.9375,0.25,-0.058485610825465474,-0.032694568446252195,0.0044554528968266342,-0.030800516748619309
197,1,0.8125,0.023945053382945707,-0.037973028399597451,0.00031588103355350926,-0.00058760099698181663
198,1,0.6875,0.030845587812448449,-0.075259501220955635,0.00035113834566502354,-0.0011940058106528519
199,0.9375,0.75,-0.058485610825463517,-0.032694568446256025,0.0044554528968307897,-0.030800516748616162
200,0.8125,1,0.0031319128651618477,0.0038123103590152686,-4.3026985624504272e-05,-3.7008924041993762e-05
201,0.6875,1,-0.0036731886216201416,0.00011172902025434276,0.00020996133227348508,-1.3916543973212231e-06
202,0.75,0.9375,0.0060762642690232226,-0.036156890713927255,0.013213525391522344,-0.028283754018448438
203,0,0.8125,-0.00041962262346116288,0.00011367494201862413,-0.00012737392528706983,-6.9973676580611824e-05
204,0,0.6875,-0.00038139068393834027,0.00043969111575516698,-0.00024884235601797843,-0.00013365813014605204
205,0.0625,0.75,-0.012230698196569001,0.028174278284830712,-0.012339302591319237,0.028607718644990753
206,0.1875,1,-3.1604891655748278e-05,-0.00014200017861197602,-0.00013058518444863474,3.485523426317039e-05
207,0.3125,1,-0.00033300472659070804,4.4024397180857035e-05,0.00021942554388215972,0.00014783754343192999
208,0.25,0.9375,-0.0036104667492696165,0.030542945256703261,-0.0043953401515990972,0.030821388800592077
209,0.5,0.3125,-0.70952586088679781,-0.17003925647648077,-0.71606785297849773,-0.21456197995774132
210,0.5,0.1875,-0.35773002423959499,-0.085314569696691114,-0.35997983774967457,-0.10785605217048327
211,0.4375,0.25,0.098008419724101098,0.53052476161313311,0.076234083077066417,0.54638289032862886
212,0.5625,0.25,0.32511515223222365,-0.42967809263887868,0.36410107160727057,-0.41445038054422839
213,0.3125,0.5,-0.62428506101851677,-0.38116141483242988,-0.62845997418449939,-0.40481157101323428
214,0.1875,0.5,0.3511778395283745,-0.10716723294061982,0.36017186828061692,-0.10723907958713236
215,0.25,0.4375,-0.066635092968670775,0.53530495482258966,-0.077958098455036401,0.5461503940439163
216,0.25,0.5625,-0.066635092968671067,0.5353049548225931,-0.077958098455023495,0.54615039404391463
217,0.6875,0.5,-0.7210139664154287,0.084863802639957797,-0.74741653042388456,-0.0070197388710465797
218,0.8125,0.5,0.30841018005790205,0.20018757718941724,0.24263343095617382,0.28678980800610626
219,0.75,0.4375,0.13451990649848408,-0.51853777004189461,0.234454182146698,-0.49926005823279279
220,0.75,0.5625,0.13451990649848314,-0.51853777004189416,0.23445418214670891,-0.49926005823277902
221,0.5,0.6875,-0.7095258608867997,-0.17003925647648016,-0.71606785297851416,-0.21456197995775522
222,0.5,0.8125,-0.35773002423959799,-0.085314569696692683,-0.35997983774967818,-0.10785605217047621
223,0.5625,0.75,0.32511515223222559,-0.42967809263887591,0.36410107160727911,-0.41445038054421723
224,0.4375,0.75,0.098008419724098877,0.53052476161313167,0.076234083077085055,0.54638289032861487
225,0.125,0.0625,-0.0067557577078419138,-0.0078270837509375867,-0.0070002631896655997,-0.007939155255571
226,0.0625,0.125,-0.0041983841148258254,0.0097116546659947404,-0.0041967987684662228,0.009728332189332738
227,0.1875,0.125,0.066994124292097293,-0.020783204472836141,0.06887838322711469,-0.020514235159140467
228,0.125,0.1875,-0.046271779449018488,-0.053150054883629311,-0.047526882431913955,-0.053916878335393589
229,0.875,0.0625,-0.012390882620276869,0.015951826975723157,-0.01027685685091766,0.0029748006337143467
230,0.9375,0.125,-0.024667260950337961,-0.018965852122908401,0.0014492949109127613,-0.010608172153759202
231,0.8125,0.125,0.066550177371339114,0.04049778883714044,0.046522797752081783,0.054891621584165731
232,0.875,0.1875,-0.055454559374989776,0.060751679774998457,-0.069238527571523031,0.019472436550666602
233,0.9375,0.875,-0.024667260950335692,-0.018965852122904466,0.0014492949109220141,-0.01060817215376926
234,0.875,0.9375,-0.01239088262027638,0.015951826975724916,-0.010276856850910876,0.0029748006337066263
235,0.875,0.8125,-0.055454559374989873,0.06075167977499419,-0.069238527571536701,0.019472436550667101
236,0.8125,0.875,0.066550177371338615,0.040497788837137741,0.046522797752071972,0.054891621584171976
237,0.0625,0.875,-0.0041983841148258505,0.0097116546659927316,-0.004196798768473297,0.0097283321893194431
238,0.125,0.9375,-0.0067557577078419624,-0.0078270837509364921,-0.0070002631896755839,-0.0079391552555822167
239,0.125,0.8125,-0.046271779449020126,-0.053150054883627985,-0.047526882431914559,-0.05391687833537924
240,0.1875,0.875,0.066994124292098181,-0.020783204472836679,0.068878383227119949,-0.02051423515912703
241,0.4375,0.375,0.15323331833568857,0.8283911441166798,0.11912801168249587,0.85379274788287696
242,0.375,0.4375,0.6936487302978549,-0.4765711916869434,0.72646847251400604,-0.46410181503096093
243,0.375,0.3125,0.52870833598858991,-0.36372273061268617,0.55366428534726864,-0.35371275172432093
244,0.3125,0.375,-0.54844862480361911,-0.33494187307598977,-0.55234648443361445,-0.35578447912096944
245,0.5625,0.375,0.50707857807633738,-0.66987228020310652,0.5689413613412001,-0.64761438651863779
246,0.625,0.4375,0.41364243012579577,0.73125150233357938,0.35173133602304013,0.78699465404291913
247,0.625,0.3125,0.31530521422587682,0.55761425235947903,0.26806542817794982,0.59979499675058412
248,0.6875,0.375,-0.63402580844443124,0.074915031238056928,-0.65690599073520251,-0.0061646903326269143
249,0.625,0.5625,0.41364243012579732,0.7312515023335826,0.3517313360230343,0.78699465404290725
250,0.5625,0.625,0.50707857807634382,-0.66987228020310552,0.56894136134119111,-0.64761438651863412
251,0.6875,0.625,-0.63402580844443901,0.074915031238053556,-0.65690599073520028,-0.0061646903326423464
252,0.625,0.6875,0.31530521422587443,0.55761425235947826,0.26806542817795881,0.59979499675057901
253,0.375,0.5625,0.69364873029786134,-0.47657119168694784,0.72646847251400415,-0.46410181503096465
254,0.4375,0.625,0.1532333183356834,0.82839114411668269,0.11912801168250356,0.85379274788287574
255,0.3125,0.625,-0.54844862480361778,-0.33494187307599199,-0.55234648443361323,-0.35578447912098154
256,0.375,0.6875,0.52870833598859068,-0.36372273061268429,0.55366428534727286,-0.35371275172433297
257,0.375,0.0625,0.039375798168908731,-0.028101651693585895,0.040996229706839159,-0.026207269036458473
258,0.4375,0.125,0.034094472624622431,0.18149297455373453,0.025933356992527658,0.18579740996107891
259,0.3125,0.125,-0.1195765678922097,-0.072812650940469417,-0.1201915584985003,-0.07741274324317568
260,0.375,0.1875,0.26594980066933283,-0.18338752552881435,0.27832645473968398,-0.17781708403680632
261,0.625,0.0625,0.027296302050653542,0.04348960385946285,0.019909113622167844,0.044445615900979771
262,0.5625,0.125,0.11096434562415937,-0.14906940098443677,0.12381081996279183,-0.14096831393392684
263,0.6875,0.125,-0.14253029416839383,0.019291930826744071,-0.14301657266883969,-0.001297588556949586
264,0.625,0.1875,0.16006909656088364,0.28222231357732241,0.13477851005716693,0.30154396129343614
265,0.0625,0.375,-0.019142256085928254,0.043482129644384152,-0.019279862089166162,0.044696123027899111
266,0.125,0.4375,-0.12173034997658591,-0.13837991018532872,-0.12406738869340911,-0.14073471641028462
267,0.125,0.3125,-0.09246593500383013,-0.10562940802498098,-0.094550275435460379,-0.10725861907811925
268,0.1875,0.375,0.30846665510223753,-0.094373971955271085,0.31655094450381149,-0.094255191432052049
269,0.0625,0.625,-0.019142256085927751,0.043482129644385033,-0.019279862089163827,0.04469612302788982
270,0.125,0.5625,-0.12173034997658538,-0.138379910185328,-0.12406738869341408,-0.14073471641028035
271,0.125,0.6875,-0.092465935003828895,-0.10562940802498047,-0.094550275435463821,-0.1072586190781272
272,0.1875,0.625,0.3084666551022367,-0.094373971955272015,0.31655094450380977,-0.094255191432039281
273,0.9375,0.375,-0.091243885408444039,-0.043363149593594892,0.0069514437265378749,-0.048003031275345581
274,0.875,0.4375,-0.12920520680433523,0.14609278787967597,-0.18044889317443666,0.050647173724139009
275,0.875,0.3125,-0.10064822084038699,0.11161258350485592,-0.13756194246688408,0.038600157569146781
276,0.8125,0.375,0.27113902107697119,0.17609437882544626,0.21325051853634208,0.25206037359352834
277,0.9375,0.625,-0.091243885408441944,-0.043363149593596016,0.0069514437265477454,-0.048003031275341557
278,0.875,0.5625,-0.12920520680433675,0.14609278787967378,-0.18044889317443558,0.050647173724136622
279,0.875,0.6875,-0.10064822084039161,0.11161258350485725,-0.13756194246688125,0.038600157569134021
280,0.8125,0.625,0.27113902107697291,0.1760943788254484,0.21325051853632432,0.25206037359352718
281,0.625,0.9375,0.027296302050654302,0.043489603859462399,0.019909113622175133,0.044445615900989111
282,0.5625,0.875,0.11096434562415826,-0.14906940098443794,0.1238108199627964,-0.14096831393393522
283,0.6875,0.875,-0.1425302941683943,0.019291930826743312,-0.1430165726688363,-0.0012975885569590972
284,0.625,0.8125,0.16006909656088397,0.2822223135773238,0.13477851005715405,0.30154396129344069
285,0.375,0.9375,0.039375798168908044,-0.028101651693585146,0.040996229706844391,-0.02620726903646399
286,0.4375,0.875,0.034094472624624964,0.18149297455373539,0.025933356992517673,0.18579740996108216
287,0.3125,0.875,-0.11957656789221272,-0.072812650940469806,-0.12019155849850287,-0.077412743243193194
288,0.375,0.8125,0.2659498006693351,-0.18338752552881368,0.27832645473968248,-0.17781708403678528
289,0.03125,0.03125,3.462420637582018e-05,0.00019443797635719374,0.00012049637092698747,0.00016955158625856775
290,0.96875,0.03125,0.0036972283702025495,-0.0084607267373665116,0.00026609591720392955,-0.00020458513695483657
291,0.96875,0.96875,0.0036972283702000723,-0.0084607267373674536,0.00026609591720492041,-0.00020458513694493528
292,0.03125,0.96875,3.4624206375987513e-05,0.00019443797635736653,0.00012049637094028079,0.00016955158626077025
293,0.46875,0.46875,-0.70517265771741977,0.66889694245048881,-0.75625971697763816,0.6488975991959044
294,0.53125,0.46875,-0.32764562327243435,-0.91589216285255948,-0.27483371580481181,-0.95784505944940068
295,0.53125,0.53125,-0.32764562327243341,-0.91589216285255837,-0.27483371580479887,-0.95784505944938692
296,0.46875,0.53125,-0.70517265771742355,0.6688969424504887,-0.75625971697762007,0.64889759919590639
297,0.46875,0.03125,-0.010657426228692708,0.011722407675082626,-0.01094752650146906,0.009418524486483705
298,0.53125,0.03125,-0.0067514303203815044,-0.015040290043319034,-0.0040068831587182904,-0.013884119905360537
299,0.03125,0.46875,0.0083175295362691009,0.012441117800384104,0.0083679811227876516,0.011802069624367599
300,0.03125,0.53125,0.0083175295362690402,0.012441117800384838,0.0083679811227890203,0.011802069624366208
301,0.96875,0.46875,-0.054012687064924188,-0.095617008974945447,0.012541834727682532,-0.0068003781578287719
302,0.96875,0.53125,-0.054012687064922266,-0.095617008974944864,0.012541834727682884,-0.0068003781578251515
303,0.53125,0.96875,-0.0067514303203815426,-0.015040290043318558,-0.0040068831587133135,-0.013884119905356502
304,0.46875,0.96875,-0.010657426228694093,0.011722407675084208,-0.010947526501464208,0.0094185244864814794
305,0.21875,0.21875,0.1652428180929322,0.13939061984227114,0.16732832847253135,0.14433053291420403
306,0.28125,0.28125,-0.38070266756731724,0.18368293622400611,-0.39358196880184748,0.17971062607530242
307,0.28125,0.21875,-0.27205704936807462,0.13146625867015718,-0.28127233336109064,0.12843282793027253
308,0.21875,0.28125,0.23134260972966111,0.19507931875378673,0.23414275295746079,0.20196292523068224
309,0.78125,0.21875,0.20485198015415534,-0.077189726229675265,0.21907364677020624,-0.028995730888047112
310,0.71875,0.28125,-0.27569241605385153,-0.31954618505615079,-0.23023655750168759,-0.36627582400516839
311,0.71875,0.21875,-0.19858718854922514,-0.22982341788804247,-0.16456189305269972,-0.26178296818890157
312,0.78125,0.28125,0.28315788608857179,-0.10601605218597854,0.30648784314055078,-0.040545758517885729
313,0.78125,0.78125,0.20485198015415473,-0.07718972622967063,0.21907364677022009,-0.028995730888035354
314,0.71875,0.71875,-0.27569241605384898,-0.31954618505615601,-0.23023655750168731,-0.36627582400516839
315,0.78125,0.71875,0.28315788608857756,-0.10601605218597462,0.30648784314055644,-0.040545758517885999
316,0.71875,0.78125,-0.19858718854922427,-0.22982341788804164,-0.16456189305269608,-0.26178296818890956
317,0.21875,0.78125,0.16524281809293456,0.13939061984227097,0.16732832847253512,0.14433053291419168
318,0.28125,0.71875,-0.38070266756731769,0.18368293622400558,-0.39358196880184948,0.17971062607531446
319,0.21875,0.71875,0.23134260972966314,0.19507931875378451,0.23414275295745995,0.20196292523067949
320,0.28125,0.78125,-0.27205704936807512,0.13146625867015818,-0.28127233336111096,0.12843282793026839
321,0.21875,0.03125,0.0051994385663486414,0.0042613396271244403,0.0051436030928029277,0.0044311267948260388
322,0.28125,0.03125,-0.0084793327210582695,0.0045175118658318265,-0.0086417091694094821,0.0039539031435266983
323,0.03125,0.21875,0.0035622234727231317,0.0061772096552581415,0.0039342244707913678,0.0055597944771342634
324,0.03125,0.28125,0.0051816963885951452,0.0085311655008909471,0.0055082772798802897,0.0077796329248971275
325,0.78125,0.03125,0.010896344126456677,-0.0064293789188352079,0.006809116919691916,-0.00094918567355418049
326,0.71875,0.03125,-0.010756869052973666,-0.0092421836974048051,-0.0051271953060883571,-0.0080814191239411588
327,0.96875,0.21875,-0.019390060697908173,-0.050161033187014696,0.0060150356241908953,-0.0032755914703490306
328,0.96875,0.28125,-0.031274810957481886,-0.064677942081730222,0.0083386610204901884,-0.0045002339294406644
329,0.96875,0.78125,-0.019390060697904405,-0.050161033187013919,0.0060150356241915988,-0.0032755914703478887
330,0.96875,0.71875,-0.031274810957479547,-0.064677942081731568,0.008338661020492388,-0.0045002339294307444
331,0.78125,0.96875,0.010896344126457538,-0.0064293789188338991,0.0068091169196917547,-0.00094918567355488056
332,0.71875,0.96875,-0.010756869052972762,-0.0092421836974033011,-0.0051271953060891065,-0.0080814191239379496
333,0.03125,0.78125,0.0035622234727223259,0.0061772096552559375,0.0039342244707872747,0.0055597944771365948
334,0.03125,0.71875,0.0051816963885937999,0.0085311655008903069,0.0055082772798851834,0.0077796329248987269
335,0.21875,0.96875,0.005199438566350972,0.0042613396271252756,0.0051436030927945386,0.0044311267948361245
336,0.28125,0.96875,-0.0084793327210568158,0.0045175118658303884,-0.0086417091694068748,0.0039539031435378517
337,0.46875,0.28125,-0.46498633192811134,0.44153396800227213,-0.49832108494262101,0.42758252828784582
338,0.53125,0.28125,-0.21580367687593485,-0.60393034658360811,-0.1810919738598232,-0.631147981901655
339,0.46875,0.21875,-0.33256344806943716,0.31608755591130078,-0.35612830215302843,0.30557847054202975
340,0.53125,0.21875,-0.15455692258342338,-0.43233224064940962,-0.12942179553717201,-0.45105892810572096
341,0.28125,0.46875,-0.57796630870849264,0.2779741162288149,-0.5973146159263506,0.2727225945005356
342,0.28125,0.53125,-0.57796630870848931,0.27797411622881557,-0.59731461592635138,0.27272259450053099
343,0.21875,0.46875,0.35172346383498143,0.29599978403629107,0.35535260325704116,0.30650901272989395
344,0.21875,0.53125,0.35172346383498038,0.29599978403629312,0.35535260325705192,0.30650901272989545
345,0.71875,0.46875,-0.4173887647481932,-0.48343170957816539,-0.34939973400304858,-0.55584788142901331
346,0.71875,0.53125,-0.41738876474819453,-0.48343170957816428,-0.34939973400304064,-0.55584788142900809
347,0.78125,0.46875,0.42623789314088378,-0.16009523794068228,0.46507776241886922,-0.061526410096724909
348,0.78125,0.53125,0.42623789314088228,-0.16009523794068212,0.46507776241887561,-0.061526410096716395
349,0.53125,0.71875,-0.21580367687593396,-0.60393034658360689,-0.1810919738598232,-0.63114798190166321
350,0.46875,0.71875,-0.46498633192811584,0.44153396800227257,-0.49832108494262373,0.4275825282878174
351,0.53125,0.78125,-0.15455692258342527,-0.43233224064940851,-0.12942179553716998,-0.45105892810571285
352,0.46875,0.78125,-0.33256344806943994,0.31608755591129784,-0.35612830215301916,0.30557847054203235
353,0.09375,0.09375,-0.012853668567042183,0.0020013715105984793,-0.013293789864036881,0.0020889684743095717
354,0.15625,0.15625,0.020714283428865859,-0.073952906413581723,0.021601439413612162,-0.075176171367107483
355,0.15625,0.09375,0.0085718713575097041,-0.030731806977760491,0.0089586299557942971,-0.031180454160588237
356,0.09375,0.15625,-0.031113879623667403,0.0047150750254492937,-0.032052157898308974,0.0050330789004179735
357,0.90625,0.09375,-0.026578853673894391,0.0020582026912428293,-0.010229945792153613,-0.008918810280970968
358,0.84375,0.15625,0.0092143962362238943,0.085265588143781448,-0.022921847214925843,0.074860955010529667
359,0.84375,0.09375,0.0064548529514388596,0.040730560524920245,-0.0094719350514798732,0.031139496148648759
360,0.90625,0.15625,-0.048518576345654298,0.0037213608459776325,-0.024408630971146227,-0.021500919954171072
361,0.90625,0.90625,-0.026578853673892816,0.0020582026912458772,-0.010229945792144559,-0.0089188102809827693
362,0.84375,0.84375,0.0092143962362229628,0.085265588143778034,-0.022921847214941903,0.074860955010535926
363,0.90625,0.84375,-0.04851857634564985,0.0037213608459766173,-0.024408630971153211,-0.021500919954184051
364,0.84375,0.90625,0.0064548529514406768,0.040730560524919295,-0.0094719350514868763,0.031139496148640797
365,0.09375,0.90625,-0.012853668567042547,0.0020013715105980717,-0.013293789864046739,0.0020889684742937367
366,0.15625,0.84375,0.020714283428865547,-0.073952906413580988,0.021601439413613647,-0.075176171367093078
367,0.09375,0.84375,-0.031113879623669443,0.0047150750254482737,-0.03205215789832315,0.0050330789004221941
368,0.15625,0.90625,0.0085718713575105576,-0.030731806977760026,0.0089586299557820395,-0.031180454160580715
369,0.40625,0.40625,0.79152513024258631,0.32918670318235094,0.79667643964429746,0.3671680395287204
370,0.34375,0.34375,-0.018225776050911965,-0.65603260996817025,0.0012733037539922603,-0.67105119626886911
371,0.40625,0.34375,0.69222080211356218,0.28776329966804354,0.69679370201322777,0.32113185292910101
372,0.34375,0.40625,-0.020989235919991418,-0.74986517986450818,0.001453141613360902,-0.76724108787442391
373,0.59375,0.40625,0.85246994117313513,0.058632375422335153,0.867284549331512,0.13131824442878207
374,0.65625,0.34375,-0.29578810009333911,0.58220535619691527,-0.3676831978352374,0.56128481202361258
375,0.59375,0.34375,0.74582297017090227,0.051047699066293015,0.7585542956074709,0.11485086997011955
376,0.65625,0.40625,-0.33782390627492109,0.66526675245297417,-0.42038241795429726,0.64173703508692281
377,0.59375,0.59375,0.85246994117313946,0.058632375422338331,0.86728454933150023,0.13131824442876541
378,0.65625,0.65625,-0.29578810009334644,0.58220535619691172,-0.36768319783523551,0.56128481202359248
379,0.65625,0.59375,-0.3378239062749262,0.66526675245297628,-0.42038241795429393,0.64173703508690261
380,0.59375,0.65625,0.74582297017090571,0.051047699066294284,0.75855429560747556,0.11485086997011321
381,0.40625,0.59375,0.79152513024258664,0.32918670318235033,0.79667643964430779,0.36716803952871718
382,0.34375,0.65625,-0.018225776050910625,-0.65603260996817059,0.0012733037539881436,-0.67105119626887566
383,0.34375,0.59375,-0.020989235919984122,-0.74986517986451295,0.0014531416133457924,-0.7672410878744359
384,0.40625,0.65625,0.69222080211355896,0.28776329966804759,0.69679370201322766,0.32113185292908603
385,0.40625,0.09375,0.09913500434545619,0.040441967921650127,0.098681640693030204,0.045464576570140844
386,0.34375,0.15625,-0.0063436270639140729,-0.22450345551432138,0.00043269935178762972,-0.22909636662223212
387,0.34375,0.09375,-0.0029965233104167028,-0.093605068859326956,0.00017302475052685811,-0.09502737144959443
388,0.40625,0.15625,0.23696549935363306,0.09811989127802781,0.23788943054725423,0.10962777068540329
389,0.59375,0.09375,0.10906869703972975,0.0052876796234372619,0.10746611483729865,0.016233260950246901
390,0.65625,0.15625,-0.10164347146304092,0.20298293947926654,-0.12553871450580781,0.191683664695007
391,0.65625,0.09375,-0.04167741755670238,0.087911456895512066,-0.052064694878076703,0.079563023541527167
392,0.59375,0.15625,0.2573302742699205,0.016471087514396774,0.25900820978011047,0.039195311906864691
393,0.09375,0.40625,-0.10505722065911574,0.015084691636059921,-0.10735319487374943,0.01684027592388904
394,0.15625,0.34375,0.060502939553904386,-0.21588687161259071,0.063270764559670414,-0.22019917472005476
395,0.09375,0.34375,-0.091705677141601688,0.013283450741104309,-0.093891800677498319,0.014731055919994601
396,0.15625,0.40625,0.069146736542556,-0.24659436109920926,0.072339002360684995,-0.25176056943289499
397,0.09375,0.59375,-0.1050572206591148,0.015084691636060535,-0.10735319487375604,0.016840275923885456
398,0.15625,0.65625,0.060502939553905247,-0.21588687161259246,0.06327076455966045,-0.2201991747200521
399,0.09375,0.65625,-0.091705677141600939,0.013283450741104808,-0.093891800677502094,0.014731055919984443
400,0.15625,0.59375,0.069146736542556153,-0.24659436109920968,0.072339002360678903,-0.25176056943288272
401,0.90625,0.40625,-0.1328114907459744,0.017885980780291615,-0.081266583600603001,-0.071873076861818805
402,0.84375,0.34375,0.022787702494754702,0.22712396125738929,-0.067179144327226381,0.21890912323351272
403,0.90625,0.34375,-0.1167867731538028,0.01480659109113233,-0.071087043070985595,-0.062877051593542385
404,0.84375,0.40625,0.026695817925044676,0.25897473071037352,-0.076797186473677073,0.25027835577537721
405,0.90625,0.59375,-0.13281149074597329,0.017885980780289083,-0.081266583600596257,-0.071873076861822288
406,0.84375,0.65625,0.022787702494753408,0.22712396125739284,-0.067179144327238441,0.21890912323349854
407,0.90625,0.65625,-0.11678677315380478,0.014806591091131072,-0.071087043070974826,-0.062877051593549407
408,0.84375,0.59375,0.026695817925042793,0.25897473071037352,-0.076797186473684498,0.25027835577537499
409,0.59375,0.90625,0.10906869703972982,0.005287679623435855,0.10746611483731003,0.016233260950247078
410,0.65625,0.84375,-0.10164347146304183,0.20298293947926682,-0.12553871450581491,0.19168366469499792
411,0.65625,0.90625,-0.041677417556702026,0.087911456895511358,-0.052064694878069973,0.079563023541527181
412,0.59375,0.84375,0.25733027426991967,0.016471087514397582,0.25900820978010719,0.039195311906861825
413,0.40625,0.90625,0.099135004345457772,0.040441967921652486,0.098681640693025013,0.045464576570135709
414,0.34375,0.84375,-0.0063436270639147451,-0.22450345551432005,0.00043269935177208139,-0.22909636662223443
415,0.34375,0.90625,-0.0029965233104183361,-0.09360506885932747,0.00017302475053001233,-0.095027371449605047
416,0.40625,0.84375,0.23696549935363626,0.098119891278027949,0.23788943054724937,0.10962777068541758
417,0.09375,0.03125,-0.0015620151916208237,0.00029459347319672378,-0.0016546835938315188,0.00026175563907512021
418,0.15625,0.03125,0.0010489558862667803,-0.0039149659236005089,0.00111345989711966,-0.0038825709081347355
419,0.03125,0.09375,0.00076495995572628105,0.0015508872611244785,0.00096944805933894763,0.0013706898076865149
420,0.03125,0.15625,0.0020146161856250087,0.0037077411852526184,0.0023391029599560344,0.0033070157717699374
421,0.90625,0.03125,-0.0095502023263562899,-0.00075645575781135247,-0.001372449854561867,-0.0011362253889669906
422,0.84375,0.03125,0.0021934062057715658,0.010755294612820623,-0.0011653348080815022,0.0039689798564656754
423,0.96875,0.09375,-0.001329846304384526,-0.021733479588650649,0.0015564193342231119,-0.00095447281171869339
424,0.96875,0.15625,-0.0089044708765394602,-0.035744278679760218,0.0036317115620618785,-0.002040736111815752
425,0.96875,0.90625,-0.0013298463043871899,-0.021733479588647617,0.0015564193342345943,-0.00095447281171355763
426,0.96875,0.84375,-0.0089044708765379146,-0.035744278679756221,0.0036317115620688135,-0.002040736111819087
427,0.90625,0.96875,-0.0095502023263583872,-0.00075645575781031955,-0.0013724498545524106,-0.0011362253889623079
428,0.84375,0.96875,0.0021934062057714101,0.010755294612821688,-0.0011653348080774097,0.0039689798564634714
429,0.03125,0.90625,0.00076495995572761419,0.0015508872611237404,0.00096944805934972515,0.0013706898076752854
430,0.03125,0.84375,0.0020146161856259542,0.0037077411852502328,0.0023391029599528637,0.0033070157717625696
431,0.09375,0.96875,-0.0015620151916214946,0.00029459347319733565,-0.0016546835938233766,0.000261755639062683
432,0.15625,0.96875,0.0010489558862669746,-0.0039149659235987646,0.0011134598971109699,-0.0038825709081399661
433,0.46875,0.40625,-0.66172236071341395,0.62780311063097805,-0.70954986233231199,0.6088203042904714
434,0.53125,0.40625,-0.3073531346208403,-0.85936741192958577,-0.25785725721994918,-0.89868226486027192
435,0.46875,0.34375,-0.57888880781633656,0.54941906222192649,-0.62059367777036989,0.53249495263705904
436,0.53125,0.34375,-0.26874485041275298,-0.75172954123349245,-0.22552764438082198,-0.78601211238353186
437,0.40625,0.46875,0.84371323059350423,0.35094210450221269,0.84912516224992352,0.39134160325960105
438,0.40625,0.53125,0.84371323059350467,0.35094210450221131,0.84912516224993462,0.3913416032595971
439,0.34375,0.46875,-0.022488533874905015,-0.79910986115160554,0.0015467776748952968,-0.81774984219369928
440,0.34375,0.53125,-0.022488533874898246,-0.79910986115160876,0.0015467776748892749,-0.81774984219369795
441,0.59375,0.46875,0.90845391945150411,0.062738587096133461,0.92437817185344595,0.13996722125369698
442,0.59375,0.53125,0.90845391945150711,0.062738587096135043,0.92437817185345394,0.13996722125369651
443,0.65625,0.46875,-0.35995277584848684,0.70890136087872802,-0.44805544146492099,0.6839824208190739
444,0.65625,0.53125,-0.35995277584848684,0.70890136087872857,-0.44805544146491938,0.68398242081907545
445,0.53125,0.59375,-0.30735313462083796,-0.85936741192958765,-0.25785725721995228,-0.89868226486025071
446,0.46875,0.59375,-0.66172236071342028,0.62780311063097816,-0.70954986233230144,0.60882030429049294
447,0.53125,0.65625,-0.26874485041274898,-0.75172954123349223,-0.22552764438083253,-0.78601211238352497
448,0.46875,0.65625,-0.57888880781634089,0.54941906222192805,-0.62059367777038343,0.53249495263705315
449,0.40625,0.03125,0.013423050206051352,0.0047461687060218029,0.01230296577909981,0.0056544878718528483
450,0.34375,0.03125,-0.00080458112311251374,-0.012276815218736116,1.3357242742518222e-05,-0.011839144391355185
451,0.59375,0.03125,0.016307840405053571,-0.00068799484752079881,0.013423638886358145,0.0020018017315268353
452,0.65625,0.03125,-0.0052977998984021883,0.014816845344908888,-0.0064874440327406151,0.0099657294509106868
453,0.46875,0.09375,-0.082389917381263625,0.079964799913338769,-0.087881325254191664,0.07543302648897976
454,0.53125,0.09375,-0.040246885895765701,-0.1084207105157385,-0.031968047923534103,-0.11132734555328234
455,0.46875,0.15625,-0.19816515643115967,0.18904707937928503,-0.21187424056755144,0.18181090255351434
456,0.53125,0.15625,-0.092928379097604347,-0.25833985368336509,-0.077011019127019215,-0.26836297835484912
457,0.03125,0.40625,0.0077329381880376262,0.011774675283432078,0.0078496890431418269,0.011074155590965279
458,0.03125,0.34375,0.0066392592193081695,0.010453027128106772,0.0068631680001898215,0.0096872607681724593
459,0.03125,0.59375,0.0077329381880375161,0.011774675283433018,0.0078496890431475046,0.011074155590961489
460,0.03125,0.65625,0.0066392592193076179,0.010453027128107147,0.0068631680001988602,0.0096872607681693541
461,0.09375,0.46875,-0.11209775999196094,0.016029377219878658,-0.11442212748958196,0.017947696579605536
462,0.09375,0.53125,-0.11209775999196031,0.016029377219879584,-0.11442212748958558,0.01794769657960445
463,0.15625,0.46875,0.073693748626564914,-0.2626774645846251,0.077100681989448999,-0.26833274247272637
464,0.15625,0.53125,0.073693748626564762,-0.26267746458462421,0.077100681989451622,-0.26833274247272387
465,0.96875,0.40625,-0.050023535388396566,-0.089373370237107355,0.01177746163182733,-0.0063734111032259467
466,0.96875,0.34375,-0.042150223987930786,-0.078349148580068445,0.010327784489197935,-0.0055741958537845367
467,0.96875,0.59375,-0.050023535388393173,-0.089373370237106134,0.01177746163182878,-0.006373411103217182
468,0.96875,0.65625,-0.04215022398792876,-0.07834914858006839,0.010327784489201157,-0.0055741958537728498
469,0.90625,0.46875,-0.14154114666447576,0.019395942223142837,-0.086617000140067582,-0.076599009681524402
470,0.90625,0.53125,-0.14154114666447504,0.019395942223141574,-0.08661700014006446,-0.076599009681524194
471,0.84375,0.46875,0.02874358812841965,0.27603714653623929,-0.081848396541046461,0.26675595025486515
472,0.84375,0.53125,0.028743588128417926,0.27603714653623856,-0.081848396541045795,0.26675595025486681
473,0.59375,0.96875,0.016307840405054296,-0.00068799484752071966,0.013423638886358983,0.0020018017315385928
474,0.65625,0.96875,-0.0052977998984016618,0.014816845344909759,-0.0064874440327427046,0.0099657294509203267
475,0.40625,0.96875,0.013423050206050098,0.004746168706023097,0.012302965779105442,0.0056544878718519914
476,0.34375,0.96875,-0.00080458112311287521,-0.012276815218737433,1.3357242749656843e-05,-0.011839144391351007
477,0.53125,0.90625,-0.040246885895765201,-0.10842071051573969,-0.031968047923529544,-0.11132734555329048
478,0.46875,0.90625,-0.082389917381262445,0.079964799913340004,-0.087881325254196938,0.075433026488972224
479,0.53125,0.84375,-0.092928379097606387,-0.25833985368336598,-0.077011019127025307,-0.26836297835485406
480,0.46875,0.84375,-0.19816515643115989,0.18904707937928314,-0.21187424056755691,0.18181090255352272
481,0.21875,0.15625,0.09829873675772044,0.082912193957205768,0.099547693124714356,0.085863866491487903
482,0.28125,0.15625,-0.16187170731769443,0.078405354135109268,-0.16733562564006965,0.076410797262396704
483,0.21875,0.09375,0.040822959988441543,0.034383249053743375,0.041290279107985446,0.035611456114305044
484,0.28125,0.09375,-0.06717937114655953,0.032821939193526259,-0.06940509873032237,0.031697606672268612
485,0.15625,0.21875,0.03479949128814723,-0.12417341315337781,0.036309411216955953,-0.12636226324438762
486,0.15625,0.28125,0.048631438151720996,-0.17355212374990511,0.050805968399778439,-0.17681572165604251
487,0.09375,0.21875,-0.052397462696971757,0.0078016884573538685,-0.053876616947825279,0.0084571620040979224
488,0.09375,0.28125,-0.073468732840169998,0.010776718189715607,-0.075390431236224756,0.011831024483908397
489,0.34375,0.28125,-0.01455628182077361,-0.52696063422896999,0.001023912113734796,-0.53883560256077878
490,0.34375,0.21875,-0.010410355872115466,-0.37680059417994372,0.00073169313701152881,-0.38507920184764921
491,0.40625,0.28125,0.5558537365814904,0.230927390077761,0.55950508398900844,0.25785621216572147
492,0.40625,0.21875,0.39744538073577446,0.16499378146516902,0.39985210650776842,0.18427472629797811
493,0.28125,0.34375,-0.4741591913437338,0.22845421342270861,-0.49015768559282241,0.2238026715759516
494,0.21875,0.34375,0.28831982169068704,0.24294172112492518,0.29159900728622029,0.25152140284762309
495,0.28125,0.40625,-0.54220085119965955,0.26094192061352367,-0.56041976660320481,0.25587957173055376
496,0.21875,0.40625,0.32987207093426246,0.27773596238586123,0.33340166080747602,0.28757654498458118
497,0.78125,0.15625,0.12490084607730217,-0.048864698428165716,0.13038538785680712,-0.017294285040269655
498,0.71875,0.15625,-0.12115006646626884,-0.13823358531214408,-0.097949041856210575,-0.1557676108565538
499,0.78125,0.09375,0.055059725542268373,-0.02439932027008946,0.054137205617903375,-0.0072358743700589815
500,0.71875,0.09375,-0.05440269643177427,-0.058568893471160385,-0.040691668249369144,-0.064630343920811656
501,0.84375,0.21875,0.012855667483594471,0.13531701473729751,-0.038560973784065748,0.12569970770364025
502,0.84375,0.28125,0.017739721413417828,0.18435203549150697,-0.053955089235171977,0.17580889783869172
503,0.90625,0.21875,-0.072325316570678019,0.0065324040195830603,-0.040877031445866185,-0.036122176407669002
504,0.90625,0.28125,-0.095804068033647938,0.010620351812788149,-0.057112316597154315,-0.050512589277184071
505,0.65625,0.28125,-0.23806535515434724,0.46829702655840233,-0.29524840193253543,0.45070642579748077
506,0.65625,0.21875,-0.17068009711846996,0.33638009714151046,-0.21100910162085121,0.32212255856117528
507,0.59375,0.28125,0.59937816565461866,0.04087887469263525,0.6091049088484789,0.092220499493031391
508,0.59375,0.21875,0.42945368721094473,0.029000661479633906,0.43531332848533205,0.06590248413448406
509,0.71875,0.34375,-0.34267620830411477,-0.39684706868766473,-0.28672143493323066,-0.45613273342265537
510,0.78125,0.34375,0.35064300617273814,-0.13150222572627177,0.38165925122801436,-0.050489147715115146
511,0.71875,0.40625,-0.39165631406553614,-0.45348197890685876,-0.32781935607858842,-0.52151313100190133
512,0.78125,0.40625,0.40008789512523174,-0.15025496281884246,0.43635457305494685,-0.05772640373530389
513,0.84375,0.78125,0.012855667483590023,0.13531701473729724,-0.038560973784069759,0.12569970770365183
514,0.84375,0.71875,0.017739721413414331,0.184352035491511,-0.053955089235172268,0.17580889783868561
515,0.90625,0.78125,-0.072325316570676895,0.0065324040195782647,-0.040877031445870834,-0.036122176407670986
516,0.90625,0.71875,-0.095804068033651074,0.010620351812784814,-0.057112316597144434,-0.050512589277186146
517,0.78125,0.84375,0.12490084607729937,-0.048864698428166202,0.13038538785680898,-0.017294285040257033
518,0.71875,0.84375,-0.12115006646627045,-0.13823358531214403,-0.097949041856206426,-0.15576761085656213
519,0.78125,0.90625,0.055059725542269407,-0.024399320270090962,0.054137205617900613,-0.0072358743700574116
520,0.71875,0.90625,-0.054402696431773118,-0.058568893471161176,-0.040691668249363704,-0.064630343920814765
521,0.71875,0.65625,-0.34267620830411638,-0.39684706868767256,-0.28672143493323571,-0.4561327334226542
522,0.78125,0.65625,0.35064300617274397,-0.13150222572627174,0.3816592512279986,-0.050489147715111614
523,0.71875,0.59375,-0.39165631406553936,-0.45348197890685887,-0.32781935607857982,-0.52151313100189567
524,0.78125,0.59375,0.40008789512523368,-0.1502549628188419,0.43635457305494524,-0.057726403735291934
525,0.65625,0.71875,-0.23806535515435032,0.46829702655840005,-0.29524840193253737,0.45070642579748693
526,0.65625,0.78125,-0.17068009711847046,0.33638009714151113,-0.21100910162086264,0.32212255856117611
527,0.59375,0.71875,0.59937816565462143,0.040878874692636853,0.60910490884849322,0.092220499493044006
528,0.59375,0.78125,0.4294536872109479,0.029000661479637018,0.43531332848532789,0.065902484134498368
529,0.15625,0.78125,0.034799491288148687,-0.12417341315337586,0.036309411216968304,-0.12636226324438354
530,0.15625,0.71875,0.048631438151723397,-0.17355212374990459,0.050805968399782242,-0.17681572165605045
531,0.09375,0.78125,-0.052397462696974338,0.0078016884573549371,-0.053876616947825626,0.0084571620041080826
532,0.09375,0.71875,-0.073468732840170886,0.010776718189717533,-0.075390431236221481,0.0118310244839036
533,0.21875,0.84375,0.098298736757720315,0.082912193957205199,0.099547693124728165,0.0858638664914841
534,0.28125,0.84375,-0.16187170731769768,0.07840535413510985,-0.16733562564007579,0.076410797262376373
535,0.21875,0.90625,0.040822959988443319,0.034383249053741786,0.04129027910799421,0.035611456114318298
536,0.28125,0.90625,-0.067179371146561084,0.032821939193523775,-0.069405098730308062,0.031697606672263096
537,0.28125,0.65625,-0.47415919134373635,0.22845421342270861,-0.4901576855928122,0.22380267157595427
538,0.21875,0.65625,0.28831982169068399,0.24294172112492357,0.29159900728622007,0.25152140284763025
539,0.28125,0.59375,-0.54220085119965911,0.26094192061352517,-0.56041976660319504,0.25587957173054277
540,0.21875,0.59375,0.32987207093425991,0.2777359623858634,0.33340166080748668,0.28757654498458846
541,0.34375,0.71875,-0.014556281820772673,-0.52696063422896966,0.0010239121137403477,-0.5388356025607679
542,0.34375,0.78125,-0.010410355872114736,-0.37680059417994283,0.00073169313700316451,-0.38507920184763245
543,0.40625,0.71875,0.5558537365814894,0.23092739007776222,0.5595050839890241,0.25785621216570181
544,0.40625,0.78125,0.39744538073577612,0.16499378146516769,0.39985210650778991,0.18427472629799316
545,0.03125,0,-4.8948310663212887e-05,-3.1071735009058108e-05,-2.7219860309686748e-06,-5.5884263330786007e-06
546,0,0.03125,-6.3385206093582647e-05,-5.2851434494717419e-05,-4.9973745352471467e-06,-3.7376646268435597e-06
547,0.96875,0,0.0059193845901590152,-0.0023788510279282031,9.4608203110699537e-05,-2.4778254246197943e-05
548,1,0.03125,0.0090035768792320631,-0.001742462105985672,0.00014385323172398784,-1.3581838833824739e-05
549,1,0.96875,0.0090035768792311906,-0.0017424621059878313,0.00014385323171801518,-1.3581838827754037e-05
550,0.96875,1,0.0059193845901584392,-0.0023788510279302952,9.4608203104765482e-05,-2.4778254240401168e-05
551,0,0.96875,-6.3385206093501535e-05,-5.2851434494378532e-05,-4.9973745296565869e-06,-3.7376646168417485e-06
552,0.03125,1,-4.8948310663346278e-05,-3.1071735008986659e-05,-2.7219860252293667e-06,-5.5884263234657974e-06
553,0.5,0.46875,-0.95306485044684719,-0.2290142862669895,-0.96206438108726489,-0.28828313706233416
554,0.46875,0.5,-0.71069770079503192,0.67412169678206602,-0.76220303786287713,0.65399699485536678
555,0.53125,0.5,-0.33022843850995864,-0.92308322706615131,-0.2769938177825938,-0.96537293193132634
556,0.5,0.53125,-0.95306485044684941,-0.22901428626698936,-0.96206438108725334,-0.28828313706231984
557,0.46875,0,-0.00088534928359514889,0.001145691387804459,0.00025983101521873683,-0.00021792493598882039
558,0.53125,0,-0.00068818709079095769,-0.0017647825277788379,8.9626831013207153e-05,0.00031912028532262728
559,0.5,0.03125,-0.015925933505552232,-0.0025104458999615021,-0.013951512499675644,-0.0041577520321662625
560,0,0.46875,-1.8512370813184586e-05,0.0006344685005299492,-0.00032781799894279762,-0.00017668257775347454
561,0,0.53125,-1.851237081365825e-05,0.00063446850053025159,-0.00032781799894090184,-0.00017668257775288584
562,0.03125,0.5,0.0083923944659972487,0.01252459211202364,0.0084339422186243355,0.011894673894678796
563,1,0.46875,0.038039616394426469,-0.10422429091584963,0.00042114437148987047,-0.0016623236247868666
564,1,0.53125,0.038039616394427163,-0.10422429091584789,0.00042114437148723906,-0.0016623236247845891
565,0.96875,0.5,-0.054508935599711456,-0.09643638216438373,0.012639318828977694,-0.0068550994102113882
566,0.53125,1,-0.00068818709079152462,-0.0017647825277785989,8.9626831012248678e-05,0.00031912028532846712
567,0.46875,1,-0.00088534928359708409,0.0011456913878043404,0.00025983101522237878,-0.00021792493598579048
568,0.5,0.96875,-0.015925933505553033,-0.0025104458999606095,-0.013951512499670462,-0.0041577520321663761
569,0.25,0.21875,-0.032294313883090099,0.25854970440483527,-0.037592870361512473,0.26334427620136308
570,0.21875,0.25,0.19896239670423269,0.16781476000993054,0.20142995930047375,0.17374590649176283
571,0.28125,0.25,-0.32750565980282942,0.15813472737655063,-0.33859487939037147,0.15460514755484203
572,0.25,0.28125,-0.045148299942815669,0.36158689006830175,-0.052602566859299101,0.36849405054345785
573,0.75,0.21875,0.066030189817374046,-0.2538429072607144,0.11307182481644547,-0.24079014258048753
574,0.78125,0.25,0.24483378199700084,-0.091778259749686855,0.26368971270147373,-0.03488874369274677
575,0.71875,0.25,-0.23782728409296278,-0.27563917211568534,-0.19808018779315495,-0.31511611598298794
576,0.75,0.28125,0.091854735148918315,-0.35151817090724202,0.15820703775528164,-0.33687721575687363
577,0.78125,0.75,0.24483378199700381,-0.091778259749681596,0.26368971270148761,-0.034888743692741642
578,0.75,0.78125,0.066030189817375171,-0.25384290726071101,0.11307182481645867,-0.24079014258048775
579,0.75,0.71875,0.091854735148924449,-0.35151817090724313,0.15820703775528519,-0.33687721575687485
580,0.71875,0.75,-0.2378272840929602,-0.27563917211568711,-0.19808018779315265,-0.31511611598299388
581,0.21875,0.75,0.19896239670423593,0.16781476000992951,0.20142995930047417,0.17374590649175348
582,0.25,0.78125,-0.032294313883089287,0.25854970440483543,-0.037592870361521188,0.26334427620135159
583,0.25,0.71875,-0.045148299942815301,0.36158689006830025,-0.052602566859301619,0.36849405054346251
584,0.28125,0.75,-0.32750565980282931,0.15813472737655063,-0.33859487939038319,0.1546051475548478
585,0.21875,0,6.050553534866462e-05,-9.2511005288079283e-05,-0.00012597139271118706,-0.00011437848107568125
586,0.28125,0,-0.0001122706364232171,0.00031281850208371046,0.00021559662460265172,-9.271308652993398e-05
587,0.25,0.03125,-0.00083249410976746544,0.0082497129419118204,-0.0011503933838724785,0.0080934721261449547
588,0,0.21875,-0.00045536215345043645,0.0001919961023212221,-0.00015974237635135697,-8.69076938739523e-05
589,0,0.28125,-0.00043563500138150269,0.00036226194191301271,-0.00022146350525884835,-0.00011918608695189061
590,0.03125,0.25,0.0043778926686672661,0.0073917108199192966,0.0047374053594910906,0.0066929401585526897
591,0.78125,0,0.004704126046911148,-0.00061834909921312895,-9.2267622938666256e-05,2.0447739088686085e-05
592,0.71875,0,-0.0020998194319301819,-0.0033073736046583964,9.7700290823412813e-05,0.00014565042911963662
593,0.75,0.03125,0.0013394518257479452,-0.013487300546493601,0.003469653552258662,-0.0074877386878421581
594,1,0.21875,0.025823327825849656,-0.047167767966995011,0.00032553628615577922,-0.0007367398875650136
595,1,0.28125,0.029168528158060095,-0.066139057445035829,0.00034077551875924935,-0.001045568057096523
596,0.96875,0.25,-0.025303122818652875,-0.05744517099128784,0.0072033783085767517,-0.003898313346771356
597,1,0.78125,0.025823327825850898,-0.047167767966991847,0.00032553628615476695,-0.00073673988756292011
598,1,0.71875,0.029168528158062201,-0.066139057445034441,0.00034077551875286139,-0.0010455680570894226
599,0.96875,0.75,-0.025303122818649579,-0.057445170991288548,0.0072033783085776329,-0.0038983133467653036
600,0.78125,1,0.0047041260469105426,-0.00061834909921178931,-9.2267622938379065e-05,2.0447739088528923e-05
601,0.71875,1,-0.0020998194319308428,-0.0033073736046569306,9.7700290819907669e-05,0.00014565042912065442
602,0.75,0.96875,0.0013394518257489516,-0.013487300546492118,0.0034696535522582856,-0.0074877386878410834
603,0,0.78125,-0.00045536215344917509,0.00019199610231947719,-0.00015974237635431673,-8.6907693875103357e-05
604,0,0.71875,-0.00043563500138163908,0.00036226194191167247,-0.00022146350525713149,-0.00011918608694746902
605,0.03125,0.75,0.0043778926686659468,0.0073917108199178421,0.00473740535949135,0.0066929401585559605
606,0.21875,1,6.0505535349374827e-05,-9.251100528603895e-05,-0.00012597139272254438,-0.0001143784810761449
607,0.28125,1,-0.00011227063642149693,0.00031281850208406543,0.00021559662459549338,-9.2713086522418507e-05
608,0.25,0.96875,-0.00083249410976514535,0.0082497129419114561,-0.0011503933838752929,0.0080934721261575315
609,0.5,0.28125,-0.62826725089435265,-0.15047626667460468,-0.63392885935071852,-0.18994813494068538
610,0.5,0.21875,-0.44955251689486153,-0.10747839321815016,-0.45304463697895786,-0.13574478956277578
611,0.46875,0.25,-0.40014719073690691,0.38009815426263116,-0.42870309331212647,0.36784870455007712
612,0.53125,0.25,-0.18576350556064614,-0.51988301817896276,-0.15579328962333608,-0.54297527750207963
613,0.28125,0.5,-0.58251983735825352,0.28014006051852808,-0.60200916633185131,0.27486568455846977
614,0.21875,0.5,0.35450521066551005,0.2983235993642061,0.35814567005008185,0.30891799239905099
615,0.25,0.46875,-0.068212143855251914,0.54807526493942393,-0.079825028555579297,0.55923203664407739
616,0.25,0.53125,-0.068212143855251567,0.5480752649394266,-0.079825028555571276,0.55923203664407317
617,0.71875,0.5,-0.42066105199687792,-0.48725502703377449,-0.35214558702807602,-0.56021687160016242
618,0.78125,0.5,0.42957655466700673,-0.16134435550325976,0.46873267323592027,-0.062009868774247204
619,0.75,0.46875,0.1377058313355205,-0.53095873183988207,0.24006954089344332,-0.51121936893609521
620,0.75,0.53125,0.13770583133551928,-0.53095873183988185,0.24006954089345142,-0.51121936893608866
621,0.5,0.71875,-0.62826725089435487,-0.15047626667460404,-0.63392885935072896,-0.1899481349407052
622,0.5,0.78125,-0.4495525168948647,-0.10747839321815102,-0.45304463697895525,-0.13574478956277264
623,0.53125,0.75,-0.18576350556064727,-0.51988301817896088,-0.15579328962332994,-0.54297527750207764
624,0.46875,0.75,-0.40014719073691002,0.38009815426262944,-0.42870309331212181,0.36784870455006236
625,0.125,0.09375,-0.014307124242243074,-0.016502151740629228,-0.014759471667489038,-0.016742149743464534
626,0.09375,0.125,-0.021376749779706217,0.0032757808301507527,-0.022052256502360902,0.0034637244776467885
627,0.15625,0.125,0.014243901862681077,-0.050915024824522953,0.014861787873965126,-0.051722415203625638
628,0.125,0.15625,-0.034608439215515333,-0.0397940329089677,-0.035585205880528006,-0.040369181955903825
629,0.875,0.09375,-0.021018087804407976,0.025598066762990975,-0.021574184939143454,0.0061507954553647482
630,0.90625,0.125,-0.037155691928300059,0.0028345373751333725,-0.016855723633748515,-0.014794017416832892
631,0.84375,0.125,0.007826010803913052,0.061817018457283608,-0.015750814604673154,0.051558396457727716
632,0.875,0.15625,-0.043306041262889665,0.048250979629882534,-0.051875402808317456,0.014622247482974141
633,0.90625,0.875,-0.037155691928296354,0.0028345373751349208,-0.016855723633747859,-0.014794017416848127
634,0.875,0.90625,-0.021018087804405759,0.025598066762991829,-0.021574184939143693,0.0061507954553519321
635,0.875,0.84375,-0.043306041262887569,0.048250979629879259,-0.051875402808332666,0.014622247482968339
636,0.84375,0.875,0.0078260108039141015,0.061817018457280902,-0.015750814604687184,0.051558396457725246
637,0.09375,0.875,-0.021376749779707303,0.0032757808301496776,-0.022052256502376043,0.0034637244776401566
638,0.125,0.90625,-0.014307124242243275,-0.016502151740628843,-0.014759471667504721,-0.016742149743469471
639,0.125,0.84375,-0.034608439215516956,-0.039794032908967311,-0.03558520588053718,-0.040369181955891384
640,0.15625,0.875,0.014243901862681166,-0.050915024824522738,0.01486178787395849,-0.051722415203612877
641,0.40625,0.375,0.74725015660949634,0.3107184570553328,0.75215505692494844,0.34664802065199057
642,0.375,0.40625,0.66640510194084601,-0.45795282303816537,0.6979238666496197,-0.44586747959743284
643,0.375,0.34375,0.5828868496673435,-0.40082806190387432,0.61042381739068907,-0.38997178854606607
644,0.34375,0.375,-0.019744713376048932,-0.70804918147879115,0.001373194339220439,-0.72436598569839405
645,0.59375,0.375,0.80493189611789739,0.055220186148387661,0.81881966798287309,0.12397764364402913
646,0.625,0.40625,0.39740328518220847,0.70249683672268504,0.33791106354644435,0.75607084905329214
647,0.625,0.34375,0.34758809006214186,0.61453784054825755,0.29554619608880922,0.66128090535887263
648,0.65625,0.375,-0.31907414852054,0.62823185305590401,-0.39689233370518923,0.60587649876115335
649,0.625,0.59375,0.39740328518220841,0.70249683672268848,0.33791106354643641,0.75607084905326583
650,0.59375,0.625,0.80493189611790217,0.055220186148389992,0.81881966798286743,0.12397764364401288
651,0.65625,0.625,-0.31907414852054716,0.62823185305590301,-0.39689233370518684,0.60587649876112781
652,0.625,0.65625,0.34758809006213925,0.61453784054825733,0.29554619608881666,0.66128090535885609
653,0.375,0.59375,0.66640510194085101,-0.45795282303816881,0.69792386664961503,-0.44586747959743911
654,0.40625,0.625,0.74725015660949468,0.31071845705533485,0.75215505692495532,0.34664802065198436
655,0.34375,0.625,-0.019744713376045112,-0.70804918147879414,0.0013731943392096871,-0.72436598569840627
656,0.375,0.65625,0.58288684966734339,-0.40082806190387255,0.6104238173906813,-0.38997178854607611
657,0.375,0.09375,0.082782479157160915,-0.057853635144639544,0.08643764736258043,-0.055235757736832869
658,0.40625,0.125,0.16349355722600983,0.067404714852223671,0.16367902527288508,0.075423422178915747
659,0.34375,0.125,-0.0045436258919415553,-0.1547331714328101,0.00029456675333249302,-0.15762542699101209
660,0.375,0.15625,0.1992230040303728,-0.13760676009287337,0.20839693826071887,-0.13314417881245511
661,0.625,0.09375,0.053055616974788673,0.089447829713454052,0.041908231152799243,0.093675630498302201
662,0.59375,0.125,0.17838696615455965,0.010522440574131982,0.17822398949253535,0.026954653631538115
663,0.65625,0.125,-0.069721664129654859,0.14178338756253134,-0.086371264286153479,0.13191547491711048
664,0.625,0.15625,0.12106752048418708,0.21217695105097562,0.1009336288961829,0.22579389855495069
665,0.09375,0.375,-0.099096856574280162,0.014283159872180191,-0.10135285997857861,0.015900176296703466
666,0.125,0.40625,-0.11688255741082988,-0.13298714365894362,-0.11919134098633212,-0.13520515279331644
667,0.125,0.34375,-0.10205520503274737,-0.11641006663222088,-0.10424507187988608,-0.11825445320161497
668,0.15625,0.375,0.065291955553034825,-0.23291825003045966,0.068296985374114397,-0.23769272000017519
669,0.09375,0.625,-0.09909685657427908,0.014283159872180458,-0.10135285997858452,0.015900176296696506
670,0.125,0.59375,-0.11688255741082909,-0.13298714365894387,-0.11919134098634115,-0.13520515279331172
671,0.125,0.65625,-0.10205520503274612,-0.1164100666322216,-0.10424507187989532,-0.11825445320161911
672,0.15625,0.625,0.065291955553035311,-0.23291825003046135,0.06829698537410403,-0.237692720000164
673,0.90625,0.375,-0.12557689716910295,0.016532775076867824,-0.076727706271284127,-0.067862793886896144
674,0.875,0.40625,-0.12436185521621643,0.14025300584168104,-0.17336222453109051,0.048654905063007528
675,0.875,0.34375,-0.10986738030091288,0.12270219620999021,-0.15164558389713906,0.042553378898333667
676,0.84375,0.375,0.024945875429898665,0.24468281551159107,-0.072510047537073463,0.236294384047951
677,0.90625,0.625,-0.12557689716910328,0.016532775076866145,-0.076727706271275967,-0.067862793886902334
678,0.875,0.59375,-0.12436185521621809,0.14025300584167916,-0.17336222453109124,0.048654905063000638
679,0.875,0.65625,-0.10986738030091622,0.12270219620999144,-0.15164558389713892,0.042553378898318776
680,0.84375,0.625,0.024945875429897277,0.24468281551159246,-0.07251004753708605,0.23629438404794209
681,0.625,0.90625,0.053055616974788777,0.089447829713453053,0.041908231152808548,0.093675630498303672
682,0.59375,0.875,0.1783869661545586,0.010522440574131247,0.17822398949254034,0.02695465363153253
683,0.65625,0.875,-0.069721664129655345,0.14178338756253075,-0.086371264286152258,0.13191547491710318
684,0.625,0.84375,0.12106752048418656,0.21217695105097634,0.10093362889617601,0.22579389855494664
685,0.375,0.90625,0.082782479157161082,-0.057853635144638399,0.086437647362578349,-0.055235757736840814
686,0.40625,0.875,0.16349355722601275,0.067404714852225087,0.16367902527287556,0.075423422178919147
687,0.34375,0.875,-0.0045436258919429153,-0.15473317143280982,0.00029456675332506141,-0.15762542699102303
688,0.375,0.84375,0.19922300403037491,-0.13760676009287245,0.20839693826070957,-0.1331441788124455
689,0.09375,0,3.6564893551728958e-05,6.3891247878594429e-05,4.2073651895280712e-05,-4.5178585691006135e-06
690,0.15625,0,-2.4422452781207477e-05,-2.3371754463671784e-05,-3.0701510287301383e-05,9.7155857462923175e-05
691,0.125,0.03125,-0.0017468865100155502,-0.0020527251313556105,-0.0018383544736558757,-0.0020825826771820287
692,0,0.09375,-0.00020533244764678787,-3.12161545492818e-05,-3.9808410659969052e-05,-2.3251164269837196e-05
693,0,0.15625,-0.00035978285248494196,4.8638466446610182e-05,-9.5623733585640722e-05,-5.3240292260623348e-05
694,0.03125,0.125,0.0013393275296106517,0.0025605960936703064,0.0016087945276464166,0.002274742858339493
695,0.90625,0,-0.0042540936953072836,-0.0039554195410359833,-3.0216441423777681e-05,-4.2904531335348923e-05
696,0.84375,0,-0.0017707532180215749,0.0050147328883033077,-6.7547281268163615e-06,-1.9897665997385661e-05
697,0.875,0.03125,-0.0067907380503492883,0.0077839611529346431,-0.0027600944262797969,0.00083259458731816457
698,1,0.09375,0.016117875717069345,-0.014130541710038488,0.00024381917746790481,-0.00020586361574255222
699,1,0.15625,0.021756685658305918,-0.029314921163959454,0.000300781665047603,-0.00044789968500921285
700,0.96875,0.125,-0.0047262873465291387,-0.028676491571695845,0.0025283877363571211,-0.001468111742385767
701,1,0.90625,0.016117875717065692,-0.014130541710038583,0.00024381917747016464,-0.00020586361573187646
702,1,0.84375,0.021756685658303861,-0.029314921163956242,0.00030078166505268189,-0.00044789968500526814
703,0.96875,0.875,-0.0047262873465298751,-0.028676491571691668,0.0025283877363678287,-0.0014681117423859455
704,0.90625,1,-0.0042540936953090764,-0.0039554195410370372,-3.0216441422502121e-05,-4.2904531326422104e-05
705,0.84375,1,-0.0017707532180226005,0.0050147328883036676,-6.7547281236458003e-06,-1.9897665994922591e-05
706,0.875,0.96875,-0.0067907380503503551,0.0077839611529357923,-0.002760094426272083,0.00083259458731835712
707,0,0.90625,-0.00020533244764535903,-3.1216154548762345e-05,-3.9808410646714748e-05,-2.3251164268106131e-05
708,0,0.84375,-0.00035978285248263451,4.8638466445942964e-05,-9.5623733581727918e-05,-5.324029226578165e-05
709,0.03125,0.875,0.0013393275296120799,0.0025605960936686467,0.0016087945276497852,0.0022747428583280529
710,0.09375,1,3.6564893550772739e-05,6.3891247878575727e-05,4.2073651907581081e-05,-4.5178585702340892e-06
711,0.15625,1,-2.4422452782334034e-05,-2.3371754462440551e-05,-3.0701510288412108e-05,9.7155857454762223e-05
712,0.125,0.96875,-0.0017468865100161636,-0.0020527251313543307,-0.0018383544736570482,-0.0020825826771936735
713,0.5,0.40625,-0.89423595374662623,-0.21470820740578164,-0.90264155525502776,-0.27047415743868791
714,0.5,0.34375,-0.78218726365403612,-0.18757067714828643,-0.78947576662384999,-0.23656011712417438
715,0.46875,0.375,-0.62481000430591682,0.5928816748046194,-0.66989914848033094,0.57479967150674205
716,0.53125,0.375,-0.29013722550534771,-0.81138351418830845,-0.24344671971910617,-0.84846114182674881
717,0.40625,0.5,0.85035643839704966,0.3537094939251928,0.85579879694468408,0.39441744615769597
718,0.34375,0.5,-0.022682306167829305,-0.80537463919370977,0.0015586430021122622,-0.82417658747233158
719,0.375,0.46875,0.71025624186190883,-0.48791840282791021,0.74386970904162364,-0.47521773400836542
720,0.375,0.53125,0.71025624186191361,-0.48791840282791354,0.7438697090416222,-0.47521773400836481
721,0.59375,0.5,0.91557457561186995,0.063268983563649003,0.93164274186710316,0.14106784725940683
722,0.65625,0.5,-0.36277236118287187,0.7144528121302105,-0.45157662168260737,0.68935771401111112
723,0.625,0.46875,0.42353392699707271,0.74879621832361332,0.3601562762496453,0.80584654666795374
724,0.625,0.53125,0.42353392699707404,0.74879621832361443,0.3601562762496503,0.80584654666795763
725,0.5,0.59375,-0.89423595374662901,-0.21470820740578409,-0.90264155525502388,-0.27047415743865783
726,0.5,0.65625,-0.78218726365403646,-0.18757067714828726,-0.78947576662386698,-0.23656011712417138
727,0.53125,0.625,-0.29013722550534365,-0.81138351418831078,-0.24344671971911283,-0.84846114182672783
728,0.46875,0.625,-0.62481000430592182,0.59288167480461973,-0.66989914848033372,0.57479967150675404
729,0.40625,0,0.0008436179127396528,5.7597043126469638e-05,-0.00029371307457788973,-0.00014153442480810898
730,0.34375,0,-0.00016779537352939807,-0.00049038718283774864,-5.0974662628041381e-06,0.00028929074122719333
731,0.375,0.03125,0.010585192026598555,-0.0081731756168779909,0.010764947454228612,-0.0068921813741537408
732,0.59375,0,0.0025816443022939881,0.00011712945902767532,-0.00029394319152632297,-4.5555962700498218e-05
733,0.65625,0,-0.0017913881739952606,0.0028363993738113056,0.00013034269998849022,-0.00020578472792284346
734,0.625,0.03125,0.0093820189511292246,0.013014567677005229,0.0052599655226363545,0.011693740358034286
735,0.5,0.09375,-0.11294973859951726,-0.025695751423791553,-0.1118226650098739,-0.033482063066369951
736,0.5,0.15625,-0.26855517126305711,-0.063687667633200482,-0.26954445195271959,-0.080753580952077422
737,0.46875,0.125,-0.13648772078246299,0.1309112284090784,-0.14577538287467892,0.12510197514661547
738,0.53125,0.125,-0.064848137624754207,-0.17850020445993525,-0.052999007400934224,-0.18464992760566809
739,0,0.40625,-0.00013521622001694044,0.00059428604473646331,-0.00030918340601988236,-0.00016632270592357811
740,0,0.34375,-0.00030577964404797641,0.00050505484735711374,-0.00027290624560107296,-0.000146535944820853
741,0.03125,0.375,0.0072421738723903372,0.011194071790287845,0.0074098780882017375,0.010456074541088668
742,0,0.59375,-0.00013521622001768386,0.00059428604473684213,-0.00030918340601392136,-0.00016632270592097244
743,0,0.65625,-0.00030577964404858004,0.00050505484735679531,-0.00027290624559401578,-0.00014653594481580084
744,0.03125,0.625,0.0072421738723900892,0.011194071790288579,0.0074098780882096661,0.010456074541084645
745,0.09375,0.5,-0.11299506337340491,0.016149848799459621,-0.11532160078592822,0.018088604158290653
746,0.15625,0.5,0.074272856877115059,-0.26472138381100041,0.077706559974623599,-0.27044135392044311
747,0.125,0.46875,-0.12468800342653938,-0.14166270955015756,-0.12703995433992074,-0.14410556948332315
748,0.125,0.53125,-0.12468800342653916,-0.14166270955015681,-0.12703995433992449,-0.14410556948332312
749,1,0.40625,0.035880594310878949,-0.097035333811623575,0.00039691913696132322,-0.0015467160457491996
750,1,0.34375,0.032572095837060625,-0.083663892451282515,0.00036463176905763265,-0.0013305011541296951
751,0.96875,0.375,-0.046543849888343994,-0.084328556769857663,0.0111305722109906,-0.0060150481921347832
752,1,0.59375,0.035880594310880018,-0.097035333811620481,0.00039691913695498969,-0.0015467160457431177
753,1,0.65625,0.032572095837061714,-0.083663892451280628,0.00036463176905004747,-0.0013305011541209272
754,0.96875,0.625,-0.046543849888341274,-0.084328556769856802,0.011130572210992975,-0.0060150481921243124
755,0.90625,0.5,-0.14266877141765841,0.019579002174084641,-0.087298069266375067,-0.077200506213249032
756,0.84375,0.5,0.02900142996857448,0.27822727037085193,-0.082491212226015076,0.26885288732360924
757,0.875,0.46875,-0.13219320424793915,0.14967864975612108,-0.18476971652399266,0.051862097745593694
758,0.875,0.53125,-0.13219320424793998,0.14967864975612002,-0.1847697165239906,0.051862097745593229
759,0.59375,1,0.0025816443022941516,0.00011712945902832202,-0.00029394319153455814,-4.5555962693289723e-05
760,0.65625,1,-0.0017913881739956897,0.002836399373812287,0.00013034269997977917,-0.0002057847279188312
761,0.625,0.96875,0.0093820189511298353,0.013014567677005628,0.0052599655226351237,0.011693740358046245
762,0.40625,1,0.00084361791273815433,5.7597043126196371e-05,-0.0002937130745744662,-0.00014153442480377318
763,0.34375,1,-0.00016779537352875503,-0.00049038718283868192,-5.0974662626317652e-06,0.00028929074123480811
764,0.375,0.96875,0.010585192026597667,-0.0081731756168780065,0.010764947454235285,-0.0068921813741524979
765,0.5,0.90625,-0.11294973859951662,-0.02569575142379182,-0.11182266500987537,-0.033482063066379103
766,0.5,0.84375,-0.26855517126305894,-0.063687667633202327,-0.26954445195272803,-0.080753580952077089
767,0.53125,0.875,-0.064848137624755012,-0.17850020445993692,-0.052999007400936472,-0.18464992760567689
768,0.46875,0.875,-0.13648772078246196,0.13091122840907804,-0.14577538287468822,0.12510197514661434
769,0.25,0.15625,-0.019172458896044475,0.15395249112255069,-0.022363971601373021,0.15667047214460109
770,0.25,0.09375,-0.0078375262926636009,0.064047779698185772,-0.0092731480447520408,0.064983150221749511
771,0.21875,0.125,0.067652111252916522,0.057043029704421391,0.06849104243791912,0.059074708946304302
772,0.28125,0.125,-0.11139288194515887,0.054098120817950665,-0.11512977308847566,0.052574432557996077
773,0.15625,0.25,0.041864965771344263,-0.14939414045284463,0.043708578233735147,-0.15211382188200492
774,0.09375,0.25,-0.063136826382499067,0.0093283579256839902,-0.064857019447900788,0.010179346331393026
775,0.125,0.21875,-0.05829828461474041,-0.066887353724031304,-0.059816055592987548,-0.06785834775269739
776,0.125,0.28125,-0.08176431921266003,-0.093547519964890566,-0.083702796865287171,-0.094954682482794248
777,0.34375,0.25,-0.012511774598483884,-0.45344268586111003,0.00088111203090431695,-0.46355601352443332
778,0.40625,0.25,0.47827106498211641,0.1986299100577317,0.48133819494357982,0.22183021827579755
779,0.375,0.28125,0.46808778991391992,-0.32216014098203949,0.4901532487435975,-0.31314012051543638
780,0.375,0.21875,0.33461226348602202,-0.23053243340776802,0.35028833662431552,-0.22378904645488179
781,0.25,0.34375,-0.05611517702227526,0.45006848632364649,-0.065507727382714098,0.4589114138484649
782,0.25,0.40625,-0.06404943790977348,0.51435087996826745,-0.074895629415548948,0.52469150613395399
783,0.28125,0.375,-0.51186376893291763,0.24646964625687445,-0.52910140850812604,0.24158191881689009
784,0.21875,0.375,0.3113402152889933,0.26222961792151206,0.31476859444121169,0.27150551298917452
785,0.75,0.15625,0.038760564014413218,-0.1549343031514987,0.067265243511937786,-0.14331516514861647
786,0.75,0.09375,0.014689553508760642,-0.068975928551520613,0.027882277936178333,-0.059518998748815111
787,0.78125,0.125,0.087850027999253288,-0.035971641207434256,0.089741391074165414,-0.011934546954955001
788,0.71875,0.125,-0.085706064823874328,-0.095884702206389852,-0.06742787560521811,-0.10718517843706225
789,0.84375,0.25,0.015189499877128339,0.16030732641408957,-0.046420684786521414,0.15127451325124555
790,0.90625,0.25,-0.084234432696298447,0.0084748087941894489,-0.049162047118139297,-0.043469291754947237
791,0.875,0.21875,-0.06756783014820418,0.073674208695468646,-0.087099959970495203,0.024465101251077148
792,0.875,0.28125,-0.090393616659295406,0.099479054333055442,-0.12180440390716143,0.034181185299503695
793,0.65625,0.25,-0.20513230143018402,0.40363506960562717,-0.25400549159687635,0.38775008433468289
794,0.59375,0.25,0.51613123513253945,0.03509820752779827,0.52401527539788806,0.079335694216325428
795,0.625,0.28125,0.27926569615959335,0.49402032780742178,0.23731709055762054,0.53099725133218545
796,0.625,0.21875,0.20037107490412989,0.35418311152825355,0.16960990008271956,0.37949389379602538
797,0.75,0.34375,0.11354899338774055,-0.43614365188518422,0.19701152057039767,-0.41951403032821494
798,0.75,0.40625,0.12932570193096252,-0.4981995886732431,0.22524340323491235,-0.47964292828959454
799,0.71875,0.375,-0.36981125978095425,-0.42818073096168469,-0.30950043449498127,-0.49236981086430659
800,0.78125,0.375,0.3779986511596215,-0.14188896493188438,0.41197416221863192,-0.054500429971270296
801,0.84375,0.75,0.015189499877123898,0.16030732641409162,-0.046420684786520547,0.1512745132512496
802,0.90625,0.75,-0.084234432696299738,0.0084748087941848346,-0.049162047118136029,-0.043469291754947417
803,0.875,0.78125,-0.067567830148206734,0.073674208695464857,-0.087099959970502738,0.02446510125108042
804,0.875,0.71875,-0.090393616659300471,0.099479054333055386,-0.12180440390715661,0.034181185299497041
805,0.75,0.84375,0.038760564014411067,-0.15493430315149861,0.067265243511944628,-0.14331516514861431
806,0.75,0.90625,0.014689553508761818,-0.068975928551521792,0.027882277936181091,-0.059518998748815548
807,0.78125,0.875,0.087850027999252303,-0.035971641207436185,0.089741391074163346,-0.011934546954947972
808,0.71875,0.875,-0.085706064823874786,-0.095884702206390782,-0.067427875605212753,-0.10718517843706916
809,0.75,0.65625,0.11354899338774477,-0.43614365188518917,0.19701152057038782,-0.41951403032820705
810,0.75,0.59375,0.12932570193096316,-0.49819958867324382,0.22524340323491979,-0.47964292828958238
811,0.71875,0.625,-0.3698112597809573,-0.42818073096168857,-0.30950043449497827,-0.49236981086430126
812,0.78125,0.625,0.37799865115962533,-0.14188896493188441,0.4119741622186211,-0.054500429971261775
813,0.65625,0.75,-0.20513230143018482,0.40363506960562562,-0.25400549159688224,0.38775008433469155
814,0.59375,0.75,0.516131235132542,0.035098207527800469,0.52401527539789594,0.079335694216342803
815,0.625,0.71875,0.27926569615959246,0.49402032780742144,0.23731709055762965,0.53099725133219855
816,0.625,0.78125,0.20037107490413122,0.35418311152825516,0.16960990008270677,0.37949389379603488
817,0.15625,0.75,0.04186496577134656,-0.14939414045284288,0.043708578233745632,-0.15211382188200859
818,0.09375,0.75,-0.063136826382501024,0.0093283579256859001,-0.064857019447896916,0.010179346331396512
819,0.125,0.78125,-0.058298284614741354,-0.066887353724029042,-0.059816055592981004,-0.067858347752687453
820,0.125,0.71875,-0.081764319212659156,-0.093547519964888692,-0.083702796865284354,-0.094954682482801353
821,0.25,0.84375,-0.019172458896046223,0.15395249112255033,-0.02236397160136688,0.1566704721445861
822,0.25,0.90625,-0.007837526292663299,0.064047779698183399,-0.0092731480447371308,0.064983150221753938
823,0.21875,0.875,0.06765211125291698,0.057043029704420038,0.06849104243793297,0.059074708946309437
824,0.28125,0.875,-0.11139288194516164,0.054098120817949465,-0.11512977308846845,0.052574432557979382
825,0.25,0.65625,-0.056115177022279389,0.45006848632364638,-0.065507727382707742,0.45891141384847212
826,0.25,0.59375,-0.06404943790977595,0.51435087996827034,-0.0748956294155355,0.52469150613395177
827,0.28125,0.625,-0.51186376893292007,0.24646964625687487,-0.52910140850811749,0.24158191881688518
828,0.21875,0.625,0.3113402152889897,0.26222961792151228,0.31476859444121535,0.27150551298918169
829,0.34375,0.75,-0.012511774598482723,-0.45344268586110997,0.00088111203090510495,-0.46355601352441739
830,0.40625,0.75,0.47827106498211674,0.19862991005773123,0.48133819494360314,0.22183021827579513
831,0.375,0.71875,0.4680877899139218,-0.32216014098203866,0.49015324874360849,-0.31314012051543927
832,0.375,0.78125,0.33461226348602446,-0.23053243340776799,0.35028833662432601,-0.22378904645486142
833,0.0625,0.03125,-0.00033628621023644168,0.00077397675681118599,-0.00031464997962442218,0.00073018951842011674
834,0.03125,0.0625,0.00031910473521228153,0.00074128906857659645,0.00045949285619090603,0.00064936346795246651
835,0.09375,0.0625,-0.0060610359983097311,0.00097612578971856929,-0.0063045601012539261,0.00099176588811729556
836,0.0625,0.09375,-0.0025388271212249333,0.0058853371694306067,-0.0025301180874611187,0.0058647190049393337
837,0.9375,0.03125,-0.0046951955362905216,-0.0079659148079078649,7.3694656961961573e-05,-0.00090525858799368221
838,0.96875,0.0625,0.0013969957111356021,-0.014964501525021271,0.0007789659392313618,-0.000524324493416898
839,0.90625,0.0625,-0.017203378719352444,0.0010308024345832406,-0.0049262789259453058,-0.0042357863664411301
840,0.9375,0.09375,-0.017508461957720805,-0.014990537188174757,0.00083642615584632828,-0.0064565106362045434
841,0.96875,0.9375,0.0013969957111322523,-0.014964501525020216,0.00077896593923921598,-0.00052432449340746761
842,0.9375,0.96875,-0.0046951955362933137,-0.0079659148079075301,7.3694656969098334e-05,-0.00090525858798473126
843,0.9375,0.90625,-0.017508461957721193,-0.01499053718817059,0.00083642615586061286,-0.0064565106362088126
844,0.90625,0.9375,-0.017203378719353221,0.0010308024345860212,-0.0049262789259325477,-0.0042357863664449049
845,0.03125,0.9375,0.0003191047352130666,0.00074128906857654441,0.00045949285620593155,0.00064936346794646361
846,0.0625,0.96875,-0.00033628621023665983,0.00077397675681136651,-0.00031464997961022824,0.00073018951841320615
847,0.0625,0.90625,-0.0025388271212245183,0.0058853371694295381,-0.0025301180874598879,0.0058647190049208103
848,0.09375,0.9375,-0.0060610359983099982,0.00097612578971896437,-0.0063045601012544864,0.00099176588809898078
849,0.46875,0.4375,-0.6887220159849905,0.65333971998061091,-0.73856919814904676,0.63371905344785562
850,0.4375,0.46875,0.17319817779078217,0.93500008617889474,0.13448950206969684,0.96386291126622592
851,0.4375,0.40625,0.16237908920166788,0.87735124506810636,0.12618056339370812,0.90432907980034738
852,0.40625,0.4375,0.82394348339457069,0.34270354276776244,0.82926098821420557,0.38218626566108582
853,0.53125,0.4375,-0.31995884697516652,-0.89448578732164385,-0.26840413586998874,-0.93543813045137103
854,0.5625,0.46875,0.57219807440147485,-0.75580201345168352,0.64228534868305998,-0.73109949554021336
855,0.5625,0.40625,0.53698481007957111,-0.70934934379438108,0.60261568612316596,-0.68594503907089732
856,0.59375,0.4375,0.88725480603874451,0.0611709556904678,0.90275494111980126,0.13669135955852571
857,0.5625,0.53125,0.57219807440147763,-0.75580201345168196,0.64228534868306542,-0.73109949554021081
858,0.53125,0.5625,-0.31995884697516502,-0.89448578732164441,-0.26840413586998124,-0.93543813045135604
859,0.59375,0.5625,0.8872548060387494,0.061170955690470534,0.90275494111979704,0.13669135955851994
860,0.5625,0.59375,0.53698481007957699,-0.70934934379438019,0.60261568612315708,-0.68594503907089444
861,0.4375,0.53125,0.17319817779077981,0.9350000861788943,0.13448950206971094,0.96386291126622048
862,0.46875,0.5625,-0.68872201598499694,0.6533397199806108,-0.73856919814902655,0.63371905344786716
863,0.40625,0.5625,0.82394348339457157,0.34270354276776049,0.82926098821421734,0.38218626566107905
864,0.4375,0.59375,0.16237908920166311,0.87735124506810735,0.12618056339372594,0.90432907980035382
865,0.4375,0.03125,0.0035893147527413095,0.014771855700962516,0.0019630937330229093,0.013961441235482687
866,0.46875,0.0625,-0.039207238524113508,0.039167128096892968,-0.041681787564098786,0.035795073678534517
867,0.40625,0.0625,0.047719018716809981,0.018920092858963209,0.046813058832526344,0.021557530416870356
868,0.4375,0.09375,0.021156537490786151,0.10999027580022977,0.015643380833997526,0.11201481156091486
869,0.5625,0.03125,0.0087061992967791494,-0.014173817292941092,0.0093001476965352426,-0.010626035836344014
870,0.53125,0.0625,-0.020426452894856003,-0.052355314284556712,-0.015182448524433359,-0.052813914147298198
871,0.59375,0.0625,0.053511678723695222,0.0013171838955482683,0.050997393887508666,0.0076810720565011524
872,0.5625,0.09375,0.066880722908674181,-0.091580423960806359,0.074639124570181639,-0.08500852496023005
873,0.03125,0.4375,0.0080953265390715859,0.012190909187793213,0.0081716642416746442,0.011526410266895071
874,0.0625,0.46875,-0.021675068117890411,0.048843789485896162,-0.021765295335590192,0.050454768166557133
875,0.0625,0.40625,-0.020300477970563634,0.045951166773411746,-0.020420962231186345,0.047340191481615605
876,0.09375,0.4375,-0.10942886347613552,0.015671264733592802,-0.11174485036676064,0.017528282302932529
877,0.03125,0.5625,0.0080953265390714211,0.012190909187794162,0.0081716642416779436,0.01152641026689237
878,0.0625,0.53125,-0.021675068117890037,0.048843789485897127,-0.02176529533559108,0.050454768166554899
879,0.0625,0.59375,-0.020300477970563027,0.045951166773412697,-0.020420962231185977,0.047340191481608361
880,0.09375,0.5625,-0.10942886347613459,0.015671264733593909,-0.11174485036676628,0.017528282302931051
881,0.96875,0.4375,-0.052519230870400793,-0.093212110633115949,0.012251991435181225,-0.006638034205853534
882,0.9375,0.46875,-0.10390794955178688,-0.048384870550892523,0.0078316400409651436,-0.054183897768396896
883,0.9375,0.40625,-0.097010576435532916,-0.045540516380309842,0.007356174535418052,-0.050838647389638433
884,0.90625,0.4375,-0.13820758215167683,0.018837835819106898,-0.084590162909441394,-0.074808881986454509
885,0.96875,0.5625,-0.052519230870397435,-0.093212110633115131,0.012251991435181986,-0.0066380342058469273
886,0.9375,0.53125,-0.10390794955178492,-0.048384870550893092,0.0078316400409679694,-0.054183897768394634
887,0.9375,0.59375,-0.097010576435529391,-0.045540516380310897,0.0073561745354257758,-0.050838647389634763
888,0.90625,0.5625,-0.1382075821516757,0.018837835819104393,-0.084590162909435912,-0.074808881986455189
889,0.5625,0.96875,0.0087061992967798971,-0.014173817292940791,0.0093001476965386045,-0.010626035836335311
890,0.53125,0.9375,-0.020426452894855333,-0.05235531428455685,-0.015182448524425851,-0.052813914147300134
891,0.59375,0.9375,0.053511678723696048,0.0013171838955473186,0.050997393887517631,0.0076810720565093169
892,0.5625,0.90625,0.066880722908674292,-0.091580423960807872,0.074639124570191367,-0.085008524960234005
893,0.4375,0.96875,0.0035893147527398233,0.014771855700964408,0.001963093733027855,0.013961441235480494
894,0.46875,0.9375,-0.039207238524113452,0.039167128096895105,-0.041681787564097614,0.035795073678527078
895,0.40625,0.9375,0.047719018716809919,0.018920092858965572,0.046813058832528807,0.021557530416864534
896,0.4375,0.90625,0.021156537490787931,0.1099902758002321,0.01564338083399085,0.11201481156090956
897,0.21875,0.1875,0.13128020861770034,0.11074264911865742,0.13295236908794303,0.11467833007326142
898,0.1875,0.21875,0.16379493267092909,-0.050486997121658897,0.16827793478085762,-0.050112158656179108
899,0.1875,0.15625,0.097405962910040667,-0.03013467522917742,0.10011204840976047,-0.029814857988417248
900,0.15625,0.1875,0.027662877913680411,-0.098716312099012035,0.028850258728398376,-0.10040276568564369
901,0.3125,0.28125,-0.4078180838993008,-0.24904954464957504,-0.41087119913606873,-0.26465377054210965
902,0.28125,0.3125,-0.43004852997496607,0.20734196752074552,-0.44458046077625035,0.20299447318609229
903,0.34375,0.3125,-0.016479523190305614,-0.5951309096422831,0.0011558625285889455,-0.60865451789015423
904,0.3125,0.34375,-0.50800289176298685,-0.31025445679286268,-0.51169088124182671,-0.32959649497159788
905,0.28125,0.1875,-0.2161708038849332,0.10455925131791778,-0.22348792195474179,0.10204925944147206
906,0.3125,0.21875,-0.2914544974931173,-0.177935004808222,-0.29362821587014198,-0.18913205000878225
907,0.3125,0.15625,-0.17355059378417168,-0.10585105169484853,-0.17468883129483562,-0.1125175428119701
908,0.34375,0.1875,-0.0083267446924459483,-0.29955302779946763,0.00058043387036146735,-0.30597038387117403
909,0.1875,0.28125,0.22928471405835357,-0.070441597040937068,0.23547063758124845,-0.070117824163241194
910,0.21875,0.3125,0.26141164034020192,0.22035891468279015,0.26448325118606036,0.22813317571557939
911,0.15625,0.3125,0.054900950944946236,-0.19592387356384802,0.057388300383071064,-0.19972535057550922
912,0.1875,0.34375,0.28568750906563528,-0.087513710877645465,0.29325096101220932,-0.087319263197547139
913,0.78125,0.1875,0.16441994115277772,-0.062735738666540045,0.17409619119618458,-0.023059591063971676
914,0.8125,0.21875,0.14773407070228348,0.096134676064545552,0.11342058525038005,0.13404226347908382
915,0.8125,0.15625,0.09217325416503705,0.058291909042529587,0.067545304332398123,0.079767892615299249
916,0.84375,0.1875,0.010856669655211334,0.11005363742400824,-0.03063203079456104,0.099918040091534488
917,0.6875,0.28125,-0.47285016051061923,0.055964504580622215,-0.48867217957313941,-0.0045837720405927998
918,0.71875,0.3125,-0.31099746664575145,-0.36031349874919666,-0.26006337812704866,-0.41372543405568735
919,0.65625,0.3125,-0.26855291879407461,0.52839937714973484,-0.33349892126308045,0.50909843783568642
920,0.6875,0.34375,-0.58763573399764535,0.069484924771797019,-0.60856022558866252,-0.0057100947469496538
921,0.71875,0.1875,-0.15924677281186234,-0.1834912549729458,-0.13077717734699351,-0.20801785098081713
922,0.6875,0.21875,-0.33972390671768388,0.040624620323528392,-0.34925840988081541,-0.0032675168122174576
923,0.6875,0.15625,-0.20465089334921194,0.025855126730531097,-0.20782511521582125,-0.0019189588180669179
924,0.65625,0.1875,-0.13577348645298684,0.26870609720947192,-0.16766348736420633,0.25596845565316495
925,0.8125,0.28125,0.20304819617968353,0.13242941046623508,0.15865068603440566,0.18752531034905037
926,0.78125,0.3125,0.31874749974295891,-0.11941135679560044,0.3461825610956249,-0.045795545139555402
927,0.84375,0.3125,0.020333363885878426,0.20682378073885907,-0.060939350822297171,0.19856673814300974
928,0.8125,0.34375,0.25141100399280969,0.16346147617460624,0.19755786046539484,0.23351360294001952
929,0.8125,0.78125,0.1477340707022802,0.096134676064548841,0.11342058525038513,0.13404226347909973
930,0.78125,0.8125,0.16441994115277489,-0.062735738666537685,0.1740961911961941,-0.023059591063956865
931,0.84375,0.8125,0.010856669655208222,0.11005363742400578,-0.0306320307945726,0.099918040091546256
932,0.8125,0.84375,0.092173254165034274,0.058291909042527588,0.067545304332390046,0.079767892615313862
933,0.71875,0.6875,-0.3109974666457504,-0.36031349874920443,-0.26006337812705382,-0.41372543405568796
934,0.6875,0.71875,-0.47285016051062118,0.055964504580616796,-0.48867217957314463,-0.0045837720405929108
935,0.6875,0.65625,-0.58763573399765245,0.069484924771789636,-0.60856022558866385,-0.0057100947469628316
936,0.65625,0.6875,-0.26855291879408061,0.52839937714973284,-0.33349892126308067,0.50909843783568076
937,0.8125,0.71875,0.20304819617968484,0.1324294104662411,0.15865068603440599,0.18752531034904815
938,0.78125,0.6875,0.31874749974296557,-0.11941135679559871,0.34618256109561729,-0.04579554513955629
939,0.84375,0.6875,0.020333363885876234,0.20682378073886373,-0.060939350822303236,0.19856673814299661
940,0.8125,0.65625,0.25141100399281258,0.16346147617460985,0.19755786046537679,0.23351360294001375
941,0.71875,0.8125,-0.15924677281186325,-0.18349125497294452,-0.13077717734699026,-0.20801785098082656
942,0.6875,0.78125,-0.33972390671768399,0.040624620323528135,-0.34925840988082324,-0.0032675168122240105
943,0.6875,0.84375,-0.20465089334921324,0.025855126730531138,-0.20782511521582464,-0.0019189588180783042
944,0.65625,0.8125,-0.13577348645298748,0.26870609720947297,-0.16766348736421915,0.25596845565315912
945,0.1875,0.78125,0.16379493267093204,-0.050486997121658002,0.16827793478087,-0.050112158656184271
946,0.21875,0.8125,0.13128020861770093,0.11074264911865735,0.13295236908795327,0.11467833007325132
947,0.15625,0.8125,0.027662877913680658,-0.098716312099010536,0.028850258728407373,-0.10040276568563256
948,0.1875,0.84375,0.097405962910041194,-0.030134675229177389,0.10011204840977224,-0.029814857988409368
949,0.28125,0.6875,-0.43004852997496779,0.2073419675207451,-0.44458046077624414,0.20299447318610234
950,0.3125,0.71875,-0.40781808389930091,-0.24904954464957513,-0.41087119913606823,-0.26465377054209455
951,0.3125,0.65625,-0.50800289176298696,-0.31025445679286368,-0.5116908812418216,-0.32959649497160048
952,0.34375,0.6875,-0.016479523190304605,-0.59513090964228232,0.001155862528592768,-0.60865451789015335
953,0.1875,0.71875,0.22928471405835643,-0.070441597040938345,0.23547063758125059,-0.070117824163247522
954,0.21875,0.6875,0.26141164034020131,0.22035891468278762,0.2644832511860592,0.22813317571558328
955,0.15625,0.6875,0.054900950944947881,-0.19592387356384902,0.057388300383066082,-0.19972535057551344
956,0.1875,0.65625,0.2856875090656345,-0.087513710877647644,0.29325096101220205,-0.087319263197539715
957,0.28125,0.8125,-0.21617080388493526,0.10455925131791911,-0.22348792195475894,0.10204925944145724
958,0.3125,0.78125,-0.2914544974931178,-0.17793500480822069,-0.29362821587016247,-0.18913205000877534
959,0.3125,0.84375,-0.17355059378417445,-0.10585105169484724,-0.17468883129485102,-0.11251754281198424
960,0.34375,0.8125,-0.0083267446924459153,-0.29955302779946591,0.00058043387034615744,-0.30597038387116526
961,0.1875,0.03125,0.0050245783452462604,-0.0017109777058907853,0.0051690095471055705,-0.0015432714700494155
962,0.21875,0.0625,0.019422816294349263,0.016293797216150471,0.019584388603854464,0.01688787790078352
963,0.15625,0.0625,0.0040476081379411302,-0.014625855960351241,0.0042477669626921162,-0.014788204883760247
964,0.1875,0.09375,0.040363016901895366,-0.012588965183254908,0.041522317504250089,-0.012368248565804082
965,0.3125,0.03125,-0.009484134670093472,-0.0053692190367752336,-0.0090293975350731834,-0.0058064180138957438
966,0.28125,0.0625,-0.031901601275499653,0.015843802833114068,-0.0329169580475683,0.015038063601173967
967,0.34375,0.0625,-0.0017460575698297468,-0.044784060297493954,7.6182061897666351e-05,-0.045073875775160421
968,0.3125,0.09375,-0.072318392841415419,-0.043849276639415624,-0.072460318146905206,-0.046665823121887426
969,0.03125,0.1875,0.0027647132731793717,0.0049320955433159348,0.0031250206660153631,0.0044173183762776418
970,0.0625,0.21875,-0.010176050186906635,0.023481403134294386,-0.01025092244066384,0.023765436250779357
971,0.0625,0.15625,-0.0060849407958675121,0.01406218611361751,-0.006099416632769545,0.014139414741891404
972,0.09375,0.1875,-0.0415955749358096,0.006245209064897693,-0.042808009701108318,0.0067207584883109467
973,0.03125,0.3125,0.0059444703203427058,0.0095600823561632717,0.0062235945790735893,0.0087871645760420804
974,0.0625,0.28125,-0.014207689336607108,0.032641457945286063,-0.014342540051904976,0.033252193153540811
975,0.0625,0.34375,-0.017712354262842202,0.040393035159690949,-0.017860982793059681,0.041407953426371921
976,0.09375,0.3125,-0.083083382286178967,0.012106036272110461,-0.08516019996706152,0.013362576431912182
977,0.8125,0.03125,0.010629450550647219,0.0047500497146502497,0.0035795670167232257,0.0041544544537662929
978,0.78125,0.0625,0.028606581745386946,-0.014454307133643695,0.025719457553979901,-0.003474784560004187
979,0.84375,0.0625,0.0047371200455112389,0.023226745910903988,-0.0044707807373594605,0.014833235222518457
980,0.8125,0.09375,0.043664555930713327,0.02475407264507333,0.028102884204053546,0.033100596424196473
981,0.6875,0.03125,-0.014456012151252164,0.0039432706271304427,-0.010796257811749508,-6.2036729910418375e-05
982,0.71875,0.0625,-0.028837241628360551,-0.0287442246034392,-0.019346500972879835,-0.030670517224068536
983,0.65625,0.0625,-0.019453550713492664,0.04444938320312266,-0.024690263317822286,0.0377780304415146
984,0.6875,0.09375,-0.08785112300558949,0.013449883944855136,-0.086249220743991772,-0.00075479929443428143
985,0.96875,0.1875,-0.013841630087609916,-0.042912899414218789,0.0048102988365874549,-0.0026500498748845045
986,0.9375,0.21875,-0.04946856700680681,-0.029671388329747823,0.0036908248636254291,-0.025628762552698449
987,0.9375,0.15625,-0.032409590771606475,-0.022815375731360454,0.0021552161171039625,-0.015336114807863163
988,0.90625,0.1875,-0.060334838028950573,0.0049307426133140403,-0.03252602153747803,-0.02870991286983832
989,0.96875,0.3125,-0.036986278383618447,-0.071714286589141751,0.009389255853031785,-0.0050642549838919599
990,0.9375,0.28125,-0.067496419901111049,-0.035540719815286496,0.0051828269229473589,-0.035761203033482063
991,0.9375,0.34375,-0.08420692375391442,-0.040899037435836574,0.0064463423881901284,-0.0444812188228055
992,0.90625,0.3125,-0.10675598140835202,0.012789716400263529,-0.064489768241057094,-0.05704235179457276
993,0.96875,0.8125,-0.013841630087606705,-0.042912899414216152,0.0048102988365903284,-0.0026500498748871452
994,0.9375,0.78125,-0.049468567006803001,-0.029671388329750543,0.0036908248636250245,-0.025628762552700243
995,0.9375,0.84375,-0.032409590771602166,-0.022815375731358323,0.0021552161171065438,-0.015336114807874283
996,0.90625,0.8125,-0.060334838028947187,0.0049307426133105769,-0.032526021537487189,-0.028709912869845689
997,0.96875,0.6875,-0.036986278383616587,-0.07171428658914264,0.0093892558530350237,-0.0050642549838802436
998,0.9375,0.71875,-0.067496419901110855,-0.035540719815290216,0.0051828269229565703,-0.035761203033476567
999,0.9375,0.65625,-0.08420692375391374,-0.040899037435838149,0.0064463423882018455,-0.044481218822800789
1000,0.90625,0.6875,-0.10675598140835525,0.012789716400261631,-0.064489768241044729,-0.057042351794577784
1001,0.8125,0.96875,0.010629450550647696,0.0047500497146513616,0.0035795670167243481,0.0041544544537641869
1002,0.78125,0.9375,0.028606581745388656,-0.014454307133643643,0.025719457553978448,-0.0034747845600049494
1003,0.84375,0.9375,0.0047371200455124055,0.023226745910904616,-0.0044707807373589922,0.014833235222511306
1004,0.8125,0.90625,0.043664555930714569,0.024754072645071668,0.028102884204046202,0.033100596424194932
1005,0.6875,0.96875,-0.014456012151251514,0.0039432706271317203,-0.010796257811751055,-6.203672990417371e-05
1006,0.71875,0.9375,-0.02883724162835884,-0.028744224603438805,-0.01934650097287649,-0.030670517224066888
1007,0.65625,0.9375,-0.01945355071349179,0.044449383203122694,-0.024690263317817072,0.037778030441521934
1008,0.6875,0.90625,-0.087851123005588755,0.013449883944854493,-0.086249220743986207,-0.00075479929443688374
1009,0.03125,0.8125,0.0027647132731794385,0.0049320955433133622,0.0031250206660095366,0.0044173183762759027
1010,0.0625,0.78125,-0.010176050186909149,0.023481403134293435,-0.010250922440667734,0.023765436250785994
1011,0.0625,0.84375,-0.0060849407958684671,0.014062186113615118,-0.0060994166327805856,0.01413941474188731
1012,0.09375,0.8125,-0.04159557493581223,0.0062452090648975351,-0.042808009701116048,0.006720758488321826
1013,0.03125,0.6875,0.0059444703203416927,0.009560082356163211,0.0062235945790816644,0.0087871645760410171
1014,0.0625,0.71875,-0.014207689336608849,0.032641457945286841,-0.014342540051899983,0.033252193153538903
1015,0.0625,0.65625,-0.01771235426284223,0.040393035159691705,-0.01786098279305531,0.041407953426362318
1016,0.09375,0.6875,-0.083083382286178856,0.012106036272111756,-0.085160199967061589,0.013362576431902241
1017,0.1875,0.96875,0.0050245783452476517,-0.0017109777058891651,0.0051690095470944318,-0.0015432714700460786
1018,0.21875,0.9375,0.019422816294351882,0.016293797216149788,0.019584388603854194,0.016887877900798924
1019,0.15625,0.9375,0.0040476081379421519,-0.014625855960350018,0.0042477669626790815,-0.01478820488375957
1020,0.1875,0.90625,0.040363016901897239,-0.012588965183255306,0.041522317504248132,-0.012368248565789566
1021,0.3125,0.96875,-0.0094841346700930123,-0.0053692190367770698,-0.0090293975350671605,-0.0058064180138879687
1022,0.28125,0.9375,-0.031901601275499514,0.015843802833111497,-0.032916958047556254,0.015038063601180039
1023,0.34375,0.9375,-0.001746057569831021,-0.044784060297495099,7.6182061906684691e-05,-0.045073875775164092
1024,0.3125,0.90625,-0.072318392841417875,-0.04384927663941738,-0.072460318146895616,-0.046665823121897716
1025,0.46875,0.3125,-0.52513354829033321,0.49851570417797819,-0.56288930872219345,0.48298354267256371
1026,0.4375,0.28125,0.11389459835307171,0.61647320218057511,0.08861397660307449,0.63511200678212221
1027,0.4375,0.34375,0.14189628526812614,0.76749328676447293,0.11035881771157906,0.79095134525617594
1028,0.40625,0.3125,0.6278481982357198,0.26092245976039513,0.63200254351883123,0.29126971449236799
1029,0.53125,0.3125,-0.24373695892843941,-0.68194997411040137,-0.20455666768477948,-0.71292620514962979
1030,0.5625,0.28125,0.37763934236228486,-0.49894537640180553,0.42322552119580531,-0.4817488766145045
1031,0.5625,0.34375,0.46988246863207567,-0.62075194028848379,0.52706766907561398,-0.5999502676220726
1032,0.59375,0.3125,0.67667827001882719,0.046230554322489473,0.68802381798315304,0.10417055331648677
1033,0.46875,0.1875,-0.2644241512368512,0.25162264013589641,-0.28296847427126653,0.24280759548200082
1034,0.4375,0.21875,0.081498672833421673,0.44096804725448235,0.063329219693540759,0.45388604968118262
1035,0.4375,0.15625,0.048906960338625322,0.26304425829916461,0.037682626582088201,0.2700371866597856
1036,0.40625,0.1875,0.31602775797845345,0.13109294105418268,0.31771031591063087,0.14641681304895346
1037,0.53125,0.1875,-0.12323275370603623,-0.34410581890219094,-0.10283991982800594,-0.35840262103121645
1038,0.5625,0.21875,0.27032951534663546,-0.35757440755612674,0.30246498211605166,-0.34429543010057023
1039,0.5625,0.15625,0.16117501224732186,-0.21456098978849547,0.17995029655403671,-0.20485785733671569
1040,0.59375,0.1875,0.34215391452053889,0.022726054027861528,0.34589790912738505,0.052358932750166461
1041,0.3125,0.46875,-0.61939600201282519,-0.37818534597760883,-0.62355897164957952,-0.40165472428502264
1042,0.28125,0.4375,-0.56441655066503083,0.27152550810119203,-0.58334122916536379,0.26634360666740581
1043,0.34375,0.4375,-0.02191596804887621,-0.78046117431132689,0.0015113918370060948,-0.79862047622029164
1044,0.3125,0.40625,-0.58100304322551732,-0.35479605741807785,-0.58504176150558063,-0.37684469394073089
1045,0.3125,0.53125,-0.61939600201281919,-0.37818534597761011,-0.62355897164958485,-0.40165472428502708
1046,0.28125,0.5625,-0.56441655066502738,0.27152550810119308,-0.58334122916535913,0.26634360666739604
1047,0.34375,0.5625,-0.021915968048867134,-0.78046117431133144,0.001511391836994491,-0.79862047622029531
1048,0.3125,0.59375,-0.58100304322551244,-0.35479605741808057,-0.5850417615055904,-0.37684469394075337
1049,0.1875,0.46875,0.34842499091214041,-0.10634597057030816,0.35736310502691132,-0.10640309861537581
1050,0.21875,0.4375,0.34344525873426984,0.289082879016544,0.34703900037858398,0.29933863696344332
1051,0.15625,0.4375,0.071970779999398465,-0.25659019318371018,0.075297272286752051,-0.26205635761558327
1052,0.1875,0.40625,0.32680291482095786,-0.099878711628441627,0.33528878813315249,-0.099832771398599404
1053,0.1875,0.53125,0.34842499091213985,-0.10634597057030655,0.35736310502692126,-0.1064030986153716
1054,0.21875,0.5625,0.34344525873426801,0.28908287901654689,0.34703900037859875,0.29933863696344815
1055,0.15625,0.5625,0.071970779999398396,-0.25659019318370935,0.075297272286752231,-0.26205635761557577
1056,0.1875,0.59375,0.32680291482095714,-0.099878711628440753,0.33528878813315316,-0.099832771398583708
1057,0.6875,0.46875,-0.71540836432021016,0.0842358967945009,-0.74158854389495565,-0.0069644451438723451
1058,0.71875,0.4375,-0.4076453693553706,-0.47206878751263198,-0.34122656892588216,-0.5428437900780545
1059,0.65625,0.4375,-0.35156573212813452,0.69237601352034783,-0.43757464201888496,0.6679826899278376
1060,0.6875,0.40625,-0.67137275714563138,0.079234231511233197,-0.69578579337055302,-0.0065311415931606984
1061,0.6875,0.53125,-0.71540836432021182,0.084235896794501858,-0.74158854389495366,-0.0069644451438705957
1062,0.71875,0.5625,-0.40764536935537343,-0.47206878751263082,-0.34122656892587189,-0.54284379007804973
1063,0.65625,0.5625,-0.35156573212813647,0.69237601352034983,-0.43757464201888413,0.66798268992783438
1064,0.6875,0.59375,-0.67137275714563782,0.079234231511234418,-0.69578579337053992,-0.0065311415931705499
1065,0.8125,0.46875,0.30599745030083753,0.19861305871331178,0.24074133359937019,0.28455319133925167
1066,0.78125,0.4375,0.41631603714479543,-0.1563724672672786,0.45419905579385489,-0.060087297154112762
1067,0.84375,0.4375,0.027971783474480778,0.26954436324603093,-0.079935188464733214,0.26051480873284466
1068,0.8125,0.40625,0.2870964467211149,0.18635806412415115,0.22587171446822055,0.26697737965541896
1069,0.8125,0.53125,0.30599745030083564,0.19861305871331092,0.24074133359937167,0.28455319133925738
1070,0.78125,0.5625,0.4163160371447947,-0.15637246726727819,0.45419905579386016,-0.060087297154100355
1071,0.84375,0.5625,0.027971783474478398,0.26954436324602998,-0.079935188464735407,0.26051480873284522
1072,0.8125,0.59375,0.28709644672111517,0.18635806412415232,0.22587171446821172,0.26697737965542645
1073,0.53125,0.6875,-0.24373695892843719,-0.6819499741104007,-0.20455666768478803,-0.71292620514963234
1074,0.5625,0.71875,0.37763934236228808,-0.49894537640180342,0.42322552119581874,-0.48174887661449961
1075,0.5625,0.65625,0.46988246863208188,-0.62075194028848291,0.52706766907561009,-0.59995026762206993
1076,0.59375,0.6875,0.67667827001882996,0.046230554322490361,0.68802381798317003,0.1041705533164899
1077,0.46875,0.6875,-0.52513354829033831,0.49851570417798019,-0.56288930872220588,0.48298354267254096
1078,0.4375,0.71875,0.11389459835306817,0.61647320218057577,0.088613976603084912,0.63511200678209034
1079,0.4375,0.65625,0.14189628526812065,0.76749328676447759,0.11035881771158092,0.79095134525616728
1080,0.40625,0.6875,0.62784819823571758,0.26092245976039863,0.63200254351883467,0.29126971449234362
1081,0.53125,0.8125,-0.12323275370603833,-0.3441058189021905,-0.10283991982800948,-0.3584026210312109
1082,0.5625,0.78125,0.27032951534663646,-0.35757440755612407,0.30246498211605133,-0.34429543010055641
1083,0.5625,0.84375,0.16117501224732045,-0.21456098978849514,0.17995029655403511,-0.20485785733672021
1084,0.59375,0.8125,0.34215391452053989,0.022726054027863662,0.34589790912737567,0.052358932750172137
1085,0.46875,0.8125,-0.26442415123685314,0.25162264013589386,-0.28296847427126492,0.24280759548201181
1086,0.4375,0.78125,0.081498672833420896,0.44096804725447936,0.063329219693558883,0.45388604968119084
1087,0.4375,0.84375,0.048906960338627369,0.26304425829916361,0.037682626582083698,0.27003718665979803
1088,0.40625,0.8125,0.31602775797845623,0.13109294105418193,0.31771031591064153,0.14641681304897569
1089,0.015625,0.015625,-4.3265757906727314e-05,-2.5857269068729902e-05,1.1030143528563346e-05,3.5984723184189998e-06
1090,0.984375,0.015625,0.0067748896097491228,-0.0024853697248892509,0.00012548334270878536,-2.6210832579940136e-05
1091,0.984375,0.984375,0.0067748896097482936,-0.0024853697248911821,0.000125483342703685,-2.6210832573944464e-05
1092,0.015625,0.984375,-4.326575790673634e-05,-2.5857269068539086e-05,1.1030143534608139e-05,3.59847232715104e-06
1093,0.484375,0.484375,-0.95008349756548327,0.25396354771625151,-0.98632740595095214,0.20919409134267197
1094,0.515625,0.484375,-0.73241807747690624,-0.6578914384600224,-0.70876852610133023,-0.71712430515378134
1095,0.515625,0.515625,-0.73241807747690657,-0.65789143846002207,-0.70876852610131758,-0.7171243051537699
1096,0.484375,0.515625,-0.95008349756548494,0.25396354771625151,-0.98632740595094781,0.20919409134267938
1097,0.484375,0.015625,-0.0047906107232037797,0.0021915417555334587,-0.0034265099268765797,0.00074155776962279529
1098,0.515625,0.015625,-0.0046016766191573407,-0.0030128507908166917,-0.0024773712359179127,-0.0024856715778990069
1099,0.015625,0.484375,0.0035798024130137274,0.0023442443775182,0.0032531689586099244,0.0013850756755320194
1100,0.015625,0.515625,0.0035798024130135747,0.0023442443775184914,0.0032531689586108642,0.0013850756755318019
1101,0.984375,0.484375,-0.01293003286808315,-0.11050162535332904,0.0033906741224166872,-0.0011904358330083328
1102,0.984375,0.515625,-0.012930032868082406,-0.1105016253533284,0.003390674122416015,-0.001190435833006654
1103,0.515625,0.984375,-0.0046016766191581049,-0.0030128507908162645,-0.0024773712359147178,-0.0024856715778950322
1104,0.484375,0.984375,-0.0047906107232053262,0.0021915417555341031,-0.0034265099268721276,0.00074155776962419738
1105,0.234375,0.234375,0.09580492527896893,0.2450611871249079,0.094274865019167792,0.25153217220219087
1106,0.265625,0.265625,-0.21381732363652647,0.29812738830592717,-0.22468620216425852,0.30043131847835025
1107,0.265625,0.234375,-0.18092796029787417,0.25237305125137111,-0.1901239153106786,0.25421864547280987
1108,0.234375,0.265625,0.11326254852384184,0.28956987218733926,0.11141365287717798,0.29725828346751915
1109,0.765625,0.234375,0.17724469970018475,-0.19610352983401735,0.21678141256917424,-0.15860925168438991
1110,0.734375,0.265625,-0.082473245946293031,-0.35725780027860177,-0.022890161142563554,-0.37442178751585342
1111,0.734375,0.234375,-0.070165350300337548,-0.30354328299565753,-0.019373807380671917,-0.31684650744742215
1112,0.765625,0.265625,0.2084454202029967,-0.23027348541394926,0.25617122888429172,-0.1874201389567853
1113,0.765625,0.765625,0.17724469970018694,-0.19610352983401297,0.21678141256918973,-0.1586092516843863
1114,0.734375,0.734375,-0.082473245946288631,-0.35725780027860354,-0.022890161142559515,-0.37442178751585781
1115,0.765625,0.734375,0.20844542020300222,-0.2302734854139464,0.25617122888430166,-0.18742013895678547
1116,0.734375,0.765625,-0.070165350300334967,-0.30354328299565614,-0.019373807380663161,-0.31684650744742776
1117,0.234375,0.765625,0.09580492527897122,0.24506118712490749,0.09427486501916435,0.25153217220218016
1118,0.265625,0.734375,-0.21381732363652603,0.29812738830592628,-0.22468620216426488,0.30043131847835464
1119,0.234375,0.734375,0.11326254852384395,0.28956987218733782,0.11141365287717583,0.29725828346751609
1120,0.265625,0.765625,-0.18092796029787372,0.25237305125137138,-0.19012391531069292,0.25421864547280687
1121,0.234375,0.015625,0.00081064966105355335,0.0017917198100530615,0.00063485578971203918,0.0016815559172845096
1122,0.265625,0.015625,-0.0012151807367811881,0.0021341947197806312,-0.0012688576718793872,0.0017059866938907643
1123,0.015625,0.234375,0.0013926611288908306,0.001345935105275435,0.0016723735381147392,0.00071434103672166559
1124,0.015625,0.265625,0.0017502022105228834,0.0015847594652652528,0.0019777736894239319,0.0008447846207353582
1125,0.765625,0.015625,0.0039908217620407346,-0.0057342238018074001,0.0014996576498119399,-0.0011255503923132478
1126,0.734375,0.015625,-0.0024251913915440551,-0.0063667883878360714,-0.00015484649799993888,-0.0021881737662432788
1127,0.984375,0.234375,0.0004956049139731454,-0.058246809579582774,0.0018709051645393931,-0.00062094184299427797
1128,0.984375,0.265625,-0.0022853045817451561,-0.067427403406926753,0.0021610643615089953,-0.00071579626457597006
1129,0.984375,0.765625,0.00049560491397607415,-0.058246809579581234,0.001870905164538335,-0.00062094184299034925
1130,0.984375,0.734375,-0.0022853045817423918,-0.067427403406926323,0.0021610643615068543,-0.00071579626456814353
1131,0.765625,0.984375,0.0039908217620409263,-0.0057342238018057851,0.0014996576498114956,-0.0011255503923131062
1132,0.734375,0.984375,-0.0024251913915438674,-0.006366788387834367,-0.00015484649800165233,-0.0021881737662416819
1133,0.015625,0.765625,0.0013926611288907192,0.0013459351052734062,0.0016723735381123767,0.00071434103672353465
1134,0.015625,0.734375,0.0017502022105222237,0.0015847594652637831,0.0019777736894254416,0.000844784620738594
1135,0.234375,0.984375,0.00081064966105550502,0.0017917198100541813,0.00063485578970264771,0.0016815559172920723
1136,0.265625,0.984375,-0.0012151807367792062,0.0021341947197806165,-0.0012688576718844927,0.0017059866939009274
1137,0.484375,0.265625,-0.57993000105105452,0.15566567883639884,-0.6016359727647439,0.12761316957383786
1138,0.515625,0.265625,-0.44696311825015173,-0.40134552309824933,-0.43233006749226249,-0.43742206717777032
1139,0.484375,0.234375,-0.49096350362907232,0.13191862733822673,-0.50909312526678796,0.10798598360601318
1140,0.515625,0.234375,-0.37848685064058935,-0.33979739453407598,-0.36583112834931986,-0.37013812481038583
1141,0.265625,0.484375,-0.35048595112147313,0.48781794372678822,-0.36835408243672652,0.49252353127330062
1142,0.265625,0.515625,-0.35048595112147185,0.48781794372678905,-0.36835408243672396,0.49252353127329762
1143,0.234375,0.484375,0.18626223490323351,0.47427634982401118,0.18266469249022046,0.487331910153112
1144,0.234375,0.515625,0.18626223490323293,0.47427634982401229,0.18266469249022582,0.4873319101531125
1145,0.734375,0.484375,-0.13534292396510053,-0.58251308603016949,-0.037532563723164707,-0.61378840485408115
1146,0.734375,0.515625,-0.13534292396510106,-0.58251308603016905,-0.037532563723160911,-0.61378840485407948
1147,0.765625,0.484375,0.33812026026331066,-0.37471965060839973,0.41991161942326743,-0.30722303249453692
1148,0.765625,0.515625,0.33812026026330971,-0.37471965060839979,0.4199116194232711,-0.30722303249453198
1149,0.515625,0.734375,-0.44696311825015378,-0.40134552309824834,-0.43233006749226255,-0.43742206717777771
1150,0.484375,0.734375,-0.57993000105105774,0.15566567883639837,-0.60163597276474945,0.12761316957381955
1151,0.515625,0.765625,-0.37848685064059212,-0.33979739453407537,-0.36583112834931764,-0.37013812481038511
1152,0.484375,0.765625,-0.49096350362907559,0.13191862733822513,-0.50909312526678197,0.10798598360600789
1153,0.109375,0.109375,-0.02119878644522066,-0.0078726187900584263,-0.021894927432328841,-0.0079059969072584804
1154,0.140625,0.140625,-0.011905429549584177,-0.052961603405357945,-0.012113035879417327,-0.053864337041132415
1155,0.140625,0.109375,-0.0077208066498770456,-0.034406915811818602,-0.0078658920414772359,-0.034976406176844541
1156,0.109375,0.140625,-0.032703468248071771,-0.012151033860827743,-0.03371832958697208,-0.012176786252533021
1157,0.890625,0.109375,-0.03190147069564854,0.016100795285870908,-0.022817484203912095,-0.0051433388812578461
1158,0.859375,0.140625,-0.019916225002926554,0.061644367763684788,-0.039530922205609297,0.038671460934012636
1159,0.859375,0.109375,-0.013004744350763783,0.043866835032992851,-0.025676296668648475,0.025173316094957428
1160,0.890625,0.140625,-0.04406045336507778,0.021404636283386281,-0.03505091125422987,-0.0079684336437656021
1161,0.890625,0.890625,-0.03190147069564557,0.016100795285872094,-0.022817484203912129,-0.0051433388812726112
1162,0.859375,0.859375,-0.019916225002925111,0.061644367763681755,-0.039530922205625055,0.038671460934008903
1163,0.890625,0.859375,-0.044060453365074005,0.021404636283385129,-0.035050911254238613,-0.0079684336437786246
1164,0.859375,0.890625,-0.013004744350761523,0.043866835032991727,-0.025676296668657235,0.025173316094947423
1165,0.109375,0.890625,-0.021198786445221402,-0.0078726187900587212,-0.021894927432344769,-0.0079059969072650099
1166,0.140625,0.859375,-0.011905429549584998,-0.052961603405357535,-0.012113035879425707,-0.053864337041119967
1167,0.109375,0.859375,-0.032703468248073388,-0.012151033860828189,-0.03371832958698727,-0.012176786252528823
1168,0.140625,0.890625,-0.0077208066498771471,-0.03440691581181831,-0.0078658920414914797,-0.034976406176838989
1169,0.390625,0.390625,0.80811268197067243,-0.08408036895706944,0.82999981390376021,-0.056786133576342351
1170,0.359375,0.359375,0.3221658634115302,-0.63414915272378636,0.35035173972756878,-0.63812339772278825
1171,0.390625,0.359375,0.75591902575326864,-0.078783288398836734,0.77640545734765865,-0.053121545046003166
1172,0.359375,0.390625,0.34435614139332188,-0.67777631212436118,0.37453512041466597,-0.68217050086361486
1173,0.609375,0.390625,0.68568978978863981,0.43263893660016389,0.66206865414102301,0.50371143957976372
1174,0.640625,0.359375,0.015788849904032565,0.70885532344617508,-0.058037786941573535,0.72560731927733035
1175,0.609375,0.359375,0.64148614673919579,0.40466098337790329,0.61931913754690227,0.47118517717536046
1176,0.640625,0.390625,0.016967584015967353,0.75764467631708343,-0.062042531022469156,0.77569343127103785
1177,0.609375,0.609375,0.68568978978864192,0.43263893660016695,0.6620686541410129,0.50371143957973774
1178,0.640625,0.640625,0.015788849904027267,0.70885532344617419,-0.058037786941570885,0.72560731927730449
1179,0.640625,0.609375,0.016967584015963235,0.75764467631708554,-0.062042531022470038,0.77569343127100709
1180,0.609375,0.640625,0.64148614673919702,0.40466098337790468,0.61931913754690504,0.47118517717534464
1181,0.390625,0.609375,0.80811268197067398,-0.084080368957070245,0.8299998139037621,-0.056786133576349339
1182,0.359375,0.640625,0.32216586341153181,-0.63414915272378714,0.35035173972755945,-0.63812339772279503
1183,0.359375,0.609375,0.34435614139332682,-0.67777631212436484,0.3745351204146552,-0.68217050086362574
1184,0.390625,0.640625,0.75591902575326753,-0.078783288398834639,0.77640545734765243,-0.053121545046014948
1185,0.390625,0.109375,0.1358477245054385,-0.014882067535542203,0.13884403032889872,-0.0095123581481598614
1186,0.359375,0.140625,0.088701585982952372,-0.17547024062934502,0.096477670103398708,-0.17573416187937727
1187,0.359375,0.109375,0.05749876623942806,-0.11437243962623367,0.062646178957723078,-0.11411990328820894
1188,0.390625,0.140625,0.20870788752805983,-0.022337099979907491,0.21381113782348243,-0.014639184772216625
1189,0.609375,0.109375,0.11867950008404649,0.07264450725876638,0.11080770863993926,0.084261384917464668
1190,0.640625,0.140625,0.005812334302827708,0.19922606451039218,-0.015962170860332865,0.19987808383462247
1191,0.640625,0.109375,0.0049842449573496679,0.13113376549036973,-0.010347134652012143,0.12982027461080692
1192,0.609375,0.140625,0.17999208531289079,0.11201459888060442,0.17059835677522028,0.12976303452615653
1193,0.109375,0.390625,-0.12800773855805223,-0.047446666176831617,-0.13090965199154367,-0.047285069792361092
1194,0.140625,0.359375,-0.043795433799647836,-0.19173477316396784,-0.04399590843266462,-0.19560410843656542
1195,0.109375,0.359375,-0.11963827778732448,-0.04438480221927335,-0.12245512929278057,-0.044231310227731004
1196,0.140625,0.390625,-0.046880710127766886,-0.20487473561611927,-0.04703415613019777,-0.2091054763009669
1197,0.109375,0.609375,-0.12800773855805117,-0.047446666176831742,-0.13090965199155274,-0.047285069792362133
1198,0.140625,0.640625,-0.043795433799646802,-0.19173477316396939,-0.043995908432676367,-0.1956041084365624
1199,0.109375,0.640625,-0.11963827778732347,-0.044384802219273697,-0.12245512929278944,-0.044231310227736749
1200,0.140625,0.609375,-0.046880710127766116,-0.20487473561612049,-0.047034156130208046,-0.2091054763009578
1201,0.890625,0.390625,-0.13704376908623694,0.069538766900758775,-0.13549080417327594,-0.03110325134136601
1202,0.859375,0.359375,-0.06460598492922337,0.19217731268802643,-0.14337974180995022,0.13992903287396091
1203,0.890625,0.359375,-0.12869670302647268,0.064822151335327913,-0.12674998168441506,-0.02909952736875842
1204,0.859375,0.390625,-0.068556311036525749,0.20523649737102337,-0.15326827076922631,0.14958575850869782
1205,0.890625,0.609375,-0.13704376908623783,0.069538766900756957,-0.13549080417327244,-0.031103251341374153
1206,0.859375,0.640625,-0.064605984929225646,0.19217731268802823,-0.14337974180995808,0.13992903287394656
1207,0.890625,0.640625,-0.12869670302647493,0.064822151335327344,-0.12674998168440996,-0.029099527368769914
1208,0.859375,0.609375,-0.068556311036527734,0.20523649737102315,-0.15326827076923299,0.14958575850868946
1209,0.609375,0.890625,0.11867950008404604,0.072644507258765353,0.11080770863994752,0.084261384917462379
1210,0.640625,0.859375,0.0058123343028270297,0.19922606451039213,-0.015962170860336199,0.19987808383461581
1211,0.640625,0.890625,0.0049842449573494589,0.1311337654903689,-0.010347134652006236,0.12982027461080459
1212,0.609375,0.859375,0.17999208531289002,0.11201459888060447,0.17059835677521965,0.12976303452615129
1213,0.390625,0.890625,0.13584772450544019,-0.014882067535540515,0.13884403032889134,-0.0095123581481636101
1214,0.359375,0.859375,0.088701585982952719,-0.17547024062934408,0.096477670103386703,-0.17573416187937929
1215,0.359375,0.890625,0.057498766239427665,-0.11437243962623317,0.062646178957718679,-0.11411990328821824
1216,0.390625,0.859375,0.20870788752806257,-0.022337099979906575,0.21381113782347333,-0.014639184772209364
1217,0.109375,0.015625,-0.00044980484394863422,-0.0001372601713559521,-0.00049751350699960212,-0.00017718723797839256
1218,0.140625,0.015625,-0.00017210796632930448,-0.00082692801974873487,-0.00018058976800212659,-0.00079334169879937983
1219,0.015625,0.109375,0.00027340135944187919,0.00037015632935709066,0.0004909587449752153,0.00020853517731394788
1220,0.015625,0.140625,0.00049099351518691711,0.00058889935237167322,0.00075663180803165169,0.00032227070553819003
1221,0.890625,0.015625,-0.0068526932563791193,0.0012631523582451256,-0.00061771722877759512,-0.00011273742316881526
1222,0.859375,0.015625,-0.0028824299118159402,0.0063968456143128401,-0.0006328999054383323,0.00065281358644544854
1223,0.984375,0.109375,0.0077127546107439542,-0.023868782486703499,0.00068616988493314611,-0.0002794512795941535
1224,0.984375,0.140625,0.0068538757053702385,-0.03187379347734149,0.00096638393154559199,-0.00035950297485552626
1225,0.984375,0.890625,0.0077127546107409895,-0.023868782486700976,0.0006861698849415193,-0.00027945127958750344
1226,0.984375,0.859375,0.0068538757053689219,-0.031873793477337757,0.00096638393155348465,-0.00035950297485319154
1227,0.890625,0.984375,-0.0068526932563809434,0.0012631523582453574,-0.00061771722877143717,-0.00011273742316322698
1228,0.859375,0.984375,-0.002882429911817001,0.0063968456143134846,-0.00063289990543316185,0.00065281358644724604
1229,0.015625,0.890625,0.00027340135944366119,0.00037015632935656748,0.00049095874498577869,0.00020853517730714985
1230,0.015625,0.859375,0.00049099351518883734,0.00058889935237034377,0.00075663180803560144,0.00032227070553052158
1231,0.109375,0.984375,-0.00044980484394964405,-0.00013726017135528635,-0.00049751350699214943,-0.0001771872379874105
1232,0.140625,0.984375,-0.00017210796633011918,-0.00082692801974739642,-0.00018058976800326381,-0.00079334169880835334
1233,0.484375,0.390625,-0.86311894434676661,0.23099707516529738,-0.89593357756776326,0.19002629264187965
1234,0.515625,0.390625,-0.66528293289173179,-0.59750262331103365,-0.64381062876533945,-0.65139856226302306
1235,0.484375,0.359375,-0.80744024117984992,0.21624484319937071,-0.83808281990522304,0.17775848972500752
1236,0.515625,0.359375,-0.62232395600335155,-0.5588824724777981,-0.60223885935159127,-0.60933572519851797
1237,0.390625,0.484375,0.88969515392807907,-0.092332391908396635,0.91374377002286244,-0.062511856205656344
1238,0.390625,0.515625,0.88969515392808074,-0.092332391908398315,0.91374377002286489,-0.062511856205655747
1239,0.359375,0.484375,0.37899270591271511,-0.74590525206677538,0.41232209011534054,-0.75099565472300955
1240,0.359375,0.515625,0.37899270591271839,-0.7459052520667776,0.4123220901153356,-0.75099565472300389
1241,0.609375,0.484375,0.7547329553623372,0.47651952378796225,0.72886626896030282,0.55453786817777284
1242,0.609375,0.515625,0.7547329553623382,0.47651952378796258,0.72886626896030804,0.55453786817777617
1243,0.640625,0.484375,0.018754462680669961,0.83397388328856703,-0.068300972655909967,0.85395669632977611
1244,0.640625,0.515625,0.018754462680670624,0.83397388328856725,-0.068300972655908621,0.85395669632978033
1245,0.515625,0.609375,-0.66528293289173135,-0.5975026233110371,-0.64381062876534501,-0.65139856226299753
1246,0.484375,0.609375,-0.86311894434677039,0.23099707516529588,-0.89593357756776315,0.19002629264190207
1247,0.515625,0.640625,-0.62232395600334911,-0.55888247247779999,-0.60223885935160548,-0.6093357251985031
1248,0.484375,0.640625,-0.80744024117985247,0.21624484319937007,-0.83808281990523681,0.17775848972501815
1249,0.390625,0.015625,0.0039655529448126368,-0.0010222705716582999,0.0031658108574082258,-0.00022744290118801693
1250,0.359375,0.015625,0.0012913105790404711,-0.0035510561340500123,0.0014206315121948151,-0.0026052599824649262
1251,0.609375,0.015625,0.0057794604143009617,0.0023870991973686481,0.0025637413123355593,0.0019272254228586293
1252,0.640625,0.015625,0.0011399165941416076,0.0064352319545829956,-0.00022219776868894029,0.003001989911892045
1253,0.484375,0.109375,-0.1457624173094583,0.04033654676725193,-0.14988477629003552,0.031812139992577912
1254,0.515625,0.109375,-0.11362092150136759,-0.10052028527159676,-0.10772676034562535,-0.10896702653194686
1255,0.484375,0.140625,-0.22358696005939438,0.060863355362278361,-0.23080707446508369,0.048970546882700326
1256,0.515625,0.140625,-0.1732222493332056,-0.15457725328683267,-0.16587056473278064,-0.16780521960057102
1257,0.015625,0.390625,0.0030980970734108674,0.0022096675334728815,0.0029525490252876206,0.0012585194815968865
1258,0.015625,0.359375,0.0028067454663592496,0.0021081114057853838,0.0027604685465204776,0.0011773859911254367
1259,0.015625,0.609375,0.0030980970734103591,0.0022096675334734965,0.002952549025295243,0.0012585194815965277
1260,0.015625,0.640625,0.0028067454663586689,0.0021081114057856375,0.002760468546529365,0.0011773859911259682
1261,0.109375,0.484375,-0.14112027935369401,-0.052211769620978107,-0.14412077738540768,-0.052056561857394615
1262,0.109375,0.515625,-0.14112027935369367,-0.052211769620977636,-0.14412077738541004,-0.052056561857395225
1263,0.140625,0.484375,-0.051709924182210001,-0.22535740096258416,-0.051781842068712614,-0.23020131398252824
1264,0.140625,0.515625,-0.051709924182209904,-0.22535740096258372,-0.051781842068713335,-0.2302013139825291
1265,0.984375,0.390625,-0.010948238273691752,-0.099558329178734806,0.0030917006371094773,-0.001066121205902378
1266,0.984375,0.359375,-0.0094283958620166638,-0.092836343730716891,0.0029050058737293636,-0.00099081006144756119
1267,0.984375,0.609375,-0.010948238273689442,-0.09955832917873253,0.0030917006371067052,-0.0010661212058929914
1268,0.984375,0.640625,-0.0094283958620147417,-0.092836343730715309,0.0029050058737267342,-0.00099081006143657822
1269,0.890625,0.484375,-0.15046042506836971,0.076986095021525938,-0.1491552595814111,-0.034233264835055448
1270,0.890625,0.515625,-0.15046042506836968,0.07698609502152523,-0.14915525958140957,-0.034233264835055614
1271,0.859375,0.484375,-0.074881502749292658,0.226027569396476,-0.16872293979641634,0.1646811914542812
1272,0.859375,0.515625,-0.074881502749293408,0.22602756939647542,-0.16872293979641534,0.16468119145428131
1273,0.609375,0.984375,0.0057794604143013694,0.0023870991973691932,0.0025637413123303543,0.0019272254228691191
1274,0.640625,0.984375,0.0011399165941417789,0.0064352319545838551,-0.00022219776869507693,0.0030019899119010395
1275,0.390625,0.984375,0.0039655529448114788,-0.001022270571658211,0.0031658108574133367,-0.00022744290118496485
1276,0.359375,0.984375,0.0012913105790401708,-0.0035510561340508597,0.001420631512199423,-0.0026052599824595212
1277,0.515625,0.890625,-0.11362092150136748,-0.10052028527159815,-0.10772676034562734,-0.10896702653195635
1278,0.484375,0.890625,-0.14576241730945755,0.040336546767251708,-0.1498847762900424,0.031812139992570744
1279,0.515625,0.859375,-0.1732222493332069,-0.15457725328683442,-0.16587056473278874,-0.16780521960057729
1280,0.484375,0.859375,-0.22358696005939482,0.060863355362276592,-0.23080707446509202,0.04897054688270016
1281,0.234375,0.140625,0.043468116262092654,0.11117782833208494,0.042739272657946602,0.11402800379570306
1282,0.265625,0.140625,-0.081980874310949206,0.114667490018728,-0.086189212927884437,0.11524982862729874
1283,0.234375,0.109375,0.02828573798016059,0.072247325639400242,0.027754294225452673,0.074044288320021884
1284,0.265625,0.109375,-0.053194010934777811,0.074626601322922009,-0.055966227161778327,0.074840184958444703
1285,0.140625,0.234375,-0.02639625862630976,-0.11670121837231749,-0.026721083947028674,-0.11881928552303998
1286,0.140625,0.265625,-0.031260631839133725,-0.13785142642324277,-0.031579801570211244,-0.14041911190221174
1287,0.109375,0.234375,-0.072367122274593368,-0.02691602304231577,-0.074380046035983,-0.026865270156594963
1288,0.109375,0.265625,-0.085612348272510949,-0.031833034263017985,-0.087902614287482264,-0.031750135760980597
1289,0.359375,0.265625,0.23135738871492692,-0.45562549386861634,0.25150726400596785,-0.45809145736951007
1290,0.359375,0.234375,0.19578668133511987,-0.38569558527747483,0.21281944272844852,-0.38762726917037243
1291,0.390625,0.265625,0.54270648283692502,-0.056913511729510535,0.55735604206305733,-0.038140140605826413
1292,0.390625,0.234375,0.45930957548217727,-0.048272821162888037,0.471621991225746,-0.032275171720011382
1293,0.265625,0.359375,-0.29780604846673409,0.41482562148288316,-0.31299037935202251,0.4185003809907914
1294,0.234375,0.359375,0.15804700931785196,0.40316845235079413,0.15520588640740604,0.41408584483852523
1295,0.265625,0.390625,-0.31835491934583021,0.44332570771298135,-0.33459526584955912,0.44738717999860417
1296,0.234375,0.390625,0.16904751650869618,0.4309275855102922,0.16592114075313483,0.44266926505473531
1297,0.765625,0.140625,0.082042102578789786,-0.094134888667358668,0.098309117711774197,-0.071985856792399674
1298,0.734375,0.140625,-0.034645612868123801,-0.1415633306546108,-0.0088245457497336047,-0.14370437326932145
1299,0.765625,0.109375,0.053855779673402715,-0.064235018882462747,0.063850562992803422,-0.046793592295429683
1300,0.734375,0.109375,-0.024483327335580077,-0.093955249887985148,-0.0057601526174131069,-0.093349354541796201
1301,0.859375,0.234375,-0.041844401517505757,0.12074357163937245,-0.087143513990085464,0.08505979774879259
1302,0.859375,0.265625,-0.048462005676878556,0.14045862314990168,-0.10296569998223115,0.10048777788661664
1303,0.890625,0.234375,-0.083165063055206698,0.039792930803673909,-0.077076060959071921,-0.01767741083379145
1304,0.890625,0.265625,-0.095815266118974174,0.046453235799305062,-0.091046103327764819,-0.02089647555839334
1305,0.640625,0.265625,0.011114185690456945,0.51001830085698496,-0.041667816854299655,0.5209054876506326
1306,0.640625,0.234375,0.0094987167012656054,0.43242620492123623,-0.035257539674814223,0.44079056105920633
1307,0.609375,0.265625,0.46112349555959525,0.29082915153429972,0.44459787989579536,0.33825287123868358
1308,0.609375,0.234375,0.3907758870961982,0.24635212417292651,0.37621674171799169,0.28622540522557222
1309,0.734375,0.359375,-0.11485098631537585,-0.49514724358842144,-0.031888675995666631,-0.52153638615045683
1310,0.765625,0.359375,0.2879018826747442,-0.3186411559563605,0.35680816271405508,-0.26104899591238961
1311,0.734375,0.390625,-0.12286827543462486,-0.52913554552667719,-0.034091556104510021,-0.55753470929534199
1312,0.765625,0.390625,0.30742318428765159,-0.34047795416890936,0.38143224469915954,-0.27906704845679181
1313,0.859375,0.765625,-0.041844401517510232,0.1207435716393713,-0.087143513990088517,0.085059797748798044
1314,0.859375,0.734375,-0.048462005676883496,0.14045862314990282,-0.10296569998222956,0.10048777788661423
1315,0.890625,0.765625,-0.083165063055208668,0.039792930803669566,-0.077076060959074461,-0.017677410833791127
1316,0.890625,0.734375,-0.095815266118978129,0.046453235799302203,-0.091046103327759129,-0.020896475558395876
1317,0.765625,0.859375,0.082042102578787898,-0.094134888667359654,0.098309117711777305,-0.071985856792393138
1318,0.734375,0.859375,-0.034645612868125154,-0.14156333065461144,-0.0088245457497278176,-0.14370437326932498
1319,0.765625,0.890625,0.053855779673402923,-0.064235018882464481,0.063850562992804144,-0.046793592295427261
1320,0.734375,0.890625,-0.024483327335579626,-0.093955249887986328,-0.0057601526174078845,-0.09334935454179949
1321,0.734375,0.640625,-0.11485098631537551,-0.49514724358842716,-0.031888675995671002,-0.52153638615044928
1322,0.765625,0.640625,0.28790188267474864,-0.31864115595636283,0.35680816271404364,-0.26104899591238095
1323,0.734375,0.609375,-0.12286827543462595,-0.52913554552667896,-0.034091556104504546,-0.55753470929532944
1324,0.765625,0.609375,0.30742318428765397,-0.34047795416891025,0.38143224469915826,-0.27906704845677982
1325,0.640625,0.734375,0.011114185690455745,0.51001830085698363,-0.041667816854300016,0.52090548765064626
1326,0.640625,0.765625,0.0094987167012658153,0.43242620492123662,-0.035257539674823229,0.44079056105921521
1327,0.609375,0.734375,0.46112349555959636,0.29082915153430111,0.44459787989580413,0.33825287123870101
1328,0.609375,0.765625,0.39077588709620076,0.24635212417292857,0.37621674171798825,0.28622540522558726
1329,0.140625,0.765625,-0.026396258626308965,-0.11670121837231508,-0.026721083947017988,-0.11881928552303665
1330,0.140625,0.734375,-0.031260631839132177,-0.13785142642324089,-0.031579801570204388,-0.14041911190221712
1331,0.109375,0.765625,-0.072367122274594922,-0.026916023042313518,-0.074380046035978059,-0.026865270156587993
1332,0.109375,0.734375,-0.085612348272511518,-0.031833034263015633,-0.087902614287477532,-0.031750135760983018
1333,0.234375,0.859375,0.043468116262091946,0.11117782833208383,0.042739272657960133,0.11402800379569711
1334,0.265625,0.859375,-0.081980874310951718,0.11466749001872731,-0.086189212927878428,0.11524982862728207
1335,0.234375,0.890625,0.028285737980160999,0.072247325639398258,0.027754294225467362,0.074044288320026519
1336,0.265625,0.890625,-0.053194010934779289,0.074626601322919886,-0.055966227161763853,0.074840184958437486
1337,0.265625,0.640625,-0.2978060484667378,0.41482562148288371,-0.31299037935201268,0.41850038099079395
1338,0.234375,0.640625,0.15804700931784774,0.40316845235079402,0.1552058864074114,0.414085844838531
1339,0.265625,0.609375,-0.31835491934583282,0.44332570771298352,-0.33459526584954985,0.44738717999860206
1340,0.234375,0.609375,0.16904751650869257,0.43092758551029409,0.16592114075314546,0.44266926505473947
1341,0.359375,0.734375,0.2313573887149285,-0.45562549386861578,0.25150726400597712,-0.4580914573695003
1342,0.359375,0.765625,0.19578668133512164,-0.3856955852774745,0.21281944272845446,-0.38762726917035462
1343,0.390625,0.734375,0.54270648283692591,-0.056913511729509959,0.55735604206307487,-0.038140140605829771
1344,0.390625,0.765625,0.45930957548217938,-0.048272821162888488,0.47162199122576809,-0.032275171719999662
1345,0.046875,0.046875,1.7984339319255114e-05,0.0010736240189296738,0.00010143561351364065,0.0010102639905093921
1346,0.078125,0.078125,-0.0053200561437814452,0.0042080163683140539,-0.0054847046788825838,0.0042484544042481372
1347,0.078125,0.046875,-0.0020212385765490683,0.0016439806952232221,-0.002097489950954223,0.0016256257216102259
1348,0.046875,0.078125,0.0001367344367840498,0.0027525433913204432,0.00026532261776873088,0.0026425708787456499
1349,0.953125,0.046875,-0.002806548081245583,-0.011727777030369676,0.00060508802221609576,-0.00096848105860156467
1350,0.921875,0.078125,-0.019099090780854429,-0.0066747687481519052,-0.0025073955244910026,-0.0065957280555175987
1351,0.921875,0.046875,-0.011407817394871437,-0.0052547447216344792,-0.0010209389161650664,-0.002572303952800841
1352,0.953125,0.078125,-0.0075207804787421079,-0.017067618542598421,0.0015562340629617383,-0.002314493497361948
1353,0.953125,0.953125,-0.0028065480812487012,-0.01172777703036877,0.00060508802222456999,-0.00096848105859255885
1354,0.921875,0.921875,-0.019099090780854977,-0.0066747687481482987,-0.0025073955244767831,-0.0065957280555222937
1355,0.953125,0.921875,-0.0075207804787445964,-0.017067618542595295,0.0015562340629752137,-0.0023144934973580492
1356,0.921875,0.953125,-0.011407817394873706,-0.0052547447216325311,-0.0010209389161527948,-0.0025723039527970836
1357,0.046875,0.953125,1.7984339319539933e-05,0.0010736240189297105,0.00010143561352852008,0.0010102639905017084
1358,0.078125,0.921875,-0.0053200561437814296,0.0042080163683137104,-0.0054847046788823938,0.0042484544042285435
1359,0.046875,0.921875,0.00013673443678484807,0.0027525433913198655,0.00026532261777921815,0.0026425708787308536
1360,0.078125,0.953125,-0.0020212385765493212,0.001643980695223518,-0.0020974899509452363,0.0016256257215948901
1361,0.453125,0.453125,-0.29461901834977822,0.90714418120304763,-0.34558783916851116,0.91394740742880021
1362,0.421875,0.421875,0.56346640969416384,0.69714717699266016,0.54669816061646881,0.73614409426815619
1363,0.453125,0.421875,-0.28546648425538762,0.87886067415661295,-0.33477837302777808,0.88535878981007343
1364,0.421875,0.453125,0.58171913956623622,0.71965335529161156,0.56435286191324718,0.75991571926940371
1365,0.546875,0.453125,0.14427068657109945,-0.94187742671149222,0.21389212465369054,-0.95338599739225616
1366,0.578125,0.421875,0.81284553200946708,-0.36956643118510629,0.86135361125620202,-0.31427244794956205
1367,0.546875,0.421875,0.13980829923688856,-0.91249374455311949,0.20720208830430478,-0.92356353865865315
1368,0.578125,0.453125,0.83901874348196193,-0.38136101532667471,0.88916691245897361,-0.32441877366194644
1369,0.546875,0.546875,0.14427068657110254,-0.94187742671149122,0.2138921246536967,-0.95338599739225194
1370,0.578125,0.578125,0.81284553200947374,-0.3695664311851044,0.8613536112561917,-0.31427244794956721
1371,0.578125,0.546875,0.83901874348196681,-0.38136101532667277,0.88916691245897184,-0.32441877366194599
1372,0.546875,0.578125,0.13980829923689264,-0.91249374455311982,0.20720208830430373,-0.92356353865864338
1373,0.453125,0.546875,-0.29461901834978288,0.9071441812030473,-0.3455878391684884,0.91394740742879499
1374,0.421875,0.578125,0.56346640969416228,0.6971471769926596,0.54669816061648624,0.73614409426815597
1375,0.421875,0.546875,0.58171913956623478,0.71965335529161034,0.5643528619132625,0.75991571926939339
1376,0.453125,0.578125,-0.28546648425539323,0.87886067415661262,-0.33477837302775759,0.88535878981008242
1377,0.453125,0.046875,-0.0089110281080351725,0.031186792898892771,-0.011125806794339135,0.029477658834448604
1378,0.421875,0.078125,0.050359570538671822,0.061069863016364072,0.047562659975673986,0.064019755092587921
1379,0.421875,0.046875,0.020158475733917509,0.023587403049463846,0.018206649041267824,0.024489380812703833
1380,0.453125,0.078125,-0.024276182495229462,0.078458200281602608,-0.029103783633491628,0.077021256720750692
1381,0.546875,0.046875,0.0033675159354648976,-0.033360935489536205,0.0068729646864905724,-0.030765687487622564
1382,0.578125,0.078125,0.07270697463096551,-0.035585615374853802,0.074938128152186992,-0.027382539366059742
1383,0.578125,0.046875,0.028951823142450307,-0.015520012645071879,0.028682374988609552,-0.010502686002949414
1384,0.546875,0.078125,0.010852236428786237,-0.082563621546094659,0.017999250033366606,-0.080363068573126584
1385,0.046875,0.453125,0.0028989834658800472,0.03102129925035459,0.0031702453942890241,0.031366031268791492
1386,0.078125,0.421875,-0.061964350458115235,0.046641232513341097,-0.063074975682707174,0.048827062446425741
1387,0.046875,0.421875,0.0027982146011185467,0.030115973769922168,0.0030706503255802991,0.030385689823457095
1388,0.078125,0.453125,-0.064010573591281331,0.048097051456845639,-0.065112194130592257,0.050402884027306291
1389,0.046875,0.546875,0.0028989834658802679,0.031021299250355704,0.0031702453942898017,0.031366031268788459
1390,0.078125,0.578125,-0.061964350458114326,0.046641232513342186,-0.063074975682710699,0.048827062446420801
1391,0.046875,0.578125,0.0027982146011188104,0.030115973769923213,0.0030706503255826852,0.030385689823451922
1392,0.078125,0.546875,-0.064010573591280609,0.048097051456846888,-0.06511219413059556,0.050402884027303779
1393,0.953125,0.453125,-0.081840511149914572,-0.072268053954212708,0.018377492606684417,-0.025351628180674143
1394,0.921875,0.421875,-0.11821264838040067,-0.019381088663995339,-0.02726973917549512,-0.074764473017874894
1395,0.953125,0.421875,-0.078958421940765425,-0.069953515187324219,0.017807904696082334,-0.024557068372300983
1396,0.921875,0.453125,-0.12216480297795436,-0.019873626181175778,-0.028152826374756884,-0.077176737686167507
1397,0.953125,0.546875,-0.081840511149911643,-0.07226805395421286,0.018377492606687054,-0.025351628180669446
1398,0.921875,0.578125,-0.11821264838039808,-0.019381088663997743,-0.027269739175487955,-0.074764473017874214
1399,0.953125,0.578125,-0.078958421940761581,-0.069953515187324386,0.017807904696086705,-0.024557068372294551
1400,0.921875,0.546875,-0.12216480297795237,-0.019873626181177322,-0.028152826374752058,-0.077176737686165786
1401,0.546875,0.953125,0.0033675159354654895,-0.033360935489536246,0.0068729646864978426,-0.030765687487618511
1402,0.578125,0.921875,0.072706974630966231,-0.035585615374855224,0.074938128152197719,-0.027382539366057161
1403,0.578125,0.953125,0.028951823142451195,-0.015520012645072327,0.028682374988615873,-0.010502686002940199
1404,0.546875,0.921875,0.010852236428786835,-0.082563621546095686,0.017999250033375696,-0.080363068573129609
1405,0.453125,0.953125,-0.0089110281080359392,0.031186792898895185,-0.011125806794335738,0.029477658834443237
1406,0.421875,0.921875,0.050359570538672828,0.061069863016366889,0.047562659975671558,0.064019755092581551
1407,0.421875,0.953125,0.020158475733916766,0.023587403049466254,0.018206649041271741,0.024489380812699479
1408,0.453125,0.921875,-0.02427618249522856,0.078458200281605023,-0.029103783633494459,0.07702125672074267
1409,0.203125,0.203125,0.17012595832170649,0.034751059267869762,0.17386241539999206,0.037274648181476945
1410,0.171875,0.171875,0.072444210641303242,-0.074602107353918784,0.074798845543233197,-0.075514900889667294
1411,0.203125,0.171875,0.13150877439684214,0.026826562736526206,0.13441678465589121,0.028816630350334604
1412,0.171875,0.203125,0.093719111942182617,-0.096420357606662982,0.096749190829141699,-0.097674281574205241
1413,0.296875,0.296875,-0.48005300865545497,-0.023914463150481746,-0.49066206517135752,-0.035373074109838976
1414,0.328125,0.328125,-0.30015805993690914,-0.51818500297092962,-0.29254765166845631,-0.53765117128528739
1415,0.328125,0.296875,-0.26904038878664049,-0.46458049201307894,-0.26226693181466465,-0.48200173444576239
1416,0.296875,0.328125,-0.53552172795896036,-0.026784309996193412,-0.54731151438307002,-0.039459136718964352
1417,0.296875,0.203125,-0.28861048301754683,-0.014176781264725635,-0.29499063989913665,-0.02126244239590731
1418,0.328125,0.171875,-0.12518205648893316,-0.21612720694411483,-0.12190596361796401,-0.22403865770277043
1419,0.296875,0.171875,-0.2231795490120182,-0.010887578362197087,-0.22806463334053251,-0.016436850733672907
1420,0.328125,0.203125,-0.16178632749718153,-0.2794315629688337,-0.15767783275413011,-0.28978352015591641
1421,0.203125,0.296875,0.28316901412104284,0.058017109012159999,0.28919026292554684,0.062005077493438567
1422,0.171875,0.328125,0.17394587671196871,-0.17836643238377847,0.17950318284567549,-0.18121281818624815
1423,0.171875,0.296875,0.15592115097882295,-0.16001609636459183,0.16092393521929599,-0.16245815475259584
1424,0.203125,0.328125,0.3159583931432125,0.064771898360150265,0.3225797357015926,0.069165269644258676
1425,0.796875,0.203125,0.17702412930190317,0.019541348523923804,0.16590375159719928,0.064050513055041475
1426,0.828125,0.171875,0.057860415281541462,0.095319131748488689,0.021389610188243438,0.10417105881219609
1427,0.796875,0.171875,0.13919830080959852,0.01448553486308406,0.12830305577882245,0.049511591626248325
1428,0.828125,0.203125,0.07238595190785177,0.12088783267108882,0.027629548402484688,0.13469863678467098
1429,0.703125,0.296875,-0.44641521792364508,-0.17399280406159695,-0.42941319508807302,-0.23991533205945548
1430,0.671875,0.328125,-0.48842241548472437,0.34046256973103206,-0.53979982749198352,0.28843622322825729
1431,0.671875,0.296875,-0.43832056511949058,0.30552309194762134,-0.48393596538825273,0.2585858541969554
1432,0.703125,0.328125,-0.49744544177929689,-0.19385967569435317,-0.47898258505696867,-0.26761033001453699
1433,0.703125,0.203125,-0.271112264385099,-0.10508334760930514,-0.25821111519536827,-0.14424952025396379
1434,0.671875,0.171875,-0.20590922844736556,0.14501856093295665,-0.22497593390671813,0.12023876034520888
1435,0.703125,0.171875,-0.21137575531126795,-0.081151546864008564,-0.19965781636919749,-0.11152256972932366
1436,0.671875,0.203125,-0.26527845502505165,0.18567219554834441,-0.29097737707436844,0.15549398914377202
1437,0.796875,0.296875,0.28771558814674059,0.032772492724377607,0.27583895011333842,0.10653173067463242
1438,0.828125,0.328125,0.12962483159114629,0.21609754912707302,0.051196889153600371,0.24977374818483783
1439,0.828125,0.296875,0.11640284490628697,0.19465984430739891,0.045899620724589182,0.22393656620762828
1440,0.796875,0.328125,0.32001216362043944,0.036324198673922982,0.30767088048209784,0.11882611553345308
1441,0.796875,0.796875,0.17702412930190017,0.019541348523926853,0.16590375159720744,0.064050513055059627
1442,0.828125,0.828125,0.05786041528153836,0.095319131748486566,0.021389610188232999,0.10417105881221088
1443,0.828125,0.796875,0.072385951907847509,0.1208878326710891,0.027629548402481628,0.13469863678468738
1444,0.796875,0.828125,0.13919830080959497,0.014485534863084144,0.12830305577882309,0.049511591626265804
1445,0.703125,0.703125,-0.44641521792364569,-0.17399280406160411,-0.42941319508807546,-0.23991533205945612
1446,0.671875,0.671875,-0.48842241548473148,0.34046256973102651,-0.53979982749198452,0.28843622322824591
1447,0.703125,0.671875,-0.49744544177929995,-0.19385967569436188,-0.47898258505697294,-0.26761033001454226
1448,0.671875,0.703125,-0.43832056511949563,0.30552309194761834,-0.48393596538825751,0.25858585419695512
1449,0.796875,0.703125,0.28771558814674525,0.032772492724382443,0.27583895011333498,0.1065317306746299
1450,0.828125,0.671875,0.12962483159114691,0.21609754912707782,0.051196889153587007,0.24977374818482653
1451,0.828125,0.703125,0.11640284490628651,0.1946598443074046,0.045899620724584284,0.22393656620762017
1452,0.796875,0.671875,0.32001216362044449,0.036324198673926007,0.30767088048208296,0.11882611553345039
1453,0.703125,0.796875,-0.27111226438509939,-0.10508334760930448,-0.25821111519537071,-0.14424952025397336
1454,0.671875,0.828125,-0.20590922844736659,0.14501856093295715,-0.22497593390672743,0.12023876034519912
1455,0.703125,0.828125,-0.21137575531126923,-0.081151546864008051,-0.19965781636919813,-0.11152256972933487
1456,0.671875,0.796875,-0.26527845502505248,0.18567219554834516,-0.29097737707437937,0.1554939891437658
1457,0.203125,0.796875,0.17012595832170843,0.034751059267870102,0.17386241540000352,0.037274648181469326
1458,0.171875,0.828125,0.072444210641303741,-0.074602107353917924,0.07479884554324355,-0.075514900889657538
1459,0.171875,0.796875,0.093719111942184269,-0.09642035760666158,0.09674919082915498,-0.097674281574201813
1460,0.203125,0.828125,0.13150877439684283,0.026826562736526213,0.13441678465590565,0.028816630350333154
1461,0.296875,0.703125,-0.48005300865545564,-0.02391446315048204,-0.49066206517135424,-0.035373074109826916
1462,0.328125,0.671875,-0.30015805993690842,-0.51818500297092973,-0.29254765166845315,-0.53765117128528739
1463,0.296875,0.671875,-0.53552172795896102,-0.026784309996193672,-0.54731151438306203,-0.03945913671895971
1464,0.328125,0.703125,-0.26904038878663994,-0.46458049201307844,-0.26226693181466026,-0.48200173444575217
1465,0.203125,0.703125,0.28316901412104439,0.058017109012157619,0.28919026292554534,0.062005077493437609
1466,0.171875,0.671875,0.17394587671196954,-0.17836643238378047,0.17950318284566802,-0.1812128181862466
1467,0.171875,0.703125,0.15592115097882514,-0.16001609636459296,0.1609239352192951,-0.16245815475260114
1468,0.203125,0.671875,0.3159583931432115,0.064771898360147753,0.32257973570158821,0.069165269644264157
1469,0.296875,0.796875,-0.28861048301754821,-0.014176781264724049,-0.29499063989916041,-0.021262442395911872
1470,0.328125,0.828125,-0.1251820564889346,-0.21612720694411289,-0.12190596361798396,-0.2240386577027742
1471,0.296875,0.828125,-0.22317954901202111,-0.010887578362195602,-0.22806463334054988,-0.016436850733688266
1472,0.328125,0.796875,-0.16178632749718214,-0.27943156296883193,-0.1576778327541497,-0.28978352015590891
1473,0.203125,0.046875,0.012875551813442028,0.0025092321539018731,0.013133015704064419,0.0028115380417097794
1474,0.171875,0.078125,0.018452944087622884,-0.019162424988271851,0.01910422361389023,-0.019289991082509613
1475,0.171875,0.046875,0.0070315323189675157,-0.0074186124839266772,0.0073059844716113244,-0.0073797116896846954
1476,0.203125,0.078125,0.033592324936631758,0.006764624189144231,0.034333876402900192,0.0073573983397391346
1477,0.296875,0.046875,-0.022106873719637682,-0.00069686462882069197,-0.022285919812367213,-0.0015983553867282142
1478,0.328125,0.078125,-0.032496156944942893,-0.055450011572695072,-0.031146859048087405,-0.057226938381313736
1479,0.328125,0.046875,-0.012833242555402828,-0.021376028649752087,-0.011920469657848619,-0.021889838282392216
1480,0.296875,0.078125,-0.057248186799145832,-0.0024800728882055502,-0.05825722944615442,-0.0041922150550322392
1481,0.046875,0.203125,0.0010490720315381149,0.013653895101072988,0.0013479178473045975,0.013384632327407034
1482,0.078125,0.171875,-0.020936367701738821,0.016221744541723149,-0.021473411714122734,0.016628757214489327
1483,0.046875,0.171875,0.00076689924034960917,0.01059755667563219,0.0010413210712555043,0.010348015550316067
1484,0.078125,0.203125,-0.027093062723405559,0.020912684568028431,-0.027774681285797811,0.021507532192335393
1485,0.046875,0.296875,0.0019487226972649944,0.022415195223872673,0.002246179117981098,0.022260480756307637
1486,0.078125,0.328125,-0.050451636892396991,0.038339534268027164,-0.051532106155516587,0.039896729777646391
1487,0.046875,0.328125,0.0022184868871636364,0.02488754224125668,0.002506633321991436,0.02482923962880371
1488,0.078125,0.296875,-0.045174295784658661,0.034466260268130079,-0.046197958905070773,0.035768826342280208
1489,0.796875,0.046875,0.019804516735537198,-0.00069502365031181917,0.012637528858637361,0.0048110331913547412
1490,0.828125,0.078125,0.020360274193138843,0.02839930387036383,0.0055484432395694885,0.02667998357172344
1491,0.828125,0.046875,0.010959801460571529,0.013756875314351911,0.0021690982964755199,0.010255006264519089
1492,0.796875,0.078125,0.041532729631729104,0.0011946560648176067,0.032871972408071333,0.012613169180360794
1493,0.703125,0.046875,-0.025753286236700867,-0.0070205854064170148,-0.019588749796663498,-0.010885840377219227
1494,0.671875,0.078125,-0.054220092522115092,0.041545727889003493,-0.05749511820821835,0.03078237339051864
1495,0.671875,0.046875,-0.022024849519188511,0.018700138856852271,-0.02201446481050158,0.011816830253656662
1496,0.703125,0.078125,-0.058906686225363804,-0.019590449735957471,-0.051078227959965854,-0.028471775852519653
1497,0.953125,0.203125,-0.03221438430388919,-0.038698387587233568,0.0078978439721102012,-0.010938843232159327
1498,0.921875,0.171875,-0.046511647530971215,-0.012603473229428612,-0.0093773718499575824,-0.025562017577098112
1499,0.953125,0.171875,-0.025044147452525256,-0.03347369144371657,0.0061096380951940338,-0.0085153507809482103
1500,0.921875,0.203125,-0.056621947958234477,-0.014118767070040499,-0.012074543427248263,-0.033022234633055279
1501,0.953125,0.296875,-0.05545179978202535,-0.053643690698276875,0.013087228779456462,-0.018022070186835278
1502,0.921875,0.328125,-0.096716777163353362,-0.017453103233010202,-0.022279547855894335,-0.061111017554043162
1503,0.953125,0.328125,-0.062735697342413355,-0.058352165561088659,0.014580982672965962,-0.020079980120497481
1504,0.921875,0.296875,-0.087283081757582801,-0.01681908787050811,-0.01998112674465876,-0.05480599610325617
1505,0.953125,0.796875,-0.032214384303884756,-0.038698387587233499,0.007897843972110713,-0.010938843232162329
1506,0.921875,0.828125,-0.046511647530966385,-0.012603473229429412,-0.0093773718499618065,-0.025562017577109256
1507,0.953125,0.828125,-0.025044147452521308,-0.033473691443714204,0.0061096380951972083,-0.0085153507809552186
1508,0.921875,0.796875,-0.056621947958230723,-0.014118767070043756,-0.012074543427252591,-0.03302223463306049
1509,0.953125,0.703125,-0.055451799782024205,-0.053643690698279352,0.01308722877946404,-0.018022070186826066
1510,0.921875,0.671875,-0.096716777163354709,-0.017453103233012284,-0.022279547855880991,-0.061111017554043572
1511,0.953125,0.671875,-0.06273569734241205,-0.058352165561090054,0.014580982672974502,-0.020079980120487815
1512,0.921875,0.703125,-0.087283081757584646,-0.01681908787051143,-0.019981126744646503,-0.054805996103255261
1513,0.796875,0.953125,0.019804516735538472,-0.00069502365031108061,0.012637528858636607,0.0048110331913526769
1514,0.828125,0.921875,0.020360274193140439,0.028399303870363293,0.005548443239564888,0.026679983571717591
1515,0.828125,0.953125,0.010959801460572363,0.013756875314352735,0.0021690982964764436,0.010255006264514754
1516,0.796875,0.921875,0.041532729631730658,0.0011946560648167604,0.032871972408067426,0.012613169180359571
1517,0.703125,0.953125,-0.025753286236699573,-0.0070205854064160174,-0.019588749796661982,-0.010885840377214887
1518,0.671875,0.921875,-0.05422009252211421,0.04154572788900323,-0.057495118208212154,0.030782373390521089
1519,0.671875,0.953125,-0.022024849519187595,0.018700138856852993,-0.02201446481049997,0.011816830253664347
1520,0.703125,0.921875,-0.058906686225362465,-0.019590449735957676,-0.051078227959960407,-0.028471775852519653
1521,0.046875,0.796875,0.0010490720315366481,0.013653895101070805,0.0013479178472980487,0.013384632327410252
1522,0.078125,0.828125,-0.020936367701740968,0.016221744541721598,-0.021473411714134676,0.016628757214493559
1523,0.046875,0.828125,0.0007668992403490829,0.01059755667562955,0.0010413210712471488,0.010348015550313366
1524,0.078125,0.796875,-0.027093062723408286,0.020912684568027886,-0.027774681285803939,0.021507532192344421
1525,0.046875,0.703125,0.0019487226972636253,0.022415195223872975,0.0022461791179878019,0.022260480756305139
1526,0.078125,0.671875,-0.050451636892396956,0.038339534268028143,-0.051532106155514984,0.039896729777636045
1527,0.046875,0.671875,0.0022184868871629793,0.024887542241257207,0.0025066333219992349,0.024829239628797909
1528,0.078125,0.703125,-0.045174295784659577,0.034466260268131509,-0.046197958905066824,0.035768826342273435
1529,0.203125,0.953125,0.012875551813444491,0.0025092321539025015,0.01313301570405632,0.0028115380417211254
1530,0.171875,0.921875,0.01845294408762458,-0.019162424988271351,0.019104223613880048,-0.019289991082500037
1531,0.171875,0.953125,0.0070315323189689017,-0.0074186124839252573,0.0073059844715995283,-0.0073797116896819311
1532,0.203125,0.921875,0.033592324936634173,0.0067646241891435978,0.034333876402899408,0.0073573983397544826
1533,0.296875,0.953125,-0.022106873719637432,-0.00069686462882298571,-0.022285919812358036,-0.0015983553867211298
1534,0.328125,0.921875,-0.032496156944944711,-0.055450011572696689,-0.031146859048077683,-0.057226938381320445
1535,0.328125,0.953125,-0.012833242555403463,-0.021376028649753957,-0.011920469657838984,-0.021889838282389797
1536,0.296875,0.921875,-0.057248186799147241,-0.0024800728882080933,-0.058257229446141062,-0.0041922150550351821
1537,0.453125,0.296875,-0.20931296067046323,0.64423256396188455,-0.24521439547996077,0.64849215550746009
1538,0.421875,0.328125,0.46022435372879972,0.56957155191610109,0.44666174726592006,0.6014433476360278
1539,0.453125,0.328125,-0.23342086934926587,0.71842360714710518,-0.2735242973841111,0.72336103718061406
1540,0.421875,0.296875,0.41258485080915391,0.51063028960978185,0.40043034552211476,0.53919094062470629
1541,0.546875,0.296875,0.10268906285616966,-0.66893850450549597,0.15177140609586134,-0.67647652374620448
1542,0.578125,0.328125,0.66448714285905541,-0.30241628144575478,0.70375050160669794,-0.25677382080394301
1543,0.546875,0.328125,0.11444744705754153,-0.74590163677189725,0.16929227118422416,-0.75457509039103787
1544,0.578125,0.296875,0.59595303308309933,-0.27130701095471815,0.63091356570838797,-0.23019923816868137
1545,0.453125,0.203125,-0.1259060348766699,0.38810097435260238,-0.14742649625568294,0.38988995200915244
1546,0.421875,0.171875,0.19230256436875731,0.23774470693475624,0.18613159655285605,0.2506245281929797
1547,0.453125,0.171875,-0.097285253033365021,0.3005862265493971,-0.11397794219125926,0.30144055011565396
1548,0.421875,0.203125,0.2483422028074658,0.30726467495521653,0.24074688480397505,0.32416886398424549
1549,0.546875,0.203125,0.061722437915857707,-0.40357443440186358,0.091247040726691875,-0.40672461842395358
1550,0.578125,0.171875,0.27859969111067284,-0.12779298991964927,0.29328076264111075,-0.10702392206827317
1551,0.546875,0.171875,0.047491580613122572,-0.31294915550931202,0.070542081597605943,-0.31446248265928334
1552,0.578125,0.203125,0.35948468316018473,-0.16419111922317195,0.3793310116260577,-0.13841373820521255
1553,0.296875,0.453125,-0.67690341107070862,-0.034186318558521403,-0.69152208889347189,-0.04986255167723691
1554,0.328125,0.421875,-0.36765174468942413,-0.63412745362239387,-0.35807064280375445,-0.65806338237107387
1555,0.328125,0.453125,-0.37959620532173555,-0.65458045896426498,-0.3696345176514812,-0.67931343316640125
1556,0.296875,0.421875,-0.65567049479895922,-0.03306821042005282,-0.66988940498306393,-0.048301818840369416
1557,0.296875,0.546875,-0.67690341107070318,-0.034186318558522055,-0.69152208889347566,-0.049862551677245591
1558,0.328125,0.578125,-0.36765174468941625,-0.6341274536223982,-0.35807064280376827,-0.65806338237108852
1559,0.328125,0.546875,-0.37959620532172716,-0.65458045896426786,-0.36963451765148914,-0.67931343316640924
1560,0.296875,0.578125,-0.65567049479895489,-0.033068210420053701,-0.66988940498306015,-0.04830181884038362
1561,0.203125,0.453125,0.39961128672889601,0.081999280131230368,0.40757936689292967,0.087393458487242101
1562,0.171875,0.421875,0.2130146716157667,-0.21795716980512936,0.21970489513113572,-0.22179170750991375
1563,0.171875,0.453125,0.21992206574339346,-0.22492330314367787,0.2267997180332755,-0.2289526441453765
1564,0.203125,0.421875,0.38704516375398063,0.079410338020110022,0.39482873231661519,0.084659005318510394
1565,0.203125,0.546875,0.39961128672889495,0.081999280131232796,0.40757936689294322,0.087393458487248304
1566,0.171875,0.578125,0.21301467161576643,-0.21795716980512847,0.21970489513113689,-0.22179170750990099
1567,0.171875,0.546875,0.21992206574339299,-0.22492330314367645,0.22679971803328186,-0.22895264414536926
1568,0.203125,0.578125,0.38704516375397935,0.079410338020112325,0.39482873231662602,0.084659005318521025
1569,0.703125,0.453125,-0.62780251071139703,-0.24497215510944631,-0.60517431712960035,-0.33812094351905508
1570,0.671875,0.421875,-0.59703415635742096,0.41613786977207556,-0.66067952207900194,0.35302663952450386
1571,0.671875,0.453125,-0.616239318376959,0.4294682247046025,-0.68201265009810863,0.36442490821606865
1572,0.703125,0.421875,-0.60822275866412878,-0.23722203930688543,-0.58624458445016903,-0.32754249656718132
1573,0.703125,0.546875,-0.6278025107113997,-0.24497215510944484,-0.60517431712959213,-0.33812094351905242
1574,0.671875,0.578125,-0.59703415635742607,0.41613786977207812,-0.66067952207899472,0.35302663952449448
1575,0.671875,0.546875,-0.61623931837696078,0.42946822470460411,-0.6820126500981033,0.36442490821606571
1576,0.703125,0.578125,-0.60822275866413344,-0.23722203930688426,-0.58624458445015881,-0.32754249656718176
1577,0.796875,0.453125,0.40310731476951234,0.045537343105194833,0.38871702799685492,0.15012688239210151
1578,0.828125,0.421875,0.15879931472797973,0.26330066914290129,0.062667044444550582,0.30569379681909797
1579,0.828125,0.453125,0.1640044639210059,0.2718045666352315,0.064691823021239173,0.31556544339378401
1580,0.796875,0.421875,0.39054899698863577,0.044098831124403146,0.37655832452965921,0.14543056161505552
1581,0.796875,0.546875,0.40310731476951067,0.045537343105194708,0.38871702799685826,0.15012688239211114
1582,0.828125,0.578125,0.15879931472797795,0.26330066914290123,0.062667044444544795,0.30569379681910186
1583,0.828125,0.546875,0.16400446392100368,0.271804566635231,0.064691823021238437,0.31556544339378856
1584,0.796875,0.578125,0.39054899698863577,0.044098831124403957,0.37655832452965593,0.1454305616150659
1585,0.546875,0.703125,0.10268906285617287,-0.66893850450549419,0.15177140609586551,-0.6764765237462057
1586,0.578125,0.671875,0.66448714285906052,-0.30241628144575355,0.70375050160670716,-0.25677382080394184
1587,0.546875,0.671875,0.11444744705754624,-0.74590163677189625,0.16929227118422088,-0.75457509039103543
1588,0.578125,0.703125,0.59595303308310299,-0.27130701095471654,0.63091356570840118,-0.23019923816867438
1589,0.453125,0.703125,-0.2093129606704684,0.64423256396188666,-0.24521439547996232,0.64849215550742545
1590,0.421875,0.671875,0.46022435372879511,0.56957155191610587,0.44666174726592367,0.60144334763600804
1591,0.453125,0.671875,-0.23342086934927153,0.7184236071471084,-0.2735242973841171,0.7233610371805943
1592,0.421875,0.703125,0.41258485080915036,0.51063028960978429,0.40043034552212448,0.53919094062467754
1593,0.546875,0.796875,0.061722437915856902,-0.40357443440186186,0.09124704072669089,-0.40672461842394569
1594,0.578125,0.828125,0.2785996911106724,-0.1277929899196478,0.29328076264110536,-0.10702392206827227
1595,0.546875,0.828125,0.047491580613120928,-0.31294915550931129,0.070542081597601322,-0.31446248265928323
1596,0.578125,0.796875,0.35948468316018639,-0.16419111922316937,0.37933101162605309,-0.13841373820520173
1597,0.453125,0.796875,-0.12590603487667121,0.38810097435259927,-0.14742649625567295,0.38988995200916465
1598,0.421875,0.828125,0.19230256436875975,0.23774470693475508,0.18613159655285844,0.25062452819299857
1599,0.453125,0.828125,-0.097285253033364841,0.30058622654939493,-0.11397794219125934,0.30144055011566862
1600,0.421875,0.796875,0.24834220280746719,0.30726467495521431,0.2407468848039917,0.3241688639842627
1601,0.046875,0.015625,-4.3638605743414031e-05,0.00013190015452007684,1.1336992445447766e-05,0.00010915339617900227
1602,0.078125,0.015625,-0.00022131915287674543,0.00022796558069540388,-0.00022756613148720305,0.00017775722160518688
1603,0.015625,0.046875,-4.5010927552325758e-06,5.5808536407842086e-05,0.00010213864100482721,4.2420587466785793e-05
1604,0.015625,0.078125,0.00010559857036093897,0.00018931065750173255,0.0002676671968133727,0.00011306319811483417
1605,0.953125,0.015625,0.0017179084453084823,-0.0068901573827244954,0.00010813424621348582,-0.00019113676731368642
1606,0.921875,0.015625,-0.0047107313812122529,-0.0050401137712486055,-0.00015910198531117166,-0.00035671821117273946
1607,0.984375,0.046875,0.0074711660055020966,-0.0092064080330826713,0.00024567667995073239,-0.00011652821090049345
1608,0.984375,0.078125,0.0078721934080909235,-0.016319392795397087,0.00043974816911869052,-0.0001995881775561675
1609,0.984375,0.953125,0.007471166005499426,-0.0092064080330837086,0.00024567667995091958,-0.00011652821089031943
1610,0.984375,0.921875,0.0078721934080874072,-0.016319392795396397,0.00043974816912418303,-0.00019958817754603793
1611,0.953125,0.984375,0.0017179084453063734,-0.0068901573827257626,0.00010813424621342429,-0.00019113676730402816
1612,0.921875,0.984375,-0.0047107313812145991,-0.0050401137712490227,-0.00015910198530678029,-0.00035671821116367911
1613,0.015625,0.953125,-4.5010927547545731e-06,5.5808536408134224e-05,0.00010213864101784101,4.2420587470547405e-05
1614,0.015625,0.921875,0.00010559857036213033,0.00018931065750181516,0.00026766719682785872,0.0001130631981124279
1615,0.046875,0.984375,-4.3638605743586778e-05,0.00013190015452017433,1.1336992458281553e-05,0.00010915339618195865
1616,0.078125,0.984375,-0.00022131915287739066,0.00022796558069560405,-0.00022756613147396581,0.00017775722160093605
1617,0.484375,0.453125,-0.93530440795318648,0.25006709074939742,-0.9709603288969445,0.20593562797919324
1618,0.515625,0.453125,-0.7210051481081694,-0.64762272697660439,-0.69772553908281132,-0.70595074714032946
1619,0.484375,0.421875,-0.90608720438404344,0.24235618984680507,-0.94058788526239456,0.19949529395406479
1620,0.515625,0.421875,-0.6984473433255115,-0.62732947504777925,-0.67589956287252939,-0.68386674024381555
1621,0.453125,0.484375,-0.29924408852554518,0.92144928908476365,-0.35105686827528537,0.92841193711612113
1622,0.453125,0.515625,-0.29924408852554696,0.92144928908476387,-0.3510568682752761,0.92841193711611858
1623,0.421875,0.484375,0.59095937795531794,0.73103784227388779,0.57328545102329087,0.77194309346978274
1624,0.421875,0.515625,0.59095937795531761,0.73103784227388713,0.57328545102329831,0.77194309346978118
1625,0.546875,0.484375,0.14652634568168516,-0.95673954306662889,0.21727695971848626,-0.96847478409055099
1626,0.546875,0.515625,0.14652634568168627,-0.95673954306662801,0.21727695971849154,-0.9684747840905501
1627,0.578125,0.484375,0.85225785827717848,-0.38731881049604822,0.9032391799630336,-0.32955221509377391
1628,0.578125,0.515625,0.85225785827718004,-0.38731881049604722,0.90323917996303771,-0.32955221509377436
1629,0.515625,0.546875,-0.72100514810816974,-0.64762272697660417,-0.69772553908279855,-0.70595074714031036
1630,0.484375,0.546875,-0.93530440795319114,0.25006709074939731,-0.97096032889693051,0.20593562797920892
1631,0.515625,0.578125,-0.69844734332551273,-0.62732947504778092,-0.67589956287252462,-0.68386674024378902
1632,0.484375,0.578125,-0.90608720438404955,0.24235618984680449,-0.94058788526238202,0.19949529395408913
1633,0.453125,0.015625,-0.00087874424207976085,0.0049061259173032315,-0.0012083690227751012,0.0032286441704665308
1634,0.421875,0.015625,0.003221937054553451,0.0030975428319767483,0.0019966967684226437,0.0026705914569254605
1635,0.546875,0.015625,2.2823305175934255e-05,-0.0059291783688737616,0.00074343230091763318,-0.0033812194726009753
1636,0.578125,0.015625,0.0050829888066557553,-0.0035104377618931002,0.0031511920451945579,-0.0011686022918827115
1637,0.484375,0.046875,-0.031523231188293345,0.0099624094513457336,-0.031307549973335305,0.0066653186190511237
1638,0.515625,0.046875,-0.025816548489755776,-0.021214333599137498,-0.022522268992252806,-0.022751307671491902
1639,0.484375,0.078125,-0.08021026144643878,0.023030489593729005,-0.081816652970607945,0.017378933640572358
1640,0.515625,0.078125,-0.063373109772263778,-0.054960155920173746,-0.058818133413904426,-0.059474720845927101
1641,0.015625,0.453125,0.0034956525177642652,0.0023234329779869786,0.003202021045858107,0.001363578670064239
1642,0.015625,0.421875,0.0033320423778396635,0.002279828560267743,0.003100979806391587,0.0013210699767719012
1643,0.015625,0.546875,0.0034956525177638506,0.0023234329779876542,0.0032020210458610977,0.0013635786700636466
1644,0.015625,0.578125,0.0033320423778392064,0.002279828560268508,0.0031009798063969495,0.0013210699767712058
1645,0.046875,0.484375,0.0029497258129024995,0.031477496041978942,0.0032206424952910882,0.031862015416107739
1646,0.046875,0.515625,0.0029497258129026001,0.031477496041979421,0.0032206424952912482,0.031862015416106684
1647,0.078125,0.484375,-0.065047578535859282,0.048832942503293911,-0.066142956669340433,0.051200165953813485
1648,0.078125,0.515625,-0.065047578535858963,0.048832942503294473,-0.066142956669341391,0.051200165953812257
1649,0.984375,0.453125,-0.012634091933280089,-0.1086025111462913,0.0033391085382037358,-0.001168728245600902
1650,0.984375,0.421875,-0.011996815183249847,-0.10489597941635227,0.0032381301592128279,-0.0011265160161018216
1651,0.984375,0.546875,-0.012634091933278023,-0.10860251114628966,0.0033391085382019378,-0.0011687282455961083
1652,0.984375,0.578125,-0.011996815183247359,-0.10489597941635007,0.0032381301592102839,-0.0011265160160944985
1653,0.953125,0.484375,-0.083295944169099079,-0.073475800424991924,0.018665776721016086,-0.025754241346347889
1654,0.953125,0.515625,-0.083295944169097913,-0.073475800424991883,0.018665776721016967,-0.025754241346346199
1655,0.921875,0.484375,-0.12418232376617548,-0.020147427990239143,-0.028599904054142752,-0.078397665170259048
1656,0.921875,0.515625,-0.12418232376617469,-0.02014742799023965,-0.028599904054141159,-0.078397665170258729
1657,0.546875,0.984375,2.2823305175949271e-05,-0.005929178368873184,0.00074343230091829064,-0.0033812194725936825
1658,0.578125,0.984375,0.0050829888066562688,-0.0035104377618926262,0.0031511920451919601,-0.0011686022918727824
1659,0.453125,0.984375,-0.00087874424208171295,0.0049061259173041718,-0.0012083690227702021,0.0032286441704670681
1660,0.421875,0.984375,0.003221937054551669,0.0030975428319775593,0.0019966967684277586,0.002670591456926775
1661,0.515625,0.953125,-0.025816548489755703,-0.021214333599136881,-0.022522268992246686,-0.022751307671493179
1662,0.484375,0.953125,-0.031523231188293886,0.0099624094513472601,-0.031307549973330996,0.0066653186190465934
1663,0.515625,0.921875,-0.063373109772263125,-0.054960155920174093,-0.058818133413900235,-0.059474720845934317
1664,0.484375,0.921875,-0.080210261446438183,0.023030489593730108,-0.081816652970608486,0.017378933640563872
1665,0.234375,0.203125,0.077936710081971131,0.19941408970889019,0.07670304344734255,0.20464918004632501
1666,0.265625,0.203125,-0.14719798115494415,0.20543157779077217,-0.15468697467642575,0.20683645276593235
1667,0.234375,0.171875,0.060265949609493455,0.15420432473014037,0.059301182625898778,0.15821849025076201
1668,0.265625,0.171875,-0.11378687083732378,0.15892803096349209,-0.11959162248771026,0.15991114403497086
1669,0.203125,0.234375,0.20913868566083962,0.042771348906026123,0.2136924829733432,0.045815403824892721
1670,0.203125,0.265625,0.24721492491048455,0.050610230435072276,0.25254010648336878,0.054145760243383384
1671,0.171875,0.234375,0.11519839215837918,-0.11841933561824633,0.11891313855646787,-0.12004903300646405
1672,0.171875,0.265625,0.13614896885706176,-0.13984053031120924,0.14053007290313618,-0.14187117418825262
1673,0.296875,0.265625,-0.4191918397644106,-0.020791897013050946,-0.42847985954003159,-0.030888401473741556
1674,0.296875,0.234375,-0.35470454236461724,-0.017512529421275371,-0.3625688305591751,-0.02613531032314366
1675,0.328125,0.265625,-0.23492043769992654,-0.40573550894153315,-0.22902923297395425,-0.42091695756465264
1676,0.328125,0.234375,-0.19879086767109375,-0.34336607960816173,-0.1937988496696037,-0.35616908916956075
1677,0.265625,0.296875,-0.24483632510950237,0.34125607710430989,-0.25729275519424477,0.34402887270018739
1678,0.234375,0.296875,0.12976626920849102,0.3315402868942976,0.12758336413053761,0.34039713245659164
1679,0.265625,0.328125,-0.27308765428708798,0.38050954584064406,-0.28699770314797601,0.38374654489406174
1680,0.234375,0.328125,0.14483452183363685,0.36975271217945693,0.14231485789208198,0.37969720073920554
1681,0.765625,0.203125,0.14506135933557066,-0.16127141323882593,0.1763921193374938,-0.12907306859502221
1682,0.734375,0.203125,-0.057821226860880121,-0.24847191955991732,-0.015772991501599849,-0.25781494988760056
1683,0.765625,0.171875,0.11292304940276693,-0.12689231911846843,0.13638810727347669,-0.099824044645288657
1684,0.734375,0.171875,-0.045858903957284709,-0.19381661413853055,-0.012211334259639262,-0.19935119644559327
1685,0.796875,0.234375,0.2151681028146917,0.024350222559199313,0.20387007091724493,0.078726036322064971
1686,0.796875,0.265625,0.25243223673087661,0.028777489091091051,0.24090088499356266,0.093035117159506256
1687,0.828125,0.234375,0.087294496946073011,0.14644425281192225,0.033934480631627295,0.16551946512012383
1688,0.828125,0.265625,0.10212985312057911,0.1712485331028373,0.04008884422233449,0.19557809983186805
1689,0.703125,0.265625,-0.39055141030200624,-0.15219604240670123,-0.3750047006373165,-0.20951554674309159
1690,0.703125,0.234375,-0.33150562860400218,-0.12901595551878009,-0.31733611158204666,-0.17729147662490563
1691,0.671875,0.265625,-0.38335641140061694,0.2672736709901144,-0.42261640288967617,0.22582173727198634
1692,0.671875,0.234375,-0.32508813666728609,0.22688958451388441,-0.35761951940582537,0.19109550201762562
1693,0.734375,0.296875,-0.094303236349098832,-0.40802310813438869,-0.026211017949026829,-0.42874127136493562
1694,0.765625,0.296875,0.23778289992356824,-0.26272365783476248,0.29333113965862057,-0.21460462443068345
1695,0.734375,0.328125,-0.10522443563153046,-0.4544095473584569,-0.029238541624761728,-0.47822976577684967
1696,0.765625,0.328125,0.26449219978421618,-0.29247260102086592,0.32718451156248252,-0.23937331535770187
1697,0.796875,0.765625,0.2151681028146912,0.024350222559204621,0.20387007091725659,0.078726036322076642
1698,0.796875,0.734375,0.25243223673087922,0.028777489091096942,0.24090088499357037,0.093035117159509462
1699,0.828125,0.765625,0.087294496946069167,0.14644425281192527,0.033934480631630043,0.16551946512013493
1700,0.828125,0.734375,0.10212985312057685,0.17124853310284216,0.040088844222336724,0.19557809983186872
1701,0.765625,0.796875,0.1450613593355696,-0.1612714132388223,0.17639211933750737,-0.12907306859501425
1702,0.734375,0.796875,-0.057821226860880176,-0.24847191955991502,-0.01577299150159105,-0.25781494988760489
1703,0.765625,0.828125,0.11292304940276439,-0.12689231911846724,0.13638810727348527,-0.099824044645279761
1704,0.734375,0.828125,-0.045858903957286527,-0.19381661413852966,-0.012211334259632204,-0.19935119644559776
1705,0.734375,0.703125,-0.094303236349094335,-0.40802310813439385,-0.026211017949029098,-0.42874127136493395
1706,0.765625,0.703125,0.23778289992357532,-0.26272365783476226,0.2933311396586214,-0.21460462443068504
1707,0.734375,0.671875,-0.10522443563152759,-0.45440954735846406,-0.029238541624769687,-0.4782297657768439
1708,0.765625,0.671875,0.26449219978422273,-0.29247260102086808,0.32718451156247114,-0.23937331535769765
1709,0.703125,0.734375,-0.39055141030200519,-0.15219604240670576,-0.37500470063732022,-0.20951554674309486
1710,0.703125,0.765625,-0.33150562860400129,-0.12901595551878131,-0.31733611158204889,-0.17729147662491251
1711,0.671875,0.734375,-0.38335641140061844,0.26727367099011051,-0.42261640288968028,0.22582173727198895
1712,0.671875,0.765625,-0.32508813666728675,0.2268895845138833,-0.35761951940583309,0.19109550201762571
1713,0.203125,0.765625,0.20913868566084312,0.042771348906026095,0.21369248297334922,0.045815403824881938
1714,0.203125,0.734375,0.24721492491048788,0.050610230435070985,0.25254010648337122,0.054145760243375682
1715,0.171875,0.765625,0.11519839215838205,-0.11841933561824497,0.11891313855648025,-0.12004903300646771
1716,0.171875,0.734375,0.13614896885706473,-0.13984053031120877,0.14053007290314365,-0.14187117418826062
1717,0.234375,0.796875,0.07793671008197188,0.19941408970889013,0.076703043447343411,0.20464918004631086
1718,0.265625,0.796875,-0.14719798115494484,0.20543157779077303,-0.15468697467643963,0.20683645276591953
1719,0.234375,0.828125,0.0602659496094929,0.15420432473014029,0.059301182625906612,0.15821849025074902
1720,0.265625,0.828125,-0.11378687083732615,0.15892803096349281,-0.11959162248771631,0.15991114403495191
1721,0.265625,0.703125,-0.24483632510950357,0.34125607710430889,-0.2572927551942446,0.34402887270019822
1722,0.234375,0.703125,0.12976626920849083,0.33154028689429527,0.12758336413053636,0.3403971324565947
1723,0.265625,0.671875,-0.27308765428709142,0.38050954584064428,-0.28699770314796835,0.38374654489406979
1724,0.234375,0.671875,0.14483452183363382,0.36975271217945516,0.14231485789208378,0.3796972007392117
1725,0.296875,0.734375,-0.41919183976441077,-0.020791897013051071,-0.42847985954003637,-0.030888401473728365
1726,0.296875,0.765625,-0.35470454236461768,-0.017512529421274726,-0.36256883055919259,-0.026135310323137026
1727,0.328125,0.734375,-0.23492043769992602,-0.4057355089415331,-0.22902923297395439,-0.42091695756463676
1728,0.328125,0.765625,-0.19879086767109355,-0.34336607960816157,-0.19379884966961516,-0.35616908916954665
1729,0.203125,0.015625,0.0014909328367101043,0.00016370213841986284,0.0014301114100016916,0.00030219756585916441
1730,0.171875,0.015625,0.00076714465316059699,-0.0009488351742555389,0.0007931808022198049,-0.00080516492200735255
1731,0.296875,0.015625,-0.00277139380553426,0.00020301279053348172,-0.0024293391676175101,-0.00016790502737316852
1732,0.328125,0.015625,-0.0018767150995131535,-0.002642800805708073,-0.0013052771462786284,-0.0023839128938670591
1733,0.234375,0.046875,0.0060536716206599185,0.015187317752701941,0.0057977207536559546,0.015457227321103491
1734,0.265625,0.046875,-0.0110278791347647,0.015947198067246707,-0.011680961751716247,0.015629083766832492
1735,0.234375,0.078125,0.015524963787720796,0.039495462240198044,0.015150166210793618,0.040412628417803083
1736,0.265625,0.078125,-0.02897619838665598,0.040948304328607701,-0.030544402085882938,0.040850367567122507
1737,0.015625,0.203125,0.0010569043665033802,0.0010908150542257309,0.0013597314884644758,0.00058057538618916848
1738,0.015625,0.171875,0.00075380922690146987,0.00083362177423219961,0.0010505436379981098,0.00044816343128527026
1739,0.015625,0.296875,0.0021158012414706183,0.0017954973440421531,0.002266360449007947,0.00096775051689128777
1740,0.015625,0.328125,0.0024736440593413349,0.0019707205192999945,0.0025296922450138305,0.001079632427938247
1741,0.046875,0.234375,0.0013500451315712947,0.016712991665012125,0.0016578650880572771,0.016450502001360213
1742,0.046875,0.265625,0.0016549208638825684,0.019664774202291083,0.0019604671404443003,0.01944030631581321
1743,0.078125,0.234375,-0.033318807024553455,0.025622235638582392,-0.0341373219108475,0.026433398151872199
1744,0.078125,0.265625,-0.039407684505296227,0.030187293207208758,-0.040343088251371485,0.031237249490292773
1745,0.796875,0.015625,0.0068915912033692388,5.2316554679244693e-05,0.0014496789264031658,0.00053255309092653568
1746,0.828125,0.015625,0.0036366914844309143,0.0058162427149539616,0.00026821833806024237,0.0011873911450897212
1747,0.703125,0.015625,-0.0065720990052752504,-0.0013368766251209531,-0.0021893345314724323,-0.0011977832008972684
1748,0.671875,0.015625,-0.0047941200793939053,0.0047516132703897566,-0.0024351963608889846,0.0013244430396608731
1749,0.765625,0.046875,0.012667793747973811,-0.018477218123173496,0.013358545291169014,-0.0098473095199428755
1750,0.734375,0.046875,-0.0082067574687692529,-0.023239911880872877,-0.0012478561791561362,-0.019548116970739604
1751,0.765625,0.078125,0.030064893578165709,-0.038525852605650612,0.034864171220579748,-0.025594232284494672
1752,0.734375,0.078125,-0.015608963550301769,-0.053543593777570758,-0.0031774828634931768,-0.05098761364651639
1753,0.984375,0.203125,0.0030988416313619356,-0.049150983952587206,0.0015697049227151904,-0.00052938941715974263
1754,0.984375,0.171875,0.0052820240454136804,-0.040320932221446303,0.0012649978101513496,-0.00044231397264963304
1755,0.984375,0.296875,-0.0049955816436973565,-0.076450868204621408,0.0024339336881911752,-0.00081148368069199192
1756,0.984375,0.328125,-0.0074240547933764819,-0.085026744861795012,0.0026838079382763779,-0.00090451896607424587
1757,0.953125,0.234375,-0.03985881794143184,-0.043788293971888451,0.009696358350499661,-0.013383387751350243
1758,0.953125,0.265625,-0.047712501350251263,-0.048770311630021324,0.011443837930537082,-0.015768496211137996
1759,0.921875,0.234375,-0.066944487564148808,-0.015267935082088225,-0.014800463737729632,-0.040548855535368376
1760,0.921875,0.265625,-0.077255447895462612,-0.016128274157185374,-0.017463565625766852,-0.047885754045574151
1761,0.984375,0.796875,0.0030988416313641829,-0.049150983952584278,0.0015697049227166456,-0.00052938941715906479
1762,0.984375,0.828125,0.0052820240454143595,-0.040320932221442465,0.0012649978101563107,-0.00044231397264969777
1763,0.984375,0.703125,-0.0049955816436951508,-0.076450868204621353,0.0024339336881887921,-0.00081148368068135427
1764,0.984375,0.671875,-0.0074240547933746102,-0.085026744861794346,0.0026838079382739454,-0.0009045189660626216
1765,0.953125,0.765625,-0.039858817941428183,-0.043788293971890276,0.0096963583505011632,-0.013383387751347803
1766,0.953125,0.734375,-0.047712501350249029,-0.048770311630024023,0.011443837930541786,-0.01576849621113097
1767,0.921875,0.765625,-0.066944487564147198,-0.015267935082092766,-0.01480046373772902,-0.040548855535368813
1768,0.921875,0.734375,-0.077255447895463222,-0.016128274157189811,-0.017463565625759136,-0.047885754045572097
1769,0.796875,0.984375,0.0068915912033692414,5.2316554680580654e-05,0.0014496789264040522,0.00053255309092581653
1770,0.828125,0.984375,0.0036366914844305075,0.0058162427149549487,0.00026821833806314407,0.0011873911450893174
1771,0.703125,0.984375,-0.0065720990052751706,-0.0013368766251193971,-0.0021893345314758705,-0.0011977832008936192
1772,0.671875,0.984375,-0.0047941200793938836,0.0047516132703910013,-0.0024351963608943007,0.0013244430396671684
1773,0.765625,0.953125,0.012667793747975366,-0.018477218123172611,0.01335854529116876,-0.009847309519942787
1774,0.734375,0.953125,-0.0082067574687676864,-0.023239911880871857,-0.0012478561791551272,-0.019548116970737682
1775,0.765625,0.921875,0.030064893578167363,-0.038525852605651285,0.034864171220579374,-0.025594232284494152
1776,0.734375,0.921875,-0.015608963550300083,-0.053543593777571154,-0.0031774828634895075,-0.050987613646516876
1777,0.015625,0.796875,0.0010569043665040881,0.0010908150542234885,0.0013597314884605319,0.00058057538618781182
1778,0.015625,0.828125,0.00075380922690297745,0.00083362177423021129,0.001050543637996377,0.00044816343128002738
1779,0.015625,0.703125,0.002115801241469783,0.0017954973440413456,0.0022663604490135545,0.00096775051689420471
1780,0.015625,0.671875,0.0024736440593405985,0.0019707205192997681,0.0025296922450221155,0.0010796324279400056
1781,0.046875,0.765625,0.0013500451315693065,0.016712991665010848,0.0016578650880555927,0.016450502001364813
1782,0.046875,0.734375,0.0016549208638806418,0.01966477420229075,0.0019604671404476913,0.019440306315815149
1783,0.078125,0.765625,-0.033318807024556127,0.025622235638583023,-0.034137321910846938,0.026433398151878989
1784,0.078125,0.734375,-0.039407684505298204,0.030187293207210121,-0.040343088251367738,0.031237249490293093
1785,0.203125,0.984375,0.0014909328367112733,0.00016370213842167852,0.0014301114099906256,0.00030219756586127416
1786,0.171875,0.984375,0.00076714465316060014,-0.00094883517425367733,0.00079318080221156648,-0.00080516492201178011
1787,0.296875,0.984375,-0.0027713938055328258,0.00020301279053250808,-0.0024293391676180041,-0.00016790502736328488
1788,0.328125,0.984375,-0.0018767150995125401,-0.0026428008057094092,-0.0013052771462757407,-0.0023839128938591375
1789,0.234375,0.953125,0.0060536716206625067,0.015187317752701329,0.0057977207536549606,0.015457227321117883
1790,0.265625,0.953125,-0.011027879134763085,0.015947198067244914,-0.011680961751710633,0.015629083766844618
1791,0.234375,0.921875,0.015524963787722668,0.039495462240196177,0.015150166210802597,0.040412628417816281
1792,0.265625,0.921875,-0.028976198386655782,0.040948304328605072,-0.030544402085868724,0.040850367567127267
1793,0.484375,0.296875,-0.66391018106742772,0.17806886408588132,-0.68894363368261802,0.14612988808131938
1794,0.515625,0.296875,-0.51165808453008332,-0.45945856501801069,-0.49506806724532987,-0.50090016557372696
1795,0.484375,0.328125,-0.74045091715326161,0.19845045211744783,-0.76848302947627234,0.16299851269794668
1796,0.515625,0.328125,-0.57065969223281221,-0.51245769074375969,-0.55222452465640082,-0.55873097299599361
1797,0.484375,0.203125,-0.39979297578005546,0.10761065460829693,-0.41420972344803098,0.087862923164447521
1798,0.515625,0.203125,-0.30839631063404083,-0.27670583987408331,-0.29765167730723197,-0.30115235857954814
1799,0.484375,0.171875,-0.30952338976855165,0.083613404921988738,-0.32024184611982731,0.067935263961525008
1800,0.515625,0.171875,-0.23909765673865105,-0.21418184206249313,-0.23013171331058341,-0.23283147072020541
1801,0.453125,0.265625,-0.18283238246193123,0.56280154415306261,-0.21413908144902671,0.56631090463765166
1802,0.453125,0.234375,-0.15474287906874612,0.47651815262733438,-0.18119977361454004,0.4792018281223035
1803,0.421875,0.265625,0.36033559854918479,0.44596670181249737,0.34968408928893407,0.47085889561368199
1804,0.421875,0.234375,0.30500560906291313,0.37746633509290645,0.29589536034686609,0.39842973408847149
1805,0.546875,0.265625,0.089744108573865652,-0.58452381567121203,0.13253866328589711,-0.59075115499695885
1806,0.546875,0.234375,0.075957860623581924,-0.49513581820689306,0.11215152178047368,-0.49988644233231011
1807,0.578125,0.265625,0.52077056302449964,-0.23718070265307492,0.55096320373383634,-0.20102946531080138
1808,0.578125,0.234375,0.44112516208510449,-0.20108254650580909,0.46621889788918314,-0.1701116621766455
1809,0.296875,0.484375,-0.68765115095429818,-0.034752966004029905,-0.70246735485906109,-0.050652238044199431
1810,0.296875,0.515625,-0.68765115095429541,-0.034752966004030356,-0.7024673548590662,-0.050652238044203581
1811,0.328125,0.484375,-0.38564464531512416,-0.66492790802934587,-0.37548541427911286,-0.6900650355490745
1812,0.328125,0.515625,-0.38564464531511988,-0.66492790802934676,-0.3754854142791163,-0.69006503554907184
1813,0.203125,0.484375,0.40597148579269721,0.083310271751334652,0.41403066406726763,0.088776998339597374
1814,0.203125,0.515625,0.40597148579269682,0.083310271751335693,0.41403066406727312,0.088776998339599345
1815,0.171875,0.484375,0.2234185384410253,-0.22844484145207439,0.23038940426545096,-0.23257571714739261
1816,0.171875,0.515625,0.22341853844102505,-0.22844484145207367,0.23038940426545548,-0.2325757171473922
1817,0.265625,0.453125,-0.34502045275284327,0.48025745739307341,-0.36261496940063453,0.48485029564731696
1818,0.234375,0.453125,0.18333411692530083,0.46690891681161167,0.179818219016738,0.47973917355537943
1819,0.265625,0.421875,-0.33422250544172605,0.46531062097892856,-0.35127192540474927,0.46968443616804684
1820,0.234375,0.421875,0.17754839668008007,0.45234531616638729,0.17419232546400362,0.4647324570380833
1821,0.265625,0.546875,-0.34502045275284121,0.48025745739307579,-0.3626149694006271,0.48485029564731091
1822,0.234375,0.546875,0.18333411692529961,0.46690891681161467,0.17981821901675055,0.47973917355537732
1823,0.265625,0.578125,-0.33422250544172577,0.46531062097893133,-0.35127192540473878,0.46968443616804112
1824,0.234375,0.578125,0.17754839668007791,0.4523453161663904,0.17419232546401806,0.46473245703808264
1825,0.703125,0.484375,-0.63770976791852152,-0.24890868144834044,-0.61475193355396041,-0.34347345716698918
1826,0.703125,0.515625,-0.63770976791852241,-0.24890868144834005,-0.61475193355395652,-0.34347345716698696
1827,0.671875,0.484375,-0.6259610351937559,0.43620635904931371,-0.69280634701888433,0.37019180589225503
1828,0.671875,0.515625,-0.62596103519375657,0.43620635904931382,-0.69280634701888599,0.37019180589225892
1829,0.796875,0.484375,0.40947544416344545,0.046278170155003205,0.39486898664523573,0.15250324633927445
1830,0.796875,0.515625,0.40947544416344445,0.04627817015500283,0.3948689866452389,0.15250324633927856
1831,0.828125,0.484375,0.16664212218018465,0.27613234408977982,0.065716269006204656,0.3205604983943689
1832,0.828125,0.515625,0.16664212218018348,0.27613234408977949,0.065716269006205474,0.32056049839437034
1833,0.734375,0.453125,-0.13323164540191573,-0.5734138238826012,-0.036947753544837002,-0.60422470676425111
1834,0.765625,0.453125,0.33288042121429268,-0.36889038578211042,0.41336970899043241,-0.30243631682593497
1835,0.734375,0.421875,-0.12904530122394353,-0.55546030074519637,-0.03579166711500395,-0.58532303638412608
1836,0.765625,0.421875,0.32255168094646086,-0.35737784531559807,0.40044033888354258,-0.29297573575553432
1837,0.734375,0.546875,-0.13323164540191737,-0.57341382388260032,-0.036947753544827232,-0.60422470676424156
1838,0.765625,0.546875,0.3328804212142914,-0.36889038578211014,0.41336970899044218,-0.30243631682592426
1839,0.734375,0.578125,-0.12904530122394486,-0.55546030074519603,-0.035791667114992862,-0.58532303638411542
1840,0.765625,0.578125,0.32255168094646158,-0.35737784531559807,0.40044033888355068,-0.29297573575552177
1841,0.515625,0.703125,-0.51165808453008299,-0.45945856501800952,-0.4950680672453413,-0.50090016557374106
1842,0.484375,0.703125,-0.66391018106743194,0.17806886408588246,-0.68894363368262979,0.14612988808129451
1843,0.515625,0.671875,-0.57065969223281132,-0.51245769074376035,-0.55222452465641214,-0.55873097299599306
1844,0.484375,0.671875,-0.74045091715326505,0.19845045211744874,-0.76848302947629199,0.16299851269793644
1845,0.515625,0.796875,-0.30839631063404332,-0.27670583987408337,-0.29765167730723202,-0.30115235857954037
1846,0.484375,0.796875,-0.39979297578005851,0.10761065460829465,-0.41420972344802909,0.087862923164455389
1847,0.515625,0.828125,-0.23909765673865344,-0.21418184206249405,-0.23013171331059076,-0.23283147072020421
1848,0.484375,0.828125,-0.30952338976855381,0.083613404921986489,-0.32024184611983175,0.067935263961533043
1849,0.546875,0.734375,0.089744108573867054,-0.58452381567120981,0.13253866328590469,-0.5907511549969573
1850,0.546875,0.765625,0.07595786062358198,-0.49513581820689073,0.1121515217804792,-0.49988644233229995
1851,0.578125,0.734375,0.52077056302450275,-0.23718070265307273,0.55096320373385266,-0.20102946531078889
1852,0.578125,0.765625,0.44112516208510699,-0.20108254650580612,0.46621889788918536,-0.17011166217662901
1853,0.453125,0.734375,-0.18283238246193498,0.56280154415306183,-0.21413908144901894,0.56631090463762546
1854,0.453125,0.765625,-0.15474287906874862,0.47651815262733177,-0.18119977361452619,0.47920182812229845
1855,0.421875,0.734375,0.36033559854918296,0.44596670181249676,0.34968408928895151,0.47085889561366051
1856,0.421875,0.765625,0.30500560906291307,0.37746633509290489,0.29589536034689157,0.39842973408847543
1857,0.109375,0.078125,-0.011530459567473011,-0.004281284831633766,-0.011949933274600396,-0.0043138766704549558
1858,0.140625,0.078125,-0.0042069442226420834,-0.018799406684177015,-0.0042936890362473583,-0.019089234028672419
1859,0.109375,0.046875,-0.004370323732025381,-0.0016180420307448224,-0.0045706811285363483,-0.0016485590216996796
1860,0.140625,0.046875,-0.0016025027064150894,-0.0072187572123735225,-0.0016432666798366288,-0.0073007534385164325
1861,0.078125,0.109375,-0.0097776748369086501,0.0076535307747603804,-0.010049398812032855,0.0077830470962625617
1862,0.078125,0.140625,-0.015078723715548999,0.011733592112589251,-0.015476034675888897,0.011985008841914113
1863,0.046875,0.109375,0.00030419009184192396,0.0050036993081338139,0.00048654451050289738,0.0048424044387577417
1864,0.046875,0.140625,0.00051585785001961751,0.0076683768090058746,0.000749890294422091,0.0074576928151363388
1865,0.171875,0.140625,0.052191768323688416,-0.053814189494561397,0.053907295665387503,-0.054424307952183816
1866,0.171875,0.109375,0.033865088740788814,-0.034994220324952939,0.035004308298451303,-0.035341304992933288
1867,0.203125,0.140625,0.094768250282928443,0.019298674255138714,0.096874370511993699,0.020766942558523575
1868,0.203125,0.109375,0.061535518807482169,0.012492735777336735,0.062905863942321519,0.013483651546615065
1869,0.140625,0.171875,-0.016542970765555894,-0.073462401568566163,-0.016807321402200107,-0.074739478482887589
1870,0.109375,0.171875,-0.045430272181796676,-0.016889583554380846,-0.04678578171724606,-0.016897133638370403
1871,0.140625,0.203125,-0.021434197341880044,-0.094988086924147688,-0.021739950486607991,-0.096672687036218397
1872,0.109375,0.203125,-0.058820368121343482,-0.021876238784432241,-0.060515865015147378,-0.021856964211580947
1873,0.890625,0.078125,-0.021094889770333705,0.01111576322688938,-0.01251692439010612,-0.0027749279383583372
1874,0.859375,0.078125,-0.0072565677666717289,0.028158315485131029,-0.014022617147704065,0.013806892169474111
1875,0.890625,0.046875,-0.012423398532816848,0.0062587449252585279,-0.0048608767137036327,-0.0010357609180333205
1876,0.859375,0.046875,-0.003531174174254539,0.01534507114620944,-0.0053824122446819141,0.0053527782190094485
1877,0.921875,0.109375,-0.02760950460688669,-0.0086587528528753125,-0.0044797282947643983,-0.01201624109047821
1878,0.921875,0.140625,-0.036792053241026669,-0.010735437694226801,-0.0068093114826968306,-0.018454377541566435
1879,0.953125,0.109375,-0.012699863756196663,-0.022592086338453176,0.0028545751582999008,-0.0040990207161369805
1880,0.953125,0.140625,-0.01852008038170223,-0.028095810619165551,0.0044020207270289626,-0.0062023817661834143
1881,0.828125,0.140625,0.044120758090537525,0.070623820724637354,0.015452430913138741,0.075110390958307308
1882,0.828125,0.109375,0.031516105712564822,0.047880133764682198,0.010077933693637901,0.04880926973402297
1883,0.796875,0.140625,0.10300270836827831,0.0094415142514024664,0.092513282821377385,0.035670026209158164
1884,0.796875,0.109375,0.06989679618585426,0.004819745652151596,0.060124441621485669,0.023144764493165885
1885,0.859375,0.171875,-0.027321797858571095,0.080785517947215071,-0.054838594571058268,0.053581592805432628
1886,0.890625,0.171875,-0.056955881518698577,0.027132411372815614,-0.048562036280720325,-0.011092190010754219
1887,0.859375,0.203125,-0.034736874004919475,0.10067305218042591,-0.070915892186203769,0.069244272370204848
1888,0.890625,0.203125,-0.07011298903607481,0.033292371881931362,-0.062751684856902745,-0.014371341077866443
1889,0.921875,0.890625,-0.027609504606884626,-0.008658752852871713,-0.004479728294754984,-0.012016241090489965
1890,0.921875,0.859375,-0.036792053241022464,-0.010735437694224935,-0.0068093114826951913,-0.01845437754158042
1891,0.953125,0.890625,-0.012699863756197093,-0.022592086338448832,0.0028545751583128986,-0.0040990207161396112
1892,0.953125,0.859375,-0.018520080381700128,-0.028095810619161506,0.0044020207270373543,-0.0062023817661904608
1893,0.890625,0.921875,-0.021094889770332713,0.011115763226891765,-0.012516924390098058,-0.0027749279383686306
1894,0.859375,0.921875,-0.0072565677666701252,0.028158315485131667,-0.014022617147704133,0.013806892169464003
1895,0.890625,0.953125,-0.012423398532817818,0.0062587449252604222,-0.0048608767136932036,-0.0010357609180352148
1896,0.859375,0.953125,-0.0035311741742544245,0.015345071146210741,-0.005382412244676507,0.0053527782190046285
1897,0.859375,0.828125,-0.027321797858571705,0.080785517947211241,-0.054838594571074505,0.05358159280543643
1898,0.890625,0.828125,-0.056955881518695788,0.027132411372812186,-0.048562036280733238,-0.011092190010761553
1899,0.859375,0.796875,-0.034736874004922404,0.10067305218042283,-0.070915892186214108,0.069244272370212259
1900,0.890625,0.796875,-0.070112989036074255,0.033292371881926699,-0.062751684856912751,-0.014371341077868045
1901,0.828125,0.859375,0.044120758090536602,0.070623820724634315,0.015452430913124983,0.075110390958314163
1902,0.828125,0.890625,0.031516105712565828,0.047880133764679957,0.010077933693627014,0.048809269734021152
1903,0.796875,0.859375,0.10300270836827624,0.0094415142514004784,0.092513282821372556,0.035670026209169828
1904,0.796875,0.890625,0.069896796185854523,0.0048197456521494007,0.060124441621479514,0.023144764493169635
1905,0.078125,0.890625,-0.0097776748369089415,0.0076535307747590941,-0.010049398812041562,0.0077830470962471174
1906,0.078125,0.859375,-0.015078723715550149,0.01173359211258742,-0.015476034675902438,0.011985008841908527
1907,0.046875,0.890625,0.00030419009184282975,0.0050036993081322562,0.00048654451050526989,0.0048424044387422706
1908,0.046875,0.859375,0.00051585785002002322,0.0076683768090034686,0.0007498902944170203,0.0074576928151260449
1909,0.109375,0.921875,-0.01153045956747327,-0.0042812848316333358,-0.01194993327461066,-0.0043138766704692647
1910,0.140625,0.921875,-0.0042069442226416445,-0.018799406684176106,-0.0042936890362618094,-0.019089234028674566
1911,0.109375,0.953125,-0.004370323732025839,-0.0016180420307438527,-0.004570681128537351,-0.0016485590217148794
1912,0.140625,0.953125,-0.0016025027064149441,-0.0072187572123720073,-0.0016432666798459692,-0.0073007534385242413
1913,0.140625,0.828125,-0.016542970765556872,-0.073462401568565011,-0.01680732140219994,-0.074739478482872615
1914,0.109375,0.828125,-0.045430272181798931,-0.01688958355438067,-0.04678578171725508,-0.01689713363835843
1915,0.140625,0.796875,-0.021434197341880321,-0.094988086924145718,-0.021739950486600219,-0.096672687036207114
1916,0.109375,0.796875,-0.058820368121345633,-0.021876238784430929,-0.060515865015148058,-0.021856964211567988
1917,0.171875,0.859375,0.052191768323688749,-0.053814189494561279,0.053907295665390986,-0.054424307952170063
1918,0.171875,0.890625,0.033865088740789855,-0.034994220324953029,0.035004308298447001,-0.035341304992919688
1919,0.203125,0.859375,0.094768250282928845,0.019298674255137958,0.096874370512006314,0.020766942558529983
1920,0.203125,0.890625,0.061535518807483619,0.012492735777335612,0.062905863942328985,0.013483651546628114
1921,0.421875,0.390625,0.5366522132349445,0.6640494189285957,0.52074223271572018,0.70119453295825518
1922,0.421875,0.359375,0.50194460664505147,0.62116377987589388,0.48711627800453694,0.65591663535149036
1923,0.453125,0.390625,-0.27198759969195624,0.83725688641403528,-0.31888574661768543,0.84332703071425708
1924,0.453125,0.359375,-0.25449539911659569,0.7833299559713095,-0.29829605326583242,0.78887368690379822
1925,0.390625,0.421875,0.84840931887548754,-0.088159059082934088,0.87136891801522387,-0.059614645104763685
1926,0.359375,0.421875,0.36147282862514069,-0.71143723503737122,0.39320183839154504,-0.71616989245928198
1927,0.390625,0.453125,0.87582313100482001,-0.090930454702781743,0.89950706726616436,-0.061538480541358812
1928,0.359375,0.453125,0.37310814213913429,-0.73432611996344932,0.40589828345399787,-0.73929524544962988
1929,0.359375,0.328125,0.29545101669915613,-0.5816322914814277,0.3212565995470128,-0.58513036345749114
1930,0.390625,0.328125,0.69314008478075884,-0.072383821395552689,0.71192675392350335,-0.048712295343206709
1931,0.359375,0.296875,0.26490346143862403,-0.52157888652215512,0.28800592577758299,-0.52456872278063804
1932,0.390625,0.296875,0.62141404943056533,-0.06503051487817825,0.63823982776067067,-0.043672703397021818
1933,0.328125,0.359375,-0.32742065740465015,-0.56508160472227975,-0.31904482513795951,-0.58634624644401023
1934,0.328125,0.390625,-0.35011212056131796,-0.60405252328037395,-0.34106956508751068,-0.62682117750877153
1935,0.296875,0.359375,-0.58408364912126876,-0.029314147764597384,-0.59688198898506462,-0.043034915801791786
1936,0.296875,0.390625,-0.62447308361123477,-0.031428983440945975,-0.63808493249726339,-0.046007310192267371
1937,0.578125,0.390625,0.77435448195449208,-0.35218641223484731,0.82046183819080654,-0.29935450343513231
1938,0.578125,0.359375,0.7244815351145274,-0.32961756883190663,0.76748561426929618,-0.28002715757015828
1939,0.546875,0.390625,0.13323914671672191,-0.8692770835521012,0.1973661494868745,-0.87971776992993145
1940,0.546875,0.359375,0.12471656852510389,-0.81327491851504086,0.18462330824836976,-0.8229144928922898
1941,0.609375,0.421875,0.71980557225786146,0.45428823053891587,0.69506653300328347,0.52881904252279144
1942,0.640625,0.421875,0.017862478440504689,0.79533807178529137,-0.065133993906557774,0.81435497466887863
1943,0.609375,0.453125,0.74300124723919125,0.4690437464861304,0.71751060877261141,0.54589700337110947
1944,0.640625,0.453125,0.018458234313033926,0.82099071722980232,-0.067236911893130288,0.84065166400227476
1945,0.640625,0.328125,0.014367354528919216,0.65022882861309317,-0.053219812964187437,0.6653503918401148
1946,0.609375,0.328125,0.58832452207074692,0.37108568787103652,0.56788785035804468,0.43205456116602364
1947,0.640625,0.296875,0.012775579667742572,0.58333046192225313,-0.04771334438276191,0.59648973133520578
1948,0.609375,0.296875,0.52763247026067917,0.33279826286815617,0.50911238093694977,0.38733700651098352
1949,0.671875,0.359375,-0.53230548753091333,0.37107355702786093,-0.58868329393574903,0.3145569432074774
1950,0.671875,0.390625,-0.56882040867787298,0.39651622026275862,-0.62931548728732944,0.33626823932616862
1951,0.703125,0.359375,-0.54219530414153894,-0.21130729137745397,-0.52235894663815619,-0.29184549769129625
1952,0.703125,0.390625,-0.57944587890262922,-0.22589225204764374,-0.55841384192461196,-0.31199104701129854
1953,0.609375,0.578125,0.71980557225786457,0.45428823053891981,0.69506653300327381,0.52881904252277334
1954,0.640625,0.578125,0.017862478440503302,0.79533807178529503,-0.065133993906559995,0.81435497466886597
1955,0.609375,0.546875,0.74300124723919447,0.46904374648613295,0.71751060877261186,0.54589700337110658
1956,0.640625,0.546875,0.018458234313034273,0.82099071722980399,-0.067236911893129608,0.8406516640022742
1957,0.578125,0.609375,0.7743544819544973,-0.35218641223484509,0.82046183819079777,-0.29935450343513931
1958,0.578125,0.640625,0.72448153511453339,-0.32961756883190507,0.76748561426928819,-0.2800271575701615
1959,0.546875,0.609375,0.13323914671672693,-0.86927708355210198,0.19736614948686487,-0.87971776992991857
1960,0.546875,0.640625,0.12471656852510954,-0.81327491851504086,0.18462330824836062,-0.8229144928922788
1961,0.671875,0.640625,-0.53230548753092155,0.37107355702785655,-0.58868329393575092,0.31455694320745892
1962,0.671875,0.609375,-0.56882040867788042,0.3965162202627584,-0.62931548728732256,0.33626823932614697
1963,0.703125,0.640625,-0.54219530414154449,-0.21130729137746018,-0.52235894663815818,-0.29184549769130397
1964,0.703125,0.609375,-0.57944587890263433,-0.22589225204764471,-0.55841384192460408,-0.31199104701130331
1965,0.640625,0.671875,0.014367354528914035,0.65022882861309117,-0.053219812964182309,0.66535039184010214
1966,0.609375,0.671875,0.58832452207074726,0.37108568787103691,0.56788785035805811,0.43205456116601948
1967,0.640625,0.703125,0.012775579667739028,0.58333046192225169,-0.047713344382756602,0.59648973133520888
1968,0.609375,0.703125,0.52763247026067939,0.3327982628681565,0.50911238093696354,0.38733700651099068
1969,0.390625,0.578125,0.84840931887549098,-0.088159059082936989,0.87136891801522887,-0.059614645104769506
1970,0.359375,0.578125,0.36147282862514846,-0.71143723503737588,0.39320183839153106,-0.71616989245928253
1971,0.390625,0.546875,0.87582313100482367,-0.09093045470278488,0.89950706726617213,-0.061538480541363461
1972,0.359375,0.546875,0.3731081421391419,-0.73432611996345354,0.4058982834539912,-0.73929524544963121
1973,0.421875,0.609375,0.53665221323494128,0.66404941892859748,0.52074223271573494,0.70119453295825729
1974,0.421875,0.640625,0.50194460664504759,0.6211637798758981,0.48711627800454604,0.65591663535148703
1975,0.453125,0.609375,-0.27198759969196223,0.83725688641403639,-0.31888574661767471,0.84332703071426451
1976,0.453125,0.640625,-0.2544953991166013,0.78332995597131216,-0.29829605326583336,0.788873686903795
1977,0.328125,0.640625,-0.32742065740464843,-0.56508160472228175,-0.31904482513796206,-0.58634624644401778
1978,0.328125,0.609375,-0.35011212056131302,-0.60405252328037773,-0.34106956508752184,-0.62682117750879252
1979,0.296875,0.640625,-0.58408364912127086,-0.029314147764598179,-0.59688198898505684,-0.04303491580179658
1980,0.296875,0.609375,-0.62447308361123399,-0.031428983440946447,-0.63808493249726039,-0.046007310192282415
1981,0.359375,0.671875,0.29545101669915697,-0.58163229148142648,0.32125659954701119,-0.58513036345749792
1982,0.390625,0.671875,0.6931400847807575,-0.072383821395549469,0.71192675392350113,-0.048712295343222613
1983,0.359375,0.703125,0.26490346143862536,-0.52157888652215345,0.28800592577758971,-0.5245687227806406
1984,0.390625,0.703125,0.62141404943056677,-0.065030514878176501,0.63823982776068033,-0.0436727033970392
1985,0.390625,0.078125,0.07453045641173997,-0.0086253484050953164,0.075786007259835253,-0.005200234123237695
1986,0.359375,0.078125,0.031234734002428134,-0.062955756409682595,0.034188933531973199,-0.062293707153045476
1987,0.390625,0.046875,0.029010565943368746,-0.0038994327090685482,0.028995031455136468,-0.0019991258533509151
1988,0.359375,0.046875,0.011798414316453214,-0.024735883526010697,0.013073684255579901,-0.023836440960577208
1989,0.421875,0.109375,0.090887884490702953,0.11157929363655522,0.087121985098210869,0.11729355908679638
1990,0.421875,0.140625,0.13903956152784239,0.17154486978667585,0.13415240842500623,0.18062792788478851
1991,0.453125,0.109375,-0.045159173937518858,0.14194942779492672,-0.053334753217320813,0.14109061446754428
1992,0.453125,0.140625,-0.069961514111783724,0.21731814338172506,-0.082141718437940339,0.217258966846332
1993,0.328125,0.140625,-0.090388089333621122,-0.15587936832518909,-0.087860661437124773,-0.16146584060901215
1994,0.328125,0.109375,-0.058940755501628563,-0.10134932826365062,-0.057056850391662785,-0.1048493997071666
1995,0.296875,0.140625,-0.1609275950125687,-0.0077535626265300859,-0.1643677659230118,-0.011844045770402821
1996,0.296875,0.109375,-0.10461416731042728,-0.0048992035178861536,-0.10673456629369875,-0.0076881613027078282
1997,0.359375,0.171875,0.12314577875413181,-0.24300793053536338,0.13386776011739529,-0.243831116067385
1998,0.390625,0.171875,0.28922350520669776,-0.03063363257008998,0.29666521759826153,-0.020306346303608797
1999,0.359375,0.203125,0.15930137487440821,-0.31399628743907826,0.17315252106727846,-0.31538053134131977
2000,0.390625,0.203125,0.37383820174856808,-0.039400553630009924,0.38371943953932686,-0.026261598793263514
2001,0.609375,0.078125,0.06685853632836182,0.039474317177318516,0.060511566447439914,0.045987435375430923
2002,0.640625,0.078125,0.0041411973358576153,0.073551333031267929,-0.0056262749646529267,0.070887051915511742
2003,0.609375,0.046875,0.027961603113962331,0.015075588810210464,0.023183013334176644,0.017590686616421346
2004,0.640625,0.046875,0.0029926451104951993,0.030486152220488196,-0.0021316104388358469,0.027151277731474216
2005,0.578125,0.109375,0.13163347637485048,-0.062023048869360754,0.13727411472346349,-0.050120787101684446
2006,0.578125,0.140625,0.20152078852497513,-0.093258233373821969,0.21138047173255839,-0.07715035171734054
2007,0.546875,0.109375,0.021323778322356813,-0.14851377218623327,0.03299974498769228,-0.14719769230877686
2008,0.546875,0.140625,0.033805825210791882,-0.22667969872261884,0.050833714007655954,-0.22665141749245285
2009,0.671875,0.140625,-0.14920945489687379,0.10640119623826465,-0.16215550999749395,0.08668577769887828
2010,0.671875,0.109375,-0.097695522122915351,0.071365312605581863,-0.10531148132519053,0.056325349769909917
2011,0.703125,0.140625,-0.15447393158816197,-0.058138679342428431,-0.14392875908005812,-0.080370675979983069
2012,0.703125,0.109375,-0.10278067261653524,-0.037166472346479504,-0.093501289254992556,-0.052181686173835708
2013,0.640625,0.171875,0.0068049703366493781,0.27424127465248327,-0.022166458222585179,0.27730268701985417
2014,0.609375,0.171875,0.24766207295965476,0.15534616524232867,0.23667804830360953,0.1800489088268987
2015,0.640625,0.203125,0.0080376190693815519,0.35294950098767919,-0.028682028180138281,0.35865034886002939
2016,0.609375,0.203125,0.31880855709961686,0.20069226157169431,0.30610821228439805,0.23288087598574603
2017,0.078125,0.390625,-0.058964031501872127,0.044496650404795196,-0.060079909756414009,0.046510174507483966
2018,0.078125,0.359375,-0.055091077752716516,0.041709082059192215,-0.056199895858110298,0.043508417875775723
2019,0.046875,0.390625,0.0026490244546660334,0.028775689769887099,0.0029242547620388767,0.028944243466859476
2020,0.046875,0.359375,0.0024542517185597969,0.027022372994673648,0.0027346528137742595,0.027076577938603075
2021,0.109375,0.421875,-0.13448005869426261,-0.04980434505088021,-0.13743580962118046,-0.049642201848552489
2022,0.140625,0.421875,-0.049265336154226194,-0.2150015366072956,-0.049379452214062536,-0.21952684855634066
2023,0.109375,0.453125,-0.13888819131631219,-0.051403966893678127,-0.14187480865873167,-0.051245419485689912
2024,0.140625,0.453125,-0.0508884368725218,-0.22188026466224425,-0.050974701724794284,-0.22661504161197116
2025,0.140625,0.328125,-0.040091628943269786,-0.17590060204776006,-0.040340835535814835,-0.17936040819679538
2026,0.109375,0.328125,-0.10959261995762197,-0.040694100826768095,-0.11228393606750031,-0.0405573496340619
2027,0.140625,0.296875,-0.035872435476399706,-0.15777632976960745,-0.036164085372217276,-0.16079652928805582
2028,0.109375,0.296875,-0.098143446447908594,-0.036471208661789205,-0.10066063502757788,-0.036358740662918776
2029,0.171875,0.359375,0.18973225392542756,-0.19439801204244922,0.19576074958542988,-0.19762336941398734
2030,0.171875,0.390625,0.2028667987716806,-0.20770258865686445,0.20927403038819839,-0.21126336386714534
2031,0.203125,0.359375,0.34468199737864569,0.070687218114664954,0.351797088059908,0.075430837494301808
2032,0.203125,0.390625,0.3685815546760709,0.075608102786388562,0.37608268193093169,0.080638866212248389
2033,0.078125,0.609375,-0.058964031501871232,0.044496650404795994,-0.060079909756416791,0.046510174507476174
2034,0.078125,0.640625,-0.05509107775271585,0.041709082059192826,-0.056199895858110721,0.043508417875765336
2035,0.046875,0.609375,0.0026490244546662676,0.028775689769888091,0.0029242547620435357,0.028944243466852416
2036,0.046875,0.640625,0.0024542517185597505,0.027022372994674387,0.0027346528137809903,0.027076577938595692
2037,0.109375,0.578125,-0.13448005869426183,-0.049804345050879696,-0.13743580962118776,-0.049642201848551122
2038,0.140625,0.578125,-0.049265336154225729,-0.21500153660729551,-0.049379452214068489,-0.21952684855633361
2039,0.109375,0.546875,-0.13888819131631153,-0.051403966893677135,-0.14187480865873628,-0.051245419485689218
2040,0.140625,0.546875,-0.050888436872521703,-0.22188026466224342,-0.050974701724795998,-0.22661504161196713
2041,0.140625,0.671875,-0.040091628943268398,-0.1759006020477609,-0.04034083553582285,-0.17936040819679941
2042,0.109375,0.671875,-0.10959261995762111,-0.040694100826767637,-0.11228393606750535,-0.040557349634071392
2043,0.140625,0.703125,-0.035872435476397964,-0.15777632976960687,-0.036164085372217748,-0.16079652928806332
2044,0.109375,0.703125,-0.098143446447908178,-0.036471208661787595,-0.10066063502757731,-0.036358740662927339
2045,0.171875,0.640625,0.18973225392542736,-0.19439801204245108,0.19576074958542181,-0.19762336941397809
2046,0.171875,0.609375,0.20286679877168032,-0.20770258865686525,0.20927403038819301,-0.21126336386713018
2047,0.203125,0.640625,0.34468199737864319,0.070687218114663511,0.35179708805990606,0.075430837494311939
2048,0.203125,0.609375,0.36858155467606885,0.075608102786389228,0.37608268193093564,0.080638866212260435
2049,0.921875,0.390625,-0.11248848647302674,-0.018759342118482555,-0.025972726426287375,-0.071219718679762567
2050,0.921875,0.359375,-0.10522645407773212,-0.018098365536260635,-0.024294770282290056,-0.066630020271936971
2051,0.953125,0.390625,-0.074718474957730693,-0.066713081067486454,0.01697077415474435,-0.023391571403457379
2052,0.953125,0.359375,-0.069246031863875096,-0.062771013642151693,0.015886329491503554,-0.021885918938351321
2053,0.890625,0.421875,-0.14360923863969133,0.073211035566169314,-0.14223989262741343,-0.032649517318903788
2054,0.859375,0.421875,-0.071651072726370488,0.21544627490810894,-0.16090215757970458,0.15704183507440925
2055,0.890625,0.453125,-0.14814353225220545,0.075717194655027201,-0.14683163471746705,-0.033701169765424498
2056,0.859375,0.453125,-0.073788235349526651,0.22245831945905292,-0.1660952160287883,0.16211436054636075
2057,0.859375,0.328125,-0.059895085950448963,0.17669865267822249,-0.13148400602381627,0.12831497382927026
2058,0.890625,0.328125,-0.11885170766027622,0.059240654251467906,-0.11623739127270219,-0.026687566837518665
2059,0.859375,0.296875,-0.054496462938018686,0.15928665036671386,-0.11788949801554169,0.11504690920443669
2060,0.890625,0.296875,-0.10779863865638808,0.053027763593484607,-0.10422692067899537,-0.023928672560058414
2061,0.828125,0.359375,0.14134348140778777,0.23501747549733676,0.055834442098710531,0.27238502328523717
2062,0.828125,0.390625,0.15117092717595598,0.25090732049275377,0.059690305354453257,0.29118220658985505
2063,0.796875,0.359375,0.34841908387952913,0.039422599970789785,0.3355273261620304,0.12958412891885634
2064,0.796875,0.390625,0.37214981490119436,0.04203462427164216,0.35868326658907601,0.13852685912420423
2065,0.921875,0.609375,-0.11248848647302494,-0.018759342118484384,-0.025972726426278042,-0.071219718679763261
2066,0.921875,0.640625,-0.105226454077732,-0.018098365536262241,-0.024294770282278669,-0.066630020271938525
2067,0.953125,0.609375,-0.074718474957727418,-0.066713081067486468,0.016970774154750481,-0.02339157140344977
2068,0.953125,0.640625,-0.069246031863872973,-0.062771013642152193,0.015886329491511274,-0.021885918938342457
2069,0.890625,0.578125,-0.14360923863969172,0.073211035566166413,-0.14223989262740985,-0.032649517318907605
2070,0.859375,0.578125,-0.071651072726373013,0.21544627490810697,-0.16090215757970647,0.15704183507440522
2071,0.890625,0.546875,-0.14814353225220564,0.075717194655025286,-0.14683163471746394,-0.033701169765425448
2072,0.859375,0.546875,-0.07378823534952858,0.22245831945905167,-0.16609521602878777,0.16211436054636055
2073,0.859375,0.671875,-0.059895085950452231,0.17669865267822554,-0.13148400602382074,0.12831497382925472
2074,0.890625,0.671875,-0.11885170766028007,0.059240654251467816,-0.1162373912726942,-0.026687566837529986
2075,0.859375,0.703125,-0.054496462938023078,0.15928665036671663,-0.11788949801554134,0.11504690920442581
2076,0.890625,0.703125,-0.10779863865639272,0.053027763593483462,-0.10422692067898671,-0.023928672560066044
2077,0.828125,0.640625,0.14134348140778827,0.23501747549733984,0.055834442098693461,0.27238502328522868
2078,0.828125,0.609375,0.15117092717595557,0.25090732049275494,0.059690305354440129,0.29118220658985461
2079,0.796875,0.640625,0.34841908387953313,0.039422599970791457,0.3355273261620122,0.12958412891885762
2080,0.796875,0.609375,0.37214981490119664,0.042034624271643478,0.35868326658906502,0.13852685912421167
2081,0.609375,0.921875,0.066858536328362334,0.039474317177317454,0.060511566447450406,0.045987435375436411
2082,0.640625,0.921875,0.0041411973358582033,0.073551333031267319,-0.0056262749646446616,0.070887051915516461
2083,0.609375,0.953125,0.027961603113963122,0.015075588810210207,0.023183013334181067,0.017590686616433062
2084,0.640625,0.953125,0.0029926451104959791,0.030486152220488432,-0.0021316104388332128,0.027151277731485207
2085,0.578125,0.890625,0.1316334763748499,-0.062023048869362142,0.13727411472347284,-0.050120787101689768
2086,0.578125,0.859375,0.20152078852497371,-0.093258233373822247,0.21138047173256094,-0.077150351717346854
2087,0.546875,0.890625,0.02132377832235648,-0.14851377218623482,0.032999744987697033,-0.14719769230878535
2088,0.546875,0.859375,0.033805825210790362,-0.22667969872261978,0.050833714007654573,-0.22665141749245996
2089,0.671875,0.859375,-0.14920945489687473,0.10640119623826433,-0.16215550999749578,0.086685777698867469
2090,0.671875,0.890625,-0.09769552212291531,0.071365312605581072,-0.10531148132518631,0.056325349769904748
2091,0.703125,0.859375,-0.15447393158816303,-0.058138679342428924,-0.14392875908005559,-0.080370675979993547
2092,0.703125,0.890625,-0.10278067261653492,-0.037166472346480406,-0.093501289254987269,-0.052181686173842133
2093,0.640625,0.828125,0.0068049703366489332,0.27424127465248421,-0.022166458222596871,0.27730268701984984
2094,0.609375,0.828125,0.24766207295965459,0.15534616524233003,0.2366780483035992,0.18004890882689853
2095,0.640625,0.796875,0.008037619069381715,0.35294950098768074,-0.028682028180152194,0.35865034886003266
2096,0.609375,0.796875,0.31880855709961908,0.20069226157169662,0.30610821228438584,0.2328808759857546
2097,0.390625,0.921875,0.074530456411740276,-0.0086253484050934429,0.075786007259835489,-0.005200234123244326
2098,0.359375,0.921875,0.031234734002427159,-0.062955756409682553,0.03418893353197764,-0.062293707153053539
2099,0.390625,0.953125,0.029010565943367948,-0.003899432709067317,0.028995031455142269,-0.0019991258533539483
2100,0.359375,0.953125,0.011798414316452307,-0.024735883526011186,0.013073684255587857,-0.023836440960578201
2101,0.421875,0.890625,0.090887884490705451,0.11157929363655719,0.087121985098202084,0.11729355908679548
2102,0.421875,0.859375,0.13903956152784544,0.17154486978667627,0.13415240842499709,0.18062792788479737
2103,0.453125,0.890625,-0.045159173937517012,0.14194942779492786,-0.05333475321732975,0.14109061446754148
2104,0.453125,0.859375,-0.069961514111782225,0.21731814338172439,-0.082141718437948721,0.21725896684633875
2105,0.328125,0.859375,-0.090388089333623384,-0.15587936832518837,-0.087860661437136472,-0.16146584060902508
2106,0.328125,0.890625,-0.058940755501630998,-0.10134932826365135,-0.057056850391661466,-0.10484939970718006
2107,0.296875,0.859375,-0.16092759501257189,-0.0077535626265299385,-0.16436776592301661,-0.011844045770422218
2108,0.296875,0.890625,-0.10461416731043005,-0.00489920351788774,-0.10673456629369017,-0.0076881613027219315
2109,0.359375,0.828125,0.12314577875413285,-0.24300793053536218,0.1338677601173833,-0.24383111606737401
2110,0.390625,0.828125,0.28922350520670093,-0.030633632570089785,0.29666521759826181,-0.020306346303589382
2111,0.359375,0.796875,0.15930137487440965,-0.31399628743907715,0.17315252106727422,-0.31538053134130067
2112,0.390625,0.796875,0.37383820174857063,-0.039400553630010139,0.38371943953933874,-0.026261598793240991
2113,0.015625,0,-3.1058484748118327e-05,-4.741508481569437e-05,-1.0373473446258208e-06,-1.5609581669825716e-06
2114,0,0.015625,-3.26910615686511e-05,-5.4009376439759285e-05,-1.149851828458526e-06,-1.4462161664198952e-06
2115,0.984375,0,0.0064080737728644298,0.0007216249634353851,0.00010061782662384089,2.292665366866768e-05
2116,1,0.015625,0.0071460541551025313,0.0010451878027760513,0.00011258091691398442,2.8407616999739417e-05
2117,1,0.984375,0.0071460541551026458,0.0010451878027740492,0.00011258091690707938,2.840761700257858e-05
2118,0.984375,1,0.0064080737728646137,0.00072162496343341543,0.00010061782661695533,2.2926653671442702e-05
2119,0,0.984375,-3.2691061568723233e-05,-5.4009376439563634e-05,-1.1498518272219301e-06,-1.4462161564141389e-06
2120,0.015625,1,-3.1058484748229688e-05,-4.7415084815576863e-05,-1.0373473433352337e-06,-1.5609581570679087e-06
2121,0.5,0.484375,-0.9586751521141903,-0.23038075987273138,-0.96773232662328124,-0.28998184641546443
2122,0.484375,0.5,-0.95193884718022659,0.25445251667777108,-0.98825676772121596,0.20960319433843377
2123,0.515625,0.5,-0.73385096477377776,-0.65918073423042467,-0.71015499298849372,-0.7185271661686351
2124,0.5,0.515625,-0.95867515211419152,-0.23038075987273129,-0.9677323266232668,-0.28998184641545394
2125,0.484375,0,-0.0014023657010341355,0.00064713301067033846,0.00033272691907571304,-6.6192955752528016e-05
2126,0.515625,0,-0.0013683428890389057,-0.0010295425643409872,0.00023393343103489823,0.00024130552862753867
2127,0.5,0.015625,-0.005345604600729797,-0.00038046046644948711,-0.0033705329106352546,-0.00099433170860990816
2128,0,0.484375,-6.4059867643120546e-06,0.00063805836211246853,-0.00032958058395760016,-0.00017766930621916673
2129,0,0.515625,-6.4059867645644941e-06,0.00063805836211263843,-0.00032958058395666725,-0.00017766930621888489
2130,0.015625,0.5,0.0035904321154220532,0.0023467988182459005,0.0032595918746906385,0.0013877741875183798
2131,1,0.484375,0.038263697713492244,-0.10491492965592489,0.00042376229103602828,-0.0016734029059717619
2132,1,0.515625,0.038263697713492591,-0.10491492965592399,0.00042376229103467612,-0.0016734029059706013
2133,0.984375,0.5,-0.012965851598283305,-0.11074119835096138,0.0033971720735142211,-0.0011931778753563401
2134,0.515625,1,-0.001368342889039816,-0.0010295425643409557,0.00023393343103562557,0.00024130552863248006
2135,0.484375,1,-0.0014023657010357857,0.00064713301067020326,0.00033272691907873395,-6.6192955749088994e-05
2136,0.5,0.984375,-0.005345604600730974,-0.00038046046644898875,-0.0033705329106313172,-0.00099433170860740148
2137,0.25,0.234375,-0.035604086861417951,0.28501990605244582,-0.041447564016695367,0.29034700316001016
2138,0.234375,0.25,0.10462049321961042,0.26754950862790733,0.10293345933287466,0.27463342838055421
2139,0.265625,0.25,-0.19754516140653508,0.27549294098909305,-0.20758512654840766,0.27756576019343066
2140,0.25,0.265625,-0.042056528513696206,0.33674175194343958,-0.048981873117681242,0.34312827407316199
2141,0.75,0.234375,0.072751540185148053,-0.27887572333789268,0.1246640205946279,-0.26546450984530501
2142,0.765625,0.25,0.1930259663156623,-0.213338889961213,0.23668176718252201,-0.17316428957429528
2143,0.734375,0.25,-0.076351262022209515,-0.3306736170365952,-0.021149783641118365,-0.34593391132423063
2144,0.75,0.265625,0.085703777391230196,-0.32789797606050286,0.14732002000783201,-0.31369652382818197
2145,0.765625,0.75,0.19302596631566635,-0.2133388899612092,0.23668176718253478,-0.1731642895742932
2146,0.75,0.765625,0.072751540185150732,-0.27887572333788962,0.12466402059464099,-0.26546450984530717
2147,0.75,0.734375,0.085703777391235567,-0.32789797606050231,0.14732002000783914,-0.31369652382818297
2148,0.734375,0.75,-0.076351262022205865,-0.33067361703659526,-0.021149783641112061,-0.34593391132423756
2149,0.234375,0.75,0.10462049321961292,0.26754950862790638,0.10293345933287149,0.27463342838054777
2150,0.25,0.765625,-0.035604086861416577,0.28501990605244554,-0.041447564016703776,0.29034700316000184
2151,0.25,0.734375,-0.042056528513695006,0.33674175194343842,-0.048981873117686738,0.34312827407316332
2152,0.265625,0.75,-0.19754516140653441,0.27549294098909272,-0.20758512654841782,0.27756576019343127
2153,0.234375,0,9.5103329195508202e-05,1.9428734567103502e-05,-6.1791525121034321e-05,-0.00017658117036143745
2154,0.265625,0,1.0438969372053032e-05,0.00027381348599259505,0.0001348202438090249,-0.00017268529412354082
2155,0.25,0.015625,-0.00011536092621955539,0.0022306992752335478,-0.00027281588069428712,0.0019444773635342127
2156,0,0.234375,-0.00046224261769400247,0.00023427647780401785,-0.00017575703338989018,-9.5266648571591499e-05
2157,0,0.265625,-0.00045230737628541899,0.0003203645835687265,-0.0002067411620554734,-0.00011145970923445839
2158,0.015625,0.25,0.0015695079206840589,0.0014682045137116104,0.0018266034664812831,0.00078025039577869217
2159,0.765625,0,0.0037474166212399297,-0.0026712146487690457,-8.7296770968221243e-05,7.4524180995624989e-05
2160,0.734375,0,-0.000181307860937194,-0.0041298556542068779,1.655994208730997e-05,0.00015532289970779893
2161,0.75,0.015625,0.00087552031044532046,-0.0068685809367433712,0.00084614874649346157,-0.0018521666999691219
2162,1,0.234375,0.026686930656566809,-0.051894292722107417,0.00032930868410028472,-0.00081360176337570635
2163,1,0.265625,0.028345649299622841,-0.061421668455882143,0.00033661743522655021,-0.00096873287176903286
2164,0.984375,0.25,-0.00088855919633793596,-0.062840302295578132,0.002017776212718887,-0.00066808273305741118
2165,1,0.765625,0.026686930656568551,-0.051894292722104739,0.00032930868409754668,-0.00081360176337258753
2166,1,0.734375,0.028345649299624968,-0.061421668455880409,0.00033661743522108247,-0.00096873287176320365
2167,0.984375,0.75,-0.00088855919633501056,-0.062840302295577216,0.0020177762127171336,-0.00066808273305149566
2168,0.765625,1,0.0037474166212393334,-0.0026712146487675704,-8.7296770968731021e-05,7.4524180995586079e-05
2169,0.734375,1,-0.00018130786093782628,-0.0041298556542053331,1.6559942084961591e-05,0.0001553228997083882
2170,0.75,0.984375,0.00087552031044553003,-0.0068685809367416799,0.000846148746492428,-0.0018521666999683115
2171,0,0.765625,-0.00046224261769314362,0.00023427647780223401,-0.00017575703339251178,-9.5266648571033609e-05
2172,0,0.734375,-0.00045230737628528081,0.00032036458356716194,-0.00020674116205552368,-0.00011145970923101801
2173,0.015625,0.75,0.0015695079206836284,0.0014682045137098321,0.0018266034664806965,0.0007802503957814956
2174,0.234375,1,9.510332919666697e-05,1.9428734568919764e-05,-6.1791525132435466e-05,-0.00017658117035927791
2175,0.265625,1,1.0438969373731272e-05,0.00027381348599349347,0.00013482024379994243,-0.00017268529411726418
2176,0.25,0.984375,-0.00011536092621749149,0.002230699275234125,-0.00027281588070170247,0.0019444773635434748
2177,0.5,0.265625,-0.58512352251952415,-0.14009945356165607,-0.59029260516731552,-0.1768722376338881
2178,0.5,0.234375,-0.49541376287012551,-0.11852138268472304,-0.49949546243280574,-0.1496642725057542
2179,0.484375,0.25,-0.53590374613050051,0.14391352024138901,-0.55584650488123155,0.11790177438047578
2180,0.515625,0.25,-0.4130680023379365,-0.3708876098401484,-0.39942677544860161,-0.40413047930515728
2181,0.265625,0.5,-0.35117227583680077,0.4887670864449406,-0.36907464018223651,0.49348691880206275
2182,0.234375,0.5,0.18662989328365068,0.47520129657394844,0.18302207309422314,0.48828519189753122
2183,0.25,0.484375,-0.068609504188010359,0.55129103918250444,-0.080295213469112295,0.56252662433036005
2184,0.25,0.515625,-0.068609504188010359,0.5512910391825061,-0.080295213469108034,0.56252662433035905
2185,0.734375,0.5,-0.13560761687404554,-0.58365627054799107,-0.037605981204246311,-0.61498915825943601
2186,0.765625,0.5,0.33877884599212277,-0.37545170710097148,0.42073297903094686,-0.30782401654354175
2187,0.75,0.484375,0.13851092348997918,-0.53408958459195877,0.24148380431975061,-0.51423135039654333
2188,0.75,0.515625,0.13851092348997848,-0.53408958459195899,0.24148380431975502,-0.51423135039654011
2189,0.5,0.734375,-0.58512352251952693,-0.14009945356165587,-0.59029260516731819,-0.1768722376339027
2190,0.5,0.765625,-0.49541376287012878,-0.11852138268472324,-0.49949546243280307,-0.14966427250575595
2191,0.515625,0.75,-0.41306800233793917,-0.37088760984014735,-0.39942677544859923,-0.40413047930516038
2192,0.484375,0.75,-0.5359037461305034,0.1439135202413879,-0.55584650488123066,0.11790177438046436
2193,0.125,0.109375,-0.018840291023979196,-0.021706176243617623,-0.019413446895853632,-0.022022157633161791
2194,0.109375,0.125,-0.026761300754058082,-0.0099404569762443773,-0.027612716149768266,-0.0099713232672506702
2195,0.140625,0.125,-0.0097433475419937045,-0.043380264092195787,-0.0099197795739053348,-0.04411060118160369
2196,0.125,0.140625,-0.029058800240620394,-0.033430943549479279,-0.029896616013648538,-0.033915445516379976
2197,0.875,0.109375,-0.026125804124130021,0.030888914202141585,-0.028348263554896908,0.0080475887672812156
2198,0.890625,0.125,-0.037854058221868284,0.018704133894536807,-0.028734856327999908,-0.0065090209554787741
2199,0.859375,0.125,-0.016361326782741315,0.052543538406821487,-0.032376748687237812,0.031702326850604513
2200,0.875,0.140625,-0.037363874148315469,0.04224642087636131,-0.043601411838304446,0.012311133910524298
2201,0.890625,0.875,-0.03785405822186471,0.018704133894536901,-0.028734856328004599,-0.0065090209554933788
2202,0.875,0.890625,-0.026125804124127242,0.030888914202141501,-0.02834826355490187,0.0080475887672680074
2203,0.875,0.859375,-0.037363874148312735,0.042246420876358978,-0.043601411838317568,0.012311133910515082
2204,0.859375,0.875,-0.016361326782739265,0.052543538406819322,-0.032376748687250698,0.03170232685059704
2205,0.109375,0.875,-0.026761300754059251,-0.0099404569762448543,-0.027612716149784784,-0.0099713232672518585
2206,0.125,0.890625,-0.01884029102397973,-0.021706176243617516,-0.019413446895869827,-0.022022157633162062
2207,0.125,0.859375,-0.029058800240621727,-0.033430943549479161,-0.029896616013661396,-0.033915445516371046
2208,0.140625,0.875,-0.0097433475419941989,-0.043380264092195558,-0.0099197795739172454,-0.044110601181594343
2209,0.390625,0.375,0.78342863689578091,-0.081577551146711058,0.80465484199266268,-0.055053170801887666
2210,0.375,0.390625,0.64898878682193617,-0.44604704925804234,0.67967651294405174,-0.43421101089845859
2211,0.375,0.359375,0.60709868086489194,-0.41739725088426005,0.63578924443522655,-0.40617552277411106
2212,0.359375,0.375,0.33386422519030273,-0.65714762995452147,0.36309875287162996,-0.66134050871340688
2213,0.609375,0.375,0.66478536589574122,0.41939907581749419,0.64185225916988886,0.48832950949278769
2214,0.625,0.390625,0.38701646434058878,0.68413128357974051,0.32907626987220917,0.73630285198124568
2215,0.625,0.359375,0.36202811483870262,0.64000897590482608,0.30782734851990678,0.68875911108597432
2216,0.640625,0.375,0.016411836187551061,0.73456562109377632,-0.060148645214298399,0.75200743272755111
2217,0.625,0.609375,0.3870164643405879,0.6841312835797434,0.3290762698722029,0.73630285198121848
2218,0.609375,0.625,0.66478536589574289,0.4193990758174963,0.64185225916988509,0.48832950949276477
2219,0.640625,0.625,0.016411836187546151,0.73456562109377654,-0.060148645214297684,0.75200743272752679
2220,0.625,0.640625,0.36202811483870057,0.64000897590482653,0.30782734851991111,0.68875911108595211
2221,0.375,0.609375,0.64898878682194006,-0.44604704925804473,0.67967651294404552,-0.43421101089846736
2222,0.390625,0.625,0.78342863689578068,-0.081577551146710336,0.80465484199266324,-0.055053170801896971
2223,0.359375,0.625,0.33386422519030579,-0.65714762995452358,0.36309875287161847,-0.66134050871341643
2224,0.375,0.640625,0.60709868086489216,-0.41739725088425939,0.63578924443521878,-0.40617552277412211
2225,0.375,0.109375,0.1088158354590746,-0.075673424726246913,0.11369281322750777,-0.072646321235230779
2226,0.390625,0.125,0.17108599146515971,-0.018481569908270008,0.17509819376963459,-0.011991596832864305
2227,0.359375,0.125,0.072593113134409679,-0.14391983364605551,0.079007181975299767,-0.14391656106165845
2228,0.375,0.140625,0.16742949255651435,-0.11581358480282958,0.17508421831409091,-0.11186346825819707
2229,0.625,0.109375,0.068312616700271903,0.11695680682797428,0.055099880406212935,0.12320221846609544
2230,0.609375,0.125,0.14835161379819278,0.091701819733666048,0.13972282330702407,0.10626628568031916
2231,0.640625,0.125,0.0053863676371389037,0.16409943795039486,-0.013062572945627489,0.1637008398881393
2232,0.625,0.140625,0.1025212529985377,0.17874031982745078,0.084811408836524341,0.18970746689155643
2233,0.109375,0.375,-0.12404758402732249,-0.045999556400085684,-0.12691144491165732,-0.045840940337885369
2234,0.125,0.390625,-0.11378622144041803,-0.12953536908262775,-0.11607434622364116,-0.13167028875925035
2235,0.125,0.359375,-0.1063481201557009,-0.12122161565288493,-0.10857774703688421,-0.12316835757999992
2236,0.140625,0.375,-0.04542102082507498,-0.19866345505438263,-0.045597339331291738,-0.20272066811008779
2237,0.109375,0.625,-0.12404758402732141,-0.045999556400086052,-0.12691144491166614,-0.045840940337888443
2238,0.125,0.609375,-0.11378622144041707,-0.12953536908262847,-0.11607434622365211,-0.13167028875924675
2239,0.125,0.640625,-0.10634812015569979,-0.121221615652886,-0.10857774703689524,-0.12316835758000134
2240,0.140625,0.625,-0.045421020825074085,-0.19866345505438432,-0.045597339331303249,-0.20272066811008121
2241,0.890625,0.375,-0.13307565132670951,0.067301160781497379,-0.13135688010141477,-0.030155777215741954
2242,0.875,0.390625,-0.12129958176943553,0.1365485214249326,-0.16883266343055617,0.047381783125051535
2243,0.875,0.359375,-0.11402478460516381,0.12773389109266609,-0.15794018849857003,0.044321262206581898
2244,0.859375,0.375,-0.066681753384200515,0.19903783487606211,-0.14859180319194792,0.14501868099023421
2245,0.890625,0.625,-0.13307565132671098,0.067301160781496214,-0.13135688010141122,-0.030155777215752265
2246,0.875,0.609375,-0.12129958176943732,0.13654852142493148,-0.16883266343055744,0.04738178312504196
2247,0.875,0.640625,-0.11402478460516646,0.12773389109266661,-0.15794018849857144,0.04432126220656777
2248,0.859375,0.625,-0.066681753384202597,0.19903783487606291,-0.14859180319195556,0.14501868099022233
2249,0.625,0.890625,0.068312616700271583,0.11695680682797338,0.05509988040621977,0.12320221846609332
2250,0.609375,0.875,0.14835161379819198,0.091701819733665452,0.13972282330702868,0.10626628568031449
2251,0.640625,0.875,0.0053863676371383278,0.16409943795039436,-0.013062572945625442,0.16370083988813336
2252,0.625,0.859375,0.10252125299853708,0.17874031982745084,0.084811408836522523,0.18970746689155119
2253,0.375,0.890625,0.10881583545907535,-0.075673424726245775,0.1136928132275019,-0.072646321235237121
2254,0.390625,0.875,0.17108599146516201,-0.018481569908268651,0.17509819376962515,-0.011991596832863155
2255,0.359375,0.875,0.072593113134409665,-0.14391983364605482,0.07900718197529126,-0.14391656106166562
2256,0.375,0.859375,0.16742949255651601,-0.11581358480282862,0.17508421831408036,-0.11186346825819385
2257,0.109375,0,5.0226799175830381e-05,7.8069165855152353e-05,5.1716202414168086e-05,2.1452351785103666e-05
2258,0.140625,0,9.5383539662310521e-06,3.6142618790834708e-05,1.6369907940566618e-05,8.4590012256891846e-05
2259,0.125,0.015625,-0.00040567639936868992,-0.00048593691666935361,-0.00044204441221579177,-0.00049805215579531536
2260,0,0.109375,-0.00024501667344523049,-1.7543705969316556e-05,-5.2310960003651605e-05,-3.0058478606174643e-05
2261,0,0.140625,-0.00032354961965360812,2.2270610646113765e-05,-8.0419957129050147e-05,-4.5159991736451688e-05
2262,0.015625,0.125,0.00037629019850273388,0.00047549362721682856,0.00061940980590726466,0.00026351260668290376
2263,0.890625,0,-0.0055832532684083639,-0.0013916363479984973,-3.3457889952459174e-05,-1.9837007140497568e-05
2264,0.859375,0,-0.0040976956722190315,0.0037154307127094184,-1.090823404357542e-05,-7.385782510074322e-06
2265,0.875,0.015625,-0.005518839549367445,0.004348236910613216,-0.00072835511001526976,0.00023239772955518229
2266,1,0.109375,0.017692942090144721,-0.017644870367658827,0.00026197830395911781,-0.00026142687619095566
2267,1,0.140625,0.020513052552226258,-0.025238811533215413,0.00029028112011940762,-0.00038248199554083916
2268,0.984375,0.125,0.0073744838100547935,-0.027814273307761005,0.00082308960286498942,-0.00031927105144910836
2269,1,0.890625,0.017692942090141051,-0.017644870367657987,0.00026197830396309613,-0.00026142687618148076
2270,1,0.859375,0.020513052552223437,-0.025238811533212821,0.00029028112012484695,-0.00038248199553506698
2271,0.984375,0.875,0.0073744838100525583,-0.027814273307757757,0.00082308960287351949,-0.00031927105144470661
2272,0.890625,1,-0.0055832532684100362,-0.0013916363479991639,-3.345788994991548e-05,-1.9837007132913167e-05
2273,0.859375,1,-0.0040976956722202744,0.0037154307127094618,-1.0908234040137657e-05,-7.3857825060043507e-06
2274,0.875,0.984375,-0.00551883954936889,0.004348236910613674,-0.00072835511000933018,0.00023239772955876241
2275,0,0.890625,-0.00024501667344343483,-1.7543705968982442e-05,-5.2310959991658465e-05,-3.0058478607050705e-05
2276,0,0.859375,-0.00032354961965134528,2.2270610645823954e-05,-8.0419957122129806e-05,-4.5159991740947637e-05
2277,0.015625,0.875,0.00037629019850465406,0.00047549362721590683,0.00061940980591462856,0.00026351260667520105
2278,0.109375,1,5.0226799174649211e-05,7.806916585531951e-05,5.1716202424369473e-05,2.1452351780893885e-05
2279,0.140625,1,9.5383539649382308e-06,3.614261879166251e-05,1.6369907943581462e-05,8.4590012248961219e-05
2280,0.125,0.984375,-0.00040567639936968857,-0.00048593691666835702,-0.00044204441221256052,-0.00049805215580495923
2281,0.5,0.390625,-0.87086884095154071,-0.20903718169640265,-0.87904180818870248,-0.26340149621569348
2282,0.5,0.359375,-0.81466720862465081,-0.19542305762387546,-0.8222813858049518,-0.24639123228421911
2283,0.484375,0.375,-0.83678936351110567,0.22402550548623815,-0.86857577644896378,0.18422487776877128
2284,0.515625,0.375,-0.64496621494807271,-0.57923569013733101,-0.62415117932088515,-0.63150684835009385
2285,0.390625,0.5,0.89143690542327758,-0.092508412259392228,0.91553121556037442,-0.062634065544936265
2286,0.359375,0.5,0.37973140337194372,-0.74735896467026497,0.41312860880070712,-0.75246466227793785
2287,0.375,0.484375,0.71443874012499331,-0.490775926861444,0.74825218282223094,-0.47801726022885843
2288,0.375,0.515625,0.71443874012499653,-0.49077592686144628,0.74825218282222816,-0.47801726022885643
2289,0.609375,0.5,0.7562056478214414,0.47745862218782492,0.7302919893548403,0.55562275252780791
2290,0.640625,0.5,0.018791376606964047,0.83560412249435723,-0.068434571458133406,0.85562716978909337
2291,0.625,0.484375,0.42602384888166162,0.75321669888254861,0.36227806685726016,0.81059439656804155
2292,0.625,0.515625,0.42602384888166228,0.75321669888254872,0.36227806685726321,0.8105943965680461
2293,0.5,0.609375,-0.87086884095154249,-0.20903718169640534,-0.87904180818870425,-0.26340149621566616
2294,0.5,0.640625,-0.81466720862465036,-0.19542305762387746,-0.82228138580496568,-0.24639123228420565
2295,0.515625,0.625,-0.64496621494807105,-0.57923569013733411,-0.62415117932089526,-0.63150684835007087
2296,0.484375,0.625,-0.83678936351110844,0.22402550548623687,-0.86857577644897332,0.18422487776878915
2297,0.390625,0,0.00071654278611269048,-0.00038141675869101039,-0.00031775135273065573,1.5933429022422522e-05
2298,0.359375,0,0.00010310979917440893,-0.00065306665073828921,-0.00014833791916972076,0.00026036626247251057
2299,0.375,0.015625,0.0029114520454079102,-0.0026825040989754577,0.0025872387540446951,-0.0016645838090582855
2300,0.609375,0,0.0022572601832865878,0.0014602327114558158,-0.00022811175655019551,-0.00017383302585564892
2301,0.640625,0,-0.00020256506871938669,0.0030974909129071562,1.7779158208724076e-05,-0.00025917037239381622
2302,0.625,0.015625,0.0039689552380185724,0.0049813993144320352,0.0012869161883771784,0.0028354418816420816
2303,0.5,0.109375,-0.14775918917419162,-0.034208073726132424,-0.14707023896193644,-0.04404645280670131
2304,0.5,0.140625,-0.22607798633877568,-0.053343323806617368,-0.22646347162906325,-0.067841993131428885
2305,0.484375,0.125,-0.18341014018389926,0.050260083137037698,-0.18901901030051702,0.040109892108181208
2306,0.515625,0.125,-0.14245045442223764,-0.12667907134648301,-0.13584521072120351,-0.13742145769516165
2307,0,0.390625,-0.00017635509944558087,0.00057701839535848932,-0.0003017031414463716,-0.00016220203365290435
2308,0,0.359375,-0.00026322773531139185,0.00053253279250138684,-0.00028352772756649484,-0.00015227909102864703
2309,0.015625,0.375,0.0029586671246393014,0.0021631231708663782,0.0028616835236877571,0.0012201650032223003
2310,0,0.609375,-0.00017635509944630167,0.00057701839535876547,-0.00030170314143964001,-0.00016220203364961555
2311,0,0.640625,-0.00026322773531202155,0.00053253279250130943,-0.00028352772755912308,-0.00015227909102408192
2312,0.015625,0.625,0.0029586671246387649,0.0021631231708668331,0.002861683523696193,0.0012201650032223244
2313,0.109375,0.5,-0.14140060481890154,-0.052313109166949603,-0.14440276424425888,-0.052158401381556328
2314,0.140625,0.5,-0.051813074165003366,-0.22579379983823755,-0.051883180655502202,-0.23065157480421009
2315,0.125,0.484375,-0.12543315433288735,-0.14248885176586717,-0.12778859628004874,-0.14495450589931663
2316,0.125,0.515625,-0.12543315433288718,-0.14248885176586673,-0.12778859628005079,-0.14495450589931744
2317,1,0.390625,0.035111475983779006,-0.094209548592537815,0.00038880754222493473,-0.0015011419627094895
2318,1,0.359375,0.0334388675098925,-0.087491576911802552,0.00037237305759617035,-0.0013925310050778225
2319,0.984375,0.375,-0.010249537062881987,-0.09635272447553371,0.0030030326547547288,-0.0010300959544430196
2320,1,0.609375,0.035111475983779998,-0.094209548592534803,0.00038880754221807287,-0.0015011419627025935
2321,1,0.640625,0.033438867509893479,-0.087491576911800248,0.0003723730575887253,-0.0013925310050695052
2322,0.984375,0.625,-0.010249537062879885,-0.096352724475531767,0.0030030326547519945,-0.0010300959544327678
2323,0.890625,0.5,-0.15075243292383525,0.07714540528857991,-0.14944701492091966,-0.034300071293233793
2324,0.859375,0.5,-0.075019383091887964,0.22647672800624449,-0.16905286896350444,0.16500347884133085
2325,0.875,0.484375,-0.13295029980472015,0.15058472412504501,-0.18585799747122747,0.052168121236580135
2326,0.875,0.515625,-0.13295029980472062,0.15058472412504453,-0.18585799747122617,0.05216812123657992
2327,0.609375,1,0.002257260183286655,0.0014602327114564986,-0.00022811175655944554,-0.00017383302584893031
2328,0.640625,1,-0.00020256506871965162,0.0030974909129080118,1.7779158199303731e-05,-0.00025917037238882532
2329,0.625,0.984375,0.0039689552380188665,0.0049813993144327169,0.0012869161883712699,0.0028354418816520207
2330,0.390625,1,0.00071654278611167621,-0.00038141675869147876,-0.00031775135272770058,1.5933429027543084e-05
2331,0.359375,1,0.00010310979917452009,-0.00065306665073914453,-0.0001483379191683512,0.00026036626247935221
2332,0.375,0.984375,0.0029114520454071656,-0.0026825040989758493,0.0025872387540496651,-0.0016645838090541029
2333,0.5,0.890625,-0.14775918917419129,-0.034208073726133305,-0.14707023896194132,-0.044046452806710053
2334,0.5,0.859375,-0.22607798633877649,-0.053343323806619075,-0.22646347162907204,-0.067841993131432507
2335,0.515625,0.875,-0.14245045442223814,-0.12667907134648471,-0.13584521072120914,-0.13742145769517039
2336,0.484375,0.875,-0.18341014018389892,0.050260083137036726,-0.18901901030052529,0.040109892108177031
2337,0.25,0.140625,-0.016081591393111976,0.12939499584697148,-0.018788374614179145,0.13162619945986381
2338,0.25,0.109375,-0.010374823071474628,0.084139892115307605,-0.012198750863485722,0.085472998515138163
2339,0.234375,0.125,0.035626054058950266,0.091074492461087245,0.035000990216019628,0.093380409634261086
2340,0.265625,0.125,-0.06711651419712665,0.093989543250354357,-0.070582105915059354,0.094382267794135596
2341,0.140625,0.25,-0.028850661377928549,-0.12739014326725281,-0.029175688917030058,-0.12973175345136365
2342,0.109375,0.25,-0.079054261283359475,-0.029400093926796596,-0.081211701766818967,-0.029333131716610523
2343,0.125,0.234375,-0.064311984364164437,-0.073739533075839636,-0.065949993637556131,-0.074816767293964165
2344,0.125,0.265625,-0.07609112645077025,-0.087122163779981832,-0.077940244900404063,-0.088418117361755671
2345,0.359375,0.25,0.21375889026000638,-0.42102621464197126,0.23236491350581029,-0.423226414850218
2346,0.390625,0.25,0.50143826085233867,-0.052641556810935748,0.51493554396041719,-0.035238263430843089
2347,0.375,0.265625,0.43588521778416306,-0.30006475557638268,0.45641278571835775,-0.2915855446899307
2348,0.375,0.234375,0.36888531646533762,-0.25406815485213496,0.38620582836971518,-0.24673459884167115
2349,0.25,0.359375,-0.058417988882034269,0.4687113735027747,-0.068229255503968397,0.47798051095217664
2350,0.25,0.390625,-0.06239652497957001,0.50095174219084337,-0.072937910830022337,0.51097371543933379
2351,0.265625,0.375,-0.30863655099670706,0.42985052336517232,-0.32437823894904705,0.43372655118558906
2352,0.234375,0.375,0.16384339756136732,0.41780195626207328,0.16085382532384346,0.42915208566837909
2353,0.75,0.140625,0.032203486412180057,-0.13161412873216627,0.056508331712233913,-0.12042902612075249
2354,0.75,0.109375,0.020051164089176607,-0.088363982485172576,0.036683318664726648,-0.078248394572787552
2355,0.765625,0.125,0.067512413737691054,-0.07874715495162149,0.080515223645233946,-0.05897742758954079
2356,0.734375,0.125,-0.029416860842167235,-0.11702702507631517,-0.007242369826496846,-0.11770186771261715
2357,0.859375,0.25,-0.045221775818989451,0.1306787941695462,-0.095137558900757799,0.092853696230809038
2358,0.890625,0.25,-0.089557292900594512,0.043117315546050167,-0.084133818509243147,-0.019304382714174832
2359,0.875,0.234375,-0.073498469938415842,0.08019669187531564,-0.096013120281311648,0.026958391128742692
2360,0.875,0.265625,-0.084938942134620152,0.093146308473599018,-0.11343316898914761,0.031835469406480021
2361,0.640625,0.25,0.010293462316899567,0.4716135501900483,-0.038496397902316001,0.48126509460341504
2362,0.609375,0.25,0.42629621052790606,0.2688250297134458,0.41076318733425815,0.31251017398154152
2363,0.625,0.265625,0.2601683761284414,0.46026902191970959,0.22098266535250255,0.49444882637706417
2364,0.625,0.234375,0.22056088661718032,0.39008298246606521,0.18699609321086391,0.41839992145727883
2365,0.75,0.359375,0.11810980005369548,-0.45408855783158047,0.20519540990012017,-0.43694405124873326
2366,0.75,0.390625,0.12602172417266017,-0.48522250754350632,0.21935562889364585,-0.46710295944076469
2367,0.734375,0.375,-0.11907722187344899,-0.51304680751174081,-0.033049828865874403,-0.54051071160191133
2368,0.765625,0.375,0.2981821889334435,-0.33014242264723237,0.36978727442160786,-0.27054610703593435
2369,0.859375,0.75,-0.045221775818994288,0.13067879416954614,-0.095137558900757813,0.092853696230810995
2370,0.890625,0.75,-0.08955729290059751,0.043117315546046447,-0.084133818509241218,-0.019304382714175453
2371,0.875,0.765625,-0.073498469938419381,0.080196691875312601,-0.09601312028131527,0.026958391128745124
2372,0.875,0.734375,-0.084938942134624995,0.093146308473597964,-0.1134331689891441,0.031835469406477003
2373,0.75,0.859375,0.032203486412178427,-0.13161412873216705,0.056508331712239103,-0.12042902612075058
2374,0.75,0.890625,0.020051164089176926,-0.088363982485174061,0.036683318664730159,-0.078248394572788038
2375,0.765625,0.875,0.067512413737690152,-0.078747154951623058,0.080515223645235501,-0.058977427589536301
2376,0.734375,0.875,-0.029416860842167769,-0.11702702507631624,-0.0072423698264912559,-0.11770186771262083
2377,0.75,0.640625,0.11810980005369835,-0.4540885578315848,0.20519540990011217,-0.43694405124872354
2378,0.75,0.609375,0.12602172417266116,-0.4852225075435081,0.21935562889364757,-0.46710295944075164
2379,0.734375,0.625,-0.11907722187344952,-0.51304680751174492,-0.03304982886587432,-0.54051071160190034
2380,0.765625,0.625,0.29818218893344683,-0.33014242264723409,0.36978727442160125,-0.2705461070359238
2381,0.640625,0.75,0.010293462316899269,0.4716135501900478,-0.038496397902320262,0.4812650946034282
2382,0.609375,0.75,0.42629621052790789,0.26882502971344741,0.41076318733426143,0.3125101739815585
2383,0.625,0.734375,0.26016837612844129,0.4602690219197097,0.22098266535250827,0.49444882637708149
2384,0.625,0.765625,0.22056088661718148,0.39008298246606643,0.18699609321085667,0.4183999214572906
2385,0.140625,0.75,-0.0288506613779273,-0.12739014326725051,-0.029175688917020538,-0.12973175345136476
2386,0.109375,0.75,-0.0790542612833606,-0.029400093926794178,-0.081211701766813318,-0.029333131716608073
2387,0.125,0.765625,-0.064311984364164909,-0.073739533075837124,-0.06594999363754793,-0.07481676729395835
2388,0.125,0.734375,-0.076091126450769792,-0.0871221637799795,-0.077940244900398206,-0.088418117361759571
2389,0.25,0.859375,-0.01608159139311361,0.12939499584697048,-0.018788374614168692,0.13162619945985193
2390,0.25,0.890625,-0.01037482307147515,0.084139892115305495,-0.012198750863470295,0.085472998515136664
2391,0.234375,0.875,0.035626054058950002,0.091074492461085607,0.035000990216034499,0.093380409634260184
2392,0.265625,0.875,-0.067116514197128746,0.093989543250352858,-0.070582105915048127,0.094382267794122579
2393,0.25,0.640625,-0.058417988882038537,0.46871137350277514,-0.068229255503959918,0.47798051095218219
2394,0.25,0.609375,-0.062396524979573466,0.50095174219084548,-0.072937910830010347,0.5109737154393349
2395,0.265625,0.625,-0.3086365509967105,0.42985052336517354,-0.324378238949036,0.43372655118558856
2396,0.234375,0.625,0.16384339756136318,0.41780195626207428,0.16085382532385117,0.42915208566838248
2397,0.359375,0.75,0.21375889026000816,-0.42102621464197082,0.23236491350581881,-0.42322641485020368
2398,0.390625,0.75,0.50143826085234011,-0.052641556810935797,0.51493554396043839,-0.035238263430839384
2399,0.375,0.734375,0.43588521778416478,-0.30006475557638207,0.45641278571837174,-0.29158554468992703
2400,0.375,0.765625,0.36888531646533984,-0.25406815485213496,0.38620582836973033,-0.24673459884165508
2401,0.0625,0.046875,-0.00071097377509381102,0.0016538652793375074,-0.00069454695409321197,0.001610410068108878
2402,0.046875,0.0625,7.0887810707571673e-05,0.0018313369413614385,0.00017521386506998832,0.0017455182073380306
2403,0.078125,0.0625,-0.0035050482299855404,0.0027996100521229359,-0.0036232419097453825,0.0028070604247848784
2404,0.0625,0.078125,-0.0018270771287528123,0.0042423919670471124,-0.0018163488029434873,0.0042102751861418306
2405,0.9375,0.046875,-0.0077441003995718802,-0.0094620460154122132,0.0001909347451422615,-0.0018631031278388938
2406,0.953125,0.0625,-0.0051206440315009413,-0.01435747175040895,0.0010307806789808848,-0.0015787816516496468
2407,0.921875,0.0625,-0.015140858792115609,-0.0058580777243542369,-0.0016949991368609906,-0.0043844396071936569
2408,0.9375,0.078125,-0.014135173397182938,-0.013039426285353066,0.00057872807117091815,-0.0046741433147139324
2409,0.953125,0.9375,-0.0051206440315039615,-0.014357471750406869,0.0010307806789925016,-0.0015787816516427988
2410,0.9375,0.953125,-0.007744100399574687,-0.009462046015410638,0.00019093474515337246,-0.001863103127832211
2411,0.9375,0.921875,-0.014135173397184479,-0.01303942628534944,0.00057872807118579644,-0.0046741433147143904
2412,0.921875,0.9375,-0.015140858792117195,-0.0058580777243512931,-0.0016949991368468392,-0.0043844396071939899
2413,0.046875,0.9375,7.0887810708138195e-05,0.001831336941361236,0.00017521386508337439,0.0017455182073260992
2414,0.0625,0.953125,-0.00071097377509379129,0.0016538652793376008,-0.00069454695408044582,0.001610410068096551
2415,0.0625,0.921875,-0.0018270771287524142,0.0042423919670465408,-0.001816348802937692,0.0042102751861233861
2416,0.078125,0.9375,-0.0035050482299856054,0.002799610052122987,-0.0036232419097404584,0.0028070604247663433
2417,0.453125,0.4375,-0.2905986387577445,0.89471644401994899,-0.34083759851586531,0.90138403214079377
2418,0.4375,0.453125,0.17148109947735696,0.92587405121572219,0.13317371855440466,0.95443574334410475
2419,0.4375,0.421875,0.16605309079690445,0.89696503060914734,0.12900680330298578,0.92457992820361679
2420,0.421875,0.4375,0.57369630633867696,0.7097636853692858,0.55659440026931972,0.7494691818735657
2421,0.546875,0.4375,0.14231031488542609,-0.92896602697614461,0.21095216810313269,-0.94028040773235799
2422,0.5625,0.453125,0.56662387283429216,-0.74845119912779601,0.63600367281480197,-0.72394935362650004
2423,0.5625,0.421875,0.54896559325237915,-0.7251582909825226,0.61610960692617001,-0.7013047294367929
2424,0.578125,0.4375,0.82751778043671409,-0.37618082822624349,0.87694424801403414,-0.31995997396409354
2425,0.5625,0.546875,0.56662387283429649,-0.74845119912779445,0.63600367281480608,-0.7239493536264997
2426,0.546875,0.5625,0.14231031488542986,-0.92896602697614439,0.21095216810313558,-0.94028040773235178
2427,0.578125,0.5625,0.82751778043672031,-0.37618082822624149,0.87694424801402682,-0.31995997396409609
2428,0.5625,0.578125,0.54896559325238514,-0.72515829098252216,0.61610960692616445,-0.70130472943678934
2429,0.4375,0.546875,0.17148109947735374,0.92587405121572153,0.13317371855442248,0.95443574334409187
2430,0.453125,0.5625,-0.29059863875774955,0.89471644401994788,-0.34083759851584461,0.90138403214079554
2431,0.421875,0.5625,0.57369630633867574,0.70976368536928514,0.55659440026933615,0.74946918187355915
2432,0.4375,0.578125,0.16605309079690048,0.89696503060914656,0.12900680330300626,0.924579928203621
2433,0.4375,0.046875,0.0067306365515561401,0.031103464737649623,0.0043103811159101117,0.03077089421774885
2434,0.453125,0.0625,-0.015795594321733171,0.052507823707586027,-0.019223260992784576,0.05089371858659518
2435,0.421875,0.0625,0.033790715062325831,0.04046220971205871,0.031430264015710495,0.042295324934821174
2436,0.4375,0.078125,0.015599831325098151,0.079334869057398644,0.011236943769097334,0.080420317763608029
2437,0.5625,0.046875,0.018491305849951227,-0.027682640377769439,0.020498398729422683,-0.02338154909724741
2438,0.546875,0.0625,0.0066685748041219028,-0.055567371440659583,0.011883589409094397,-0.053107138147662818
2439,0.578125,0.0625,0.048650893941813156,-0.02465419352335892,0.049517803276393407,-0.01810768029632117
2440,0.5625,0.078125,0.048000795659575088,-0.066860886002375372,0.053583515588056553,-0.061044679247559464
2441,0.046875,0.4375,0.0028547760600978345,0.030624061216214939,0.0031264758340328082,0.030935224421884958
2442,0.0625,0.453125,-0.021456649554189376,0.04838680324080049,-0.021552415019806842,0.049961591134770639
2443,0.0625,0.421875,-0.020766795717876249,0.046936953335911601,-0.020878237442966695,0.048399663666707726
2444,0.078125,0.4375,-0.063110801134637753,0.04745753070365729,-0.064216923349063038,0.049710387469699517
2445,0.046875,0.5625,0.0028547760600980726,0.030624061216216122,0.0031264758340342671,0.030935224421880781
2446,0.0625,0.546875,-0.021456649554188852,0.048386803240801718,-0.021552415019807911,0.049961591134767204
2447,0.0625,0.578125,-0.020766795717875687,0.046936953335912725,-0.020878237442967049,0.048399663666701676
2448,0.078125,0.5625,-0.063110801134636879,0.047457530703658567,-0.064216923349066812,0.049710387469696103
2449,0.953125,0.4375,-0.080574625673408409,-0.071239328676240207,0.018127157051732238,-0.025002265165632257
2450,0.9375,0.453125,-0.10280921386906901,-0.047911901586445232,0.0077564292566275807,-0.05365379562535013
2451,0.9375,0.421875,-0.0993452418639275,-0.046471277127378384,0.0075180490931165784,-0.051975932640081927
2452,0.921875,0.4375,-0.12042219427144331,-0.01964955253088236,-0.02776466088686836,-0.07611652440863291
2453,0.953125,0.5625,-0.080574625673404898,-0.071239328676240499,0.018127157051735801,-0.025002265165626557
2454,0.9375,0.546875,-0.10280921386906633,-0.04791190158644619,0.0077564292566317909,-0.053653795625346938
2455,0.9375,0.578125,-0.099345241863923878,-0.046471277127379848,0.0075180490931231921,-0.051975932640078236
2456,0.921875,0.5625,-0.12042219427144092,-0.019649552530884407,-0.027764660886862243,-0.076116524408631439
2457,0.5625,0.953125,0.018491305849952039,-0.027682640377769716,0.020498398729429743,-0.023381549097240589
2458,0.546875,0.9375,0.0066685748041226209,-0.055567371440660131,0.011883589409103197,-0.053107138147661957
2459,0.578125,0.9375,0.048650893941814093,-0.02465419352335995,0.049517803276402657,-0.01810768029631497
2460,0.5625,0.921875,0.04800079565957565,-0.066860886002376621,0.053583515588066982,-0.061044679247559915
2461,0.4375,0.953125,0.0067306365515553777,0.03110346473765218,0.0043103811159135837,0.030770894217743851
2462,0.453125,0.9375,-0.015795594321733091,0.052507823707588649,-0.019223260992783937,0.050893718586587922
2463,0.421875,0.9375,0.033790715062325921,0.040462209712061478,0.031430264015711924,0.042295324934815179
2464,0.4375,0.921875,0.015599831325099175,0.079334869057401392,0.011236943769094144,0.080420317763600799
2465,0.203125,0.1875,0.1506788673518675,0.030758574956675434,0.15400018209534813,0.033015708026028316
2466,0.1875,0.203125,0.14691745830547545,-0.045323524646534642,0.15095168482704233,-0.044953191369640558
2467,0.1875,0.171875,0.11356294273706351,-0.035097172294635264,0.11670390877363811,-0.034755440011771541
2468,0.171875,0.1875,0.083006983510048898,-0.085437658069372077,0.085696475637234773,-0.086516333426328487
2469,0.3125,0.296875,-0.43487274279571064,-0.26558202026638988,-0.43811017955467907,-0.28219971424568158
2470,0.296875,0.3125,-0.50856194234080654,-0.025386684001094867,-0.51978106262748869,-0.037473346043951208
2471,0.328125,0.3125,-0.28503104804456292,-0.49213538098849541,-0.27783180198324881,-0.5106067447189061
2472,0.3125,0.328125,-0.4851369430105647,-0.29629014874514192,-0.48869260390656066,-0.31478225871561544
2473,0.296875,0.1875,-0.25566059814683806,-0.012519789934883689,-0.26129109081343199,-0.018832576563569851
2474,0.3125,0.203125,-0.26147144483719065,-0.15960959397885138,-0.26339625172154352,-0.16965825979377996
2475,0.3125,0.171875,-0.2022346492600535,-0.12339538228456236,-0.20363894140775507,-0.13116577015039668
2476,0.328125,0.1875,-0.14334909586974307,-0.24755437320210474,-0.13966539041370504,-0.25667871977786011
2477,0.1875,0.296875,0.24451308906929217,-0.075061937165745482,0.25108143651550591,-0.074765402774853246
2478,0.203125,0.3125,0.30001892578893624,0.061488500299726911,0.30635310689921696,0.065685546782504947
2479,0.171875,0.3125,0.16518443934480317,-0.16945226467830549,0.17047405708964797,-0.1720985137278489
2480,0.1875,0.328125,0.27281138292979551,-0.083626479532037085,0.28007050639376685,-0.083395554765012828
2481,0.796875,0.1875,0.15799243027356583,0.017031444752924375,0.14697075372184326,0.056730289476384796
2482,0.8125,0.203125,0.13359235662194971,0.086638255508513576,0.10175969773733516,0.12024894805100925
2483,0.8125,0.171875,0.10569889847355483,0.067627685330735501,0.07871147787360476,0.092980575598042015
2484,0.828125,0.1875,0.065048769210477128,0.10805364673443708,0.024487113040263634,0.11932761758004291
2485,0.6875,0.296875,-0.50382759995425741,0.059606047286993126,-0.5210626024494881,-0.0048882681543217267
2486,0.703125,0.3125,-0.47263003763794426,-0.1841991875410012,-0.45489267892846302,-0.25415105644827329
2487,0.671875,0.3125,-0.46406881905240333,0.32347422365505135,-0.5126510993200617,0.2739294377237893
2488,0.6875,0.328125,-0.56141977004925636,0.066397757631513316,-0.58121190272895384,-0.0054532136348612384
2489,0.703125,0.1875,-0.24103002176065039,-0.093064313816518113,-0.22872748244404051,-0.12777090418828116
2490,0.6875,0.203125,-0.30541855371717236,0.036790725085526568,-0.31330962085453035,-0.0029260755728960641
2491,0.6875,0.171875,-0.23756804101758638,0.029376694688004617,-0.24225117889332543,-0.002248431595060163
2492,0.671875,0.1875,-0.23540568313723248,0.16518451596725273,-0.25774376687342992,0.13774148953107074
2493,0.8125,0.296875,0.21603637646689589,0.14079968980392321,0.16916121700198719,0.19994996965135192
2494,0.796875,0.3125,0.30429621080590258,0.034604037880239774,0.29220089547153916,0.11285138310576777
2495,0.828125,0.3125,0.12317472141723143,0.20566011171134563,0.048622144115566909,0.23721708473776312
2496,0.8125,0.328125,0.24030849267171878,0.15635973764737865,0.18868155334375589,0.22302269246445564
2497,0.8125,0.796875,0.13359235662194585,0.086638255508515435,0.10175969773733813,0.12024894805102847
2498,0.796875,0.8125,0.15799243027356227,0.017031444752925933,0.14697075372184759,0.056730289476403496
2499,0.828125,0.8125,0.06504876921047327,0.10805364673443603,0.024487113040256851,0.11932761758005984
2500,0.8125,0.828125,0.10569889847355125,0.06762768533073453,0.078711477873599958,0.092980575598060056
2501,0.703125,0.6875,-0.47263003763794625,-0.18419918754100942,-0.45489267892846469,-0.25415105644827501
2502,0.6875,0.703125,-0.50382759995426074,0.059606047286987103,-0.52106260244949287,-0.0048882681543225464
2503,0.6875,0.671875,-0.56141977004926191,0.066397757631505669,-0.58121190272895695,-0.0054532136348713857
2504,0.671875,0.6875,-0.46406881905240932,0.32347422365504741,-0.51265109932006547,0.2739294377237832
2505,0.8125,0.703125,0.21603637646689808,0.14079968980392901,0.16916121700198228,0.19994996965134637
2506,0.796875,0.6875,0.30429621080590769,0.03460403788024375,0.29220089547152961,0.11285138310576427
2507,0.828125,0.6875,0.12317472141723164,0.20566011171135112,0.048622144115557542,0.23721708473775252
2508,0.8125,0.671875,0.24030849267172186,0.15635973764738309,0.18868155334374073,0.22302269246444817
2509,0.703125,0.8125,-0.2410300217606513,-0.093064313816517294,-0.22872748244404226,-0.12777090418829246
2510,0.6875,0.796875,-0.30541855371717297,0.036790725085527054,-0.31330962085453823,-0.0029260755729047534
2511,0.6875,0.828125,-0.23756804101758761,0.029376694688005061,-0.24225117889333089,-0.0022484315950716087
2512,0.671875,0.8125,-0.23540568313723326,0.16518451596725348,-0.25774376687344114,0.13774148953106266
2513,0.1875,0.796875,0.14691745830547756,-0.045323524646533775,0.15095168482705587,-0.044953191369642716
2514,0.203125,0.8125,0.15067886735186875,0.030758574956675683,0.15400018209536218,0.033015708026023771
2515,0.171875,0.8125,0.083006983510049884,-0.085437658069370898,0.085696475637247374,-0.086516333426321701
2516,0.1875,0.828125,0.11356294273706437,-0.035097172294634861,0.11670390877365155,-0.034755440011766892
2517,0.296875,0.6875,-0.50856194234080732,-0.025386684001095068,-0.5197810626274848,-0.037473346043941626
2518,0.3125,0.703125,-0.43487274279571059,-0.26558202026638988,-0.43811017955467496,-0.28219971424566914
2519,0.3125,0.671875,-0.48513694301056481,-0.29629014874514265,-0.488692603906556,-0.31478225871561211
2520,0.328125,0.6875,-0.28503104804456209,-0.49213538098849485,-0.27783180198324431,-0.51060674471890088
2521,0.1875,0.703125,0.24451308906929417,-0.075061937165747342,0.25108143651550463,-0.074765402774856715
2522,0.203125,0.6875,0.30001892578893657,0.061488500299724344,0.30635310689921313,0.065685546782507209
2523,0.171875,0.6875,0.16518443934480473,-0.16945226467830718,0.17047405708964303,-0.1720985137278509
2524,0.1875,0.671875,0.27281138292979545,-0.083626479532039402,0.2800705063937603,-0.083395554765009192
2525,0.296875,0.8125,-0.25566059814684022,-0.012519789934882022,-0.26129109081345325,-0.018832576563580363
2526,0.3125,0.796875,-0.26147144483719181,-0.15960959397884963,-0.2633962517215665,-0.16965825979377855
2527,0.3125,0.828125,-0.20223464926005599,-0.12339538228456058,-0.203638941407775,-0.13116577015040656
2528,0.328125,0.8125,-0.14334909586974412,-0.24755437320210266,-0.13966539041372547,-0.25667871977785767
2529,0.1875,0.046875,0.011066007101164836,-0.0035731314265858923,0.011400898742661578,-0.0033989405444602482
2530,0.203125,0.0625,0.02220322790686827,0.0044264579494755346,0.022682700017406889,0.0048591785369215667
2531,0.171875,0.0625,0.012172630095351949,-0.012707593862176582,0.012620383182143166,-0.012744556794331058
2532,0.1875,0.078125,0.028963147909285971,-0.0090812463321462145,0.029808381508285464,-0.0088801471739801945
2533,0.3125,0.046875,-0.020263491603739952,-0.011941469601082081,-0.019903500665378136,-0.012810503887324524
2534,0.296875,0.0625,-0.037933287840657533,-0.0014944818582157994,-0.038488845440957153,-0.0027666392183102076
2535,0.328125,0.0625,-0.021700567755311349,-0.036723147688925109,-0.020580976559207449,-0.037807076200249159
2536,0.3125,0.078125,-0.052080714664074199,-0.031437798309759638,-0.0520216487856539,-0.03349978899926933
2537,0.046875,0.1875,0.00090477847322804948,0.012117923592911854,0.0011934881103815654,0.011855626685154688
2538,0.0625,0.203125,-0.009138272789542979,0.021098021598282331,-0.0091957894274235872,0.021318862902099132
2539,0.0625,0.171875,-0.0070834135517234796,0.016364906755764772,-0.0071100056579066311,0.016482560715380016
2540,0.078125,0.1875,-0.023992318964446875,0.018553869634404536,-0.024601787170175006,0.019050953566277964
2541,0.046875,0.3125,0.0020873060354053242,0.023690234625638643,0.0023800399813774012,0.023580938370610951
2542,0.0625,0.296875,-0.015149678049829175,0.034748147229502702,-0.015293121698286704,0.035455890264234784
2543,0.0625,0.328125,-0.016908143002452698,0.038636094905618805,-0.017058363682089097,0.039547714386022399
2544,0.078125,0.3125,-0.047883858576726501,0.036460226835989352,-0.048939792313016581,0.037890712828197268
2545,0.8125,0.046875,0.016902254805737916,0.0078286553727691076,0.0077941897261571214,0.0091116387930105184
2546,0.796875,0.0625,0.029710054928299746,-1.9608370184924004e-05,0.021754162309517776,0.008322650748342415
2547,0.828125,0.0625,0.015421010622975025,0.020363814956015323,0.0036950287095127324,0.017653970441106968
2548,0.8125,0.078125,0.033585147395379579,0.018037841385840379,0.020210701126107317,0.02376972343640963
2549,0.6875,0.046875,-0.027127458355092754,0.0060667702803547541,-0.023733264891221934,-0.0001726506879096481
2550,0.703125,0.0625,-0.040795606799751055,-0.01256876246852774,-0.033774849596022609,-0.018805469064794911
2551,0.671875,0.0625,-0.036493187305195414,0.029135392025797732,-0.037996021223485256,0.020362129678800158
2552,0.6875,0.078125,-0.064319253884929498,0.010809365947993053,-0.061939125569982503,-0.00052462318274649111
2553,0.953125,0.1875,-0.02855674061634058,-0.036104685260855571,0.0069982753210693117,-0.0097190916394061175
2554,0.9375,0.203125,-0.045043869773343237,-0.028068620869722637,0.0033022123079978396,-0.023014837406502169
2555,0.9375,0.171875,-0.03649554807637026,-0.024642680089218046,0.002530343847796246,-0.017843971769587755
2556,0.921875,0.1875,-0.051528158910861779,-0.01340870272254044,-0.010716298759849722,-0.02926665341080981
2557,0.953125,0.3125,-0.059171520782649353,-0.056024705226976577,0.013855385026978731,-0.019079186130357424
2558,0.9375,0.296875,-0.071901238360495903,-0.036918511711536359,0.0055258919683740084,-0.038115810539486102
2559,0.9375,0.328125,-0.080298662033494936,-0.039600504707273491,0.0061595770927298874,-0.042490662130012853
2560,0.921875,0.3125,-0.092094629841943706,-0.017137563977672143,-0.021161962437960546,-0.058046730166804346
2561,0.953125,0.8125,-0.028556740616336194,-0.036104685260854336,0.0069982753210707056,-0.0097190916394114951
2562,0.9375,0.796875,-0.045043869773338768,-0.028068620869724351,0.0033022123079963325,-0.023014837406506918
2563,0.9375,0.828125,-0.0364955480763655,-0.024642680089217182,0.0025303438477963184,-0.017843971769597591
2564,0.921875,0.8125,-0.051528158910857297,-0.013408702722542569,-0.010716298759854788,-0.029266653410818126
2565,0.953125,0.6875,-0.059171520782648257,-0.056024705226978548,0.013855385026987018,-0.019079186130347786
2566,0.9375,0.703125,-0.071901238360496139,-0.03691851171153962,0.0055258919683848972,-0.038115810539480342
2567,0.9375,0.671875,-0.080298662033494797,-0.039600504707275518,0.0061595770927420183,-0.042490662130007573
2568,0.921875,0.6875,-0.092094629841945455,-0.017137563977674783,-0.021161962437947161,-0.058046730166804041
2569,0.8125,0.953125,0.016902254805738995,0.0078286553727698483,0.0077941897261568551,0.0091116387930072484
2570,0.796875,0.9375,0.029710054928301335,-1.9608370184913176e-05,0.021754162309515469,0.0083226507483403055
2571,0.828125,0.9375,0.015421010622976371,0.020363814956015584,0.0036950287095112427,0.017653970441101296
2572,0.8125,0.921875,0.033585147395381126,0.018037841385839599,0.02021070112610248,0.023769723436406341
2573,0.6875,0.953125,-0.027127458355091668,0.0060667702803556423,-0.023733264891220386,-0.00017265068790371646
2574,0.703125,0.9375,-0.04079560679974957,-0.012568762468527324,-0.033774849596018848,-0.018805469064792319
2575,0.671875,0.9375,-0.036493187305194401,0.029135392025797961,-0.037996021223480787,0.020362129678805914
2576,0.6875,0.921875,-0.064319253884928401,0.010809365947992847,-0.061939125569976737,-0.00052462318274550492
2577,0.046875,0.8125,0.00090477847322702448,0.012117923592909372,0.0011934881103735611,0.011855626685155399
2578,0.0625,0.796875,-0.0091382727895452775,0.021098021598280853,-0.0091957894274304428,0.021318862902105152
2579,0.0625,0.828125,-0.0070834135517249533,0.0163649067557625,-0.007110005657917415,0.016482560715380321
2580,0.078125,0.8125,-0.023992318964449384,0.018553869634403423,-0.024601787170184363,0.019050953566285479
2581,0.046875,0.6875,0.0020873060354043107,0.023690234625639083,0.0023800399813849234,0.023580938370606559
2582,0.0625,0.703125,-0.015149678049830445,0.034748147229503597,-0.015293121698281103,0.035455890264230037
2583,0.0625,0.671875,-0.016908143002453066,0.038636094905619624,-0.017058363682083959,0.039547714386013781
2584,0.078125,0.6875,-0.047883858576726904,0.036460226835990567,-0.048939792313013639,0.037890712828188282
2585,0.1875,0.953125,0.011066007101166815,-0.0035731314265847968,0.01140089874265098,-0.0033989405444526991
2586,0.203125,0.9375,0.022203227906870873,0.0044264579494754852,0.022682700017402191,0.0048591785369357116
2587,0.171875,0.9375,0.012172630095353628,-0.01270759386217562,0.012620383182131526,-0.012744556794324697
2588,0.1875,0.921875,0.028963147909288171,-0.0090812463321462266,0.029808381508279719,-0.0088801471739667643
2589,0.3125,0.953125,-0.020263491603740209,-0.0119414696010843,-0.0199035006653683,-0.012810503887319925
2590,0.296875,0.9375,-0.037933287840658116,-0.0014944818582183655,-0.038488845440944698,-0.0027666392183074398
2591,0.328125,0.9375,-0.021700567755312601,-0.036723147688926941,-0.020580976559196711,-0.037807076200251116
2592,0.3125,0.921875,-0.052080714664075982,-0.031437798309761816,-0.052021648785641861,-0.033499788999274534
2593,0.453125,0.3125,-0.22170730887654452,0.68236902603320948,-0.25976633639342261,0.68697637039872794
2594,0.4375,0.296875,0.12144713026896524,0.65726970676813046,0.09448872822991021,0.67721608952933288
2595,0.4375,0.328125,0.13549647370704077,0.73304083901639749,0.10539838100254124,0.75540256363565694
2596,0.421875,0.3125,0.43706778150130765,0.5409240739129848,0.4241942092425981,0.57118995233627134
2597,0.546875,0.3125,0.10873650290447814,-0.70849334961790389,0.16077755952288381,-0.71662075649294366
2598,0.5625,0.296875,0.40256055046030986,-0.53184207411803008,0.45128128051499106,-0.51368393981480776
2599,0.5625,0.328125,0.44884002689937141,-0.59295942520738121,0.50338010870690941,-0.57298706554426071
2600,0.578125,0.3125,0.63117641956113224,-0.28729826819208321,0.668353249558441,-0.24385914839964695
2601,0.453125,0.1875,-0.11150409421768505,0.34402894102946513,-0.13058417892447705,0.34535257698523125
2602,0.4375,0.203125,0.07318276347787965,0.39573757283008976,0.056809904727208246,0.40715559897778919
2603,0.4375,0.171875,0.056807046011533004,0.3063499711757931,0.043924571100236592,0.31478665664282779
2604,0.421875,0.1875,0.22011426049407554,0.27226073996242384,0.2132460786117896,0.28713681392995083
2605,0.546875,0.1875,0.054575041767577576,-0.35793843822221499,0.08082168979624943,-0.36026744073655148
2606,0.5625,0.203125,0.24262684554902506,-0.32118996067629096,0.27132515216831837,-0.30885289830406376
2607,0.5625,0.171875,0.18779058087065267,-0.24934462813678471,0.20977162874032571,-0.23879704478773764
2608,0.578125,0.1875,0.31876444897394318,-0.1458464658306183,0.33600192768832815,-0.12260761419733358
2609,0.3125,0.453125,-0.61331291273685573,-0.37448164073950546,-0.61745970520932381,-0.39772603902419923
2610,0.296875,0.4375,-0.66757103332345369,-0.033694655752250509,-0.68201548799717693,-0.049176673167137003
2611,0.328125,0.4375,-0.37434558585786065,-0.64559259004019032,-0.36455269653293926,-0.66997500322333126
2612,0.3125,0.421875,-0.59405693101235957,-0.36275206488341943,-0.59814353957692423,-0.38528396307555196
2613,0.3125,0.546875,-0.61331291273684874,-0.3744816407395074,-0.61745970520933036,-0.39772603902420717
2614,0.296875,0.5625,-0.66757103332344803,-0.033694655752251335,-0.68201548799717604,-0.049176673167148167
2615,0.328125,0.5625,-0.37434558585785205,-0.64559259004019409,-0.36455269653294908,-0.66997500322334236
2616,0.3125,0.578125,-0.59405693101235313,-0.36275206488342221,-0.59814353957692845,-0.38528396307556712
2617,0.1875,0.453125,0.34499959388190587,-0.10532335315879544,0.35386761149334994,-0.10536271207050694
2618,0.203125,0.4375,0.39408829630210834,0.080861230714781102,0.40197603326673337,0.086191783030772046
2619,0.171875,0.4375,0.21688605762485536,-0.22186294490994005,0.22368186166545875,-0.22580575384539431
2620,0.1875,0.421875,0.33415521042117619,-0.10208095615552631,0.34279747082181078,-0.10206775165999288
2621,0.1875,0.546875,0.34499959388190499,-0.1053233531587935,0.35386761149336027,-0.10536271207049906
2622,0.203125,0.5625,0.39408829630210701,0.080861230714783697,0.40197603326674675,0.08619178303078058
2623,0.171875,0.5625,0.21688605762485499,-0.22186294490993877,0.22368186166546308,-0.22580575384538387
2624,0.1875,0.578125,0.33415521042117563,-0.10208095615552479,0.34279747082181683,-0.1020677516599799
2625,0.6875,0.453125,-0.70843290678766413,0.083451538957259624,-0.73433563506080668,-0.0068956876743211191
2626,0.703125,0.4375,-0.61919771951384484,-0.24156156629915312,-0.59685556056238753,-0.3334721108719908
2627,0.671875,0.4375,-0.6077980005740643,0.4236120565556083,-0.67263769118377181,0.35941592671002531
2628,0.6875,0.421875,-0.68634745342655923,0.080947750944773078,-0.71136582609307086,-0.0066783048435243401
2629,0.6875,0.546875,-0.70843290678766691,0.083451538957261207,-0.73433563506080091,-0.0068956876743221079
2630,0.703125,0.5625,-0.6191977195138485,-0.24156156629915163,-0.59685556056237776,-0.3334721108719898
2631,0.671875,0.5625,-0.60779800057406763,0.42361205655561046,-0.67263769118376593,0.35941592671001987
2632,0.6875,0.578125,-0.686347453426565,0.080947750944775104,-0.71136582609306154,-0.0066783048435314638
2633,0.8125,0.453125,0.30299723551270802,0.19665870492738499,0.23838664616319749,0.28176981591241129
2634,0.796875,0.4375,0.39758399778321107,0.044901227401021454,0.38337377177991172,0.14806299294822811
2635,0.828125,0.4375,0.16171561308467644,0.26805958601485408,0.063802023031086161,0.31122716857243288
2636,0.8125,0.421875,0.29351348056518956,0.19050448076455198,0.23092956760515224,0.27295551182721178
2637,0.8125,0.546875,0.30299723551270591,0.19665870492738452,0.23838664616319796,0.28176981591241823
2638,0.796875,0.5625,0.39758399778320996,0.044901227401021725,0.38337377177991216,0.14806299294823896
2639,0.828125,0.5625,0.16171561308467425,0.2680595860148538,0.063802023031083441,0.31122716857243743
2640,0.8125,0.578125,0.29351348056518861,0.1905044807645524,0.23092956760514663,0.27295551182721939
2641,0.546875,0.6875,0.1087365029044821,-0.70849334961790245,0.16077755952288308,-0.71662075649294277
2642,0.5625,0.703125,0.4025605504603138,-0.53184207411802831,0.45128128051500122,-0.5136839398148022
2643,0.5625,0.671875,0.44884002689937708,-0.59295942520737999,0.5033801087069113,-0.57298706554425782
2644,0.578125,0.6875,0.63117641956113657,-0.28729826819208193,0.66835324955845332,-0.24385914839964259
2645,0.453125,0.6875,-0.22170730887655024,0.68236902603321259,-0.25976633639342817,0.68697637039870074
2646,0.4375,0.703125,0.12144713026896063,0.6572697067681329,0.094488728229914373,0.67721608952929979
2647,0.4375,0.671875,0.13549647370703524,0.73304083901640205,0.10539838100254297,0.7554025636356364
2648,0.421875,0.6875,0.43706778150130365,0.5409240739129888,0.42419420924260354,0.57118995233624437
2649,0.546875,0.8125,0.05457504176757632,-0.35793843822221366,0.08082168979624639,-0.36026744073654665
2650,0.5625,0.796875,0.24262684554902542,-0.32118996067628869,0.2713251521683161,-0.30885289830405505
2651,0.5625,0.828125,0.18779058087065165,-0.2493446281367836,0.20977162874032176,-0.23879704478773689
2652,0.578125,0.8125,0.31876444897394396,-0.1458464658306162,0.33600192768832154,-0.12260761419732839
2653,0.453125,0.8125,-0.11150409421768565,0.34402894102946247,-0.13058417892447202,0.3453525769852463
2654,0.4375,0.796875,0.073182763477879678,0.39573757283008704,0.056809904727222721,0.40715559897780351
2655,0.4375,0.828125,0.056807046011534433,0.30634997117579127,0.04392457110023807,0.31478665664284494
2656,0.421875,0.8125,0.22011426049407748,0.27226073996242206,0.21324607861179914,0.28713681392997092
2657,0.046875,0,-4.8334949929061194e-05,-1.0805402425368759e-05,-5.271170550292268e-07,-1.2521406202959811e-05
2658,0.078125,0,5.7735190142613067e-06,3.9188932048412433e-05,2.4805969015421286e-05,-1.7583965506099073e-05
2659,0.0625,0.015625,-0.00010367278117425108,0.00021547392295749015,-7.5002210607667669e-05,0.00017517431259741757
2660,0,0.046875,-9.5795765663979051e-05,-5.1144173570713585e-05,-1.1000354254310351e-05,-7.2036167350958733e-06
2661,0,0.078125,-0.00016683798430525552,-4.1074576241938355e-05,-2.8616160325555541e-05,-1.709138826211768e-05
2662,0.015625,0.0625,4.2613197156052972e-05,0.00011620498794070606,0.00017667131358241382,7.4210669763112981e-05
2663,0.953125,0,0.0040193039908881728,-0.0047868779366893018,6.591039897638162e-05,-5.963264573927479e-05
2664,0.921875,0,-0.0017964407042005805,-0.0056287381870899003,-9.0522707451620643e-06,-6.4641601560884256e-05
2665,0.9375,0.015625,-0.0017187741093517351,-0.0067667756887466292,1.6576540160830319e-05,-0.00029535268984238826
2666,1,0.046875,0.010861922186381828,-0.0046240226862057756,0.00017277952351984677,-5.7653024978599144e-05
2667,1,0.078125,0.014443226624728606,-0.010797724174214554,0.00022287828455940447,-0.00015351004843516076
2668,0.984375,0.0625,0.0077281412380170288,-0.012710586578025896,0.00033488877441068801,-0.000158696046211347
2669,1,0.953125,0.010861922186379979,-0.0046240226862078069,0.00017277952351551915,-5.765302496992472e-05
2670,1,0.921875,0.014443226624725284,-0.010797724174215496,0.00022287828455949462,-0.00015351004842413421
2671,0.984375,0.9375,0.0077281412380137676,-0.012710586578026132,0.00033488877441369445,-0.00015869604620065642
2672,0.953125,1,0.0040193039908869906,-0.0047868779366913115,6.5910398972035013e-05,-5.9632645731223064e-05
2673,0.921875,1,-0.0017964407042023627,-0.0056287381870913349,-9.0522707456046881e-06,-6.4641601551297252e-05
2674,0.9375,0.984375,-0.0017187741093540865,-0.0067667756887474628,1.6576540163244183e-05,-0.00029535268983253536
2675,0,0.953125,-9.5795765663654969e-05,-5.1144173570233168e-05,-1.1000354245027194e-05,-7.2036167261589862e-06
2676,0,0.921875,-0.00016683798430422485,-4.107457624133953e-05,-2.8616160312285157e-05,-1.7091388257640627e-05
2677,0.015625,0.9375,4.2613197156878571e-05,0.00011620498794094471,0.00017667131359691793,7.4210669763744312e-05
2678,0.046875,1,-4.8334949929301183e-05,-1.0805402425378578e-05,-5.2711704557302541e-07,-1.2521406194911173e-05
2679,0.078125,1,5.7735190135739861e-06,3.9188932048317803e-05,2.4805969028349425e-05,-1.7583965503851546e-05
2680,0.0625,0.984375,-0.00010367278117464136,0.0002154739229575967,-7.5002210593755892e-05,0.00017517431259669381
2681,0.5,0.453125,-0.9437504754734265,-0.22674645390937431,-0.95265477717932678,-0.28546304661326422
2682,0.5,0.421875,-0.91424869845460788,-0.21957029170342568,-0.92285462145797337,-0.2765319330497078
2683,0.484375,0.4375,-0.92246582630926943,0.24668007223485841,-0.95761303986462598,0.20310541554271466
2684,0.515625,0.4375,-0.71109208422704562,-0.63870430777528453,-0.68813401782396344,-0.69624582637820609
2685,0.453125,0.5,-0.29982447699753229,0.92324505976761195,-0.35174351027279893,0.9302279821007442
2686,0.421875,0.5,0.59211977073445177,0.73246703697029947,0.5744069581006519,0.77345315056936292
2687,0.4375,0.484375,0.17423326203274503,0.94049665993358922,0.13528208709155473,0.96954143407215376
2688,0.4375,0.515625,0.17423326203274389,0.94049665993358922,0.13528208709156314,0.96954143407215421
2689,0.546875,0.5,0.14680943728559398,-0.95860524775139333,0.21770193033305391,-0.97036920469180654
2690,0.578125,0.5,0.85391986124964792,-0.38806632089124138,0.90500597616445067,-0.33019672002412392
2691,0.5625,0.484375,0.57555533042973395,-0.76022878512514436,0.64606916018571203,-0.73540642359240116
2692,0.5625,0.515625,0.57555533042973539,-0.76022878512514347,0.64606916018571492,-0.73540642359239972
2693,0.5,0.546875,-0.94375047547342927,-0.22674645390937426,-0.95265477717930813,-0.28546304661324234
2694,0.5,0.578125,-0.91424869845461143,-0.21957029170342723,-0.92285462145796404,-0.27653193304968093
2695,0.515625,0.5625,-0.71109208422704651,-0.63870430777528497,-0.68813401782395145,-0.69624582637818166
2696,0.484375,0.5625,-0.92246582630927532,0.24668007223485819,-0.95761303986460888,0.2031054155427342
2697,0.453125,0,-0.00023898381338367634,0.0012677055851720129,0.00012290102322635936,-0.00031513722656498243
2698,0.421875,0,0.00072754731233500133,0.00058332015046630361,-0.00019419398960089223,-0.00026949113842472227
2699,0.4375,0.015625,0.0014291427138738092,0.0045145494305598175,0.00048015968421642703,0.0033631785885543867
2700,0.546875,0,0.0003101882855270106,-0.0021036543728442975,-7.1877723966027579e-05,0.00031656617060538968
2701,0.578125,0,0.0022344579172350427,-0.0010959389666095039,-0.00028881992171347681,0.00010435361118662014
2702,0.5625,0.015625,0.0028408332700004218,-0.0053940582874757552,0.0022439870340157969,-0.0025787112410592841
2703,0.5,0.046875,-0.032633118556334328,-0.0063100202276211567,-0.030730969259542201,-0.0091818803987581236
2704,0.5,0.078125,-0.08176829717492809,-0.018092826143224321,-0.08028793128956159,-0.024030906406478768
2705,0.484375,0.0625,-0.053453008154124362,0.015901937055050341,-0.054058958547301382,0.011492071410532387
2706,0.515625,0.0625,-0.042788420527412392,-0.036387483649160869,-0.03887233965348956,-0.039292586583302758
2707,0,0.453125,-3.8238368465400527e-05,0.00062841722377718963,-0.00032488619714086936,-0.00017504384616506512
2708,0,0.421875,-9.7622844501710053e-05,0.00060848305370180293,-0.00031555418292465091,-0.00016984943666399874
2709,0.015625,0.4375,0.0034233084008567544,0.0023046782239598135,0.0031576097738865634,0.001344901531256589
2710,0,0.546875,-3.8238368466045519e-05,0.00062841722377755783,-0.00032488619713794738,-0.00017504384616410482
2711,0,0.578125,-9.7622844502449695e-05,0.00060848305370222208,-0.00031555418291965117,-0.00016984943666202036
2712,0.015625,0.5625,0.0034233084008562765,0.0023046782239605312,0.0031576097738907371,0.0013449015312559094
2713,0.046875,0.5,0.0029560845237954158,0.031534686941621343,0.0032269702409676881,0.03192428595951332
2714,0.078125,0.5,-0.065177857492056845,0.048925307985986773,-0.066272371695793988,0.051300265542794855
2715,0.0625,0.484375,-0.021806772618162652,0.049118880638678544,-0.021893526370273766,0.05075183442236221
2716,0.0625,0.515625,-0.021806772618162447,0.049118880638679058,-0.021893526370274259,0.050751834422361038
2717,1,0.453125,0.037674922045235176,-0.10307949387764272,0.0004169214435188672,-0.0016439478961954915
2718,1,0.421875,0.036577680228707513,-0.099469451267815742,0.00040452467367209941,-0.0015859155290568381
2719,0.984375,0.4375,-0.012362280922238256,-0.1069660049323949,0.0032945846873002498,-0.0011500647304123865
2720,1,0.546875,0.037674922045236231,-0.10307949387764039,0.0004169214435150829,-0.0016439478961921556
2721,1,0.578125,0.036577680228708616,-0.099469451267812703,0.00040452467366643434,-0.0015859155290516105
2722,0.984375,0.5625,-0.012362280922235697,-0.1069660049323929,0.0032945846872980064,-0.0011500647304062621
2723,0.953125,0.5,-0.083478485743424286,-0.073629243648093076,0.018701976908635957,-0.025804819655165876
2724,0.921875,0.5,-0.12443646932033928,-0.020183052785296644,-0.028656048414644118,-0.078550976377685572
2725,0.9375,0.484375,-0.1045708420111976,-0.048674159788282115,0.0078769314910341441,-0.054503282670623238
2726,0.9375,0.515625,-0.1045708420111965,-0.048674159788282337,0.0078769314910355423,-0.054503282670622148
2727,0.546875,1,0.00031018828552673868,-0.0021036543728438018,-7.1877723968901419e-05,0.000316566170612005
2728,0.578125,1,0.0022344579172352049,-0.0010959389666088566,-0.00028881992172021681,0.00010435361119398995
2729,0.5625,0.984375,0.0028408332700008698,-0.0053940582874750787,0.0022439870340148649,-0.0025787112410505133
2730,0.453125,1,-0.0002389838133857614,0.001267705585171932,0.0001229010232302703,-0.00031513722656204463
2731,0.421875,1,0.00072754731233314388,0.0005833201504661657,-0.00019419398959711899,-0.00026949113842107404
2732,0.4375,0.984375,0.0014291427138718724,0.0045145494305607716,0.00048015968422149058,0.0033631785885551136
2733,0.5,0.953125,-0.032633118556334564,-0.0063100202276202078,-0.03073096925953708,-0.00918188039876126
2734,0.5,0.921875,-0.081768297174927534,-0.018092826143223981,-0.080287931289560008,-0.024030906406487269
2735,0.515625,0.9375,-0.042788420527411913,-0.036387483649160605,-0.038872339653483863,-0.039292586583307219
2736,0.484375,0.9375,-0.053453008154124272,0.015901937055051808,-0.054058958547299175,0.011492071410525153
2737,0.25,0.203125,-0.028965751256571484,0.231966047418806,-0.033722173442247344,0.23623017277036562
2738,0.25,0.171875,-0.022372776259692952,0.17941317509051338,-0.026070892458162125,0.18263528893890404
2739,0.234375,0.1875,0.069036026169261633,0.17664934670411001,0.067940564017039684,0.18126974131139745
2740,0.265625,0.1875,-0.13037513003766621,0.18201636615313566,-0.13701530676983664,0.18320797729921484
2741,0.203125,0.25,0.22837135958378985,0.046729800591020394,0.23331859770424915,0.050023934297324581
2742,0.171875,0.25,0.12578229903843618,-0.12924599664872999,0.1298342174543835,-0.13107384118461915
2743,0.1875,0.234375,0.18060611356294176,-0.055621984852442442,0.18553305649822646,-0.055249822059161555
2744,0.1875,0.265625,0.21347876977933614,-0.065637937526441925,0.21926126774290042,-0.065291911520042309
2745,0.296875,0.25,-0.38728116500002679,-0.019165600986277693,-0.39586763437544281,-0.028536549796580234
2746,0.328125,0.25,-0.21703927265998649,-0.37487450731969524,-0.2115974773970572,-0.38888025446846114
2747,0.3125,0.265625,-0.37973440196876873,-0.23188699625224657,-0.38258778496817397,-0.24643506304169821
2748,0.3125,0.234375,-0.32132376461865936,-0.19618978289235478,-0.32373618342322874,-0.20852597633834047
2749,0.25,0.296875,-0.048119688217034752,0.38550579603072815,-0.056089417330099915,0.39292291884915592
2750,0.25,0.328125,-0.053620853973599593,0.4298971057244878,-0.062564068550824928,0.43828636149876876
2751,0.265625,0.3125,-0.25935884317320101,0.36143795331087447,-0.27256176486148864,0.3644446783046067
2752,0.234375,0.3125,0.13750755228661651,0.35118539513557473,0.13515559678579533,0.360598246579312
2753,0.75,0.203125,0.059208835742300438,-0.22872211579068,0.10143065661275949,-0.21601437311746383
2754,0.75,0.171875,0.045503134441184083,-0.17904796304826617,0.078416536178963811,-0.16704149426104375
2755,0.765625,0.1875,0.12891560252692474,-0.14395352386417573,0.15624935985012051,-0.11434503928369771
2756,0.734375,0.1875,-0.051767957337333068,-0.2209736018801314,-0.013979065051432944,-0.22837680903958354
2757,0.796875,0.25,0.233981144788172,0.026616168341569449,0.22257811464547497,0.085955586026463179
2758,0.828125,0.25,0.09475147757573972,0.15898226959983658,0.037043081312441092,0.18070542516575722
2759,0.8125,0.234375,0.1618581866112328,0.10552381159979632,0.12503432316287433,0.14777784370039496
2760,0.8125,0.265625,0.18962090567537018,0.12372672150050373,0.14773810367127388,0.17462406716355208
2761,0.703125,0.25,-0.36131568648461632,-0.14074187350183168,-0.34647044920610709,-0.19357160449299776
2762,0.671875,0.25,-0.35453002043012022,0.24726969839262156,-0.39045656936954715,0.20863911964881202
2763,0.6875,0.265625,-0.44070877902812344,0.052206708268583486,-0.45504006941499597,-0.0042672041789180125
2764,0.6875,0.234375,-0.37388959904358843,0.044497377981769219,-0.38505964965864442,-0.0036066462425426711
2765,0.75,0.296875,0.097743495689167445,-0.37431193270615409,0.16869147053506625,-0.35920260037963808
2766,0.75,0.328125,0.1086174347287503,-0.41677444894530491,0.18815997504436663,-0.40066255062961925
2767,0.734375,0.3125,-0.099902970408187727,-0.43184685828685776,-0.027767028840271664,-0.45417908087665793
2768,0.765625,0.3125,0.25151004190284243,-0.27799344858688613,0.31073243584472587,-0.22733590479667404
2769,0.796875,0.75,0.23398114478817308,0.026616168341575309,0.22257811464548524,0.085955586026470424
2770,0.828125,0.75,0.094751477575736598,0.15898226959984066,0.037043081312444277,0.18070542516576327
2771,0.8125,0.765625,0.16185818661123041,0.10552381159980082,0.12503432316288135,0.14777784370040728
2772,0.8125,0.734375,0.1896209056753704,0.12372672150050967,0.14773810367127821,0.17462406716355455
2773,0.75,0.796875,0.059208835742300063,-0.22872211579067683,0.10143065661277167,-0.2160143731174628
2774,0.75,0.828125,0.045503134441181932,-0.17904796304826495,0.07841653617897261,-0.16704149426104128
2775,0.765625,0.8125,0.12891560252692275,-0.14395352386417323,0.15624935985013205,-0.1143450392836888
2776,0.734375,0.8125,-0.051767957337334213,-0.22097360188012954,-0.013979065051424886,-0.22837680903958824
2777,0.75,0.703125,0.097743495689173773,-0.37431193270615676,0.16869147053506509,-0.35920260037963764
2778,0.75,0.671875,0.10861743472875555,-0.41677444894530996,0.1881599750443573,-0.40066255062961398
2779,0.734375,0.6875,-0.099902970408183828,-0.43184685828686398,-0.027767028840277871,-0.45417908087665454
2780,0.765625,0.6875,0.25151004190284942,-0.27799344858688729,0.31073243584471982,-0.22733590479667287
2781,0.703125,0.75,-0.36131568648461515,-0.14074187350183448,-0.3464704492061102,-0.19357160449300323
2782,0.671875,0.75,-0.35453002043012094,0.24726969839261898,-0.39045656936955275,0.20863911964881426
2783,0.6875,0.734375,-0.44070877902812422,0.052206708268578907,-0.45504006941500097,-0.0042672041789187645
2784,0.6875,0.765625,-0.37388959904358821,0.044497377981767748,-0.38505964965865097,-0.0036066462425471016
2785,0.203125,0.75,0.22837135958379345,0.046729800591019763,0.23331859770425434,0.050023934297314755
2786,0.171875,0.75,0.12578229903843924,-0.12924599664872893,0.12983421745439377,-0.13107384118462562
2787,0.1875,0.765625,0.18060611356294523,-0.055621984852441776,0.1855330564982367,-0.055249822059168924
2788,0.1875,0.734375,0.21347876977933963,-0.065637937526442466,0.21926126774290622,-0.065291911520050691
2789,0.25,0.796875,-0.02896575125657146,0.2319660474188065,-0.033722173442254207,0.23623017277035041
2790,0.25,0.828125,-0.02237277625969444,0.17941317509051352,-0.026070892458161316,0.18263528893888673
2791,0.234375,0.8125,0.069036026169261633,0.17664934670411006,0.067940564017043403,0.18126974131138321
2792,0.265625,0.8125,-0.13037513003766774,0.18201636615313643,-0.13701530676984772,0.18320797729919761
2793,0.25,0.703125,-0.048119688217035606,0.38550579603072654,-0.056089417330099894,0.39292291884916414
2794,0.25,0.671875,-0.053620853973603062,0.42989710572448708,-0.062564068550820487,0.43828636149877653
2795,0.265625,0.6875,-0.25935884317320346,0.36143795331087392,-0.27256176486148381,0.36444467830461669
2796,0.234375,0.6875,0.13750755228661479,0.3511853951355724,0.13515559678579636,0.36059824657931755
2797,0.296875,0.75,-0.38728116500002702,-0.019165600986277526,-0.39586763437545336,-0.028536549796569305
2798,0.328125,0.75,-0.21703927265998624,-0.37487450731969524,-0.21159747739706211,-0.38888025446844549
2799,0.3125,0.734375,-0.37973440196876906,-0.23188699625224687,-0.38258778496817719,-0.24643506304168225
2800,0.3125,0.765625,-0.32132376461865969,-0.19618978289235414,-0.32373618342324451,-0.20852597633833042
2801,0.203125,0,8.5634647892760238e-06,-0.00014787510611560071,-0.00014830850908639212,-3.6215962277729848e-05
2802,0.171875,0,-4.2725188457767975e-05,-9.1420513874471704e-05,-8.5383948281238763e-05,8.1689008571989212e-05
2803,0.1875,0.015625,0.0012412168660365021,-0.00054090859029581211,0.0012399079680871612,-0.0003732909137935465
2804,0.296875,0,-0.00024587958034631106,0.00023720005199316525,0.00024891465209090529,2.3579539647393177e-05
2805,0.328125,0,-0.00031742502576222176,-0.00022528860999476198,0.00012840096446701263,0.00024628961462037289
2806,0.3125,0.015625,-0.0026898978596911214,-0.001277831443766619,-0.0021729611244592239,-0.0013910437518455845
2807,0.25,0.046875,-0.0020151170065843332,0.017814416899717529,-0.0025427058305938634,0.017845986670511942
2808,0.25,0.078125,-0.0055674698263598393,0.046070485597425236,-0.0066557260160301553,0.046652015926274763
2809,0.234375,0.0625,0.010321358786988455,0.026136691523509815,0.010010440259161198,0.026698135019300937
2810,0.265625,0.0625,-0.019105739386799891,0.027211230813360972,-0.020177757664201788,0.026989803983158377
2811,0,0.203125,-0.00044095340740067364,0.00015150748460373661,-0.00014356381655564895,-7.8454060701519987e-05
2812,0,0.171875,-0.00039221443184990062,7.9211451205285412e-05,-0.00011133605145936161,-6.1541567620269891e-05
2813,0.015625,0.1875,0.00090072150584832465,0.00096155509887616865,0.0012039933903512895,0.00051388854201477995
2814,0,0.296875,-0.00041173448211984554,0.00040226094770271279,-0.00023552824117551344,-0.00012660054000042831
2815,0,0.328125,-0.00034564899507024137,0.00047405953987681945,-0.00026132485676475973,-0.00014031654102951991
2816,0.015625,0.3125,0.002296738395973193,0.0018878107643004204,0.0024016664255746101,0.0010252804054920928
2817,0.046875,0.25,0.0015029584613132972,0.018208570588945573,0.001810708155317778,0.017961035957704066
2818,0.078125,0.25,-0.036392387661748335,0.027932187798554432,-0.037272507951352153,0.028860408814765846
2819,0.0625,0.234375,-0.011209448999869521,0.025846869327008023,-0.011301683584241523,0.026201846363425995
2820,0.0625,0.265625,-0.013232449395738838,0.030444900767742082,-0.013355510816805017,0.030963846698888783
2821,0.796875,0,0.0045080706980736001,0.0017437735966785864,-7.2736712981380007e-05,-1.9465702826333815e-05
2822,0.828125,0,0.00085974432801141736,0.0050252701664085945,-1.7859797458362108e-05,-3.3956006717533652e-05
2823,0.8125,0.015625,0.0059748724927580384,0.0033272450958053905,0.00090985143395512546,0.0010364783831035716
2824,0.703125,0,-0.0033477954604868086,-0.0017435507286381131,0.00017038172036048222,9.0860409924137584e-05
2825,0.671875,0,-0.0030767625157320563,0.0017707254754216594,0.00019825318019110459,-0.00011006231691490093
2826,0.6875,0.015625,-0.0064457669979801303,0.0019647383586364705,-0.002637942663490796,-2.8917756108509088e-06
2827,0.75,0.046875,0.0031367176550511143,-0.023377180452815245,0.0076470899063927318,-0.016414287838645836
2828,0.75,0.078125,0.0099814752439130495,-0.051468452785841654,0.020009752312888179,-0.042760041566148016
2829,0.765625,0.0625,0.020429768855730102,-0.027695652964028719,0.023044583327634139,-0.016943580305097867
2830,0.734375,0.0625,-0.01171390234947388,-0.036930811050954346,-0.0021198557337763018,-0.033710614223293925
2831,1,0.203125,0.024915075259201259,-0.04251646415293333,0.00032119317456736664,-0.00066121804842662728
2832,1,0.171875,0.022896996701619009,-0.033565121615865869,0.00030920261451880781,-0.00051636712293712066
2833,0.984375,0.1875,0.0042565951446738573,-0.044693948220974493,0.0014172467090644201,-0.00048527310044250147
2834,1,0.296875,0.03000026829906647,-0.070766689668208108,0.00034557348328880557,-0.0011209123487361545
2835,1,0.328125,0.031704485110099739,-0.079572935191811758,0.00035750822382929888,-0.0012641053153393657
2836,0.984375,0.3125,-0.0062558100704050148,-0.080814293900129147,0.0025620969479402092,-0.00085857973055664799
2837,0.953125,0.25,-0.043778823322816275,-0.046291802817238346,0.010579978668457555,-0.014588068196918063
2838,0.921875,0.25,-0.072117325861421069,-0.015727141293083328,-0.016145246752220312,-0.044255877383219101
2839,0.9375,0.234375,-0.053959655595319539,-0.031210095686022687,0.0040763329918876504,-0.028231108330138487
2840,0.9375,0.265625,-0.063010821731210032,-0.034135040151662327,0.0048251911616909197,-0.033316857254607223
2841,1,0.796875,0.024915075259201797,-0.042516464152929818,0.00032119317456817903,-0.00066121804842504261
2842,1,0.828125,0.022896996701617826,-0.033565121615862309,0.00030920261452288073,-0.00051636712293461192
2843,0.984375,0.8125,0.004256595144675415,-0.044693948220970996,0.0014172467090675738,-0.00048527310044257644
2844,1,0.703125,0.030000268299068312,-0.070766689668206914,0.00034557348328178054,-0.0011209123487280611
2845,1,0.671875,0.031704485110101079,-0.079572935191810287,0.00035750822382173277,-0.0012641053153304577
2846,0.984375,0.6875,-0.0062558100704030095,-0.080814293900128856,0.002562096947937827,-0.00085857973054529802
2847,0.953125,0.75,-0.043778823322813298,-0.046291802817240761,0.01057997866846057,-0.0145880681969131
2848,0.921875,0.75,-0.072117325861420625,-0.015727141293087978,-0.016145246752216149,-0.044255877383217894
2849,0.9375,0.765625,-0.053959655595316604,-0.031210095686026128,0.0040763329918891769,-0.028231108330137641
2850,0.9375,0.734375,-0.063010821731209074,-0.034135040151666268,0.0048251911616977545,-0.033316857254602449
2851,0.796875,1,0.0045080706980729548,0.0017437735966797365,-7.2736712980305007e-05,-1.9465702826382661e-05
2852,0.828125,1,0.00085974432801057331,0.0050252701664092519,-1.7859797455765254e-05,-3.3956006716320186e-05
2853,0.8125,0.984375,0.0059748724927578692,0.0033272450958065523,0.00090985143395693466,0.0010364783831028222
2854,0.703125,1,-0.0033477954604874539,-0.0017435507286367527,0.00017038172035565798,9.0860409925721942e-05
2855,0.671875,1,-0.0030767625157326131,0.0017707254754227703,0.00019825318018352743,-0.00011006231691179884
2856,0.6875,0.984375,-0.0064457669979800999,0.0019647383586378869,-0.0026379426634952001,-2.8917756059130752e-06
2857,0.75,0.953125,0.0031367176550527137,-0.02337718045281428,0.007647089906393169,-0.016414287838644855
2858,0.75,0.921875,0.0099814752439147548,-0.051468452785842188,0.020009752312890147,-0.042760041566147995
2859,0.765625,0.9375,0.020429768855731913,-0.027695652964028577,0.023044583327633889,-0.016943580305097673
2860,0.734375,0.9375,-0.011713902349472045,-0.036930811050954013,-0.0021198557337738459,-0.033710614223293016
2861,0,0.796875,-0.00044095340739902684,0.00015150748460213866,-0.00014356381655809922,-7.8454060704319817e-05
2862,0,0.828125,-0.00039221443184768532,7.9211451204233614e-05,-0.0001113360514582209,-6.1541567625283174e-05
2863,0.015625,0.8125,0.00090072150584945526,0.00096155509887399504,0.0012039933903479434,0.00051388854201144191
2864,0,0.703125,-0.0004117344821201657,0.00040226094770162181,-0.00023552824117202385,-0.00012660053999538672
2865,0,0.671875,-0.00034564899507076759,0.00047405953987624243,-0.00026132485675847765,-0.00014031654102419948
2866,0.015625,0.6875,0.0022967383959723855,0.0018878107642999033,0.002401666425581807,0.0010252804054944771
2867,0.046875,0.75,0.0015029584613112624,0.018208570588944789,0.0018107081553187386,0.017961035957707712
2868,0.078125,0.75,-0.036392387661750736,0.027932187798555511,-0.037272507951349523,0.028860408814769707
2869,0.0625,0.765625,-0.011209448999872074,0.025846869327007638,-0.011301683584242363,0.026201846363431751
2870,0.0625,0.734375,-0.013232449395740989,0.03044490076774261,-0.013355510816801371,0.030963846698889949
2871,0.203125,1,8.5634647894661285e-06,-0.00014787510611353444,-0.00014830850909665604,-3.6215962280859167e-05
2872,0.171875,1,-4.2725188458589847e-05,-9.1420513872863304e-05,-8.5383948286186302e-05,8.1689008564699782e-05
2873,0.1875,0.984375,0.0012412168660370874,-0.00054090859029389318,0.0012399079680769016,-0.00037329091379474574
2874,0.296875,1,-0.00024587958034466442,0.00023720005199301676,0.00024891465208579973,2.357953965560032e-05
2875,0.328125,1,-0.00031742502576111978,-0.00022528860999562094,0.00012840096446568131,0.00024628961462852436
2876,0.3125,0.984375,-0.0026898978596900766,-0.0012778314437678759,-0.0021729611244578183,-0.0013910437518365316
2877,0.25,0.953125,-0.0020151170065821171,0.017814416899716287,-0.0025427058305912665,0.017845986670525744
2878,0.25,0.921875,-0.0055674698263587239,0.04607048559742289,-0.0066557260160178726,0.046652015926283999
2879,0.234375,0.9375,0.010321358786990828,0.026136691523508462,0.010010440259165402,0.026698135019315852
2880,0.265625,0.9375,-0.019105739386798899,0.027211230813358606,-0.020177757664191179,0.026989803983167839
2881,0.5,0.296875,-0.66983474397542531,-0.16047936169602736,-0.67595380823324058,-0.202541293750721
2882,0.5,0.328125,-0.74706215581620061,-0.17909026286056187,-0.75399357998289807,-0.22592708245871568
2883,0.484375,0.3125,-0.70325062492705515,0.1885503526879542,-0.72982855401870694,0.15480080318848541
2884,0.515625,0.3125,-0.54197971127487976,-0.48669388695693733,-0.52444762107108289,-0.53062631240962066
2885,0.5,0.203125,-0.40352381582170588,-0.096379039976107819,-0.40640261964832897,-0.121767751864991
2886,0.5,0.171875,-0.31259319136703556,-0.07438250249678105,-0.31420887090462996,-0.094139248275954629
2887,0.484375,0.1875,-0.35433886968500089,0.095515870731742239,-0.36689372020563654,0.077828479180642812
2888,0.515625,0.1875,-0.27348869225678779,-0.24523190727226488,-0.2636528770868995,-0.26675061649001724
2889,0.453125,0.25,-0.16893718161524612,0.5201040803223439,-0.19784106432020385,0.52321000775113047
2890,0.421875,0.25,0.33295154292171258,0.41206843434448426,0.32306979245726314,0.43502149526356265
2891,0.4375,0.265625,0.10606190978798659,0.57412008891512611,0.082514094582165007,0.59139348340374753
2892,0.4375,0.234375,0.08979795440400859,0.48602228005539799,0.069822052336710363,0.50042481380675252
2893,0.546875,0.25,0.082932854297811665,-0.54028383467046548,0.1224514429974215,-0.54579188883748753
2894,0.578125,0.25,0.48135803553200046,-0.21930728317204529,0.50903239962398783,-0.18573139836233346
2895,0.5625,0.265625,0.35176147431333887,-0.4648049288333444,0.39409386953662801,-0.44858949719746088
2896,0.5625,0.234375,0.29790046102776457,-0.39383831055486346,0.33347666533859921,-0.37959294375951302
2897,0.296875,0.5,-0.68900079718176077,-0.034824153202528886,-0.70384155679375671,-0.050751385767337662
2898,0.328125,0.5,-0.38640429452259001,-0.66622701050292077,-0.37622000915876502,-0.69141491923700726
2899,0.3125,0.484375,-0.62306091119138007,-0.38041630543838767,-0.62723292439311118,-0.40402120111259227
2900,0.3125,0.515625,-0.62306091119137652,-0.38041630543838884,-0.6272329243931164,-0.40402120111259415
2901,0.203125,0.5,0.40677012586560068,0.083474928664745734,0.41484063773998964,0.088950705656428555
2902,0.171875,0.5,0.22385760548162678,-0.22888682420814827,0.23084009668678246,-0.23303059815170601
2903,0.1875,0.484375,0.35048858297418256,-0.1069616545751266,0.35946864676580476,-0.10702977838785568
2904,0.1875,0.515625,0.35048858297418228,-0.10696165457512583,0.35946864676580986,-0.10702977838785406
2905,0.25,0.453125,-0.067552648110571156,0.54273626282635601,-0.079044456097175156,0.55376254789147872
2906,0.25,0.421875,-0.065465041124780063,0.52582461723127105,-0.076572396766344156,0.53644070530734689
2907,0.265625,0.4375,-0.34027459805181492,0.47368964889723142,-0.35763021047372767,0.47818560044521702
2908,0.234375,0.4375,0.18079126046612143,0.46050925662933706,0.17734588908843549,0.47314440803926094
2909,0.25,0.546875,-0.067552648110570893,0.54273626282635912,-0.079044456097164123,0.55376254789147594
2910,0.25,0.578125,-0.06546504112478134,0.52582461723127427,-0.076572396766330833,0.53644070530734422
2911,0.265625,0.5625,-0.34027459805181337,0.47368964889723408,-0.35763021047371768,0.4781856004452098
2912,0.234375,0.5625,0.1807912604661199,0.46050925662934039,0.1773458890884505,0.47314440803926167
2913,0.703125,0.5,-0.63895364364485707,-0.24940369087287823,-0.6159544201686743,-0.34414548931839217
2914,0.671875,0.5,-0.62718184157193591,0.43705199686381635,-0.69416151849947061,0.37091584349323781
2915,0.6875,0.484375,-0.71961046442021548,0.084706797863781921,-0.74595739553773743,-0.007005891326537869
2916,0.6875,0.515625,-0.7196104644202167,0.084706797863782227,-0.74595739553773632,-0.0070058913265358871
2917,0.796875,0.5,0.41027566505365021,0.04637186099725972,0.39564138508141078,0.15280161514421553
2918,0.828125,0.5,0.16697345281778728,0.27667695719129143,0.065844889101533258,0.32118765820404654
2919,0.8125,0.484375,0.30780595033520908,0.19979301820447573,0.24215971103798528,0.28622982731595864
2920,0.8125,0.515625,0.3078059503352078,0.19979301820447501,0.24215971103798634,0.28622982731596136
2921,0.75,0.453125,0.13637175519834208,-0.52576341966382656,0.23772170199090586,-0.50621909234941787
2922,0.75,0.421875,0.13216522035076492,-0.50932945794348461,0.2302864229026681,-0.49038361679857118
2923,0.734375,0.4375,-0.13139391333857134,-0.56551910646999526,-0.036439741287952875,-0.59591819571115456
2924,0.765625,0.4375,0.3283371119781538,-0.3638296060873013,0.40768777354416608,-0.29827879676509961
2925,0.75,0.546875,0.1363717551983408,-0.525763419663826,0.2377217019909155,-0.50621909234940621
2926,0.75,0.578125,0.13216522035076461,-0.50932945794348461,0.23028642290267834,-0.49038361679855774
2927,0.734375,0.5625,-0.13139391333857292,-0.56551910646999437,-0.036439741287942189,-0.59591819571114357
2928,0.765625,0.5625,0.32833711197815324,-0.36382960608730086,0.40768777354417512,-0.29827879676508717
2929,0.5,0.703125,-0.66983474397542753,-0.16047936169602642,-0.67595380823325435,-0.20254129375074004
2930,0.5,0.671875,-0.74706215581620194,-0.17909026286056187,-0.75399357998291594,-0.22592708245872076
2931,0.515625,0.6875,-0.54197971127487954,-0.48669388695693744,-0.52444762107109655,-0.53062631240962843
2932,0.484375,0.6875,-0.70325062492705925,0.18855035268795559,-0.72982855401872415,0.15480080318846662
2933,0.5,0.796875,-0.40352381582170904,-0.096379039976109082,-0.40640261964832897,-0.12176775186498459
2934,0.5,0.828125,-0.312593191367038,-0.074382502496782785,-0.31420887090463601,-0.094139248275950077
2935,0.515625,0.8125,-0.27348869225679029,-0.24523190727226524,-0.26365287708690299,-0.26675061649001164
2936,0.484375,0.8125,-0.35433886968500367,0.095515870731739894,-0.36689372020563904,0.077828479180652901
2937,0.546875,0.75,0.082932854297812178,-0.54028383467046293,0.12245144299742855,-0.54579188883748231
2938,0.578125,0.75,0.48135803553200318,-0.21930728317204262,0.50903239962399704,-0.18573139836231881
2939,0.5625,0.734375,0.35176147431334143,-0.46480492883334207,0.39409386953663994,-0.44858949719745267
2940,0.5625,0.765625,0.29790046102776602,-0.39383831055486057,0.3334766653386026,-0.37959294375949953
2941,0.453125,0.75,-0.16893718161524918,0.52010408032234212,-0.19784106432019247,0.52321000775111426
2942,0.421875,0.75,0.33295154292171164,0.41206843434448309,0.32306979245728573,0.43502149526355366
2943,0.4375,0.734375,0.1060619097879837,0.57412008891512556,0.082514094582179426,0.59139348340372266
2944,0.4375,0.765625,0.089797954404007049,0.48602228005539555,0.069822052336730445,0.5004248138067503
2945,0.125,0.078125,-0.010253683402294602,-0.011847045907331122,-0.010595863322139647,-0.012018459328756175
2946,0.125,0.046875,-0.0038925422752574385,-0.0045315325282983925,-0.0040532521128428672,-0.0045956265215290623
2947,0.109375,0.0625,-0.0075925766046250516,-0.0028180398152672587,-0.0078945608631934752,-0.0028491161616625857
2948,0.140625,0.0625,-0.0027752223198970498,-0.012435103867645616,-0.0028370824419887888,-0.012610739095181043
2949,0.078125,0.125,-0.012341388227713976,0.0096288884021539928,-0.012673744842255107,0.0098151468261873497
2950,0.046875,0.125,0.00040474599014263095,0.0062939176838433765,0.00061385605599737869,0.0061071665581514641
2951,0.0625,0.109375,-0.0033338331651371626,0.0077185330195388467,-0.0033278736470674845,0.0077139704573722691
2952,0.0625,0.140625,-0.0051194840159519374,0.011835528134371477,-0.0051245815917293621,0.011879270217118765
2953,0.171875,0.125,0.042727925254702252,-0.044096320329980732,0.044145817745780025,-0.044569849642687003
2954,0.203125,0.125,0.077605601957296835,0.015784034863388412,0.079333026552376854,0.017005847496267348
2955,0.1875,0.140625,0.081822854216830138,-0.025344317464831262,0.084108391627901971,-0.025049373693020741
2956,0.1875,0.109375,0.053108502514813326,-0.016510853714544405,0.054615713108015669,-0.016267143386303917
2957,0.125,0.171875,-0.040366239350596952,-0.046390808990460525,-0.041482951840177452,-0.047060149986724732
2958,0.125,0.203125,-0.05226743766256102,-0.060003785366898536,-0.053656955357441492,-0.060871218792836045
2959,0.140625,0.1875,-0.018968657615793163,-0.08415148560094482,-0.019256151766955436,-0.085628597115243704
2960,0.109375,0.1875,-0.052075252263490489,-0.019364512087913666,-0.053602266569504536,-0.019359498784497105
2961,0.875,0.078125,-0.016397706349508521,0.020607964342585793,-0.015512517955433746,0.0044496401335381783
2962,0.875,0.046875,-0.009137360614176632,0.011664772893545108,-0.0059852283213918259,0.0017581170740102498
2963,0.890625,0.0625,-0.016436308174271864,0.0086861886968146451,-0.0083116438205306873,-0.0018153427605835278
2964,0.859375,0.0625,-0.0050798048691995216,0.021332690665614489,-0.0092725212721981917,0.0091646197075211239
2965,0.921875,0.125,-0.032125218923493175,-0.0097082396551567557,-0.0056075128985918123,-0.015130598067671617
2966,0.953125,0.125,-0.015523117327483871,-0.025355249703172062,0.0036029358583841895,-0.0051179162663517299
2967,0.9375,0.109375,-0.021016455272699151,-0.016979521476456368,0.0011285326415483572,-0.0084451787004095179
2968,0.9375,0.140625,-0.028465071019571419,-0.020918491957631204,0.0017932459612323504,-0.012914893031633068
2969,0.828125,0.125,0.037656429077674448,0.058931945763347184,0.012677731230478193,0.061529430337520848
2970,0.796875,0.125,0.085965380076339554,0.0070458338870629401,0.075788698503298238,0.029201892214484521
2971,0.8125,0.140625,0.079083376516459317,0.049208236915354919,0.056774316397421358,0.067022266775603662
2972,0.8125,0.109375,0.054699715322426033,0.03229616225449651,0.036920544125697126,0.043530604175831128
2973,0.875,0.171875,-0.049358059837477999,0.054430527702068333,-0.060451625476549586,0.017017694963717248
2974,0.875,0.203125,-0.061540067277632678,0.067178926887534837,-0.078148920819469447,0.021962525200902423
2975,0.859375,0.1875,-0.031051583057713245,0.090672080727251261,-0.062821243572678528,0.061357739714972298
2976,0.890625,0.1875,-0.063526745111758459,0.030161803877317633,-0.055607322625076089,-0.01272071622478301
2977,0.921875,0.875,-0.03212521892348992,-0.0097082396551538448,-0.0056075128985861944,-0.015130598067685191
2978,0.953125,0.875,-0.015523117327483011,-0.025355249703167677,0.0036029358583952028,-0.0051179162663570268
2979,0.9375,0.890625,-0.021016455272698204,-0.01697952147645209,0.0011285326415606156,-0.0084451787004171386
2980,0.9375,0.859375,-0.028465071019567967,-0.020918491957628009,0.0017932459612381791,-0.012914893031644307
2981,0.875,0.921875,-0.016397706349507109,0.020607964342587284,-0.015512517955429893,0.0044496401335272747
2982,0.875,0.953125,-0.0091373606141770154,0.01166477289354673,-0.0059852283213837456,0.0017581170740064431
2983,0.890625,0.9375,-0.01643630817427193,0.008686188696816987,-0.0083116438205205808,-0.0018153427605898454
2984,0.859375,0.9375,-0.0050798048691986309,0.021332690665615644,-0.0092725212721948402,0.0091646197075131875
2985,0.875,0.828125,-0.049358059837476896,0.054430527702064406,-0.060451625476564949,0.017017694963714899
2986,0.875,0.796875,-0.061540067277633996,0.067178926887530591,-0.078148920819480522,0.021962525200904824
2987,0.859375,0.8125,-0.031051583057715045,0.090672080727247625,-0.062821243572692392,0.06135773971497864
2988,0.890625,0.8125,-0.063526745111756697,0.030161803877313428,-0.055607322625088461,-0.012720716224787133
2989,0.828125,0.875,0.037656429077674594,0.058931945763344325,0.012677731230465237,0.061529430337523117
2990,0.796875,0.875,0.085965380076338721,0.0070458338870606034,0.075788698503292215,0.029201892214492119
2991,0.8125,0.859375,0.079083376516457637,0.049208236915352352,0.056774316397411699,0.06702226677561425
2992,0.8125,0.890625,0.054699715322426568,0.032296162254494179,0.036920544125687967,0.043530604175832724
2993,0.078125,0.875,-0.012341388227714653,0.0096288884021523517,-0.01267374484226697,0.0098151468261764505
2994,0.046875,0.875,0.00040474599014335991,0.0062939176838413434,0.00061385605599568408,0.0061071665581380148
2995,0.0625,0.890625,-0.0033338331651368873,0.0077185330195372734,-0.0033278736470707219,0.0077139704573555654
2996,0.0625,0.859375,-0.0051194840159523849,0.011835528134369173,-0.00512458159173912,0.0118792702171099
2997,0.125,0.921875,-0.010253683402294628,-0.011847045907330366,-0.010595863322153039,-0.01201845932876484
2998,0.125,0.953125,-0.0038925422752577018,-0.0045315325282970966,-0.0040532521128485936,-0.0045956265215412835
2999,0.109375,0.9375,-0.0075925766046253283,-0.0028180398152664833,-0.0078945608631992813,-0.0028491161616782993
3000,0.140625,0.9375,-0.0027752223198966469,-0.012435103867644352,-0.0028370824420012905,-0.012610739095186504
3001,0.125,0.828125,-0.040366239350598694,-0.046390808990459699,-0.041482951840182428,-0.04706014998671039
3002,0.125,0.796875,-0.052267437662562352,-0.060003785366896698,-0.053656955357437974,-0.060871218792823104
3003,0.140625,0.8125,-0.018968657615793878,-0.084151485600943238,-0.019256151766951234,-0.085628597115230048
3004,0.109375,0.8125,-0.052075252263492786,-0.019364512087912952,-0.053602266569509213,-0.019359498784483588
3005,0.171875,0.875,0.042727925254702863,-0.044096320329980815,0.044145817745779359,-0.044569849642672708
3006,0.203125,0.875,0.077605601957297723,0.015784034863387367,0.079333026552387248,0.017005847496277451
3007,0.1875,0.859375,0.081822854216830748,-0.025344317464831578,0.084108391627910742,-0.025049373693009656
3008,0.1875,0.890625,0.053108502514814714,-0.016510853714544981,0.054615713108017439,-0.016267143386289356
3009,0.421875,0.375,0.52023500021449198,0.64376902477880826,0.50484034548164547,0.67978245820572947
3010,0.453125,0.375,-0.26371902616480786,0.81175802840625855,-0.30914886742972625,0.81757590130287849
3011,0.4375,0.390625,0.15809643186137531,0.85444689024427567,0.12288090062006247,0.88068519100417175
3012,0.4375,0.359375,0.14782151147983935,0.7993453836983867,0.1149451885493887,0.82381847664664187
3013,0.375,0.421875,0.6813217144301239,-0.46814758610252538,0.71355263707314798,-0.45585116664263436
3014,0.375,0.453125,0.70331262892586877,-0.48317429691601138,0.73659417684843997,-0.47057012079961646
3015,0.390625,0.4375,0.86377544397079298,-0.089712706987249716,0.88714162447734124,-0.060693044036739217
3016,0.359375,0.4375,0.36799570068897691,-0.72426806573394564,0.40031878706907637,-0.72913271060354912
3017,0.375,0.328125,0.5566993102367821,-0.38289793527081512,0.5829887841771052,-0.37244584935216013
3018,0.375,0.296875,0.49910273102881253,-0.34343018101001827,0.52264762068574866,-0.33389851199068582
3019,0.359375,0.3125,0.28060750454820083,-0.55245208224702846,0.30509752902936538,-0.55569876944755559
3020,0.390625,0.3125,0.65828028369824831,-0.068815603140789522,0.67611646578242912,-0.046263248644009471
3021,0.328125,0.375,-0.33937725284481191,-0.58562418053430354,-0.33065392753612233,-0.60768045013939942
3022,0.296875,0.375,-0.60536940745041989,-0.030427579304035186,-0.6185998735113768,-0.044601628509145987
3023,0.3125,0.359375,-0.52915240447019096,-0.32316617069320108,-0.53295438809283047,-0.34329324077747825
3024,0.3125,0.390625,-0.56576854891661843,-0.3455070510814795,-0.56974490542265188,-0.36699145883233364
3025,0.578125,0.375,0.75076958079744793,-0.34151970414966221,0.79540920570353124,-0.29021463533242248
3026,0.546875,0.375,0.12921033945793486,-0.84279443724049063,0.19134004035110666,-0.85285531828764294
3027,0.5625,0.390625,0.52299405272998045,-0.69088355988151084,0.58686084531542193,-0.66801173412393433
3028,0.5625,0.359375,0.48933724759588532,-0.64644546878134723,0.54896833073105766,-0.62487945072635909
3029,0.625,0.421875,0.40629628450129518,0.71823676588639607,0.34547797659769941,0.77300221524277701
3030,0.625,0.453125,0.41939915462033378,0.74145925736609641,0.35663378493470282,0.79796446514234021
3031,0.609375,0.4375,0.73280902656491831,0.46255617586546788,0.70764747807622641,0.53839196643164311
3032,0.640625,0.4375,0.018197980238144951,0.80971618735493778,-0.066312752362996732,0.82909544804127577
3033,0.625,0.328125,0.33197745141991636,0.58701161426250081,0.28226311787575181,0.63156113241200873
3034,0.625,0.296875,0.29769123946855963,0.52654546080826226,0.25304876658867154,0.56619626352109687
3035,0.640625,0.3125,0.013587013817434377,0.61770416739276024,-0.050543880902693815,0.63188535267408519
3036,0.609375,0.3125,0.55881919321352236,0.35246992951419304,0.53932408440454838,0.41032263394305596
3037,0.671875,0.375,-0.55154746768076235,0.38448610918101556,-0.61010030998798581,0.32600093117955559
3038,0.703125,0.375,-0.56182476244817814,-0.21898348424852598,-0.54136328835976322,-0.30246394390137576
3039,0.6875,0.359375,-0.61189122941859986,0.072331016472407736,-0.63384577101354811,-0.0059477461775747538
3040,0.6875,0.390625,-0.65389542287779778,0.07722030828608796,-0.67759544215471579,-0.0063595678099144012
3041,0.625,0.578125,0.40629628450129646,0.71823676588640006,0.34547797659769264,0.77300221524275825
3042,0.625,0.546875,0.4193991546203355,0.74145925736609886,0.3566337849347026,0.79796446514233876
3043,0.609375,0.5625,0.73280902656492175,0.46255617586547115,0.70764747807621819,0.53839196643163112
3044,0.640625,0.5625,0.018197980238144586,0.80971618735494022,-0.066312752363000466,0.82909544804127155
3045,0.578125,0.625,0.75076958079745448,-0.3415197041496601,0.79540920570352402,-0.29021463533242714
3046,0.546875,0.625,0.12921033945794033,-0.8427944372404913,0.19134004035109473,-0.85285531828762828
3047,0.5625,0.609375,0.52299405272998645,-0.69088355988151007,0.5868608453154136,-0.66801173412393255
3048,0.5625,0.640625,0.48933724759589153,-0.64644546878134623,0.54896833073104878,-0.62487945072635398
3049,0.671875,0.625,-0.55154746768077045,0.38448610918101311,-0.6101003099879807,0.32600093117953299
3050,0.703125,0.625,-0.5618247624481838,-0.2189834842485297,-0.54136328835976022,-0.30246394390138254
3051,0.6875,0.640625,-0.61189122941860752,0.072331016472402102,-0.633845771013549,-0.0059477461775909917
3052,0.6875,0.609375,-0.653895422877805,0.077220308286087058,-0.67759544215470446,-0.0063595678099284915
3053,0.625,0.671875,0.33197745141991386,0.58701161426250026,0.28226311787576097,0.63156113241199885
3054,0.625,0.703125,0.2976912394685578,0.52654546080826148,0.25304876658868264,0.56619626352110264
3055,0.640625,0.6875,0.013587013817429791,0.61770416739275869,-0.050543880902688243,0.63188535267407908
3056,0.609375,0.6875,0.55881919321352247,0.35246992951419326,0.53932408440456436,0.41032263394305835
3057,0.375,0.578125,0.68132171443013001,-0.4681475861025296,0.71355263707314154,-0.45585116664263603
3058,0.375,0.546875,0.70331262892587498,-0.48317429691601549,0.73659417684844009,-0.47057012079961807
3059,0.390625,0.5625,0.86377544397079675,-0.08971270698725306,0.88714162447734923,-0.06069304403674583
3060,0.359375,0.5625,0.36799570068898518,-0.72426806573395031,0.4003187870690651,-0.72913271060354845
3061,0.421875,0.625,0.52023500021448865,0.64376902477881159,0.50484034548165613,0.67978245820572836
3062,0.453125,0.625,-0.2637190261648138,0.81175802840626043,-0.3091488674297222,0.81757590130288349
3063,0.4375,0.609375,0.15809643186137026,0.85444689024427734,0.12288090062007645,0.88068519100417386
3064,0.4375,0.640625,0.14782151147983408,0.7993453836983907,0.11494518854939385,0.82381847664663888
3065,0.328125,0.625,-0.33937725284480885,-0.58562418053430665,-0.33065392753612954,-0.60768045013941407
3066,0.296875,0.625,-0.60536940745042001,-0.030427579304035876,-0.61859987351137191,-0.044601628509156437
3067,0.3125,0.640625,-0.52915240447019063,-0.32316617069320269,-0.53295438809282758,-0.34329324077748624
3068,0.3125,0.609375,-0.56576854891661554,-0.34550705108148216,-0.56974490542265854,-0.36699145883235434
3069,0.375,0.671875,0.55669931023678199,-0.38289793527081289,0.58298878417710154,-0.3724458493521719
3070,0.375,0.703125,0.49910273102881431,-0.3434301810100171,0.52264762068575654,-0.3338985119906957
3071,0.359375,0.6875,0.28060750454820177,-0.55245208224702702,0.30509752902936954,-0.55569876944756147
3072,0.390625,0.6875,0.65828028369824854,-0.068815603140786843,0.67611646578242945,-0.046263248644027512
3073,0.375,0.078125,0.059488011618150365,-0.041900621380818709,0.062053854816278675,-0.03965932062687913
3074,0.375,0.046875,0.022911633022388175,-0.016755284767981948,0.023736819258850218,-0.015180820728418733
3075,0.390625,0.0625,0.049514197829374676,-0.0060511214439466004,0.050071624321009395,-0.0034414250268263373
3076,0.359375,0.0625,0.020536927053327696,-0.041964647851783082,0.022584622951790881,-0.041159373483003088
3077,0.421875,0.125,0.1141720166102588,0.14058909179994508,0.10986587013322317,0.14792222873631691
3078,0.453125,0.125,-0.05716221742623899,0.17840569627594452,-0.067265955615122552,0.1779257592416025
3079,0.4375,0.109375,0.027349302960905125,0.14422627256823109,0.020568452720987566,0.14732946258946622
3080,0.4375,0.140625,0.041308286015859841,0.22126586957194344,0.031662325522821576,0.22687408531968445
3081,0.328125,0.125,-0.074145360840882232,-0.12772375607341305,-0.071953518900581756,-0.13222916392944836
3082,0.296875,0.125,-0.13184649869866583,-0.0062826246120716352,-0.13460598685781494,-0.0096979958017243684
3083,0.3125,0.140625,-0.14589174755675882,-0.088925524178107368,-0.14676519075290168,-0.094530403833204296
3084,0.3125,0.109375,-0.094936930932653693,-0.057715933245230562,-0.095305841285770146,-0.06138222965022265
3085,0.375,0.171875,0.23217969332875535,-0.16021187403038911,0.242933959064771,-0.15520726294532416
3086,0.375,0.203125,0.30019983905285735,-0.2069017249392098,0.31422275428207408,-0.20074893479119404
3087,0.359375,0.1875,0.14109931214190533,-0.27824793219118932,0.15337138481854065,-0.27935291112704064
3088,0.390625,0.1875,0.33122839063907339,-0.034981521713302044,0.3398846497648596,-0.023262853147821869
3089,0.625,0.078125,0.03931045639131673,0.064796335310365188,0.03010482687082626,0.067259101843305705
3090,0.625,0.046875,0.017240906531673331,0.026045554047194979,0.011548817017114972,0.025746957111474206
3091,0.609375,0.0625,0.045566847944799517,0.026003802613711251,0.039998794193506063,0.030380753098130882
3092,0.640625,0.0625,0.0036275821759611973,0.049935336134773585,-0.0037038592648182857,0.046852592669838926
3093,0.578125,0.125,0.16545224498679043,-0.077136077206366088,0.17311232703592103,-0.063192414729743393
3094,0.546875,0.125,0.02736769614822521,-0.18633587935042698,0.041624397782011061,-0.18562186824778223
3095,0.5625,0.109375,0.087989206399591666,-0.11912410330651803,0.098174273379043844,-0.11179293598410255
3096,0.5625,0.140625,0.13546612008535178,-0.18101131813144242,0.15118557867834317,-0.17212192092087475
3097,0.671875,0.125,-0.12263445894044166,0.088335818076610298,-0.13280174972717304,0.07100809751697694
3098,0.703125,0.125,-0.12781919636948511,-0.04731853664773826,-0.11788869360839127,-0.065814070088428225
3099,0.6875,0.140625,-0.17285234388977871,0.022488080117464313,-0.17461871839721743,-0.0016006587334084458
3100,0.6875,0.109375,-0.11406304189333491,0.016277440677862503,-0.11342042599431303,-0.0010140920597195746
3101,0.625,0.171875,0.14031354321918421,0.24679152444703134,0.11764875460888669,0.26320587165105563
3102,0.625,0.203125,0.18014856167784549,0.31812738101122218,0.15215283715677075,0.34042736803584234
3103,0.640625,0.1875,0.007390235197088495,0.31332320566583582,-0.025401660802307463,0.31768912560467932
3104,0.609375,0.1875,0.28297180365472357,0.17787893887679368,0.27114757034305198,0.2062785131517163
3105,0.078125,0.375,-0.057130554329059058,0.043179801526545811,-0.058245016658557358,0.045090660776716453
3106,0.046875,0.375,0.0025570973062910402,0.027948945728552492,0.0028345832677822164,0.02806105271491547
3107,0.0625,0.390625,-0.019757633546539116,0.044797641824264225,-0.019887081515017863,0.046103165068040748
3108,0.0625,0.359375,-0.018458844568550015,0.042011342995816221,-0.018603072533383974,0.043127765080383323
3109,0.125,0.421875,-0.11953621419002693,-0.13594091228028843,-0.12186106640165989,-0.13823271757563169
3110,0.125,0.453125,-0.12345118482085148,-0.14029062770512502,-0.12579710714885625,-0.14269620689908499
3111,0.109375,0.4375,-0.13695044286865937,-0.050701468748589683,-0.13992406147254691,-0.050540882951414484
3112,0.140625,0.4375,-0.050175062550917936,-0.21885837219258419,-0.050273657760562238,-0.22350011733544484
3113,0.125,0.328125,-0.097417226276328747,-0.11120140476214496,-0.099558984387727825,-0.11293957501692252
3114,0.125,0.296875,-0.087235880343627448,-0.099731256178472505,-0.089252664229500123,-0.10124980638476122
3115,0.140625,0.3125,-0.038039217870846249,-0.16709613926002925,-0.038310980926864212,-0.17033880616991554
3116,0.109375,0.3125,-0.10402448451338732,-0.038642334202259453,-0.10663519982998515,-0.038516907776757182
3117,0.171875,0.375,0.19665380156161325,-0.20141335934232096,0.20288353905998466,-0.20481300498594393
3118,0.203125,0.375,0.35727650614494205,0.073280428575092288,0.36459790118071006,0.07817595414901754
3119,0.1875,0.359375,0.29759849953836315,-0.091103662908438118,0.30543721220131986,-0.090946907398403054
3120,0.1875,0.390625,0.31822210388849154,-0.097304771429753717,0.32652208164436708,-0.097223274561439796
3121,0.078125,0.625,-0.057130554329058225,0.043179801526546484,-0.058245016658559051,0.045090660776707092
3122,0.046875,0.625,0.0025570973062911534,0.027948945728553377,0.0028345832677880108,0.028061052714908129
3123,0.0625,0.609375,-0.019757633546538519,0.044797641824265225,-0.019887081515016593,0.046103165068032269
3124,0.0625,0.640625,-0.018458844568549741,0.042011342995816991,-0.018603072533380557,0.043127765080373616
3125,0.125,0.578125,-0.11953621419002629,-0.13594091228028815,-0.12186106640166723,-0.13823271757562719
3126,0.125,0.546875,-0.12345118482085114,-0.14029062770512415,-0.12579710714886017,-0.1426962068990828
3127,0.109375,0.5625,-0.13695044286865857,-0.050701468748588802,-0.13992406147255271,-0.050540882951413152
3128,0.140625,0.5625,-0.050175062550917672,-0.21885837219258353,-0.050273657760565645,-0.22350011733543854
3129,0.125,0.671875,-0.09741722627632754,-0.11120140476214514,-0.099558984387734362,-0.11293957501692926
3130,0.125,0.703125,-0.087235880343626296,-0.099731256178471256,-0.089252664229500442,-0.10124980638476984
3131,0.140625,0.6875,-0.038039217870844667,-0.16709613926002947,-0.038310980926868951,-0.17033880616992206
3132,0.109375,0.6875,-0.10402448451338661,-0.038642334202258356,-0.10663519982998754,-0.038516907776767056
3133,0.171875,0.625,0.19665380156161294,-0.20141335934232235,0.20288353905997791,-0.20481300498593122
3134,0.203125,0.625,0.35727650614493961,0.073280428575091816,0.36459790118071067,0.078175954149028948
3135,0.1875,0.640625,0.29759849953836193,-0.091103662908439798,0.30543721220131487,-0.090946907398392188
3136,0.1875,0.609375,0.31822210388849093,-0.097304771429753731,0.32652208164436652,-0.097223274561425418
3137,0.921875,0.375,-0.10903264510523573,-0.018429134612530918,-0.025178884066480459,-0.069048911979491132
3138,0.953125,0.375,-0.072125856617310385,-0.064815216108048357,0.016457957850564916,-0.022678977661512185
3139,0.9375,0.390625,-0.094301502515869925,-0.044497362106124733,0.0071669633640052783,-0.04951155595527295
3140,0.9375,0.359375,-0.08786773840438987,-0.042157888928740568,0.0067107935053728578,-0.046322659464145863
3141,0.875,0.421875,-0.12700519023239321,0.14344376021364863,-0.17724216179119043,0.049745609412632542
3142,0.875,0.453125,-0.13094044194080875,0.14817706517940621,-0.18296309467721367,0.051354096326713256
3143,0.890625,0.4375,-0.14614372363763276,0.074615382369829605,-0.14481364606006608,-0.033239017774840653
3144,0.859375,0.4375,-0.072845393122098104,0.2193699651351341,-0.16381302316871099,0.1598851031485676
3145,0.875,0.328125,-0.10539975227413347,0.1173126399755612,-0.14483794970805214,0.040642094500661294
3146,0.875,0.296875,-0.095638048736898698,0.10565129050258791,-0.12986641185841077,0.036441492439089354
3147,0.859375,0.3125,-0.057278158421664851,0.16820244942862606,-0.12487743956625363,0.1218664012632438
3148,0.890625,0.3125,-0.11345842354395502,0.056196819423393413,-0.11040017564746368,-0.025347177996893518
3149,0.828125,0.375,0.14651481342524439,0.24337165936598629,0.057866751593384586,0.28229258469912977
3150,0.796875,0.375,0.36091318357559105,0.040792652020121639,0.34773252663790627,0.13429768287295835
3151,0.8125,0.359375,0.26171302444772515,0.17005372635226543,0.20576514857101819,0.24321360769013811
3152,0.8125,0.390625,0.27962051286734541,0.18154232810724014,0.21996663120261586,0.25999807008965764
3153,0.921875,0.625,-0.10903264510523469,-0.01842913461253257,-0.025178884066470206,-0.069048911979492408
3154,0.953125,0.625,-0.072125856617307652,-0.064815216108048551,0.016457957850571872,-0.022678977661503924
3155,0.9375,0.609375,-0.094301502515867094,-0.044497362106125801,0.0071669633640140994,-0.049511555955269189
3156,0.9375,0.640625,-0.087867738404388579,-0.042157888928741859,0.0067107935053837449,-0.046322659464141575
3157,0.875,0.578125,-0.12700519023239534,0.14344376021364608,-0.17724216179118987,0.049745609412627852
3158,0.875,0.546875,-0.13094044194081,0.14817706517940463,-0.18296309467721203,0.051354096326711986
3159,0.890625,0.5625,-0.14614372363763303,0.074615382369827066,-0.14481364606006281,-0.033239017774842866
3160,0.859375,0.5625,-0.072845393122100338,0.21936996513513238,-0.1638130231687113,0.15988510314856566
3161,0.875,0.671875,-0.10539975227413748,0.11731263997556274,-0.14483794970805022,0.040642094500646604
3162,0.875,0.703125,-0.095638048736903722,0.10565129050258873,-0.12986641185840625,0.036441492439079265
3163,0.859375,0.6875,-0.05727815842166871,0.16820244942862927,-0.12487743956625579,0.12186640126322985
3164,0.890625,0.6875,-0.11345842354395935,0.056196819423392927,-0.11040017564745477,-0.025347177996903336
3165,0.828125,0.625,0.14651481342524433,0.24337165936598831,0.05786675159336855,0.28229258469912505
3166,0.796875,0.625,0.36091318357559427,0.040792652020122971,0.347732526637891,0.1342976828729629
3167,0.8125,0.640625,0.26171302444772754,0.1700537263522682,0.20576514857099881,0.24321360769013409
3168,0.8125,0.609375,0.27962051286734679,0.18154232810724202,0.21996663120260287,0.25999807008966203
3169,0.625,0.921875,0.03931045639131725,0.064796335310364384,0.03010482687083562,0.067259101843311186
3170,0.625,0.953125,0.017240906531674118,0.026045554047194969,0.011548817017118412,0.025746957111485953
3171,0.609375,0.9375,0.04556684794480028,0.02600380261371054,0.039998794193514292,0.030380753098139986
3172,0.640625,0.9375,0.0036275821759619901,0.04993533613477337,-0.0037038592648120988,0.046852592669847586
3173,0.578125,0.875,0.16545224498678923,-0.07713607720636706,0.17311232703592741,-0.063192414729750346
3174,0.546875,0.875,0.027367696148224225,-0.18633587935042839,0.041624397782013101,-0.18562186824779164
3175,0.5625,0.890625,0.087989206399591152,-0.11912410330651951,0.098174273379051533,-0.11179293598410935
3176,0.5625,0.859375,0.13546612008535036,-0.18101131813144292,0.15118557867834517,-0.17212192092088244
3177,0.671875,0.875,-0.12263445894044207,0.088335818076609618,-0.13280174972717135,0.071008097516968141
3178,0.703125,0.875,-0.12781919636948549,-0.0473185366477391,-0.11788869360838745,-0.065814070088437093
3179,0.6875,0.859375,-0.17285234388977974,0.022488080117463897,-0.17461871839721729,-0.0016006587334197631
3180,0.6875,0.890625,-0.11406304189333474,0.016277440677861656,-0.11342042599430864,-0.0010140920597257973
3181,0.625,0.828125,0.14031354321918402,0.24679152444703267,0.11764875460887532,0.26320587165105441
3182,0.625,0.796875,0.1801485616778466,0.31812738101122395,0.15215283715675593,0.34042736803584905
3183,0.640625,0.8125,0.0073902351970883346,0.31332320566583721,-0.025401660802321459,0.3176891256046791
3184,0.609375,0.8125,0.28297180365472441,0.17787893887679548,0.27114757034303888,0.20627851315172052
3185,0.375,0.921875,0.059488011618150038,-0.041900621380817689,0.062053854816280715,-0.039659320626886714
3186,0.375,0.953125,0.022911633022387305,-0.016755284767981563,0.023736819258857005,-0.015180820728420889
3187,0.390625,0.9375,0.049514197829374343,-0.0060511214439449498,0.050071624321013114,-0.0034414250268318698
3188,0.359375,0.9375,0.020536927053326683,-0.041964647851783339,0.022584622951797934,-0.041159373483007862
3189,0.421875,0.875,0.11417201661026176,0.1405890917999463,0.10986587013321285,0.14792222873632047
3190,0.453125,0.875,-0.0571622174262372,0.1784056962759448,-0.067265955615132461,0.17792575924160373
3191,0.4375,0.890625,0.027349302960907436,0.14422627256823276,0.020568452720978212,0.14732946258946478
3192,0.4375,0.859375,0.041308286015862276,0.22126586957194333,0.031662325522812639,0.22687408531969225
3193,0.328125,0.875,-0.074145360840884689,-0.12772375607341313,-0.071953518900587141,-0.13222916392946293
3194,0.296875,0.875,-0.13184649869866896,-0.0062826246120724419,-0.13460598685781264,-0.0096979958017421996
3195,0.3125,0.859375,-0.14589174755676179,-0.08892552417810691,-0.14676519075291103,-0.094530403833221449
3196,0.3125,0.890625,-0.094936930932656566,-0.057715933245231693,-0.095305841285765247,-0.061382229650237152
3197,0.375,0.828125,0.23217969332875751,-0.16021187403038836,0.24293395906476561,-0.15520726294530837
3198,0.375,0.796875,0.30019983905285946,-0.20690172493920936,0.31422275428207913,-0.20074893479117334
3199,0.359375,0.8125,0.1410993121419066,-0.2782479321911881,0.15337138481853155,-0.27935291112702432
3200,0.390625,0.8125,0.33122839063907628,-0.034981521713302079,0.33988464976486721,-0.023262853147799575
3201,0.03125,0.015625,-3.49101263897207e-05,3.8148581756354517e-05,2.8963484659163639e-05,3.9739718501935649e-05
3202,0.015625,0.03125,-3.3819247757737817e-05,8.4940032267850199e-06,4.6191797691762673e-05,1.857966359503249e-05
3203,0.046875,0.03125,-2.0762824350709824e-05,0.00050019991990017741,4.6084004674624716e-05,0.00045762904577787312
3204,0.03125,0.046875,0.00015435638203308903,0.00043120947643819819,0.00026590297831874247,0.00037542836043049358
3205,0.96875,0.015625,0.0047934324582202892,-0.0053536715344865392,0.00013259587338906439,-9.5176923858871239e-05
3206,0.984375,0.03125,0.0071382600430693931,-0.0058003330846401052,0.00017489414578903889,-7.2557391555804154e-05
3207,0.953125,0.03125,-0.0005411868769058044,-0.0092219062033529371,0.00029280645869493035,-0.00050018857350666202
3208,0.96875,0.046875,0.0025805107157331696,-0.011671731967874922,0.0004848163009773097,-0.00034887691433127126
3209,0.984375,0.96875,0.0071382600430675682,-0.0058003330846417202,0.0001748941457863978,-7.2557391547244582e-05
3210,0.96875,0.984375,0.0047934324582186933,-0.0053536715344881976,0.00013259587338636868,-9.5176923850516417e-05
3211,0.96875,0.953125,0.0025805107157300766,-0.011671731967874925,0.00048481630098197464,-0.00034887691432101671
3212,0.953125,0.96875,-0.00054118687690859796,-0.0092219062033531921,0.00029280645869934836,-0.00050018857349666697
3213,0.015625,0.96875,-3.3819247757547282e-05,8.4940032270489605e-06,4.6191797701866813e-05,1.8579663601615444e-05
3214,0.03125,0.984375,-3.491012638975984e-05,3.8148581756495714e-05,2.8963484669260475e-05,3.9739718508201965e-05
3215,0.03125,0.953125,0.00015435638203354645,0.00043120947643831664,0.0002659029783337217,0.00037542836042843517
3216,0.046875,0.96875,-2.0762824350691975e-05,0.00050019991990030675,4.6084004689335964e-05,0.00045762904577535815
3217,0.484375,0.46875,-0.94452805868707379,0.25249918725518394,-0.98055062336494603,0.20796917577434393
3218,0.46875,0.484375,-0.70931450159078546,0.67281368340333492,-0.76071502893767384,0.65272027659133691
3219,0.46875,0.453125,-0.69829548482387405,0.66239340338835073,-0.74886324729220333,0.64255139521958415
3220,0.453125,0.46875,-0.29750592008266052,0.91607214637329493,-0.34900095994892061,0.92297444043657428
3221,0.515625,0.46875,-0.72812777395473105,-0.65403115561481351,-0.70461725006739473,-0.7129239436900191
3222,0.53125,0.484375,-0.32958177103332037,-0.92128286072627963,-0.2764529996955164,-0.96348820317259964
3223,0.53125,0.453125,-0.3244315583730113,-0.90694238780636871,-0.27214547722851751,-0.94847662939095734
3224,0.546875,0.46875,0.1456785795035786,-0.95115300419037918,0.21600453612997453,-0.96280261843178283
3225,0.53125,0.515625,-0.32958177103331965,-0.92128286072627852,-0.27645299969550846,-0.96348820317259154
3226,0.515625,0.53125,-0.72812777395473127,-0.65403115561481262,-0.70461725006737785,-0.71292394369000089
3227,0.546875,0.53125,0.14567857950358071,-0.95115300419037763,0.2160045361299803,-0.96280261843177661
3228,0.53125,0.546875,-0.32443155837300997,-0.90694238780636816,-0.27214547722850757,-0.94847662939094235
3229,0.46875,0.515625,-0.70931450159078724,0.67281368340333458,-0.76071502893766574,0.65272027659133913
3230,0.484375,0.53125,-0.94452805868707723,0.25249918725518405,-0.98055062336493215,0.2079691757743525
3231,0.453125,0.53125,-0.29750592008266397,0.91607214637329504,-0.34900095994890407,0.92297444043657062
3232,0.46875,0.546875,-0.6982954848238796,0.66239340338835118,-0.74886324729218134,0.64255139521958926
3233,0.46875,0.015625,-0.0031472366950538429,0.0040911939791751896,-0.0026352684920103362,0.002278489534399806
3234,0.484375,0.03125,-0.015073106251469917,0.0053457850923201164,-0.014207446881102221,0.0030348318910051442
3235,0.453125,0.03125,-0.0038562712615021967,0.015105359597359366,-0.0050414464996172501,0.013379877804912751
3236,0.46875,0.046875,-0.022854695588709485,0.023564250221136684,-0.024134826401078474,0.02073784625763761
3237,0.53125,0.015625,-0.0026711379551278176,-0.0050432914258470652,-0.00097691156258364288,-0.0033526758281588517
3238,0.515625,0.03125,-0.012923985219830592,-0.0099201972430025924,-0.01023084791478813,-0.010320308782606633
3239,0.546875,0.03125,0.0010987923330205073,-0.016588172161020757,0.0031102513509920996,-0.013971856964308952
3240,0.53125,0.046875,-0.012732127955728166,-0.031037281524502757,-0.0088041848318958209,-0.030588728786183544
3241,0.015625,0.46875,0.0035480615142229458,0.002336518323078839,0.0032339394518770921,0.0013769953254649154
3242,0.03125,0.484375,0.0083736408325536336,0.012503720219381304,0.0084174274664538876,0.011871489176522275
3243,0.03125,0.453125,0.0082245091823577518,0.01233682473917783,0.0082858969018369481,0.011686819019247599
3244,0.046875,0.46875,0.0029306706720115621,0.031306145354131378,0.0032016967364690107,0.031675567159932715
3245,0.015625,0.53125,0.0035480615142226518,0.0023365183230793689,0.0032339394518790107,0.0013769953254644867
3246,0.03125,0.515625,0.0083736408325536128,0.012503720219381707,0.0084174274664545693,0.011871489176521604
3247,0.03125,0.546875,0.0082245091823576495,0.012336824739178761,0.0082858969018391928,0.011686819019245535
3248,0.046875,0.53125,0.0029306706720117416,0.031306145354132252,0.0032016967364694063,0.031675567159930626
3249,0.984375,0.46875,-0.012820981185983184,-0.10978582719435337,0.0033712504330502676,-0.001182247936644034
3250,0.96875,0.484375,-0.054384966060380714,-0.096230691204341981,0.012614906719122555,-0.0068413904301527183
3251,0.96875,0.453125,-0.05339114142483041,-0.094605377978934188,0.012420593290965756,-0.0067324047266623856
3252,0.953125,0.46875,-0.08274911864225204,-0.073018800389928445,0.018557396020162091,-0.025602842425327926
3253,0.984375,0.53125,-0.012820981185981736,-0.10978582719435215,0.0033712504330490004,-0.0011822479366407432
3254,0.96875,0.515625,-0.054384966060379666,-0.096230691204341592,0.012614906719122692,-0.0068413904301508569
3255,0.96875,0.546875,-0.053391141424827697,-0.094605377978933494,0.012420593290966276,-0.0067324047266571546
3256,0.953125,0.53125,-0.082749118642249889,-0.073018800389928473,0.018557396020163951,-0.025602842425324797
3257,0.53125,0.984375,-0.0026711379551281715,-0.0050432914258466046,-0.00097691156258157682,-0.0033526758281532099
3258,0.515625,0.96875,-0.012923985219831007,-0.009920197243001954,-0.010230847914782957,-0.010320308782604832
3259,0.546875,0.96875,0.0010987923330207899,-0.01658817216102031,0.0031102513509964238,-0.013971856964302575
3260,0.53125,0.953125,-0.012732127955727812,-0.03103728152450248,-0.0088041848318889046,-0.030588728786182132
3261,0.46875,0.984375,-0.0031472366950556635,0.0040911939791760032,-0.0026352684920055935,0.0022784895344005285
3262,0.484375,0.96875,-0.015073106251471066,0.0053457850923213542,-0.014207446881097175,0.0030348318910037356
3263,0.453125,0.96875,-0.0038562712615036856,0.015105359597361192,-0.0050414464996124684,0.01337987780491034
3264,0.46875,0.953125,-0.022854695588710207,0.023564250221138727,-0.024134826401074973,0.02073784625763251
3265,0.234375,0.21875,0.086885697278778956,0.22228551087560947,0.085506966147598187,0.22813890196695646
3266,0.21875,0.234375,0.18220446667521178,0.15369168526377391,0.18448616390049299,0.15913056898290479
3267,0.21875,0.203125,0.1482184106519997,0.1250319498883401,0.15009986235344552,0.12946952327895747
3268,0.203125,0.21875,0.18966960129835872,0.03876713108624489,0.19381838442103103,0.0415537658055996
3269,0.28125,0.265625,-0.35449064140437225,0.17109956467607865,-0.36648884481670252,0.16734077879384079
3270,0.265625,0.28125,-0.22961981906611223,0.3201024632510287,-0.24129623157161259,0.3226402713887096
3271,0.296875,0.28125,-0.4501920205599641,-0.022378926260906058,-0.46015585172857604,-0.033172860288465958
3272,0.28125,0.296875,-0.40594853285350008,0.19579226985891707,-0.41967449844018706,0.19162349087242134
3273,0.265625,0.21875,-0.16409857700598349,0.22895345367063097,-0.17244192870398406,0.23057632561020211
3274,0.28125,0.234375,-0.29995442120521454,0.14488805361646956,-0.31011360517758746,0.14160123087147136
3275,0.28125,0.203125,-0.24404697654627239,0.1179831004783234,-0.2523121516520585,0.1152100381647724
3276,0.296875,0.21875,-0.32172230999068768,-0.01584533416486953,-0.32884920993587513,-0.02370383915120183
3277,0.21875,0.265625,0.21538354182206176,0.18164621117077162,0.21802449777683558,0.1880598878589434
3278,0.234375,0.28125,0.12166516906013836,0.31095284619232216,0.119650532017564,0.3192335281453062
3279,0.203125,0.28125,0.26552572037072564,0.054382178873369859,0.27120987657472884,0.058149317683683192
3280,0.21875,0.296875,0.24672197993040146,0.20801440470459362,0.24966588732934372,0.21535250234578618
3281,0.765625,0.21875,0.16121549339093449,-0.17870175956544912,0.19662877756723501,-0.14387115049524199
3282,0.78125,0.234375,0.22497792450520632,-0.084496945506801799,0.24152190094566856,-0.031960182521039743
3283,0.78125,0.203125,0.18461106658389725,-0.069916748466751361,0.19653236594013562,-0.026020168454571543
3284,0.796875,0.21875,0.19613361505326721,0.02198755305852378,0.18492590319800339,0.071403984943815946
3285,0.71875,0.265625,-0.25700820765854165,-0.29791162963105061,-0.21439209284542615,-0.34106848603528117
3286,0.734375,0.28125,-0.088475584676144983,-0.38310216894870264,-0.024581458111952819,-0.40209221000526707
3287,0.703125,0.28125,-0.41898880334504363,-0.16330308659881981,-0.40272041813182791,-0.2250014509896974
3288,0.71875,0.296875,-0.29373474752810336,-0.34039370760356341,-0.24549662845116263,-0.39055244346510537
3289,0.734375,0.21875,-0.063970766058141712,-0.27607094604718224,-0.017576519175993101,-0.28739152589474809
3290,0.71875,0.234375,-0.21830123951012739,-0.25288703344859126,-0.18142580365558364,-0.2886171861917694
3291,0.71875,0.203125,-0.17884700529678113,-0.20662761264699428,-0.14762938562628194,-0.23483754911937063
3292,0.703125,0.21875,-0.30135605067304955,-0.11710000069737497,-0.28783416617285723,-0.16080490086472435
3293,0.78125,0.265625,0.26427319642481156,-0.098972001532205395,0.28540036807604069,-0.037757967400891455
3294,0.765625,0.28125,0.22339727444100632,-0.24677695981018208,0.27510081153227389,-0.20126764256538843
3295,0.796875,0.28125,0.2703866695855664,0.030830136840663831,0.25869822073448873,0.099910652569814476
3296,0.78125,0.296875,0.30135714211135262,-0.11284900725000696,0.32679679579123416,-0.043231394359656776
3297,0.78125,0.765625,0.22497792450520757,-0.084496945506796664,0.24152190094568393,-0.031960182521030944
3298,0.765625,0.78125,0.16121549339093494,-0.17870175956544465,0.19662877756724984,-0.14387115049523572
3299,0.796875,0.78125,0.19613361505326521,0.021987553058528068,0.1849259031980138,0.071403984943831184
3300,0.78125,0.796875,0.18461106658389531,-0.069916748466747711,0.19653236594014728,-0.026020168454557558
3301,0.734375,0.71875,-0.088475584676140279,-0.38310216894870613,-0.024581458111951421,-0.40209221000526923
3302,0.71875,0.734375,-0.25700820765853899,-0.29791162963105411,-0.21439209284542676,-0.34106848603528572
3303,0.71875,0.703125,-0.2937347475281013,-0.34039370760357013,-0.24549662845116565,-0.39055244346510681
3304,0.703125,0.71875,-0.4189888033450434,-0.16330308659882578,-0.40272041813183007,-0.22500145098969768
3305,0.78125,0.734375,0.26427319642481595,-0.098972001532200579,0.28540036807605013,-0.037757967400888888
3306,0.765625,0.71875,0.22339727444101282,-0.24677695981018047,0.27510081153227922,-0.20126764256538929
3307,0.796875,0.71875,0.27038666958557017,0.030830136840669351,0.25869822073449122,0.099910652569813824
3308,0.78125,0.703125,0.301357142111359,-0.11284900725000405,0.32679679579123311,-0.043231394359657942
3309,0.734375,0.78125,-0.063970766058140519,-0.27607094604718013,-0.017576519175984056,-0.28739152589475342
3310,0.71875,0.765625,-0.21830123951012548,-0.25288703344859137,-0.18142580365558053,-0.28861718619177756
3311,0.71875,0.796875,-0.17884700529678127,-0.20662761264699298,-0.14762938562627859,-0.23483754911937943
3312,0.703125,0.78125,-0.30135605067304932,-0.11710000069737496,-0.28783416617285901,-0.16080490086473209
3313,0.21875,0.765625,0.18220446667521495,0.15369168526377347,0.18448616390049402,0.15913056898289266
3314,0.234375,0.78125,0.086885697278780594,0.22228551087560941,0.085506966147595662,0.22813890196694303
3315,0.203125,0.78125,0.18966960129836138,0.03876713108624516,0.19381838442103985,0.04155376580558983
3316,0.21875,0.796875,0.14821841065200106,0.12503194988834007,0.15009986235345227,0.12946952327894543
3317,0.265625,0.71875,-0.22961981906611234,0.32010246325102759,-0.24129623157161456,0.32264027138871754
3318,0.28125,0.734375,-0.35449064140437253,0.17109956467607823,-0.36648884481670885,0.16734077879384973
3319,0.28125,0.703125,-0.40594853285350108,0.19579226985891654,-0.41967449844018434,0.19162349087243216
3320,0.296875,0.71875,-0.45019202055996449,-0.022378926260906335,-0.46015585172857693,-0.033172860288452136
3321,0.21875,0.734375,0.21538354182206457,0.18164621117077007,0.21802449777683622,0.18805988785893807
3322,0.234375,0.71875,0.12166516906013956,0.31095284619232028,0.11965053201756239,0.31923352814530709
3323,0.203125,0.71875,0.26552572037072825,0.054382178873367923,0.27120987657472967,0.058149317683678162
3324,0.21875,0.703125,0.24672197993040226,0.20801440470459109,0.24966588732934256,0.21535250234578643
3325,0.265625,0.78125,-0.1640985770059836,0.22895345367063161,-0.1724419287039993,0.23057632561019328
3326,0.28125,0.765625,-0.29995442120521465,0.14488805361647011,-0.31011360517760483,0.14160123087147256
3327,0.28125,0.796875,-0.24404697654627361,0.11798310047832472,-0.25231215165207871,0.11521003816476262
3328,0.296875,0.78125,-0.32172230999068835,-0.015845334164868385,-0.32884920993589761,-0.023703839151200567
3329,0.21875,0.015625,0.0013678013735179823,0.0010180101314353127,0.0012367970325471564,0.0010610934383109302
3330,0.234375,0.03125,0.0028414937363950522,0.0069625017903972028,0.0026313412461852217,0.0070084443495994951
3331,0.203125,0.03125,0.0058778913316717332,0.0010689820858598693,0.0059554357306200335,0.001272518009436961
3332,0.21875,0.046875,0.011298981798735321,0.009422283619692249,0.011340083315408178,0.0097762673454921799
3333,0.28125,0.015625,-0.0022021356765237884,0.0014270333499780863,-0.0020745818190410097,0.00095454021345573934
3334,0.265625,0.03125,-0.0049812219690398302,0.0074763725363791514,-0.0052948772475666477,0.0070900707578480382
3335,0.296875,0.03125,-0.010226366266933729,-0.0001196689421188592,-0.010107623932139194,-0.00072062921426614549
3336,0.28125,0.046875,-0.018515481753512673,0.009385609308051962,-0.019058053726662229,0.0087102503308287577
3337,0.015625,0.21875,0.0012213054480193547,0.0012195534444889823,0.0015163155731163793,0.00064759303176363428
3338,0.03125,0.234375,0.0039696657909041311,0.0067912516699829362,0.0043382817056791083,0.0061299568710377998
3339,0.03125,0.203125,0.0031593338712065521,0.0055554064661051889,0.0035286142876698821,0.004987231029450776
3340,0.046875,0.21875,0.0011981076770228535,0.015190333201572299,0.0015031677303582738,0.01492076804329749
3341,0.015625,0.28125,0.001932943821420555,0.0016942220920779661,0.0021247229197708627,0.00090744080456842829
3342,0.03125,0.265625,0.0047831389677277071,0.0079732668006102982,0.0051284042589492861,0.0072442412163383546
3343,0.03125,0.296875,0.0055699607576051901,0.0090612690393768128,0.0058742138829385544,0.0082951650196571129
3344,0.046875,0.28125,0.0018040809182878247,0.021070363675592271,0.0021059851844034525,0.020876985112180866
3345,0.78125,0.015625,0.0061715328139678987,-0.0032287510321953065,0.0016923591763188029,-0.00024870942956633878
3346,0.765625,0.03125,0.0070802140981411502,-0.011082000717639926,0.0060817248038538847,-0.0045055536317009891
3347,0.796875,0.03125,0.012097817815843015,-0.00071386450897815816,0.0057802398499726257,0.002179415110860128
3348,0.78125,0.046875,0.018494266798006555,-0.010183541745544866,0.014923972362372757,-0.0020380850154512677
3349,0.71875,0.015625,-0.0051208575467817149,-0.0043586942756855453,-0.0012672363722838244,-0.0019754250976231126
3350,0.734375,0.03125,-0.0051051481922600433,-0.012899447171857885,-0.00058481661604946377,-0.0089019277275195641
3351,0.703125,0.03125,-0.014197605181845393,-0.0031894384429130328,-0.0089215994248778088,-0.0049386608736819446
3352,0.71875,0.046875,-0.018745198481234546,-0.017510276554850105,-0.011232641764583154,-0.017772989849874157
3353,0.984375,0.21875,0.0018352622564454762,-0.05367547915765547,0.00172125384579041,-0.0005746470467550411
3354,0.96875,0.234375,-0.022319278672590027,-0.053802823473605009,0.0066136760298352226,-0.0035884505816607833
3355,0.96875,0.203125,-0.016552942559307889,-0.046528944863888692,0.0054122045453635611,-0.0029620111096828471
3356,0.953125,0.21875,-0.035992056391063225,-0.041258261332889248,0.008799849529868127,-0.012163717550109277
3357,0.984375,0.28125,-0.0036637888768163485,-0.071975997105332035,0.0023000220002687365,-0.00076373418559849682
3358,0.96875,0.265625,-0.028301820022932165,-0.06107560127274856,0.0077797369789677174,-0.0042029624250476873
3359,0.96875,0.296875,-0.034182230740225743,-0.068232140651824924,0.0088763471898102592,-0.0047880166589924439
3360,0.953125,0.28125,-0.051617852675454511,-0.051222558181160956,0.012281557850748867,-0.016915916646099583
3361,0.984375,0.78125,0.0018352622564481859,-0.053675479157653236,0.0017212538457904276,-0.00057464704675294783
3362,0.96875,0.765625,-0.022319278672586394,-0.053802823473605065,0.0066136760298357578,-0.003588450581657176
3363,0.96875,0.796875,-0.016552942559304246,-0.046528944863886985,0.0054122045453650338,-0.0029620111096838779
3364,0.953125,0.78125,-0.035992056391059055,-0.041258261332890234,0.008799849529868748,-0.012163717550109653
3365,0.984375,0.71875,-0.0036637888768138562,-0.071975997105331938,0.0023000220002664081,-0.00076373418558903455
3366,0.96875,0.734375,-0.028301820022929358,-0.061075601272749698,0.0077797369789692405,-0.0042029624250394882
3367,0.96875,0.703125,-0.034182230740223751,-0.068232140651826159,0.0088763471898131094,-0.0047880166589813851
3368,0.953125,0.71875,-0.051617852675452956,-0.05122255818116369,0.012281557850755138,-0.016915916646091055
3369,0.78125,0.984375,0.006171532813968021,-0.0032287510321938151,0.0016923591763189473,-0.00024870942956672237
3370,0.765625,0.96875,0.0070802140981421164,-0.011082000717638514,0.0060817248038535802,-0.0045055536317008321
3371,0.796875,0.96875,0.012097817815843716,-0.00071386450897695621,0.0057802398499729075,0.0021794151108586656
3372,0.78125,0.953125,0.018494266798007992,-0.010183541745544065,0.014923972362372006,-0.0020380850154521871
3373,0.71875,0.984375,-0.0051208575467815735,-0.0043586942756838904,-0.0012672363722863295,-0.0019754250976205786
3374,0.734375,0.96875,-0.0051051481922590597,-0.01289944717185635,-0.00058481661605000934,-0.0089019277275174894
3375,0.703125,0.96875,-0.014197605181844609,-0.0031894384429116108,-0.0089215994248789433,-0.0049386608736772756
3376,0.71875,0.953125,-0.018745198481233086,-0.017510276554849064,-0.011232641764581858,-0.017772989849871277
3377,0.015625,0.78125,0.001221305448019634,0.0012195534444867911,0.0015163155731128118,0.00064759303176408086
3378,0.03125,0.765625,0.0039696657909030078,0.0067912516699810774,0.0043382817056770145,0.0061299568710410203
3379,0.03125,0.796875,0.0031593338712061561,0.0055554064661027377,0.0035286142876644381,0.0049872310294514074
3380,0.046875,0.78125,0.0011981076770210554,0.015190333201570538,0.0015031677303539602,0.014920768043301915
3381,0.015625,0.71875,0.001932943821419767,0.0016942220920768318,0.0021247229197745208,0.00090744080457167916
3382,0.03125,0.734375,0.0047831389677263237,0.0079732668006092661,0.0051284042589519827,0.0072442412163410174
3383,0.03125,0.703125,0.0055699607576039792,0.0090612690393765006,0.0058742138829452973,0.0082951650196573679
3384,0.046875,0.71875,0.0018040809182861344,0.021070363675592313,0.002105985184408775,0.020876985112180731
3385,0.21875,0.984375,0.0013678013735196257,0.0010180101314368592,0.0012367970325364492,0.0010610934383160533
3386,0.234375,0.96875,0.0028414937363975055,0.0069625017903974656,0.0026313412461794789,0.0070084443496113711
3387,0.203125,0.96875,0.0058778913316736934,0.0010689820858611691,0.0059554357306097127,0.0012725180094441276
3388,0.21875,0.953125,0.011298981798738004,0.0094222836196922906,0.011340083315403525,0.0097762673455058634
3389,0.28125,0.984375,-0.0022021356765220428,0.0014270333499775308,-0.0020745818190437198,0.00095454021346605162
3390,0.265625,0.96875,-0.0049812219690378622,0.0074763725363781765,-0.0052948772475665609,0.007090070757860307
3391,0.296875,0.96875,-0.010226366266932786,-0.00011966894212059636,-0.010107623932134624,-0.00072062921425658315
3392,0.28125,0.953125,-0.018515481753511781,0.0093856093080498179,-0.019058053726654364,0.0087102503308384704
3393,0.484375,0.28125,-0.62270454442078749,0.16708020704457868,-0.64611099487851942,0.13704574492977337
3394,0.46875,0.265625,-0.43303723443435443,0.41126120955247164,-0.46401903425070962,0.398150556206883
3395,0.46875,0.296875,-0.49575859442687287,0.4706892085249767,-0.53135633629874712,0.45592755394680717
3396,0.453125,0.28125,-0.19632384218547222,0.60428074010173138,-0.22996909094914705,0.60817452498954505
3397,0.515625,0.28125,-0.47990891880665404,-0.43094136372314196,-0.46428906481022969,-0.46975809179991385
3398,0.53125,0.265625,-0.20099090783832932,-0.56250954126225983,-0.16862668278411927,-0.58770353337840386
3399,0.53125,0.296875,-0.23008780272623211,-0.64383936653122198,-0.19309718187451091,-0.67298829473677235
3400,0.546875,0.28125,0.096344329235920831,-0.6275154556969007,0.14233604081188347,-0.63442004205607594
3401,0.484375,0.21875,-0.44546723371398878,0.11978210263350515,-0.46174895979463021,0.097945025761488544
3402,0.46875,0.234375,-0.36656724144363173,0.34828762543583641,-0.3926435966534142,0.33690900998769352
3403,0.46875,0.203125,-0.29841693730709645,0.28377042156595395,-0.31946239158264228,0.27411903564694179
3404,0.453125,0.21875,-0.14036017484382857,0.43239382215122779,-0.16434798046027965,0.43463763232734676
3405,0.515625,0.21875,-0.34349839764979107,-0.30831792654400941,-0.33181129748105276,-0.3357162104850327
3406,0.53125,0.234375,-0.17024279430069109,-0.47637591629115139,-0.14269011176592369,-0.49730559755321652
3407,0.53125,0.203125,-0.13884026635207794,-0.3881148706682076,-0.11609930677731883,-0.40462175521608718
3408,0.546875,0.21875,0.068869632114937115,-0.44943964381216961,0.10172101914781753,-0.45340117836465782
3409,0.28125,0.484375,-0.58137971873608718,0.27959780529386291,-0.60083380577658729,0.27432912638992757
3410,0.265625,0.46875,-0.34843116566711796,0.48497595837873819,-0.36619663410388903,0.48963901278483285
3411,0.296875,0.46875,-0.68361045763620332,-0.034539879546654474,-0.69835280741355044,-0.05035537746040783
3412,0.28125,0.453125,-0.57230040578301866,0.27527822296841054,-0.5914722716406261,0.27005551679983669
3413,0.28125,0.515625,-0.58137971873608429,0.27959780529386297,-0.60083380577658729,0.27432912638992496
3414,0.265625,0.53125,-0.34843116566711602,0.48497595837874014,-0.36619663410388387,0.48963901278482713
3415,0.296875,0.53125,-0.68361045763619899,-0.03453987954665496,-0.69835280741355554,-0.050355377460414158
3416,0.28125,0.546875,-0.57230040578301467,0.27527822296841148,-0.59147227164062388,0.27005551679982881
3417,0.21875,0.484375,0.35380872751061687,0.29774179205011719,0.35744637840874105,0.3083148636586478
3418,0.234375,0.46875,0.18516144857149278,0.47150686751364967,0.18159464586158797,0.48447765116425096
3419,0.203125,0.46875,0.40358038550179609,0.082817347446028977,0.41160549173922317,0.088256896212944788
3420,0.21875,0.453125,0.34826198529857572,0.29310780650348961,0.35187664406248897,0.30351104530482093
3421,0.21875,0.515625,0.35380872751061604,0.29774179205011819,0.35744637840874627,0.30831486365864857
3422,0.234375,0.53125,0.185161448571492,0.47150686751365256,0.18159464586159749,0.48447765116424812
3423,0.203125,0.53125,0.40358038550179526,0.082817347446030892,0.41160549173923466,0.088256896212948965
3424,0.21875,0.546875,0.34826198529857438,0.29310780650349244,0.35187664406250274,0.30351104530482287
3425,0.71875,0.484375,-0.41984184311238859,-0.48629751447055181,-0.35145811779026953,-0.55912301635715167
3426,0.734375,0.46875,-0.13454987096353205,-0.57909124406441503,-0.037312732615543034,-0.6101931996861546
3427,0.703125,0.46875,-0.63398542256439983,-0.2474275950895341,-0.61115151962266023,-0.34146131830978393
3428,0.71875,0.453125,-0.41331555011608789,-0.47867772336885284,-0.34598250886539261,-0.55041075749528023
3429,0.71875,0.515625,-0.41984184311238892,-0.48629751447055114,-0.35145811779026603,-0.55912301635715034
3430,0.734375,0.53125,-0.13454987096353307,-0.57909124406441459,-0.037312732615534701,-0.61019319968614905
3431,0.703125,0.53125,-0.63398542256440127,-0.24742759508953324,-0.61115151962265502,-0.34146131830978094
3432,0.71875,0.546875,-0.41331555011608984,-0.47867772336885145,-0.34598250886538445,-0.55041075749527513
3433,0.78125,0.484375,0.42874040717728906,-0.16103170295473762,0.46781760126298555,-0.061888828296419
3434,0.765625,0.46875,0.33614932981401457,-0.37252800563936495,0.41745236857504203,-0.30542360637191895
3435,0.796875,0.46875,0.40708039718549827,0.045998568707198859,0.39255632951517344,0.15160990469057431
3436,0.78125,0.453125,0.42208670597434317,-0.15853952721714326,0.46052928700296042,-0.060924725315294082
3437,0.78125,0.515625,0.42874040717728801,-0.16103170295473765,0.46781760126298905,-0.0618888282964144
3438,0.765625,0.53125,0.33614932981401302,-0.37252800563936467,0.41745236857505019,-0.30542360637191091
3439,0.796875,0.53125,0.40708039718549649,0.045998568707198248,0.39255632951517777,0.15160990469058208
3440,0.78125,0.546875,0.42208670597434156,-0.15853952721714301,0.46052928700296686,-0.060924725315283236
3441,0.515625,0.71875,-0.47990891880665515,-0.43094136372314096,-0.46428906481023541,-0.46975809179992711
3442,0.53125,0.734375,-0.20099090783832976,-0.56250954126225805,-0.16862668278411558,-0.58770353337840608
3443,0.53125,0.703125,-0.23008780272623025,-0.6438393665312202,-0.19309718187451524,-0.67298829473677968
3444,0.546875,0.71875,0.096344329235923079,-0.62751545569689871,0.14233604081188928,-0.63442004205607505
3445,0.484375,0.71875,-0.62270454442079115,0.1670802070445791,-0.64611099487852863,0.13704574492974916
3446,0.46875,0.734375,-0.43303723443435782,0.4112612095524707,-0.46401903425071023,0.39815055620686074
3447,0.46875,0.703125,-0.49575859442687809,0.47068920852497831,-0.53135633629875501,0.45592755394677759
3448,0.453125,0.71875,-0.19632384218547647,0.60428074010173172,-0.22996909094914481,0.60817452498951463
3449,0.515625,0.78125,-0.34349839764979373,-0.30831792654400914,-0.33181129748105126,-0.3357162104850272
3450,0.53125,0.765625,-0.17024279430069275,-0.47637591629115006,-0.14269011176592036,-0.49730559755321124
3451,0.53125,0.796875,-0.13884026635207958,-0.38811487066820671,-0.11609930677731929,-0.40462175521607857
3452,0.546875,0.78125,0.068869632114936769,-0.44943964381216761,0.10172101914781917,-0.45340117836464733
3453,0.484375,0.78125,-0.44546723371399172,0.11978210263350304,-0.46174895979462494,0.097945025761490515
3454,0.46875,0.765625,-0.36656724144363484,0.34828762543583391,-0.3926435966534057,0.33690900998768841
3455,0.46875,0.796875,-0.29841693730709884,0.28377042156595106,-0.31946239158263678,0.27411903564695134
3456,0.453125,0.78125,-0.14036017484383045,0.43239382215122474,-0.16434798046026552,0.43463763232735142
3457,0.109375,0.09375,-0.016094460456855583,-0.005976333249255528,-0.016645912955862513,-0.0060100406306304579
3458,0.09375,0.109375,-0.016932285452432277,0.0026129386350264247,-0.017485848143246985,0.0027469936100735564
3459,0.09375,0.078125,-0.0092069289057929802,0.0014519379055158205,-0.0095433795748251105,0.0015002273078638868
3460,0.078125,0.09375,-0.007424367875129222,0.0058364890712491084,-0.0076401578631023663,0.0059174956719970553
3461,0.15625,0.140625,0.017399997253865786,-0.062149925259490112,0.018148177304342289,-0.063158823580136539
3462,0.140625,0.15625,-0.014180449339472406,-0.063028228344350179,-0.014417780693964285,-0.064113556806967315
3463,0.171875,0.15625,0.062135720748603081,-0.064022758846676645,0.064164592831494477,-0.064779331052936165
3464,0.15625,0.171875,0.024147656319354179,-0.086185748603825926,0.025181548317367353,-0.087635181478067953
3465,0.140625,0.09375,-0.0058656348068132289,-0.026169145041000624,-0.0059804422693379928,-0.026591082521615943
3466,0.15625,0.109375,0.011286937919651035,-0.040392341106986807,0.011784076944685445,-0.041012409540906951
3467,0.15625,0.078125,0.0061432936999368725,-0.022089122300190393,0.0064308118805776133,-0.022384380379590427
3468,0.171875,0.09375,0.025729523341433972,-0.026637939034949661,0.026612202665680814,-0.02686935093330968
3469,0.09375,0.140625,-0.02612398937994698,0.003979682082083374,-0.026928362273352914,0.0042290005171254398
3470,0.109375,0.15625,-0.038950298130486678,-0.014476414563384787,-0.040134128300964508,-0.014494341351645328
3471,0.078125,0.15625,-0.017954745193694666,0.013939986274760285,-0.018420629223499452,0.014265023392293956
3472,0.09375,0.171875,-0.036289202777723704,0.0054730274100723147,-0.037364280295749279,0.0058666343132516311
3473,0.890625,0.09375,-0.026284360888203042,0.013578496341568583,-0.017382446006593829,-0.0038916006192236479
3474,0.90625,0.109375,-0.031745312108178964,0.0024516486943007153,-0.013403020976268765,-0.011730644712448043
3475,0.90625,0.078125,-0.021711058669630384,0.0016042958432515198,-0.0073868860753480425,-0.0064045405273438676
3476,0.921875,0.09375,-0.023261626352735175,-0.0076297637159229081,-0.0034411020090561418,-0.0091557997557388318
3477,0.84375,0.140625,0.0085001434206004971,0.073314159722287664,-0.019247639262334929,0.062922122034823613
3478,0.859375,0.15625,-0.023591737461973749,0.071084721113010105,-0.047047349537474505,0.04599264969341451
3479,0.828125,0.15625,0.050869410494334938,0.082799941964123436,0.018367451445058001,0.089379368380446592
3480,0.84375,0.171875,0.0099942453112203712,0.097549403288719735,-0.026730332845943498,0.087236869757728111
3481,0.859375,0.09375,-0.0099360111686794834,0.035705477427893192,-0.019525071110509121,0.019176284389686042
3482,0.84375,0.109375,0.0071581825914641571,0.050907296640875614,-0.012476519040066232,0.04091402504304141
3483,0.84375,0.078125,0.0056666652321140749,0.031445881196500408,-0.0067862761511235841,0.022391558165436108
3484,0.828125,0.09375,0.025738091621651783,0.037639889740676828,0.0076890313115100259,0.03713018970675766
3485,0.90625,0.140625,-0.042761280852346657,0.0032474029560356854,-0.020539703153049659,-0.018064831029249415
3486,0.890625,0.15625,-0.050448738636021437,0.024212653158555669,-0.041685515484078596,-0.0095022807919691032
3487,0.921875,0.15625,-0.041593330298026282,-0.011707988197263723,-0.0080705824747855214,-0.02194504492422503
3488,0.90625,0.171875,-0.054388378688803481,0.004278211208235367,-0.028418183050245144,-0.025062049855658824
3489,0.90625,0.890625,-0.031745312108176209,0.0024516486943032064,-0.013403020976263729,-0.011730644712462358
3490,0.890625,0.90625,-0.026284360888200974,0.013578496341570568,-0.017382446006589208,-0.0038916006192368752
3491,0.921875,0.90625,-0.023261626352734446,-0.0076297637159190657,-0.0034411020090436158,-0.0091557997557474395
3492,0.90625,0.921875,-0.021711058669630048,0.0016042958432546648,-0.0073868860753362915,-0.0064045405273520052
3493,0.859375,0.84375,-0.023591737461973229,0.07108472111300651,-0.047047349537491415,0.045992649693414663
3494,0.84375,0.859375,0.0085001434206006619,0.073314159722284417,-0.019247639262350756,0.062922122034825306
3495,0.84375,0.828125,0.0099942453112182913,0.09754940328871653,-0.026730332845958028,0.087236869757737756
3496,0.828125,0.84375,0.05086941049433287,0.082799941964120646,0.018367451445045088,0.08937936838045786
3497,0.90625,0.859375,-0.042761280852342348,0.0032474029560360094,-0.020539703153053188,-0.018064831029264077
3498,0.890625,0.84375,-0.050448738636017967,0.024212653158553303,-0.041685515484090351,-0.0095022807919794856
3499,0.921875,0.84375,-0.04159333029802155,-0.011707988197263148,-0.0080705824747873429,-0.021945044924238159
3500,0.90625,0.828125,-0.054388378688799373,0.0042782112082330416,-0.02841818305025411,-0.025062049855669233
3501,0.859375,0.90625,-0.0099360111686773861,0.03570547742789304,-0.01952507111051351,0.019176284389675245
3502,0.84375,0.890625,0.007158182591465773,0.050907296640873741,-0.012476519040077079,0.040914025043035387
3503,0.84375,0.921875,0.0056666652321157107,0.031445881196500339,-0.0067862761511265244,0.022391558165427823
3504,0.828125,0.90625,0.025738091621653279,0.037639889740675392,0.0076890313115020783,0.03713018970675297
3505,0.09375,0.890625,-0.016932285452432933,0.0026129386350256158,-0.017485848143260221,0.0027469936100617169
3506,0.109375,0.90625,-0.016094460456855995,-0.0059763332492554899,-0.016645912955876314,-0.0060100406306415367
3507,0.078125,0.90625,-0.0074243678751292775,0.0058364890712482862,-0.0076401578631069495,0.0059174956719785822
3508,0.09375,0.921875,-0.0092069289057932161,0.0014519379055158474,-0.0095433795748305298,0.0015002273078457593
3509,0.140625,0.84375,-0.014180449339473414,-0.063028228344349457,-0.01441778069396857,-0.064113556806952979
3510,0.15625,0.859375,0.017399997253865575,-0.062149925259489702,0.018148177304339534,-0.063158823580122342
3511,0.15625,0.828125,0.024147656319354012,-0.086185748603824774,0.025181548317372942,-0.087635181478054616
3512,0.171875,0.84375,0.062135720748603351,-0.064022758846676159,0.064164592831501652,-0.064779331052923994
3513,0.09375,0.859375,-0.026123989379948542,0.0039796820820822247,-0.026928362273368429,0.0042290005171244259
3514,0.109375,0.84375,-0.038950298130488697,-0.014476414563385002,-0.0401341283009772,-0.014494341351636591
3515,0.078125,0.84375,-0.017954745193696338,0.01393998627475848,-0.01842062922351298,0.014265023392293637
3516,0.09375,0.828125,-0.036289202777726126,0.0054730274100716399,-0.037364280295760582,0.0058666343132599994
3517,0.140625,0.90625,-0.0058656348068129764,-0.026169145041000073,-0.0059804422693531039,-0.026591082521614233
3518,0.15625,0.890625,0.01128693791965152,-0.040392341106986571,0.011784076944675443,-0.041012409540896418
3519,0.15625,0.921875,0.0061432936999379273,-0.022089122300189567,0.006430811880564262,-0.022384380379586264
3520,0.171875,0.90625,0.025729523341435426,-0.026637939034949543,0.026612202665673195,-0.026869350933297762
3521,0.40625,0.390625,0.7708080713128167,0.32054571841614826,0.77584664173935303,0.35756753957859827
3522,0.390625,0.40625,0.82981738291257412,-0.086278176759218644,0.8522832352076315,-0.058309720772956167
3523,0.421875,0.40625,0.55109275950064818,0.68187849413031432,0.53472332822155777,0.72002009617936213
3524,0.40625,0.421875,0.80927319174829282,0.33658767625924874,0.81451713344917986,0.37539083257477657
3525,0.359375,0.34375,0.30933412322760062,-0.60892393015073421,0.33637442222531677,-0.61266549862573938
3526,0.34375,0.359375,-0.019016669330701699,-0.68324074991675621,0.0013256077381960376,-0.69893576319575301
3527,0.34375,0.328125,-0.017378009137856469,-0.62659847940022662,0.0012166018860553275,-0.64089144059489855
3528,0.328125,0.34375,-0.31431917075813076,-0.54255373981657373,-0.30631546355772848,-0.56295305046100685
3529,0.40625,0.359375,0.72099882641803026,0.29976731931481404,0.72574858374144224,0.33447720596949782
3530,0.390625,0.34375,0.7257579936805425,-0.075712928601210164,0.74542974821152841,-0.051003396275947487
3531,0.421875,0.34375,0.48189773703647698,0.59637755886410726,0.46768178141901395,0.62974753782657034
3532,0.40625,0.328125,0.66110211931863139,0.27478581726473178,0.66547647356845441,0.30669775038520064
3533,0.359375,0.40625,0.3535774505377039,-0.69590921224392066,0.3845899582888655,-0.7004842613017831
3534,0.34375,0.390625,-0.020404101443477929,-0.73030284756062236,0.0014157850385149683,-0.74718157127211715
3535,0.34375,0.421875,-0.021494816560450585,-0.76661795221618123,0.0014850647145185731,-0.78442196177755497
3536,0.328125,0.40625,-0.35955688855830642,-0.62025305328185776,-0.35022713580710724,-0.6436497678527715
3537,0.59375,0.390625,0.83022945240272528,0.057028595574445673,0.84460979618355791,0.12788375286003192
3538,0.609375,0.40625,0.70406757887107529,0.44429403697994968,0.67984295657161187,0.51723552785374849
3539,0.578125,0.40625,0.79508882135341197,-0.36155340497206229,0.84248817738208592,-0.30739012735520149
3540,0.59375,0.421875,0.87151665622277363,0.060017506467839377,0.88670534665764666,0.13426005921796613
3541,0.640625,0.34375,0.015104664567430653,0.68068093902014848,-0.055723235748910846,0.69665960593409626
3542,0.65625,0.359375,-0.30796407676764642,0.6062732841202243,-0.38296002077006752,0.58460694296054949
3543,0.65625,0.328125,-0.28262314072326311,0.55618830185715484,-0.35116001196218505,0.53606006217425506
3544,0.671875,0.34375,-0.51121808870808605,0.35636597257962099,-0.56519949091649047,0.30200846903641487
3545,0.59375,0.359375,0.77673608460262367,0.053221677657769105,0.79007408251571798,0.11962418954945012
3546,0.609375,0.34375,0.61594275639437868,0.38852115779650148,0.59461138976039229,0.45238658296737727
3547,0.578125,0.34375,0.69565809007837831,-0.31655467594622055,0.736867120623247,-0.26885628589031701
3548,0.59375,0.328125,0.71239549725830109,0.048712659928225523,0.72446289943454678,0.10968836531456305
3549,0.640625,0.40625,0.017451958447693421,0.77794482418817634,-0.06370770934480155,0.79651838947369735
3550,0.65625,0.390625,-0.32904834923568688,0.64793815830312751,-0.40939230405794164,0.62495931762916657
3551,0.65625,0.421875,-0.34534553051193506,0.68010961777178058,-0.42979548482820013,0.65610708367269222
3552,0.671875,0.40625,-0.58401452603696224,0.40708821084156394,-0.64620965392551011,0.34529519443696999
3553,0.609375,0.59375,0.70406757887107785,0.44429403697995329,0.67984295657159988,0.51723552785372484
3554,0.59375,0.609375,0.83022945240272994,0.057028595574448594,0.84460979618355192,0.1278837528600166
3555,0.59375,0.578125,0.87151665622277774,0.060017506467842187,0.88670534665763756,0.13426005921795289
3556,0.578125,0.59375,0.79508882135341818,-0.36155340497206007,0.84248817738207482,-0.30739012735520538
3557,0.65625,0.640625,-0.3079640767676538,0.60627328412022152,-0.38296002077006452,0.58460694296052507
3558,0.640625,0.65625,0.015104664567425265,0.68068093902014659,-0.055723235748906662,0.6966596059340755
3559,0.671875,0.65625,-0.51121808870809404,0.35636597257961544,-0.56519949091649146,0.30200846903639778
3560,0.65625,0.671875,-0.28262314072326994,0.55618830185715129,-0.35116001196218521,0.53606006217424285
3561,0.640625,0.59375,0.017451958447690551,0.77794482418817978,-0.063707709344803798,0.79651838947367437
3562,0.65625,0.609375,-0.32904834923569343,0.64793815830312862,-0.40939230405793597,0.6249593176291397
3563,0.65625,0.578125,-0.34534553051193884,0.68010961777178336,-0.42979548482819974,0.65610708367268278
3564,0.671875,0.59375,-0.58401452603696857,0.40708821084156543,-0.64620965392549978,0.3452951944369525
3565,0.59375,0.640625,0.77673608460262733,0.053221677657770763,0.79007408251571498,0.11962418954943925
3566,0.609375,0.65625,0.61594275639437923,0.38852115779650204,0.59461138976040084,0.45238658296736667
3567,0.578125,0.65625,0.69565809007838386,-0.31655467594621922,0.73686712062324533,-0.26885628589031724
3568,0.59375,0.671875,0.71239549725830431,0.048712659928226452,0.72446289943456144,0.10968836531456226
3569,0.390625,0.59375,0.82981738291257667,-0.086278176759220712,0.8522832352076346,-0.058309720772961253
3570,0.40625,0.609375,0.7708080713128157,0.32054571841614904,0.77584664173936091,0.35756753957859333
3571,0.40625,0.578125,0.80927319174829326,0.33658767625924696,0.81451713344919097,0.37539083257477029
3572,0.421875,0.59375,0.55109275950064562,0.68187849413031498,0.53472332822157054,0.72002009617936125
3573,0.34375,0.640625,-0.019016669330699409,-0.68324074991675787,0.0013256077381893566,-0.69893576319576034
3574,0.359375,0.65625,0.30933412322760157,-0.60892393015073376,0.33637442222531133,-0.61266549862574671
3575,0.328125,0.65625,-0.31431917075812982,-0.54255373981657462,-0.30631546355772826,-0.56295305046101141
3576,0.34375,0.671875,-0.017378009137855446,-0.62659847940022606,0.0012166018860557317,-0.64089144059490055
3577,0.359375,0.59375,0.35357745053771084,-0.69590921224392555,0.3845899582888519,-0.70048426130178831
3578,0.34375,0.609375,-0.020404101443472444,-0.73030284756062636,0.0014157850385008437,-0.74718157127213247
3579,0.34375,0.578125,-0.02149481656044204,-0.76661795221618589,0.0014850647145047895,-0.78442196177756063
3580,0.328125,0.59375,-0.35955688855829987,-0.62025305328186187,-0.35022713580712067,-0.64364976785279315
3581,0.40625,0.640625,0.72099882641802782,0.29976731931481737,0.72574858374144546,0.33447720596948888
3582,0.390625,0.65625,0.72575799368054039,-0.075712928601207111,0.74542974821152308,-0.051003396275961954
3583,0.421875,0.65625,0.48189773703647248,0.59637755886411203,0.46768178141902061,0.62974753782656001
3584,0.40625,0.671875,0.66110211931862806,0.27478581726473583,0.6654764735684533,0.30669775038517816
3585,0.390625,0.09375,0.10348948615145245,-0.011582561965010051,0.10556189097792743,-0.0072364528579148676
3586,0.40625,0.109375,0.12994332125787617,0.053353636515647819,0.1297913162809449,0.059803833504266074
3587,0.40625,0.078125,0.071556943485942007,0.028887075843783278,0.070849261933475974,0.032635989252976269
3588,0.421875,0.09375,0.069506649521794334,0.084928089035381668,0.066242596049842215,0.089175584959392998
3589,0.34375,0.140625,-0.0054159060252883364,-0.188754969207658,0.00036202002572051898,-0.19247571874399191
3590,0.359375,0.15625,0.105617796778029,-0.2086267218704525,0.11483543752681606,-0.20916813831543959
3591,0.328125,0.15625,-0.10746562266649398,-0.18546052582469177,-0.10457603009403307,-0.19218765441995253
3592,0.34375,0.171875,-0.0073173257755961936,-0.26156739749011665,0.00050576495317387318,-0.26706307307225546
3593,0.359375,0.09375,0.043636119279533148,-0.087241086926336114,0.047626360697387508,-0.086765957257680576
3594,0.34375,0.109375,-0.0037349914914415671,-0.12286723877274149,0.00023124341688136505,-0.12498864019705798
3595,0.34375,0.078125,-0.0023327428199420423,-0.06741436977534139,0.00012096142147837546,-0.068222516251985818
3596,0.328125,0.09375,-0.044984952510940472,-0.077128198904975048,-0.043381489687366326,-0.079714165401921541
3597,0.40625,0.140625,0.19931740568934975,0.082390862339891999,0.19986509581112633,0.092102113181544834
3598,0.390625,0.15625,0.24823851243789785,-0.026403248524016085,0.25449058677880004,-0.017421511087781262
3599,0.421875,0.15625,0.1651822043855696,0.2040544227440127,0.15967286243051745,0.21499475026151554
3600,0.40625,0.171875,0.27600670512278735,0.11441082412053255,0.27731149576713848,0.12779733634683049
3601,0.609375,0.09375,0.091375661900595664,0.055131947892175272,0.084262039390319135,0.064060189754947441
3602,0.59375,0.109375,0.14227605832011928,0.0077849411694883739,0.14133335920599055,0.02136468788628685
3603,0.59375,0.078125,0.079294550665222688,0.0031040995185497755,0.077165799792388218,0.01164329421894137
3604,0.578125,0.09375,0.10054802376437964,-0.048108313010067821,0.10437328536459591,-0.038120117977056993
3605,0.65625,0.140625,-0.085308214540164393,0.17164835475524984,-0.10547027524423888,0.1610597086691388
3606,0.640625,0.15625,0.0062810835464698084,0.2360778625467731,-0.0190086599679582,0.23789211948120281
3607,0.671875,0.15625,-0.17707566383793863,0.12536057774326895,-0.19299937079659851,0.10315949413326005
3608,0.65625,0.171875,-0.11852706251233264,0.23544484991536849,-0.14634387376379709,0.22343283646677833
3609,0.640625,0.09375,0.0045801384235080083,0.10078900009614072,-0.0078548167544327183,0.098715933166309
3610,0.65625,0.109375,-0.055100221415570534,0.11374600236021615,-0.068484853008337634,0.10462122954663837
3611,0.65625,0.078125,-0.029704936197699542,0.064674113728340546,-0.037374942608910534,0.057142721138291462
3612,0.671875,0.09375,-0.074760132524643252,0.055696980198981283,-0.080074117142068482,0.042844854529906849
3613,0.59375,0.140625,0.21689804153480266,0.013436151118654352,0.21761586379156728,0.032923597269731084
3614,0.609375,0.15625,0.21321798241816137,0.13331318428359101,0.20304198150870528,0.15445263091976028
3615,0.578125,0.15625,0.2393812506356231,-0.11020435024169022,0.25159190551395966,-0.091817422722211051
3616,0.59375,0.171875,0.2992273017484875,0.019580696878370003,0.30192159631166066,0.045696934531480347
3617,0.09375,0.390625,-0.10226676763103912,0.014709820511106605,-0.10454585526648717,0.016400449848794341
3618,0.109375,0.40625,-0.13149276397877274,-0.048717390657334651,-0.13442494120065346,-0.048554743253485765
3619,0.078125,0.40625,-0.060578962957055352,0.045652517876429113,-0.061693186583401734,0.047758178313393983
3620,0.09375,0.421875,-0.10744980610050235,0.015405775114385629,-0.10975770435854099,0.01721697603215808
3621,0.140625,0.34375,-0.042014883778709433,-0.18413120659285234,-0.042239973988914804,-0.18780064547309608
3622,0.15625,0.359375,0.063007215323350088,-0.22479781419001166,0.06589956883395702,-0.22934864244025344
3623,0.15625,0.328125,0.057795045948315908,-0.20624147355274147,0.060427455504793892,-0.21030308951149831
3624,0.171875,0.34375,0.18214652174607732,-0.18669958030706557,0.18795056873794355,-0.18973976101749682
3625,0.09375,0.359375,-0.095568587213167411,0.013806899949626831,-0.097794023755484391,0.015342544647477424
3626,0.109375,0.34375,-0.11480911236465836,-0.042612504026275158,-0.11756881995456396,-0.042466330985486599
3627,0.078125,0.34375,-0.052859628342196402,0.040092599401033213,-0.053957452251873733,0.041773398705017083
3628,0.09375,0.328125,-0.087534377746895348,0.012715492051151526,-0.0896712830171639,0.014069623895413974
3629,0.140625,0.40625,-0.04816490350766036,-0.21033140916375148,-0.048297437641767638,-0.21471896553440281
3630,0.15625,0.390625,0.067342751826003383,-0.24019832484342746,0.070447906959168916,-0.24517882586583567
3631,0.15625,0.421875,0.070692627864427315,-0.25206881309375673,0.073958716772017749,-0.2573977503944529
3632,0.171875,0.40625,0.20833186154682926,-0.213227994660557,0.21489259731217072,-0.2169344765833042
3633,0.09375,0.609375,-0.10226676763103809,0.014709820511107011,-0.1045458552664935,0.016400449848789262
3634,0.109375,0.59375,-0.13149276397877188,-0.048717390657334492,-0.13442494120066178,-0.048554743253485189
3635,0.078125,0.59375,-0.060578962957054505,0.045652517876430057,-0.061693186583404884,0.04775817831338753
3636,0.09375,0.578125,-0.10744980610050141,0.015405775114386393,-0.10975770435854722,0.017216976032155766
3637,0.140625,0.65625,-0.042014883778708233,-0.18413120659285365,-0.04223997398892549,-0.18780064547309661
3638,0.15625,0.640625,0.063007215323350671,-0.22479781419001355,0.065899568833946626,-0.22934864244024655
3639,0.15625,0.671875,0.057795045948317157,-0.20624147355274297,0.060427455504785864,-0.21030308951149945
3640,0.171875,0.65625,0.18214652174607743,-0.18669958030706751,0.18795056873793478,-0.18973976101749152
3641,0.09375,0.640625,-0.095568587213166495,0.013806899949627076,-0.097794023755488874,0.01534254464746861
3642,0.109375,0.65625,-0.11480911236465734,-0.042612504026275165,-0.11756881995457097,-0.042466330985494447
3643,0.078125,0.65625,-0.052859628342196048,0.040092599401033956,-0.053957452251873213,0.041773398705006341
3644,0.09375,0.671875,-0.087534377746894876,0.012715492051152412,-0.089671283017165912,0.014069623895403329
3645,0.140625,0.59375,-0.048164903507659777,-0.21033140916375209,-0.048297437641776131,-0.21471896553439446
3646,0.15625,0.609375,0.067342751826003827,-0.24019832484342893,0.070447906959160075,-0.24517882586582296
3647,0.15625,0.578125,0.070692627864427371,-0.25206881309375634,0.073958716772015362,-0.25739775039444329
3648,0.171875,0.59375,0.20833186154682898,-0.21322799466055684,0.21489259731216792,-0.21693447658328899
3649,0.90625,0.390625,-0.12940740146016064,0.01725888688993241,-0.079142709644083611,-0.069996703648516304
3650,0.890625,0.40625,-0.14056595737823541,0.071514362521138033,-0.13912594557423197,-0.03193617276723746
3651,0.921875,0.40625,-0.11555896857286684,-0.019080312376369212,-0.026671165624211148,-0.073128850708467516
3652,0.90625,0.421875,-0.13575502205880757,0.018412160727438651,-0.083086131877591923,-0.073480396125402095
3653,0.859375,0.34375,-0.062340452411546642,0.18471104393743445,-0.13766492621956916,0.13434911371181069
3654,0.84375,0.359375,0.023911958822715188,0.23628020733706115,-0.069967327330427015,0.2280014441703892
3655,0.84375,0.328125,0.021588668868903701,0.21728171553361486,-0.064163277693245868,0.20907599806337734
3656,0.828125,0.34375,0.13569807375822251,0.22590508179409099,0.053606326234019341,0.26152211618986609
3657,0.90625,0.359375,-0.12135701120519361,0.015712543440502207,-0.074036761719535882,-0.065484590371010065
3658,0.890625,0.34375,-0.12394319506320284,0.062126048285616742,-0.12169929907883227,-0.027941030085973335
3659,0.921875,0.34375,-0.10110782096304984,-0.017772494851072344,-0.023326177378605411,-0.063978371164651798
3660,0.90625,0.328125,-0.11190630779609953,0.013827051671707242,-0.067897683195741257,-0.060056846101332974
3661,0.859375,0.40625,-0.070217102784826124,0.21072152514687958,-0.15738012116437997,0.15360172968089325
3662,0.84375,0.390625,0.025876985899581026,0.25226759967879697,-0.074791366256297995,0.24373547156015318
3663,0.84375,0.421875,0.027395591659596666,0.26474971119090168,-0.078515258409990435,0.25588282213961888
3664,0.828125,0.40625,0.15527595430244756,0.25756772031371927,0.061293693331524929,0.29899859990391736
3665,0.90625,0.609375,-0.12940740146016017,0.017258886889930315,-0.079142709644076298,-0.069996703648521216
3666,0.890625,0.59375,-0.14056595737823602,0.071514362521135591,-0.1391259455742288,-0.031936172767243413
3667,0.921875,0.59375,-0.1155589685728643,-0.019080312376371263,-0.026671165624202915,-0.073128850708467641
3668,0.90625,0.578125,-0.13575502205880635,0.018412160727435699,-0.083086131877585651,-0.073480396125403927
3669,0.859375,0.65625,-0.062340452411549355,0.18471104393743704,-0.13766492621957574,0.13434911371179492
3670,0.84375,0.640625,0.023911958822714015,0.23628020733706376,-0.069967327330440227,0.22800144417037704
3671,0.84375,0.671875,0.021588668868902067,0.21728171553361911,-0.064163277693255416,0.20907599806336252
3672,0.828125,0.65625,0.13569807375822326,0.22590508179409499,0.053606326234003104,0.26152211618985527
3673,0.90625,0.640625,-0.12135701120519474,0.015712543440500836,-0.074036761719526542,-0.065484590371017254
3674,0.890625,0.65625,-0.12394319506320575,0.062126048285616568,-0.12169929907882583,-0.027941030085985266
3675,0.921875,0.65625,-0.10110782096305054,-0.017772494851074079,-0.023326177378592768,-0.063978371164652867
3676,0.90625,0.671875,-0.11190630779610233,0.013827051671705825,-0.067897683195729225,-0.060056846101339177
3677,0.859375,0.59375,-0.070217102784828317,0.2107215251468785,-0.15738012116438413,0.15360172968088714
3678,0.84375,0.609375,0.025876985899579433,0.25226759967879736,-0.074791366256308681,0.2437354715601481
3679,0.84375,0.578125,0.027395591659594393,0.2647497111909009,-0.078515258409994737,0.25588282213961755
3680,0.828125,0.59375,0.15527595430244651,0.25756772031371983,0.061293693331515631,0.2989985999039208
3681,0.609375,0.90625,0.091375661900595734,0.055131947892174106,0.084262039390329557,0.064060189754948885
3682,0.59375,0.890625,0.14227605832011872,0.0077849411694871961,0.14133335920599963,0.02136468788628363
3683,0.59375,0.921875,0.079294550665223326,0.0031040995185484953,0.077165799792399251,0.011643294218945483
3684,0.578125,0.90625,0.10054802376437982,-0.048108313010069362,0.10437328536460701,-0.038120117977058651
3685,0.65625,0.859375,-0.08530821454016517,0.17164835475524956,-0.10547027524424155,0.16105970866912958
3686,0.640625,0.84375,0.0062810835464691735,0.2360778625467736,-0.019008659967965628,0.23789211948119623
3687,0.671875,0.84375,-0.17707566383793977,0.12536057774326909,-0.1929993707966047,0.10315949413324911
3688,0.65625,0.828125,-0.11852706251233341,0.23544484991536915,-0.14634387376380747,0.22343283646677067
3689,0.640625,0.90625,0.004580138423508232,0.10078900009613992,-0.0078548167544245581,0.09871593316630986
3690,0.65625,0.890625,-0.055100221415570631,0.11374600236021541,-0.068484853008333055,0.10462122954663468
3691,0.65625,0.921875,-0.029704936197698827,0.064674113728340116,-0.037374942608903415,0.057142721138295265
3692,0.671875,0.90625,-0.074760132524642711,0.055696980198980638,-0.080074117142062612,0.042844854529905628
3693,0.59375,0.859375,0.21689804153480155,0.013436151118654399,0.21761586379156869,0.032923597269725213
3694,0.609375,0.84375,0.21321798241816076,0.13331318428359187,0.20304198150869976,0.15445263091975678
3695,0.578125,0.84375,0.23938125063562202,-0.11020435024168954,0.25159190551395821,-0.091817422722214881
3696,0.59375,0.828125,0.29922730174848738,0.019580696878371554,0.30192159631165211,0.045696934531481097
3697,0.390625,0.90625,0.10348948615145342,-0.011582561965008172,0.10556189097792368,-0.0072364528579209747
3698,0.40625,0.890625,0.1299433212578785,0.053353636515649817,0.12979131628093671,0.059803833504264353
3699,0.40625,0.921875,0.071556943485942756,0.028887075843785779,0.070849261933474947,0.032635989252970024
3700,0.421875,0.90625,0.069506649521796166,0.084928089035384138,0.066242596049835969,0.089175584959388238
3701,0.34375,0.859375,-0.0054159060252894171,-0.18875496920765716,0.00036202002570809294,-0.19247571874399988
3702,0.359375,0.84375,0.10561779677802977,-0.20862672187045134,0.11483543752680353,-0.20916813831543621
3703,0.328125,0.84375,-0.10746562266649591,-0.18546052582469039,-0.10457603009404998,-0.19218765441996138
3704,0.34375,0.828125,-0.0073173257755964711,-0.26156739749011509,0.00050576495315709743,-0.26706307307225197
3705,0.359375,0.90625,0.043636119279532357,-0.087241086926335795,0.047626360697388029,-0.086765957257690471
3706,0.34375,0.890625,-0.0037349914914431388,-0.12286723877274164,0.0002312434168794642,-0.12498864019706982
3707,0.34375,0.921875,-0.0023327428199435957,-0.067414369775342251,0.00012096142148544591,-0.068222516251993479
3708,0.328125,0.90625,-0.044984952510942734,-0.077128198904976283,-0.043381489687359727,-0.079714165401932241
3709,0.40625,0.859375,0.19931740568935283,0.082390862339892762,0.19986509581111683,0.092102113181553841
3710,0.390625,0.84375,0.24823851243790088,-0.026403248524015592,0.25449058677879421,-0.01742151108776779
3711,0.421875,0.84375,0.16518220438557246,0.20405442274401231,0.15967286243051199,0.21499475026152906
3712,0.40625,0.828125,0.27600670512279035,0.11441082412053211,0.2773114957671417,0.1277973363468505
3713,0.09375,0.015625,-0.00036075459797439105,0.00011549401838248088,-0.00039672431778453414,6.4294833126443503e-05
3714,0.109375,0.03125,-0.0019570082653628867,-0.0007135280289752527,-0.0020724936514466647,-0.00074619254753913059
3715,0.078125,0.03125,-0.00091189682589742015,0.00077504681529570404,-0.00095068351311961149,0.0007376371684600986
3716,0.09375,0.046875,-0.0034878493657480528,0.00058606244059942797,-0.0036499183414437598,0.00057499776578955855
3717,0.15625,0.015625,0.00024626562010799925,-0.0010230734872205866,0.00026535748971606108,-0.00093212563433920715
3718,0.140625,0.03125,-0.00072268657658321417,-0.0032982293284718489,-0.00074608521134999193,-0.0033097138136155566
3719,0.171875,0.03125,0.0031783047122364355,-0.0034464617864196994,0.0033116222533847404,-0.0033474607469043214
3720,0.15625,0.046875,0.0023329496988020752,-0.0085097111523546824,0.0024584174386638124,-0.0085621340036423389
3721,0.015625,0.09375,0.00018290614109292108,0.00027432798026623959,0.00037308368314158146,0.00015811639336929555
3722,0.03125,0.109375,0.0010378840799437673,0.0020346814050352922,0.0012754220639109247,0.0018033830618604081
3723,0.03125,0.078125,0.00052407753673065847,0.0011171177384859269,0.00069577277404704889,0.0009836112768992827
3724,0.046875,0.09375,0.00021469512020095354,0.0038167069429363774,0.00036974566186303377,0.0036813239218494781
3725,0.015625,0.15625,0.00061701219506462527,0.00070882433249863858,0.00090089511427619839,0.00038406077860200398
3726,0.03125,0.140625,0.0016659809078988326,0.0031208291207631429,0.0019648594500236058,0.0027780901335090853
3727,0.03125,0.171875,0.002381978419643846,0.0043138966965984736,0.0027272015221510826,0.0038553811200439624
3728,0.046875,0.15625,0.0006368714254700765,0.0091087776201819303,0.00089292835988864837,0.0088767951398781506
3729,0.90625,0.015625,-0.0065636734255432152,-0.0021331141528315983,-0.00039437390085987097,-0.00031091330341386679
3730,0.890625,0.03125,-0.0091827306332276978,0.0037978698228033668,-0.0022624450446628156,-0.00045999050363212729
3731,0.921875,0.03125,-0.0079229094311615185,-0.0049502861522019081,-0.00050287684841364682,-0.0012116415025664046
3732,0.90625,0.046875,-0.013124441073925191,0.00026956201973979865,-0.002902617231770474,-0.0024624186300855576
3733,0.84375,0.015625,0.00043104076400260336,0.0069275251324798824,-0.00028796681963848188,0.0010205659621765892
3734,0.859375,0.03125,-0.0027484743948176901,0.010321371146954245,-0.0024639635896671493,0.0024785153575703003
3735,0.828125,0.03125,0.0070176113898821968,0.0088205676637234508,0.0010124201021092358,0.0046934935831692655
3736,0.84375,0.046875,0.0036028196058109051,0.016261785419595349,-0.0025787074998461184,0.0086338395283407712
3737,0.984375,0.09375,0.0078741806219582555,-0.020037693557920316,0.00055764825200259956,-0.00023969116639384059
3738,0.96875,0.109375,-0.0029341846074239495,-0.025187131414930175,0.0020222013489140959,-0.0012024428250347922
3739,0.96875,0.078125,0.00010502665942829328,-0.018322674672355738,0.0011391578860041223,-0.00072733717563468767
3740,0.953125,0.09375,-0.010038682300822985,-0.01982214867163503,0.0021683473561515147,-0.0031596696826259097
3741,0.984375,0.15625,0.0061531931435854937,-0.036044562612884683,0.001114229393145692,-0.0004004414284874742
3742,0.96875,0.140625,-0.0067159615696601865,-0.032196635480259347,0.0030673020448073337,-0.0017484921665055285
3743,0.96875,0.171875,-0.011284709144602591,-0.039317085213104105,0.0042148272540826915,-0.002342123653693985
3744,0.953125,0.15625,-0.021694913743235303,-0.030803676090213328,0.00524100196667105,-0.0073390903683749394
3745,0.984375,0.90625,0.007874180621954845,-0.020037693557918682,0.00055764825200994579,-0.0002396911663851573
3746,0.96875,0.890625,-0.0029341846074257558,-0.025187131414926432,0.0020222013489257073,-0.0012024428250324085
3747,0.96875,0.921875,0.00010502665942509265,-0.018322674672353632,0.0011391578860143253,-0.0007273371756270667
3748,0.953125,0.90625,-0.010038682300824575,-0.019822148671631127,0.0021683473561654519,-0.0031596696826253381
3749,0.984375,0.84375,0.0061531931435851841,-0.036044562612880741,0.0011142293931523089,-0.00040044142848669428
3750,0.96875,0.859375,-0.0067159615696597607,-0.032196635480255094,0.003067302044816356,-0.0017484921665077047
3751,0.96875,0.828125,-0.011284709144600091,-0.039317085213100671,0.0042148272540874577,-0.0023421236536974445
3752,0.953125,0.84375,-0.021694913743232121,-0.030803676090209973,0.0052410019666766445,-0.0073390903683825288
3753,0.90625,0.984375,-0.0065636734255453627,-0.0021331141528316559,-0.00039437390085420363,-0.00031091330340633143
3754,0.890625,0.96875,-0.0091827306332292816,0.0037978698228045122,-0.0022624450446538185,-0.00045999050362984688
3755,0.921875,0.96875,-0.0079229094311640495,-0.0049502861522011388,-0.00050287684840478488,-0.0012116415025593594
3756,0.90625,0.953125,-0.013124441073926815,0.00026956201974183338,-0.0029026172317584949,-0.002462418630084813
3757,0.84375,0.984375,0.00043104076400189576,0.0069275251324806978,-0.00028796681963440187,0.0010205659621770353
3758,0.859375,0.96875,-0.0027484743948182704,0.010321371146955352,-0.002463963589661197,0.0024785153575689568
3759,0.828125,0.96875,0.0070176113898823937,0.008820567663724516,0.0010124201021116531,0.004693493583166862
3760,0.84375,0.953125,0.0036028196058114255,0.016261785419596372,-0.0025787074998432163,0.008633839528335829
3761,0.015625,0.90625,0.00018290614109444753,0.00027432798026606243,0.00037308368315465515,0.00015811639336431589
3762,0.03125,0.890625,0.0010378840799452199,0.0020346814050340974,0.001275422063918139,0.0018033830618484248
3763,0.03125,0.921875,0.00052407753673175341,0.001117117738485583,0.00069577277406058255,0.00098361127689010949
3764,0.046875,0.90625,0.00021469512020187693,0.003816706942935327,0.00036974566186966752,0.0036813239218334813
3765,0.015625,0.84375,0.0006170121950664039,0.00070882433249693866,0.00090089511427699387,0.00038406077859522966
3766,0.03125,0.859375,0.0016659809079000863,0.0031208291207610677,0.0019648594500233682,0.0027780901334992984
3767,0.03125,0.828125,0.0023819784196443847,0.0043138966965959227,0.0027272015221460012,0.0038553811200394278
3768,0.046875,0.84375,0.00063687142547004842,0.0091087776201793057,0.00089292835988129835,0.0088767951398716523
3769,0.09375,0.984375,-0.00036075459797526519,0.00011549401838287061,-0.00039672431777357535,6.4294833119301484e-05
3770,0.109375,0.96875,-0.0019570082653636205,-0.00071352802897431075,-0.0020724936514430899,-0.00074619254755200397
3771,0.078125,0.96875,-0.00091189682589789449,0.00077504681529604958,-0.00095068351310773264,0.00073763716844972192
3772,0.09375,0.953125,-0.0034878493657484922,0.00058606244060003794,-0.0036499183414396147,0.00057499776577323296
3773,0.15625,0.984375,0.00024626562010753283,-0.0010230734872189444,0.00026535748971094852,-0.00093212563434635302
3774,0.140625,0.96875,-0.00072268657658350799,-0.003298229328470285,-0.00074608521135542791,-0.0033097138136245208
3775,0.171875,0.96875,0.0031783047122372118,-0.0034464617864179087,0.0033116222533741031,-0.0033474607469052889
3776,0.15625,0.953125,0.0023329496988027981,-0.0085097111523531107,0.0024584174386523706,-0.008562134003644915
3777,0.484375,0.40625,-0.8862652903002598,0.23711887041868762,-0.91998660971898361,0.19512680779664682
3778,0.46875,0.390625,-0.64445512027192642,0.61146870172921086,-0.69099893330144579,0.59290347517422348
3779,0.46875,0.421875,-0.67650723601090879,0.64178742123073185,-0.72543858448568244,0.622452920695866
3780,0.453125,0.40625,-0.27925098829859724,0.85966953690246939,-0.32744634463375677,0.86596744008870308
3781,0.515625,0.40625,-0.68314667336612578,-0.61356733865695923,-0.66109530451879228,-0.6688874981623405
3782,0.53125,0.390625,-0.2992972988447466,-0.83691715528169242,-0.25111512957858018,-0.87518581603926082
3783,0.53125,0.421875,-0.31425447049291616,-0.87859582327455865,-0.26363188453800612,-0.91880687297238706
3784,0.546875,0.40625,0.13677875360648753,-0.89255760395011141,0.20266428749130383,-0.90333528823692399
3785,0.484375,0.34375,-0.77525783389111891,0.20770201347291622,-0.80464694854100183,0.17066785659816891
3786,0.46875,0.359375,-0.602908430465255,0.57215533654035411,-0.64638131113285557,0.55462110256219654
3787,0.46875,0.328125,-0.55290647988728236,0.52481849847003348,-0.5927019573643576,0.50856338460207684
3788,0.453125,0.34375,-0.24437433314693566,0.75215153348274122,-0.28639570901103756,0.75740132094118884
3789,0.515625,0.34375,-0.59750101312162263,-0.53657431141283141,-0.57821183274680343,-0.58502501186575306
3790,0.53125,0.359375,-0.2799310477936402,-0.78292688355683793,-0.234899589223872,-0.81867396448038288
3791,0.53125,0.328125,-0.25665275031491486,-0.71799545798544362,-0.21539113744533961,-0.75068551663449623
3792,0.546875,0.34375,0.11978536984335696,-0.78090686752115757,0.17725828240386296,-0.79008407984926943
3793,0.40625,0.484375,0.84869313469605634,0.35301665729580695,0.85412793930866149,0.39364735751974061
3794,0.390625,0.46875,0.88448023347103466,-0.091805373401016216,0.90839191037019851,-0.062145944780366287
3795,0.421875,0.46875,0.58748535738283836,0.72675842941425883,0.56992750781871993,0.76742176916298277
3796,0.40625,0.453125,0.83544671698688155,0.34749774433945463,0.84081985286402428,0.38751371893176889
3797,0.40625,0.515625,0.84869313469605623,0.35301665729580584,0.85412793930866715,0.39364735751973845
3798,0.390625,0.53125,0.88448023347103777,-0.09180537340101888,0.9083919103702035,-0.062145944780368424
3799,0.421875,0.53125,0.58748535738283747,0.72675842941425806,0.56992750781873303,0.76742176916297611
3800,0.40625,0.546875,0.83544671698688255,0.34749774433945307,0.84081985286403427,0.38751371893176034
3801,0.34375,0.484375,-0.022633722932744873,-0.80380616799861582,0.0015556734409701495,-0.8225675437834773
3802,0.359375,0.46875,0.37678078028914402,-0.74155254468918896,0.40990725782051424,-0.74659724063740807
3803,0.328125,0.46875,-0.38337049610532004,-0.66103816308427354,-0.37328594013677352,-0.68602329570069598
3804,0.34375,0.453125,-0.02224839310563333,-0.7913130308194154,0.0015319948958366196,-0.80975177090302086
3805,0.34375,0.515625,-0.022633722932740831,-0.80380616799861881,0.0015556734409663819,-0.82256754378347174
3806,0.359375,0.53125,0.37678078028915002,-0.74155254468919274,0.40990725782050863,-0.74659724063740618
3807,0.328125,0.53125,-0.38337049610531271,-0.6610381630842751,-0.37328594013677935,-0.68602329570069676
3808,0.34375,0.546875,-0.022248393105624743,-0.79131303081941951,0.00153199489582714,-0.80975177090302553
3809,0.59375,0.484375,0.91379187585311539,0.063136007292709503,0.9298239357562923,0.14079228411630909
3810,0.609375,0.46875,0.75032317026440998,0.47370840553270371,0.72459745808290421,0.55128958357278124
3811,0.578125,0.46875,0.84728132419795121,-0.38507998007909794,0.89794914156058325,-0.32762246641446752
3812,0.59375,0.453125,0.89959120750334232,0.062081175529215799,0.91533741452009965,0.13859753726810803
3813,0.59375,0.515625,0.91379187585311694,0.063136007292710239,0.92982393575629796,0.14079228411630934
3814,0.609375,0.53125,0.75032317026441275,0.47370840553270532,0.72459745808291043,0.55128958357278468
3815,0.578125,0.53125,0.84728132419795421,-0.38507998007909627,0.89794914156058914,-0.32762246641446785
3816,0.59375,0.546875,0.89959120750334653,0.06208117552921797,0.91533741452010198,0.13859753726810581
3817,0.65625,0.484375,-0.36206633935716087,0.71306293988785863,-0.45069503373923953,0.68801191978523757
3818,0.640625,0.46875,0.018643557750747802,0.82909295441320874,-0.067900964662403154,0.84895506841808888
3819,0.671875,0.46875,-0.62230607358064471,0.43367392675704158,-0.68874877839733673,0.36802392666125266
3820,0.65625,0.453125,-0.35644513636923258,0.70199223945216382,-0.44367335906493599,0.67729286943144928
3821,0.65625,0.515625,-0.36206633935716076,0.71306293988785885,-0.45069503373923742,0.6880119197852399
3822,0.640625,0.53125,0.018643557750748434,0.82909295441320985,-0.067900964662399657,0.84895506841809287
3823,0.671875,0.53125,-0.62230607358064571,0.43367392675704269,-0.68874877839733417,0.36802392666125588
3824,0.65625,0.546875,-0.35644513636923325,0.70199223945216505,-0.44367335906493338,0.67729286943144829
3825,0.515625,0.59375,-0.68314667336612633,-0.61356733865696211,-0.66109530451879106,-0.66888749816231274
3826,0.53125,0.609375,-0.29929729884474354,-0.83691715528169563,-0.25111512957858639,-0.87518581603923962
3827,0.53125,0.578125,-0.31425447049291505,-0.87859582327456032,-0.26363188453800451,-0.91880687297236918
3828,0.546875,0.59375,0.1367787536064915,-0.89255760395011219,0.20266428749129883,-0.90333528823691089
3829,0.484375,0.59375,-0.88626529030026457,0.2371188704186861,-0.91998660971897583,0.19512680779667174
3830,0.46875,0.609375,-0.64445512027193186,0.61146870172921053,-0.69099893330144291,0.59290347517423936
3831,0.46875,0.578125,-0.67650723601091489,0.64178742123073163,-0.72543858448566823,0.62245292069588398
3832,0.453125,0.59375,-0.27925098829860329,0.85966953690246961,-0.32744634463374134,0.86596744008871407
3833,0.515625,0.65625,-0.59750101312162074,-0.53657431141283229,-0.5782118327468192,-0.58502501186574651
3834,0.53125,0.640625,-0.27993104779363603,-0.78292688355683915,-0.23489958922388268,-0.81867396448036867
3835,0.53125,0.671875,-0.25665275031491203,-0.71799545798544417,-0.21539113744535104,-0.75068551663449412
3836,0.546875,0.65625,0.11978536984336248,-0.78090686752115712,0.17725828240385411,-0.79008407984926499
3837,0.484375,0.65625,-0.77525783389112146,0.20770201347291634,-0.80464694854101881,0.17066785659816633
3838,0.46875,0.640625,-0.60290843046525944,0.57215533654035489,-0.6463813111328639,0.55462110256220054
3839,0.46875,0.671875,-0.55290647988728714,0.52481849847003537,-0.59270195736437159,0.50856338460206174
3840,0.453125,0.65625,-0.24437433314694121,0.75215153348274444,-0.28639570901104228,0.75740132094117829
3841,0.40625,0.015625,0.0041125261481175061,0.0010737252685677368,0.0029652288685491929,0.0013544836567441071
3842,0.390625,0.03125,0.013617910435675784,-0.0022096157330579206,0.013153597441447796,-0.00091382901837673558
3843,0.421875,0.03125,0.0098376206747645481,0.010953857754345082,0.0082662418054330576,0.011106863567931394
3844,0.40625,0.046875,0.02815461386273654,0.010786455353347225,0.027111556654737426,0.012477788903250088
3845,0.34375,0.015625,-0.00044795941316138672,-0.0035004549779984744,-2.0994402561711583e-06,-0.0028474581852690408
3846,0.359375,0.03125,0.0052887304953063586,-0.011759683502549417,0.0059259098215366573,-0.010815693903692681
3847,0.328125,0.03125,-0.0061394627341861165,-0.0098584403195873561,-0.0054105965136590391,-0.0099264078119866081
3848,0.34375,0.046875,-0.0012369491369216433,-0.026225969047254227,3.9890629010335584e-05,-0.026100184853716599
3849,0.59375,0.015625,0.0061665358190029773,-0.00069474633869281511,0.0032557842634853801,0.00047410820953678039
3850,0.609375,0.03125,0.014528312588503725,0.0070687450070220613,0.01054033712455665,0.0079807066367796956
3851,0.578125,0.03125,0.014215374938683297,-0.0083973118830153945,0.013022845649341334,-0.0047822419306690431
3852,0.59375,0.046875,0.0323088131895247,1.9329573611562489e-05,0.029547350900111579,0.0044362403629777105
3853,0.65625,0.015625,-0.0020382313212223349,0.0063635898064185693,-0.0015713291461091764,0.0024330486369892809
3854,0.640625,0.03125,0.0021832146254945205,0.015781740970469478,-0.00095525470364421277,0.012341625817542379
3855,0.671875,0.03125,-0.011289853781218795,0.010485875853253911,-0.010004215681507193,0.0053876878414649615
3856,0.65625,0.046875,-0.011213992725274262,0.027675748773016557,-0.014295851967294654,0.021902535512047842
3857,0.484375,0.09375,-0.11117606395169348,0.031217937993237282,-0.11395841233830351,0.02419450910206522
3858,0.46875,0.109375,-0.10829132198306232,0.10435956635861052,-0.11559122445643714,0.09920616652977185
3859,0.46875,0.078125,-0.059211320438661584,0.058103456912527301,-0.063090664843517344,0.054163895874007731
3860,0.453125,0.09375,-0.034132812344837428,0.10845689076946463,-0.040545514094164757,0.10727489100324812
3861,0.515625,0.09375,-0.087125780256000554,-0.076479947962865863,-0.081913046543782286,-0.0828449236937851
3862,0.53125,0.109375,-0.052032452826063946,-0.14198510110004084,-0.042034224792275379,-0.14642198726851499
3863,0.53125,0.078125,-0.029655589080191301,-0.078352322417374692,-0.022961643648824994,-0.0799294322466855
3864,0.546875,0.09375,0.015779809276092793,-0.11373908861168132,0.025082184267710778,-0.11192272379766564
3865,0.484375,0.15625,-0.26578581649248606,0.072022134791401751,-0.2747175960603131,0.058281599735256484
3866,0.46875,0.140625,-0.16657376348952171,0.15925702013971416,-0.17800636186132587,0.15275404796112071
3867,0.46875,0.171875,-0.23089731978631539,0.21994398580899727,-0.24698659419277633,0.21193597054098673
3868,0.453125,0.15625,-0.083388441626420257,0.25820039098474079,-0.097772767560992666,0.25859016491173736
3869,0.515625,0.15625,-0.2055590329360136,-0.18385732946643588,-0.19742120384132486,-0.19973186467869147
3870,0.53125,0.140625,-0.078532874560935828,-0.21744880170185274,-0.064707488968145974,-0.2254699415546973
3871,0.53125,0.171875,-0.10787915320838243,-0.30070676246917533,-0.089767205536848735,-0.3128321330969005
3872,0.546875,0.15625,0.040542547965839733,-0.26904374083729815,0.060510359771890912,-0.26976474772219028
3873,0.015625,0.40625,0.0032231321825869105,0.0022483581961500253,0.0030324831210669844,0.0012922203560879861
3874,0.03125,0.390625,0.0075026886114236508,0.011504750547188617,0.0076439023196984129,0.010785001670594676
3875,0.03125,0.421875,0.0079310245034828874,0.012003474347720656,0.0080259681619130729,0.011321785380683454
3876,0.046875,0.40625,0.0027295288974217668,0.029499028073425103,0.0030031059952029611,0.029720697268363693
3877,0.015625,0.34375,0.0026443652633518543,0.0020441025263335006,0.0026495610783207864,0.0011304436979344523
3878,0.03125,0.359375,0.0069535581519438467,0.010843211703199802,0.0071490806478434858,0.010089396177118994
3879,0.03125,0.328125,0.0063019351214781078,0.010024750768796321,0.0065539913417628822,0.009252236037810363
3880,0.046875,0.34375,0.0023411204958237774,0.026000227033109623,0.0026250993209351067,0.02599700206853163
3881,0.015625,0.59375,0.0032231321825864265,0.0022483581961507439,0.0030324831210735573,0.0012922203560873976
3882,0.03125,0.609375,0.00750268861142348,0.011504750547189481,0.0076439023197053405,0.010785001670590657
3883,0.03125,0.578125,0.0079310245034828093,0.012003474347721657,0.0080259681619175068,0.011321785380680169
3884,0.046875,0.59375,0.00272952889742206,0.029499028073426057,0.0030031059952064141,0.029720697268357497
3885,0.015625,0.65625,0.0026443652633512081,0.0020441025263335296,0.0026495610783296448,0.0011304436979355714
3886,0.03125,0.640625,0.0069535581519434893,0.010843211703200333,0.0071490806478521534,0.010089396177115234
3887,0.03125,0.671875,0.006301935121477322,0.010024750768796487,0.0065539913417716963,0.0092522360378081252
3888,0.046875,0.65625,0.0023411204958234551,0.026000227033110206,0.0026250993209425305,0.02599700206852467
3889,0.09375,0.484375,-0.11277037758476789,0.016119677664433299,-0.11509640210074938,0.018053325544110353
3890,0.109375,0.46875,-0.14028105580289196,-0.051908233603378449,-0.14327647117249181,-0.051751638876288072
3891,0.078125,0.46875,-0.064657613326913319,0.048556353009235838,-0.065755471208005956,0.050900453007479828
3892,0.09375,0.453125,-0.11098152711025498,0.015879572824929057,-0.11330274124284036,0.017772337693766498
3893,0.09375,0.515625,-0.11277037758476748,0.016119677664433819,-0.11509640210075125,0.018053325544109523
3894,0.109375,0.53125,-0.14028105580289141,-0.051908233603377638,-0.14327647117249567,-0.051751638876288517
3895,0.078125,0.53125,-0.064657613326912777,0.048556353009236802,-0.065755471208007912,0.05090045300747769
3896,0.09375,0.546875,-0.11098152711025418,0.015879572824930202,-0.11330274124284513,0.017772337693765433
3897,0.15625,0.484375,0.074127854968744439,-0.26420971179783248,0.077554868222701676,-0.26991342845731914
3898,0.140625,0.46875,-0.051401092529453254,-0.22405054288490442,-0.05147842103386794,-0.22885316715606407
3899,0.171875,0.46875,0.22210401529457471,-0.22712127680051883,0.22903996919314279,-0.23121373657852123
3900,0.15625,0.453125,0.072973231792492446,-0.26013297227485377,0.076346668330441181,-0.26570856756535449
3901,0.15625,0.515625,0.074127854968744342,-0.26420971179783204,0.077554868222703133,-0.26991342845731842
3902,0.140625,0.53125,-0.051401092529453199,-0.22405054288490353,-0.051478421033868849,-0.22885316715606244
3903,0.171875,0.53125,0.22210401529457433,-0.22712127680051769,0.22903996919314898,-0.23121373657851785
3904,0.15625,0.546875,0.072973231792492307,-0.26013297227485271,0.076346668330442902,-0.26570856756534839
3905,0.984375,0.40625,-0.01152837252157528,-0.10241706005703657,0.0031702935850062715,-0.0010984067070016275
3906,0.96875,0.390625,-0.048403842947078175,-0.086985358117008527,0.011474623923354094,-0.0062053010937755497
3907,0.96875,0.421875,-0.051396406998432335,-0.091459173780607847,0.012037144998820339,-0.0065180436488039908
3908,0.953125,0.40625,-0.077001862126264156,-0.068435537758312806,0.017421665684762753,-0.024018984368455822
3909,0.984375,0.34375,-0.0084849420074567181,-0.089047671003881682,0.002798352902660786,-0.00094877435256265387
3910,0.96875,0.359375,-0.044454188859873005,-0.081437993617571924,0.010747488702748708,-0.0058041393668313672
3911,0.96875,0.328125,-0.039652400453660565,-0.075096851856758573,0.0098740908375042589,-0.0053269553077180407
3912,0.953125,0.34375,-0.06610561105509255,-0.060608232808142169,0.015259381144861646,-0.021017657036985472
3913,0.984375,0.59375,-0.01152837252157283,-0.10241706005703423,0.0031702935850035328,-0.0010984067069932102
3914,0.96875,0.609375,-0.048403842947075039,-0.086985358117007333,0.011474623923355989,-0.0062053010937658838
3915,0.96875,0.578125,-0.051396406998428928,-0.091459173780606792,0.012037144998821398,-0.0065180436487962063
3916,0.953125,0.59375,-0.077001862126260395,-0.068435537758312695,0.017421665684768002,-0.024018984368448761
3917,0.984375,0.65625,-0.008484942007454881,-0.089047671003880571,0.0027983529026582772,-0.00094877435255118973
3918,0.96875,0.640625,-0.04445418885987068,-0.081437993617571411,0.010747488702751591,-0.0058041393668201886
3919,0.96875,0.671875,-0.039652400453658698,-0.075096851856758989,0.0098740908375076191,-0.0053269553077061596
3920,0.953125,0.65625,-0.066105611055090926,-0.060608232808143078,0.015259381144869955,-0.021017657036976167
3921,0.90625,0.484375,-0.14238608596720823,0.019533393537639228,-0.087127546031344538,-0.077049907401700715
3922,0.890625,0.46875,-0.14958761390875272,0.076509082152654909,-0.14828173021989594,-0.034033238428696926
3923,0.921875,0.46875,-0.12342249745817602,-0.02004244974951044,-0.02843181723577954,-0.07793865905828179
3924,0.90625,0.453125,-0.14014323434600445,0.019164908815122342,-0.085769501666660419,-0.075850506978135612
3925,0.90625,0.515625,-0.14238608596720778,0.019533393537638555,-0.087127546031342998,-0.077049907401700743
3926,0.890625,0.53125,-0.14958761390875266,0.076509082152653562,-0.14828173021989322,-0.034033238428697377
3927,0.921875,0.53125,-0.12342249745817455,-0.020042449749511457,-0.02843181723577623,-0.07793865905828079
3928,0.90625,0.546875,-0.14014323434600351,0.019164908815120434,-0.0857695016666562,-0.075850506978135543
3929,0.84375,0.484375,0.028936952172584622,0.27767851307687424,-0.082330269946466833,0.26832787673328007
3930,0.859375,0.46875,-0.074469508665821624,0.22468410702805605,-0.1677351042921558,0.16371624082970149
3931,0.828125,0.46875,0.16565028886169708,0.27450338300795141,0.065331160954803028,0.31868272327444513
3932,0.84375,0.453125,0.028421623070513925,0.27331777391162126,-0.081048450285719165,0.26414642187897724
3933,0.84375,0.515625,0.028936952172583658,0.27767851307687413,-0.082330269946466333,0.26832787673328073
3934,0.859375,0.53125,-0.074469508665823039,0.22468410702805525,-0.16773510429215463,0.16371624082970163
3935,0.828125,0.53125,0.16565028886169531,0.27450338300795069,0.065331160954803638,0.31868272327444824
3936,0.84375,0.546875,0.028421623070511721,0.27331777391162032,-0.08104845028571965,0.26414642187897963
3937,0.59375,0.984375,0.0061665358190034639,-0.00069474633869234933,0.0032557842634813672,0.00047410820954724278
3938,0.609375,0.96875,0.014528312588504405,0.0070687450070222703,0.010540337124556376,0.0079807066367919548
3939,0.578125,0.96875,0.014215374938684073,-0.0083973118830153112,0.013022845649343457,-0.004782241930658516
3940,0.59375,0.953125,0.03230881318952545,1.9329573611100971e-05,0.029547350900117089,0.0044362403629885508
3941,0.65625,0.984375,-0.0020382313212222625,0.0063635898064196214,-0.0015713291461150838,0.0024330486369969618
3942,0.640625,0.96875,0.0021832146254950739,0.015781740970470106,-0.00095525470364603163,0.012341625817553416
3943,0.671875,0.96875,-0.011289853781218237,0.010485875853255005,-0.010004215681509129,0.0053876878414728891
3944,0.65625,0.953125,-0.011213992725273451,0.02767574877301706,-0.014295851967292703,0.021902535512057224
3945,0.40625,0.984375,0.0041125261481159935,0.0010737252685682484,0.0029652288685543047,0.001354483656746205
3946,0.390625,0.96875,0.013617910435674691,-0.0022096157330572311,0.013153597441453871,-0.00091382901837665502
3947,0.421875,0.96875,0.0098376206747631447,0.010953857754346791,0.0082662418054382774,0.011106863567929757
3948,0.40625,0.953125,0.028154613862735791,0.01078645535334917,0.027111556654742099,0.012477788903246355
3949,0.34375,0.984375,-0.0004479594131612332,-0.003500454977999667,-2.0994402522205539e-06,-0.0028474581852623616
3950,0.359375,0.96875,0.0052887304953057046,-0.011759683502550133,0.0059259098215437159,-0.010815693903690101
3951,0.328125,0.96875,-0.0061394627341861035,-0.009858440319589051,-0.0054105965136521912,-0.0099264078119807274
3952,0.34375,0.953125,-0.0012369491369225048,-0.02622596904725551,3.9890629019344836e-05,-0.026100184853716093
3953,0.515625,0.90625,-0.087125780256000041,-0.076479947962866807,-0.081913046543780746,-0.08284492369379412
3954,0.53125,0.890625,-0.052032452826063905,-0.14198510110004239,-0.042034224792273991,-0.14642198726852423
3955,0.53125,0.921875,-0.029655589080190496,-0.078352322417375428,-0.022961643648818437,-0.079929432246690607
3956,0.546875,0.90625,0.015779809276093022,-0.11373908861168272,0.025082184267718136,-0.11192272379767208
3957,0.484375,0.90625,-0.11117606395169258,0.031217937993237774,-0.11395841233830724,0.02419450910205662
3958,0.46875,0.890625,-0.108291321983061,0.10435956635861096,-0.1155912244564451,0.099206166529766673
3959,0.46875,0.921875,-0.059211320438660828,0.058103456912529126,-0.063090664843519495,0.054163895873999397
3960,0.453125,0.90625,-0.034132812344835887,0.10845689076946652,-0.040545514094170967,0.10727489100324175
3961,0.515625,0.84375,-0.20555903293601568,-0.18385732946643735,-0.19742120384133333,-0.19973186467869439
3962,0.53125,0.859375,-0.078532874560937341,-0.21744880170185421,-0.064707488968150623,-0.22546994155470468
3963,0.53125,0.828125,-0.1078791532083845,-0.30070676246917522,-0.089767205536854522,-0.31283213309689994
3964,0.546875,0.84375,0.040542547965838005,-0.26904374083729837,0.060510359771886908,-0.26976474772219466
3965,0.484375,0.84375,-0.26578581649248739,0.072022134791399711,-0.2747175960603202,0.058281599735260516
3966,0.46875,0.859375,-0.1665737634895213,0.15925702013971302,-0.17800636186133442,0.15275404796112424
3967,0.46875,0.828125,-0.23089731978631647,0.21994398580899491,-0.24698659419277882,0.21193597054099828
3968,0.453125,0.84375,-0.083388441626419341,0.25820039098473924,-0.09777276756099805,0.25859016491174919
3969,0.234375,0.15625,0.051713049598921992,0.13230252700429834,0.050870742104065961,0.13572449856196858
3970,0.21875,0.140625,0.082593909515520869,0.069656957654900126,0.083634696137471751,0.072137487348375356
3971,0.21875,0.171875,0.11458526115683011,0.096656137226566963,0.11604564768320326,0.10009480624564936
3972,0.203125,0.15625,0.11280550075391067,0.022993330455393764,0.11530681773267884,0.024719127946225751
3973,0.265625,0.15625,-0.0975979086937806,0.13639777193963956,-0.10258906274502601,0.13717748778044078
3974,0.28125,0.140625,-0.13600701613183053,0.065948879066978786,-0.14058614041674003,0.064197364691994108
3975,0.28125,0.171875,-0.18868817536305654,0.091322080263770075,-0.19506827828850543,0.089073184721156426
3976,0.296875,0.15625,-0.19148945288586006,-0.0092939278636145137,-0.19564143631865111,-0.014099030800193991
3977,0.234375,0.09375,0.021549878763401486,0.054961986932257421,0.021101765647460191,0.056293385609982857
3978,0.21875,0.109375,0.053662680994472675,0.045229694524137207,0.054309311999027242,0.046841638590941918
3979,0.21875,0.078125,0.029338394272214886,0.02467741653333573,0.029642914202079481,0.025564420621293934
3980,0.203125,0.09375,0.046785414612546788,0.0094702753373903398,0.047825456449483855,0.010250203759313466
3981,0.265625,0.09375,-0.040411421342591236,0.056851662864306388,-0.042548521639508931,0.056900238175455815
3982,0.28125,0.109375,-0.088341576681787284,0.043003858183023602,-0.091290253451134659,0.041689818278088167
3983,0.28125,0.078125,-0.048247219509490943,0.023713223183104881,-0.049825624491800072,0.022758148500517873
3984,0.296875,0.09375,-0.07961453897293376,-0.0036238614877563994,-0.081148081180782095,-0.0058430120645576612
3985,0.15625,0.234375,0.038356087728139823,-0.13686740299591926,0.040032273422089919,-0.13931896559599335
3986,0.140625,0.21875,-0.023917224822778117,-0.10587018384875407,-0.024235579741458874,-0.10776880380261374
3987,0.171875,0.21875,0.10448100372178752,-0.1074468079955644,0.10785398505878263,-0.10888473734753376
3988,0.15625,0.203125,0.031224617439292592,-0.11141870355122566,0.032571106841313584,-0.11335202728218269
3989,0.15625,0.265625,0.045298623527896244,-0.16165358229442306,0.047308993316988103,-0.16464471486073562
3990,0.140625,0.28125,-0.033607230604703761,-0.14800502289720616,-0.033915010218216517,-0.15079954768048534
3991,0.171875,0.28125,0.14621978082900294,-0.15012227891865368,0.15091883978553383,-0.15235838277405481
3992,0.15625,0.296875,0.051839585429189573,-0.18500253082002471,0.054173734069450905,-0.18853711267421427
3993,0.09375,0.234375,-0.057797363284193617,0.0085719586342960473,-0.059401255744365264,0.0093237055990226976
3994,0.109375,0.21875,-0.06560389337913039,-0.024400946702715854,-0.067462162564651068,-0.024366250115650936
3995,0.078125,0.21875,-0.03021069226079778,0.023275824344679785,-0.030962538848475676,0.023975589371044118
3996,0.09375,0.203125,-0.046981343351937377,0.0070238481248481909,-0.048329268035502998,0.0075869596417120315
3997,0.09375,0.265625,-0.068373880951414584,0.010065058593977317,-0.070200377209277909,0.011017256341051015
3998,0.109375,0.28125,-0.091991207874247347,-0.034195959306113799,-0.094401565588553032,-0.03409777644364094
3999,0.078125,0.28125,-0.042342131835406895,0.032370530356352768,-0.04332556666765696,0.033545726800957604
4000,0.09375,0.296875,-0.078383732561929667,0.01145849211715784,-0.08038891632178323,0.012614656750477436
4001,0.34375,0.265625,-0.013545401189002292,-0.49073817892361782,0.00095361674739035654,-0.50174400106831307
4002,0.359375,0.28125,0.24844760408229818,-0.48922619654452121,0.27009996169260247,-0.49195546156416708
4003,0.328125,0.28125,-0.25229697205363089,-0.43571159166638501,-0.24596066487674997,-0.45203393233372968
4004,0.34375,0.296875,-0.015536708214969426,-0.56184143022701816,0.0010914861803949742,-0.5745573184137398
4005,0.34375,0.234375,-0.011463749777373126,-0.41536153874868714,0.00080694418336159043,-0.42456400511659853
4006,0.359375,0.21875,0.17758373448797443,-0.34991833211321405,0.19302683447390842,-0.35157818127272344
4007,0.328125,0.21875,-0.18032151401477406,-0.31146269912354618,-0.17577541135666638,-0.32304454541012123
4008,0.34375,0.203125,-0.0093612776307807778,-0.33808383711503953,0.00065597300998876569,-0.34543168474728103
4009,0.40625,0.265625,0.51762161384742356,0.21500877531059914,0.52099077246942138,0.24010546625218127
4010,0.390625,0.28125,0.58279732181330213,-0.061053710920181727,0.59855873675173799,-0.040958552844555442
4011,0.421875,0.28125,0.38694604328969778,0.47890188224706903,0.37553448106624993,0.5056675969385086
4012,0.40625,0.296875,0.59268392809501558,0.24626866674313702,0.5965971417260475,0.27495158351171423
4013,0.40625,0.234375,0.43810497451152097,0.18191468201181082,0.44085092262255737,0.20317034482304636
4014,0.390625,0.21875,0.416657333718713,-0.043845471422520772,0.42776107789162937,-0.029274567373562696
4015,0.421875,0.21875,0.27672302917330061,0.34243506625349268,0.26837770688602641,0.36137562682479574
4016,0.40625,0.203125,0.35663317487406354,0.14800487214792749,0.35868447251848073,0.16530124946713978
4017,0.265625,0.34375,-0.2859312200590971,0.39834392124501883,-0.30050346177180998,0.40180462819306789
4018,0.28125,0.359375,-0.49387719967387617,0.23787931800266071,-0.51052589048576813,0.23310156293904521
4019,0.28125,0.328125,-0.45283639290751809,0.21825328787215451,-0.46812766196645034,0.2137449696607493
4020,0.296875,0.34375,-0.56075093044765556,-0.028096738060381963,-0.57306819653917906,-0.041317066260293155
4021,0.234375,0.34375,0.15169655242244676,0.38711806180420472,0.14901295683005442,0.39756550438530108
4022,0.21875,0.359375,0.30035654966497477,0.25303052658135838,0.30371704189513038,0.26197343371502274
4023,0.21875,0.328125,0.27530917707695052,0.23202744555956756,0.27849238242706453,0.24021657503095803
4024,0.203125,0.34375,0.3308791905554363,0.067844919613592986,0.33776096262170668,0.072420827262228718
4025,0.265625,0.40625,-0.32690104611321041,0.45516934760464567,-0.34357812600530052,0.45939760045399264
4026,0.28125,0.390625,-0.5280052300332384,0.25417261231366139,-0.54576714276203497,0.24919030396270561
4027,0.28125,0.421875,-0.55436286282076086,0.26673750852911204,-0.57296972369805521,0.26160886323096211
4028,0.296875,0.40625,-0.64127490189787462,-0.032311248364414527,-0.6552163485081911,-0.047243229642047579
4029,0.234375,0.40625,0.17362559617474596,0.44246517930693663,0.17037639064964763,0.45455359435590081
4030,0.21875,0.390625,0.32119970260198433,0.27048162455042718,0.32468396758851747,0.28005755559546924
4031,0.21875,0.421875,0.33730267660643465,0.28394877059325446,0.34086837230830408,0.29401653245994663
4032,0.203125,0.40625,0.37852526381505169,0.077655656245157481,0.38618020312442869,0.082804297270894903
4033,0.765625,0.15625,0.097241319095626555,-0.1102355126615248,0.11700567786871939,-0.085654018854755057
4034,0.78125,0.140625,0.10596099869828485,-0.042273404992100097,0.10956078612848294,-0.014548240016059238
4035,0.78125,0.171875,0.14445406648580059,-0.055701335817737285,0.15197399049856117,-0.020141398175814861
4036,0.796875,0.15625,0.12080945310116947,0.011940170310713484,0.11008582783869693,0.042466322957894931
4037,0.734375,0.15625,-0.040138158190732659,-0.1672561259982536,-0.010487136547568769,-0.17102628940446724
4038,0.71875,0.140625,-0.10300561935115711,-0.11657010887517381,-0.082310708484713738,-0.13087528923699759
4039,0.71875,0.171875,-0.13995648995744933,-0.16061972071972538,-0.114162124345284,-0.18157365218356281
4040,0.703125,0.15625,-0.18242713361133361,-0.069465313808006135,-0.17129069877852082,-0.09566600242994007
4041,0.765625,0.09375,0.041293346610398136,-0.050768421740137029,0.048551491751785962,-0.035606224478180744
4042,0.78125,0.109375,0.070799735712170866,-0.030000640660924879,0.071179235910204058,-0.0094857920858546583
4043,0.78125,0.078125,0.040898851716966944,-0.019205028816928815,0.038889060361795319,-0.0052200178966416442
4044,0.796875,0.09375,0.055009883080474803,0.0028402546285790295,0.045741992984065033,0.017585140289994007
4045,0.734375,0.09375,-0.019872607936460198,-0.072676946105651966,-0.0043981790456972727,-0.070991606138461186
4046,0.71875,0.109375,-0.069439980754526245,-0.076452339126256347,-0.053489281340678284,-0.08499872289586119
4047,0.71875,0.078125,-0.040797550104405229,-0.042552395655035102,-0.029239803602479224,-0.046407461918199173
4048,0.703125,0.09375,-0.079692437478070963,-0.027859466493769927,-0.071111450392087244,-0.039667060647730852
4049,0.84375,0.234375,0.013986317317186274,0.14788969599268501,-0.042516228689296075,0.13856735359993691
4050,0.859375,0.21875,-0.038343146557279544,0.11071940212957448,-0.079047128698375033,0.0771680901615132
4051,0.828125,0.21875,0.079819761450715912,0.13371666949089014,0.030787885970616109,0.15014112147994324
4052,0.84375,0.203125,0.011810264010740014,0.12267490024336451,-0.034587911778286913,0.11277881715447818
4053,0.84375,0.265625,0.016447637203620379,0.17248787908328309,-0.050243326045738577,0.16372004568665105
4054,0.859375,0.28125,-0.051555833739251475,0.15001668335089216,-0.11056827479732803,0.10790372451333202
4055,0.828125,0.28125,0.10936763323364117,0.18316564436518001,0.043048349588446236,0.21002390699186455
4056,0.84375,0.296875,0.019042793953970554,0.1958225349026059,-0.057528840216731471,0.18745209548414643
4057,0.90625,0.234375,-0.078305858624215005,0.0074680901231340179,-0.045045305670229505,-0.039819482666532124
4058,0.890625,0.21875,-0.07667188232898009,0.036509513180080597,-0.069928873900334726,-0.016028467701619024
4059,0.921875,0.21875,-0.061769526777779339,-0.014735864894929398,-0.013439838383765158,-0.03679394702353362
4060,0.90625,0.203125,-0.066324490418781509,0.0056832677622334522,-0.036691776873264748,-0.032408117969133628
4061,0.90625,0.265625,-0.090078476299139287,0.0095329648699965502,-0.053194623067742558,-0.047042694073055162
4062,0.890625,0.28125,-0.10190653820277382,0.049768190128267553,-0.097760242181733695,-0.022441641687726659
4063,0.921875,0.28125,-0.082323366581437254,-0.01648714941224106,-0.018745357034859512,-0.051411023759015413
4064,0.90625,0.296875,-0.10137565106246754,0.011713627695627921,-0.060886326137892979,-0.053853660693304793
4065,0.65625,0.265625,-0.22184959293583675,0.4364181805164582,-0.27492743466980629,0.4196863720931498
4066,0.640625,0.28125,0.011946490577939445,0.54734900342542958,-0.044747654798736262,0.55940832759712089
4067,0.671875,0.28125,-0.41135359997439686,0.28674200728427313,-0.45385294280408384,0.24251171269323732
4068,0.65625,0.296875,-0.25366789785859184,0.4990323821598795,-0.31481869274787055,0.48058146228868415
4069,0.65625,0.234375,-0.18803307759190369,0.37020048616366541,-0.23264259548438534,0.35514207179785845
4070,0.640625,0.21875,0.0087430992215939383,0.39276371547689631,-0.031976972027829939,0.39980482485156066
4071,0.671875,0.21875,-0.2952575039736629,0.20629967048552969,-0.32436718812249199,0.1733309603122587
4072,0.65625,0.203125,-0.15321093040286446,0.30245192837894935,-0.18928571118554521,0.28896747536766043
4073,0.59375,0.265625,0.55834777253886858,0.038035513202781236,0.56717951338868311,0.08587200126519684
4074,0.609375,0.28125,0.49498737291419509,0.31220395466277123,0.477461743720974,0.36325656409279333
4075,0.578125,0.28125,0.55906296922506471,-0.25455906673812367,0.5916903522135083,-0.21588863782515683
4076,0.59375,0.296875,0.6389170557249696,0.043614906866396082,0.64948229984238715,0.09833450769616732
4077,0.59375,0.234375,0.47305250492545237,0.032081265537480079,0.47994264021381405,0.072661478166476015
4078,0.609375,0.21875,0.35484719509159185,0.22358085516174833,0.34123428441901471,0.25960819361993837
4079,0.578125,0.21875,0.40038913657709063,-0.18265780620457417,0.42286433201476975,-0.15429501583135397
4080,0.59375,0.203125,0.38569481934513311,0.02587491156392209,0.3905003312505021,0.059115089148118374
4081,0.734375,0.34375,-0.11022109709046476,-0.47555742206776058,-0.030615484824814302,-0.50073147517253236
4082,0.71875,0.359375,-0.35686252724431039,-0.4132192085203506,-0.29863516306608151,-0.4750850631549019
4083,0.71875,0.328125,-0.32735126674537351,-0.37917288576161207,-0.27383592211607022,-0.43563465520152023
4084,0.703125,0.34375,-0.52068718183501128,-0.20291466454303184,-0.50152071058283143,-0.28020268942533749
4085,0.765625,0.34375,0.27664818673338804,-0.30605464466166371,0.34257676169021911,-0.25063571368448906
4086,0.78125,0.359375,0.36493663043473001,-0.13693048915181072,0.39751423549081366,-0.052587060222003969
4087,0.78125,0.328125,0.33521256827522949,-0.1256466005634185,0.36451115002104328,-0.048220292901158673
4088,0.796875,0.34375,0.33475388718160531,0.03793143229946,0.32214473920631403,0.12441589277171158
4089,0.734375,0.40625,-0.12619798008459004,-0.54330516685846375,-0.035007367928234501,-0.57250269173936308
4090,0.71875,0.390625,-0.38143464824236822,-0.44163180896397852,-0.31924866426439441,-0.5078779221020967
4091,0.71875,0.421875,-0.40041120784499457,-0.46365084031318604,-0.33516010028243615,-0.53319197158016063
4092,0.703125,0.40625,-0.59494463051336055,-0.23198617449185902,-0.57340482838955209,-0.32036766326570365
4093,0.765625,0.40625,0.31556447046520153,-0.34957682369556164,0.39167081687108279,-0.2865588827340344
4094,0.78125,0.390625,0.38974202214167536,-0.14634083989855334,0.42494778749733797,-0.056217109406082655
4095,0.78125,0.421875,0.40896615904590194,-0.15360567481615053,0.44612469557076173,-0.059019067280034886
4096,0.796875,0.40625,0.38205127553653817,0.0431399202353882,0.36831152159473546,0.14224541330533697
4097,0.84375,0.765625,0.013986317317181696,0.14788969599268603,-0.042516228689297025,0.13856735359994543
4098,0.859375,0.78125,-0.038343146557283374,0.11071940212957233,-0.079047128698381763,0.077168090161520528
4099,0.828125,0.78125,0.07981976145071161,0.13371666949089175,0.030787885970616293,0.15014112147995756
4100,0.84375,0.796875,0.01181026401073606,0.12267490024336308,-0.034587911778294456,0.11277881715449047
4101,0.84375,0.734375,0.016447637203616316,0.17248787908328628,-0.050243326045737363,0.16372004568665011
4102,0.859375,0.71875,-0.051555833739256235,0.15001668335089421,-0.11056827479732621,0.10790372451332503
4103,0.828125,0.71875,0.10936763323363986,0.18316564436518548,0.043048349588445625,0.21002390699186044
4104,0.84375,0.703125,0.019042793953967702,0.19582253490261042,-0.057528840216734461,0.18745209548413602
4105,0.90625,0.765625,-0.078305858624215116,0.0074680901231291294,-0.045045305670230427,-0.039819482666532839
4106,0.890625,0.78125,-0.076671882328980839,0.036509513180075892,-0.069928873900341401,-0.016028467701619066
4107,0.921875,0.78125,-0.061769526777776605,-0.014735864894933479,-0.013439838383767536,-0.03679394702353625
4108,0.90625,0.796875,-0.066324490418779108,0.0056832677622291397,-0.036691776873272186,-0.032408117969137874
4109,0.90625,0.734375,-0.090078476299141633,0.0095329648699924805,-0.053194623067735494,-0.0470426940730558
4110,0.890625,0.71875,-0.1019065382027783,0.049768190128265569,-0.097760242181725798,-0.022441641687731606
4111,0.921875,0.71875,-0.082323366581438781,-0.016487149412245043,-0.018745357034849069,-0.05141102375901347
4112,0.90625,0.703125,-0.10137565106247097,0.011713627695625329,-0.060886326137881468,-0.053853660693308533
4113,0.765625,0.84375,0.097241319095624015,-0.11023551266152481,0.11700567786872476,-0.085654018854746813
4114,0.78125,0.859375,0.10596099869828275,-0.042273404992101513,0.1095607861284825,-0.014548240016048961
4115,0.78125,0.828125,0.14445406648579759,-0.055701335817736494,0.15197399049856683,-0.020141398175800507
4116,0.796875,0.84375,0.12080945310116643,0.01194017031071232,0.11008582783869419,0.042466322957909919
4117,0.734375,0.84375,-0.040138158190734512,-0.16725612599825351,-0.010487136547562347,-0.17102628940447073
4118,0.71875,0.859375,-0.1030056193511583,-0.11657010887517436,-0.082310708484708769,-0.13087528923700542
4119,0.71875,0.828125,-0.13995648995745089,-0.16061972071972472,-0.11416212434528054,-0.18157365218357202
4120,0.703125,0.84375,-0.18242713361133506,-0.069465313808006149,-0.17129069877852013,-0.095666002429951366
4121,0.765625,0.90625,0.041293346610399254,-0.050768421740138424,0.048551491751786073,-0.035606224478179668
4122,0.78125,0.890625,0.070799735712170991,-0.030000640660926826,0.071179235910201352,-0.0094857920858507552
4123,0.78125,0.921875,0.040898851716968526,-0.01920502881692961,0.038889060361793043,-0.0052200178966415869
4124,0.796875,0.90625,0.055009883080475927,0.0028402546285773871,0.045741992984059794,0.017585140289994691
4125,0.734375,0.90625,-0.019872607936458987,-0.072676946105652909,-0.0043981790456927771,-0.070991606138463309
4126,0.71875,0.890625,-0.069439980754525815,-0.076452339126257415,-0.053489281340672615,-0.084998722895866657
4127,0.71875,0.921875,-0.040797550104403682,-0.042552395655035401,-0.029239803602474617,-0.046407461918199867
4128,0.703125,0.90625,-0.079692437478070019,-0.027859466493770607,-0.071111450392081318,-0.039667060647734079
4129,0.734375,0.65625,-0.11022109709046318,-0.47555742206776741,-0.030615484824821418,-0.50073147517252636
4130,0.71875,0.640625,-0.35686252724431311,-0.41321920852035687,-0.29863516306608395,-0.47508506315489951
4131,0.71875,0.671875,-0.32735126674537346,-0.37917288576162045,-0.27383592211607682,-0.43563465520152161
4132,0.703125,0.65625,-0.52068718183501583,-0.20291466454303994,-0.50152071058283521,-0.28020268942534371
4133,0.765625,0.65625,0.27664818673339381,-0.30605464466166632,0.34257676169020529,-0.25063571368448212
4134,0.78125,0.640625,0.36493663043473479,-0.13693048915181089,0.39751423549079912,-0.052587060221998209
4135,0.78125,0.671875,0.33521256827523593,-0.1256466005634177,0.36451115002102957,-0.048220292901157667
4136,0.796875,0.65625,0.33475388718161009,0.037931432299462192,0.32214473920629599,0.12441589277171058
4137,0.734375,0.59375,-0.1261979800845911,-0.54330516685846453,-0.035007367928225466,-0.57250269173935198
4138,0.71875,0.609375,-0.38143464824237111,-0.44163180896397974,-0.31924866426438703,-0.50787792210209026
4139,0.71875,0.578125,-0.4004112078449974,-0.46365084031318526,-0.33516010028242532,-0.53319197158015597
4140,0.703125,0.59375,-0.59494463051336566,-0.23198617449185879,-0.57340482838954254,-0.32036766326570609
4141,0.765625,0.59375,0.31556447046520347,-0.34957682369556214,0.39167081687108612,-0.28655888273402119
4142,0.78125,0.609375,0.38974202214167813,-0.14634083989855315,0.42494778749733175,-0.056217109406071927
4143,0.78125,0.578125,0.40896615904590272,-0.15360567481614965,0.44612469557076345,-0.059019067280022215
4144,0.796875,0.59375,0.38205127553653973,0.043139920235389442,0.36831152159472841,0.14224541330534624
4145,0.65625,0.734375,-0.2218495929358385,0.43641818051645576,-0.27492743466980923,0.4196863720931584
4146,0.640625,0.71875,0.0119464905779371,0.54734900342542758,-0.044747654798733008,0.55940832759713077
4147,0.671875,0.71875,-0.41135359997440007,0.28674200728426907,-0.45385294280408711,0.24251171269323948
4148,0.65625,0.703125,-0.25366789785859667,0.499032382159878,-0.31481869274787072,0.48058146228868454
4149,0.65625,0.765625,-0.18803307759190407,0.37020048616366485,-0.23264259548439467,0.3551420717978635
4150,0.640625,0.78125,0.0087430992215942922,0.39276371547689737,-0.031976972027843602,0.39980482485156688
4151,0.671875,0.78125,-0.29525750397366363,0.20629967048552991,-0.32436718812250304,0.17333096031225562
4152,0.65625,0.796875,-0.15321093040286499,0.30245192837895074,-0.18928571118555879,0.28896747536765821
4153,0.59375,0.734375,0.55834777253887058,0.038035513202783117,0.56717951338869721,0.085872001265212619
4154,0.609375,0.71875,0.49498737291419587,0.31220395466277223,0.47746174372098549,0.3632565640928066
4155,0.578125,0.71875,0.55906296922506837,-0.25455906673812206,0.59169035221352551,-0.21588863782514806
4156,0.59375,0.703125,0.63891705572497193,0.043614906866397261,0.64948229984240169,0.098334507696175091
4157,0.59375,0.765625,0.47305250492545525,0.032081265537482681,0.47994264021381527,0.072661478166494098
4158,0.609375,0.78125,0.35484719509159451,0.22358085516175089,0.34123428441900588,0.25960819361995124
4159,0.578125,0.78125,0.40038913657709313,-0.18265780620457164,0.42286433201476709,-0.15429501583133942
4160,0.59375,0.796875,0.38569481934513561,0.025874911563924897,0.39050033125049388,0.059115089148128894
4161,0.15625,0.765625,0.038356087728141849,-0.13686740299591732,0.040032273422102117,-0.13931896559599341
4162,0.140625,0.78125,-0.02391722482277784,-0.10587018384875178,-0.024235579741448927,-0.10776880380260585
4163,0.171875,0.78125,0.10448100372178994,-0.10744680799556297,0.10785398505879595,-0.10888473734753387
4164,0.15625,0.796875,0.031224617439293407,-0.11141870355122385,0.032571106841324797,-0.11335202728217462
4165,0.15625,0.734375,0.045298623527898686,-0.16165358229442189,0.047308993316995708,-0.16464471486074214
4166,0.140625,0.71875,-0.033607230604702019,-0.14800502289720488,-0.033915010218213026,-0.15079954768049283
4167,0.171875,0.71875,0.14621978082900566,-0.15012227891865407,0.15091883978553683,-0.15235838277406175
4168,0.15625,0.703125,0.051839585429191641,-0.18500253082002496,0.054173734069450058,-0.1885371126742206
4169,0.09375,0.765625,-0.057797363284195942,0.0085719586342976172,-0.059401255744362745,0.0093237055990299383
4170,0.109375,0.78125,-0.065603893379132278,-0.024400946702713994,-0.067462162564648154,-0.024366250115640271
4171,0.078125,0.78125,-0.030210692260800569,0.0232758243446799,-0.030962538848478143,0.023975589371052791
4172,0.09375,0.796875,-0.046981343351940062,0.0070238481248486489,-0.048329268035506988,0.0075869596417235605
4173,0.09375,0.734375,-0.068373880951416041,0.010065058593979345,-0.070200377209273843,0.01101725634105011
4174,0.109375,0.71875,-0.09199120787424743,-0.034195959306111738,-0.094401565588550035,-0.034097776443646963
4175,0.078125,0.71875,-0.042342131835408359,0.032370530356354239,-0.04332556666765288,0.033545726800954204
4176,0.09375,0.703125,-0.078383732561930014,0.011458492117159524,-0.080388916321781384,0.01261465675046952
4177,0.234375,0.84375,0.051713049598921194,0.13230252700429773,0.050870742104076806,0.13572449856195859
4178,0.21875,0.859375,0.082593909515520897,0.069656957654899154,0.083634696137485975,0.072137487348375676
4179,0.21875,0.828125,0.11458526115683029,0.096656137226566741,0.11604564768321537,0.10009480624564178
4180,0.203125,0.84375,0.11280550075391105,0.022993330455393313,0.11530681773269291,0.024719127946228062
4181,0.265625,0.84375,-0.097597908693783306,0.13639777193963981,-0.10258906274502617,0.13717748778042183
4182,0.28125,0.859375,-0.1360070161318335,0.065948879066978466,-0.14058614041673922,0.064197364691974568
4183,0.28125,0.828125,-0.1886881753630594,0.091322080263771116,-0.19506827828851833,0.089073184721137774
4184,0.296875,0.84375,-0.19148945288586317,-0.0092939278636135214,-0.19564143631866243,-0.014099030800212858
4185,0.234375,0.90625,0.021549878763402672,0.054961986932255361,0.021101765647472803,0.056293385609992357
4186,0.21875,0.890625,0.053662680994473771,0.045229694524135583,0.054309311999039191,0.046841638590951397
4187,0.21875,0.921875,0.029338394272217197,0.024677416533334485,0.029642914202084023,0.025564420621309241
4188,0.203125,0.90625,0.046785414612548828,0.0094702753373893424,0.047825456449487373,0.010250203759328315
4189,0.265625,0.90625,-0.040411421342591881,0.056851662864303841,-0.042548521639493339,0.056900238175454754
4190,0.28125,0.890625,-0.088341576681789574,0.043003858183021645,-0.091290253451122752,0.041689818278076621
4191,0.28125,0.921875,-0.048247219509491651,0.023713223183102206,-0.04982562449178557,0.022758148500518438
4192,0.296875,0.90625,-0.079614538972935925,-0.0036238614877585908,-0.081148081180770049,-0.0058430120645662914
4193,0.265625,0.65625,-0.28593122005910093,0.39834392124501899,-0.30050346177180071,0.40180462819307389
4194,0.28125,0.640625,-0.49387719967387883,0.23787931800266066,-0.51052589048575903,0.23310156293904469
4195,0.28125,0.671875,-0.45283639290752031,0.21825328787215434,-0.46812766196644146,0.21374496966075682
4196,0.296875,0.65625,-0.56075093044765711,-0.028096738060382577,-0.57306819653916874,-0.041317066260292572
4197,0.234375,0.65625,0.15169655242244298,0.38711806180420394,0.14901295683005772,0.39756550438530763
4198,0.21875,0.640625,0.30035654966497122,0.25303052658135744,0.30371704189513143,0.26197343371502951
4199,0.21875,0.671875,0.27530917707694857,0.23202744555956537,0.27849238242706298,0.24021657503096353
4200,0.203125,0.65625,0.3308791905554343,0.067844919613590834,0.33776096262170274,0.072420827262236503
4201,0.265625,0.59375,-0.32690104611321225,0.45516934760464894,-0.3435781260052892,0.4593976004539867
4202,0.28125,0.609375,-0.52800523003323974,0.25417261231366245,-0.54576714276202598,0.24919030396269698
4203,0.28125,0.578125,-0.55436286282075842,0.26673750852911315,-0.57296972369804711,0.26160886323095162
4204,0.296875,0.59375,-0.64127490189787217,-0.032311248364415249,-0.65521634850818677,-0.047243229642063962
4205,0.234375,0.59375,0.17362559617474296,0.44246517930693913,0.17037639064966104,0.45455359435590409
4206,0.21875,0.609375,0.32119970260198105,0.27048162455042846,0.32468396758852625,0.28005755559547774
4207,0.21875,0.578125,0.33730267660643276,0.28394877059325746,0.34086837230831701,0.2940165324599523
4208,0.203125,0.59375,0.37852526381505053,0.077655656245159133,0.38618020312443613,0.082804297270907726
4209,0.34375,0.734375,-0.01354540118900118,-0.4907381789236176,0.00095361674739483917,-0.50174400106829942
4210,0.359375,0.71875,0.24844760408229946,-0.48922619654452026,0.27009996169261163,-0.49195546156416298
4211,0.328125,0.71875,-0.25229697205363039,-0.43571159166638457,-0.24596066487674684,-0.45203393233371642
4212,0.34375,0.703125,-0.015536708214968475,-0.56184143022701694,0.0010914861804009902,-0.57455731841373348
4213,0.34375,0.765625,-0.011463749777372112,-0.41536153874868659,0.00080694418335872987,-0.42456400511658099
4214,0.359375,0.78125,0.17758373448797618,-0.34991833211321338,0.19302683447391034,-0.3515781812727049
4215,0.328125,0.78125,-0.18032151401477423,-0.31146269912354491,-0.1757754113566819,-0.32304454541010891
4216,0.34375,0.796875,-0.0093612776307803961,-0.33808383711503809,0.00065597300997624099,-0.34543168474726726
4217,0.40625,0.734375,0.51762161384742322,0.2150087753105995,0.52099077246944048,0.24010546625216786
4218,0.390625,0.71875,0.58279732181330257,-0.061053710920180415,0.59855873675175197,-0.040958552844567966
4219,0.421875,0.71875,0.38694604328969517,0.47890188224706975,0.37553448106626369,0.50566759693848129
4220,0.40625,0.703125,0.59268392809501413,0.24626866674313933,0.59659714172605716,0.27495158351169013
4221,0.40625,0.765625,0.43810497451152236,0.18191468201180983,0.44085092262258202,0.20317034482305349
4222,0.390625,0.78125,0.41665733371871544,-0.043845471422521293,0.42776107789164602,-0.029274567373543631
4223,0.421875,0.78125,0.27672302917330133,0.34243506625349068,0.26837770688604945,0.36137562682480828
4224,0.40625,0.796875,0.35663317487406632,0.14800487214792646,0.35868447251849739,0.1653012494671609
4225,0.0078125,0.0078125,-2.9564035353612362e-05,-4.7746430592067495e-05,7.5234332236214037e-07,-6.6669529850814978e-07
4226,0.9921875,0.0078125,0.0065653794351758612,0.00079047693418095842,0.00010539232677735628,2.3931606145746435e-05
4227,0.9921875,0.9921875,0.0065653794351759878,0.00079047693417903526,0.00010539232677071385,2.3931606148542463e-05
4228,0.0078125,0.9921875,-2.9564035353699623e-05,-4.774643059191532e-05,7.5234332369948003e-07,-6.6669528887987036e-07
4229,0.4921875,0.4921875,-0.97607436376751899,0.012183946954046766,-1.0041431112654184,-0.041310007764914135
4230,0.5078125,0.4921875,-0.86465968598612342,-0.45440437530495803,-0.86139868327392666,-0.51769929769365597
4231,0.5078125,0.5078125,-0.86465968598612408,-0.45440437530495803,-0.861398683273918,-0.51769929769364909
4232,0.4921875,0.5078125,-0.97607436376751966,0.012183946954046825,-1.0041431112654164,-0.041310007764908896
4233,0.4921875,0.0078125,-0.0027326319339588431,0.00061772704270364367,-0.00081557347825312785,-2.3694353235301798e-05
4234,0.5078125,0.0078125,-0.002764305967661705,-0.00084408807353002126,-0.00070563626308765631,-0.00041274371834382927
4235,0.0078125,0.4921875,0.001318043693130993,0.0010670794034283125,0.00079433625740498793,0.00011549619507603533
4236,0.0078125,0.5078125,0.0013180436931308898,0.0010670794034284305,0.00079433625740546519,0.00011549619507605417
4237,0.9921875,0.4921875,0.012266498009508908,-0.10999638280732711,0.0010924187937615812,-0.0014386990279522227
4238,0.9921875,0.5078125,0.012266498009509188,-0.10999638280732672,0.0010924187937610594,-0.0014386990279515021
4239,0.5078125,0.9921875,-0.0027643059676627619,-0.00084408807352980117,-0.00070563626308509314,-0.00041274371833984142
4240,0.4921875,0.9921875,-0.0027326319339602894,0.00061772704270387699,-0.00081557347824966371,-2.3694353232359602e-05
4241,0.2421875,0.2421875,0.034280386130877416,0.28288040895083771,0.031020338759543273,0.29052970047545146
4242,0.2578125,0.2578125,-0.12361066591620253,0.3127872226953296,-0.13245480049267461,0.31878325452799006
4243,0.2578125,0.2421875,-0.1137270549899155,0.28781445752648399,-0.12185824808786139,0.29328027110686444
4244,0.2421875,0.2578125,0.037276036069722594,0.30744470468662166,0.033718151160545988,0.31579392181219562
4245,0.7578125,0.2421875,0.13502810831658799,-0.2519059615945532,0.18531284936819531,-0.2258748595825627
4246,0.7421875,0.2578125,0.0038349936321163923,-0.33649320546257822,0.064230213029923142,-0.33914735850151501
4247,0.7421875,0.2421875,0.0034879496612631533,-0.31028026304867817,0.059091787187764748,-0.31202611848563083
4248,0.7578125,0.2578125,0.14645436095676992,-0.27303921912380519,0.20142142842992411,-0.24550474145680529
4249,0.7578125,0.7578125,0.13502810831659134,-0.25190596159454987,0.18531284936820827,-0.22587485958256173
4250,0.7421875,0.7421875,0.0038349936321208735,-0.33649320546257805,0.064230213029930733,-0.33914735850151811
4251,0.7578125,0.7421875,0.14645436095677475,-0.27303921912380286,0.20142142842993604,-0.24550474145680726
4252,0.7421875,0.7578125,0.0034879496612665009,-0.31028026304867651,0.059091787187774442,-0.312026118485635
4253,0.2421875,0.7578125,0.034280386130879387,0.2828804089508371,0.031020338759537202,0.29052970047544407
4254,0.2578125,0.7421875,-0.12361066591620157,0.31278722269532883,-0.13245480049268132,0.31878325452798995
4255,0.2421875,0.7421875,0.037276036069724468,0.30744470468662061,0.033718151160540846,0.31579392181219085
4256,0.2578125,0.7578125,-0.11372705498991444,0.28781445752648377,-0.12185824808787263,0.2932802711068625
4257,0.2421875,0.0078125,0.00019339881031424393,0.00073743034877087423,4.8572559950234856e-05,0.00042476218027614397
4258,0.2578125,0.0078125,-0.00017011641619658473,0.0008895973118186783,-0.00017528484900129046,0.00043146367456839836
4259,0.0078125,0.2421875,0.00024525233439374149,0.0006027929796803864,0.00042193839082460663,6.0307313316458583e-05
4260,0.0078125,0.2578125,0.00031516321512411777,0.00066434082049252573,0.0004592039413474267,6.5964694429763009e-05
4261,0.7578125,0.0078125,0.0024876792396858567,-0.0046384475832703335,0.00031048951558016266,-0.00039175629069446827
4262,0.7421875,0.0078125,-6.8859966225776439e-06,-0.0050754784327460729,9.098862276017629e-05,-0.00052513740552505078
4263,0.9921875,0.2421875,0.013372123547361309,-0.058565122831708012,0.00069997336547577801,-0.00075056626961269907
4264,0.9921875,0.2578125,0.013053942858604423,-0.063335908741273192,0.00073568355268148662,-0.00081319103362482732
4265,0.9921875,0.7578125,0.013372123547363767,-0.058565122831706139,0.00069997336547325951,-0.00075056626960824202
4266,0.9921875,0.7421875,0.013053942858606936,-0.06333590874127186,0.00073568355267799104,-0.00081319103361867718
4267,0.7578125,0.9921875,0.002487679239685652,-0.0046384475832687184,0.00031048951557930126,-0.00039175629069417494
4268,0.7421875,0.9921875,-6.8859966227930384e-06,-0.0050754784327444189,9.0988622758523613e-05,-0.00052513740552422711
4269,0.0078125,0.7578125,0.00024525233439394336,0.00060279297967852016,0.00042193839082277303,6.0307313318343211e-05
4270,0.0078125,0.7421875,0.00031516321512399547,0.00066434082049085801,0.00045920394134724309,6.5964694432734427e-05
4271,0.2421875,0.9921875,0.00019339881031594564,0.00073743034877213321,4.8572559940284828e-05,0.00042476218028214639
4272,0.2578125,0.9921875,-0.00017011641619474319,0.00088959731181941339,-0.00017528484900954824,0.00043146367457612509
4273,0.4921875,0.2578125,-0.57250588791878332,0.0077563007258975337,-0.58850432682191733,-0.024200587647260963
4274,0.5078125,0.2578125,-0.5071151681532956,-0.26614968774188014,-0.50484456004527078,-0.30340298790645759
4275,0.4921875,0.2421875,-0.52685059379418375,0.0071969087016739248,-0.54142485194458789,-0.022263526533180238
4276,0.5078125,0.2421875,-0.46670103241830485,-0.244900579423593,-0.46445818675495909,-0.27913052545564943
4277,0.2578125,0.4921875,-0.21070436380881216,0.53276678469254013,-0.22600016565252673,0.54392460232724349
4278,0.2578125,0.5078125,-0.2107043638088118,0.53276678469254091,-0.22600016565252476,0.54392460232724282
4279,0.2421875,0.4921875,0.064083837291279436,0.52391798026843783,0.057542065116966766,0.53882949735765995
4280,0.2421875,0.5078125,0.064083837291279144,0.52391798026843894,0.057542065116969618,0.5388294973576615
4281,0.7421875,0.4921875,0.0054775481460705832,-0.57017017274495685,0.1095731857219519,-0.57862111638626601
4282,0.7421875,0.5078125,0.005477548146070303,-0.57017017274495685,0.10957318572195428,-0.57862111638626446
4283,0.7578125,0.4921875,0.24677779211761283,-0.46209875012582247,0.34362677561393501,-0.41884557856406185
4284,0.7578125,0.5078125,0.24677779211761239,-0.46209875012582252,0.34362677561393723,-0.41884557856406007
4285,0.5078125,0.7421875,-0.50711516815329838,-0.26614968774187975,-0.50484456004526979,-0.30340298790646575
4286,0.4921875,0.7421875,-0.5725058879187862,0.0077563007258970315,-0.58850432682191922,-0.024200587647274164
4287,0.5078125,0.7578125,-0.46670103241830779,-0.24490057942359247,-0.46445818675495754,-0.27913052545565303
4288,0.4921875,0.7578125,-0.52685059379418675,0.0071969087016729308,-0.54142485194458556,-0.022263526533187226
4289,0.1171875,0.1171875,-0.023377583029161052,-0.016562115419655653,-0.024275414875278602,-0.016708359651178811
4290,0.1328125,0.1328125,-0.019648516299455961,-0.039703406413564554,-0.020395135921849321,-0.040430270786980561
4291,0.1328125,0.1171875,-0.015841502327622384,-0.032037299507813505,-0.01645354766703204,-0.03261640142804078
4292,0.1171875,0.1328125,-0.028998590531575993,-0.020534648116685268,-0.030090857492927982,-0.020711495041052005
4293,0.8828125,0.1171875,-0.032473204264751698,0.02550371630432097,-0.0295644232283091,0.00095165368932302813
4294,0.8671875,0.1328125,-0.027168938377707133,0.048543347382682768,-0.039166461579806335,0.022926638271683803
4295,0.8671875,0.1171875,-0.022462030548709388,0.04123082319163425,-0.03160906380524809,0.018528798574643058
4296,0.8828125,0.1328125,-0.03844687824019128,0.029621061903516262,-0.036614160253571358,0.0011496284831398612
4297,0.8828125,0.8828125,-0.032473204264748548,0.025503716304320963,-0.029564423228314051,0.00095165368930901699
4298,0.8671875,0.8671875,-0.027168938377704795,0.048543347382680534,-0.039166461579819505,0.022926638271675518
4299,0.8828125,0.8671875,-0.03844687824018795,0.029621061903515083,-0.036614160253580746,0.0011496284831273814
4300,0.8671875,0.8828125,-0.022462030548706824,0.041230823191633098,-0.03160906380525725,0.018528798574632067
4301,0.1171875,0.8828125,-0.02337758302916192,-0.016562115419655823,-0.024275414875294995,-0.016708359651179727
4302,0.1328125,0.8671875,-0.019648516299456881,-0.03970340641356436,-0.020395135921861731,-0.040430270786971541
4303,0.1171875,0.8671875,-0.02899859053157728,-0.020534648116685473,-0.030090857492943202,-0.020711495041047707
4304,0.1328125,0.8828125,-0.015841502327622919,-0.032037299507813338,-0.016453547667046851,-0.032616401428035985
4305,0.3828125,0.3828125,0.73234506479195893,-0.26866297103598241,0.76233725997839574,-0.25067501044295726
4306,0.3671875,0.3671875,0.48171266168482524,-0.54841573039160485,0.51338211053464444,-0.54774554005837295
4307,0.3828125,0.3671875,0.70832963469974519,-0.25992644480887006,0.73733658517632183,-0.24245527290963759
4308,0.3671875,0.3828125,0.49802904327245306,-0.56693215192227375,0.53078892958830137,-0.56631685936963283
4309,0.6171875,0.3828125,0.53797053201923284,0.56309489399631263,0.49898706975684232,0.62844951147545769
4310,0.6328125,0.3671875,0.1942836565209331,0.70193924440901223,0.12779132842883431,0.73972334324361333
4311,0.6171875,0.3671875,0.52034816735080269,0.54463138760337937,0.48262317432683799,0.60783943666489371
4312,0.6328125,0.3828125,0.20089214015278642,0.72568927802560634,0.13212469544719546,0.76480452774664964
4313,0.6171875,0.6171875,0.53797053201923306,0.56309489399631507,0.49898706975683782,0.62844951147543138
4314,0.6328125,0.6328125,0.19428365652092958,0.70193924440901256,0.12779132842883617,0.73972334324358913
4315,0.6328125,0.6171875,0.20089214015278348,0.72568927802560801,0.13212469544719291,0.764804527746618
4316,0.6171875,0.6328125,0.52034816735080258,0.54463138760338059,0.48262317432684149,0.60783943666487372
4317,0.3828125,0.6171875,0.73234506479196071,-0.26866297103598324,0.76233725997839374,-0.25067501044296675
4318,0.3671875,0.6328125,0.48171266168482685,-0.54841573039160552,0.51338211053463523,-0.54774554005838205
4319,0.3671875,0.6171875,0.49802904327245662,-0.56693215192227608,0.53078892958829416,-0.56631685936964427
4320,0.3828125,0.6328125,0.70832963469974541,-0.25992644480886934,0.73733658517631284,-0.24245527290964725
4321,0.3828125,0.1171875,0.14084821505657169,-0.052426842618437518,0.14609907571103051,-0.048053045767195914
4322,0.3671875,0.1328125,0.11844203293171628,-0.13564975965734075,0.12608764944083642,-0.13453854796765741
4323,0.3671875,0.1171875,0.095558015685930531,-0.10969856977769957,0.10171998386601909,-0.10854165359583882
4324,0.3828125,0.1328125,0.17442849757787227,-0.064682487374801464,0.1810955531314915,-0.059559608163386006
4325,0.6171875,0.1171875,0.10684462137803892,0.1094043084441793,0.095683544914874741,0.12045847295667218
4326,0.6328125,0.1328125,0.050131740512958482,0.17583211417370162,0.031421715449980729,0.18172982600481202
4327,0.6328125,0.1171875,0.041283909796915597,0.14261239607395171,0.025362222497729032,0.14662135024363099
4328,0.6171875,0.1328125,0.13118559591274423,0.13532476433003265,0.11858499203563148,0.14930995838766156
4329,0.1171875,0.3828125,-0.12308457029184283,-0.086457983664609661,-0.12668819478951818,-0.087200595485000559
4330,0.1328125,0.3671875,-0.080750068120646626,-0.16119416733669167,-0.083054377890541084,-0.16462325126797014
4331,0.1171875,0.3671875,-0.11899771238484182,-0.08363632663120274,-0.12253268004570984,-0.084340795900836985
4332,0.1328125,0.3828125,-0.083527860460224743,-0.16662206305011776,-0.085871226907209372,-0.170204811645393
4333,0.1171875,0.6171875,-0.12308457029184179,-0.086457983664610244,-0.12668819478952831,-0.08720059548500024
4334,0.1328125,0.6328125,-0.080750068120645599,-0.16119416733669309,-0.083054377890552936,-0.16462325126796781
4335,0.1171875,0.6328125,-0.11899771238484078,-0.083636326631203489,-0.12253268004572086,-0.084340795900839552
4336,0.1328125,0.6171875,-0.083527860460223785,-0.16662206305011895,-0.085871226907220127,-0.17020481164538659
4337,0.8828125,0.3828125,-0.12989910207808381,0.10061266731824292,-0.15357267667292512,0.0044924913318160394
4338,0.8671875,0.3671875,-0.094130071184064301,0.16355377906600155,-0.15915181781960258,0.092816863890930815
4339,0.8828125,0.3671875,-0.12591351104653276,0.097255691527656729,-0.14854077894514245,0.004343705934408729
4340,0.8671875,0.3828125,-0.097045099266879584,0.16904645249752534,-0.16454345667479339,0.095963643901341739
4341,0.8828125,0.6171875,-0.12989910207808544,0.10061266731824182,-0.15357267667292412,0.0044924913318057829
4342,0.8671875,0.6328125,-0.094130071184066633,0.16355377906600221,-0.15915181781960749,0.092816863890917492
4343,0.8828125,0.6328125,-0.12591351104653495,0.097255691527656424,-0.14854077894514051,0.0043437059343963457
4344,0.8671875,0.6171875,-0.097045099266881624,0.16904645249752512,-0.16454345667479867,0.095963643901331372
4345,0.6171875,0.8828125,0.10684462137803837,0.10940430844417855,0.095683544914880472,0.12045847295666864
4346,0.6328125,0.8671875,0.050131740512957865,0.1758321141737014,0.031421715449980681,0.18172982600480614
4347,0.6328125,0.8828125,0.041283909796915166,0.14261239607395101,0.025362222497733601,0.14662135024362793
4348,0.6171875,0.8671875,0.13118559591274354,0.13532476433003243,0.11858499203563225,0.14930995838765584
4349,0.3828125,0.8828125,0.14084821505657319,-0.052426842618436179,0.14609907571102235,-0.048053045767198876
4350,0.3671875,0.8671875,0.11844203293171714,-0.13564975965733986,0.12608764944082604,-0.13453854796765941
4351,0.3671875,0.8828125,0.095558015685930947,-0.10969856977769873,0.10171998386601144,-0.10854165359584489
4352,0.3828125,0.8671875,0.17442849757787432,-0.064682487374800368,0.18109555313148215,-0.059559608163383744
4353,0.1171875,0.0078125,-0.00011009697103689946,-5.6184481542069914e-05,-0.00011170293948096424,-7.4921777233067169e-05
4354,0.1328125,0.0078125,-8.0020971932472475e-05,-0.00018700154583256307,-7.6413611322504135e-05,-0.0001482739640430144
4355,0.0078125,0.1171875,-5.7170109083847407e-05,0.00013308895960221343,0.00013292324792938727,1.7238687135931166e-05
4356,0.0078125,0.1328125,-4.2550571356987022e-05,0.00018038673311509911,0.00016491175649085055,2.1857046443865891e-05
4357,0.8828125,0.0078125,-0.0058812656325926407,0.0014267439636594468,-0.00022925505280037419,1.5888595544134289e-05
4358,0.8671875,0.0078125,-0.0044831331484969121,0.0039773966325169809,-0.00022044881182894322,0.00013794296369819218
4359,0.9921875,0.1171875,0.01314178102312224,-0.023129062690524366,0.00037661443495122835,-0.00029724684229417558
4360,0.9921875,0.1328125,0.013614681976481188,-0.027106810727971394,0.00042025739905083984,-0.00034750223768867015
4361,0.9921875,0.8828125,0.013141781023119114,-0.023129062690522225,0.00037661443495788036,-0.00029724684228692687
4362,0.9921875,0.8671875,0.013614681976478698,-0.02710681072796849,0.00042025739905773867,-0.0003475022376834702
4363,0.8828125,0.9921875,-0.0058812656325942783,0.0014267439636593761,-0.00022925505279578981,1.5888595549932962e-05
4364,0.8671875,0.9921875,-0.0044831331484982443,0.0039773966325171968,-0.00022044881182438209,0.00013794296370212112
4365,0.0078125,0.8828125,-5.7170109081912329e-05,0.00013308895960194368,0.00013292324793956256,1.7238687131222089e-05
4366,0.0078125,0.8671875,-4.2550571354897412e-05,0.00018038673311446431,0.00016491175649803108,2.185704643800464e-05
4367,0.1171875,0.9921875,-0.00011009697103804745,-5.6184481541485827e-05,-0.00011170293947382012,-7.4921777240607253e-05
4368,0.1328125,0.9921875,-8.0020971933599273e-05,-0.00018700154583163882,-7.6413611319403276e-05,-0.00014827396405150156
4369,0.4921875,0.3828125,-0.87230381904886334,0.011198421106340003,-0.89728960449071116,-0.036909113673417281
4370,0.5078125,0.3828125,-0.7726774277145948,-0.40586476949360262,-0.76973408292152723,-0.46260518789656146
4371,0.4921875,0.3671875,-0.84372007268129423,0.010904160565538883,-0.86786349111546002,-0.035697498910909599
4372,0.5078125,0.3671875,-0.74734673747244262,-0.39251447494308583,-0.74449089408154723,-0.4474332750054188
4373,0.3828125,0.4921875,0.81956357812086256,-0.30035405161116813,0.85312136145497153,-0.28052258187599594
4374,0.3828125,0.5078125,0.819563578120864,-0.30035405161116929,0.85312136145496853,-0.28052258187599483
4375,0.3671875,0.4921875,0.55725587133450072,-0.63412844132841406,0.59399721037652875,-0.63375369967589035
4376,0.3671875,0.5078125,0.55725587133450205,-0.63412844132841506,0.59399721037652697,-0.63375369967588868
4377,0.6171875,0.4921875,0.60192821011020503,0.63030438291994861,0.55840811987338812,0.70329276393999918
4378,0.6171875,0.5078125,0.60192821011020559,0.63030438291994884,0.55840811987339189,0.70329276394000217
4379,0.6328125,0.4921875,0.22484044464892744,0.81205845016381017,0.14785952246802431,0.85588290258953503
4380,0.6328125,0.5078125,0.22484044464892769,0.81205845016380995,0.14785952246802661,0.85588290258953992
4381,0.5078125,0.6171875,-0.77267742771459436,-0.40586476949360556,-0.76973408292153378,-0.46260518789653521
4382,0.4921875,0.6171875,-0.87230381904886567,0.011198421106337911,-0.89728960449071804,-0.036909113673394042
4383,0.5078125,0.6328125,-0.74734673747244107,-0.39251447494308828,-0.74449089408155744,-0.44743327500539937
4384,0.4921875,0.6328125,-0.84372007268129523,0.010904160565537238,-0.86786349111547412,-0.035697498910892633
4385,0.3828125,0.0078125,0.0015188191067855466,-0.0010334572213324777,0.00067979007753797224,-0.00023146928804941984
4386,0.3671875,0.0078125,0.00083828252629054086,-0.0015286681669391255,0.00046957616741675849,-0.0005105709552966402
4387,0.6171875,0.0078125,0.0030392029124932242,0.0024748613335255697,0.00047535045295154062,0.00058260224272230644
4388,0.6328125,0.0078125,0.001480488686213338,0.0038304094146767555,0.00013347833946185121,0.00071966510112673847
4389,0.4921875,0.1171875,-0.16893932889656571,0.0033331429421578434,-0.17198161025943445,-0.007054134892848762
4390,0.5078125,0.1171875,-0.15029120869805432,-0.077748820176355968,-0.14754414389921966,-0.088650387977274911
4391,0.4921875,0.1328125,-0.20885619182687876,0.0036925636591745104,-0.21317188420380689,-0.0087510539426131611
4392,0.5078125,0.1328125,-0.18554421889457698,-0.096468262542791672,-0.18287719860158266,-0.10988877742862486
4393,0.0078125,0.3828125,0.00098923211410145771,0.00099769223206347749,0.00070701371291550434,0.00010294094195605519
4394,0.0078125,0.3671875,0.00090762379716766476,0.0009737849538292454,0.00068311557660433121,9.9456926155130999e-05
4395,0.0078125,0.6171875,0.00098923211410083343,0.00099769223206385219,0.00070701371292320109,0.00010294094195783941
4396,0.0078125,0.6328125,0.00090762379716704514,0.00097378495382943742,0.00068311557661251618,9.9456926157466031e-05
4397,0.1171875,0.4921875,-0.13795691665314685,-0.096674171251370136,-0.14177850914736817,-0.097584969844634703
4398,0.1171875,0.5078125,-0.13795691665314677,-0.096674171251369914,-0.14177850914736945,-0.09758496984463505
4399,0.1328125,0.4921875,-0.093632437601915669,-0.18628621183113825,-0.096100351775237791,-0.19047233562270929
4400,0.1328125,0.5078125,-0.0936324376019156,-0.18628621183113805,-0.096100351775238901,-0.19047233562271035
4401,0.9921875,0.3828125,0.011699771316289253,-0.097201773836668157,0.00098648485564787366,-0.0012658663977260711
4402,0.9921875,0.3671875,0.011680611293752786,-0.093773965570778009,0.00095975374581864072,-0.0012196313893145154
4403,0.9921875,0.6171875,0.011699771316290875,-0.097201773836665631,0.00098648485564283863,-0.0012658663977173047
4404,0.9921875,0.6328125,0.011680611293754308,-0.09377396557077583,0.00095975374581350203,-0.0012196313893049694
4405,0.8828125,0.4921875,-0.14472270363566472,0.11298568486786301,-0.17185118079728695,0.0050354921263580802
4406,0.8828125,0.5078125,-0.14472270363566483,0.11298568486786272,-0.17185118079728615,0.0050354921263580403
4407,0.8671875,0.4921875,-0.10786251211767155,0.18933901851995175,-0.18412658587146855,0.1073960772153411
4408,0.8671875,0.5078125,-0.10786251211767194,0.18933901851995161,-0.18412658587146763,0.10739607721534122
4409,0.6171875,0.9921875,0.0030392029124933994,0.002474861333526251,0.00047535045294384631,0.00058260224273079986
4410,0.6328125,0.9921875,0.0014804886862133672,0.0038304094146775608,0.0001334783394538705,0.00071966510113438253
4411,0.3828125,0.9921875,0.0015188191067846864,-0.001033457221332849,0.00067979007754187884,-0.00023146928804471491
4412,0.3671875,0.9921875,0.00083828252629018633,-0.0015286681669398354,0.00046957616742015525,-0.00051057095529089241
4413,0.5078125,0.8828125,-0.15029120869805432,-0.077748820176357369,-0.14754414389922516,-0.088650387977283515
4414,0.4921875,0.8828125,-0.16893932889656543,0.0033331429421569613,-0.1719816102594415,-0.0070541348928555856
4415,0.5078125,0.8671875,-0.18554421889457756,-0.096468262542793295,-0.18287719860159082,-0.10988877742863165
4416,0.4921875,0.8671875,-0.20885619182687892,0.0036925636591730701,-0.21317188420381528,-0.008751053942616889
4417,0.2421875,0.1328125,0.013557700841469828,0.1115397500645828,0.012213212731204988,0.11437666133043152
4418,0.2578125,0.1328125,-0.044719879338518377,0.11358341637309122,-0.047972336180790477,0.11546159937239864
4419,0.2421875,0.1171875,0.010974809535728353,0.090039828553843376,0.009853600712324365,0.092272652284469611
4420,0.2578125,0.1171875,-0.036049563017149101,0.091720822000436117,-0.038700661297311825,0.093148559845540949
4421,0.1328125,0.2421875,-0.050118223650661251,-0.10074715146886482,-0.05180898651543317,-0.10270098822661632
4422,0.1328125,0.2578125,-0.054513758343531386,-0.10948577290879935,-0.056314888898328294,-0.11163185426448986
4423,0.1171875,0.2421875,-0.073925739018739264,-0.052215197080725008,-0.076437405444770914,-0.052614608972253028
4424,0.1171875,0.2578125,-0.080397219653761093,-0.056755650193757792,-0.083084960572268662,-0.057190291765322962
4425,0.3671875,0.2578125,0.32674621089643829,-0.37236283506706613,0.3481262963980381,-0.37143231385087017
4426,0.3671875,0.2421875,0.30062564294837768,-0.34266037984890008,0.32027566552912756,-0.34171790432071403
4427,0.3828125,0.2578125,0.4804081866807961,-0.17671233722950083,0.49998952593908669,-0.16441579937185585
4428,0.3828125,0.2421875,0.44201331754106371,-0.16264993992474408,0.45998973003786736,-0.15126324959164109
4429,0.2578125,0.3671875,-0.18216238389622322,0.46074872305739778,-0.19532917765048011,0.47010693670468862
4430,0.2421875,0.3671875,0.055227788145513622,0.45303014429436433,0.049729403665776661,0.46570183691277639
4431,0.2578125,0.3828125,-0.18832313270028056,0.47630813890631285,-0.20195177348943294,0.48604605325512978
4432,0.2421875,0.3828125,0.057136561250429124,0.46834386826995045,0.051416266384633119,0.48149192552976516
4433,0.7578125,0.1328125,0.053603999237929439,-0.10502886828243477,0.072968270891410489,-0.089016995465703477
4434,0.7421875,0.1328125,-0.00072306388990037488,-0.12726387199632633,0.023234617483229615,-0.12292326636502666
4435,0.7578125,0.1171875,0.043164363220301635,-0.086438155356480445,0.058867055515363212,-0.071841307615151687
4436,0.7421875,0.1171875,-0.0013928107484491874,-0.10407055170015954,0.01873258385019777,-0.099190544704697736
4437,0.8671875,0.2421875,-0.062102709351819586,0.10508606406496196,-0.099347557679095047,0.057948638382119694
4438,0.8671875,0.2578125,-0.066792854586038605,0.11327937382419474,-0.10797364508999836,0.062973386984445837
4439,0.8828125,0.2421875,-0.083017572441324766,0.061980031422817689,-0.092743360149594126,0.0027242271256159613
4440,0.8828125,0.2578125,-0.089164732504841221,0.06683048531999225,-0.10078972438394458,0.0029539076606255221
4441,0.6328125,0.2578125,0.1318277448313693,0.47717174888717684,0.086655809204415596,0.50162379304949722
4442,0.6328125,0.2421875,0.12141774185068065,0.43939124615697767,0.079725009810656153,0.46149884716164419
4443,0.6171875,0.2578125,0.35342733196117532,0.37000543304148564,0.3272756514932541,0.41218614895257077
4444,0.6171875,0.2421875,0.32542011726917025,0.34063755203883633,0.30109692896620743,0.37921398076607765
4445,0.7421875,0.3671875,0.0049809178550906073,-0.49296685943285573,0.09470622481580554,-0.50009262328761572
4446,0.7578125,0.3671875,0.21373157775687771,-0.39959951477118649,0.29699759842793894,-0.36200217682408325
4447,0.7421875,0.3828125,0.0050677231433305485,-0.50958048262500766,0.097915980206256248,-0.51704782156187701
4448,0.7578125,0.3828125,0.22083023975816141,-0.41305523477627992,0.30706533651777079,-0.37427536044654225
4449,0.8671875,0.7578125,-0.062102709351823958,0.10508606406496034,-0.099347557679096893,0.057948638382122497
4450,0.8671875,0.7421875,-0.066792854586043421,0.11327937382419419,-0.10797364508999681,0.062973386984444907
4451,0.8828125,0.7578125,-0.083017572441328027,0.061980031422814337,-0.09274336014959525,0.0027242271256165441
4452,0.8828125,0.7421875,-0.089164732504845301,0.066830485319989752,-0.10078972438394124,0.0029539076606240047
4453,0.7578125,0.8671875,0.053603999237928142,-0.10502886828243595,0.072968270891414014,-0.08901699546569955
4454,0.7421875,0.8671875,-0.0007230638899014542,-0.1272638719963273,0.023234617483235014,-0.12292326636502797
4455,0.7578125,0.8828125,0.043164363220301358,-0.086438155356481985,0.058867055515365654,-0.071841307615149855
4456,0.7421875,0.8828125,-0.0013928107484492979,-0.10407055170016082,0.018732583850202513,-0.099190544704699832
4457,0.7421875,0.6328125,0.0049809178550917575,-0.49296685943286006,0.09470622481580121,-0.50009262328760362
4458,0.7578125,0.6328125,0.21373157775688087,-0.39959951477118938,0.29699759842793155,-0.3620021768240726
4459,0.7421875,0.6171875,0.0050677231433308616,-0.50958048262501054,0.097915980206257192,-0.51704782156186313
4460,0.7578125,0.6171875,0.22083023975816354,-0.41305523477628181,0.30706533651776918,-0.37427536044653043
4461,0.6328125,0.7421875,0.13182774483136905,0.47717174888717656,0.086655809204415263,0.50162379304951443
4462,0.6328125,0.7578125,0.12141774185068113,0.43939124615697811,0.079725009810650602,0.46149884716165657
4463,0.6171875,0.7421875,0.35342733196117626,0.37000543304148659,0.32727565149325938,0.41218614895258948
4464,0.6171875,0.7578125,0.32542011726917192,0.34063755203883772,0.30109692896620421,0.37921398076609159
4465,0.1328125,0.7578125,-0.050118223650660848,-0.10074715146886229,-0.051808986515423899,-0.10270098822661386
4466,0.1328125,0.7421875,-0.054513758343530547,-0.10948577290879703,-0.0563148888983208,-0.11163185426449267
4467,0.1171875,0.7578125,-0.073925739018740055,-0.052215197080722524,-0.076437405444763989,-0.052614608972248733
4468,0.1171875,0.7421875,-0.080397219653761384,-0.056755650193755322,-0.083084960572262584,-0.057190291765323815
4469,0.2421875,0.8671875,0.013557700841468862,0.11153975006458144,0.012213212731218488,0.11437666133042504
4470,0.2578125,0.8671875,-0.044719879338520278,0.11358341637309,-0.04797233618077968,0.11546159937238591
4471,0.2421875,0.8828125,0.010974809535727959,0.090039828553841489,0.0098536007123395768,0.092272652284468501
4472,0.2578125,0.8828125,-0.036049563017150461,0.091720822000434271,-0.038700661297297607,0.093148559845533385
4473,0.2578125,0.6328125,-0.18216238389622719,0.46074872305739867,-0.19532917765047081,0.47010693670469322
4474,0.2421875,0.6328125,0.055227788145509396,0.453030144294365,0.049729403665784586,0.46570183691278011
4475,0.2578125,0.6171875,-0.188323132700284,0.47630813890631457,-0.20195177348942225,0.48604605325513089
4476,0.2421875,0.6171875,0.057136561250425238,0.468343868269952,0.051416266384643243,0.48149192552976727
4477,0.3671875,0.7421875,0.32674621089644007,-0.37236283506706563,0.34812629639805059,-0.37143231385086001
4478,0.3671875,0.7578125,0.30062564294837973,-0.34266037984889991,0.32027566552913983,-0.34171790432069987
4479,0.3828125,0.7421875,0.48040818668079766,-0.1767123372295005,0.49998952593910395,-0.16441579937185216
4480,0.3828125,0.7578125,0.4420133175410656,-0.16264993992474414,0.45998973003788801,-0.15126324959163087
4481,0.0546875,0.0546875,-0.00038013604134675007,0.0018609808301728269,-0.00030367300344718326,0.0018034172348483167
4482,0.0703125,0.0703125,-0.0028696123550975635,0.0036512027318538654,-0.0029083354222435806,0.0036763292573815391
4483,0.0703125,0.0546875,-0.0017932912775817354,0.00230307850833742,-0.0018165499160706074,0.002296320748496145
4484,0.0546875,0.0703125,-0.00058471202224694347,0.0029502626712933203,-0.00048596837883923812,0.0028875642780435977
4485,0.9453125,0.0546875,-0.0067178411507664015,-0.011859138708864864,0.00063760825628460694,-0.0018480845043431561
4486,0.9296875,0.0703125,-0.014961502018373957,-0.0093424026271933056,-0.00062826359733534406,-0.0047684676213777897
4487,0.9296875,0.0546875,-0.011427170108650591,-0.0080672600945191717,-0.00042277165818164228,-0.0030174566786001647
4488,0.9453125,0.0703125,-0.0095109176739090837,-0.014107765892494869,0.0010331736821472908,-0.002878226367802353
4489,0.9453125,0.9453125,-0.0067178411507692925,-0.011859138708863003,0.00063760825629616096,-0.0018480845043365127
4490,0.9296875,0.9296875,-0.014961502018375501,-0.0093424026271900149,-0.00062826359732070223,-0.0047684676213783387
4491,0.9453125,0.9296875,-0.0095109176739114898,-0.014107765892491915,0.0010331736821610777,-0.0028782263677988537
4492,0.9296875,0.9453125,-0.011427170108652898,-0.0080672600945168281,-0.00042277165816847687,-0.0030174566785967053
4493,0.0546875,0.9453125,-0.00038013604134646314,0.0018609808301727664,-0.00030367300343413933,0.0018034172348359392
4494,0.0703125,0.9296875,-0.0028696123550974095,0.003651202731853603,-0.002908335422238258,0.0036763292573628479
4495,0.0546875,0.9296875,-0.00058471202224642858,0.0029502626712929326,-0.00048596837882910321,0.0028875642780278308
4496,0.0703125,0.9453125,-0.0017932912775817471,0.0023030785083374915,-0.0018165499160612431,0.0022963207484801135
4497,0.4453125,0.4453125,-0.061420633297972455,0.93011691555798215,-0.10691771286099604,0.95272374519280623
4498,0.4296875,0.4296875,0.37732899901912814,0.82121091391246648,0.35163287211892924,0.85960750107551831
4499,0.4453125,0.4296875,-0.060485787464614832,0.91550368968342777,-0.105234046908094,0.93771649059038942
4500,0.4296875,0.4453125,0.3833988578235219,0.83433803682606267,0.35726106537525393,0.87336501992617188
4501,0.5546875,0.4453125,0.36170793278470864,-0.85708961580957443,0.43454459893407782,-0.85453417863261338
4502,0.5703125,0.4296875,0.70277561445144365,-0.56309359630146982,0.76631867980589075,-0.5246352215496709
4503,0.5546875,0.4296875,0.35604032266363261,-0.84364023783233932,0.42770000014687376,-0.84107392138484793
4504,0.5703125,0.4453125,0.71398656530041782,-0.57203859986028016,0.77858258707260264,-0.53303076703208918
4505,0.5546875,0.5546875,0.36170793278471286,-0.85708961580957344,0.43454459893408121,-0.85453417863261283
4506,0.5703125,0.5703125,0.7027756144514502,-0.5630935963014686,0.7663186798058832,-0.52463522154967057
4507,0.5703125,0.5546875,0.71398656530042326,-0.5720385998602785,0.77858258707259864,-0.53303076703208796
4508,0.5546875,0.5703125,0.35604032266363772,-0.84364023783233899,0.42770000014687309,-0.84107392138484383
4509,0.4453125,0.5546875,-0.061420633297976659,0.93011691555798148,-0.10691771286097365,0.95272374519279868
4510,0.4296875,0.5703125,0.3773289990191252,0.82121091391246592,0.35163287211894789,0.85960750107551775
4511,0.4296875,0.5546875,0.38339885782351951,0.83433803682606211,0.35726106537527191,0.87336501992616222
4512,0.4453125,0.5703125,-0.060485787464619425,0.91550368968342699,-0.10523404690807292,0.93771649059039097
4513,0.4453125,0.0546875,-0.0017448028906515592,0.042372188378622139,-0.004653768818525846,0.041627527335912316
4514,0.4296875,0.0703125,0.028165092263933295,0.05928415638799011,0.024998274346645491,0.061071070899226879
4515,0.4296875,0.0546875,0.018135396473476385,0.037363668893278121,0.015622311770737765,0.038148927703370847
4516,0.4453125,0.0703125,-0.0033810416857339909,0.066813622577328285,-0.0074603613291266023,0.066632637136716882
4517,0.5546875,0.0546875,0.015232072317680832,-0.040954655221576694,0.018967470725619856,-0.037369150690609677
4518,0.5703125,0.0703125,0.051089208588194046,-0.043749412608320389,0.054452902064617517,-0.037323779262046886
4519,0.5703125,0.0546875,0.032317768319328616,-0.028623674796568518,0.034017795958104273,-0.023332176550772358
4520,0.5546875,0.0703125,0.024728421126848123,-0.063555579328772316,0.030372549543982809,-0.059798626604101159
4521,0.0546875,0.4453125,-0.0074862519133263462,0.040201630101958555,-0.006930716500594917,0.041292574512655111
4522,0.0703125,0.4296875,-0.040652090027938174,0.049333704475902344,-0.040937204309146644,0.051734619630123102
4523,0.0546875,0.4296875,-0.0073661269957955508,0.039601498581590587,-0.006821657637146864,0.040642580398198708
4524,0.0703125,0.4453125,-0.041319013739327691,0.05009386089195339,-0.041592482513892942,0.052562131673778288
4525,0.0546875,0.5546875,-0.0074862519133259463,0.040201630101959783,-0.0069307165005948277,0.041292574512651226
4526,0.0703125,0.5703125,-0.040652090027937411,0.049333704475903545,-0.04093720430914885,0.05173461963011821
4527,0.0546875,0.5703125,-0.0073661269957951319,0.039601498581591767,-0.0068216576371463089,0.040642580398193705
4528,0.0703125,0.5546875,-0.041319013739326997,0.050093860891954688,-0.041592482513895322,0.052562131673774777
4529,0.9453125,0.4453125,-0.091993915049199404,-0.05980641195075044,0.015268548855673672,-0.038790042106597665
4530,0.9296875,0.4296875,-0.10984919199060363,-0.033755998101719989,-0.0073469030760901959,-0.065388976606617535
4531,0.9453125,0.4296875,-0.090398648586063515,-0.058865418601243072,0.015030489168272312,-0.038178749142731214
4532,0.9296875,0.4453125,-0.11170580950854407,-0.034247483692298471,-0.0074662288018022306,-0.066434849737337945
4533,0.9453125,0.5546875,-0.09199391504919624,-0.059806411950751107,0.015268548855677713,-0.038790042106593203
4534,0.9296875,0.5703125,-0.10984919199060056,-0.033755998101721807,-0.0073469030760837011,-0.06538897660661519
4535,0.9453125,0.5703125,-0.090398648586059865,-0.05886541860124387,0.015030489168277426,-0.038178749142726155
4536,0.9296875,0.5546875,-0.11170580950854146,-0.034247483692299956,-0.007466228801796944,-0.066434849737335419
4537,0.5546875,0.9453125,0.015232072317681583,-0.040954655221577124,0.018967470725628252,-0.037369150690605729
4538,0.5703125,0.9296875,0.05108920858819483,-0.043749412608321561,0.054452902064627696,-0.037323779262043721
4539,0.5703125,0.9453125,0.032317768319329511,-0.02862367479656918,0.034017795958112586,-0.023332176550765769
4540,0.5546875,0.9296875,0.02472842112684881,-0.063555579328773246,0.03037254954399252,-0.059798626604100916
4541,0.4453125,0.9453125,-0.0017448028906518987,0.042372188378624803,-0.0046537688185237409,0.041627527335905919
4542,0.4296875,0.9296875,0.028165092263933864,0.059284156387992962,0.024998274346644637,0.061071070899220148
4543,0.4296875,0.9453125,0.018135396473476052,0.037363668893280834,0.015622311770740107,0.038148927703365143
4544,0.4453125,0.9296875,-0.0033810416857334501,0.066813622577331006,-0.0074603613291278304,0.066632637136709333
4545,0.1953125,0.1953125,0.15252584715083875,-0.0066843242869097201,0.1569913525981648,-0.005703609874207421
4546,0.1796875,0.1796875,0.10114202486049052,-0.061223106123529457,0.10445049291501647,-0.062136607688319044
4547,0.1953125,0.1796875,0.13414704332558228,-0.0059058805950966973,0.13808300109686697,-0.0050172318117824395
4548,0.1796875,0.1953125,0.11499987338318851,-0.069569668442295549,0.11875336672281626,-0.070644708697383846
4549,0.3046875,0.3046875,-0.48199730655860917,-0.14992555598030027,-0.49185114097724114,-0.16487248355847042
4550,0.3203125,0.3203125,-0.3928424840585808,-0.40388860700640344,-0.39320954035995442,-0.42442026940304933
4551,0.3203125,0.3046875,-0.37195473685297625,-0.38243749660219017,-0.37232700377116135,-0.4018802367646202
4552,0.3046875,0.3203125,-0.50905378261576351,-0.1583722239257877,-0.51943711961842387,-0.17412027985842898
4553,0.3046875,0.1953125,-0.26528168913878075,-0.082361444607078449,-0.27066895530616092,-0.090726512493676692
4554,0.3203125,0.1796875,-0.18014110608145789,-0.18518243319161437,-0.18021740079361626,-0.19451914479756094
4555,0.3046875,0.1796875,-0.23337214830527292,-0.072422279758159763,-0.23806977970805243,-0.07979866468777147
4556,0.3203125,0.1953125,-0.2047461744555879,-0.2105084187718389,-0.20489435587303495,-0.22115547066348859
4557,0.1953125,0.3046875,0.27735738047906577,-0.011815961086042206,0.28528238081072305,-0.010357759802502609
4558,0.1796875,0.3203125,0.22082325449910842,-0.13300279356710196,0.22789867412324893,-0.13556587093037681
4559,0.1796875,0.3046875,0.20907517851188845,-0.12599294700184399,0.21579556308108969,-0.12836723252376375
4560,0.1953125,0.3203125,0.29295307752421473,-0.012439342957459054,0.30128303277443436,-0.010937884940656529
4561,0.8046875,0.1953125,0.14919351639024317,0.052408234624303156,0.1282808883175591,0.090739431930101658
4562,0.8203125,0.1796875,0.087613262492332436,0.089414199052563467,0.053493252439855553,0.10918442817312053
4563,0.8046875,0.1796875,0.13251714489267266,0.046101845294958463,0.11285186364348612,0.07981221917947337
4564,0.8203125,0.1953125,0.098276713844470676,0.10088476612761864,0.06079729983617415,0.124121300238246
4565,0.6953125,0.3046875,-0.49897618065415805,-0.062579069533081802,-0.50151869386945791,-0.13240124527738154
4566,0.6796875,0.3203125,-0.5234918959446786,0.20019517220173547,-0.56167762541266941,0.13856565848955946
4567,0.6796875,0.3046875,-0.49594555844888966,0.18966463763363833,-0.53185294277422157,0.13120809223686131
4568,0.6953125,0.3203125,-0.52669048497184612,-0.066057392402432413,-0.52964215020918981,-0.13982615614246591
4569,0.6953125,0.1953125,-0.2776269238976603,-0.034090066895159157,-0.2760386720604921,-0.07285823023668106
4570,0.6796875,0.1796875,-0.24281959614826001,0.094011383922293856,-0.25747805583577166,0.063541099045033494
4571,0.6953125,0.1796875,-0.24506626591224021,-0.029705380992907763,-0.24280679091169641,-0.06407923009191506
4572,0.6796875,0.1953125,-0.27536851116185646,0.10613928050554548,-0.29272339385077228,0.072230559818317747
4573,0.8046875,0.3046875,0.26296058241453363,0.093491340176801566,0.23297586568896339,0.16485048362917334
4574,0.8203125,0.3203125,0.18151101930728045,0.18687734443022019,0.11656702766892341,0.23808081611786883
4575,0.8203125,0.3046875,0.17208086849386137,0.17735900782802422,0.110379397019179,0.22544403266066618
4576,0.8046875,0.3203125,0.27731336407987711,0.098505774817905553,0.24603619730529686,0.17409187685066282
4577,0.8046875,0.8046875,0.14919351639023948,0.052408234624304904,0.12828088831756332,0.090739431930121378
4578,0.8203125,0.8203125,0.087613262492328717,0.08941419905256251,0.053493252439849481,0.10918442817313813
4579,0.8203125,0.8046875,0.098276713844466568,0.10088476612761899,0.06079729983617229,0.12412130023826462
4580,0.8046875,0.8203125,0.13251714489266897,0.046101845294958733,0.11285186364348619,0.07981221917949255
4581,0.6953125,0.6953125,-0.49897618065416061,-0.062579069533088991,-0.50151869386946168,-0.13240124527738395
4582,0.6796875,0.6796875,-0.52349189594468437,0.20019517220172944,-0.5616776254126713,0.13856565848955049
4583,0.6953125,0.6796875,-0.52669048497185,-0.066057392402440546,-0.52964215020919525,-0.13982615614247151
4584,0.6796875,0.6953125,-0.49594555844889465,0.18966463763363339,-0.5318529427742259,0.13120809223685867
4585,0.8046875,0.6953125,0.2629605824145374,0.093491340176806645,0.23297586568895662,0.16485048362916888
4586,0.8203125,0.6796875,0.18151101930728222,0.1868773444302253,0.11656702766891128,0.23808081611785967
4587,0.8203125,0.6953125,0.17208086849386256,0.17735900782802988,0.1103793970191716,0.22544403266065846
4588,0.8046875,0.6796875,0.27731336407988122,0.098505774817909841,0.2460361973052837,0.17409187685065711
4589,0.6953125,0.8046875,-0.27762692389766097,-0.034090066895158505,-0.27603867206049731,-0.072858230236691163
4590,0.6796875,0.8203125,-0.24281959614826099,0.094011383922294425,-0.25747805583578054,0.063541099045023378
4591,0.6953125,0.8203125,-0.24506626591224129,-0.029705380992907156,-0.24280679091170049,-0.064079230091926551
4592,0.6796875,0.8046875,-0.27536851116185723,0.10613928050554615,-0.29272339385078261,0.072230559818309323
4593,0.1953125,0.8046875,0.15252584715084044,-0.006684324286909165,0.15699135259817856,-0.0057036098742107612
4594,0.1796875,0.8203125,0.10114202486049147,-0.061223106123528673,0.10445049291502929,-0.062136607688313174
4595,0.1796875,0.8046875,0.11499987338319004,-0.069569668442294508,0.11875336672283036,-0.070644708697381584
4596,0.1953125,0.8203125,0.13414704332558339,-0.005905880595096346,0.13808300109688137,-0.0050172318117824551
4597,0.3046875,0.6953125,-0.48199730655860951,-0.14992555598030041,-0.49185114097723659,-0.16487248355845924
4598,0.3203125,0.6796875,-0.3928424840585803,-0.40388860700640355,-0.39320954035995048,-0.42442026940304595
4599,0.3046875,0.6796875,-0.50905378261576351,-0.15837222392578781,-0.51943711961841743,-0.17412027985842232
4600,0.3203125,0.6953125,-0.37195473685297592,-0.38243749660219006,-0.37232700377115635,-0.40188023676461115
4601,0.1953125,0.6953125,0.27735738047906705,-0.011815961086044515,0.28528238081071994,-0.010357759802502897
4602,0.1796875,0.6796875,0.22082325449910931,-0.13300279356710412,0.22789867412324294,-0.13556587093037611
4603,0.1796875,0.6953125,0.20907517851189025,-0.12599294700184577,0.21579556308108575,-0.12836723252376603
4604,0.1953125,0.6796875,0.29295307752421484,-0.012439342957461536,0.30128303277442975,-0.010937884940653474
4605,0.3046875,0.8046875,-0.26528168913878247,-0.0823614446070767,-0.27066895530618473,-0.090726512493681827
4606,0.3203125,0.8203125,-0.1801411060814595,-0.18518243319161229,-0.18021740079363777,-0.19451914479756524
4607,0.3046875,0.8203125,-0.23337214830527517,-0.07242227975815807,-0.23806977970807411,-0.079798664687781906
4608,0.3203125,0.8046875,-0.20474617445558912,-0.21050841877183696,-0.20489435587305668,-0.22115547066348698
4609,0.1953125,0.0546875,0.016475034215371359,-0.00085316256776285201,0.016935238842057561,-0.00061819137283203708
4610,0.1796875,0.0703125,0.019831177079605279,-0.012159089769308766,0.020509058211826026,-0.012203009887045882
4611,0.1796875,0.0546875,0.012384137087361647,-0.0076598067732035324,0.012809527573569532,-0.007622871322475723
4612,0.1953125,0.0703125,0.026348599043214127,-0.0012759979314005542,0.027113807290549484,-0.00098780411730753337
4613,0.3046875,0.0546875,-0.029078057210407779,-0.0086540259448970591,-0.029204505254187687,-0.0097816394724694559
4614,0.3203125,0.0703125,-0.035930073885469191,-0.036478109135203156,-0.035395963680215296,-0.038195056234414437
4615,0.3203125,0.0546875,-0.022696616755212319,-0.022826815554977346,-0.02211205934119375,-0.023856085391712346
4616,0.3046875,0.0703125,-0.046239073371680137,-0.014015734719901557,-0.046753105981988938,-0.015664379514995493
4617,0.0546875,0.1953125,-0.0031232223231583266,0.016705159603273467,-0.0028089147186047417,0.016720191094945436
4618,0.0703125,0.1796875,-0.014622510429367297,0.018236317156980472,-0.014809511794621656,0.018720058550456317
4619,0.0546875,0.1796875,-0.0027641989859923692,0.01471945838436446,-0.0024710035017345157,0.014706534212548571
4620,0.0703125,0.1953125,-0.016621790154015565,0.020699784146592855,-0.016837169181992795,0.021283098187081722
4621,0.0546875,0.3046875,-0.0055202558901330809,0.029963009262555903,-0.0051000656537390681,0.030379508151239885
4622,0.0703125,0.3203125,-0.031953722263925607,0.039237501037285683,-0.032310187089445545,0.040837556834025839
4623,0.0546875,0.3203125,-0.0058210771622032786,0.031583910355280978,-0.0053857105984355972,0.032082602508785439
4624,0.0703125,0.3046875,-0.030240097572158769,0.037207884066393214,-0.030594307797661539,0.038669613492088237
4625,0.8046875,0.0546875,0.02298967092742548,0.0049997603300901963,0.013950890929214433,0.0097853234534346443
4626,0.8203125,0.0703125,0.023682706457865365,0.020189144645219773,0.010606215111280645,0.021489166009406129
4627,0.8203125,0.0546875,0.017108034463693265,0.013786124559278084,0.0066605664325741724,0.013443501081756499
4628,0.8046875,0.0703125,0.032751841241447636,0.0081834256209023914,0.02227021212176598,0.015665061859741199
4629,0.6953125,0.0546875,-0.034778804370850021,-0.0013830258647711592,-0.029856912025094946,-0.0078262997280791786
4630,0.6796875,0.0703125,-0.050558780346946559,0.022646480217630594,-0.050608040709686296,0.012541751298630983
4631,0.6796875,0.0546875,-0.032782492720691246,0.015674607866091594,-0.03162985667727794,0.0078567810770995873
4632,0.6953125,0.0703125,-0.052754181206505005,-0.0034776103864792717,-0.047754260415310432,-0.012548075715165313
4633,0.9453125,0.1953125,-0.036773227524230304,-0.032536010176020855,0.0062026735521976718,-0.015838320143402911
4634,0.9296875,0.1796875,-0.043908370641978778,-0.019605995170134286,-0.0027145168818119981,-0.023782289767510154
4635,0.9453125,0.1796875,-0.032837373967242303,-0.030381586036228432,0.0054503596367747494,-0.013960478440662203
4636,0.9296875,0.1953125,-0.048558551967091933,-0.020862179341019454,-0.0030660011106206459,-0.027013330263465533
4637,0.9453125,0.3046875,-0.065911278770814388,-0.046360315451495833,0.011264724069281902,-0.028569264129004266
4638,0.9296875,0.3203125,-0.086341660439618356,-0.028597961354042144,-0.0057895090528472361,-0.051641543788368535
4639,0.9453125,0.3203125,-0.069849540956453335,-0.048200953715621393,0.011891175506737257,-0.030159480541552843
4640,0.9296875,0.3046875,-0.081885460926852713,-0.027756491665793488,-0.0054830585279039288,-0.048910409830036521
4641,0.9453125,0.8046875,-0.036773227524225675,-0.03253601017602107,0.0062026735521974203,-0.015838320143408174
4642,0.9296875,0.8203125,-0.043908370641973955,-0.019605995170134932,-0.0027145168818146922,-0.023782289767519563
4643,0.9453125,0.8203125,-0.03283737396723773,-0.030381586036227405,0.0054503596367756289,-0.013960478440669827
4644,0.9296875,0.8046875,-0.048558551967087464,-0.02086217934102139,-0.0030660011106237966,-0.027013330263472177
4645,0.9453125,0.6953125,-0.065911278770813944,-0.04636031545149847,0.011264724069291847,-0.028569264128996609
4646,0.9296875,0.6796875,-0.08634166043961912,-0.028597961354044535,-0.0057895090528342682,-0.051641543788365843
4647,0.9453125,0.6796875,-0.06984954095645271,-0.048200953715623433,0.011891175506747727,-0.030159480541545148
4648,0.9296875,0.6953125,-0.081885460926853726,-0.027756491665796506,-0.0054830585278915229,-0.048910409830033301
4649,0.8046875,0.9453125,0.022989670927426861,0.0049997603300905944,0.013950890929213013,0.009785323453431808
4650,0.8203125,0.9296875,0.023682706457866881,0.020189144645219523,0.01060621511127724,0.021489166009401362
4651,0.8203125,0.9453125,0.017108034463694473,0.01378612455927857,0.0066605664325733215,0.013443501081752112
4652,0.8046875,0.9296875,0.032751841241449212,0.0081834256209019993,0.0222702121217625,0.015665061859738542
4653,0.6953125,0.9453125,-0.034778804370848709,-0.0013830258647704822,-0.029856912025092112,-0.0078262997280748869
4654,0.6796875,0.9296875,-0.050558780346945491,0.022646480217630629,-0.050608040709680911,0.012541751298634322
4655,0.6796875,0.9453125,-0.032782492720690184,0.01567460786609216,-0.031629856677274922,0.0078567810771055912
4656,0.6953125,0.9296875,-0.052754181206503728,-0.0034776103864791858,-0.047754260415305554,-0.012548075715163325
4657,0.0546875,0.8046875,-0.0031232223231600423,0.016705159603271402,-0.0028089147186126239,0.016720191094949023
4658,0.0703125,0.8203125,-0.014622510429369353,0.018236317156978713,-0.014809511794632267,0.018720058550460404
4659,0.0546875,0.8203125,-0.0027641989859936403,0.014719458384362075,-0.0024710035017438763,0.014706534212549128
4660,0.0703125,0.8046875,-0.01662179015401798,0.020699784146591561,-0.016837169182000879,0.021283098187088449
4661,0.0546875,0.6953125,-0.0055202558901342163,0.029963009262556541,-0.0051000656537325533,0.030379508151235
4662,0.0703125,0.6796875,-0.031953722263925989,0.039237501037286675,-0.032310187089441639,0.040837556834016818
4663,0.0546875,0.6796875,-0.0058210771622039924,0.031583910355281644,-0.0053857105984288986,0.032082602508778806
4664,0.0703125,0.6953125,-0.030240097572159619,0.037207884066394345,-0.030594307797656994,0.038669613492081208
4665,0.1953125,0.9453125,0.016475034215373725,-0.00085316256776230351,0.016935238842049304,-0.00061819137282072539
4666,0.1796875,0.9296875,0.019831177079607278,-0.012159089769308268,0.02050905821181671,-0.012203009887035501
4667,0.1796875,0.9453125,0.012384137087363491,-0.0076598067732025227,0.012809527573558556,-0.0076228713224685985
4668,0.1953125,0.9296875,0.026348599043216545,-0.0012759979314006058,0.027113807290544391,-0.00098780411729365841
4669,0.3046875,0.9453125,-0.029078057210408181,-0.0086540259448994652,-0.029204505254176592,-0.0097816394724657297
4670,0.3203125,0.9296875,-0.03593007388547069,-0.036478109135205175,-0.035395963680203937,-0.038195056234418073
4671,0.3203125,0.9453125,-0.022696616755213124,-0.022826815554979445,-0.022112059341182978,-0.02385608539171102
4672,0.3046875,0.9296875,-0.046239073371681358,-0.014015734719903998,-0.046753105981976094,-0.015664379514996822
4673,0.4453125,0.3046875,-0.045417332994699654,0.68461004633409017,-0.078651417354046321,0.70081535196363687
4674,0.4296875,0.3203125,0.29764679590472487,0.64828118310373695,0.27753241973975856,0.67846697608993156
4675,0.4453125,0.3203125,-0.047943626239032547,0.72292957250864998,-0.083062203451684177,0.74012005882528031
4676,0.4296875,0.3046875,0.28183327440516059,0.61388435853909706,0.26279340451337863,0.64243580727559235
4677,0.5546875,0.3046875,0.26646084752274701,-0.63112770548003772,0.31965210217443457,-0.6285924913662464
4678,0.5703125,0.3203125,0.55510187079720275,-0.44500560078703066,0.60484378345966772,-0.41408947932290185
4679,0.5546875,0.3203125,0.28133211431370103,-0.66638492356295509,0.33757862760573482,-0.66384551957360027
4680,0.5703125,0.3046875,0.52573325024496953,-0.42149218157601442,0.57272432835779374,-0.39210008592236173
4681,0.4453125,0.1953125,-0.024913730782322223,0.37756528265723888,-0.04328140302593423,0.38567327695820758
4682,0.4296875,0.1796875,0.13682476965147083,0.29775297015607477,0.12720499717202038,0.31096287389593708
4683,0.4453125,0.1796875,-0.021835573540728046,0.33235089833115838,-0.038067341831001619,0.33922590554299942
4684,0.4296875,0.1953125,0.15539251393494394,0.33833761604814605,0.14462109380254851,0.35354180513192496
4685,0.5546875,0.1953125,0.146945970004695,-0.34899780652758294,0.17591236228750753,-0.34594307855117151
4686,0.5703125,0.1796875,0.25561916786008276,-0.20585332207928045,0.27723311582477134,-0.18981441583082101
4687,0.5546875,0.1796875,0.12924417060226975,-0.30750310779085577,0.1547254571227509,-0.3042855460178458
4688,0.5703125,0.1953125,0.29034465400281806,-0.23345609794236941,0.31519096558924153,-0.21579737146121339
4689,0.3046875,0.4453125,-0.65560040246900575,-0.2041192206183062,-0.66865616232011515,-0.22414421453517805
4690,0.3203125,0.4296875,-0.49803635080661135,-0.51171443910603631,-0.49819539238778127,-0.53773632856534981
4691,0.3203125,0.4453125,-0.50604361360694827,-0.51990181014591252,-0.50616932067855147,-0.54634267931813629
4692,0.3046875,0.4296875,-0.64524034619233961,-0.20088749611512699,-0.65812277143801312,-0.22061302078877698
4693,0.3046875,0.5546875,-0.65560040246899953,-0.20411922061830778,-0.66865616232011738,-0.22414421453518718
4694,0.3203125,0.5703125,-0.4980363508066038,-0.51171443910603975,-0.49819539238778965,-0.53773632856536335
4695,0.3203125,0.5546875,-0.50604361360694039,-0.51990181014591541,-0.50616932067855769,-0.54634267931814506
4696,0.3046875,0.5703125,-0.64524034619233361,-0.20088749611512882,-0.65812277143801445,-0.22061302078879097
4697,0.1953125,0.4453125,0.3774762297778656,-0.015744819940453528,0.38783490704334272,-0.01407438734076649
4698,0.1796875,0.4296875,0.279987089249777,-0.16813451117756442,0.28874589532992967,-0.17175379637506372
4699,0.1796875,0.4453125,0.28448892481061899,-0.17079343214075268,0.29336732166885127,-0.17450210097143129
4700,0.1953125,0.4296875,0.37149996565220433,-0.015516394151267954,0.38172519963394602,-0.013853090632805917
4701,0.1953125,0.5546875,0.37747622977786455,-0.015744819940451245,0.38783490704335527,-0.014074387340758205
4702,0.1796875,0.5703125,0.27998708924977656,-0.16813451117756298,0.28874589532993461,-0.1717537963750515
4703,0.1796875,0.5546875,0.28448892481061822,-0.17079343214075099,0.29336732166886004,-0.17450210097142271
4704,0.1953125,0.5703125,0.37149996565220333,-0.015516394151265793,0.3817251996339559,-0.013853090632794985
4705,0.6953125,0.4453125,-0.67702605674163685,-0.085236945004289327,-0.68177220254991122,-0.17999506807096974
4706,0.6796875,0.4296875,-0.66226686509937671,0.25308984117887051,-0.71162023129980034,0.17555349011746071
4707,0.6796875,0.4453125,-0.67282740858430778,0.25708496509955925,-0.72300863997564968,0.178362284351747
4708,0.6953125,0.4296875,-0.66639619951499884,-0.08384422361896765,-0.67103331093675112,-0.17715889284085667
4709,0.6953125,0.5546875,-0.67702605674164029,-0.085236945004287648,-0.68177220254990323,-0.17999506807096932
4710,0.6796875,0.5703125,-0.66226686509938149,0.25308984117887279,-0.71162023129979257,0.17555349011745447
4711,0.6796875,0.5546875,-0.67282740858431089,0.25708496509956125,-0.72300863997564524,0.17836228435174464
4712,0.6953125,0.5703125,-0.6663961995150034,-0.083844223618965874,-0.67103331093674012,-0.17715889284085873
4713,0.8046875,0.4453125,0.3558201084821519,0.12603270187881027,0.31669495669289149,0.22408763480506599
4714,0.8203125,0.4296875,0.22962369222046705,0.23546785348851529,0.14768470280155643,0.30162318106604219
4715,0.8203125,0.4453125,0.23331932765195715,0.23923750646648329,0.15004859326706388,0.30645060186485407
4716,0.8046875,0.4296875,0.35022720588170875,0.12404291488538841,0.31170652897706203,0.22055765943868791
4717,0.8046875,0.5546875,0.35582010848215023,0.12603270187881016,0.31669495669289172,0.22408763480507432
4718,0.8203125,0.5703125,0.22962369222046528,0.23546785348851521,0.14768470280155196,0.30162318106604807
4719,0.8203125,0.5546875,0.23331932765195512,0.23923750646648298,0.15004859326706177,0.3064506018648594
4720,0.8046875,0.5703125,0.35022720588170775,0.12404291488538874,0.31170652897705986,0.2205576594386974
4721,0.5546875,0.6953125,0.26646084752275107,-0.63112770548003594,0.31965210217443879,-0.62859249136624229
4722,0.5703125,0.6796875,0.55510187079720785,-0.44500560078702928,0.60484378345967538,-0.41408947932289819
4723,0.5546875,0.6796875,0.28133211431370575,-0.66638492356295354,0.33757862760573532,-0.66384551957359572
4724,0.5703125,0.6953125,0.52573325024497364,-0.42149218157601281,0.57272432835780562,-0.39210008592235679
4725,0.4453125,0.6953125,-0.045417332994704948,0.68461004633409317,-0.078651417354047196,0.70081535196360556
4726,0.4296875,0.6796875,0.29764679590472004,0.64828118310374172,0.27753241973976162,0.67846697608990769
4727,0.4453125,0.6796875,-0.047943626239038223,0.72292957250865386,-0.083062203451686897,0.74012005882525778
4728,0.4296875,0.6953125,0.28183327440515621,0.61388435853910017,0.26279340451338318,0.64243580727556171
4729,0.5546875,0.8046875,0.14694597000469445,-0.34899780652758106,0.1759123622875052,-0.34594307855116607
4730,0.5703125,0.8203125,0.25561916786008243,-0.20585332207927876,0.2772331158247664,-0.18981441583081807
4731,0.5546875,0.8203125,0.12924417060226867,-0.30750310779085449,0.15472545712274746,-0.30428554601784363
4732,0.5703125,0.8046875,0.29034465400281861,-0.23345609794236724,0.31519096558923665,-0.21579737146120587
4733,0.4453125,0.8046875,-0.0249137307823225,0.37756528265723621,-0.043281403025924536,0.38567327695822157
4734,0.4296875,0.8203125,0.1368247696514725,0.29775297015607294,0.12720499717202582,0.31096287389595584
4735,0.4453125,0.8203125,-0.021835573540727599,0.33235089833115616,-0.038067341830997754,0.33922590554301479
4736,0.4296875,0.8046875,0.15539251393494502,0.33833761604814383,0.1446210938025608,0.35354180513194206
4737,0.0546875,0.0078125,-4.9564984360478276e-05,6.2842191766350784e-05,-5.5000946116271433e-06,3.2698839368563957e-05
4738,0.0703125,0.0078125,-5.8953046273228511e-05,9.4878814756348159e-05,-3.321069418539639e-05,4.240568590424315e-05
4739,0.0078125,0.0546875,-7.0364521516565914e-05,-1.0412278742996959e-06,3.2915163374112049e-05,3.330660754495634e-06
4740,0.0078125,0.0703125,-7.3405643468351633e-05,2.3936755726761405e-05,5.2808346266527495e-05,6.0029637589372962e-06
4741,0.9453125,0.0078125,0.0013259209527194762,-0.006200770869918994,4.5264538262684748e-05,-0.00012700587433831304
4742,0.9296875,0.0078125,-0.0017840301719507974,-0.0059268245435020557,-2.354545775971997e-05,-0.00015038268244400187
4743,0.9921875,0.0546875,0.0098607008890422478,-0.0087196385183510167,0.0002066001618979842,-0.00011080736416611835
4744,0.9921875,0.0703125,0.010859953897031977,-0.012108678771900489,0.00024710086885706999,-0.00015583896089239023
4745,0.9921875,0.9453125,0.0098607008890395694,-0.0087196385183522726,0.00020660016189710787,-0.00011080736415589057
4746,0.9921875,0.9296875,0.010859953897028707,-0.012108678771901022,0.00024710086885868735,-0.00015583896088156536
4747,0.9453125,0.9921875,0.0013259209527176307,-0.0062007708699204954,4.5264538261544432e-05,-0.00012700587432885405
4748,0.9296875,0.9921875,-0.0017840301719528565,-0.005926824543503191,-2.3545457758715328e-05,-0.00015038268243430182
4749,0.0078125,0.9453125,-7.0364521515984971e-05,-1.0412278738940857e-06,3.2915163386597836e-05,3.3306607597188877e-06
4750,0.0078125,0.9296875,-7.340564346740835e-05,2.3936755727143641e-05,5.2808346280415366e-05,6.0029637614375833e-06
4751,0.0546875,0.9921875,-4.9564984360793603e-05,6.2842191766379976e-05,-5.5000945992860113e-06,3.269883937261272e-05
4752,0.0703125,0.9921875,-5.8953046273778703e-05,9.4878814756382081e-05,-3.321069417205779e-05,4.2405685904959347e-05
4753,0.4921875,0.4453125,-0.95335238903005648,0.011979514138993161,-0.98074022204910893,-0.040345969924923182
4754,0.5078125,0.4453125,-0.84451565578369581,-0.44376604965337907,-0.84132239626499816,-0.50563252412330195
4755,0.4921875,0.4296875,-0.93835094925886176,0.011841033545787067,-0.96529153214784202,-0.039709638523580788
4756,0.5078125,0.4296875,-0.83121730446756381,-0.43674549314755978,-0.82806967535582365,-0.49766706218554979
4757,0.4453125,0.4921875,-0.062829494906172983,0.95224841311266895,-0.10946815316309233,0.97545789326113796
4758,0.4453125,0.5078125,-0.062829494906173733,0.95224841311266895,-0.10946815316308708,0.97545789326113785
4759,0.4296875,0.4921875,0.39260095490979247,0.85421982643691841,0.36578722345450709,0.894205986732869
4760,0.4296875,0.5078125,0.39260095490979202,0.85421982643691852,0.36578722345451137,0.89420598673286888
4761,0.5546875,0.4921875,0.37029054630745406,-0.87745604351962003,0.44491331151788388,-0.87492475418864457
4762,0.5546875,0.5078125,0.37029054630745478,-0.87745604351961959,0.44491331151788588,-0.8749247541886449
4763,0.5703125,0.4921875,0.73096589995750516,-0.58557824225294086,0.79716090127359096,-0.54574885055205991
4764,0.5703125,0.5078125,0.73096589995750583,-0.5855782422529402,0.79716090127359429,-0.54574885055206002
4765,0.5078125,0.5546875,-0.84451565578369758,-0.44376604965337924,-0.84132239626498706,-0.50563252412328019
4766,0.4921875,0.5546875,-0.95335238903006081,0.011979514138992915,-0.98074022204909206,-0.040345969924901574
4767,0.5078125,0.5703125,-0.83121730446756625,-0.43674549314756095,-0.828069675355812,-0.49766706218552259
4768,0.4921875,0.5703125,-0.93835094925886664,0.011841033545786311,-0.96529153214783148,-0.039709638523556197
4769,0.4453125,0.0078125,0.00023779873196648005,0.0023898905904907006,-8.0958825911358896e-05,0.00078670430848410788
4770,0.4296875,0.0078125,0.0012370565337287776,0.0018026492175260487,0.00030051778350198999,0.0007153760529636583
4771,0.5546875,0.0078125,0.00088886269674892779,-0.0033662867873399806,0.0003585116431800273,-0.00072423353134836528
4772,0.5703125,0.0078125,0.0024533777551332871,-0.0026948551423301693,0.00065385981490027965,-0.00045937659582878144
4773,0.4921875,0.0546875,-0.043571676323139685,0.0020635694827042706,-0.042856201829721809,-0.0017371923488075248
4774,0.5078125,0.0546875,-0.03945104358810822,-0.019048178002395333,-0.036778278491277856,-0.022073092062149528
4775,0.4921875,0.0703125,-0.068603952581782063,0.0023932320818961564,-0.068596602680359026,-0.0027957548086248291
4776,0.5078125,0.0703125,-0.061630993589271793,-0.030705393966425791,-0.058859606947826756,-0.035343742814043386
4777,0.0078125,0.4453125,0.001241682066263866,0.0010542256247052459,0.00077513817215676083,0.00011275814680930726
4778,0.0078125,0.4296875,0.0011926029870949135,0.0010450270397400073,0.00076248744965016265,0.00011094741858816814
4779,0.0078125,0.5546875,0.0012416820662632696,0.0010542256247057882,0.00077513817216035745,0.00011275814680960308
4780,0.0078125,0.5703125,0.001192602987094279,0.001045027039740588,0.00076248744965490701,0.0001109474185886911
4781,0.0546875,0.4921875,-0.0076690735145267131,0.041108624654789087,-0.0070959282413675523,0.042277206971017986
4782,0.0546875,0.5078125,-0.0076690735145266333,0.041108624654789344,-0.0070959282413676035,0.042277206971017417
4783,0.0703125,0.4921875,-0.042331104426917135,0.051244016774267036,-0.042585168253989031,0.053815689685608251
4784,0.0703125,0.5078125,-0.04233110442691701,0.051244016774267306,-0.042585168253989468,0.053815689685607605
4785,0.9921875,0.4453125,0.012066221001356724,-0.10714857188844559,0.0010678780068290312,-0.0014002148191850378
4786,0.9921875,0.4296875,0.011959223149791445,-0.10528245169558323,0.0010521180671984828,-0.0013749980233363282
4787,0.9921875,0.5546875,0.012066221001358504,-0.10714857188844333,0.0010678780068257875,-0.0014002148191802738
4788,0.9921875,0.5703125,0.011959223149793342,-0.10528245169558074,0.0010521180671945686,-0.0013749980233304271
4789,0.9453125,0.4921875,-0.094414614414270251,-0.061276435693267621,0.015629173058684876,-0.039716821098952623
4790,0.9453125,0.5078125,-0.094414614414269654,-0.061276435693267642,0.015629173058685459,-0.039716821098951922
4791,0.9296875,0.4921875,-0.11453556307157453,-0.035028833260483352,-0.0076472384946252607,-0.068019854760342016
4792,0.9296875,0.5078125,-0.11453556307157403,-0.03502883326048354,-0.007647238494624487,-0.068019854760341586
4793,0.5546875,0.9921875,0.00088886269674895088,-0.0033662867873393396,0.00035851164317796596,-0.00072423353134073293
4794,0.5703125,0.9921875,0.0024533777551335552,-0.0026948551423294984,0.00065385981489639745,-0.00045937659582027127
4795,0.4453125,0.9921875,0.00023779873196442825,0.002389890590491146,-8.0958825906801438e-05,0.00078670430848600524
4796,0.4296875,0.9921875,0.0012370565337268293,0.0018026492175264438,0.000300517783506574,0.00071537605296592113
4797,0.5078125,0.9453125,-0.039451043588108067,-0.01904817800239467,-0.036778278491272527,-0.022073092062153327
4798,0.4921875,0.9453125,-0.043571676323139817,0.0020635694827054827,-0.042856201829717798,-0.0017371923488128998
4799,0.5078125,0.9296875,-0.061630993589271307,-0.03070539396642552,-0.058859606947822926,-0.035343742814050221
4800,0.4921875,0.9296875,-0.068603952581781688,0.0023932320818971036,-0.068596602680357069,-0.0027957548086326865
4801,0.2421875,0.1953125,0.025132336149054635,0.20750821062839842,0.022745993250520898,0.21303547656153693
4802,0.2578125,0.1953125,-0.083387450350172351,0.21117656825350908,-0.089354449548800688,0.21505342849994752
4803,0.2421875,0.1796875,0.02211486933599488,0.18254896871156989,0.020006586945984291,0.18737721718611966
4804,0.2578125,0.1796875,-0.07333561552792621,0.18579514040660317,-0.078592314738618663,0.18915253513323713
4805,0.1953125,0.2421875,0.20805795766278962,-0.0090003454635553624,0.2140994295847275,-0.0077760028525362254
4806,0.1953125,0.2578125,0.22617277352284537,-0.0097439381168083084,0.23271764550682555,-0.008451420430152963
4807,0.1796875,0.2421875,0.15686019067865564,-0.094733194640463758,0.16195144664584912,-0.096340542717193847
4808,0.1796875,0.2578125,0.17051145574309917,-0.10292090699077583,0.17603467421091776,-0.10471751659784673
4809,0.3046875,0.2578125,-0.39315836833637013,-0.12220806462626126,-0.40122624105565347,-0.13449221519894794
4810,0.3046875,0.2421875,-0.36170672369533369,-0.11240280407030051,-0.36912715732074786,-0.12373177660411708
4811,0.3203125,0.2578125,-0.3033903399406887,-0.31197355873003302,-0.30372449515359734,-0.32783194734130816
4812,0.3203125,0.2421875,-0.2791231114914059,-0.28702096137333838,-0.27942580875977163,-0.30160423550384607
4813,0.2578125,0.3046875,-0.15148949517213323,0.38324043934092966,-0.16237113614480417,0.39078433055463779
4814,0.2421875,0.3046875,0.045777631122029767,0.37675733149743895,0.041335617952508522,0.38712116025542687
4815,0.2578125,0.3203125,-0.15996793636299905,0.40466799785294894,-0.17147734650278332,0.412700869176366
4816,0.2421875,0.3203125,0.048379798359673293,0.39784138398329144,0.043654604271677597,0.40883266142576818
4817,0.7578125,0.1953125,0.099623576400196451,-0.18730961498209489,0.13589666764402339,-0.16566748200595177
4818,0.7421875,0.1953125,0.0020094368512662648,-0.22994711108401211,0.043323720568960396,-0.22883761017954773
4819,0.7578125,0.1796875,0.087760794460577593,-0.16595516013257217,0.11953270529037462,-0.14573360108130026
4820,0.7421875,0.1796875,0.0013782401322025356,-0.20332366257780685,0.03810055268700354,-0.20129371811018656
4821,0.8046875,0.2421875,0.19961317078820717,0.070999277088754212,0.17488157856152389,0.12373467777346432
4822,0.8046875,0.2578125,0.21611202031933041,0.076934953266958733,0.19007526110721368,0.13448958596527638
4823,0.8203125,0.2421875,0.13075521659064704,0.13510694483339902,0.082862208987776131,0.16922753200905719
4824,0.8203125,0.2578125,0.14146580725375657,0.14617261862575442,0.090057831657663137,0.18393144717003415
4825,0.6953125,0.2578125,-0.40812186450262289,-0.051106146642115304,-0.4091306329667409,-0.10800816973204458
4826,0.6953125,0.2421875,-0.3760055829850153,-0.046992587836732068,-0.37640793834561437,-0.099367333196938135
4827,0.6796875,0.2578125,-0.40554720201237399,0.15520110970956835,-0.433874543542693,0.10703927662663248
4828,0.6796875,0.2421875,-0.37354892608133222,0.14306576007798899,-0.39917106795961427,0.098479930601316448
4829,0.7421875,0.3046875,0.0045219966310032335,-0.41069777799725726,0.078732809981474222,-0.4157214659819955
4830,0.7578125,0.3046875,0.178513144113877,-0.33299168589557793,0.24689734170095751,-0.30093016639466491
4831,0.7421875,0.3203125,0.0046664735709507745,-0.43336542497981212,0.083146378467893814,-0.43903164875313005
4832,0.7578125,0.3203125,0.18823936839079097,-0.35133499314105499,0.26073959367974414,-0.31780299999269751
4833,0.8046875,0.7578125,0.19961317078820645,0.07099927708875961,0.17488157856153277,0.12373467777347394
4834,0.8046875,0.7421875,0.21611202031933108,0.076934953266964645,0.1900752611072212,0.13448958596528143
4835,0.8203125,0.7578125,0.13075521659064437,0.13510694483340338,0.082862208987781238,0.16922753200906676
4836,0.8203125,0.7421875,0.14146580725375496,0.14617261862575961,0.090057831657667245,0.18393144717003806
4837,0.7578125,0.8046875,0.099623576400195202,-0.18730961498209195,0.13589666764403577,-0.16566748200594691
4838,0.7421875,0.8046875,0.0020094368512654933,-0.22994711108400967,0.04332372056897054,-0.22883761017954932
4839,0.7578125,0.8203125,0.087760794460575525,-0.16595516013257036,0.11953270529038489,-0.1457336010812946
4840,0.7421875,0.8203125,0.0013782401322008492,-0.20332366257780524,0.038100552687012505,-0.20129371811018901
4841,0.7421875,0.6953125,0.0045219966310085305,-0.41069777799726193,0.07873280998147017,-0.41572146598199183
4842,0.7578125,0.6953125,0.17851314411388375,-0.33299168589557993,0.24689734170095429,-0.30093016639466419
4843,0.7421875,0.6796875,0.0046664735709554036,-0.43336542497981795,0.083146378467886528,-0.43903164875312423
4844,0.7578125,0.6796875,0.18823936839079727,-0.3513349931410582,0.26073959367973665,-0.31780299999269485
4845,0.6953125,0.7421875,-0.40812186450262261,-0.051106146642119134,-0.40913063296674484,-0.10800816973204778
4846,0.6953125,0.7578125,-0.37600558298501474,-0.046992587836734261,-0.37640793834561892,-0.099367333196943367
4847,0.6796875,0.7421875,-0.40554720201237476,0.15520110970956474,-0.433874543542698,0.10703927662663304
4848,0.6796875,0.7578125,-0.37354892608133256,0.14306576007798685,-0.39917106795961965,0.098479930601314949
4849,0.1953125,0.7578125,0.20805795766279328,-0.0090003454635553294,0.21409942958473507,-0.0077760028525458019
4850,0.1953125,0.7421875,0.22617277352284906,-0.0097439381168089069,0.23271764550683124,-0.0084514204301620027
4851,0.1796875,0.7578125,0.15686019067865897,-0.094733194640462939,0.16195144664585953,-0.096340542717200245
4852,0.1796875,0.7421875,0.17051145574310259,-0.10292090699077551,0.17603467421092603,-0.1047175165978551
4853,0.2421875,0.8046875,0.025132336149054638,0.20750821062839864,0.022745993250519302,0.21303547656152111
4854,0.2578125,0.8046875,-0.083387450350173101,0.21117656825350975,-0.089354449548809875,0.21505342849993178
4855,0.2421875,0.8203125,0.022114869335994158,0.18254896871157,0.020006586945986945,0.18737721718610426
4856,0.2578125,0.8203125,-0.073335615527927778,0.18579514040660372,-0.078592314738623451,0.1891525351332185
4857,0.2578125,0.6953125,-0.15148949517213495,0.3832404393409285,-0.16237113614480211,0.39078433055464695
4858,0.2421875,0.6953125,0.045777631122028511,0.37675733149743706,0.041335617952509104,0.38712116025543353
4859,0.2578125,0.6796875,-0.15996793636300202,0.40466799785294849,-0.17147734650277832,0.41270086917637466
4860,0.2421875,0.6796875,0.048379798359670614,0.39784138398328978,0.043654604271679866,0.40883266142577379
4861,0.3046875,0.7421875,-0.39315836833637036,-0.1222080646262613,-0.40122624105566046,-0.13449221519893395
4862,0.3046875,0.7578125,-0.36170672369533402,-0.11240280407030012,-0.36912715732076146,-0.1237317766041067
4863,0.3203125,0.7421875,-0.30339033994068865,-0.31197355873003318,-0.303724495153602,-0.32783194734129234
4864,0.3203125,0.7578125,-0.2791231114914059,-0.28702096137333821,-0.27942580875978279,-0.30160423550383336
4865,0.1953125,0.0078125,0.00044505466867636391,-0.00016744513414185776,0.00031236964041313789,-1.4421559122817638e-05
4866,0.1796875,0.0078125,0.00030428464685605428,-0.000334191719986413,0.00023516008135757486,-0.00014275336536667083
4867,0.3046875,0.0078125,-0.001119304983938885,-5.5227517695897075e-05,-0.00054423097594474964,-0.00017655877825294676
4868,0.3203125,0.0078125,-0.0010143596815857709,-0.00069692874374559536,-0.00041501140288561388,-0.00044003855292893248
4869,0.2421875,0.0546875,0.0028883961470630576,0.022635652853654587,0.0024572069344531485,0.02298231382458886
4870,0.2578125,0.0546875,-0.0088737458159781797,0.023184926420627344,-0.0096360133832499133,0.023202974739255273
4871,0.2421875,0.0703125,0.004503141870504157,0.036073240437246953,0.0039315861711876031,0.036794482457706432
4872,0.2578125,0.0703125,-0.01428365051744971,0.036848979473597408,-0.015429656393952624,0.03714579021721387
4873,0.0078125,0.1953125,7.8161989736613737e-05,0.00041102782373307817,0.00030832433598870903,4.3110947978797605e-05
4874,0.0078125,0.1796875,3.7489111867718674e-05,0.00034864059676535902,0.00027091044473994314,3.749893104443448e-05
4875,0.0078125,0.3046875,0.00055740097183622011,0.00082718389315665096,0.00056510608159495183,8.1962093859093822e-05
4876,0.0078125,0.3203125,0.00064507681232228232,0.00087185464724103424,0.00059756323958523919,8.6817760422374461e-05
4877,0.0546875,0.2421875,-0.0041932425049862046,0.022658187663412446,-0.0038290733143924844,0.02280134407848591
4878,0.0546875,0.2578125,-0.0045397071718200196,0.024582460431858463,-0.0041615551590657319,0.024783661645220331
4879,0.0703125,0.2421875,-0.022665264537369417,0.028095972840208032,-0.022961057553550282,0.029023438460960047
4880,0.0703125,0.2578125,-0.024640270423059579,0.030491567683640315,-0.02495754017588642,0.031546659610523442
4881,0.8046875,0.0078125,0.0050304843767253497,0.0021426589184940555,0.00032670665677192234,0.00021859391425603045
4882,0.8203125,0.0078125,0.00337266587882471,0.0043973115078340189,0.00016531711082300223,0.00031675934628599766
4883,0.6953125,0.0078125,-0.0046814447168050735,-0.00014620101822949603,-0.00061115503576045823,-0.00015007722008020572
4884,0.6796875,0.0078125,-0.0041343211292490661,0.0020778684766698191,-0.00063739059334060478,0.00016792561561455481
4885,0.7578125,0.0546875,0.010779284123746373,-0.02668928682832556,0.014666997956697797,-0.017974816785010658
4886,0.7421875,0.0546875,-0.0026180416518228741,-0.030269458218994356,0.0046331301914710674,-0.024775188958564631
4887,0.7578125,0.0703125,0.017064941107320566,-0.038936945879502992,0.023475386074804622,-0.028718295423803695
4888,0.7421875,0.0703125,-0.0026566127464808121,-0.04519023695554894,0.0074392464383322282,-0.03961281028949009
4889,0.9921875,0.1953125,0.014081789916633366,-0.04446184905177427,0.00058673507374297333,-0.00056783604339399418
4890,0.9921875,0.1796875,0.014156145412817475,-0.03992765812167523,0.00054672074913525773,-0.00050987133824675988
4891,0.9921875,0.3046875,0.012173055455292063,-0.077347625476858362,0.00083767148878369408,-0.00099908259257617637
4892,0.9921875,0.3203125,0.011960908814623583,-0.081780628734964694,0.00086994143548709284,-0.0010583866241013757
4893,0.9453125,0.2421875,-0.049192033322526467,-0.038683029754019327,0.0084652900234510192,-0.021504532496281904
4894,0.9453125,0.2578125,-0.053431987189311747,-0.040648161284530214,0.0091996522838547843,-0.023351429194830717
4895,0.9296875,0.2421875,-0.062921485057000445,-0.024141233821350496,-0.0041337312072287098,-0.036763598831536758
4896,0.9296875,0.2578125,-0.067752914295418229,-0.025101942599985386,-0.0044844947781643857,-0.039940727242787806
4897,0.9921875,0.8046875,0.014081789916634399,-0.044461849051770801,0.00058673507374502757,-0.0005678360433929926
4898,0.9921875,0.8203125,0.014156145412817667,-0.039927658121671511,0.00054672074913904474,-0.0005098713382457121
4899,0.9921875,0.6953125,0.012173055455294016,-0.07734762547685764,0.00083767148877877311,-0.00099908259256624096
4900,0.9921875,0.6796875,0.011960908814625325,-0.081780628734963737,0.00086994143548201563,-0.0010583866240909819
4901,0.9453125,0.7578125,-0.049192033322523511,-0.038683029754022262,0.0084652900234536491,-0.021504532496278983
4902,0.9453125,0.7421875,-0.053431987189309672,-0.040648161284533503,0.0091996522838595808,-0.023351429194825597
4903,0.9296875,0.7578125,-0.062921485056998655,-0.024141233821354698,-0.0041337312072260461,-0.03676359883153562
4904,0.9296875,0.7421875,-0.067752914295417563,-0.025101942599989695,-0.0044844947781585076,-0.039940727242784919
4905,0.8046875,0.9921875,0.0050304843767249594,0.0021426589184952221,0.00032670665677336796,0.00021859391425574668
4906,0.8203125,0.9921875,0.0033726658788241657,0.0043973115078349721,0.0001653171108253556,0.00031675934628611752
4907,0.6953125,0.9921875,-0.0046814447168053719,-0.00014620101822807019,-0.00061115503576529377,-0.00015007722007701879
4908,0.6796875,0.9921875,-0.0041343211292493567,0.0020778684766711024,-0.00063739059334665495,0.00016792561561881659
4909,0.7578125,0.9453125,0.010779284123748118,-0.026689286828324988,0.014666997956698052,-0.017974816785010124
4910,0.7421875,0.9453125,-0.0026180416518211216,-0.030269458218993701,0.0046331301914723667,-0.02477518895856351
4911,0.7578125,0.9296875,0.017064941107322363,-0.038936945879503193,0.023475386074805218,-0.028718295423803209
4912,0.7421875,0.9296875,-0.0026566127464790036,-0.045190236955549024,0.007439246438334669,-0.039612810289489805
4913,0.0078125,0.8046875,7.8161989738007533e-05,0.00041102782373119665,0.00030832433598594529,4.3110947975807627e-05
4914,0.0078125,0.8203125,3.7489111869464443e-05,0.00034864059676368181,0.00027091044473866866,3.7498931039881177e-05
4915,0.0078125,0.6953125,0.00055740097183560537,0.00082718389315582165,0.0005651060816004238,8.1962093863114125e-05
4916,0.0078125,0.6796875,0.00064507681232163993,0.00087185464724048433,0.00059756323959211455,8.6817760426179997e-05
4917,0.0546875,0.7578125,-0.0041932425049885005,0.022658187663411853,-0.0038290733143924163,0.022801344078490507
4918,0.0546875,0.7421875,-0.0045397071718222002,0.024582460431858352,-0.0041615551590632304,0.024783661645223037
4919,0.0703125,0.7578125,-0.022665264537371981,0.028095972840208403,-0.022961057553549213,0.029023438460965188
4920,0.0703125,0.7421875,-0.024640270423061862,0.03049156768364111,-0.024957540175883502,0.031546659610525885
4921,0.1953125,0.9921875,0.00044505466867677379,-0.00016744513413989205,0.00031236964040296596,-1.4421559124815233e-05
4922,0.1796875,0.9921875,0.00030428464685590672,-0.00033419171998454758,0.00023516008134949297,-0.00014275336537140532
4923,0.3046875,0.9921875,-0.0011193049839374669,-5.5227517696648779e-05,-0.00054423097594663778,-0.00017655877824383976
4924,0.3203125,0.9921875,-0.0010143596815847008,-0.00069692874374662178,-0.00041501140288567129,-0.00044003855292034435
4925,0.2421875,0.9453125,0.0028883961470653487,0.022635652853653276,0.0024572069344566587,0.022982313824603147
4926,0.2578125,0.9453125,-0.0088737458159764936,0.023184926420625477,-0.0096360133832430767,0.0232029747392676
4927,0.2421875,0.9296875,0.0045031418705059846,0.036073240437245031,0.0039315861711961579,0.036794482457719289
4928,0.2578125,0.9296875,-0.014283650517448666,0.036848979473595049,-0.015429656393941017,0.037145790217223064
4929,0.4921875,0.3046875,-0.70149605200730158,0.0093152906437739113,-0.72142367599543233,-0.02966982797383581
4930,0.5078125,0.3046875,-0.62134193763321111,-0.32619688958286297,-0.61886804186085675,-0.37193174080984359
4931,0.4921875,0.3203125,-0.74078343273330405,0.0097723483444619209,-0.76188402467291583,-0.031334942284012256
4932,0.5078125,0.3203125,-0.65614345700513832,-0.34450038999343091,-0.65357671108011084,-0.39279203002656149
4933,0.4921875,0.1953125,-0.38691332576104032,0.005531821502275676,-0.39701753245603288,-0.016321101742365535
4934,0.5078125,0.1953125,-0.34289641557960171,-0.1797121574441993,-0.34058182240076967,-0.20467857797275454
4935,0.4921875,0.1796875,-0.34060587289261474,0.0050155955379725635,-0.34920479485568701,-0.014352993135349911
4936,0.5078125,0.1796875,-0.30195401643710224,-0.1581029557333361,-0.29956725233938125,-0.18002723430578238
4937,0.4453125,0.2578125,-0.0370753151883269,0.55874824574928672,-0.064160369784958565,0.57169202337540515
4938,0.4453125,0.2421875,-0.03410429916780227,0.51418516289234173,-0.059027371134063256,0.52595696228866795
4939,0.4296875,0.2578125,0.22994556592308329,0.50092976152551694,0.21437373321090028,0.52406704722870678
4940,0.4296875,0.2421875,0.2115913254915277,0.46094124246904916,0.19722389890520817,0.4821412952251613
4941,0.5546875,0.2578125,0.21757412873758597,-0.51539449267857285,0.26075934268421769,-0.5127809087417009
4942,0.5546875,0.2421875,0.20023899309818455,-0.47444642059852443,0.23989926071932852,-0.47176133447154034
4943,0.5703125,0.2578125,0.42928634399353177,-0.34430756621695652,0.46720594068718641,-0.31986161986509121
4944,0.5703125,0.2421875,0.39513307128001035,-0.31700908059936728,0.42983152071035752,-0.29427551714011585
4945,0.3046875,0.4921875,-0.67130110157206158,-0.20901550684221559,-0.68461310449330748,-0.22949358080711532
4946,0.3046875,0.5078125,-0.67130110157206002,-0.20901550684221606,-0.68461310449331048,-0.22949358080711657
4947,0.3203125,0.4921875,-0.51818027002249656,-0.53230416512153833,-0.51824898467439517,-0.55938029675827339
4948,0.3203125,0.5078125,-0.51818027002249467,-0.53230416512153889,-0.51824898467439673,-0.55938029675827261
4949,0.1953125,0.4921875,0.38653243874177357,-0.016088760980058198,0.3970904309044625,-0.014409583695663399
4950,0.1953125,0.5078125,0.38653243874177345,-0.016088760980057733,0.39709043090446511,-0.014409583695662432
4951,0.1796875,0.4921875,0.29131112482197596,-0.17481806693084093,0.30036826448037268,-0.17866540161375155
4952,0.1796875,0.5078125,0.2913111248219758,-0.17481806693084062,0.30036826448037601,-0.17866540161375144
4953,0.2578125,0.4453125,-0.20579964064305692,0.52040656743112479,-0.22073307831342617,0.53124815265605807
4954,0.2421875,0.4453125,0.062561184555702851,0.51175039659317356,0.056200365744596817,0.52627150562963598
4955,0.2578125,0.4296875,-0.20256312355604741,0.51224580394179309,-0.21725619506734556,0.52288018708455797
4956,0.2421875,0.4296875,0.061556142901998095,0.5037171489611123,0.055314692448303109,0.51798174483741821
4957,0.2578125,0.5546875,-0.205799640643056,0.52040656743112779,-0.22073307831341549,0.53124815265605319
4958,0.2421875,0.5546875,0.062561184555702143,0.51175039659317678,0.056200365744610022,0.52627150562963454
4959,0.2578125,0.5703125,-0.20256312355604736,0.5122458039417962,-0.21725619506733371,0.52288018708455508
4960,0.2421875,0.5703125,0.061556142901996749,0.50371714896111563,0.055314692448316993,0.51798174483741599
4961,0.6953125,0.4921875,-0.69313166414624605,-0.087363785194965821,-0.69804038047143424,-0.18429185611186127
4962,0.6953125,0.5078125,-0.69313166414624638,-0.087363785194965654,-0.69804038047143402,-0.18429185611186047
4963,0.6796875,0.4921875,-0.68883052002665335,0.26312572554289571,-0.74026080208521872,0.18261705617236806
4964,0.6796875,0.5078125,-0.68883052002665379,0.26312572554289576,-0.74026080208521994,0.18261705617236959
4965,0.8046875,0.4921875,0.36430832182907452,0.12906826431192711,0.32425202459078828,0.22943550571036883
4966,0.8046875,0.5078125,0.36430832182907397,0.12906826431192683,0.324252024590789,0.2294355057103703
4967,0.8203125,0.4921875,0.23892701318862283,0.24497712211516687,0.15362967683474965,0.31376407898757769
4968,0.8203125,0.5078125,0.23892701318862222,0.24497712211516651,0.15362967683475004,0.31376407898757874
4969,0.7421875,0.4453125,0.0053682136394521589,-0.55686367472570408,0.10701969590618625,-0.56513473977098394
4970,0.7578125,0.4453125,0.24106525861892164,-0.45133450315055879,0.33561864061169294,-0.40908344980735384
4971,0.7421875,0.4296875,0.0053034069803695001,-0.54809112388656245,0.10533421614359602,-0.55623234848955838
4972,0.7578125,0.4296875,0.23730468386257791,-0.44423547547443321,0.33033249445723961,-0.4026394141371244
4973,0.7421875,0.5546875,0.0053682136394507564,-0.55686367472570331,0.10701969590619638,-0.56513473977097151
4974,0.7578125,0.5546875,0.2410652586189207,-0.45133450315055834,0.3356186406117026,-0.4090834498073409
4975,0.7421875,0.5703125,0.005303406980368428,-0.548091123886562,0.10533421614360661,-0.55623234848954484
4976,0.7578125,0.5703125,0.23730468386257766,-0.44423547547443298,0.33033249445724999,-0.40263941413711196
4977,0.5078125,0.6953125,-0.62134193763321199,-0.32619688958286236,-0.61886804186087019,-0.37193174080985647
4978,0.4921875,0.6953125,-0.70149605200730447,0.0093152906437749521,-0.72142367599544865,-0.029669827973855735
4979,0.5078125,0.6796875,-0.65614345700513887,-0.34450038999343097,-0.65357671108012527,-0.39279203002656826
4980,0.4921875,0.6796875,-0.74078343273330693,0.0097723483444626773,-0.76188402467293526,-0.031334942284024989
4981,0.5078125,0.8046875,-0.34289641557960454,-0.1797121574442001,-0.34058182240077156,-0.20467857797274766
4982,0.4921875,0.8046875,-0.38691332576104348,0.00553182150227378,-0.39701753245603344,-0.016321101742357323
4983,0.5078125,0.8203125,-0.3019540164371049,-0.15810295573333741,-0.29956725233938675,-0.18002723430577783
4984,0.4921875,0.8203125,-0.3406058728926174,0.0050155955379705703,-0.34920479485569184,-0.014352993135342343
4985,0.5546875,0.7421875,0.21757412873758761,-0.51539449267857029,0.26075934268422674,-0.51278090874169391
4986,0.5546875,0.7578125,0.20023899309818555,-0.47444642059852182,0.23989926071933537,-0.47176133447153074
4987,0.5703125,0.7421875,0.42928634399353449,-0.34430756621695396,0.46720594068719851,-0.31986161986508016
4988,0.5703125,0.7578125,0.39513307128001257,-0.31700908059936439,0.42983152071036296,-0.29427551714010097
4989,0.4453125,0.7421875,-0.037075315188329953,0.55874824574928561,-0.064160369784945395,0.57169202337538427
4990,0.4453125,0.7578125,-0.034104299167804643,0.51418516289233962,-0.059027371134046477,0.52595696228865785
4991,0.4296875,0.7421875,0.22994556592308127,0.50092976152551605,0.21437373321091852,0.52406704722868813
4992,0.4296875,0.7578125,0.21159132549152651,0.46094124246904755,0.19722389890523068,0.48214129522515636
4993,0.1171875,0.0703125,-0.0092837033946645744,-0.0065994501965665597,-0.00967956773019054,-0.0066612959343693937
4994,0.1328125,0.0703125,-0.0062976875078434953,-0.012799272574989123,-0.0065609164786899262,-0.013004820805417927
4995,0.1171875,0.0546875,-0.0057813436070309624,-0.0041200326417579862,-0.0060457818888107005,-0.0041600040086114927
4996,0.1328125,0.0546875,-0.0039253154269870199,-0.0080104521520341053,-0.0040980838087046074,-0.0081222887514794707
4997,0.0703125,0.1171875,-0.0072033978591426453,0.0090487761812520825,-0.0072933222539523839,0.0092191058916992075
4998,0.0703125,0.1328125,-0.0089295368283715537,0.011191698340602903,-0.0090403075257649446,0.011427404494084133
4999,0.0546875,0.1171875,-0.001401957124998493,0.0073073240637223664,-0.0012177273451140496,0.0072421244294188537
5000,0.0546875,0.1328125,-0.0017233287887544403,0.0090366910566482637,-0.0015091310420552386,0.0089770578080016414
5001,0.1796875,0.1328125,0.061716757652573943,-0.037446176587104668,0.063756981357241518,-0.037929606980223171
5002,0.1796875,0.1171875,0.049779983180776685,-0.03024136420494913,0.051435207108613636,-0.030599814419083205
5003,0.1953125,0.1328125,0.081872434118164916,-0.003666569928001883,0.084286622357888488,-0.0030639587467910325
5004,0.1953125,0.1171875,0.066048402003906673,-0.0029844669708200423,0.067997457644259796,-0.0024724399750958911
5005,0.1328125,0.1796875,-0.032243125846121358,-0.065017938796512215,-0.03341296184351334,-0.066236359053683871
5006,0.1171875,0.1796875,-0.047583583837065742,-0.033663155204059735,-0.049297119424978712,-0.033932491609367343
5007,0.1328125,0.1953125,-0.036679625284015228,-0.073911389893391286,-0.037988634311914071,-0.075306661640443417
5008,0.1171875,0.1953125,-0.054125504382906385,-0.038278866838593918,-0.056047863296913393,-0.038579474211423298
5009,0.8828125,0.0703125,-0.016849906806521923,0.01415786556382065,-0.01185817740086053,0.00043880259712170654
5010,0.8671875,0.0703125,-0.010534452366722536,0.021706554032743745,-0.012637125294019089,0.0074713957708681554
5011,0.8828125,0.0546875,-0.012778035808555264,0.010719787841619026,-0.0074458392198137749,0.00030118292867398476
5012,0.8671875,0.0546875,-0.0076794190402627261,0.016228066773980691,-0.0079146269355798975,0.0047080277315294404
5013,0.9296875,0.1171875,-0.026500922840147958,-0.013819182486465879,-0.001410512373932072,-0.011786671443428804
5014,0.9296875,0.1328125,-0.030649288328544005,-0.015351221902251706,-0.0017150399466075114,-0.014577996533028607
5015,0.9453125,0.1171875,-0.018596449739222184,-0.021205812169708408,0.0026541127691243642,-0.0069804313728095415
5016,0.9453125,0.1328125,-0.021917377152044538,-0.023570389978394578,0.0033041848325418587,-0.0086066541111048805
5017,0.8203125,0.1328125,0.057258092545615209,0.056259696657431794,0.032712522313567492,0.066678550184160121
5018,0.8203125,0.1171875,0.047956083713422165,0.046054509019590822,0.026418546075221806,0.05380514115435453
5019,0.8046875,0.1328125,0.084847720541283506,0.027750211603133484,0.068950988661551291,0.048715898412041173
5020,0.8046875,0.1171875,0.070254124649235319,0.02210995370359272,0.055655444199213172,0.039298561864050917
5021,0.8671875,0.1796875,-0.042197806176237473,0.07206179607621685,-0.064115792362705551,0.037441021911014817
5022,0.8828125,0.1796875,-0.057440602702097089,0.042873394700019329,-0.059883549117481269,0.0017987630573462355
5023,0.8671875,0.1953125,-0.047283369447679517,0.080246296867205205,-0.072881570372162571,0.042541430771628135
5024,0.8828125,0.1953125,-0.063907638388530558,0.047542396150132775,-0.068058765992961068,0.0020274150691245592
5025,0.9296875,0.8828125,-0.026500922840145779,-0.013819182486462116,-0.001410512373922716,-0.011786671443439858
5026,0.9296875,0.8671875,-0.030649288328540643,-0.015351221902248666,-0.0017150399466017909,-0.014577996533041135
5027,0.9453125,0.8828125,-0.018596449739221255,-0.021205812169704085,0.0026541127691360436,-0.0069804313728160988
5028,0.9453125,0.8671875,-0.021917377152042318,-0.023570389978390602,0.0033041848325507011,-0.0086066541111135039
5029,0.8828125,0.9296875,-0.016849906806521202,0.014157865563822687,-0.01185817740085314,0.000438802597112658
5030,0.8671875,0.9296875,-0.010534452366721415,0.021706554032745032,-0.012637125294015516,0.0074713957708587332
5031,0.8828125,0.9453125,-0.012778035808555506,0.010719787841620969,-0.0074458392198046919,0.00030118292866892539
5032,0.8671875,0.9453125,-0.0076794190402624451,0.016228066773982183,-0.0079146269355738468,0.0047080277315232179
5033,0.8671875,0.8203125,-0.042197806176237827,0.072061796076212839,-0.064115792362720844,0.037441021911016947
5034,0.8828125,0.8203125,-0.057440602702095674,0.042873394700015291,-0.059883549117495244,0.0017987630573428133
5035,0.8671875,0.8046875,-0.047283369447681092,0.080246296867201333,-0.072881570372174992,0.042541430771632312
5036,0.8828125,0.8046875,-0.063907638388530322,0.047542396150128334,-0.068058765992973252,0.0020274150691239235
5037,0.8203125,0.8671875,0.057258092545614453,0.056259696657428943,0.032712522313555648,0.066678550184166796
5038,0.8203125,0.8828125,0.047956083713422464,0.046054509019588241,0.026418546075210759,0.053805141154356709
5039,0.8046875,0.8671875,0.084847720541282215,0.027750211603131042,0.068950988661543658,0.048715898412050519
5040,0.8046875,0.8828125,0.070254124649235181,0.022109953703590285,0.055655444199205172,0.039298561864055823
5041,0.0703125,0.8828125,-0.0072033978591428275,0.0090487761812504189,-0.00729332225396027,0.0092191058916847625
5042,0.0703125,0.8671875,-0.0089295368283721401,0.011191698340600915,-0.0090403075257757676,0.011427404494074226
5043,0.0546875,0.8828125,-0.0014019571249980097,0.0073073240637205371,-0.0012177273451165159,0.0072421244294037252
5044,0.0546875,0.8671875,-0.0017233287887542697,0.0090366910566460294,-0.001509131042061291,0.0089770578079898713
5045,0.1171875,0.9296875,-0.0092837033946647322,-0.0065994501965657764,-0.0096795677302006743,-0.0066612959343822029
5046,0.1328125,0.9296875,-0.0062976875078433027,-0.012799272574988094,-0.0065609164787028352,-0.013004820805424963
5047,0.1171875,0.9453125,-0.0057813436070312304,-0.0041200326417569298,-0.0060457818888164728,-0.0041600040086254295
5048,0.1328125,0.9453125,-0.0039253154269869601,-0.0080104521520327886,-0.0040980838087142394,-0.0081222887514888799
5049,0.1328125,0.8203125,-0.032243125846122656,-0.065017938796510952,-0.033412961843513597,-0.066236359053669133
5050,0.1171875,0.8203125,-0.047583583837067761,-0.033663155204058944,-0.049297119424983674,-0.033932491609353417
5051,0.1328125,0.8046875,-0.036679625284016228,-0.073911389893389565,-0.037988634311910366,-0.075306661640430261
5052,0.1171875,0.8046875,-0.054125504382908265,-0.038278866838592579,-0.056047863296913962,-0.038579474211409476
5053,0.1796875,0.8671875,0.061716757652574568,-0.037446176587104876,0.063756981357245932,-0.037929606980209744
5054,0.1796875,0.8828125,0.049779983180777657,-0.030241364204949453,0.051435207108614191,-0.030599814419068901
5055,0.1953125,0.8671875,0.081872434118165638,-0.0036665699280025664,0.084286622357897842,-0.0030639587467804802
5056,0.1953125,0.8828125,0.066048402003907866,-0.0029844669708208775,0.067997457644266263,-0.002472439975082793
5057,0.4296875,0.3828125,0.35064745782202283,0.76340913016260559,0.32685938691470756,0.79904974219071578
5058,0.4296875,0.3671875,0.33911711961911228,0.73839079751676673,0.31613954988816168,0.77284489976280901
5059,0.4453125,0.3828125,-0.056333279375012903,0.8511503274932366,-0.097822332251149127,0.87165752966434118
5060,0.4453125,0.3671875,-0.054521155968881754,0.82329185661770277,-0.094614866001516112,0.84307211078526889
5061,0.3828125,0.4296875,0.78784864304131297,-0.28883574572230025,0.82011243923626109,-0.26967012344478963
5062,0.3671875,0.4296875,0.53572569079938759,-0.60970254141905866,0.57101490649277953,-0.60923387947763386
5063,0.3828125,0.4453125,0.80045916293137143,-0.29341618890698989,0.83323787025720619,-0.27398542153923428
5064,0.3671875,0.4453125,0.54428748631039636,-0.61941581375193855,0.58015344057777207,-0.61898377357602963
5065,0.3671875,0.3203125,0.42293352888446922,-0.48168024403122411,0.45069028767473246,-0.48085940017950041
5066,0.3828125,0.3203125,0.62184768816009717,-0.22841538284403209,0.64729552913668931,-0.21285080475320287
5067,0.3671875,0.3046875,0.40048878887874007,-0.45618313862140808,0.42675589606434045,-0.45532355529255841
5068,0.3828125,0.3046875,0.58883570855306522,-0.21636534783264247,0.61291997615534477,-0.20154819878240679
5069,0.3203125,0.3671875,-0.44760444311936837,-0.4600733555098897,-0.4479085878174433,-0.48346018513587591
5070,0.3203125,0.3828125,-0.46282565295048828,-0.47567172854554673,-0.46309648376267809,-0.49985313053722896
5071,0.3046875,0.3671875,-0.57996738776993628,-0.18051438287533433,-0.59169454558885459,-0.19834370125333059
5072,0.3046875,0.3828125,-0.5996716796997027,-0.18666611831255073,-0.6117576328223493,-0.20506962960099703
5073,0.5703125,0.3828125,0.65341147761189944,-0.52366475150971747,0.71233544063691479,-0.48767900975035305
5074,0.5703125,0.3671875,0.63204619131940609,-0.50658193532766826,0.68897554185944432,-0.47168684114210102
5075,0.5546875,0.3828125,0.33107799849868325,-0.78440334109609466,0.39757137192311337,-0.78182428856777175
5076,0.5546875,0.3671875,0.32027079757464294,-0.75875832318377778,0.38453391395391262,-0.75618538081589359
5077,0.6171875,0.4296875,0.57868490556044694,0.60583550425242416,0.53680293421723835,0.67607941644470004
5078,0.6328125,0.4296875,0.21614671052068818,0.78063221463156585,0.14213858239808583,0.82276666022609346
5079,0.6171875,0.4453125,0.58792947758044645,0.61556058014872495,0.54539390188021342,0.68690026857994191
5080,0.6328125,0.4453125,0.21960612829641704,0.7931252931867101,0.14441345363611055,0.83593472495729992
5081,0.6328125,0.3203125,0.17049544406143019,0.61652742549110429,0.11218462432121971,0.64939439591644954
5082,0.6171875,0.3203125,0.45691109878679975,0.4782673190175637,0.42368823463165367,0.53361353585774451
5083,0.6328125,0.3046875,0.16143446713749415,0.58396880072009472,0.10622663409182996,0.61490977272719916
5084,0.6171875,0.3046875,0.43272030850617926,0.45297675323183345,0.40118864770766777,0.5052766089699422
5085,0.6796875,0.3671875,-0.59573294778089403,0.22779509458040884,-0.63979979781281426,0.15783784219969604
5086,0.6796875,0.3828125,-0.61581570363135718,0.23544881337468071,-0.66149145433763556,0.16318874225711255
5087,0.6953125,0.3671875,-0.5994101919731476,-0.075226580808997356,-0.6033087951333036,-0.15927550102203669
5088,0.6953125,0.3828125,-0.61963059829191836,-0.077803615819290309,-0.62376339339947384,-0.16467633183729394
5089,0.6171875,0.5703125,0.57868490556044949,0.60583550425242783,0.53680293421723047,0.67607941644468461
5090,0.6328125,0.5703125,0.21614671052068851,0.78063221463156862,0.14213858239808219,0.82276666022608258
5091,0.6171875,0.5546875,0.58792947758044889,0.61556058014872783,0.54539390188020853,0.68690026857993358
5092,0.6328125,0.5546875,0.2196061282964179,0.79312529318671265,0.14441345363610864,0.83593472495729648
5093,0.5703125,0.6171875,0.65341147761190566,-0.52366475150971581,0.7123354406369069,-0.48767900975035527
5094,0.5703125,0.6328125,0.63204619131941231,-0.50658193532766682,0.68897554185943632,-0.47168684114210035
5095,0.5546875,0.6171875,0.33107799849868913,-0.78440334109609455,0.39757137192310382,-0.78182428856776398
5096,0.5546875,0.6328125,0.32027079757464899,-0.75875832318377723,0.38453391395390296,-0.75618538081588349
5097,0.6796875,0.6328125,-0.59573294778090213,0.22779509458040481,-0.63979979781281282,0.15783784219967739
5098,0.6796875,0.6171875,-0.61581570363136484,0.23544881337467885,-0.66149145433762846,0.16318874225709412
5099,0.6953125,0.6328125,-0.59941019197315415,-0.075226580809002158,-0.6033087951333046,-0.15927550102204877
5100,0.6953125,0.6171875,-0.61963059829192524,-0.077803615819292585,-0.62376339339946618,-0.16467633183730415
5101,0.6328125,0.6796875,0.17049544406142642,0.61652742549110295,0.11218462432122785,0.64939439591644088
5102,0.6171875,0.6796875,0.45691109878679875,0.47826731901756359,0.42368823463166527,0.53361353585774007
5103,0.6328125,0.6953125,0.16143446713749096,0.58396880072009372,0.10622663409183861,0.61490977272719816
5104,0.6171875,0.6953125,0.43272030850617832,0.45297675323183328,0.4011886477076807,0.50527660896994497
5105,0.3828125,0.5703125,0.78784864304131808,-0.28883574572230408,0.82011243923626176,-0.26967012344479468
5106,0.3671875,0.5703125,0.53572569079939469,-0.60970254141906333,0.5710149064927692,-0.60923387947763408
5107,0.3828125,0.5546875,0.80045916293137664,-0.29341618890699378,0.83323787025721341,-0.27398542153923927
5108,0.3671875,0.5546875,0.54428748631040358,-0.61941581375194288,0.58015344057776597,-0.61898377357602985
5109,0.4296875,0.6171875,0.35064745782201856,0.76340913016260803,0.32685938691472,0.79904974219071723
5110,0.4296875,0.6328125,0.3391171196191079,0.73839079751677039,0.31613954988816961,0.77284489976280701
5111,0.4453125,0.6171875,-0.056333279375018579,0.85115032749323838,-0.097822332251139704,0.87165752966434196
5112,0.4453125,0.6328125,-0.054521155968887326,0.82329185661770543,-0.09461486600151181,0.84307211078526945
5113,0.3203125,0.6328125,-0.44760444311936676,-0.46007335550989192,-0.44790858781744547,-0.4834601851358874
5114,0.3203125,0.6171875,-0.46282565295048522,-0.47567172854554995,-0.46309648376268503,-0.49985313053724656
5115,0.3046875,0.6328125,-0.57996738776993628,-0.18051438287533569,-0.5916945455888486,-0.19834370125333936
5116,0.3046875,0.6171875,-0.59967167969970148,-0.18666611831255228,-0.61175763282234963,-0.2050696296010123
5117,0.3671875,0.6796875,0.42293352888446994,-0.48168024403122239,0.45069028767473235,-0.48085940017950923
5118,0.3828125,0.6796875,0.62184768816009695,-0.22841538284402951,0.64729552913668931,-0.21285080475321747
5119,0.3671875,0.6953125,0.40048878887874123,-0.45618313862140647,0.42675589606434711,-0.45532355529256768
5120,0.3828125,0.6953125,0.58883570855306655,-0.21636534783264061,0.61291997615534966,-0.20154819878242175
5121,0.3828125,0.0703125,0.056530893300690423,-0.021661639746423881,0.058261588415010647,-0.019172930499037014
5122,0.3671875,0.0703125,0.038099299683278243,-0.044535020857096319,0.040559676198021886,-0.043292301201010304
5123,0.3828125,0.0546875,0.035541179108572137,-0.013963286634341555,0.036392940487136975,-0.011982076560398632
5124,0.3671875,0.0546875,0.023813305598467938,-0.028276554043813445,0.025333033978421307,-0.027046811798617395
5125,0.4296875,0.1171875,0.068186772671904636,0.14724704903275149,0.062653505614213234,0.15313888375143148
5126,0.4296875,0.1328125,0.084117330226783485,0.18224939699380421,0.077656106276814185,0.18982043004455598
5127,0.4453125,0.1171875,-0.010220754452792845,0.16475253967370102,-0.018737473820441705,0.1670642970334065
5128,0.4453125,0.1328125,-0.012949132838460818,0.20371907596381328,-0.023230581266960412,0.20707803218954243
5129,0.3203125,0.1328125,-0.11019838430889797,-0.11312562971641371,-0.11000953998985981,-0.11873581887523391
5130,0.3203125,0.1171875,-0.089036578039174016,-0.091298923019333539,-0.088751322972951227,-0.095789047281789344
5131,0.3046875,0.1328125,-0.14263087555073581,-0.044137534662304904,-0.14532192642507732,-0.048707656297089369
5132,0.3046875,0.1171875,-0.11516594926480581,-0.035563822161058058,-0.11723863475465594,-0.039293387405597846
5133,0.3671875,0.1796875,0.19396716033383465,-0.22139646324267853,0.20656287952510638,-0.22039622431895789
5134,0.3828125,0.1796875,0.28530580988541721,-0.10523052872474234,0.29667374919773637,-0.097562210771037647
5135,0.3671875,0.1953125,0.22050075501851851,-0.25155229802469642,0.23484801417974863,-0.25057375609456561
5136,0.3828125,0.1953125,0.32427813129740041,-0.11950589205028972,0.33729706539088322,-0.11091974006265581
5137,0.6171875,0.0703125,0.045366608971821841,0.044190456406921784,0.038197425609733861,0.04804212532035522
5138,0.6328125,0.0703125,0.018755493504537805,0.058871677417968886,0.010148637121739501,0.058497267433356211
5139,0.6171875,0.0546875,0.029816546569639998,0.027991038872630696,0.023881168576065464,0.030013350139637917
5140,0.6328125,0.0546875,0.012884899108896017,0.037923891049027166,0.0063567076323013368,0.036555479080541457
5141,0.5703125,0.1171875,0.1266056424853983,-0.10367266713792141,0.13653353821141312,-0.09350836370227672
5142,0.5703125,0.1328125,0.15664433054599572,-0.12742648525531272,0.16923565013380565,-0.11589174575767568
5143,0.5546875,0.1171875,0.063301222181224831,-0.15367795619202568,0.076188558266492484,-0.14987763117715264
5144,0.5546875,0.1328125,0.078673872563773381,-0.18945854450430422,0.094442792272002127,-0.18576535151421894
5145,0.6796875,0.1328125,-0.14995473608227125,0.059672512501385604,-0.15719659945557965,0.038821469260955963
5146,0.6796875,0.1171875,-0.12172474864677894,0.04926374680824086,-0.12683010044925111,0.031336397023423758
5147,0.6953125,0.1328125,-0.15227165603445683,-0.01693728931290717,-0.14825568697638258,-0.039097025821549433
5148,0.6953125,0.1171875,-0.12406707243178271,-0.013021866281935506,-0.11962442192863412,-0.031531708228460964
5149,0.6328125,0.1796875,0.079419251317580444,0.28519516454739291,0.051435096237498347,0.29767275473906901
5150,0.6171875,0.1796875,0.21151236745598762,0.2206177298734999,0.19421806009846856,0.24458922546924294
5151,0.6328125,0.1953125,0.08978892482551748,0.32356109913352443,0.058470695776245064,0.33842314831303755
5152,0.6171875,0.1953125,0.23978464227786817,0.25050751321566939,0.220802212620131,0.27807648089286841
5153,0.0703125,0.3828125,-0.037727380088014809,0.045977532417812578,-0.038052916846098406,0.048091914486202092
5154,0.0703125,0.3671875,-0.036467183973152226,0.044519555964573208,-0.036804867079977051,0.046515528745420913
5155,0.0546875,0.3828125,-0.0068424219122122584,0.036945583046389341,-0.0063416059109550893,0.03778123429415315
5156,0.0546875,0.3671875,-0.0066182130021077328,0.035788770868096592,-0.0061338757233846894,0.036542946618468616
5157,0.1171875,0.4296875,-0.13254375333914031,-0.092966057369007329,-0.13629160529366843,-0.093809306127080674
5158,0.1328125,0.4296875,-0.089955514147794277,-0.17914582845694851,-0.092380992956833149,-0.18310323234984213
5159,0.1171875,0.4453125,-0.13469546093193199,-0.094441552826966299,-0.1384733656735519,-0.095310646512947267
5160,0.1328125,0.4453125,-0.091417214664329505,-0.18198652793034903,-0.09385992303661797,-0.18603344998809565
5161,0.1328125,0.3203125,-0.070766638017129263,-0.14161136440511995,-0.072909795099645847,-0.1445205938656699
5162,0.1171875,0.3203125,-0.10431178939161685,-0.073454725523140862,-0.10756694766451523,-0.074040944058435226
5163,0.1328125,0.3046875,-0.066964638577542313,-0.13412324694705505,-0.069037015027561377,-0.1368457320591262
5164,0.1171875,0.3046875,-0.098718865764293409,-0.069561590518389296,-0.10185360528496212,-0.070108665776279222
5165,0.1796875,0.3671875,0.2516248126740277,-0.15133229784466865,0.25960104422403435,-0.15442094805902881
5166,0.1796875,0.3828125,0.26018597931745041,-0.1564125721462124,0.26840357065561132,-0.15965606186705938
5167,0.1953125,0.3671875,0.33384582736219443,-0.014056019236520249,0.34319460721533224,-0.012457062436691334
5168,0.1953125,0.3828125,0.34521204679920536,-0.014500196406760599,0.35483186821141494,-0.012878769598250175
5169,0.0703125,0.6171875,-0.037727380088014087,0.045977532417813445,-0.038052916846098697,0.04809191448619321
5170,0.0703125,0.6328125,-0.036467183973151643,0.044519555964573965,-0.036804867079976149,0.046515528745410865
5171,0.0546875,0.6171875,-0.0068424219122118863,0.036945583046390285,-0.0063416059109514811,0.037781234294144879
5172,0.0546875,0.6328125,-0.0066182130021075116,0.035788770868097418,-0.0061338757233799657,0.03654294661845997
5173,0.1171875,0.5703125,-0.13254375333913959,-0.092966057369006733,-0.13629160529367521,-0.09380930612707776
5174,0.1328125,0.5703125,-0.089955514147793805,-0.17914582845694813,-0.092380992956838617,-0.18310323234983639
5175,0.1171875,0.5546875,-0.13469546093193141,-0.094441552826965425,-0.13847336567355659,-0.095310646512944991
5176,0.1328125,0.5546875,-0.091417214664329199,-0.18198652793034828,-0.093859923036621717,-0.18603344998809138
5177,0.1328125,0.6796875,-0.070766638017127889,-0.14161136440512012,-0.072909795099651661,-0.14452059386567634
5178,0.1171875,0.6796875,-0.10431178939161583,-0.073454725523140349,-0.1075669476645197,-0.074040944058444053
5179,0.1328125,0.6953125,-0.066964638577540869,-0.13412324694705446,-0.069037015027563625,-0.1368457320591337
5180,0.1171875,0.6953125,-0.098718865764292549,-0.069561590518388131,-0.10185360528496361,-0.070108665776288312
5181,0.1796875,0.6328125,0.25162481267402698,-0.15133229784467017,0.25960104422402858,-0.15442094805901721
5182,0.1796875,0.6171875,0.26018597931744997,-0.15641257214621315,0.2684035706556076,-0.15965606186704559
5183,0.1953125,0.6328125,0.33384582736219254,-0.01405601923652142,0.34319460721533024,-0.012457062436679647
5184,0.1953125,0.6171875,0.34521204679920386,-0.014500196406760781,0.35483186821141499,-0.012878769598237095
5185,0.9296875,0.3828125,-0.1017907867730274,-0.031793700861454548,-0.0068232965758408945,-0.060788763626007256
5186,0.9296875,0.3671875,-0.098364169542357272,-0.031031517150183725,-0.00659759903265442,-0.058799672848492392
5187,0.9453125,0.3828125,-0.083417870964387755,-0.054974964960135757,0.013982284725210186,-0.035492206486553553
5188,0.9453125,0.3671875,-0.080425616715965598,-0.053404939886833737,0.013528406269150955,-0.034331605456596706
5189,0.8828125,0.4296875,-0.13926215972321074,0.10845761350878612,-0.16520386374710355,0.0048376298642995265
5190,0.8671875,0.4296875,-0.10387937644198998,0.18189728672928013,-0.17700519455065417,0.10323823885378053
5191,0.8828125,0.4453125,-0.14142295702695137,0.11025462627357356,-0.1678468623085341,0.0049162560905426271
5192,0.8671875,0.4453125,-0.10545544591589757,0.18484767423305515,-0.17983673673323231,0.10489139105463635
5193,0.8671875,0.3203125,-0.083756574158978539,0.14410166485087611,-0.1397361666214644,0.081488989797905559
5194,0.8828125,0.3203125,-0.11180875518233831,0.085388937987245492,-0.13042265229283928,0.003811285637464979
5195,0.8671875,0.3046875,-0.079818059732100086,0.13680509439951702,-0.13232424847354521,0.077166414507102807
5196,0.8828125,0.3046875,-0.10649806313743231,0.080959735620193984,-0.12350692745275478,0.0036096102778136368
5197,0.8203125,0.3671875,0.20644235256012297,0.21199174340208304,0.13277808966844726,0.27118409165989482
5198,0.8203125,0.3828125,0.21341950558994482,0.21903396372777242,0.13728002018321059,0.28037672533539287
5199,0.8046875,0.3671875,0.31513886926288565,0.11169681470958043,0.28024930741521503,0.19829937413986867
5200,0.8046875,0.3828125,0.32570375923051936,0.11539471353405609,0.28974982975200098,0.20502145693429621
5201,0.9296875,0.6171875,-0.10179078677302539,-0.031793700861455991,-0.0068232965758310551,-0.060788763626005736
5202,0.9296875,0.6328125,-0.09836416954235612,-0.031031517150185175,-0.0065975990326434687,-0.05879967284849099
5203,0.9453125,0.6171875,-0.08341787096438498,-0.054974964960136354,0.013982284725218348,-0.035492206486547467
5204,0.9453125,0.6328125,-0.080425616715963502,-0.053404939886834514,0.013528406269160036,-0.034331605456590163
5205,0.8828125,0.5703125,-0.13926215972321185,0.10845761350878351,-0.16520386374710133,0.0048376298642961767
5206,0.8671875,0.5703125,-0.10387937644199215,0.18189728672927799,-0.17700519455065422,0.10323823885377723
5207,0.8828125,0.5546875,-0.14142295702695221,0.11025462627357147,-0.16784686230853213,0.004916256090540771
5208,0.8671875,0.5546875,-0.10545544591589937,0.18484767423305346,-0.1798367367332315,0.10489139105463481
5209,0.8671875,0.6796875,-0.083756574158982577,0.14410166485087841,-0.13973616662146482,0.081488989797891057
5210,0.8828125,0.6796875,-0.11180875518234265,0.085388937987246089,-0.13042265229283359,0.0038112856374524552
5211,0.8671875,0.6953125,-0.079818059732104665,0.13680509439951913,-0.13232424847354396,0.077166414507090775
5212,0.8828125,0.6953125,-0.10649806313743711,0.080959735620194137,-0.12350692745274822,0.0036096102778032683
5213,0.8203125,0.6328125,0.20644235256012416,0.2119917434020856,0.13277808966842955,0.27118409165989049
5214,0.8203125,0.6171875,0.21341950558994546,0.21903396372777442,0.13728002018319557,0.28037672533539254
5215,0.8046875,0.6328125,0.31513886926288848,0.11169681470958245,0.28024930741519638,0.19829937413986845
5216,0.8046875,0.6171875,0.32570375923052131,0.11539471353405774,0.28974982975198643,0.20502145693430021
5217,0.6171875,0.9296875,0.045366608971822493,0.044190456406921014,0.038197425609742992,0.048042125320362818
5218,0.6328125,0.9296875,0.018755493504538482,0.058871677417968352,0.010148637121747451,0.058497267433363448
5219,0.6171875,0.9453125,0.029816546569640789,0.027991038872630339,0.023881168576071504,0.030013350139648776
5220,0.6328125,0.9453125,0.012884899108896813,0.037923891049027054,0.0063567076323064074,0.0365554790805519
5221,0.5703125,0.8828125,0.12660564248539743,-0.1036726671379227,0.13653353821142047,-0.093508363702283756
5222,0.5703125,0.8671875,0.15664433054599439,-0.12742648525531342,0.16923565013380976,-0.11589174575768343
5223,0.5546875,0.8828125,0.063301222181224082,-0.15367795619202712,0.076188558266497231,-0.1498776311771611
5224,0.5546875,0.8671875,0.078673872563772076,-0.18945854450430522,0.094442792272004028,-0.18576535151422768
5225,0.6796875,0.8671875,-0.14995473608227197,0.059672512501385042,-0.15719659945557893,0.038821469260945575
5226,0.6796875,0.8828125,-0.12172474864677908,0.049263746808240062,-0.12683010044924778,0.031336397023416125
5227,0.6953125,0.8671875,-0.15227165603445758,-0.016937289312907805,-0.14825568697638,-0.039097025821559557
5228,0.6953125,0.8828125,-0.12406707243178278,-0.013021866281936377,-0.11962442192863,-0.031531708228469103
5229,0.6328125,0.8203125,0.079419251317580333,0.28519516454739419,0.051435096237485101,0.29767275473906846
5230,0.6171875,0.8203125,0.21151236745598789,0.22061772987350131,0.19421806009845599,0.24458922546924478
5231,0.6328125,0.8046875,0.089788924825517855,0.32356109913352593,0.058470695776230888,0.33842314831304166
5232,0.6171875,0.8046875,0.23978464227786955,0.25050751321567116,0.22080221262011757,0.27807648089287462
5233,0.3828125,0.9296875,0.056530893300690159,-0.021661639746422528,0.058261588415013374,-0.019172930499043461
5234,0.3671875,0.9296875,0.038099299683277472,-0.044535020857095937,0.040559676198026647,-0.043292301201016972
5235,0.3828125,0.9453125,0.035541179108571436,-0.013963286634340528,0.03639294048714245,-0.011982076560402779
5236,0.3671875,0.9453125,0.023813305598467057,-0.028276554043813337,0.025333033978428166,-0.027046811798620854
5237,0.4296875,0.8828125,0.068186772671907259,0.14724704903275293,0.062653505614203367,0.1531388837514325
5238,0.4296875,0.8671875,0.084117330226786302,0.18224939699380485,0.077656106276804318,0.18982043004456178
5239,0.4453125,0.8828125,-0.010220754452790677,0.16475253967370204,-0.018737473820451562,0.16706429703340681
5240,0.4453125,0.8671875,-0.012949132838458719,0.20371907596381336,-0.023230581266969825,0.20707803218954679
5241,0.3203125,0.8671875,-0.11019838430890071,-0.11312562971641354,-0.11000953998986732,-0.11873581887524982
5242,0.3203125,0.8828125,-0.089036578039176736,-0.091298923019334122,-0.088751322972951574,-0.095789047281804762
5243,0.3046875,0.8671875,-0.14263087555073892,-0.044137534662305029,-0.14532192642508124,-0.048707656297107847
5244,0.3046875,0.8828125,-0.11516594926480885,-0.035563822161059085,-0.11723863475465239,-0.039293387405614187
5245,0.3671875,0.8203125,0.19396716033383635,-0.22139646324267756,0.20656287952509939,-0.22039622431894157
5246,0.3828125,0.8203125,0.28530580988541998,-0.10523052872474195,0.29667374919773637,-0.09756221077101751
5247,0.3671875,0.8046875,0.2205007550185204,-0.25155229802469559,0.23484801417974557,-0.25057375609454496
5248,0.3828125,0.8046875,0.32427813129740307,-0.11950589205028957,0.33729706539088911,-0.11091974006263328
5249,0.0234375,0.0234375,-2.1310510722214964e-05,4.2641864346775374e-05,5.0821029200226723e-05,4.3819592954909438e-05
5250,0.0390625,0.0390625,7.1702841413474281e-05,0.00052948598419617487,0.00016709320591499056,0.00047549217156230223
5251,0.0390625,0.0234375,-9.9228100296500715e-06,0.00020059461512201949,6.1200675186897396e-05,0.00017398346692656808
5252,0.0234375,0.0390625,4.0327575872930107e-05,0.00014944898403124854,0.00013876053882802189,0.000121088307718086
5253,0.9765625,0.0234375,0.005710784817872675,-0.0056319439232500905,0.00016889254845244844,-9.0454417024440599e-05
5254,0.9609375,0.0390625,0.00075046469756147392,-0.01044676789648359,0.0004255516698192512,-0.00046799592009346639
5255,0.9609375,0.0234375,0.0024621245331902042,-0.0076186982704987234,0.00019805313407728203,-0.00022879696214380904
5256,0.9765625,0.0390625,0.0053185769109383467,-0.0089464635894946996,0.0002828674855571493,-0.00016091860223476346
5257,0.9765625,0.9765625,0.0057107848178709585,-0.0056319439232516578,0.00016889254845002581,-9.0454417016024968e-05
5258,0.9609375,0.9609375,0.00075046469755854354,-0.010446767896483664,0.000425551669823998,-0.00046799592008343226
5259,0.9765625,0.9609375,0.0053185769109357767,-0.0089464635894956172,0.00028286748555797112,-0.0001609186022247859
5260,0.9609375,0.9765625,0.0024621245331879131,-0.0076186982704997764,0.00019805313407796635,-0.00022879696213408735
5261,0.0234375,0.9765625,-2.1310510722135838e-05,4.2641864346971303e-05,5.0821029210365748e-05,4.3819592961007777e-05
5262,0.0390625,0.9609375,7.1702841413711531e-05,0.00052948598419629131,0.00016709320592982841,0.00047549217155972324
5263,0.0234375,0.9609375,4.0327575873260321e-05,0.00014944898403146435,0.00013876053884119964,0.00012108830772077405
5264,0.0390625,0.9765625,-9.9228100296565174e-06,0.00020059461512215727,6.1200675199959119e-05,0.00017398346692885325
5265,0.4765625,0.4765625,-0.84504832322285672,0.47248952009840406,-0.89397867207276605,0.44173258768623735
5266,0.4609375,0.4609375,-0.50910537775660625,0.80620263482965826,-0.56380387161795908,0.80358022892176972
5267,0.4765625,0.4609375,-0.83845906967090023,0.46882879750304901,-0.88699274192714994,0.43828102363029053
5268,0.4609375,0.4765625,-0.51309714654472016,0.81252283399007064,-0.56824423131053137,0.80990905544784675
5269,0.5234375,0.4765625,-0.54049113473220012,-0.80464541290572522,-0.50377022022329243,-0.86055552613737019
5270,0.5390625,0.4609375,-0.091654270061210741,-0.94917214891298352,-0.029043387859148076,-0.98120303945171039
5271,0.5234375,0.4609375,-0.53626329347175528,-0.79835625662698073,-0.4998333431126803,-0.85383045678459846
5272,0.5390625,0.4765625,-0.092387008669835471,-0.95663289039647015,-0.029272318655646699,-0.98893108257453788
5273,0.5234375,0.5234375,-0.54049113473219967,-0.80464541290572411,-0.50377022022327966,-0.8605555261373572
5274,0.5390625,0.5390625,-0.091654270061208798,-0.94917214891298241,-0.029043387859139888,-0.98120303945170328
5275,0.5390625,0.5234375,-0.092387008669834222,-0.95663289039646882,-0.029272318655639087,-0.98893108257453011
5276,0.5234375,0.5390625,-0.53626329347175494,-0.79835625662698018,-0.49983334311266803,-0.85383045678458291
5277,0.4765625,0.5234375,-0.84504832322285961,0.47248952009840395,-0.89397867207275306,0.44173258768624168
5278,0.4609375,0.5390625,-0.50910537775661069,0.80620263482965837,-0.56380387161793999,0.80358022892177161
5279,0.4609375,0.5234375,-0.51309714654472283,0.81252283399007053,-0.56824423131051849,0.80990905544784542
5280,0.4765625,0.5390625,-0.83845906967090467,0.46882879750304912,-0.88699274192713318,0.43828102363029847
5281,0.4765625,0.0234375,-0.0080911765475089846,0.005717390949333801,-0.0073971784064566486,0.0036741603037405437
5282,0.4609375,0.0390625,-0.01151452683468215,0.020431221550395586,-0.012782130135777716,0.018251554510097502
5283,0.4609375,0.0234375,-0.0044077854470174439,0.0086953346894803607,-0.0046933265766378454,0.0067155911486922563
5284,0.4765625,0.0390625,-0.01999788883530651,0.012705230200852213,-0.020125739184312593,0.0099689050460170132
5285,0.5234375,0.0234375,-0.0065933049727406262,-0.0079475779253929055,-0.0041917481250592628,-0.0071237371923497609
5286,0.5390625,0.0390625,-0.0038006218838992321,-0.024019530557645132,-0.00068496416026880575,-0.02228456087731065
5287,0.5390625,0.0234375,-0.0020959064216118247,-0.010320418674159363,-0.00026182776388519784,-0.0082007160418075386
5288,0.5234375,0.0390625,-0.014602030104205471,-0.019285798299350756,-0.011370723914494981,-0.019376117036222572
5289,0.0234375,0.4765625,0.0062989599512977322,0.0065283352398157208,0.0062086109422862792,0.0054320192130634087
5290,0.0390625,0.4609375,0.0069135702334904578,0.021328703803940748,0.007411006791600977,0.021000591706920584
5291,0.0234375,0.4609375,0.0062376939179586074,0.0064884923738895419,0.0061598750834260503,0.0053896671440794011
5292,0.0390625,0.4765625,0.0069740729801021943,0.021480648604940856,0.0074695342119457568,0.02116580631157269
5293,0.0234375,0.5234375,0.0062989599512975987,0.0065283352398162213,0.0062086109422875516,0.0054320192130627235
5294,0.0390625,0.5390625,0.0069135702334905211,0.021328703803941685,0.0074110067916022355,0.021000591706918426
5295,0.0234375,0.5390625,0.0062376939179583828,0.0064884923738902766,0.0061598750834282578,0.0053896671440782622
5296,0.0390625,0.5234375,0.0069740729801022559,0.021480648604941494,0.0074695342119464594,0.021165806311571327
5297,0.9765625,0.4765625,-0.034630821815329942,-0.104219669523734,0.007643039643538161,-0.0028504525210100496
5298,0.9609375,0.4609375,-0.068926064268499357,-0.084223953145885724,0.016473563232300887,-0.014714529343344888
5299,0.9765625,0.4609375,-0.034298574255383497,-0.10332769398710336,0.0075842102759212998,-0.0028267522827314
5300,0.9609375,0.4765625,-0.069547278548778763,-0.084935970719502429,0.016602078623310361,-0.01483139163241777
5301,0.9765625,0.5234375,-0.03463082181532863,-0.10421966952373328,0.0076430396435377811,-0.0028504525210073664
5302,0.9609375,0.5390625,-0.068926064268496873,-0.084223953145885475,0.016473563232302247,-0.014714529343340615
5303,0.9765625,0.5390625,-0.034298574255381423,-0.10332769398710233,0.0075842102759207447,-0.0028267522827270545
5304,0.9609375,0.5234375,-0.069547278548777167,-0.08493597071950218,0.01660207862331119,-0.01483139163241517
5305,0.5234375,0.9765625,-0.0065933049727410192,-0.007947577925392392,-0.0041917481250553024,-0.0071237371923457936
5306,0.5390625,0.9609375,-0.0038006218838989294,-0.02401953055764483,-0.0006849641602627894,-0.022284560877306611
5307,0.5390625,0.9765625,-0.002095906421611865,-0.010320418674158888,-0.00026182776388210586,-0.0082007160418015399
5308,0.5234375,0.9609375,-0.014602030104205499,-0.019285798299350228,-0.011370723914489034,-0.019376117036221
5309,0.4765625,0.9765625,-0.0080911765475104955,0.0057173909493348947,-0.007397178406451735,0.0036741603037401551
5310,0.4609375,0.9609375,-0.011514526834683266,0.020431221550397598,-0.012782130135773472,0.018251554510093634
5311,0.4609375,0.9765625,-0.0044077854470191422,0.0086953346894816791,-0.0046933265766328997,0.0067155911486913899
5312,0.4765625,0.9609375,-0.019997888835307488,0.012705230200853849,-0.020125739184308027,0.0099689050460135976
5313,0.2265625,0.2265625,0.13696389642535031,0.19301800178830864,0.13840270816692343,0.19947952758784693
5314,0.2109375,0.2109375,0.17265975703129921,0.08467044029188775,0.17672085331110265,0.088434835066418221
5315,0.2265625,0.2109375,0.12355845682639953,0.17414429497453446,0.12486463302230925,0.17996699723818282
5316,0.2109375,0.2265625,0.19139425348365191,0.093867749932563221,0.19588126119482729,0.098023640958985192
5317,0.2734375,0.2734375,-0.29949779082420697,0.25032851947765999,-0.31273783993954624,0.25127116980768627
5318,0.2890625,0.2890625,-0.43803445622090936,0.087497136384750165,-0.45215834005710331,0.08073732454302468
5319,0.2890625,0.2734375,-0.40936709842831359,0.081828972605385325,-0.42257427979578238,0.075455767225411752
5320,0.2734375,0.2890625,-0.32046459730629806,0.26778470805998084,-0.33463218260561239,0.26886147750777029
5321,0.2734375,0.2265625,-0.23299384808308987,0.19490323673452861,-0.24329289665586845,0.19547717670776263
5322,0.2890625,0.2109375,-0.28732251093078659,0.057605936122275568,-0.29658374454102843,0.052961574721241272
5323,0.2734375,0.2109375,-0.21020410271923176,0.17589448241492334,-0.21949509381214641,0.17635718557227703
5324,0.2890625,0.2265625,-0.31846467970814873,0.063799088861763345,-0.32873944949263439,0.058702808156299344
5325,0.2265625,0.2734375,0.17613097764743632,0.24808587673560611,0.17790939518263152,0.25641972444766331
5326,0.2109375,0.2890625,0.26337728078678752,0.12918831654159085,0.26942294878474665,0.13482752471511947
5327,0.2109375,0.2734375,0.24610936017685781,0.1207202718640263,0.25179451373990636,0.12600541677153929
5328,0.2265625,0.2890625,0.18849740605269261,0.26544164796781011,0.19036525219592546,0.2743716471304829
5329,0.7734375,0.2265625,0.19688174618905666,-0.13513216194161076,0.22512258503823035,-0.090929061933457567
5330,0.7890625,0.2109375,0.19445948943085523,-0.025178524386061257,0.19630617082741711,0.022859148505846572
5331,0.7734375,0.2109375,0.17827329133790321,-0.12269067684325198,0.20311377185099269,-0.082046630284501584
5332,0.7890625,0.2265625,0.21449293350431306,-0.027479039563694171,0.21757194148527725,0.025343295038786299
5333,0.7265625,0.2734375,-0.17740095758686369,-0.34747951761547041,-0.1234255125482754,-0.38167858182825093
5334,0.7109375,0.2890625,-0.3647211464360896,-0.25647524646922304,-0.3335010981468472,-0.31576040558811502
5335,0.7109375,0.2734375,-0.341178599333195,-0.23993396084183832,-0.31168565414678323,-0.29510486741783409
5336,0.7265625,0.2890625,-0.18964414356082684,-0.37135447080600331,-0.13206400162787565,-0.40839210563016087
5337,0.7265625,0.2265625,-0.1389206373033188,-0.27181746411840541,-0.096031555507227834,-0.29694968021357304
5338,0.7109375,0.2109375,-0.24141638941216043,-0.16933632090447079,-0.21878760139546163,-0.20713598872698699
5339,0.7265625,0.2109375,-0.12586205305976922,-0.24586963148802227,-0.086646180615179522,-0.26791414566624994
5340,0.7109375,0.2265625,-0.26680604149107462,-0.18740107636533143,-0.24249615871149827,-0.22958845255781199
5341,0.7734375,0.2734375,0.25099406202572105,-0.17178229032864029,0.2893444361645614,-0.11685515975464017
5342,0.7890625,0.2890625,0.29141643056488081,-0.036924532245728121,0.29919444835708625,0.034867503501747207
5343,0.7890625,0.2734375,0.27295276723798112,-0.034580032487961869,0.27962868270472785,0.03258583449984595
5344,0.7734375,0.2890625,0.2680287154427467,-0.18344906703985975,0.30959184890716096,-0.12503096916497475
5345,0.7734375,0.7734375,0.19688174618905754,-0.13513216194160599,0.22512258503824581,-0.090929061933449642
5346,0.7890625,0.7890625,0.19445948943085331,-0.02517852438605727,0.19630617082742838,0.022859148505861661
5347,0.7890625,0.7734375,0.2144929335043127,-0.027479039563689238,0.21757194148529144,0.025343295038798737
5348,0.7734375,0.7890625,0.17827329133790229,-0.12269067684324775,0.20311377185100607,-0.082046630284491134
5349,0.7265625,0.7265625,-0.17740095758686003,-0.34747951761547397,-0.12342551254827407,-0.38167858182825348
5350,0.7109375,0.7109375,-0.36472114643608849,-0.25647524646922948,-0.33350109814684814,-0.31576040558811536
5351,0.7265625,0.7109375,-0.18964414356082332,-0.37135447080600859,-0.13206400162787649,-0.40839210563016154
5352,0.7109375,0.7265625,-0.34117859933319339,-0.23993396084184326,-0.31168565414678512,-0.29510486741783598
5353,0.7734375,0.7265625,0.25099406202572683,-0.1717822903286369,0.2893444361645694,-0.11685515975463986
5354,0.7890625,0.7109375,0.29141643056488603,-0.036924532245723743,0.29919444835708714,0.034867503501746243
5355,0.7890625,0.7265625,0.27295276723798534,-0.034580032487956706,0.27962868270473457,0.032585834499847206
5356,0.7734375,0.7109375,0.26802871544275336,-0.18344906703985753,0.30959184890716418,-0.12503096916497594
5357,0.7265625,0.7734375,-0.13892063730331711,-0.2718174641184043,-0.096031555507221436,-0.29694968021357976
5358,0.7109375,0.7890625,-0.24141638941216034,-0.16933632090447007,-0.21878760139546066,-0.20713598872699532
5359,0.7265625,0.7890625,-0.12586205305976875,-0.24586963148802063,-0.086646180615172888,-0.26791414566625615
5360,0.7109375,0.7734375,-0.26680604149107362,-0.18740107636533154,-0.2424961587114971,-0.22958845255781971
5361,0.2265625,0.7734375,0.1369638964253527,0.19301800178830836,0.13840270816692321,0.19947952758783433
5362,0.2109375,0.7890625,0.17265975703130124,0.084670440291887805,0.17672085331111045,0.088434835066407522
5363,0.2109375,0.7734375,0.19139425348365496,0.093867749932563166,0.19588126119483196,0.098023640958973396
5364,0.2265625,0.7890625,0.12355845682640094,0.17414429497453432,0.12486463302231164,0.1799669972381697
5365,0.2734375,0.7265625,-0.29949779082420702,0.25032851947765927,-0.31273783993955079,0.25127116980769526
5366,0.2890625,0.7109375,-0.43803445622090997,0.087497136384749749,-0.45215834005710204,0.080737324543037239
5367,0.2734375,0.7109375,-0.32046459730629873,0.26778470805998,-0.33463218260561201,0.26886147750778067
5368,0.2890625,0.7265625,-0.40936709842831392,0.081828972605385006,-0.42257427979578605,0.075455767225424145
5369,0.2265625,0.7265625,0.17613097764743851,0.24808587673560434,0.17790939518263071,0.25641972444766076
5370,0.2109375,0.7109375,0.26337728078678929,0.12918831654158852,0.26942294878474549,0.13482752471511719
5371,0.2109375,0.7265625,0.24610936017686061,0.12072027186402451,0.25179451373990697,0.12600541677153373
5372,0.2265625,0.7109375,0.18849740605269361,0.26544164796780778,0.19036525219592393,0.27437164713048318
5373,0.2734375,0.7734375,-0.23299384808308984,0.19490323673452919,-0.2432928966558861,0.19547717670775902
5374,0.2890625,0.7890625,-0.28732251093078759,0.057605936122276873,-0.29658374454105102,0.052961574721236991
5375,0.2734375,0.7890625,-0.21020410271923246,0.17589448241492434,-0.21949509381216437,0.17635718557226815
5376,0.2890625,0.7734375,-0.31846467970814901,0.063799088861764205,-0.32873944949265416,0.058702808156300669
5377,0.2265625,0.0234375,0.0024801749587157456,0.0033345490696103639,0.0023191716195757671,0.0033369283610406347
5378,0.2109375,0.0390625,0.0088393411018639033,0.0042231354687931044,0.0089321090831042376,0.0044662343361391282
5379,0.2109375,0.0234375,0.0033498807678601587,0.0015184238289157569,0.0032796465085711034,0.0016375345759070614
5380,0.2265625,0.0390625,0.00641649273673363,0.0088907110101353898,0.0063130088668792708,0.0090933755597640831
5381,0.2734375,0.0234375,-0.0040104783376277752,0.0037744175691070011,-0.0040708038935588628,0.0032778244564770861
5382,0.2890625,0.0390625,-0.014796101202775965,0.0033631773033883979,-0.014990554187875029,0.0026838997818388853
5383,0.2890625,0.0234375,-0.0056648754324485759,0.0015037831711402015,-0.0055041688936723421,0.00098943056083669752
5384,0.2734375,0.0390625,-0.010675947065294861,0.0093971875848950469,-0.011091333451493787,0.0089190941534694444
5385,0.0234375,0.2265625,0.0026970917692665099,0.003454204035026537,0.0030569002139621431,0.0026812721739234583
5386,0.0390625,0.2109375,0.0028282200588062691,0.0099480182648199137,0.0033195984348228292,0.0094258501983111014
5387,0.0234375,0.2109375,0.0023938635397375632,0.0031233965308878121,0.0027573439743357698,0.0024188019581199132
5388,0.0390625,0.2265625,0.0031705247905807047,0.011000700541432019,0.0036801313360789734,0.01044775296658745
5389,0.0234375,0.2734375,0.0036221520784841489,0.0043936105223238266,0.0039317339553670396,0.0034469845270051966
5390,0.0390625,0.2890625,0.0045248630881551469,0.014969680024417554,0.0050647977894261844,0.014369098781249836
5391,0.0234375,0.2890625,0.003926113840880637,0.0046792988970749873,0.004207769861359751,0.0036882937749377893
5392,0.0390625,0.2734375,0.0041951088739057268,0.014030147331824224,0.004732765349163239,0.013429288117155916
5393,0.7734375,0.0234375,0.0069390748592479097,-0.0066221209758209167,0.0038299131668493732,-0.0015862687720813692
5394,0.7890625,0.0390625,0.015412047121647026,-0.0045352599672786702,0.010014033931598667,0.0011089950956784426
5395,0.7890625,0.0234375,0.0089516821111412896,-0.0026286350671755332,0.0037288658859435642,0.0003958701998281197
5396,0.7734375,0.0390625,0.012347290905350647,-0.011608427412664159,0.010323884829750971,-0.0042289298873683578
5397,0.7265625,0.0234375,-0.0058349744264685338,-0.0080618378256952384,-0.001659209189646323,-0.0050268020386811741
5398,0.7109375,0.0390625,-0.017425842161513348,-0.0092620709463970257,-0.011139264436913581,-0.010482498901727278
5399,0.7109375,0.0234375,-0.0090573547243624573,-0.0043887787034473172,-0.0041291249967405179,-0.0038649840393280236
5400,0.7265625,0.0390625,-0.010749626294260128,-0.0157785473519719,-0.0044458432144244267,-0.013595437288843536
5401,0.9765625,0.2265625,-0.010244222268890721,-0.054622328132361044,0.0038908370146552847,-0.0014466286681060227
5402,0.9609375,0.2109375,-0.026361959723284156,-0.044452422193179041,0.0074787640902028302,-0.0067036643679943371
5403,0.9765625,0.2109375,-0.0080892326202173861,-0.050491160139891099,0.0035314642088326601,-0.0013230977699660027
5404,0.9609375,0.2265625,-0.029760399311948509,-0.047539690496821413,0.0082776982346365584,-0.0074028657519814352
5405,0.9765625,0.2734375,-0.016972847008959211,-0.067060966600617042,0.0049326782835594904,-0.0018142413084294229
5406,0.9609375,0.2890625,-0.043696227452694407,-0.059723751711940713,0.01132960173778846,-0.010093489417306612
5407,0.9765625,0.2890625,-0.019182838123937083,-0.071147492208562021,0.0052599210049652035,-0.0019330535193364919
5408,0.9609375,0.2734375,-0.040242382244834743,-0.056716283240004842,0.010599811014798221,-0.0094468982141686451
5409,0.9765625,0.7734375,-0.010244222268887389,-0.054622328132359892,0.0038908370146553397,-0.0014466286681032567
5410,0.9609375,0.7890625,-0.026361959723280065,-0.044452422193178631,0.0074787640902036646,-0.0067036643679951637
5411,0.9765625,0.7890625,-0.008089232620214229,-0.050491160139889149,0.0035314642088335939,-0.0013230977699652615
5412,0.9609375,0.7734375,-0.029760399311944623,-0.047539690496821947,0.0082776982346374171,-0.0074028657519797153
5413,0.9765625,0.7265625,-0.016972847008956536,-0.0670609666006175,0.0049326782835592995,-0.0018142413084203549
5414,0.9609375,0.7109375,-0.043696227452692651,-0.059723751711942739,0.011329601737793311,-0.010093489417296701
5415,0.9765625,0.7109375,-0.019182838123934787,-0.071147492208562632,0.0052599210049652876,-0.0019330535193259602
5416,0.9609375,0.7265625,-0.040242382244832474,-0.056716283240006847,0.01059981101480199,-0.009446898214159994
5417,0.7734375,0.9765625,0.0069390748592484579,-0.00662212097581943,0.0038299131668491685,-0.0015862687720815639
5418,0.7890625,0.9609375,0.015412047121648115,-0.0045352599672776337,0.010014033931598314,0.0011089950956771398
5419,0.7890625,0.9765625,0.0089516821111417198,-0.0026286350671741688,0.00372886588594386,0.0003958701998272776
5420,0.7734375,0.9609375,0.012347290905351881,-0.011608427412663033,0.010323884829750598,-0.0042289298873686935
5421,0.7265625,0.9765625,-0.0058349744264679666,-0.0080618378256936112,-0.0016592091896477199,-0.0050268020386787663
5422,0.7109375,0.9609375,-0.017425842161512207,-0.0092620709463957628,-0.011139264436913356,-0.010482498901723435
5423,0.7109375,0.9765625,-0.0090573547243619594,-0.004388778703445729,-0.0041291249967425224,-0.0038649840393244241
5424,0.7265625,0.9609375,-0.010749626294258883,-0.015778547351970578,-0.0044458432144241708,-0.013595437288840986
5425,0.0234375,0.7734375,0.0026970917692660614,0.0034542040350244211,0.0030569002139590358,0.0026812721739254714
5426,0.0390625,0.7890625,0.0028282200588051307,0.0099480182648177175,0.0033195984348176094,0.0094258501983138232
5427,0.0234375,0.7890625,0.0023938635397375081,0.0031233965308854915,0.0027573439743314027,0.0024188019581204341
5428,0.0390625,0.7734375,0.0031705247905792471,0.011000700541430203,0.0036801313360758561,0.010447752966591164
5429,0.0234375,0.7265625,0.003622152078483079,0.0043936105223227337,0.0039317339553703078,0.003446984527007957
5430,0.0390625,0.7109375,0.004524863088153727,0.014969680024417439,0.005064797789432229,0.014369098781249617
5431,0.0234375,0.7109375,0.0039261138408795753,0.004679298897074251,0.0042077698613650922,0.0036882937749398346
5432,0.0390625,0.7265625,0.0041951088739041126,0.014030147331823728,0.0047327653491674232,0.013429288117157474
5433,0.2265625,0.9765625,0.0024801749587178862,0.0033345490696113245,0.0023191716195669937,0.0033369283610495191
5434,0.2109375,0.9609375,0.0088393411018663128,0.00422313546879382,0.0089321090830961451,0.0044662343361499572
5435,0.2109375,0.9765625,0.0033498807678619727,0.0015184238289171592,0.0032796465085607267,0.0016375345759133389
5436,0.2265625,0.9609375,0.0064164927367362,0.0088907110101355252,0.0063130088668741967,0.0090933755597769513
5437,0.2734375,0.9765625,-0.0040104783376259581,0.0037744175691062222,-0.0040708038935601794,0.0032778244564883492
5438,0.2890625,0.9609375,-0.014796101202775108,0.0033631773033864737,-0.014990554187868824,0.0026838997818485048
5439,0.2890625,0.9765625,-0.0056648754324471508,0.0015037831711389954,-0.0055041688936713256,0.00098943056084718891
5440,0.2734375,0.9609375,-0.010675947065293361,0.009397187584893418,-0.01109133345148963,0.0089190941534810358
5441,0.4765625,0.2734375,-0.53637543031841328,0.30049296348799831,-0.56703531567362397,0.28019149809070076
5442,0.4609375,0.2890625,-0.34854623981323984,0.55216794261272717,-0.385661799356737,0.54967841832390252
5443,0.4765625,0.2890625,-0.57384986676130845,0.32141882597056448,-0.6067316033101704,0.29980585881479738
5444,0.4609375,0.2734375,-0.32578243703243998,0.51615820785060307,-0.36042928448750711,0.5137153401701624
5445,0.5234375,0.2734375,-0.3428857768869028,-0.51063758021374694,-0.31952998035358349,-0.54583086764680844
5446,0.5390625,0.2890625,-0.062475786722295361,-0.64982400307978683,-0.019862604970455278,-0.67117439845745686
5447,0.5234375,0.2890625,-0.36682924580784643,-0.54627824112879608,-0.34189902951208123,-0.58404256829668244
5448,0.5390625,0.2734375,-0.058387500630015625,-0.60747420651713135,-0.018562915952009991,-0.62726277801598451
5449,0.4765625,0.2265625,-0.41756179112227093,0.23413949265669229,-0.44112682193522462,0.2179788212443857
5450,0.4609375,0.2109375,-0.2288188015204736,0.36288343938273854,-0.25297000494284111,0.36055941962757687
5451,0.4765625,0.2109375,-0.37685901269015576,0.21142272879915364,-0.39798003294668655,0.1966598508921093
5452,0.4609375,0.2265625,-0.25357237664428284,0.40198453448967331,-0.2803962828805156,0.39964809284169961
5453,0.5234375,0.2265625,-0.26709346129032396,-0.39768402153701515,-0.24858191303146596,-0.42463234798356364
5454,0.5390625,0.2109375,-0.041202331927718307,-0.427321027426597,-0.013031383220791018,-0.44025831778927232
5455,0.5234375,0.2109375,-0.24118131764319317,-0.35899466285329251,-0.22427002214678701,-0.38309981933308002
5456,0.5390625,0.2265625,-0.045546890037242382,-0.47327325171178647,-0.01444250938655319,-0.48798576070526539
5457,0.2734375,0.4765625,-0.47225978474197983,0.39377689940226057,-0.49306237528735736,0.39614220541409345
5458,0.2890625,0.4609375,-0.64064491989414363,0.1272718552247204,-0.66102821909131915,0.11802169366229492
5459,0.2890625,0.4765625,-0.64570481789863543,0.12825826761993769,-0.66623482475210327,0.11895098477773436
5460,0.2734375,0.4609375,-0.46856269406751455,0.39071938163506786,-0.48920918926863505,0.39304675704766345
5461,0.2734375,0.5234375,-0.47225978474197761,0.39377689940226168,-0.49306237528735442,0.39614220541408912
5462,0.2890625,0.5390625,-0.64064491989413919,0.12727185522472048,-0.66102821909132048,0.11802169366228722
5463,0.2890625,0.5234375,-0.6457048178986321,0.12825826761993764,-0.66623482475210749,0.11895098477773054
5464,0.2734375,0.5390625,-0.46856269406751161,0.39071938163506925,-0.48920918926863233,0.39304675704765824
5465,0.2265625,0.4765625,0.27830012470006454,0.39087619057340528,0.28050260862386417,0.40427271382880792
5466,0.2109375,0.4609375,0.38562077827165908,0.18896317168839466,0.39388697098053499,0.19711367480042699
5467,0.2109375,0.4765625,0.38867577904391221,0.19045351348401121,0.39698959023977232,0.19866630968045812
5468,0.2265625,0.4609375,0.27610993283882224,0.38782861666466723,0.2783103054248629,0.40111345241524288
5469,0.2265625,0.5234375,0.27830012470006371,0.39087619057340706,0.280502608623872,0.40427271382880747
5470,0.2109375,0.5390625,0.38562077827165808,0.18896317168839702,0.39388697098054898,0.19711367480043185
5471,0.2109375,0.5234375,0.38867577904391121,0.19045351348401277,0.3969895902397807,0.19866630968046037
5472,0.2265625,0.5390625,0.27610993283882102,0.38782861666466995,0.27831030542487445,0.40111345241524138
5473,0.7265625,0.4765625,-0.27914089333495473,-0.54551233219600792,-0.19458626849584668,-0.60171877885438063
5474,0.7109375,0.4609375,-0.53193550392148015,-0.37413157009956749,-0.48753633788614559,-0.46160677870175904
5475,0.7109375,0.4765625,-0.53611369259448383,-0.37710451443792065,-0.49137608020390583,-0.46524299470254959
5476,0.7265625,0.4609375,-0.27696287793413699,-0.54123237746895858,-0.19306570531891634,-0.59701616593879658
5477,0.7265625,0.5234375,-0.27914089333495545,-0.54551233219600703,-0.19458626849584121,-0.60171877885437863
5478,0.7109375,0.5390625,-0.53193550392148192,-0.37413157009956621,-0.48753633788613898,-0.46160677870175582
5479,0.7109375,0.5234375,-0.53611369259448471,-0.37710451443791992,-0.49137608020389956,-0.46524299470254582
5480,0.7265625,0.5390625,-0.27696287793413843,-0.54123237746895758,-0.19306570531890793,-0.59701616593879026
5481,0.7734375,0.4765625,0.3920288576543165,-0.2690873499994153,0.45611818284259886,-0.18421182400851499
5482,0.7890625,0.4609375,0.42303243948429098,-0.054005943221927151,0.4373528215575424,0.050968902374310142
5483,0.7890625,0.4765625,0.42635445043913861,-0.054421713152257779,0.44079730761276392,0.05137046614619447
5484,0.7734375,0.4609375,0.38897925062246991,-0.26699131350090505,0.45255402407248635,-0.18277230284880402
5485,0.7734375,0.5234375,0.39202885765431517,-0.26908734999941503,0.45611818284260464,-0.1842118240085085
5486,0.7890625,0.5390625,0.42303243948428937,-0.05400594322192722,0.4373528215575474,0.050968902374319454
5487,0.7890625,0.5234375,0.42635445043913728,-0.0544217131522578,0.44079730761276853,0.051370466146200881
5488,0.7734375,0.5390625,0.3889792506224683,-0.26699131350090471,0.45255402407249523,-0.18277230284879428
5489,0.5234375,0.7265625,-0.34288577688690342,-0.51063758021374572,-0.3195299803535831,-0.54583086764681532
5490,0.5390625,0.7109375,-0.062475786722293231,-0.64982400307978516,-0.019862604970453439,-0.67117439845745863
5491,0.5234375,0.7109375,-0.36682924580784593,-0.54627824112879475,-0.34189902951208773,-0.58404256829669543
5492,0.5390625,0.7265625,-0.058387500630014487,-0.60747420651712958,-0.018562915952005488,-0.62726277801598729
5493,0.4765625,0.7265625,-0.53637543031841683,0.30049296348799814,-0.56703531567363019,0.28019149809067756
5494,0.4609375,0.7109375,-0.34854623981324462,0.55216794261272828,-0.38566179935674039,0.54967841832387143
5495,0.4765625,0.7109375,-0.57384986676131311,0.32141882597056548,-0.60673160331017717,0.29980585881476934
5496,0.4609375,0.7265625,-0.32578243703244403,0.51615820785060273,-0.36042928448750533,0.51371534017013487
5497,0.5234375,0.7734375,-0.26709346129032652,-0.39768402153701454,-0.24858191303146401,-0.42463234798355859
5498,0.5390625,0.7890625,-0.041202331927719493,-0.42732102742659556,-0.013031383220790789,-0.44025831778926322
5499,0.5234375,0.7890625,-0.24118131764319528,-0.3589946628532919,-0.22427002214678643,-0.38309981933307291
5500,0.5390625,0.7734375,-0.045546890037243389,-0.47327325171178475,-0.014442509386550225,-0.48798576070525629
5501,0.4765625,0.7734375,-0.41756179112227387,0.23413949265668985,-0.44112682193521674,0.21797882124438425
5502,0.4609375,0.7890625,-0.22881880152047571,0.36288343938273543,-0.25297000494283045,0.36055941962758459
5503,0.4765625,0.7890625,-0.37685901269015859,0.21142272879915111,-0.39798003294668105,0.19665985089211471
5504,0.4609375,0.7734375,-0.25357237664428556,0.40198453448967036,-0.280396282880504,0.39964809284169983
5505,0.1015625,0.1015625,-0.017089280270653578,-0.0019456867627916843,-0.017734423840727456,-0.0018104758764670899
5506,0.0859375,0.0859375,-0.0087193905916524445,0.0036684156861573479,-0.0090138052799510291,0.0038077327153119012
5507,0.1015625,0.0859375,-0.012641266574534528,-0.0014298182702297188,-0.013137988559847061,-0.0013407981241065825
5508,0.0859375,0.1015625,-0.011787298118113567,0.004928351240166425,-0.012167320087329542,0.0051394447821357337
5509,0.1484375,0.1484375,0.0021175585297869425,-0.064305985548866906,0.0021910386408770925,-0.065679670179985009
5510,0.1640625,0.1640625,0.044773298090495878,-0.076798173358554753,0.046339744322497968,-0.078409685296224177
5511,0.1640625,0.1484375,0.038027140438690279,-0.065260485198647009,0.039362114960904665,-0.066603342665700602
5512,0.1484375,0.1640625,0.0024881902172352861,-0.075684667943996517,0.0025793758301542037,-0.077322587468629356
5513,0.1484375,0.1015625,0.0011020454880305188,-0.0335407294247188,0.0011410315723595938,-0.034209785409101863
5514,0.1640625,0.0859375,0.014647932768378672,-0.025270654723021615,0.015187974469305487,-0.025700664233077628
5515,0.1484375,0.0859375,0.00081373416167566579,-0.024872335729953787,0.0008451040728879066,-0.025343341876027749
5516,0.1640625,0.1015625,0.019786686710105285,-0.034061599006627516,0.020501840019984053,-0.034691619202377476
5517,0.1015625,0.1484375,-0.032891135765148412,-0.0037943891940757589,-0.03404860789784598,-0.003477917511057397
5518,0.0859375,0.1640625,-0.02671622940950422,0.011013346467482666,-0.027500820709348072,0.01161411885562029
5519,0.0859375,0.1484375,-0.022683429900996175,0.0093769326307038357,-0.023359938001835848,0.009865700746876746
5520,0.1015625,0.1640625,-0.038742112310852013,-0.0044851412684005229,-0.040084390161516659,-0.004094964400908392
5521,0.8984375,0.1015625,-0.029485751734188059,0.0084023918923868488,-0.016048550899628866,-0.0080211401025509829
5522,0.9140625,0.0859375,-0.02287915362675191,-0.0028114724805722506,-0.0057147668809974994,-0.0080878471171952297
5523,0.8984375,0.0859375,-0.024216768850991548,0.0070052176903857054,-0.011929133452099085,-0.0059328753207826034
5524,0.9140625,0.1015625,-0.027531568269554791,-0.0031486026863531066,-0.0076602159250736468,-0.010902103229818208
5525,0.8515625,0.1484375,-0.0073547458610303696,0.073798294752096566,-0.033988937022002702,0.05634230372299142
5526,0.8359375,0.1640625,0.031502459397106303,0.092010504426423542,-0.0039918100950280004,0.091057758173326023
5527,0.8359375,0.1484375,0.027788464311570227,0.079520879563233698,-0.0033756513435270691,0.077370249812081515
5528,0.8515625,0.1640625,-0.0090094616881045211,0.084786493765406867,-0.040016884505318991,0.066295337078372332
5529,0.8515625,0.1015625,-0.0027546243401799521,0.043363817022493777,-0.017692735808440271,0.029427927465040866
5530,0.8359375,0.0859375,0.014485908141650877,0.035148565912485351,-0.0012469506144141553,0.029931473796632933
5531,0.8515625,0.0859375,-0.001554769534811573,0.034446446062135094,-0.013102444600423212,0.021839073005427458
5532,0.8359375,0.1015625,0.01758114221758577,0.045094001560740365,-0.0017122681957848138,0.040362599215922737
5533,0.8984375,0.1484375,-0.046984773192924455,0.012775543496345599,-0.030648337249118932,-0.015440976496606584
5534,0.9140625,0.1640625,-0.048017181822559409,-0.0045292459657663483,-0.017084154830490316,-0.024578560521826744
5535,0.9140625,0.1484375,-0.042676326562279383,-0.0042557037717414698,-0.014542250180774792,-0.020887113384843416
5536,0.8984375,0.1640625,-0.053174824882261294,0.014381818428778512,-0.036044982654670848,-0.018185846531865744
5537,0.8984375,0.8984375,-0.029485751734185665,0.0084023918923890693,-0.016048550899624033,-0.0080211401025648259
5538,0.9140625,0.9140625,-0.022879153626751379,-0.0028114724805687686,-0.0057147668809852713,-0.0080878471172037385
5539,0.9140625,0.8984375,-0.027531568269552963,-0.0031486026863497933,-0.0076602159250643747,-0.010902103229830085
5540,0.8984375,0.9140625,-0.024216768850990281,0.0070052176903884003,-0.011929133452090509,-0.0059328753207937386
5541,0.8515625,0.8515625,-0.0073547458610300695,0.073798294752093166,-0.033988937022019404,0.056342303722992725
5542,0.8359375,0.8359375,0.031502459397104207,0.092010504426420614,-0.0039918100950417802,0.091057758173336653
5543,0.8515625,0.8359375,-0.0090094616881053208,0.084786493765403273,-0.040016884505335353,0.066295337078377425
5544,0.8359375,0.8515625,0.027788464311569273,0.079520879563230534,-0.0033756513435420615,0.077370249812088246
5545,0.8984375,0.8515625,-0.046984773192920368,0.012775543496344521,-0.030648337249126877,-0.015440976496619652
5546,0.9140625,0.8359375,-0.048017181822554766,-0.0045292459657672616,-0.017084154830495961,-0.024578560521838985
5547,0.9140625,0.8515625,-0.042676326562274852,-0.0042557037717410257,-0.014542250180777505,-0.020887113384857436
5548,0.8984375,0.8359375,-0.053174824882257506,0.014381818428776179,-0.036044982654681361,-0.018185846531876316
5549,0.8515625,0.8984375,-0.002754624340177965,0.043363817022492736,-0.017692735808448243,0.02942792746503194
5550,0.8359375,0.9140625,0.014485908141652544,0.035148565912484594,-0.0012469506144199046,0.029931473796626081
5551,0.8515625,0.9140625,-0.0015547695348097487,0.034446446062134956,-0.013102444600426928,0.021839073005417931
5552,0.8359375,0.8984375,0.017581142217587279,0.0450940015607387,-0.0017122681957942403,0.04036259921591738
5553,0.1015625,0.8984375,-0.017089280270654133,-0.0019456867627920579,-0.017734423840741011,-0.0018104758764787069
5554,0.0859375,0.9140625,-0.0087193905916526059,0.0036684156861569559,-0.0090138052799560737,0.0038077327152934359
5555,0.0859375,0.8984375,-0.011787298118113921,0.0049283512401655811,-0.012167320087338887,0.0051394447821199495
5556,0.1015625,0.9140625,-0.012641266574534854,-0.0014298182702296937,-0.01313798855985712,-0.0013407981241217992
5557,0.1484375,0.8515625,0.0021175585297863344,-0.06430598554886631,0.0021910386408734916,-0.065679670179970839
5558,0.1640625,0.8359375,0.044773298090495947,-0.07679817335855392,0.046339744322504463,-0.078409685296211479
5559,0.1484375,0.8359375,0.0024881902172346434,-0.075684667943995546,0.0025793758301548967,-0.077322587468614798
5560,0.1640625,0.8515625,0.0380271404386903,-0.065260485198646564,0.039362114960907045,-0.066603342665686557
5561,0.1015625,0.8515625,-0.032891135765150258,-0.0037943891940764737,-0.03404860789786076,-0.003477917511053264
5562,0.0859375,0.8359375,-0.026716229409506336,0.011013346467481377,-0.027500820709361114,0.01161411885562446
5563,0.0859375,0.8515625,-0.022683429900997813,0.0093769326307023559,-0.023359938001850458,0.0098657007468760851
5564,0.1015625,0.8359375,-0.038742112310854254,-0.0044851412684009618,-0.040084390161528698,-0.0040949644008998198
5565,0.1484375,0.8984375,0.001102045488030902,-0.033540729424718412,0.0011410315723463689,-0.034209785409095361
5566,0.1640625,0.9140625,0.014647932768379961,-0.025270654723021129,0.015187974469294348,-0.025700664233069132
5567,0.1484375,0.9140625,0.00081373416167632411,-0.02487233572995308,0.00084510407287377522,-0.02534334187602481
5568,0.1640625,0.8984375,0.019786686710106263,-0.034061599006627336,0.020501840019975293,-0.03469161920236636
5569,0.3984375,0.3984375,0.81776215973163802,0.12062127988467561,0.83585593528005742,0.1541636374663358
5570,0.4140625,0.4140625,0.69459762190497643,0.52103866562146439,0.69243925500829473,0.56276085791038299
5571,0.4140625,0.3984375,0.67789583757410399,0.50851468839815306,0.67581593038742749,0.54925057746814343
5572,0.3984375,0.4140625,0.8378921296377837,0.1236328888569633,0.85641550723651927,0.15795637548364372
5573,0.3515625,0.3515625,0.14951369675749471,-0.66015231612930414,0.17405596769602791,-0.67339376215588997
5574,0.3359375,0.3359375,-0.16839080849348667,-0.59792084777972854,-0.15603625879645969,-0.61844095332746563
5575,0.3515625,0.3359375,0.14320309679796459,-0.63223950703097576,0.16667961715468924,-0.6448545874749676
5576,0.3359375,0.3515625,-0.17587841339245611,-0.62434645039387116,-0.16294271552773823,-0.64581166677789081
5577,0.3984375,0.3515625,0.73971510771695215,0.10895585010398133,0.75611537203716306,0.13945364260699356
5578,0.4140625,0.3359375,0.58716045522686711,0.44042294485543831,0.58543229299536226,0.47579233401852733
5579,0.4140625,0.3515625,0.61316024816784997,0.45993961433463115,0.611342482873522,0.49685059956944011
5580,0.3984375,0.3359375,0.70836045414484095,0.10427806475662039,0.724069580283772,0.13354220130706398
5581,0.3515625,0.3984375,0.16518681030522855,-0.72957741278676236,0.19241017156727658,-0.74440801878998419
5582,0.3359375,0.4140625,-0.19937781106966468,-0.70702558972018548,-0.18456015965739861,-0.73147855056537969
5583,0.3515625,0.4140625,0.16921946768043863,-0.74747019321990693,0.19714228432521491,-0.76271751742196636
5584,0.3359375,0.3984375,-0.19455163728686098,-0.69008187774637952,-0.18012887222533674,-0.71391860545557173
5585,0.6015625,0.3984375,0.78403412981542397,0.25529884480506237,0.78291576959032505,0.33075157054613036
5586,0.5859375,0.4140625,0.85123116452387448,-0.15476176452268942,0.88775357162738922,-0.089341193379444447
5587,0.5859375,0.3984375,0.83084549616761594,-0.15112574408151813,0.8664427206046833,-0.087197644829617851
5588,0.6015625,0.4140625,0.80327933057339795,0.26163703499330193,0.8021723125118293,0.33888798547046911
5589,0.6484375,0.3515625,-0.14858426461879845,0.65768389368126912,-0.22466118837398755,0.65818463144426287
5590,0.6640625,0.3359375,-0.40472085911140143,0.46690128857913132,-0.47016584132003175,0.43091216915498831
5591,0.6484375,0.3359375,-0.14237633004963796,0.62994325886390778,-0.21514110400322842,0.63029114054632618
5592,0.6640625,0.3515625,-0.42248087450676464,0.4874358568289367,-0.49097181226687958,0.44998173988799173
5593,0.6015625,0.3515625,0.70938575949396165,0.23082208159367221,0.70822855802830764,0.2991959813472746
5594,0.5859375,0.3359375,0.71999985540801537,-0.13119722702336742,0.75057071030458677,-0.075540091152351066
5595,0.5859375,0.3515625,0.75177223172851715,-0.13693139565397067,0.78378779139317112,-0.078882321479670933
5596,0.6015625,0.3359375,0.6793944693770041,0.22102379689550464,0.67821356286603984,0.28651514562949076
5597,0.6484375,0.3984375,-0.16405024216764422,0.72677920360893833,-0.24835054432423262,0.72759371962553043
5598,0.6640625,0.4140625,-0.47813748861267419,0.55173475215845647,-0.55609318264781937,0.50966767536913282
5599,0.6484375,0.4140625,-0.1680472228076666,0.74460646952561216,-0.25445850756314486,0.74548962625786797
5600,0.6640625,0.3984375,-0.46671842125144841,0.53855545877996303,-0.54274446224207074,0.49743330066428648
5601,0.6015625,0.6015625,0.78403412981542753,0.25529884480506559,0.78291576959031561,0.33075157054611048
5602,0.5859375,0.5859375,0.85123116452387937,-0.15476176452268686,0.88775357162737711,-0.089341193379454426
5603,0.6015625,0.5859375,0.8032793305734014,0.26163703499330543,0.80217231251181831,0.33888798547045101
5604,0.5859375,0.6015625,0.83084549616762127,-0.1511257440815155,0.86644272060467653,-0.087197644829630369
5605,0.6484375,0.6484375,-0.14858426461880495,0.6576838936812669,-0.22466118837398455,0.65818463144424
5606,0.6640625,0.6640625,-0.40472085911140881,0.46690128857912666,-0.47016584132003164,0.43091216915497299
5607,0.6640625,0.6484375,-0.42248087450677246,0.48743585682893242,-0.49097181226688075,0.44998173988797135
5608,0.6484375,0.6640625,-0.14237633004964431,0.6299432588639049,-0.21514110400322634,0.63029114054630953
5609,0.6484375,0.6015625,-0.16405024216764899,0.72677920360894066,-0.24835054432423159,0.72759371962550479
5610,0.6640625,0.5859375,-0.4781374886126793,0.5517347521584588,-0.55609318264781527,0.50966767536911939
5611,0.6484375,0.5859375,-0.16804722280766995,0.74460646952561516,-0.25445850756314481,0.74548962625785287
5612,0.6640625,0.6015625,-0.4667184212514548,0.53855545877996414,-0.54274446224206208,0.49743330066426295
5613,0.6015625,0.6484375,0.70938575949396376,0.2308220815936734,0.70822855802831075,0.29919598134726338
5614,0.5859375,0.6640625,0.71999985540801992,-0.1311972270233662,0.7505707103045941,-0.075540091152352634
5615,0.5859375,0.6484375,0.75177223172852181,-0.13693139565396914,0.78378779139316657,-0.078882321479675735
5616,0.6015625,0.6640625,0.67939446937700598,0.2210237968955055,0.67821356286605239,0.28651514562948632
5617,0.3984375,0.6015625,0.81776215973163902,0.12062127988467491,0.8358559352800633,0.15416363746632963
5618,0.4140625,0.5859375,0.69459762190497532,0.52103866562146384,0.69243925500830716,0.56276085791038122
5619,0.3984375,0.5859375,0.83789212963778548,0.12363288885696139,0.85641550723652615,0.15795637548363861
5620,0.4140625,0.6015625,0.6778958375741021,0.50851468839815361,0.67581593038743837,0.54925057746814188
5621,0.3515625,0.6484375,0.14951369675749623,-0.66015231612930469,0.17405596769602091,-0.6733937621558953
5622,0.3359375,0.6640625,-0.1683908084934857,-0.59792084777972876,-0.15603625879645996,-0.61844095332746807
5623,0.3359375,0.6484375,-0.1758784133924545,-0.62434645039387238,-0.16294271552774042,-0.6458116667778967
5624,0.3515625,0.6640625,0.14320309679796561,-0.63223950703097531,0.16667961715468627,-0.6448545874749726
5625,0.3515625,0.6015625,0.16518681030523483,-0.72957741278676702,0.19241017156726103,-0.74440801878999419
5626,0.3359375,0.5859375,-0.19937781106965699,-0.70702558972019003,-0.18456015965741271,-0.73147855056539302
5627,0.3515625,0.5859375,0.16921946768044649,-0.74747019321991182,0.19714228432520012,-0.76271751742197103
5628,0.3359375,0.6015625,-0.19455163728685484,-0.69008187774638385,-0.18012887222535126,-0.71391860545559216
5629,0.3984375,0.6484375,0.73971510771694993,0.10895585010398449,0.75611537203715806,0.1394536426069799
5630,0.4140625,0.6640625,0.587160455226863,0.44042294485544287,0.58543229299536537,0.47579233401851073
5631,0.4140625,0.6484375,0.61316024816784642,0.45993961433463532,0.61134248287352766,0.49685059956943145
5632,0.3984375,0.6640625,0.70836045414483839,0.10427806475662407,0.72406958028376811,0.1335422013070475
5633,0.3984375,0.1015625,0.11938804209090149,0.016877158683789899,0.1210689030382525,0.022316300009379307
5634,0.4140625,0.0859375,0.074047653788112747,0.054643768737225019,0.072529569816896927,0.058928680811494112
5635,0.3984375,0.0859375,0.088764830213767215,0.012287742161635262,0.089695684157685723,0.016528725814460615
5636,0.4140625,0.1015625,0.099379017534874464,0.073771719664012511,0.097894868950956795,0.079545632527268567
5637,0.3515625,0.1484375,0.04588215548369922,-0.20364854793835491,0.05349933697345944,-0.20699287762491086
5638,0.3359375,0.1640625,-0.063760886632426642,-0.22633597338643083,-0.058964369519086832,-0.2336977319747178
5639,0.3359375,0.1484375,-0.054248916027191389,-0.19236226923523828,-0.050087275929152145,-0.19850996164227128
5640,0.3515625,0.1640625,0.054076580114350681,-0.23955119977128311,0.062984021952576727,-0.24368315152721698
5641,0.3515625,0.1015625,0.023678175989320129,-0.10660909740261028,0.027861970130622818,-0.10782214448678416
5642,0.3359375,0.0859375,-0.021370538337800154,-0.074624713277419777,-0.019334272693306592,-0.07660309905794245
5643,0.3515625,0.0859375,0.01741383805877238,-0.079256790999926843,0.02063857837278265,-0.079881089648026621
5644,0.3359375,0.1015625,-0.028592608511313695,-0.10051621570884797,-0.026094112444636827,-0.10340006200262615
5645,0.3984375,0.1484375,0.22803106194680839,0.033110582146609169,0.23242103368085171,0.042857307782436335
5646,0.4140625,0.1640625,0.2225104128809966,0.16660553729657868,0.22123130667702126,0.17979161669010696
5647,0.4140625,0.1484375,0.18924753923085852,0.14156149372137489,0.18792327980291579,0.15271988856326224
5648,0.3984375,0.1640625,0.26822703121746821,0.039085031703398693,0.27361796696106827,0.050456365904555669
5649,0.6015625,0.1015625,0.11745633016398635,0.036112243327179508,0.11345064411549816,0.047889050402912449
5650,0.5859375,0.0859375,0.092029593744077293,-0.019020645733660968,0.093009668667767262,-0.0093990609639989803
5651,0.6015625,0.0859375,0.088127832044794491,0.026364045421899823,0.084065115366521226,0.03547151622727826
5652,0.5859375,0.1015625,0.12321081947308249,-0.024520146381515319,0.12553199158362016,-0.012669278665046114
5653,0.6484375,0.1484375,-0.045296749826003596,0.20644468597491233,-0.069052831212687807,0.20237722491595445
5654,0.6640625,0.1640625,-0.15456545577116024,0.18023395343208673,-0.17769507710225357,0.16289091762100755
5655,0.6640625,0.1484375,-0.13148700222514123,0.15416447872160419,-0.15094285968320709,0.13838071389225168
5656,0.6484375,0.1640625,-0.053658952920623261,0.24187990505689219,-0.081297991812129544,0.23823316727919583
5657,0.6484375,0.1015625,-0.022550101824711094,0.11035160811002973,-0.035952347768403045,0.105456273509674
5658,0.6640625,0.0859375,-0.051162379281985616,0.063377059439372357,-0.058254029452002566,0.053458477226452264
5659,0.6484375,0.0859375,-0.016174498411167672,0.083111446936598568,-0.0266267973196379,0.078146432476632555
5660,0.6640625,0.1015625,-0.068848508191421381,0.083469099932002869,-0.078629001907393761,0.072127823414829068
5661,0.6015625,0.1484375,0.22115405417567371,0.070708207891178779,0.21774198088747865,0.091962517459409115
5662,0.5859375,0.1640625,0.27432070189640129,-0.051024649537846134,0.28366083143963544,-0.028566591641944455
5663,0.5859375,0.1484375,0.23356924978081359,-0.043851000683474924,0.24095799488657285,-0.024273137522562216
5664,0.6015625,0.1640625,0.25945470393057279,0.083442568299132117,0.25632558619346851,0.10826729390742876
5665,0.1015625,0.3984375,-0.11923973630573745,-0.014139685475489668,-0.12246462302649264,-0.012521973388703594
5666,0.0859375,0.4140625,-0.084282569742518326,0.033599158446767863,-0.086083830943242234,0.036337367494912357
5667,0.0859375,0.3984375,-0.082223109256651258,0.032819740176811413,-0.084016879036499251,0.035465576250878088
5668,0.1015625,0.4140625,-0.12221739406751743,-0.014495017635521299,-0.12547746792420805,-0.012830283772844758
5669,0.1484375,0.3515625,0.006533138605479237,-0.20848494240456961,0.0071208377647713431,-0.21367565141046269
5670,0.1640625,0.3359375,0.11844730487616401,-0.20249270721047741,0.12262886742569054,-0.20749250817896694
5671,0.1484375,0.3359375,0.0062789646739608495,-0.19970191758278696,0.0068195836280581252,-0.20462019646320118
5672,0.1640625,0.3515625,0.12369177592098995,-0.21139277714169719,0.12805596428436,-0.21667486252119145
5673,0.1015625,0.3515625,-0.10771686310943288,-0.012757017356325897,-0.11077959016392443,-0.011326216159290348
5674,0.0859375,0.3359375,-0.071070831195747711,0.028564424615612302,-0.072778958316031844,0.03072502961929292
5675,0.0859375,0.3515625,-0.074260159702282572,0.029787876252406833,-0.076000447802360802,0.032084087291225805
5676,0.1015625,0.3359375,-0.10309771840729488,-0.012200800191218584,-0.10608380750160533,-0.010845705265497425
5677,0.1484375,0.3984375,0.0071632198580219237,-0.23030721283977579,0.0078702981396959869,-0.23620807738371222
5678,0.1640625,0.4140625,0.14012484823388133,-0.23919979466224245,0.14504223662531965,-0.24541380712539804
5679,0.1484375,0.4140625,0.0073256499830197993,-0.23592492611934318,0.0080635006140657266,-0.24201748035186835
5680,0.1640625,0.3984375,0.13675371405897924,-0.23350670215123592,0.14156037916027087,-0.23952301097122006
5681,0.1015625,0.6015625,-0.11923973630573648,-0.014139685475489397,-0.12246462302650045,-0.012521973388705972
5682,0.0859375,0.5859375,-0.084282569742517383,0.033599158446768758,-0.086083830943247286,0.036337367494907943
5683,0.0859375,0.6015625,-0.082223109256650273,0.0328197401768121,-0.084016879036503914,0.035465576250872197
5684,0.1015625,0.5859375,-0.12221739406751654,-0.014495017635520798,-0.12547746792421544,-0.012830283772845745
5685,0.1484375,0.6484375,0.006533138605480244,-0.20848494240457133,0.0071208377647602409,-0.21367565141045927
5686,0.1640625,0.6640625,0.11844730487616478,-0.20249270721047927,0.12262886742568213,-0.20749250817896528
5687,0.1484375,0.6640625,0.006278964673962043,-0.19970191758278832,0.0068195836280487672,-0.20462019646320206
5688,0.1640625,0.6484375,0.12369177592099033,-0.21139277714169913,0.12805596428435048,-0.21667486252118523
5689,0.1015625,0.6484375,-0.10771686310943192,-0.012757017356325789,-0.11077959016393067,-0.011326216159298649
5690,0.0859375,0.6640625,-0.07107083119574728,0.028564424615613093,-0.072778958316032774,0.030725029619282168
5691,0.0859375,0.6484375,-0.074260159702281836,0.029787876252407353,-0.076000447802362703,0.032084087291215563
5692,0.1015625,0.6640625,-0.10309771840729405,-0.012200800191218105,-0.10608380750161002,-0.010845705265507313
5693,0.1484375,0.6015625,0.0071632198580224155,-0.2303072128397767,0.007870298139687348,-0.2362080773837015
5694,0.1640625,0.5859375,0.14012484823388124,-0.23919979466224217,0.14504223662531715,-0.24541380712538499
5695,0.1484375,0.5859375,0.0073256499830201705,-0.23592492611934326,0.0080635006140595579,-0.24201748035185941
5696,0.1640625,0.6015625,0.13675371405897924,-0.23350670215123653,0.1415603791602649,-0.2395230109712051
5697,0.8984375,0.3984375,-0.13631718963658887,0.042597088771054413,-0.10968019477466692,-0.05553800597076531
5698,0.9140625,0.4140625,-0.12594661305762983,-0.001749270367302376,-0.053091404328824074,-0.076689985479205469
5699,0.9140625,0.3984375,-0.12291966008310516,-0.0018558621543565625,-0.051816575373508443,-0.074851420737232
5700,0.8984375,0.4140625,-0.13957752690047415,0.043770075733230863,-0.11237663434417046,-0.056901780515788009
5701,0.8515625,0.3515625,-0.023089369954768221,0.21283309387647326,-0.11052572025441211,0.18285821021055287
5702,0.8359375,0.3359375,0.075991300203692505,0.22610158354516599,-0.010661848834740664,0.24067857140867835
5703,0.8515625,0.3359375,-0.022368315163976676,0.20410083896054543,-0.10584614844922774,0.17511257735125196
5704,0.8359375,0.3515625,0.079440005715796333,0.23577623736263909,-0.011131783639707706,0.25132521838016514
5705,0.8984375,0.3515625,-0.12393689194195269,0.038043965598888778,-0.099226454858132626,-0.050248936206539432
5706,0.9140625,0.3359375,-0.10694330485180895,-0.0026922975539947951,-0.044892731910790226,-0.064859646512075667
5707,0.9140625,0.3515625,-0.11144300666128033,-0.0024211512985246849,-0.046876312578513268,-0.067723361450035671
5708,0.8984375,0.3359375,-0.11906721754124594,0.036229636627451108,-0.095027116230610109,-0.048123257598364923
5709,0.8515625,0.3984375,-0.02488660660489167,0.23484665836079568,-0.1221705121960789,0.20213664010647495
5710,0.8359375,0.4140625,0.090355539285823683,0.26646084340152881,-0.012601308435179086,0.28465496642318905
5711,0.8515625,0.4140625,-0.025360427142905591,0.24059494450780966,-0.12517320313716807,0.20710840928108998
5712,0.8359375,0.3984375,0.08810769057122618,0.26011419514728762,-0.012300141995547466,0.27782206488130001
5713,0.8984375,0.6015625,-0.13631718963658884,0.042597088771052137,-0.10968019477466162,-0.055538005970771118
5714,0.9140625,0.5859375,-0.12594661305762792,-0.001749270367304922,-0.053091404328816726,-0.076689985479206718
5715,0.9140625,0.6015625,-0.12291966008310365,-0.0018558621543587484,-0.051816575373500401,-0.07485142073723447
5716,0.8984375,0.5859375,-0.13957752690047379,0.043770075733228095,-0.11237663434416519,-0.05690178051579186
5717,0.8515625,0.6484375,-0.023089369954770129,0.21283309387647606,-0.11052572025442217,0.18285821021053839
5718,0.8359375,0.6640625,0.075991300203692089,0.22610158354517024,-0.010661848834753757,0.24067857140866528
5719,0.8515625,0.6640625,-0.022368315163978955,0.20410083896054884,-0.10584614844923619,0.17511257735123664
5720,0.8359375,0.6484375,0.079440005715796055,0.23577623736264255,-0.011131783639723017,0.25132521838015326
5721,0.8984375,0.6484375,-0.12393689194195481,0.038043965598887911,-0.099226454858124424,-0.050248936206549008
5722,0.9140625,0.6640625,-0.10694330485181067,-0.0026922975539964513,-0.044892731910777819,-0.064859646512079441
5723,0.9140625,0.6484375,-0.1114430066612813,-0.0024211512985262067,-0.046876312578502,-0.067723361450040126
5724,0.8984375,0.6640625,-0.11906721754124888,0.036229636627450351,-0.095027116230600339,-0.048123257598374269
5725,0.8515625,0.6015625,-0.024886606604893627,0.23484665836079546,-0.12217051219608614,0.20213664010646931
5726,0.8359375,0.5859375,0.090355539285821879,0.2664608434015287,-0.012601308435186261,0.2846549664231901
5727,0.8515625,0.5859375,-0.02536042714290794,0.2405949445078088,-0.12517320313717217,0.20710840928108601
5728,0.8359375,0.6015625,0.088107690571224959,0.26011419514728812,-0.012300141995558024,0.27782206488129929
5729,0.6015625,0.8984375,0.11745633016398614,0.036112243327178307,0.11345064411550827,0.047889050402911422
5730,0.5859375,0.9140625,0.092029593744077751,-0.019020645733662411,0.093009668667778808,-0.0093990609639977209
5731,0.6015625,0.9140625,0.088127832044794824,0.026364045421898553,0.084065115366532217,0.035471516227281161
5732,0.5859375,0.8984375,0.12321081947308229,-0.024520146381516731,0.12553199158363093,-0.012669278665048677
5733,0.6484375,0.8515625,-0.045296749826004339,0.20644468597491236,-0.069052831212693205,0.20237722491594606
5734,0.6640625,0.8359375,-0.15456545577116118,0.18023395343208712,-0.17769507710226223,0.16289091762099769
5735,0.6640625,0.8515625,-0.1314870022251422,0.15416447872160413,-0.15094285968321189,0.13838071389224157
5736,0.6484375,0.8359375,-0.053658952920623899,0.24187990505689266,-0.081297991812138939,0.23823316727918861
5737,0.6484375,0.8984375,-0.022550101824711025,0.11035160811002893,-0.035952347768396675,0.10545627350967265
5738,0.6640625,0.9140625,-0.051162379281984985,0.063377059439371858,-0.058254029451995988,0.053458477226453568
5739,0.6484375,0.9140625,-0.01617449841116719,0.083111446936597888,-0.02662679731963017,0.07814643247663472
5740,0.6640625,0.8984375,-0.068848508191421173,0.083469099932002119,-0.078629001907388488,0.072127823414826597
5741,0.6015625,0.8515625,0.22115405417567305,0.070708207891179292,0.21774198088747629,0.091962517459404453
5742,0.5859375,0.8359375,0.27432070189640068,-0.051024649537844982,0.28366083143963072,-0.028566591641945843
5743,0.5859375,0.8515625,0.23356924978081245,-0.043851000683474479,0.24095799488657321,-0.024273137522567042
5744,0.6015625,0.8359375,0.25945470393057235,0.08344256829913331,0.25632558619346096,0.10826729390742704
5745,0.3984375,0.8984375,0.11938804209090316,0.016877158683791919,0.12106890303824619,0.022316300009375144
5746,0.4140625,0.9140625,0.074047653788114051,0.054643768737227601,0.072529569816893208,0.058928680811488394
5747,0.3984375,0.9140625,0.088764830213768159,0.012287742161637465,0.089695684157683406,0.016528725814454446
5748,0.4140625,0.8984375,0.099379017534876588,0.073771719664014759,0.097894868950949412,0.079545632527265278
5749,0.3515625,0.8515625,0.04588215548369904,-0.20364854793835377,0.053499336973445784,-0.20699287762491306
5750,0.3359375,0.8359375,-0.063760886632427752,-0.22633597338642925,-0.05896436951910454,-0.23369773197472091
5751,0.3359375,0.8515625,-0.054248916027192902,-0.19236226923523719,-0.05008727592916655,-0.19850996164227974
5752,0.3515625,0.8359375,0.054076580114350917,-0.23955119977128186,0.06298402195256203,-0.2436831515272129
5753,0.3515625,0.8984375,0.023678175989319008,-0.10660909740261026,0.027861970130622152,-0.10782214448679492
5754,0.3359375,0.9140625,-0.02137053833780201,-0.074624713277420845,-0.019334272693299917,-0.076603099057951651
5755,0.3515625,0.9140625,0.017413838058771121,-0.079256790999927107,0.020638578372786549,-0.079881089648036016
5756,0.3359375,0.8984375,-0.028592608511315711,-0.10051621570884864,-0.02609411244463453,-0.1034000620026379
5757,0.3984375,0.8515625,0.22803106194681141,0.033110582146609703,0.23242103368084407,0.042857307782447583
5758,0.4140625,0.8359375,0.22251041288099954,0.1666055372965782,0.22123130667701954,0.17979161669012383
5759,0.4140625,0.8515625,0.18924753923086166,0.14156149372137514,0.18792327980290796,0.15271988856327362
5760,0.3984375,0.8359375,0.26822703121747138,0.039085031703398797,0.27361796696106677,0.050456365904572996
5761,0.1015625,0.0234375,-0.0010308486388491416,-7.7741467320779513e-05,-0.0010949588622912797,-0.00011043615456015826
5762,0.0859375,0.0390625,-0.001960707003989134,0.0008776859905667287,-0.0020469149315437574,0.00086548915567322365
5763,0.0859375,0.0234375,-0.00071684216680750767,0.00036025238385064705,-0.0007511290023424277,0.00031822369956806149
5764,0.1015625,0.0390625,-0.0028380500149207408,-0.00029330192495048815,-0.0029835204024275855,-0.00030337566661188422
5765,0.1484375,0.0234375,6.4358091121003209e-05,-0.0021692795057526725,6.9358676598518676e-05,-0.0021123270440688026
5766,0.1640625,0.0390625,0.0033144575475507363,-0.0058569332972249338,0.0034483283279599236,-0.0058377036615284306
5767,0.1640625,0.0234375,0.0012214601462759321,-0.0022530130235513821,0.0012648228419876405,-0.0021433713462411814
5768,0.1484375,0.0390625,0.00017988332587895366,-0.0057264203105024782,0.00019111200724658111,-0.0057554925907600408
5769,0.0234375,0.1015625,0.000603922450541525,0.00093927311837330683,0.00082692598793699659,0.00072521758135313859
5770,0.0390625,0.0859375,0.00053656204152608149,0.0022590815947795182,0.00073734004607334605,0.0020966176741738316
5771,0.0234375,0.0859375,0.00042212010554195289,0.00069446550909750451,0.0006123985098962615,0.00053689522045646419
5772,0.0390625,0.1015625,0.00075270941926000286,0.0030371494348537267,0.00099562294200581866,0.0028304584134982527
5773,0.0234375,0.1484375,0.001277096668606715,0.0018073125186846,0.0015887549348040078,0.001393900737295329
5774,0.0390625,0.1640625,0.0018457224888858937,0.0067971988013473131,0.002252362901633559,0.0063987878550129515
5775,0.0234375,0.1640625,0.0015370724758863919,0.0021274569933634252,0.0018707707204997889,0.0016413567941524182
5776,0.0390625,0.1484375,0.0015435381966241353,0.0057858884421060144,0.0019128384060317246,0.0054351455403612433
5777,0.8984375,0.0234375,-0.008125356452688224,0.00056628979488317055,-0.0010929113550362315,-0.00050390923475133369
5778,0.9140625,0.0390625,-0.010638619611083365,-0.0027162923309298694,-0.0013830334869038739,-0.0018782008324204939
5779,0.9140625,0.0234375,-0.0072856805321066245,-0.0032525267204531446,-0.00055862928152373829,-0.00073067992127405837
5780,0.8984375,0.0390625,-0.011205588799254554,0.0024149748021267915,-0.0028029549533066583,-0.0013422918939143859
5781,0.8515625,0.0234375,-0.00071949113419397023,0.0086401300234578149,-0.0011094554439145419,0.0019112399349542235
5782,0.8359375,0.0390625,0.0059877889813321032,0.012500695715725563,-0.00024546565380745842,0.0068730971140431984
5783,0.8359375,0.0234375,0.0033639425577968157,0.0080779002922798399,-7.6079859015428438e-05,0.002579343447099567
5784,0.8515625,0.0390625,-0.0001268184191219888,0.013290379369125173,-0.0029793276319890986,0.0050475248285432022
5785,0.9765625,0.1015625,0.0028355707279723698,-0.023052574477099672,0.0011606393465331507,-0.00051746815834794954
5786,0.9609375,0.0859375,-0.004751162541368154,-0.019494032185352915,0.0016983398369596872,-0.0016463428602174967
5787,0.9765625,0.0859375,0.003665168255889448,-0.019407236778014089,0.00088938621786025906,-0.00041859208927631618
5788,0.9609375,0.1015625,-0.0068307257277495249,-0.022607487140432772,0.0022795285411608707,-0.0021628421896957451
5789,0.9765625,0.1484375,-0.00076867571526080341,-0.03442691626126955,0.0021097557035596563,-0.00084352867450769543
5790,0.9609375,0.1640625,-0.016934539339670374,-0.035132524795365258,0.0051013361228659888,-0.0046306904664127485
5791,0.9765625,0.1640625,-0.0023535469717574772,-0.038356066815413072,0.0024562170360849446,-0.00095989372350775064
5792,0.9609375,0.1484375,-0.014126534533343664,-0.032006833997568256,0.0043410354382099623,-0.0039684187764651253
5793,0.9765625,0.8984375,0.0028355707279696025,-0.023052574477096889,0.0011606393465431041,-0.00051746815834208227
5794,0.9609375,0.9140625,-0.0047511625413706919,-0.019494032185349803,0.001698339836972285,-0.0016463428602130859
5795,0.9765625,0.9140625,0.0036651682558861824,-0.01940723677801218,0.00088938621786911407,-0.00041859208926821464
5796,0.9609375,0.8984375,-0.0068307257277511789,-0.022607487140428938,0.0022795285411737047,-0.0021628421896943239
5797,0.9765625,0.8515625,-0.00076867571526071559,-0.034426916261265483,0.0021097557035674695,-0.00084352867450830258
5798,0.9609375,0.8359375,-0.016934539339667515,-0.035132524795361893,0.0051013361228712355,-0.0046306904664182328
5799,0.9765625,0.8359375,-0.0023535469717563514,-0.038356066815409193,0.0024562170360909103,-0.00095989372350930126
5800,0.9609375,0.8515625,-0.01412653453334181,-0.032006833997564252,0.0043410354382176445,-0.0039684187764702844
5801,0.8984375,0.9765625,-0.0081253564526901773,0.00056628979488376958,-0.0010929113550284719,-0.00050390923474618384
5802,0.9140625,0.9609375,-0.010638619611085533,-0.0027162923309283923,-0.0013830334868929566,-0.0018782008324163321
5803,0.9140625,0.9765625,-0.0072856805321089542,-0.0032525267204528063,-0.00055862928151645462,-0.00073067992126679877
5804,0.8984375,0.9609375,-0.011205588799256153,0.002414974802128348,-0.0028029549532961875,-0.0013422918939128981
5805,0.8515625,0.9765625,-0.00071949113419461045,0.0086401300234587412,-0.0011094554439095919,0.0019112399349538814
5806,0.8359375,0.9609375,0.0059877889813324571,0.012500695715726581,-0.00024546565380481318,0.0068730971140396387
5807,0.8359375,0.9765625,0.0033639425577965403,0.0080779002922808426,-7.6079859011976054e-05,0.0025793434470984047
5808,0.8515625,0.9609375,-0.0001268184191220168,0.013290379369126318,-0.0029793276319843931,0.0050475248285397796
5809,0.0234375,0.8984375,0.00060392245054308148,0.00093927311837263409,0.00082692598794767262,0.00072521758134416866
5810,0.0390625,0.9140625,0.00053656204152714216,0.002259081594778826,0.00073734004608397101,0.0020966176741607041
5811,0.0234375,0.9140625,0.00042212010554326651,0.00069446550909720321,0.00061239850990956173,0.00053689522044933762
5812,0.0390625,0.8984375,0.00075270941926118139,0.003037149434852567,0.00099562294201274129,0.0028304584134842322
5813,0.0234375,0.8515625,0.0012770966686082208,0.0018073125186826866,0.0015887549348043485,0.0013939007372872241
5814,0.0390625,0.8359375,0.0018457224888861327,0.0067971988013447076,0.0022523629016274324,0.0063987878550075478
5815,0.0234375,0.8359375,0.0015370724758876099,0.0021274569933612225,0.0018707707204974383,0.0016413567941462798
5816,0.0390625,0.8515625,0.0015435381966247943,0.005785888442103591,0.0019128384060276699,0.0054351455403525298
5817,0.1015625,0.9765625,-0.0010308486388499816,-7.7741467320112322e-05,-0.0010949588622835519,-0.00011043615457079102
5818,0.0859375,0.9609375,-0.0019607070039896028,0.00087768599056720531,-0.0020469149315352543,0.00086548915565925566
5819,0.0859375,0.9765625,-0.00071684216680818768,0.00036025238385104267,-0.00075112900233109312,0.00031822369955929322
5820,0.1015625,0.9609375,-0.0028380500149213289,-0.00029330192494968671,-0.00298352040242377,-0.00030337566662645314
5821,0.1484375,0.9765625,6.4358091120649677e-05,-0.0021692795057510674,6.9358676593292645e-05,-0.0021123270440765772
5822,0.1640625,0.9609375,0.0033144575475515217,-0.0058569332972232694,0.0034483283279490057,-0.0058377036615299719
5823,0.1640625,0.9765625,0.0012214601462760609,-0.0022530130235495858,0.0012648228419792611,-0.0021433713462457346
5824,0.1484375,0.9609375,0.00017988332587914841,-0.0057264203105008449,0.00019111200723761652,-0.0057554925907663526
5825,0.4765625,0.3984375,-0.78029028643577303,0.43649106619123174,-0.82535182679046293,0.4078255976997599
5826,0.4609375,0.4140625,-0.48546549534865052,0.7687838518678094,-0.53752713336719327,0.76612827287446361
5827,0.4765625,0.4140625,-0.79945201723562365,0.44714801922868941,-0.84565229186936453,0.41785567048874267
5828,0.4609375,0.3984375,-0.47384752445139472,0.75039905935850659,-0.52462371212179271,0.74773724623609761
5829,0.5234375,0.3984375,-0.49896237931233289,-0.74286464140844932,-0.46509629618844855,-0.79449168617275556
5830,0.5390625,0.4140625,-0.087323681694853272,-0.90501164791720412,-0.027688740552487729,-0.93547107930737516
5831,0.5234375,0.4140625,-0.51124588263926352,-0.7611389997319874,-0.47653633891659997,-0.81403389156922368
5832,0.5390625,0.3984375,-0.085200344355464419,-0.88332205529670094,-0.027023585766932111,-0.91301419253799221
5833,0.4765625,0.3515625,-0.70594477225525687,0.39510155111770134,-0.74661539691380863,0.36892284878977266
5834,0.4609375,0.3359375,-0.41060929613284219,0.65035128754903049,-0.45446377714742936,0.64773994308544058
5835,0.4765625,0.3359375,-0.67606172068875459,0.37844713156453613,-0.71497290199479635,0.35328840536992329
5836,0.4609375,0.3515625,-0.42874632532014534,0.67904378316294844,-0.47457672983115279,0.67640641491165876
5837,0.5234375,0.3515625,-0.45133552394251319,-0.67201004066391945,-0.42072595155088455,-0.71869701184961221
5838,0.5390625,0.3359375,-0.07369088994462579,-0.76539061939214259,-0.02340753319479965,-0.79091109156115535
5839,0.5234375,0.3359375,-0.43220508070281421,-0.64355011733105583,-0.40289465362090848,-0.68823710312603037
5840,0.5390625,0.3515625,-0.076983921448041989,-0.79919388777629652,-0.024444052500155095,-0.82591440878055755
5841,0.3984375,0.4765625,0.88582746464122952,0.13080328031432281,0.90535923282298059,0.1669852776349722
5842,0.4140625,0.4609375,0.72862724965425507,0.54653802183426448,0.7262919285972893,0.59027368686753134
5843,0.4140625,0.4765625,0.73438038169477748,0.55084602442864627,0.73201260521449063,0.59492296462871608
5844,0.3984375,0.4609375,0.87889663637000048,0.12976690198531105,0.89828400738982372,0.16568008024798458
5845,0.3984375,0.5234375,0.88582746464123041,0.13080328031432104,0.90535923282298802,0.16698527763497062
5846,0.4140625,0.5390625,0.72862724965425529,0.54653802183426337,0.72629192859730174,0.59027368686752335
5847,0.4140625,0.5234375,0.73438038169477704,0.55084602442864539,0.7320126052145004,0.59492296462871275
5848,0.3984375,0.5390625,0.8788966363700027,0.12976690198530877,0.89828400738983427,0.16568008024798012
5849,0.3515625,0.4765625,0.17880254232314974,-0.79005492373488651,0.20840712810853812,-0.80630449085117473
5850,0.3359375,0.4609375,-0.20922416385038756,-0.74152464402116369,-0.1935845037970195,-0.76723830392100223
5851,0.3359375,0.4765625,-0.21089071766902376,-0.74735380087641845,-0.19510953666801975,-0.77328120958299862
5852,0.3515625,0.4609375,0.17741883927761107,-0.78389977137185585,0.20677873217308848,-0.80000365213280678
5853,0.3515625,0.5234375,0.17880254232315493,-0.79005492373489017,0.20840712810853268,-0.80630449085116762
5854,0.3359375,0.5390625,-0.20922416385037962,-0.7415246440211668,-0.19358450379702755,-0.76723830392100667
5855,0.3359375,0.5234375,-0.21089071766901796,-0.74735380087642056,-0.19510953666802475,-0.77328120958299584
5856,0.3515625,0.5390625,0.17741883927761842,-0.78389977137185995,0.20677873217308237,-0.80000365213280755
5857,0.6015625,0.4765625,0.84907812434001906,0.2767808419081963,0.84801363342733416,0.3582581927375072
5858,0.5859375,0.4609375,0.89273490957810897,-0.16212660708852325,0.93115168662057479,-0.093705757540678281
5859,0.5859375,0.4765625,0.89974646126693347,-0.16336523656521026,0.93848534160208663,-0.094443213077803345
5860,0.6015625,0.4609375,0.84245947629018192,0.27458648585397033,0.84138693486811056,0.35545799165608188
5861,0.6015625,0.5234375,0.84907812434002117,0.27678084190819729,0.84801363342734182,0.35825819273751003
5862,0.5859375,0.5390625,0.89273490957811286,-0.16212660708852136,0.93115168662057779,-0.093705757540678433
5863,0.5859375,0.5234375,0.89974646126693603,-0.1633652365652089,0.93848534160209496,-0.0944432130778039
5864,0.6015625,0.5390625,0.84245947629018503,0.27458648585397216,0.841386934868117,0.35545799165608183
5865,0.6484375,0.4765625,-0.17758766419227015,0.78705880274122519,-0.2689993203192379,0.78809225304500674
5866,0.6640625,0.4609375,-0.50141225440018589,0.57856309003991091,-0.58327734895211392,0.53458200779142095
5867,0.6640625,0.4765625,-0.50534830244963302,0.58309465383312142,-0.58787114061175316,0.5387921419170314
5868,0.6484375,0.4609375,-0.17620594048614271,0.78092112559789417,-0.26689729280602337,0.78193369784274724
5869,0.6484375,0.5234375,-0.17758766419226962,0.78705880274122564,-0.26899932031923668,0.78809225304500874
5870,0.6640625,0.5390625,-0.50141225440018689,0.57856309003991202,-0.58327734895210948,0.53458200779142051
5871,0.6640625,0.5234375,-0.50534830244963336,0.58309465383312198,-0.58787114061175094,0.53879214191703462
5872,0.6484375,0.5390625,-0.17620594048614258,0.7809211255978955,-0.26689729280602131,0.78193369784274969
5873,0.5234375,0.6015625,-0.49896237931233162,-0.7428646414084521,-0.46509629618845005,-0.79449168617273036
5874,0.5390625,0.5859375,-0.087323681694850538,-0.90501164791720501,-0.027688740552488836,-0.93547107930735818
5875,0.5234375,0.5859375,-0.51124588263926318,-0.76113899973198973,-0.47653633891659691,-0.81403389156919825
5876,0.5390625,0.6015625,-0.085200344355460741,-0.8833220552967026,-0.027023585766937665,-0.91301419253797378
5877,0.4765625,0.6015625,-0.78029028643577802,0.43649106619123068,-0.8253518267904586,0.40782559769978133
5878,0.4609375,0.5859375,-0.48546549534865685,0.76878385186780895,-0.53752713336717761,0.76612827287447993
5879,0.4765625,0.5859375,-0.79945201723562953,0.44714801922868874,-0.84565229186935242,0.41785567048876515
5880,0.4609375,0.6015625,-0.47384752445140083,0.7503990593585067,-0.52462371212178405,0.74773724623611149
5881,0.5234375,0.6484375,-0.45133552394251003,-0.67201004066392056,-0.42072595155089715,-0.71869701184960144
5882,0.5390625,0.6640625,-0.073690889944621446,-0.76539061939214226,-0.02340753319480833,-0.79091109156115191
5883,0.5234375,0.6640625,-0.43220508070281166,-0.64355011733105594,-0.40289465362091992,-0.68823710312602471
5884,0.5390625,0.6484375,-0.076983921448037104,-0.79919388777629663,-0.024444052500166003,-0.82591440878054811
5885,0.4765625,0.6484375,-0.70594477225526009,0.39510155111770168,-0.74661539691382317,0.36892284878977522
5886,0.4609375,0.6640625,-0.41060929613284741,0.65035128754903293,-0.45446377714743896,0.64773994308542704
5887,0.4765625,0.6640625,-0.67606172068875847,0.37844713156453735,-0.71497290199481378,0.3532884053699149
5888,0.4609375,0.6484375,-0.42874632532015039,0.67904378316295044,-0.47457672983116067,0.67640641491165476
5889,0.3984375,0.0234375,0.0084604803254570357,0.00054893742688472732,0.0074911905822695694,0.001369308174196779
5890,0.4140625,0.0390625,0.017930566926771866,0.012453968430486871,0.016488764051209519,0.013382020339818342
5891,0.4140625,0.0234375,0.007409531357475678,0.0047266925519490926,0.0060637188687810541,0.0049123876717096461
5892,0.3984375,0.0390625,0.021051670846580425,0.0022758830830520048,0.020383366024678964,0.003744791315611395
5893,0.3515625,0.0234375,0.0012184957820500168,-0.0074899017927806295,0.0017153351693670936,-0.0066693873535338278
5894,0.3359375,0.0390625,-0.0053351459890143907,-0.017397848407329056,-0.0043989157184441772,-0.01740175425050625
5895,0.3359375,0.0234375,-0.0022831244793985743,-0.0067781371236217986,-0.0016198563131294417,-0.0063907744454599642
5896,0.3515625,0.0390625,0.0036733246755706129,-0.018758106733549041,0.004681759272559859,-0.018151357546499602
5897,0.6015625,0.0234375,0.010438574208747499,0.0018759531168111821,0.0070548757471275035,0.0029527560981498554
5898,0.5859375,0.0390625,0.02296485732023338,-0.0061894827264167293,0.021156069818676213,-0.0021629251389415067
5899,0.5859375,0.0234375,0.010138481776982788,-0.0033248922103549044,0.007791066533447414,-0.00080896925761429566
5900,0.6015625,0.0390625,0.022815074554620209,0.0053457574212651734,0.019135976822705066,0.0080465854162389081
5901,0.6484375,0.0234375,-0.00089653754071253517,0.010627945801722058,-0.0022146346510299505,0.0065704635359479235
5902,0.6640625,0.0390625,-0.012472162062296482,0.017976295520449995,-0.013245794543923209,0.012196051917877071
5903,0.6640625,0.0234375,-0.0056663522515617354,0.0089745039683123713,-0.004880026447861013,0.0045116065356291387
5904,0.6484375,0.0390625,-0.0028202174834122381,0.022242862344446817,-0.0060356862820192519,0.01780022043444892
5905,0.4765625,0.1015625,-0.11400561070917309,0.065263387678074269,-0.11954906156588881,0.059095611518191503
5906,0.4609375,0.0859375,-0.050810907335741215,0.08274845334084184,-0.05628714146411825,0.080259227827471011
5907,0.4765625,0.0859375,-0.084697438865337232,0.048996445244682107,-0.088568658168051276,0.043789629350745436
5908,0.4609375,0.1015625,-0.068681488141293573,0.1108280610227842,-0.075980610023923367,0.10832439299790945
5909,0.5234375,0.1015625,-0.074615104455529227,-0.1089160251617861,-0.067395246685663018,-0.11508317362484777
5910,0.5390625,0.0859375,-0.010956114161654864,-0.097477020140232684,-0.002927206512941653,-0.097999834958523477
5911,0.5234375,0.0859375,-0.05606073874616594,-0.080982365777603982,-0.049940436845120464,-0.085260833709006487
5912,0.5390625,0.1015625,-0.013968857753132381,-0.13061552245734387,-0.0039385303821610563,-0.13226987709204036
5913,0.4765625,0.1484375,-0.21789947288416245,0.1229084228564985,-0.22950556532516428,0.11341965615586254
5914,0.4609375,0.1640625,-0.15543157185921919,0.24716199332723307,-0.1717362310493471,0.24478630070680443
5915,0.4765625,0.1640625,-0.25629600663479107,0.14425156587794555,-0.27018546789369241,0.13351821908735304
5916,0.4609375,0.1484375,-0.13203537700458998,0.2103487918326897,-0.14587729056770735,0.20793384952788962
5917,0.5234375,0.1484375,-0.14031013185905233,-0.20783838533285121,-0.12934511686706021,-0.22092800942796917
5918,0.5390625,0.1640625,-0.02854198616381046,-0.29125211122915756,-0.0088551809882015126,-0.29889759196889171
5919,0.5234375,0.1640625,-0.16462599433652253,-0.2443657003195556,-0.15226491337974471,-0.26008627288839109
5920,0.5390625,0.1484375,-0.024579573929183484,-0.24792118473995253,-0.0075269266608106898,-0.25389941825943735
5921,0.0234375,0.3984375,0.005704629860618207,0.0061256491053224092,0.0057300155512522519,0.0050158532263432747
5922,0.0390625,0.4140625,0.006556248508371389,0.020423160594532194,0.0070647052481580324,0.020022827866094363
5923,0.0234375,0.4140625,0.0058786798439912878,0.0062474112569450707,0.0058715502451971149,0.0051389869619107124
5924,0.0390625,0.3984375,0.0063812709182140175,0.019974375716609653,0.0068946798063261204,0.019542639639218026
5925,0.0234375,0.3515625,0.0050437942892960445,0.0056323066538666961,0.0051813669371550269,0.0045380401247885737
5926,0.0390625,0.3359375,0.00543669354570367,0.017485801047739013,0.0059705271825923204,0.016931093650180879
5927,0.0234375,0.3359375,0.0047846389447134636,0.0054248609794485285,0.004961009165851113,0.0043459141078874032
5928,0.0390625,0.3515625,0.0057061705335948645,0.018207514306604562,0.0062354002967853987,0.017679860833036038
5929,0.0234375,0.6015625,0.0057046298606178826,0.006125649105323208,0.0057300155512591084,0.0050158532263410195
5930,0.0390625,0.5859375,0.0065562485083715087,0.020423160594533186,0.0070647052481621246,0.020022827866089617
5931,0.0234375,0.5859375,0.0058786798439909999,0.0062474112569459433,0.005871550245202764,0.0051389869619085657
5932,0.0390625,0.6015625,0.0063812709182140773,0.01997437571661061,0.0068946798063314399,0.019542639639212562
5933,0.0234375,0.6484375,0.0050437942892955041,0.0056323066538670049,0.0051813669371641499,0.0045380401247872406
5934,0.0390625,0.6640625,0.0054366935457030802,0.017485801047739436,0.0059705271826007746,0.016931093650176213
5935,0.0234375,0.6640625,0.0047846389447127715,0.0054248609794486412,0.0049610091658600607,0.0043459141078867692
5936,0.0390625,0.6484375,0.0057061705335945366,0.018207514306605131,0.0062354002967935735,0.01767986083303064
5937,0.1015625,0.4765625,-0.12931687900509681,-0.015336773291010432,-0.132649920673622,-0.013564218470371484
5938,0.0859375,0.4609375,-0.088484722630978674,0.035184736929302546,-0.090293157086366344,0.038112666081507283
5939,0.0859375,0.4765625,-0.089195913572398131,0.035452566270610261,-0.091004488946709053,0.038412661989028839
5940,0.1015625,0.4609375,-0.12828964655218494,-0.015215554677831781,-0.13161307145849779,-0.013458125762078568
5941,0.1015625,0.5234375,-0.12931687900509617,-0.015336773291009759,-0.13264992067362544,-0.013564218470372296
5942,0.0859375,0.5390625,-0.088484722630977938,0.035184736929303614,-0.090293157086369855,0.038112666081505632
5943,0.0859375,0.5234375,-0.089195913572397631,0.035452566270611045,-0.09100448894671137,0.038412661989027722
5944,0.1015625,0.5390625,-0.12828964655218422,-0.015215554677830789,-0.1316130714585021,-0.013458125762078992
5945,0.1484375,0.4765625,0.0077132423695248876,-0.2492810223969853,0.0085233914814162211,-0.25584692757175664
5946,0.1640625,0.4609375,0.14699495113052924,-0.25078064235245617,0.15213286450438315,-0.2574098628767158
5947,0.1640625,0.4765625,0.1481566010631645,-0.25273578664294855,0.15333108787080976,-0.25943700249663998
5948,0.1484375,0.4609375,0.007657100780947829,-0.24735192773764941,0.0084569139348322636,-0.25384779461467921
5949,0.1484375,0.5234375,0.0077132423695248633,-0.24928102239698469,0.0085233914814169202,-0.25584692757175576
5950,0.1640625,0.5390625,0.14699495113052891,-0.25078064235245506,0.15213286450438754,-0.2574098628767113
5951,0.1640625,0.5234375,0.14815660106316425,-0.25273578664294777,0.15333108787081379,-0.2594370024966387
5952,0.1484375,0.5390625,0.0076571007809478099,-0.24735192773764844,0.0084569139348329887,-0.25384779461467571
5953,0.9765625,0.3984375,-0.031220302651817518,-0.095666962821798721,0.007067893122249173,-0.002620876526953649
5954,0.9609375,0.4140625,-0.065219467095077602,-0.080132342961694455,0.015713740656400538,-0.014024952266727382
5955,0.9765625,0.4140625,-0.032260623661208819,-0.098149149574385142,0.0072374264122698874,-0.0026880443288792816
5956,0.9609375,0.3984375,-0.063384876951070368,-0.078195597999965422,0.015340979793175641,-0.013687513286247737
5957,0.9765625,0.3515625,-0.027003510174778814,-0.086394821517905729,0.0064139892940745045,-0.0023659778505968703
5958,0.9609375,0.3359375,-0.053364152835815727,-0.068390794568421565,0.013316172960409005,-0.011864796849202386
5959,0.9765625,0.3359375,-0.025252502316073587,-0.082817444467421314,0.0061524028939766206,-0.0022659304728871142
5960,0.9609375,0.3515625,-0.056233613377791009,-0.071086911469838296,0.013896480271982113,-0.01238539826419644
5961,0.9765625,0.6015625,-0.031220302651814632,-0.095666962821796916,0.0070678931222486257,-0.0026208765269443574
5962,0.9609375,0.5859375,-0.065219467095073938,-0.080132342961693914,0.015713740656403651,-0.014024952266719709
5963,0.9765625,0.5859375,-0.032260623661205828,-0.098149149574383379,0.0072374264122691632,-0.002688044328870997
5964,0.9609375,0.6015625,-0.063384876951066899,-0.078195597999964755,0.015340979793179431,-0.013687513286239272
5965,0.9765625,0.6484375,-0.027003510174776753,-0.08639482151790491,0.0064139892940747482,-0.002365977850585242
5966,0.9609375,0.6640625,-0.053364152835813992,-0.068390794568422231,0.013316172960415033,-0.011864796849191478
5967,0.9765625,0.6640625,-0.025252502316071641,-0.082817444467420953,0.0061524028939770499,-0.0022659304728751568
5968,0.9609375,0.6484375,-0.056233613377788955,-0.071086911469838532,0.013896480271987798,-0.012385398264185924
5969,0.8984375,0.4765625,-0.14746477975691685,0.046540387363141193,-0.11879785287182715,-0.06014883779467816
5970,0.9140625,0.4609375,-0.13220016234014556,-0.0016022101960056136,-0.055688948190200725,-0.080435380471604326
5971,0.9140625,0.4765625,-0.13326890643938152,-0.0015880410470805043,-0.056128090423487924,-0.081068491146367744
5972,0.8984375,0.4609375,-0.14631321378565507,0.046142649584160381,-0.11786941801840706,-0.059679393580516826
5973,0.8984375,0.5234375,-0.14746477975691652,0.046540387363140145,-0.11879785287182469,-0.060148837794678209
5974,0.9140625,0.5390625,-0.13220016234014426,-0.0016022101960070166,-0.055688948190196777,-0.080435380471603521
5975,0.9140625,0.5234375,-0.13326890643938061,-0.001588041047081389,-0.056128090423485405,-0.081068491146367161
5976,0.8984375,0.5390625,-0.14631321378565473,0.046142649584158743,-0.11786941801840384,-0.05967939358051718
5977,0.8515625,0.4765625,-0.02652445354403599,0.25441060132125287,-0.13232225839623893,0.21894626484495325
5978,0.8359375,0.4609375,0.094939784976824967,0.27949062179882822,-0.013214769717820717,0.29857156452278272
5979,0.8359375,0.4765625,0.095714674083388782,0.28170736199298174,-0.013318474018868527,0.30092353306229658
5980,0.8515625,0.4609375,-0.026352342807208457,0.25240157664285873,-0.1312887079306462,0.2172348095028418
5981,0.8515625,0.5234375,-0.026524453544037211,0.25441060132125226,-0.1323222583962381,0.2189462648449538
5982,0.8359375,0.5390625,0.094939784976822927,0.27949062179882744,-0.013214769717820561,0.29857156452278605
5983,0.8359375,0.5234375,0.095714674083387352,0.28170736199298119,-0.013318474018867557,0.30092353306229824
5984,0.8515625,0.5390625,-0.026352342807210331,0.25240157664285773,-0.13128870793064579,0.21723480950284296
5985,0.6015625,0.9765625,0.010438574208748089,0.0018759531168115152,0.007054875747125283,0.0029527560981613896
5986,0.5859375,0.9609375,0.022964857320234181,-0.0061894827264169366,0.021156069818679995,-0.0021629251389306391
5987,0.5859375,0.9765625,0.010138481776983425,-0.0033248922103546229,0.0077910665334465137,-0.00080896925760333405
5988,0.6015625,0.9609375,0.022815074554620972,0.0053457574212650676,0.0191359768227077,0.0080465854162508604
5989,0.6484375,0.9765625,-0.00089653754071219874,0.010627945801722927,-0.0022146346510340388,0.0065704635359575088
5990,0.6640625,0.9609375,-0.012472162062295764,0.017976295520450807,-0.0132457945439233,0.012196051917885975
5991,0.6640625,0.9765625,-0.0056663522515614378,0.0089745039683134589,-0.0048800264478649118,0.0045116065356372113
5992,0.6484375,0.9609375,-0.002820217483411558,0.022242862344447382,-0.0060356862820190533,0.017800220434459488
5993,0.3984375,0.9765625,0.008460480325455759,0.00054893742688538684,0.0074911905822752055,0.0013693081741979183
5994,0.4140625,0.9609375,0.017930566926770804,0.012453968430488753,0.016488764051214511,0.013382020339815583
5995,0.4140625,0.9765625,0.0074095313574741592,0.0047266925519501984,0.0060637188687864578,0.0049123876717098811
5996,0.3984375,0.9609375,0.021051670846579423,0.0022758830830533197,0.020383366024684667,0.0037447913156094521
5997,0.3515625,0.9765625,0.0012184957820497203,-0.0074899017927816756,0.0017153351693729171,-0.0066693873535289905
5998,0.3359375,0.9609375,-0.0053351459890148625,-0.017397848407330628,-0.0043989157184358063,-0.017401754250502912
5999,0.3359375,0.9765625,-0.0022831244793984715,-0.006778137123623228,-0.0016198563131241133,-0.0063907744454536211
6000,0.3515625,0.9609375,0.0036733246755699107,-0.018758106733550006,0.0046817592725678222,-0.018151357546497982
6001,0.5234375,0.8984375,-0.074615104455528936,-0.10891602516178743,-0.067395246685661797,-0.11508317362485708
6002,0.5390625,0.9140625,-0.010956114161654321,-0.097477020140233836,-0.0029272065129345589,-0.097999834958529278
6003,0.5234375,0.9140625,-0.056060738746165316,-0.080982365777604828,-0.049940436845116343,-0.085260833709014161
6004,0.5390625,0.8984375,-0.013968857753132254,-0.13061552245734534,-0.003938530382156415,-0.13226987709204843
6005,0.4765625,0.8984375,-0.11400561070917198,0.065263387678074769,-0.11954906156589484,0.059095611518184335
6006,0.4609375,0.9140625,-0.050810907335740084,0.082748453340843686,-0.056287141464122441,0.080259227827463267
6007,0.4765625,0.9140625,-0.084697438865336344,0.048996445244683294,-0.088568658168054162,0.043789629350736992
6008,0.4609375,0.8984375,-0.068681488141292088,0.11082806102278542,-0.07598061002393075,0.10832439299790389
6009,0.5234375,0.8515625,-0.14031013185905414,-0.20783838533285265,-0.12934511686706726,-0.22092800942797508
6010,0.5390625,0.8359375,-0.028541986163812368,-0.29125211122915762,-0.0088551809882069649,-0.29889759196889421
6011,0.5234375,0.8359375,-0.16462599433652472,-0.2443657003195564,-0.15226491337975193,-0.26008627288839326
6012,0.5390625,0.8515625,-0.024579573929185215,-0.24792118473995345,-0.0075269266608148809,-0.2538994182594434
6013,0.4765625,0.8515625,-0.21789947288416289,0.12290842285649677,-0.22950556532517177,0.11341965615586642
6014,0.4609375,0.8359375,-0.15543157185921924,0.24716199332723104,-0.17173623104935076,0.24478630070681651
6015,0.4765625,0.8359375,-0.25629600663479229,0.14425156587794336,-0.27018546789369741,0.13351821908736128
6016,0.4609375,0.8515625,-0.13203537700458931,0.2103487918326884,-0.14587729056771437,0.20793384952789692
6017,0.2265625,0.1484375,0.071275832197361527,0.10045770126123112,0.072003986338794485,0.10377749575081534
6018,0.2109375,0.1640625,0.11720497740770042,0.057449306117096526,0.11997106712066934,0.060034682721362323
6019,0.2265625,0.1640625,0.083891866111048458,0.11824788165568097,0.084767519623060478,0.12217404859492938
6020,0.2109375,0.1484375,0.099561620235476531,0.048790136376273149,0.10190659802435494,0.05099448140439182
6021,0.2734375,0.1484375,-0.12122225039802159,0.1016451719491404,-0.12657237174961772,0.10169965728324996
6022,0.2890625,0.1640625,-0.19511185383034371,0.039242682823756155,-0.20134364237243041,0.035956541082366816
6023,0.2734375,0.1640625,-0.14270731752881707,0.1195732950977678,-0.14900942327983532,0.11972636146233206
6024,0.2890625,0.1484375,-0.16576755217726216,0.033398044319920848,-0.17102689261583831,0.030543501328822692
6025,0.2265625,0.1015625,0.037199885593749468,0.052374391677973663,0.037505576041487083,0.054053248818435963
6026,0.2109375,0.0859375,0.038469358913573531,0.018795620317661157,0.03932342808115049,0.019675357778252332
6027,0.2265625,0.0859375,0.027605213979859832,0.038825185370132423,0.027785916541528202,0.040043695904994174
6028,0.2109375,0.1015625,0.051893421766891226,0.025390105894176011,0.053080017832416948,0.026559722603407381
6029,0.2734375,0.1015625,-0.063145831260185012,0.05320275197040384,-0.0659265284498851,0.05297521192427454
6030,0.2890625,0.0859375,-0.064122211761491368,0.013188474550133266,-0.065995804939246325,0.011790861137412159
6031,0.2734375,0.0859375,-0.046782517185799226,0.039558132707754858,-0.048839758816524775,0.039247406067417716
6032,0.2890625,0.1015625,-0.086464060894729494,0.017624953284089223,-0.089083124087539892,0.015912860899716205
6033,0.1484375,0.2265625,0.0040035590062755489,-0.1234499937803348,0.0042103027675899907,-0.12624728960800247
6034,0.1640625,0.2109375,0.065953792296888178,-0.11300921065122745,0.068259519723246898,-0.1154987785903212
6035,0.1640625,0.2265625,0.073100630453102611,-0.12521988183171304,0.07566008768012833,-0.12802083812627843
6036,0.1484375,0.2109375,0.0036281143463324111,-0.11140318846363143,0.0037987960280117606,-0.11389845066915209
6037,0.1484375,0.2734375,0.0050708327616063986,-0.15855740070055624,0.0054105125474642963,-0.16228223223634597
6038,0.1640625,0.2890625,0.10052010517801051,-0.17199976360563812,0.10406406972224325,-0.17608115400643926
6039,0.1640625,0.2734375,0.093948020477869015,-0.16079971096512288,0.097255582170905533,-0.16456109721753645
6040,0.1484375,0.2890625,0.0053991491807147468,-0.16960984527927367,0.0057887224433119631,-0.17364302125373937
6041,0.1015625,0.2265625,-0.063372735723815118,-0.0074201362779630145,-0.065448096319910817,-0.0066885903207447219
6042,0.0859375,0.2109375,-0.039397072088844264,0.016121186758375778,-0.040509361112965804,0.017106209068501167
6043,0.0859375,0.2265625,-0.043685544224696587,0.017834376678982734,-0.044901441136571102,0.018960288208015257
6044,0.1015625,0.2109375,-0.057147227788541068,-0.0066749922232479039,-0.05904600646359344,-0.0060338395832405739
6045,0.1015625,0.2734375,-0.081586057950549282,-0.0096083867716463666,-0.084130867861883007,-0.0085996156634654247
6046,0.0859375,0.2890625,-0.060204259073866638,0.024353841805566687,-0.061759547097543319,0.026075484358274972
6047,0.0859375,0.2734375,-0.056234293473983024,0.022799486564555826,-0.057718471756863753,0.024370104248009682
6048,0.1015625,0.2890625,-0.087345344949371753,-0.010302103009504356,-0.090021358914474839,-0.0092022368242691676
6049,0.3515625,0.2734375,0.11363673403012375,-0.50166097105563567,0.13219188048523098,-0.51142470631461534
6050,0.3359375,0.2890625,-0.14283137838511278,-0.5074985422137861,-0.13241181732616716,-0.52481207075790437
6051,0.3359375,0.2734375,-0.13347475043941376,-0.47433048160128555,-0.12374807451519683,-0.4904745646442103
6052,0.3515625,0.2890625,0.12157865013390168,-0.5367095729395952,0.14144620293633123,-0.5472283343193528
6053,0.3515625,0.2265625,0.088414069961204642,-0.39047342619623848,0.10283826538268866,-0.39786220732100275
6054,0.3359375,0.2109375,-0.093714018954410686,-0.33307928050170826,-0.086852911362841692,-0.34424032116706782
6055,0.3359375,0.2265625,-0.10384843226472665,-0.36912648562666761,-0.096269197524500971,-0.38156265579424475
6056,0.3515625,0.2109375,0.079758934362805109,-0.35237222703616894,0.092778988188791309,-0.35894612037114859
6057,0.3984375,0.2734375,0.56183992667819949,0.08250731981039533,0.57424714691336753,0.10590619030470283
6058,0.4140625,0.2890625,0.49827781017072792,0.37370254176390594,0.49680056872291728,0.40375785141934856
6059,0.4140625,0.2734375,0.46570164289936944,0.34925251440141913,0.4642960656575002,0.37734027508128276
6060,0.3984375,0.2890625,0.60114451039911854,0.088333117794596572,0.6144491451672438,0.11332154132435218
6061,0.3984375,0.2265625,0.43723518035595704,0.064085535989697018,0.4467348476035109,0.082387099273289979
6062,0.4140625,0.2109375,0.32710574442320905,0.24522276769623888,0.32586979748712319,0.26483645464147271
6063,0.4140625,0.2265625,0.36245547320406973,0.27176296008777617,0.36119910428000418,0.29354987524628789
6064,0.3984375,0.2109375,0.39455853628380538,0.057782303517086138,0.40303862742907343,0.074327645527762984
6065,0.2734375,0.3515625,-0.39435300512667715,0.329212721232919,-0.41178409655426068,0.33084560999796941
6066,0.2890625,0.3359375,-0.51622746302778688,0.10290848340614442,-0.53282623240920146,0.095137955941737837
6067,0.2734375,0.3359375,-0.37763715819685578,0.3153294665203818,-0.39433192522702282,0.31682464295435814
6068,0.2890625,0.3515625,-0.53909542151413337,0.10740147098330365,-0.55640819926766139,0.099347525449207635
6069,0.2265625,0.3515625,0.23215867358323175,0.32656166045099949,0.23425906647475533,0.33763100438817822
6070,0.2109375,0.3359375,0.31051642343604541,0.15227689876468981,0.31749168413146289,0.15888314898529171
6071,0.2265625,0.3359375,0.22227012878190641,0.31274203328878208,0.2243298457327913,0.32332144443705341
6072,0.2109375,0.3515625,0.32431352955915388,0.15902537838281955,0.33154399813510671,0.165915429953159
6073,0.2734375,0.3984375,-0.43596146434964728,0.36372773749319842,-0.45521080555082993,0.36573380416830259
6074,0.2890625,0.4140625,-0.61071683177374736,0.12143007954783984,-0.63021760639457958,0.11252239005593753
6075,0.2734375,0.4140625,-0.44669466860277801,0.3726197433064754,-0.46640755164436581,0.3747289043481159
6076,0.2890625,0.3984375,-0.59602844908467523,0.11855851403831129,-0.61508807540022281,0.10982188331920188
6077,0.2265625,0.3984375,0.25679525811405002,0.3609333496966815,0.25896666460621937,0.37323765417447435
6078,0.2109375,0.4140625,0.36754967344400991,0.18014552292779643,0.37552689263526445,0.18792579822053734
6079,0.2265625,0.4140625,0.26315390261995647,0.36979198270501568,0.26533712443616897,0.38241807832103181
6080,0.2109375,0.3984375,0.35868063225093394,0.1758162291013087,0.36651119395475673,0.18341409425689517
6081,0.7734375,0.1484375,0.10501354859178957,-0.074455698042628388,0.1171668739086517,-0.047370186583862543
6082,0.7890625,0.1640625,0.13493379123652563,-0.018749264874222103,0.13331726037993819,0.015494789300311366
6083,0.7734375,0.1640625,0.12281052507328544,-0.086085076498363666,0.13792133170832124,-0.055742703951095346
6084,0.7890625,0.1484375,0.1158713343475453,-0.016792291293437085,0.11326475222125744,0.013148932622709981
6085,0.7265625,0.1484375,-0.075370722715628877,-0.14410259112147458,-0.050008035966469307,-0.15453315123334319
6086,0.7109375,0.1640625,-0.16639877536798159,-0.11550215020795103,-0.1485696572183858,-0.14062987745242891
6087,0.7265625,0.1640625,-0.087512885024799134,-0.16876808930947332,-0.058853746245568772,-0.18191147212071054
6088,0.7109375,0.1484375,-0.14252906725216735,-0.098240222003056044,-0.12621811801835434,-0.11945760424699323
6089,0.7734375,0.1015625,0.05648421877429808,-0.042693809231470821,0.061061517277099291,-0.024734881064859618
6090,0.7890625,0.0859375,0.048939612385450484,-0.0097231278321793426,0.043778054036775309,0.0050256900140854075
6091,0.7734375,0.0859375,0.042703361614686651,-0.033494054602324318,0.045251914311126955,-0.018353393250924974
6092,0.7890625,0.1015625,0.063818174127433916,-0.011413182687321765,0.059055200664879147,0.0068091928259875036
6093,0.7265625,0.1015625,-0.042404526503308441,-0.076992850117144351,-0.026096651224669101,-0.080524282454634069
6094,0.7109375,0.0859375,-0.059274656529516002,-0.038034463378471016,-0.048772890097243463,-0.046100113760598103
6095,0.7265625,0.0859375,-0.032940420660218649,-0.057950067842022598,-0.019356891982147857,-0.059670211244836451
6096,0.7109375,0.1015625,-0.077727568657550192,-0.051291737002931485,-0.065799006952380862,-0.062225614956481885
6097,0.8515625,0.2265625,-0.015142327301060507,0.13036999411930955,-0.065332880247911451,0.10811058612760663
6098,0.8359375,0.2109375,0.043444906083664053,0.13071735763984016,-0.0059223796346305349,0.13404843886441301
6099,0.8359375,0.2265625,0.047620868833957913,0.14367372835898437,-0.0065716970958914047,0.14856153269166225
6100,0.8515625,0.2109375,-0.013730258614235035,0.11890187491727909,-0.058945231037084718,0.097556571683578105
6101,0.8515625,0.2734375,-0.018775328064955899,0.16396043827106604,-0.083964924641927577,0.13891124819912301
6102,0.8359375,0.2890625,0.064420770890257634,0.19333812196149305,-0.0090509470012077129,0.20426478244864507
6103,0.8359375,0.2734375,0.060285203453284739,0.18141043260484743,-0.0084584541295027876,0.19091198475134322
6104,0.8515625,0.2890625,-0.019793605380594922,0.17463770671517714,-0.089837158721042878,0.14862359406844608
6105,0.8984375,0.2265625,-0.07844512158534836,0.021786143803463911,-0.058710945015260134,-0.029708014215547286
6106,0.9140625,0.2109375,-0.06453122639446672,-0.0047992795656574974,-0.025065938875232487,-0.036164816819538932
6107,0.9140625,0.2265625,-0.070109275134282667,-0.0046996541139560678,-0.027761132267554958,-0.040073420502973092
6108,0.8984375,0.2109375,-0.072130101031597005,0.019796747811076522,-0.05299077534858454,-0.026801859223254027
6109,0.8984375,0.2734375,-0.096893929593209263,0.02807543324970381,-0.075404180213939159,-0.03818049042022291
6110,0.9140625,0.2890625,-0.091986349389002658,-0.0036547158910192916,-0.038114471192605699,-0.055064811410984155
6111,0.9140625,0.2734375,-0.086649287736048033,-0.0039777906777733341,-0.035631087642653797,-0.051472386216975884
6112,0.8984375,0.2890625,-0.10276691867892465,0.030195084109448454,-0.080668293051274265,-0.040849475318850692
6113,0.6484375,0.2734375,-0.11328577978986343,0.50050749789193127,-0.17063114810721466,0.49988559033048774
6114,0.6640625,0.2890625,-0.34400550942021524,0.39676124803524981,-0.39899431963172322,0.36568156315133649
6115,0.6640625,0.2734375,-0.3217390120323626,0.37109344328901295,-0.37289293971062154,0.34175986758869581
6116,0.6484375,0.2890625,-0.12111266233302903,0.53519489156976974,-0.1825748793726997,0.53487677342743467
6117,0.6484375,0.2265625,-0.088271981728558532,0.39068972081720144,-0.1327450694914056,0.38890387755803435
6118,0.6640625,0.2109375,-0.22674789435635667,0.26218913671157851,-0.26173162716099557,0.23989072866682407
6119,0.6640625,0.2265625,-0.25103108908526711,0.28992117760193842,-0.29010320719747745,0.26588903308779299
6120,0.6484375,0.2109375,-0.079614570460524392,0.35311477201264868,-0.11976074569936361,0.35087318130537715
6121,0.6015625,0.2734375,0.53935194360220151,0.1753739762269198,0.53788737824353561,0.2272313564937026
6122,0.5859375,0.2890625,0.61137928620233872,-0.11152718857909849,0.63694400998710221,-0.064106220194139224
6123,0.5859375,0.2734375,0.57157604074544444,-0.10431312687193885,0.59527303909651719,-0.059912960610646875
6124,0.6015625,0.2890625,0.57689458236371871,0.18760865222615949,0.57554084434597719,0.24313882507728268
6125,0.6015625,0.2265625,0.42047137783610039,0.13653539267919815,0.41846080222662424,0.1767754430057128
6126,0.5859375,0.2109375,0.40224924158694353,-0.073773415658412875,0.41781001371398085,-0.042058041630252813
6127,0.5859375,0.2265625,0.4454427616664024,-0.081527439033214452,0.46310240874403696,-0.046614356407794974
6128,0.6015625,0.2109375,0.37979816724708493,0.12318820539148459,0.3775361601272112,0.15948436362207952
6129,0.7265625,0.3515625,-0.23311760094703232,-0.45576725984152339,-0.16250968460655321,-0.50253118270560138
6130,0.7109375,0.3359375,-0.42913280077851274,-0.301650320493281,-0.39298931817415816,-0.3720837229921975
6131,0.7265625,0.3359375,-0.22324836539419912,-0.43662133149369586,-0.15562219321144496,-0.48123552210707116
6132,0.7109375,0.3515625,-0.44801421660897717,-0.31490002648313836,-0.41038046061679906,-0.38854963476453258
6133,0.7734375,0.3515625,0.32814919299342649,-0.2249460122777075,0.38094257687117228,-0.15384753173046917
6134,0.7890625,0.3359375,0.3419331549290931,-0.043492461529076883,0.35254808393112491,0.041086254368886008
6135,0.7734375,0.3359375,0.31452357639267825,-0.21551281540264577,0.36480215610587868,-0.14732831980786548
6136,0.7890625,0.3515625,0.35676366736780696,-0.0454401272337802,0.36814618267655608,0.042903807159532716
6137,0.7265625,0.3984375,-0.25771567072828755,-0.50358535666019688,-0.17964842630263642,-0.5555246858895545
6138,0.7109375,0.4140625,-0.5072079063372581,-0.35659425116034948,-0.46481402909082936,-0.44008996959079627
6139,0.7265625,0.4140625,-0.26405853643925942,-0.5159614017794687,-0.18406726470990217,-0.5691888020260093
6140,0.7109375,0.3984375,-0.49506653767950259,-0.34801440177047988,-0.45365616025157091,-0.42952465296869324
6141,0.7734375,0.3984375,0.36217434036061724,-0.24850233717651443,0.42110716386723729,-0.17007072465026019
6142,0.7890625,0.4140625,0.40342502123696894,-0.051516707297441101,0.41697029772969785,0.048593113155044124
6143,0.7734375,0.4140625,0.37098305667278325,-0.25458905363928114,0.43146336184413253,-0.17425374223485052
6144,0.7890625,0.3984375,0.3938267764514346,-0.050280105813199409,0.40696183051046336,0.047426738257844915
6145,0.8515625,0.7734375,-0.01514232730106493,0.13036999411930889,-0.065332880247915337,0.10811058612761511
6146,0.8359375,0.7890625,0.043444906083659723,0.13071735763984019,-0.0059223796346342325,0.13404843886442702
6147,0.8359375,0.7734375,0.047620868833953556,0.14367372835898576,-0.006571697095891939,0.14856153269167405
6148,0.8515625,0.7890625,-0.013730258614238927,0.11890187491727737,-0.058945231037092101,0.097556571683587959
6149,0.8515625,0.7265625,-0.018775328064960309,0.16396043827106874,-0.083964924641926425,0.13891124819911882
6150,0.8359375,0.7109375,0.064420770890255538,0.19333812196149802,-0.009050947001209942,0.20426478244863755
6151,0.8359375,0.7265625,0.060285203453281908,0.18141043260485185,-0.0084584541295021787,0.19091198475134002
6152,0.8515625,0.7109375,-0.019793605380598898,0.1746377067151805,-0.089837158721043087,0.14862359406843725
6153,0.8984375,0.7734375,-0.078445121585348762,0.021786143803459123,-0.058710945015263943,-0.029708014215547907
6154,0.9140625,0.7890625,-0.064531226394464153,-0.0047992795656616955,-0.02506593887523725,-0.036164816819542485
6155,0.9140625,0.7734375,-0.070109275134281293,-0.0046996541139607429,-0.027761132267556929,-0.040073420502974667
6156,0.8984375,0.7890625,-0.072130101031596144,0.0197967478110718,-0.052990775348591923,-0.026801859223256078
6157,0.8984375,0.7265625,-0.09689392959321283,0.028075433249700677,-0.07540418021393136,-0.038180490420225519
6158,0.9140625,0.7109375,-0.09198634938900517,-0.0036547158910226691,-0.038114471192594458,-0.05506481141098496
6159,0.9140625,0.7265625,-0.086649287736049962,-0.0039777906777773708,-0.035631087642644672,-0.051472386216975453
6160,0.8984375,0.7109375,-0.10276691867892865,0.03019508410944614,-0.080668293051264481,-0.040849475318855452
6161,0.7734375,0.8515625,0.1050135485917872,-0.074455698042629095,0.11716687390865405,-0.047370186583852836
6162,0.7890625,0.8359375,0.13493379123652244,-0.01874926487422229,0.13331726037993943,0.015494789300326637
6163,0.7734375,0.8359375,0.12281052507328274,-0.086085076498363333,0.13792133170832668,-0.055742703951084112
6164,0.7890625,0.8515625,0.11587133434754272,-0.016792291293438372,0.11326475222125605,0.013148932622722624
6165,0.7265625,0.8515625,-0.075370722715630403,-0.14410259112147486,-0.050008035966463853,-0.15453315123334929
6166,0.7109375,0.8359375,-0.16639877536798309,-0.11550215020795072,-0.14856965721838389,-0.14062987745243927
6167,0.7265625,0.8359375,-0.087512885024800882,-0.16876808930947296,-0.058853746245563464,-0.18191147212071754
6168,0.7109375,0.8515625,-0.14252906725216868,-0.098240222003056307,-0.12621811801835114,-0.11945760424700286
6169,0.7734375,0.8984375,0.056484218774298725,-0.0426938092314725,0.06106151727709816,-0.024734881064857318
6170,0.7890625,0.9140625,0.048939612385451838,-0.0097231278321805621,0.043778054036771666,0.0050256900140856738
6171,0.7734375,0.9140625,0.042703361614688018,-0.033494054602325428,0.045251914311125539,-0.018353393250924093
6172,0.7890625,0.8984375,0.063818174127434582,-0.011413182687323636,0.059055200664874803,0.0068091928259900033
6173,0.7265625,0.8984375,-0.042404526503307519,-0.07699285011714542,-0.026096651224663744,-0.080524282454637636
6174,0.7109375,0.9140625,-0.059274656529514698,-0.038034463378471516,-0.048772890097237911,-0.046100113760599762
6175,0.7265625,0.9140625,-0.032940420660217289,-0.057950067842023251,-0.019356891982143184,-0.059670211244838109
6176,0.7109375,0.8984375,-0.07772756865754947,-0.05129173700293236,-0.065799006952375103,-0.062225614956486465
6177,0.7265625,0.6484375,-0.23311760094703293,-0.45576725984153016,-0.16250968460655801,-0.50253118270559716
6178,0.7109375,0.6640625,-0.42913280077851501,-0.30165032049328927,-0.39298931817416338,-0.37208372299220022
6179,0.7265625,0.6640625,-0.22324836539419837,-0.43662133149370375,-0.15562219321145165,-0.4812355221070676
6180,0.7109375,0.6484375,-0.44801421660898089,-0.31490002648314547,-0.41038046061680195,-0.38854963476453469
6181,0.7734375,0.6484375,0.32814919299343182,-0.22494601227770875,0.38094257687115829,-0.15384753173046292
6182,0.7890625,0.6640625,0.34193315492909859,-0.043492461529075356,0.35254808393110876,0.041086254368886341
6183,0.7734375,0.6640625,0.31452357639268469,-0.21551281540264677,0.36480215610586531,-0.14732831980786143
6184,0.7890625,0.6484375,0.35676366736781184,-0.04544012723377925,0.36814618267653931,0.04290380715953495
6185,0.7265625,0.6015625,-0.25771567072828966,-0.50358535666019788,-0.17964842630262806,-0.55552468588954473
6186,0.7109375,0.5859375,-0.5072079063372622,-0.35659425116034904,-0.46481402909081948,-0.44008996959079538
6187,0.7265625,0.5859375,-0.26405853643926147,-0.51596140177946859,-0.18406726470989196,-0.56918880202600064
6188,0.7109375,0.6015625,-0.49506653767950698,-0.34801440177048049,-0.45365616025156213,-0.42952465296869213
6189,0.7734375,0.6015625,0.36217434036061957,-0.24850233717651468,0.42110716386723585,-0.17007072465024783
6190,0.7890625,0.5859375,0.40342502123697022,-0.051516707297439998,0.41697029772969502,0.048593113155055344
6191,0.7734375,0.5859375,0.37098305667278486,-0.25458905363928097,0.4314633618441357,-0.17425374223483792
6192,0.7890625,0.6015625,0.39382677645143677,-0.050280105813198563,0.40696183051045659,0.047426738257854796
6193,0.6484375,0.7265625,-0.11328577978986555,0.50050749789192917,-0.17063114810721475,0.49988559033049812
6194,0.6640625,0.7109375,-0.3440055094202194,0.39676124803524693,-0.39899431963172621,0.36568156315133937
6195,0.6640625,0.7265625,-0.32173901203236493,0.37109344328900973,-0.37289293971062487,0.34175986758870086
6196,0.6484375,0.7109375,-0.12111266233303264,0.53519489156976774,-0.18257487937269784,0.53487677342743867
6197,0.6484375,0.7734375,-0.088271981728558616,0.39068972081720182,-0.13274506949141701,0.38890387755803929
6198,0.6640625,0.7890625,-0.22674789435635739,0.2621891367115794,-0.26173162716100756,0.23989072866682165
6199,0.6640625,0.7734375,-0.25103108908526772,0.28992117760193836,-0.2901032071974865,0.26588903308779338
6200,0.6484375,0.7890625,-0.079614570460524531,0.35311477201264996,-0.1197607456993766,0.35087318130537848
6201,0.6015625,0.7265625,0.5393519436022034,0.1753739762269215,0.53788737824354882,0.22723135649371856
6202,0.5859375,0.7109375,0.61137928620234194,-0.11152718857909696,0.63694400998711709,-0.064106220194129371
6203,0.5859375,0.7265625,0.57157604074544743,-0.10431312687193699,0.59527303909653351,-0.059912960610634058
6204,0.6015625,0.7109375,0.57689458236372027,0.18760865222616063,0.57554084434599107,0.24313882507729287
6205,0.6015625,0.7734375,0.42047137783610361,0.1365353926792009,0.41846080222662119,0.17677544300572828
6206,0.5859375,0.7890625,0.40224924158694603,-0.073773415658410071,0.41781001371397586,-0.042058041630239823
6207,0.5859375,0.7734375,0.44544276166640528,-0.081527439033211496,0.46310240874403591,-0.046614356407778397
6208,0.6015625,0.7890625,0.37979816724708804,0.12318820539148771,0.37753616012720237,0.15948436362209167
6209,0.1484375,0.7734375,0.0040035590062767086,-0.12344999378033263,0.0042103027676016602,-0.12624728960799855
6210,0.1640625,0.7890625,0.065953792296889802,-0.11300921065122578,0.068259519723259707,-0.11549877859031732
6211,0.1640625,0.7734375,0.073100630453104901,-0.12521988183171145,0.075660087680141097,-0.12802083812627837
6212,0.1484375,0.7890625,0.0036281143463329744,-0.11140318846362937,0.0037987960280223779,-0.11389845066914421
6213,0.1484375,0.7265625,0.0050708327616084698,-0.15855740070055499,0.0054105125474698474,-0.16228223223635316
6214,0.1640625,0.7109375,0.10052010517801292,-0.17199976360563846,0.10406406972224468,-0.17608115400644625
6215,0.1640625,0.7265625,0.093948020477871777,-0.16079971096512238,0.097255582170911528,-0.16456109721754453
6216,0.1484375,0.7109375,0.0053991491807167721,-0.16960984527927314,0.005788722443313494,-0.17364302125374687
6217,0.1015625,0.7734375,-0.063372735723817256,-0.0074201362779612885,-0.065448096319908194,-0.006688590320735697
6218,0.0859375,0.7890625,-0.039397072088847011,0.016121186758376056,-0.040509361112969142,0.017106209068511295
6219,0.0859375,0.7734375,-0.043685544224699231,0.017834376678983598,-0.044901441136570984,0.018960288208023639
6220,0.1015625,0.7890625,-0.057147227788543448,-0.0066749922232467182,-0.059046006463594071,-0.0060338395832289695
6221,0.1015625,0.7265625,-0.081586057950550045,-0.0096083867716442537,-0.08413086786187908,-0.0085996156634690225
6222,0.0859375,0.7109375,-0.060204259073867554,0.02435384180556838,-0.061759547097539981,0.026075484358269094
6223,0.0859375,0.7265625,-0.056234293473984502,0.022799486564557544,-0.057718471756859943,0.024370104248007455
6224,0.1015625,0.7109375,-0.087345344949371989,-0.010302103009502529,-0.090021358914472674,-0.0092022368242762331
6225,0.2265625,0.8515625,0.071275832197361111,0.10045770126123028,0.072003986338807946,0.1037774957508104
6226,0.2109375,0.8359375,0.11720497740770061,0.057449306117096234,0.11997106712068328,0.060034682721359603
6227,0.2265625,0.8359375,0.083891866111048125,0.11824788165568062,0.084767519623071913,0.12217404859492072
6228,0.2109375,0.8515625,0.099561620235476725,0.048790136376272462,0.10190659802436886,0.050994481404393152
6229,0.2734375,0.8515625,-0.12122225039802451,0.10164517194914033,-0.12657237174961741,0.1016996572832304
6230,0.2890625,0.8359375,-0.19511185383034688,0.039242682823757216,-0.20134364237244226,0.035956541082348192
6231,0.2734375,0.8359375,-0.14270731752881988,0.1195732950977685,-0.14900942327984151,0.11972636146231215
6232,0.2890625,0.8515625,-0.16576755217726533,0.033398044319921251,-0.1710268926158437,0.030543501328802816
6233,0.2265625,0.8984375,0.037199885593750599,0.05237439167797181,0.037505576041499407,0.054053248818445455
6234,0.2109375,0.9140625,0.038469358913575717,0.018795620317660001,0.039323428081154507,0.019675357778267427
6235,0.2265625,0.9140625,0.027605213979861661,0.038825185370130695,0.027785916541537149,0.040043695905007379
6236,0.2109375,0.8984375,0.051893421766892836,0.02539010589417464,0.053080017832425067,0.026559722603420346
6237,0.2734375,0.8984375,-0.063145831260186511,0.053202751970401516,-0.065926528449870681,0.052975211924268018
6238,0.2890625,0.9140625,-0.064122211761492867,0.01318847455013074,-0.06599580493923253,0.011790861137407948
6239,0.2734375,0.9140625,-0.046782517185799899,0.039558132707752228,-0.048839758816509669,0.03924740606741732
6240,0.2890625,0.8984375,-0.086464060894731701,0.017624953284087124,-0.089083124087527776,0.015912860899706026
6241,0.2734375,0.6484375,-0.39435300512668042,0.32921272123291911,-0.41178409655425141,0.33084560999797297
6242,0.2890625,0.6640625,-0.51622746302778844,0.1029084834061442,-0.5328262324091918,0.095137955941741709
6243,0.2734375,0.6640625,-0.37763715819685906,0.31532946652038207,-0.39433192522701366,0.31682464295436469
6244,0.2890625,0.6484375,-0.5390954215141357,0.1074014709833032,-0.55640819926765139,0.099347525449207053
6245,0.2265625,0.6484375,0.23215867358322803,0.3265616604509986,0.23425906647475775,0.33763100438818427
6246,0.2109375,0.6640625,0.31051642343604335,0.15227689876468758,0.31749168413146012,0.15888314898529846
6247,0.2265625,0.6640625,0.22227012878190347,0.31274203328878042,0.22432984573279188,0.32332144443705951
6248,0.2109375,0.6484375,0.32431352955915099,0.15902537838281791,0.33154399813510455,0.16591542995316746
6249,0.2734375,0.6015625,-0.43596146434964894,0.36372773749320103,-0.45521080555082127,0.36573380416829637
6250,0.2890625,0.5859375,-0.61071683177374492,0.12143007954784005,-0.6302176063945707,0.11252239005592364
6251,0.2734375,0.5859375,-0.44669466860277762,0.37261974330647774,-0.4664075516443561,0.37472890434810829
6252,0.2890625,0.6015625,-0.59602844908467512,0.1185585140383119,-0.61508807540021571,0.10982188331918881
6253,0.2265625,0.6015625,0.25679525811404669,0.36093334969668334,0.25896666460623097,0.37323765417447996
6254,0.2109375,0.5859375,0.36754967344400841,0.18014552292779895,0.37552689263527567,0.18792579822054675
6255,0.2265625,0.5859375,0.26315390261995392,0.36979198270501829,0.26533712443618196,0.38241807832103542
6256,0.2109375,0.6015625,0.3586806322509315,0.17581622910131015,0.36651119395476472,0.183414094256906
6257,0.3515625,0.7265625,0.11363673403012499,-0.50166097105563523,0.13219188048523811,-0.51142470631460568
6258,0.3359375,0.7109375,-0.14283137838511198,-0.50749854221378543,-0.13241181732616186,-0.52481207075789327
6259,0.3359375,0.7265625,-0.13347475043941293,-0.47433048160128505,-0.12374807451519343,-0.49047456464419592
6260,0.3515625,0.7109375,0.12157865013390273,-0.53670957293959387,0.14144620293633842,-0.54722833431934814
6261,0.3515625,0.7734375,0.088414069961205988,-0.39047342619623793,0.10283826538268774,-0.39786220732098437
6262,0.3359375,0.7890625,-0.093714018954410575,-0.33307928050170693,-0.086852911362856264,-0.34424032116705505
6263,0.3359375,0.7734375,-0.10384843226472625,-0.369126485626667,-0.096269197524511171,-0.38156265579422988
6264,0.3515625,0.7890625,0.079758934362806178,-0.35237222703616777,0.092778988188785438,-0.35894612037113099
6265,0.3984375,0.7265625,0.56183992667819949,0.082507319810396246,0.57424714691338463,0.10590619030468992
6266,0.4140625,0.7109375,0.49827781017072564,0.37370254176390749,0.49680056872293055,0.40375785141932363
6267,0.4140625,0.7265625,0.46570164289936822,0.34925251440141986,0.4642960656575168,0.37734027508126194
6268,0.3984375,0.7109375,0.60114451039911854,0.088333117794598182,0.61444914516725613,0.11332154132433273
6269,0.3984375,0.7734375,0.43723518035595899,0.064085535989696144,0.44673484760353271,0.082387099273303593
6270,0.4140625,0.7890625,0.32710574442321078,0.24522276769623724,0.32586979748714279,0.26483645464148925
6271,0.4140625,0.7734375,0.36245547320407068,0.27176296008777473,0.36119910428002916,0.29354987524629789
6272,0.3984375,0.7890625,0.39455853628380788,0.057782303517085402,0.40303862742909097,0.074327645527783218
6273,0.0234375,0.0078125,-4.3911796703090903e-05,-2.1848336787233144e-05,4.8615956067665239e-06,3.3139280295517196e-06
6274,0.0390625,0.0078125,-4.7693667143114101e-05,1.8145667457422519e-05,5.8411520923382664e-06,1.5796898993246215e-05
6275,0.0078125,0.0234375,-4.9180799433408489e-05,-3.5827439364505818e-05,6.3490573194162394e-06,-5.7205232563420333e-08
6276,0.0078125,0.0390625,-6.2554996682342287e-05,-2.0689759875215659e-05,1.7252247164972849e-05,1.2924711573818393e-06
6277,0.9765625,0.0078125,0.0060940344248729596,-0.0024218654070231015,0.00010927470904910538,-2.8972020649329756e-05
6278,0.9609375,0.0078125,0.0041887068178589606,-0.004943938525822594,9.0117495712292494e-05,-8.2211088838811649e-05
6279,0.9921875,0.0234375,0.0076674960871796595,-0.0022923337111619819,0.0001347318438047581,-2.1435104343704362e-05
6280,0.9921875,0.0390625,0.0087842288920425282,-0.0054536841823183135,0.00016881803831386702,-6.6167113991668256e-05
6281,0.9921875,0.9765625,0.0076674960871787896,-0.0022923337111639503,0.00013473184379946655,-2.1435104337698621e-05
6282,0.9921875,0.9609375,0.0087842288920406859,-0.0054536841823200613,0.00016881803831058419,-6.6167113983086863e-05
6283,0.9765625,0.9921875,0.0060940344248722397,-0.0024218654070250543,0.00010927470904381315,-2.8972020643452517e-05
6284,0.9609375,0.9921875,0.0041887068178575668,-0.0049439385258243868,9.0117495708942337e-05,-8.2211088830646848e-05
6285,0.0078125,0.9765625,-4.9180799433360026e-05,-3.5827439364253422e-05,6.3490573252972705e-06,-5.7205223502720311e-08
6286,0.0078125,0.9609375,-6.2554996682068418e-05,-2.0689759874864767e-05,1.7252247174703011e-05,1.292471164898747e-06
6287,0.0234375,0.9921875,-4.3911796703165639e-05,-2.1848336787100241e-05,4.8615956126980406e-06,3.3139280384083448e-06
6288,0.0390625,0.9921875,-4.7693667143263382e-05,1.8145667457499125e-05,5.8411521021051051e-06,1.5796899000147809e-05
6289,0.4921875,0.4765625,-0.97226908965624326,0.012150155999644559,-1.000223475837634,-0.041148539778237875
6290,0.5078125,0.4765625,-0.86128599851989629,-0.4526223773890557,-0.85803620206405229,-0.51567828743319255
6291,0.4921875,0.4609375,-0.96468045904634359,0.012082234036483121,-0.99240718938800887,-0.040826557794873188
6292,0.5078125,0.4609375,-0.85455823174646284,-0.44906910784539794,-0.85133095951789195,-0.51164812434366458
6293,0.4765625,0.4921875,-0.84835233893919182,0.47432492059890774,-0.89748190657165727,0.44346344145691441
6294,0.4765625,0.5078125,-0.8483523389391926,0.47432492059890763,-0.89748190657165428,0.44346344145691557
6295,0.4609375,0.4921875,-0.515098527981942,0.81569186936078097,-0.57047093569284713,0.81308277188686906
6296,0.4609375,0.5078125,-0.51509852798194289,0.81569186936078097,-0.57047093569284313,0.81308277188686862
6297,0.5234375,0.4921875,-0.54261128972283379,-0.80779919939390443,-0.50574444894749837,-0.86392795027671454
6298,0.5234375,0.5078125,-0.54261128972283346,-0.80779919939390399,-0.50574444894749293,-0.8639279502767111
6299,0.5390625,0.4921875,-0.092754563593505146,-0.96037398939001262,-0.029387122360380477,-0.99280646557222818
6300,0.5390625,0.5078125,-0.092754563593504702,-0.96037398939001206,-0.029387122360377799,-0.9928064655722264
6301,0.5078125,0.5234375,-0.8612859985198974,-0.45262237738905542,-0.85803620206403974,-0.51567828743317867
6302,0.4921875,0.5234375,-0.97226908965624537,0.012150155999644691,-1.0002234758376272,-0.041148539778227577
6303,0.5078125,0.5390625,-0.85455823174646417,-0.44906910784539761,-0.85133095951787685,-0.5116481243436467
6304,0.4921875,0.5390625,-0.96468045904634703,0.012082234036483178,-0.99240718938799444,-0.040826557794856444
6305,0.4765625,0.0078125,-0.0020535638610683659,0.0017877417125714101,-0.00072320414591211591,0.00036753011502968079
6306,0.4609375,0.0078125,-0.00095981310336871073,0.0024099253395466575,-0.00045453084189936329,0.00066179811323321285
6307,0.5234375,0.0078125,-0.0020679698923769928,-0.0022344890941077785,-0.00042032430555338719,-0.00070019941023001129
6308,0.5390625,0.0078125,-0.00075372655438947934,-0.0031731945592950333,-3.2523833181275593e-05,-0.00081306065017079036
6309,0.4921875,0.0234375,-0.009939867749551138,0.0012110588307054058,-0.0082868496805995045,-0.00032252578372643053
6310,0.5078125,0.0234375,-0.0094221724512205934,-0.0037510815788322819,-0.007119297776783471,-0.0042569216261786067
6311,0.4921875,0.0390625,-0.023791192876900832,0.0016807800953823311,-0.022530544911563949,-0.00090340403004194919
6312,0.5078125,0.0390625,-0.02185490930727178,-0.0099447747822409959,-0.019340829758386267,-0.011595933206838976
6313,0.0078125,0.4765625,0.001305086077988073,0.0010650163535856018,0.00079111804110592167,0.00011503800020318882
6314,0.0078125,0.4609375,0.0012794484450414701,0.0010607950026629452,0.00078470386411774848,0.00011412384552027603
6315,0.0078125,0.5234375,0.0013050860779877734,0.0010650163535859314,0.00079111804110737938,0.00011503800020325841
6316,0.0078125,0.5390625,0.0012794484450410039,0.0010607950026634246,0.00078470386412023683,0.00011412384552040814
6317,0.0234375,0.4921875,0.0063297472808617706,0.0065482195865019226,0.0062330519460333713,0.0054532565521306156
6318,0.0234375,0.5078125,0.0063297472808617247,0.0065482195865020987,0.006233051946033805,0.0054532565521304031
6319,0.0390625,0.4921875,0.0070044255099739943,0.021556730339944409,0.0074988847775770348,0.021248655131017046
6320,0.0390625,0.5078125,0.007004425509974016,0.021556730339944635,0.007498884777577269,0.021248655131016609
6321,0.9921875,0.4765625,0.0122296255686767,-0.10951768170743829,0.0010882507226628953,-0.0014322301152159297
6322,0.9921875,0.4609375,0.012160144856960113,-0.10856516363162071,0.0010800092757292186,-0.0014193581204198155
6323,0.9921875,0.5234375,0.012229625568677523,-0.10951768170743711,0.0010882507226613694,-0.0014322301152137706
6324,0.9921875,0.5390625,0.012160144856961458,-0.10856516363161896,0.0010800092757267867,-0.001419358120416319
6325,0.9765625,0.4921875,-0.034795989313236873,-0.10466884459078685,0.0076725676143537553,-0.0028623662894179725
6326,0.9765625,0.5078125,-0.034795989313236422,-0.10466884459078662,0.0076725676143536009,-0.0028623662894170687
6327,0.9609375,0.4921875,-0.069858131812493438,-0.085295354589189992,0.016666539682904314,-0.014890032147199982
6328,0.9609375,0.5078125,-0.069858131812492869,-0.085295354589189881,0.016666539682904592,-0.014890032147199091
6329,0.5234375,0.9921875,-0.0020679698923776568,-0.0022344890941074849,-0.00042032430555209775,-0.00070019941022478685
6330,0.5390625,0.9921875,-0.00075372655438977977,-0.0031731945592945818,-3.2523833181556747e-05,-0.000813060650164282
6331,0.4765625,0.9921875,-0.002053563861070141,0.0017877417125717182,-0.00072320414590802695,0.00036753011503188964
6332,0.4609375,0.9921875,-0.00095981310337070111,0.0024099253395470557,-0.0004545308418949558,0.00066179811323507432
6333,0.5078125,0.9765625,-0.0094221724512214017,-0.0037510815788316552,-0.0071192977767789972,-0.0042569216261765215
6334,0.4921875,0.9765625,-0.0099398677495523297,0.0012110588307062409,-0.0082868496805947357,-0.00032252578372582793
6335,0.5078125,0.9609375,-0.021854909307272161,-0.0099447747822402136,-0.01934082975838072,-0.011595933206839694
6336,0.4921875,0.9609375,-0.023791192876901533,0.0016807800953835108,-0.022530544911558904,-0.00090340403004428684
6337,0.2421875,0.2265625,0.031241452854618868,0.2578973347495877,0.028277230467897523,0.26483998788978752
6338,0.2578125,0.2265625,-0.1036728798319993,0.26241376967320384,-0.11108315756100147,0.26734773106695375
6339,0.2421875,0.2109375,0.028183554579303858,0.23270078825830026,0.025511214301163935,0.2389345460825705
6340,0.2578125,0.2109375,-0.093530571749673108,0.23679401135628675,-0.10021750668570459,0.24119738137262758
6341,0.2265625,0.2421875,0.15026540082824347,0.21173390029814346,0.15182818669058484,0.21882960864844611
6342,0.2265625,0.2578125,0.16335503545587951,0.23013811702082829,0.16503146809930014,0.23785924229947625
6343,0.2109375,0.2421875,0.2099798696095313,0.10299126255565237,0.21488223290883851,0.10753267658447338
6344,0.2109375,0.2578125,0.22826565920156205,0.11196575006214554,0.2335686494513888,0.11688429573286942
6345,0.2734375,0.2578125,-0.2778200159626959,0.23227067832678247,-0.29010128326734985,0.23308443587985239
6346,0.2734375,0.2421875,-0.25559408442963477,0.21374705541692957,-0.26689252033730265,0.21443786848273694
6347,0.2890625,0.2578125,-0.37973204938430899,0.075959987756864578,-0.39198741174177903,0.069995031374551195
6348,0.2890625,0.2421875,-0.34935202549482203,0.069934169408335925,-0.36062745598219359,0.064396126903648862
6349,0.2578125,0.2734375,-0.13324629054100709,0.33713591053651465,-0.14279001535680735,0.34365739625092889
6350,0.2421875,0.2734375,0.04020529243659595,0.33139723190576448,0.036349592660778134,0.3404352319983211
6351,0.2578125,0.2890625,-0.14256161644988072,0.36067716141265349,-0.15278627333866546,0.36771587439499204
6352,0.2421875,0.2890625,0.043046147738953329,0.3545574485614571,0.038894899484229174,0.36426855512929379
6353,0.7578125,0.2265625,0.12335601716705689,-0.23046098203153376,0.1689321747623366,-0.20591521280568947
6354,0.7421875,0.2265625,0.0030691196507139809,-0.28364639079113169,0.053865768692963494,-0.28444857299428788
6355,0.7578125,0.2109375,0.1115232274029824,-0.20887123313362238,0.15241295832879673,-0.18578863815875407
6356,0.7421875,0.2109375,0.0025756417501479317,-0.25679684739396141,0.048594703285164451,-0.25663968398087256
6357,0.7734375,0.2421875,0.21529524962266375,-0.14752712738913515,0.24694753549880993,-0.099738538808929356
6358,0.7734375,0.2578125,0.23337578421948263,-0.15977644079729636,0.26841065197299563,-0.1084031554649592
6359,0.7890625,0.2421875,0.2343517605528182,-0.029829387983169846,0.23866058279546332,0.027805586781696708
6360,0.7890625,0.2578125,0.25388595067556147,-0.032205413673892166,0.2594001251077831,0.030226018743656536
6361,0.7265625,0.2578125,-0.16479693638003576,-0.32281321047085421,-0.11449505981996021,-0.35405985885796448
6362,0.7265625,0.2421875,-0.15193488608797845,-0.29753074702616833,-0.10533986159311576,-0.3257432051837621
6363,0.7109375,0.2578125,-0.31688619675941704,-0.22282882258657238,-0.28913149858399839,-0.27374911821517217
6364,0.7109375,0.2421875,-0.29203032910478621,-0.20527638638247636,-0.26600809930273284,-0.25185335421011601
6365,0.7421875,0.2734375,0.0041167747591650105,-0.36208964900910673,0.06924106418282297,-0.36560052121432302
6366,0.7578125,0.2734375,0.15755716632183261,-0.29369983211316597,0.21713225151668189,-0.26465153423521282
6367,0.7421875,0.2890625,0.00434231649517745,-0.38688343593582536,0.074086901726098081,-0.39118702231781527
6368,0.7578125,0.2890625,0.16826534494511663,-0.31373322667960829,0.2323275323190068,-0.28317143384266785
6369,0.7734375,0.7578125,0.21529524962266638,-0.14752712738913043,0.24694753549882503,-0.099738538808924082
6370,0.7734375,0.7421875,0.23337578421948699,-0.15977644079729211,0.26841065197300717,-0.10840315546495642
6371,0.7890625,0.7578125,0.23435176055281953,-0.029829387983164309,0.23866058279547658,0.027805586781705128
6372,0.7890625,0.7421875,0.25388595067556441,-0.032205413673886629,0.25940012510779342,0.030226018743661098
6373,0.7578125,0.7734375,0.12335601716705853,-0.23046098203152982,0.16893217476235114,-0.20591521280568764
6374,0.7421875,0.7734375,0.0030691196507158973,-0.28364639079112908,0.053865768692974797,-0.28444857299429199
6375,0.7578125,0.7890625,0.11152322740298241,-0.20887123313361863,0.15241295832881027,-0.18578863815874982
6376,0.7421875,0.7890625,0.0025756417501485176,-0.25679684739395853,0.048594703285175414,-0.25663968398087555
6377,0.7421875,0.7265625,0.0041167747591703066,-0.36208964900910817,0.069241064182827397,-0.36560052121432463
6378,0.7578125,0.7265625,0.15755716632183869,-0.29369983211316508,0.21713225151668866,-0.26465153423521393
6379,0.7421875,0.7109375,0.0043423164951829855,-0.38688343593582852,0.074086901726098831,-0.39118702231781699
6380,0.7578125,0.7109375,0.16826534494512324,-0.31373322667960873,0.23232753231900921,-0.28317143384266941
6381,0.7265625,0.7421875,-0.16479693638003234,-0.32281321047085598,-0.11449505981995738,-0.35405985885797137
6382,0.7265625,0.7578125,-0.15193488608797565,-0.29753074702616833,-0.10533986159311036,-0.32574320518376876
6383,0.7109375,0.7421875,-0.3168861967594151,-0.22282882258657555,-0.28913149858399922,-0.27374911821517711
6384,0.7109375,0.7578125,-0.29203032910478455,-0.20527638638247783,-0.26600809930273289,-0.25185335421012273
6385,0.2265625,0.7578125,0.15026540082824633,0.21173390029814279,0.15182818669058359,0.21882960864843626
6386,0.2265625,0.7421875,0.16335503545588223,0.23013811702082695,0.16503146809929914,0.23785924229947022
6387,0.2109375,0.7578125,0.2099798696095348,0.10299126255565177,0.2148822329088412,0.10753267658446203
6388,0.2109375,0.7421875,0.2282656592015653,0.11196575006214435,0.23356864945139136,0.11688429573286109
6389,0.2421875,0.7734375,0.031241452854620433,0.25789733474958754,0.028277230467891545,0.2648399878897767
6390,0.2578125,0.7734375,-0.10367287983199867,0.26241376967320401,-0.11108315756101374,0.2673477310669457
6391,0.2421875,0.7890625,0.028183554579304666,0.2327007882583004,0.025511214301159598,0.23893454608255696
6392,0.2578125,0.7890625,-0.093530571749673053,0.23679401135628722,-0.1002175066857162,0.24119738137261487
6393,0.2578125,0.7265625,-0.13324629054100667,0.33713591053651354,-0.14279001535681138,0.34365739625093356
6394,0.2421875,0.7265625,0.040205292436597234,0.33139723190576309,0.036349592660775407,0.34043523199832243
6395,0.2578125,0.7109375,-0.14256161644988119,0.36067716141265221,-0.15278627333866615,0.36771587439500014
6396,0.2421875,0.7109375,0.043046147738953468,0.35455744856145527,0.038894899484227731,0.36426855512929757
6397,0.2734375,0.7421875,-0.27782001596269568,0.23227067832678208,-0.29010128326735851,0.2330844358798575
6398,0.2734375,0.7578125,-0.25559408442963444,0.21374705541692968,-0.26689252033731675,0.21443786848273802
6399,0.2890625,0.7421875,-0.37973204938430916,0.07595998775686448,-0.39198741174178758,0.069995031374560646
6400,0.2890625,0.7578125,-0.34935202549482214,0.0699341694083363,-0.36062745598220808,0.064396126903654677
6401,0.2265625,0.0078125,0.00042627432870182897,0.00044346136389627019,0.00022433605395424794,0.00031775368312090288
6402,0.2109375,0.0078125,0.00050300410886249425,0.00011112695070447794,0.00031501189199694546,0.00015397057302784782
6403,0.2734375,0.0078125,-0.0005878751082543526,0.00081686273743150075,-0.00038906304173015252,0.00031841613779480483
6404,0.2890625,0.0078125,-0.00094548789914468379,0.00048803486429918375,-0.00052887500888309819,9.9821912268887865e-05
6405,0.2421875,0.0234375,0.00069313542063525948,0.0046045158359380237,0.00047687768940388875,0.0044333413024626473
6406,0.2578125,0.0234375,-0.0016653368662912236,0.0048374300854402766,-0.0018560200783918428,0.0044782845942095469
6407,0.2421875,0.0390625,0.0016054748078356889,0.012027770851118658,0.001292921177793041,0.01207596521576903
6408,0.2578125,0.0390625,-0.0046180650723856966,0.012394742586767669,-0.005061397361759438,0.012193387843144632
6409,0.0078125,0.2265625,0.00018216422066457902,0.00053927267348856671,0.00038416430097033594,5.457431194299636e-05
6410,0.0078125,0.2109375,0.00012638660895242696,0.00047495324780004081,0.00034618664725055443,4.8822611378321952e-05
6411,0.0078125,0.2734375,0.00039116821904172107,0.00072283513469168458,0.00049566975730762851,7.1492375331563517e-05
6412,0.0078125,0.2890625,0.0004723068077879481,0.0007773535480563342,0.00053105836573292403,7.6840078319358936e-05
6413,0.0234375,0.2421875,0.0030047607916889175,0.0037783155805087938,0.003354079531915897,0.0029415288976639294
6414,0.0234375,0.2578125,0.0033140697424901269,0.0040924348247226216,0.0036464538512302543,0.0031974359921572255
6415,0.0390625,0.2421875,0.0035146837775890767,0.012037831963530605,0.0040377597283788279,0.011461067680610233
6416,0.0390625,0.2578125,0.0038573175780318102,0.013050394434984897,0.0043895568723162273,0.012457510491240369
6417,0.7734375,0.0078125,0.0044693492012491485,-0.0030082887086217043,0.00042798537486245187,-0.00018300652534137155
6418,0.7890625,0.0078125,0.0054109993996292417,-0.00055054440158022126,0.00042778620113862386,3.9459754342662089e-05
6419,0.7265625,0.0078125,-0.0023829533340980515,-0.004263263492217154,-0.00018270956383630574,-0.00053509930738645411
6420,0.7109375,0.0078125,-0.0040664901108211022,-0.0024569630704439397,-0.00044109714855501128,-0.00040333774729341029
6421,0.7578125,0.0234375,0.0032253960842717161,-0.0092323554254603868,0.0028508443259336758,-0.0035287964245125443
6422,0.7421875,0.0234375,-0.0013852322658991251,-0.0097839535596071243,0.00088351332174799819,-0.0048398911206134505
6423,0.7578125,0.0390625,0.0060809496579415437,-0.016688325072118593,0.0077155987625018123,-0.0094856862779070326
6424,0.7421875,0.0390625,-0.002223508315245979,-0.018329216410718649,0.0024231655357974898,-0.013055975057400344
6425,0.9921875,0.2265625,0.013665902560742779,-0.053807647970413819,0.00066330263052581369,-0.00068851197226078734
6426,0.9921875,0.2109375,0.013910650804619852,-0.049096793332341369,0.00062558208829967298,-0.0006274779544424491
6427,0.9921875,0.2734375,0.012734717959668317,-0.068083250617950605,0.00077051237361140082,-0.0008758702048355249
6428,0.9921875,0.2890625,0.012435314198534591,-0.072767643799092521,0.00080450824860177871,-0.00093803559357293921
6429,0.9765625,0.2421875,-0.01246730611287207,-0.058774118544034602,0.0042458426746304276,-0.0015701895968549824
6430,0.9765625,0.2578125,-0.014722404967047209,-0.062927810462841696,0.00459391501224613,-0.0016930006689742988
6431,0.9609375,0.2421875,-0.033232860020102978,-0.050615737384777829,0.009068269791751217,-0.0080966412223473054
6432,0.9609375,0.2578125,-0.036740568714674328,-0.053676840899677856,0.0098442397303838552,-0.0087796741228164821
6433,0.9921875,0.7734375,0.013665902560744982,-0.053807647970411362,0.00066330263052457531,-0.00068851197225789902
6434,0.9921875,0.7890625,0.013910650804621571,-0.049096793332338351,0.00062558208829998773,-0.00062747795444078464
6435,0.9921875,0.7265625,0.012734717959670735,-0.068083250617949662,0.00077051237360721157,-0.00087587020482779183
6436,0.9921875,0.7109375,0.012435314198536771,-0.072767643799091827,0.00080450824859711794,-0.00093803559356389252
6437,0.9765625,0.7578125,-0.012467306112868811,-0.058774118544034179,0.0042458426746300616,-0.0015701895968499718
6438,0.9765625,0.7421875,-0.014722404967044203,-0.062927810462841821,0.0045939150122457535,-0.0016930006689671278
6439,0.9609375,0.7578125,-0.033232860020099515,-0.050615737384779105,0.0090682697917527401,-0.0080966412223429252
6440,0.9609375,0.7421875,-0.036740568714671427,-0.053676840899679612,0.0098442397303864695,-0.0087796741228097601
6441,0.7734375,0.9921875,0.004469349201248923,-0.0030082887086201921,0.00042798537486231852,-0.00018300652534147954
6442,0.7890625,0.9921875,0.0054109993996289546,-0.00055054440157886362,0.00042778620113923768,3.9459754342325227e-05
6443,0.7265625,0.9921875,-0.0023829533340982987,-0.0042632634922155294,-0.00018270956383888921,-0.00053509930738498957
6444,0.7109375,0.9921875,-0.0040664901108213893,-0.0024569630704424253,-0.00044109714855867631,-0.00040333774729116496
6445,0.7578125,0.9765625,0.0032253960842723237,-0.0092323554254588047,0.0028508443259331103,-0.0035287964245119758
6446,0.7421875,0.9765625,-0.0013852322658985143,-0.0097839535596054867,0.00088351332174707456,-0.0048398911206120098
6447,0.7578125,0.9609375,0.0060809496579428543,-0.016688325072117378,0.0077155987625016726,-0.0094856862779064237
6448,0.7421875,0.9609375,-0.0022235083152446597,-0.018329216410717379,0.002423165535797616,-0.013055975057398788
6449,0.0078125,0.7734375,0.00018216422066516243,0.00053927267348658826,0.00038416430096738452,5.4574311943438382e-05
6450,0.0078125,0.7890625,0.00012638660895342082,0.00047495324779805526,0.00034618664724724089,4.8822611377068926e-05
6451,0.0078125,0.7265625,0.00039116821904135125,0.00072283513469027793,0.00049566975730938123,7.1492375335234165e-05
6452,0.0078125,0.7109375,0.00047230680778742205,0.00077735354805522603,0.00053105836573663385,7.6840078323365645e-05
6453,0.0234375,0.7578125,0.0030047607916881551,0.0037783155805069745,0.0033540795319146779,0.0029415288976667965
6454,0.0234375,0.7421875,0.0033140697424891589,0.0040924348247211566,0.0036464538512312422,0.0031974359921602882
6455,0.0390625,0.7578125,0.003514683777587427,0.012037831963529238,0.0040377597283781739,0.011461067680613991
6456,0.0390625,0.7421875,0.0038573175780301176,0.013050394434983976,0.0043895568723180938,0.01245751049124331
6457,0.2265625,0.9921875,0.00042627432870322445,0.00044346136389793563,0.00022433605394325582,0.00031775368312458239
6458,0.2109375,0.9921875,0.00050300410886344271,0.00011112695070638441,0.00031501189198582052,0.00015397057302877012
6459,0.2734375,0.9921875,-0.00058787510825253407,0.00081686273743167585,-0.00038906304173634966,0.00031841613780358519
6460,0.2890625,0.9921875,-0.00094548789914302778,0.00048803486429884678,-0.00052887500888707927,9.9821912278093554e-05
6461,0.2421875,0.9765625,0.00069313542063750421,0.0046045158359384322,0.00047687768939738267,0.0044333413024732291
6462,0.2578125,0.9765625,-0.0016653368662890957,0.0048374300854400806,-0.0018560200783957492,0.0044782845942209094
6463,0.2421875,0.9609375,0.0016054748078381364,0.012027770851118157,0.0012929211777912635,0.01207596521578253
6464,0.2578125,0.9609375,-0.0046180650723836219,0.012394742586766552,-0.0050613973617580355,0.01219338784315766
6465,0.4921875,0.2734375,-0.61705279660373891,0.008301197977526974,-0.63442339414107363,-0.026089916448023488
6466,0.5078125,0.2734375,-0.54655672697078128,-0.28688225525965239,-0.54423564030944793,-0.32707720683862268
6467,0.4921875,0.2890625,-0.66015463784703254,0.0088231609877880354,-0.67883715211727047,-0.027917394874348071
6468,0.5078125,0.2890625,-0.58472591333604274,-0.30694588400293343,-0.58233552945559697,-0.34997543303402523
6469,0.4921875,0.2265625,-0.4804445215040305,0.0066327079282325462,-0.4935528420857474,-0.020293779117849957
6470,0.5078125,0.2265625,-0.42563265074273404,-0.22329613529073111,-0.42339212366693857,-0.25444939359045909
6471,0.4921875,0.2109375,-0.43366588707510417,0.0060741543956519539,-0.44527913544583575,-0.018307327588084624
6472,0.5078125,0.2109375,-0.38424642554898175,-0.20150667326719499,-0.38198167168325786,-0.2295609965371524
6473,0.4765625,0.2578125,-0.49763859060592064,0.27885797659510358,-0.52599350358405617,0.25991225891447772
6474,0.4765625,0.2421875,-0.45793084272753015,0.25668079707429187,-0.48391441352227937,0.23912052034775075
6475,0.4609375,0.2578125,-0.30224639003222353,0.47893246112179727,-0.33434140860821659,0.47653328128284261
6476,0.4609375,0.2421875,-0.2781141072402934,0.44077402538075777,-0.30759408729789411,0.43841155662059311
6477,0.5234375,0.2578125,-0.31815317339644894,-0.47380542344651533,-0.29640300642813833,-0.50632417988650968
6478,0.5234375,0.2421875,-0.29282175444666619,-0.43605700662666996,-0.27269187265141703,-0.46581919502744573
6479,0.5390625,0.2578125,-0.054178663622666864,-0.56370927811502047,-0.017219447595671247,-0.58186302118499766
6480,0.5390625,0.2421875,-0.049885652480370413,-0.51885907257603492,-0.015842365701700934,-0.53531612015189123
6481,0.2734375,0.4921875,-0.47411397955858475,0.39531004198869013,-0.49499463805275157,0.39769448022574527
6482,0.2734375,0.5078125,-0.47411397955858353,0.3953100419886903,-0.49499463805275112,0.39769448022574438
6483,0.2890625,0.4921875,-0.6482425064956574,0.12875284316501012,-0.66884578924724769,0.11941699531797101
6484,0.2890625,0.5078125,-0.64824250649565596,0.12875284316500987,-0.66884578924724825,0.1194169953179694
6485,0.2265625,0.4921875,0.279398516124792,0.39240442785288643,0.28160198573402784,0.4058569909926012
6486,0.2265625,0.5078125,0.27939851612479155,0.39240442785288687,0.28160198573403106,0.40585699099260175
6487,0.2109375,0.4921875,0.3902078991116556,0.19120091712265827,0.39854546473779906,0.19944491183446128
6488,0.2109375,0.5078125,0.39020789911165527,0.1912009171226588,0.39854546473780211,0.19944491183446159
6489,0.2578125,0.4765625,-0.20988272117512363,0.53069682406264418,-0.22511800382305419,0.54180148560250507
6490,0.2421875,0.4765625,0.063828822728687382,0.52188023619069412,0.057317349721343405,0.53672621946295218
6491,0.2578125,0.4609375,-0.20824447359385292,0.52656881295908353,-0.22335885706099309,0.53756770229138973
6492,0.2421875,0.4609375,0.063320272677999848,0.51781652604970585,0.056869237408208283,0.53253199882904345
6493,0.2578125,0.5234375,-0.20988272117512283,0.53069682406264629,-0.22511800382304864,0.54180148560250185
6494,0.2421875,0.5234375,0.063828822728687104,0.52188023619069634,0.057317349721350122,0.53672621946294996
6495,0.2578125,0.5390625,-0.20824447359385179,0.52656881295908597,-0.22335885706098518,0.53756770229138506
6496,0.2421875,0.5390625,0.063320272677999459,0.51781652604970874,0.056869237408219267,0.53253199882904023
6497,0.7265625,0.4921875,-0.28023273149497008,-0.5476596801160204,-0.19534877965600936,-0.60407702089362902
6498,0.7265625,0.5078125,-0.28023273149497036,-0.54765968011602006,-0.19534877965600755,-0.60407702089362891
6499,0.7109375,0.4921875,-0.53820881782663876,-0.37859644338584725,-0.49330159565981546,-0.4670664703676693
6500,0.7109375,0.5078125,-0.53820881782663899,-0.37859644338584708,-0.49330159565981474,-0.46706647036766918
6501,0.7734375,0.4921875,0.39355914321406138,-0.27013841420131984,0.45790551857783668,-0.18493370088565941
6502,0.7734375,0.5078125,0.39355914321406066,-0.27013841420132007,0.4579055185778384,-0.18493370088565728
6503,0.7890625,0.4921875,0.42802132516884317,-0.054629590904248918,0.44252462967675327,0.051571849628667232
6504,0.7890625,0.5078125,0.42802132516884273,-0.054629590904249008,0.44252462967675593,0.051571849628669626
6505,0.7421875,0.4765625,0.0054582050518732659,-0.56794008248149208,0.10914549662032942,-0.57636232040114643
6506,0.7578125,0.4765625,0.24581961802747143,-0.4602950788797272,0.34228550861511453,-0.41721055093004539
6507,0.7421875,0.4609375,0.0054209091967751619,-0.56349472437371873,0.10829264804012696,-0.57185800858859925
6508,0.7578125,0.4609375,0.24391061836622796,-0.45669928710774871,0.33961086863560985,-0.41395010302693408
6509,0.7421875,0.5234375,0.0054582050518724333,-0.56794008248149208,0.10914549662033553,-0.57636232040114299
6510,0.7578125,0.5234375,0.24581961802747024,-0.46029507887972709,0.34228550861512103,-0.41721055093003973
6511,0.7421875,0.5390625,0.0054209091967738392,-0.56349472437371828,0.10829264804013591,-0.57185800858859037
6512,0.7578125,0.5390625,0.24391061836622657,-0.45669928710774832,0.33961086863561812,-0.41395010302692392
6513,0.5078125,0.7265625,-0.54655672697078339,-0.28688225525965161,-0.5442356403094516,-0.32707720683863661
6514,0.4921875,0.7265625,-0.61705279660374202,0.0083011979775271839,-0.6344233941410824,-0.026089916448042628
6515,0.5078125,0.7109375,-0.58472591333604407,-0.30694588400293249,-0.58233552945560807,-0.34997543303404277
6516,0.4921875,0.7109375,-0.66015463784703554,0.0088231609877888577,-0.67883715211728313,-0.027917394874371223
6517,0.5078125,0.7734375,-0.42563265074273693,-0.223296135290731,-0.42339212366693524,-0.25444939359045704
6518,0.4921875,0.7734375,-0.48044452150403349,0.0066327079282313336,-0.49355284208574451,-0.020293779117850352
6519,0.5078125,0.7890625,-0.38424642554898469,-0.20150667326719551,-0.38198167168325609,-0.22956099653714557
6520,0.4921875,0.7890625,-0.43366588707510739,0.0060741543956502886,-0.44527913544583403,-0.018307327588079091
6521,0.5234375,0.7421875,-0.31815317339645083,-0.47380542344651366,-0.29640300642813433,-0.50632417988651113
6522,0.5234375,0.7578125,-0.29282175444666836,-0.43605700662666874,-0.27269187265141348,-0.46581919502744518
6523,0.5390625,0.7421875,-0.054178663622666781,-0.56370927811501825,-0.017219447595665155,-0.581863021184997
6524,0.5390625,0.7578125,-0.049885652480370975,-0.51885907257603281,-0.015842365701695001,-0.53531612015188612
6525,0.4765625,0.7421875,-0.49763859060592341,0.27885797659510247,-0.52599350358405672,0.25991225891446057
6526,0.4765625,0.7578125,-0.45793084272753326,0.25668079707429009,-0.48391441352227477,0.23912052034774134
6527,0.4609375,0.7421875,-0.30224639003222697,0.47893246112179583,-0.33434140860821104,0.47653328128282213
6528,0.4609375,0.7578125,-0.27811410724029628,0.4407740253807555,-0.30759408729788429,0.43841155662058245
6529,0.1171875,0.1015625,-0.018165370635733563,-0.012878391824695858,-0.018880411959203387,-0.012994673161333419
6530,0.1328125,0.1015625,-0.012311946210314275,-0.024925829938698761,-0.012796951432166966,-0.025367451464898817
6531,0.1171875,0.0859375,-0.01344016503454664,-0.0095385235110261642,-0.013986996103350502,-0.0096262904466612367
6532,0.1328125,0.0859375,-0.0091123720925841319,-0.018476120827346672,-0.0094803412672921621,-0.018792459500322725
6533,0.1015625,0.1171875,-0.021995702759307012,-0.0025169340682495711,-0.022801980785660959,-0.0023283560906726618
6534,0.1015625,0.1328125,-0.027286541343726538,-0.0031357544171126705,-0.028264432578976977,-0.002886660305439364
6535,0.0859375,0.1171875,-0.015171154243353436,0.0063141491254003037,-0.015644032253264651,0.0066075945907893632
6536,0.0859375,0.1328125,-0.018819536149880713,0.0078039477311438021,-0.01939163967148641,0.0081900839716861872
6537,0.1484375,0.1328125,0.0017594903678440018,-0.053399221893241783,0.0018188188664198584,-0.05452205671525532
6538,0.1484375,0.1171875,0.0014191761827474138,-0.04309782069750074,0.0014672424423406152,-0.043985038783853653
6539,0.1640625,0.1328125,0.031560707191758727,-0.054200490580963483,0.03267528041267078,-0.055289093602167105
6540,0.1640625,0.1171875,0.025453019773645547,-0.043753789181639705,0.026360319965648946,-0.044604133807885332
6541,0.1328125,0.1484375,-0.023682763185453645,-0.047820980762437473,-0.024568925958953113,-0.048704377246648951
6542,0.1171875,0.1484375,-0.034953632692057097,-0.024742829666396494,-0.036248844269105733,-0.024950453925733307
6543,0.1328125,0.1640625,-0.027896247065143948,-0.056290850451802862,-0.02892433009788466,-0.05733839555407836
6544,0.1171875,0.1640625,-0.041171327049988625,-0.029135417340387285,-0.042674730216830249,-0.029373840893605476
6545,0.8828125,0.1015625,-0.026814645218857656,0.021551396329605337,-0.023022136656952956,0.00076594622676491694
6546,0.8671875,0.1015625,-0.018049115034288837,0.03427791708058639,-0.024596957256449493,0.014446128237387322
6547,0.8828125,0.0859375,-0.021569925881439817,0.01776864621172879,-0.017085846557354671,0.00059436614858328601
6548,0.8671875,0.0859375,-0.014034300388159613,0.027747377998881675,-0.018236171808991494,0.010739289099044083
6549,0.8984375,0.1171875,-0.03508197190560703,0.0098083508498704834,-0.020586380142183648,-0.010325363442152914
6550,0.8984375,0.1328125,-0.040935591956650717,0.011257248197028108,-0.025474686765217806,-0.012809984964246436
6551,0.9140625,0.1171875,-0.032403895980188092,-0.0035322316551518818,-0.0098007183569683767,-0.014004608671042825
6552,0.9140625,0.1328125,-0.037462389530044514,-0.003913983833713836,-0.012104795088589146,-0.017348042236610926
6553,0.8515625,0.1328125,-0.0057233539881414459,0.063159735864680863,-0.028211352638120614,0.04680239276318944
6554,0.8515625,0.1171875,-0.0041687492435436412,0.052976613616339673,-0.02275469600807449,0.037790832971876159
6555,0.8359375,0.1328125,0.024228655584964464,0.067442119118857377,-0.0027850681801365133,0.064251445310638436
6556,0.8359375,0.1171875,0.020826717599939201,0.055914981669433206,-0.0022278616151472979,0.051860250302589832
6557,0.8671875,0.1484375,-0.032078233495141481,0.05615649287101631,-0.047167503370999515,0.027581423149110461
6558,0.8828125,0.1484375,-0.04464851330886889,0.03389616118944979,-0.044076869726872261,0.0013580286047113436
6559,0.8671875,0.1640625,-0.037110461617148094,0.064014079919216649,-0.055514916648169925,0.032437350291544459
6560,0.8828125,0.1640625,-0.051001833251529335,0.038318420043922552,-0.051862127983658732,0.0015750191393012704
6561,0.8984375,0.8828125,-0.03508197190560372,0.0098083508498718382,-0.020586380142183384,-0.010325363442168051
6562,0.8984375,0.8671875,-0.04093559195664679,0.011257248197028311,-0.025474686765222028,-0.012809984964261214
6563,0.9140625,0.8828125,-0.032403895980185074,-0.0035322316551491886,-0.0098007183569631291,-0.01400460867105692
6564,0.9140625,0.8671875,-0.037462389530040559,-0.0039139838337121386,-0.012104795088588005,-0.017348042236625654
6565,0.8828125,0.8984375,-0.026814645218855088,0.021551396329606336,-0.023022136656953098,0.00076594622675106355
6566,0.8671875,0.8984375,-0.018049115034286457,0.034277917080586251,-0.024596957256454204,0.014446128237375311
6567,0.8828125,0.9140625,-0.02156992588143811,0.017768646211730507,-0.017085846557350414,0.00059436614857116766
6568,0.8671875,0.9140625,-0.014034300388157742,0.027747377998882387,-0.018236171808991765,0.010739289099032663
6569,0.8671875,0.8515625,-0.032078233495139753,0.056156492871013187,-0.047167503371015058,0.027581423149105697
6570,0.8828125,0.8515625,-0.044648513308865774,0.033896161189447431,-0.044076869726884772,0.0013580286047015389
6571,0.8671875,0.8359375,-0.037110461617147317,0.064014079919212902,-0.055514916648186211,0.032437350291543474
6572,0.8828125,0.8359375,-0.051001833251526921,0.038318420043919235,-0.051862127983672963,0.0015750191392946932
6573,0.8515625,0.8671875,-0.0057233539881402428,0.063159735864678004,-0.028211352638135644,0.046802392763186401
6574,0.8515625,0.8828125,-0.004168749243541864,0.052976613616337681,-0.022754696008086477,0.037790832971869547
6575,0.8359375,0.8671875,0.024228655584964572,0.067442119118854366,-0.0027850681801510854,0.064251445310640531
6576,0.8359375,0.8828125,0.020826717599940169,0.055914981669430749,-0.0022278616151598122,0.051860250302587639
6577,0.1015625,0.8828125,-0.021995702759307949,-0.0025169340682502468,-0.022801980785676565,-0.0023283560906793861
6578,0.1015625,0.8671875,-0.027286541343727929,-0.0031357544171134693,-0.028264432578992971,-0.0028866603054405679
6579,0.0859375,0.8828125,-0.015171154243354123,0.0063141491253990798,-0.015644032253277162,0.0066075945907778646
6580,0.0859375,0.8671875,-0.018819536149881848,0.0078039477311423527,-0.019391639671500777,0.0081900839716799855
6581,0.1171875,0.8984375,-0.018165370635734045,-0.012878391824695794,-0.018880411959219218,-0.012994673161339267
6582,0.1328125,0.8984375,-0.01231194621031443,-0.024925829938698425,-0.012796951432182671,-0.025367451464898286
6583,0.1171875,0.9140625,-0.013440165034546873,-0.0095385235110257548,-0.013986996103364183,-0.0096262904466712824
6584,0.1328125,0.9140625,-0.0091123720925840174,-0.018476120827346006,-0.0094803412673071935,-0.018792459500326333
6585,0.1328125,0.8515625,-0.023682763185454859,-0.04782098076243705,-0.024568925958961974,-0.048704377246636565
6586,0.1171875,0.8515625,-0.034953632692058784,-0.024742829666396529,-0.036248844269118487,-0.024950453925724494
6587,0.1328125,0.8359375,-0.027896247065145315,-0.056290850451802085,-0.028924330097889264,-0.057338395554063934
6588,0.1171875,0.8359375,-0.041171327049990596,-0.029135417340386972,-0.042674730216839381,-0.029373840893593246
6589,0.1484375,0.8671875,0.0017594903678436287,-0.053399221893241457,0.0018188188664121951,-0.054522056715242947
6590,0.1484375,0.8828125,0.0014191761827473852,-0.043097820697500483,0.0014672424423296207,-0.043985038783843848
6591,0.1640625,0.8671875,0.031560707191758935,-0.054200490580963316,0.032675280412669122,-0.055289093602153026
6592,0.1640625,0.8828125,0.025453019773646109,-0.043753789181639635,0.026360319965643461,-0.044604133807872287
6593,0.3984375,0.3828125,0.79459011589223716,0.11715543750051265,0.81218545801176723,0.14979702870220665
6594,0.3984375,0.3671875,0.76851975889834956,0.11325818989337025,0.78554976913085839,0.14488344844885859
6595,0.4140625,0.3828125,0.65867290313290017,0.49409492178915299,0.65667734822825896,0.5336959954813163
6596,0.4140625,0.3671875,0.63704882552015596,0.47786894867274166,0.63514132069712992,0.51619285879058008
6597,0.3828125,0.3984375,0.75368804841153891,-0.27642288226813427,0.784554696826265,-0.25797961369094746
6598,0.3671875,0.3984375,0.5125269969841767,-0.58338262069475177,0.54625786213424588,-0.58282063488924463
6599,0.3828125,0.4140625,0.77222688454690636,-0.28316029230325729,0.80385215792391762,-0.26432415530393438
6600,0.3671875,0.4140625,0.52511783177351723,-0.59766780025526645,0.55969371746368801,-0.59715532151386463
6601,0.3671875,0.3515625,0.46367943732308275,-0.52794701763012997,0.49414619842239177,-0.52722272939269377
6602,0.3828125,0.3515625,0.68179224784986803,-0.25026573133484431,0.70970894447780564,-0.23337174558882154
6603,0.3671875,0.3359375,0.44404389593519261,-0.50565420180752052,0.47320359035628834,-0.50487899029546057
6604,0.3828125,0.3359375,0.65290221249120661,-0.23973999237380705,0.67963014489655627,-0.22348219316972512
6605,0.3515625,0.3671875,0.15530446666568701,-0.68578423105964859,0.18083110877198216,-0.69960715894945769
6606,0.3515625,0.3828125,0.16053938032924975,-0.70897369273861388,0.18696194388589085,-0.72332799399344461
6607,0.3359375,0.3671875,-0.18276367960992468,-0.64861466114084443,-0.16928648196577475,-0.6709518615440716
6608,0.3359375,0.3828125,-0.18900159788135015,-0.67057188712041671,-0.17502717033087528,-0.69370157095360663
6609,0.6015625,0.3828125,0.76187473449043142,0.24801663608511823,0.760745399087149,0.32138424539448707
6610,0.6015625,0.3671875,0.73693903316515286,0.23983953941915329,0.73579766829535509,0.31084373410082272
6611,0.5859375,0.3828125,0.80737311996723771,-0.14692604118611463,0.8419071968109566,-0.08472952623797364
6612,0.5859375,0.3671875,0.78095961068980135,-0.14218535339718608,0.81429801826339809,-0.081951975350063558
6613,0.6171875,0.3984375,0.55363009928944673,0.57951834612535325,0.51352920546562353,0.64676538808346451
6614,0.6328125,0.3984375,0.20676226324650701,0.74680806633585983,0.13597559748843185,0.78709371360973146
6615,0.6171875,0.4140625,0.5672291207802963,0.59379576685345914,0.52616006439768548,0.66267425791500489
6616,0.6328125,0.4140625,0.21185726470282998,0.76516094607001861,0.13932032788267529,0.80645364189097724
6617,0.6328125,0.3515625,0.18698017738450662,0.67571136110536179,0.12300261009483204,0.71200702189279419
6618,0.6171875,0.3515625,0.50087603175579454,0.52424775679944235,0.46453984475926852,0.58506407008360484
6619,0.6328125,0.3359375,0.17903182000374812,0.64717745687538353,0.11778906399779278,0.68183202290826495
6620,0.6171875,0.3359375,0.47968248706766581,0.50207750193593192,0.44485221669764591,0.56026840926135557
6621,0.6484375,0.3671875,-0.15428842316725219,0.68317862350385461,-0.2334055100685524,0.68380528938332741
6622,0.6484375,0.3828125,-0.15945434585531348,0.70625997191730139,-0.2413184480925811,0.70698998519075784
6623,0.6640625,0.3671875,-0.43880171048016264,0.50630365645845898,-0.51008240565046692,0.46749741057638594
6624,0.6640625,0.3828125,-0.4535788496116851,0.52338010507665789,-0.52737599697035542,0.4833476402887279
6625,0.6171875,0.6015625,0.55363009928944773,0.57951834612535658,0.51352920546561287,0.64676538808343731
6626,0.6328125,0.6015625,0.20676226324650487,0.74680806633586316,0.13597559748842775,0.78709371360970226
6627,0.6171875,0.5859375,0.56722912078029841,0.59379576685346325,0.52616006439767415,0.66267425791498025
6628,0.6328125,0.5859375,0.21185726470282931,0.7651609460700225,0.13932032788267062,0.80645364189095725
6629,0.6015625,0.6171875,0.76187473449043464,0.24801663608512084,0.76074539908714434,0.32138424539446686
6630,0.6015625,0.6328125,0.73693903316515597,0.23983953941915498,0.73579766829535198,0.31084373410080635
6631,0.5859375,0.6171875,0.80737311996724315,-0.14692604118611216,0.84190719681095161,-0.084729526237984479
6632,0.5859375,0.6328125,0.78095961068980713,-0.14218535339718405,0.81429801826339065,-0.081951975350071635
6633,0.6484375,0.6328125,-0.15428842316725855,0.68317862350385328,-0.23340551006855009,0.68380528938330065
6634,0.6484375,0.6171875,-0.15945434585531937,0.70625997191730217,-0.24131844809257894,0.70698998519073197
6635,0.6640625,0.6328125,-0.43880171048017047,0.50630365645845632,-0.51008240565046514,0.46749741057636246
6636,0.6640625,0.6171875,-0.45357884961169254,0.52338010507665711,-0.52737599697034943,0.48334764028870286
6637,0.6328125,0.6484375,0.18698017738450268,0.67571136110536145,0.12300261009483676,0.71200702189277132
6638,0.6171875,0.6484375,0.50087603175579387,0.52424775679944291,0.46453984475927562,0.58506407008358829
6639,0.6328125,0.6640625,0.17903182000374415,0.64717745687538242,0.11778906399779882,0.68183202290824929
6640,0.6171875,0.6640625,0.4796824870676647,0.50207750193593204,0.44485221669765734,0.5602684092613468
6641,0.3828125,0.6015625,0.75368804841154224,-0.27642288226813644,0.78455469682626289,-0.25797961369095401
6642,0.3671875,0.6015625,0.51252699698418214,-0.58338262069475522,0.54625786213423522,-0.5828206348892514
6643,0.3828125,0.5859375,0.77222688454691091,-0.28316029230326045,0.80385215792391951,-0.26432415530394154
6644,0.3671875,0.5859375,0.52511783177352378,-0.59766780025527078,0.55969371746367802,-0.59715532151386896
6645,0.3984375,0.6171875,0.79459011589223683,0.11715543750051328,0.81218545801177167,0.14979702870219963
6646,0.3984375,0.6328125,0.76851975889834823,0.11325818989337226,0.78554976913085961,0.14488344844884957
6647,0.4140625,0.6171875,0.65867290313289772,0.49409492178915509,0.65667734822827073,0.53369599548131619
6648,0.4140625,0.6328125,0.63704882552015307,0.47786894867274493,0.63514132069713847,0.51619285879057542
6649,0.3515625,0.6328125,0.15530446666568989,-0.68578423105965058,0.18083110877197148,-0.69960715894946568
6650,0.3515625,0.6171875,0.16053938032925386,-0.70897369273861732,0.18696194388587897,-0.72332799399345626
6651,0.3359375,0.6328125,-0.1827636796099219,-0.64861466114084698,-0.16928648196578208,-0.6709518615440826
6652,0.3359375,0.6171875,-0.18900159788134566,-0.67057188712042037,-0.17502717033088652,-0.69370157095362317
6653,0.3671875,0.6484375,0.46367943732308337,-0.52794701763012919,0.49414619842238372,-0.52722272939270265
6654,0.3828125,0.6484375,0.68179224784986692,-0.25026573133484209,0.70970894447779864,-0.23337174558883328
6655,0.3671875,0.6640625,0.44404389593519311,-0.50565420180751919,0.4732035903562819,-0.50487899029546845
6656,0.3828125,0.6640625,0.65290221249120561,-0.23973999237380436,0.67963014489654994,-0.22348219316973839
6657,0.3828125,0.1015625,0.10968840498353871,-0.041062456811712431,0.11363241710122673,-0.037378403269343809
6658,0.3671875,0.1015625,0.074320939881989762,-0.085623066984753707,0.079113755557600987,-0.084424131611462311
6659,0.3828125,0.0859375,0.081418635428247649,-0.030751841642978336,0.084183937288400332,-0.027696099865283479
6660,0.3671875,0.0859375,0.055054560458481352,-0.063778741539165129,0.0586090649943843,-0.062548631141240388
6661,0.3984375,0.1171875,0.15313914428963393,0.021932581071294997,0.15565753040605104,0.028697015226822845
6662,0.3984375,0.1328125,0.1895143310553245,0.027369499619765439,0.19294136582275448,0.035574753992647368
6663,0.4140625,0.1171875,0.12729419115390314,0.094846586264679206,0.12585977868199863,0.10227552077081205
6664,0.4140625,0.1328125,0.15738210878793629,0.11754518345302301,0.1560038093895017,0.12677635327516967
6665,0.3515625,0.1328125,0.038018722288977354,-0.16924527716901597,0.044409813808208201,-0.17183205013634298
6666,0.3515625,0.1171875,0.030583065640016418,-0.1367550751610391,0.03582567568902402,-0.13862689112739937
6667,0.3359375,0.1328125,-0.045144359267626437,-0.15980360479198585,-0.041580394650319485,-0.16478894676348457
6668,0.3359375,0.1171875,-0.036555224290943426,-0.12905180049675663,-0.033546822334636045,-0.1329434618607131
6669,0.3671875,0.1484375,0.14266487030471903,-0.16313423652988235,0.15189029866283318,-0.16206665157771677
6670,0.3828125,0.1484375,0.2099807341041445,-0.077670747840641902,0.21815305958425746,-0.071744042945612721
6671,0.3671875,0.1640625,0.16793309594187289,-0.19182222910686825,0.17881510966489633,-0.19079227975412011
6672,0.3828125,0.1640625,0.24707633941648702,-0.091236913905205955,0.25682235772508055,-0.084458675693983742
6673,0.6171875,0.1015625,0.084215927610661531,0.085316808629537624,0.074436917119156343,0.093692022569988195
6674,0.6328125,0.1015625,0.033045212215887694,0.11172832950137217,0.019740332551352154,0.11404982232187609
6675,0.6171875,0.0859375,0.063613979580133581,0.063443402729083859,0.055164242356931487,0.069413511991336052
6676,0.6328125,0.0859375,0.025505750883781438,0.083648996846036647,0.014640041702983081,0.08450521891110381
6677,0.6015625,0.1171875,0.14971472797908736,0.046875984558294094,0.14584674074357418,0.061579582261798702
6678,0.6015625,0.1328125,0.18443073786932521,0.058466022049039966,0.18076635932151736,0.076336736489370116
6679,0.5859375,0.1171875,0.15753531944962276,-0.030533249373612896,0.1613867482400701,-0.016273843405038693
6680,0.5859375,0.1328125,0.19448523816040958,-0.03699827952893301,0.20003463050118245,-0.020159019853065799
6681,0.6484375,0.1328125,-0.037245329215384856,0.17244473030795598,-0.057317409320748886,0.1680152042564646
6682,0.6484375,0.1171875,-0.029620516087693734,0.1402752272374494,-0.046234288195141297,0.1355634050523484
6683,0.6640625,0.1328125,-0.10931924817417453,0.12915941715469115,-0.12530485985984643,0.11489183284211266
6684,0.6640625,0.1171875,-0.088340447902850838,0.10549755936990732,-0.10109203808971147,0.092708633835150378
6685,0.6328125,0.1484375,0.059498030070181646,0.21094457289719715,0.037838099326355193,0.2189049909924832
6686,0.6171875,0.1484375,0.15693644890136896,0.16272070650786735,0.1428348745293995,0.17985982795014069
6687,0.6328125,0.1640625,0.069291301603348607,0.2475310559938933,0.044533942842728901,0.25769627276658996
6688,0.6171875,0.1640625,0.18380577751220992,0.19125670708081102,0.16813954101114237,0.21173765804916167
6689,0.1015625,0.3828125,-0.11581492295473832,-0.013729783050400594,-0.11899594120869297,-0.012167012431318309
6690,0.1015625,0.3671875,-0.11196544645598909,-0.013267868305223999,-0.11509279071262772,-0.011767591594563592
6691,0.0859375,0.3828125,-0.079855285159752987,0.031921383601381727,-0.08163720800480842,0.034461844149524377
6692,0.0859375,0.3671875,-0.07719497657360834,0.030908930424619237,-0.078959479552922124,0.033332333572111905
6693,0.1171875,0.3984375,-0.12671971013294642,-0.088962961140689745,-0.1303811447822863,-0.089741998817802232
6694,0.1328125,0.3984375,-0.085998304302292397,-0.17144158020209019,-0.088374526881796714,-0.17516494381435649
6695,0.1171875,0.4140625,-0.12987952957397461,-0.091136469432271813,-0.13358878152401502,-0.091949369007680234
6696,0.1328125,0.4140625,-0.088145416390991979,-0.17562421881834159,-0.090548855411714313,-0.17947313418527966
6697,0.1328125,0.3515625,-0.077683201754053674,-0.15519079494177684,-0.079941604762852128,-0.158455140052184
6698,0.1171875,0.3515625,-0.11448602472322221,-0.08051514948739448,-0.11794059712378475,-0.081180474121145318
6699,0.1328125,0.3359375,-0.074347802856663495,-0.14864927438688724,-0.076552734451251922,-0.15173971927051969
6700,0.1171875,0.3359375,-0.10957962519272869,-0.077113985571916566,-0.11294118975031331,-0.077739741095716783
6701,0.1484375,0.3671875,0.0067659397538733929,-0.21654591900656711,0.0073975085087332835,-0.22199307682948763
6702,0.1484375,0.3828125,0.0069763135477348857,-0.22383475008778736,0.0076478470010537493,-0.22951956139124116
6703,0.1640625,0.3671875,0.12851109663862631,-0.21956131358781772,0.13304080751927774,-0.22510883692961883
6704,0.1640625,0.3828125,0.13287431740644451,-0.22694756474222241,0.13755167810629623,-0.23274078122115821
6705,0.1015625,0.6171875,-0.11581492295473726,-0.013729783050400545,-0.11899594120870066,-0.012167012431322262
6706,0.1015625,0.6328125,-0.11196544645598804,-0.013267868305224096,-0.11509279071263474,-0.011767591594569856
6707,0.0859375,0.6171875,-0.079855285159752029,0.031921383601382289,-0.081637208004812917,0.034461844149516876
6708,0.0859375,0.6328125,-0.077194976573607424,0.030908930424619657,-0.078959479552925135,0.033332333572102725
6709,0.1171875,0.6015625,-0.1267197101329455,-0.088962961140689967,-0.13038114478229573,-0.089741998817800123
6710,0.1328125,0.6015625,-0.085998304302291592,-0.17144158020209091,-0.088374526881806678,-0.17516494381434999
6711,0.1171875,0.5859375,-0.12987952957397383,-0.091136469432271577,-0.13358878152402293,-0.091949369007677195
6712,0.1328125,0.5859375,-0.088145416390991257,-0.17562421881834162,-0.09054885541172232,-0.17947313418527358
6713,0.1328125,0.6484375,-0.077683201754052481,-0.15519079494177801,-0.079941604762863064,-0.15845514005218467
6714,0.1171875,0.6484375,-0.1144860247232211,-0.080515149487395035,-0.117940597123794,-0.08118047412115019
6715,0.1328125,0.6640625,-0.074347802856662218,-0.14864927438688802,-0.076552734451260679,-0.15173971927052371
6716,0.1171875,0.6640625,-0.10957962519272757,-0.077113985571916691,-0.11294118975032058,-0.077739741095724124
6717,0.1484375,0.6328125,0.0067659397538741483,-0.21654591900656892,0.0073975085087221665,-0.22199307682948036
6718,0.1484375,0.6171875,0.0069763135477356342,-0.22383475008778922,0.0076478470010435439,-0.229519561391231
6719,0.1640625,0.6328125,0.12851109663862645,-0.21956131358781941,0.13304080751926828,-0.22510883692960834
6720,0.1640625,0.6171875,0.13287431740644454,-0.22694756474222402,0.13755167810628782,-0.23274078122114453
6721,0.8984375,0.3828125,-0.13259977502370326,0.041243893352108568,-0.10657636026469913,-0.05396795868783584
6722,0.8984375,0.3671875,-0.12846056503411446,0.039721389212034386,-0.10308444073296738,-0.052201275714034059
6723,0.9140625,0.3828125,-0.1194697740560329,-0.0020015608875260191,-0.050349405970823859,-0.072735081005304306
6724,0.9140625,0.3671875,-0.1156316955134548,-0.0021898432468928824,-0.048699140654887868,-0.070354084113163587
6725,0.8828125,0.3984375,-0.133472782065024,0.10361590132608915,-0.15804496198644435,0.0046250135380496802
6726,0.8671875,0.3984375,-0.099655222432099649,0.17396206840519338,-0.16933525610540076,0.098760663626240516
6727,0.8828125,0.4140625,-0.13660346158605011,0.10623848143020699,-0.16192994883023037,0.0047403277134518678
6728,0.8671875,0.4140625,-0.10193990894306984,0.17825814430182801,-0.17349763471533033,0.10119050912923834
6729,0.8671875,0.3515625,-0.09093062792025261,0.15753103497249618,-0.15319409070062509,0.089340200975093598
6730,0.8828125,0.3515625,-0.12154826750072856,0.093575857914385427,-0.14298085202461552,0.0041797417196087865
6731,0.8671875,0.3359375,-0.087466568859464244,0.15102903393927639,-0.1467081857871011,0.08555598562005795
6732,0.8828125,0.3359375,-0.11683594748734283,0.089607706881430577,-0.13692836295876107,0.00400181868964974
6733,0.8515625,0.3671875,-0.023749088844211296,0.22090933603562379,-0.11482398702916294,0.18997357966400658
6734,0.8515625,0.3828125,-0.024348532202550927,0.22826679707438183,-0.11871367812940845,0.19641321286528218
6735,0.8359375,0.3671875,0.082627399360749365,0.24471268013429986,-0.011563171693859679,0.26110512441829936
6736,0.8359375,0.3828125,0.085524812424119523,0.25284582673452399,-0.011953405003422441,0.2699559097356824
6737,0.8984375,0.6171875,-0.13259977502370379,0.04124389335210684,-0.10657636026469348,-0.053967958687843293
6738,0.8984375,0.6328125,-0.12846056503411579,0.039721389212033109,-0.10308444073296072,-0.052201275714043094
6739,0.9140625,0.6171875,-0.11946977405603217,-0.0020015608875278614,-0.050349405970814769,-0.072735081005307511
6740,0.9140625,0.6328125,-0.11563169551345485,-0.0021898432468944831,-0.048699140654877911,-0.070354084113167806
6741,0.8828125,0.6015625,-0.13347278206502527,0.10361590132608731,-0.1580449619864433,0.0046250135380420101
6742,0.8671875,0.6015625,-0.099655222432101592,0.17396206840519224,-0.16933525610540401,0.098760663626232689
6743,0.8828125,0.5859375,-0.13660346158605133,0.10623848143020448,-0.16192994883022901,0.004740327713446432
6744,0.8671875,0.5859375,-0.10193990894307202,0.17825814430182613,-0.17349763471533186,0.10119050912923257
6745,0.8671875,0.6484375,-0.09093062792025533,0.15753103497249774,-0.15319409070062923,0.089340200975078263
6746,0.8828125,0.6484375,-0.12154826750073143,0.093575857914385691,-0.142980852024613,0.0041797417195953909
6747,0.8671875,0.6640625,-0.087466568859467644,0.15102903393927852,-0.14670818578710337,0.085555985620042241
6748,0.8828125,0.6640625,-0.11683594748734645,0.089607706881431368,-0.13692836295875668,0.004001818689636197
6749,0.8515625,0.6328125,-0.023749088844213062,0.22090933603562546,-0.1148239870291736,0.1899735796639945
6750,0.8515625,0.6171875,-0.024348532202552682,0.22826679707438247,-0.11871367812941795,0.19641321286527322
6751,0.8359375,0.6328125,0.082627399360748824,0.24471268013430214,-0.011563171693874526,0.26110512441829042
6752,0.8359375,0.6171875,0.085524812424118593,0.25284582673452527,-0.01195340500343599,0.26995590973567807
6753,0.6171875,0.8984375,0.084215927610661379,0.085316808629536556,0.074436917119165238,0.093692022569988001
6754,0.6328125,0.8984375,0.033045212215887645,0.11172832950137124,0.019740332551359912,0.11404982232187556
6755,0.6171875,0.9140625,0.063613979580133859,0.063443402729082804,0.055164242356941798,0.069413511991339771
6756,0.6328125,0.9140625,0.025505750883781791,0.083648996846035842,0.014640041702992072,0.08450521891110703
6757,0.6015625,0.8828125,0.14971472797908661,0.046875984558293192,0.14584674074358095,0.061579582261794691
6758,0.6015625,0.8671875,0.18443073786932421,0.058466022049039661,0.18076635932152005,0.076336736489364759
6759,0.5859375,0.8828125,0.15753531944962193,-0.03053324937361401,0.16138674824007701,-0.016273843405044033
6760,0.5859375,0.8671875,0.19448523816040825,-0.036998279528933524,0.20003463050118664,-0.020159019853072078
6761,0.6484375,0.8671875,-0.037245329215385502,0.17244473030795565,-0.057317409320749364,0.16801520425645733
6762,0.6484375,0.8828125,-0.029620516087694084,0.14027522723744867,-0.046234288195137828,0.13556340505234346
6763,0.6640625,0.8671875,-0.1093192481741752,0.12915941715469068,-0.12530485985984696,0.11489183284210347
6764,0.6640625,0.8828125,-0.088340447902851074,0.10549755936990662,-0.1010920380897086,0.092708633835144202
6765,0.6328125,0.8515625,0.059498030070181077,0.21094457289719748,0.037838099326350398,0.21890499099247759
6766,0.6171875,0.8515625,0.15693644890136857,0.16272070650786791,0.14283487452939586,0.17985982795013633
6767,0.6328125,0.8359375,0.06929130160334819,0.24753105599389422,0.044533942842719089,0.25769627276658519
6768,0.6171875,0.8359375,0.18380577751220958,0.19125670708081208,0.16813954101113254,0.21173765804915862
6769,0.3828125,0.8984375,0.10968840498353966,-0.041062456811710953,0.11363241710122166,-0.037378403269349936
6770,0.3671875,0.8984375,0.074320939881989706,-0.08562306698475293,0.079113755557597878,-0.084424131611470915
6771,0.3828125,0.9140625,0.081418635428247968,-0.03075184164297682,0.084183937288399097,-0.027696099865290688
6772,0.3671875,0.9140625,0.055054560458480867,-0.063778741539164477,0.05860906499438568,-0.062548631141249145
6773,0.3984375,0.8828125,0.15313914428963629,0.021932581071296642,0.15565753040604238,0.028697015226822872
6774,0.3984375,0.8671875,0.18951433105532733,0.027369499619766577,0.19294136582274465,0.035574753992652711
6775,0.4140625,0.8828125,0.12729419115390589,0.094846586264680899,0.1258597786819895,0.1022755207708132
6776,0.4140625,0.8671875,0.15738210878793937,0.11754518345302398,0.15600380938949152,0.1267763532751757
6777,0.3515625,0.8671875,0.038018722288976764,-0.16924527716901527,0.044409813808197827,-0.17183205013635017
6778,0.3515625,0.8828125,0.030583065640015575,-0.13675507516103882,0.035825675689018441,-0.13862689112740956
6779,0.3359375,0.8671875,-0.045144359267628269,-0.15980360479198541,-0.041580394650328811,-0.16478894676349609
6780,0.3359375,0.8828125,-0.036555224290945439,-0.1290518004967568,-0.03354682233463932,-0.13294346186072573
6781,0.3671875,0.8515625,0.14266487030472025,-0.16313423652988135,0.15189029866282153,-0.16206665157771308
6782,0.3828125,0.8515625,0.209980734104147,-0.077670747840641124,0.21815305958424827,-0.071744042945604117
6783,0.3671875,0.8359375,0.16793309594187447,-0.19182222910686728,0.17881510966488651,-0.19079227975411026
6784,0.3828125,0.8359375,0.24707633941648965,-0.0912369139052054,0.25682235772507583,-0.084458675693968657
6785,0.1015625,0.0078125,-0.00010224199233731227,4.3740445228502129e-05,-0.00010448916069956159,-9.1843016712726202e-06
6786,0.0859375,0.0078125,-7.9083088826085188e-05,9.3675246185456637e-05,-7.1465876494709231e-05,3.1179297818167338e-05
6787,0.1484375,0.0078125,4.1750124339498631e-06,-0.00030969220772853422,5.3340507704262213e-06,-0.00020142854400819979
6788,0.1640625,0.0078125,0.00014097649013767113,-0.00037400859159308154,0.00011950725344667172,-0.00020566599239341924
6789,0.1171875,0.0234375,-0.0010993557470825978,-0.00078509315675820001,-0.0011660451610507494,-0.00080093329469888648
6790,0.1328125,0.0234375,-0.0007513082735048582,-0.0015785908412773264,-0.00079088332334594782,-0.0015653598470854149
6791,0.1171875,0.0390625,-0.0030222027290820095,-0.0021610517194652901,-0.003176550449458959,-0.0021849589906905885
6792,0.1328125,0.0390625,-0.002055422880057159,-0.0042290154210791915,-0.0021534610895674825,-0.0042669767989235103
6793,0.0078125,0.1015625,-6.6877004756772616e-05,9.1059740741815322e-05,0.00010328253142556694,1.3016921586636577e-05
6794,0.0078125,0.0859375,-7.2202831887270059e-05,5.4620116607227077e-05,7.642489731648129e-05,9.2516169373475406e-06
6795,0.0078125,0.1484375,-2.2345469495162888e-05,0.00023249852249548756,0.00019883347341992911,2.6812627666311629e-05
6796,0.0078125,0.1640625,4.1337909260245077e-06,0.00028883117207098249,0.00023429258720426195,3.204632146034696e-05
6797,0.0234375,0.1171875,0.00080847280713303984,0.0012090959573690717,0.0010635012432279271,0.0009328891857979236
6798,0.0234375,0.1328125,0.0010335521028890413,0.0014998201507618,0.0013185782933472102,0.0011567846494200135
6799,0.0390625,0.1171875,0.00099437126024582378,0.003893130258017127,0.001280452631331313,0.0036395306274474063
6800,0.0390625,0.1328125,0.0012588583337228832,0.0048136936547320498,0.0015875578895253005,0.0045116572504227317
6801,0.8984375,0.0078125,-0.0058597840003771391,-0.0015523721206478003,-0.00018325725052519381,-8.2102824431940489e-05
6802,0.9140625,0.0078125,-0.0043846563318815602,-0.0042282361440671833,-0.00010621498576148998,-0.00013838052959279571
6803,0.8515625,0.0078125,-0.0020450532859186488,0.0054907896741242176,-0.00014414050266893137,0.00025285923152068394
6804,0.8359375,0.0078125,0.0008093811933735513,0.0056280516717059298,-6.4041315839115338e-06,0.00032320337844442379
6805,0.8828125,0.0234375,-0.0071374656905159768,0.0043575259491146568,-0.0015144437410697822,8.7699048564545792e-05
6806,0.8671875,0.0234375,-0.0044898640208784315,0.0072769597086599141,-0.0015804854491501871,0.00096954601719208278
6807,0.8828125,0.0390625,-0.0094906972765158269,0.0074537391777278767,-0.003959631466518277,0.00018347772194104913
6808,0.8671875,0.0390625,-0.0056123033564816341,0.011390211909257505,-0.0041878800582658537,0.0025172365558557234
6809,0.9921875,0.1015625,0.012518726501180362,-0.019305620950202145,0.00033282729179732112,-0.0002487215710249833
6810,0.9921875,0.0859375,0.011753208967685488,-0.015634159630999133,0.00028943573574740711,-0.0002016877177611055
6811,0.9921875,0.1484375,0.01393661716516921,-0.031237220727394033,0.00046333820565207684,-0.00039965164274961178
6812,0.9921875,0.1640625,0.014113261855858173,-0.035514347222682555,0.00050555649696576649,-0.00045377685182925484
6813,0.9765625,0.1171875,0.0018265270804972413,-0.026772458354839206,0.0014576161850290144,-0.00062168277635284359
6814,0.9765625,0.1328125,0.00062625658655146002,-0.030564691429564958,0.0017754912623481598,-0.00073058192773937892
6815,0.9609375,0.1171875,-0.0090776708237097787,-0.025738070988221236,0.002920546081600315,-0.0027271913736133121
6816,0.9609375,0.1328125,-0.01150722852716364,-0.02887382672313835,0.0036110003467758468,-0.0033315438750772227
6817,0.9921875,0.8984375,0.012518726501176865,-0.0193056209502009,0.00033282729180293203,-0.00024872157101588131
6818,0.9921875,0.9140625,0.011753208967681937,-0.015634159630998803,0.00028943573575128715,-0.00020168771775071204
6819,0.9921875,0.8515625,0.01393661716516755,-0.031237220727390592,0.00046333820565849348,-0.00039965164274631114
6820,0.9921875,0.8359375,0.014113261855857437,-0.035514347222678835,0.00050555649697107941,-0.00045377685182741191
6821,0.9765625,0.8828125,0.0018265270804952638,-0.026772458354835712,0.0014576161850390797,-0.00062168277634944049
6822,0.9765625,0.8671875,0.00062625658655047307,-0.030564691429561034,0.0017754912623574304,-0.00073058192773826003
6823,0.9609375,0.8828125,-0.0090776708237103165,-0.025738070988216982,0.0029205460816121923,-0.0027271913736147653
6824,0.9609375,0.8671875,-0.011507228527162964,-0.028873826723134051,0.0036110003467858822,-0.0033315438750809875
6825,0.8984375,0.9921875,-0.005859784000379036,-0.0015523721206481952,-0.00018325725052119107,-8.2102824424341641e-05
6826,0.9140625,0.9921875,-0.0043846563318836211,-0.0042282361440679405,-0.00010621498575870715,-0.00013838052958379206
6827,0.8515625,0.9921875,-0.0020450532859196792,0.0054907896741246938,-0.0001441405026648655,0.00025285923152293908
6828,0.8359375,0.9921875,0.00080938119337278899,0.0056280516717066506,-6.4041315806466461e-06,0.00032320337844538174
6829,0.8828125,0.9765625,-0.0071374656905174878,0.0043575259491154192,-0.0015144437410623953,8.7699048567535276e-05
6830,0.8671875,0.9765625,-0.0044898640208794922,0.0072769597086607702,-0.0015804854491438323,0.00096954601719316828
6831,0.8828125,0.9609375,-0.0094906972765168504,0.0074537391777293582,-0.0039596314665092487,0.00018347772194021719
6832,0.8671875,0.9609375,-0.005612303356482125,0.011390211909258827,-0.0041878800582588957,0.0025172365558532167
6833,0.0078125,0.8984375,-6.687700475510491e-05,9.1059740741854218e-05,0.00010328253143809979,1.301692158384791e-05
6834,0.0078125,0.9140625,-7.2202831885948891e-05,5.462011660748797e-05,7.642489733034604e-05,9.2516169370597171e-06
6835,0.0078125,0.8515625,-2.2345469493052705e-05,0.00023249852249446947,0.00019883347342393074,2.6812627660136881e-05
6836,0.0078125,0.8359375,4.1337909280172458e-06,0.0002888311720696016,0.00023429258720532339,3.2046321454659242e-05
6837,0.0234375,0.8828125,0.00080847280713472035,0.0012090959573679734,0.0010635012432352387,0.00093288918578819809
6838,0.0234375,0.8671875,0.0010335521028907062,0.001499820150760271,0.0013185782933509127,0.001156784649410628
6839,0.0390625,0.8828125,0.00099437126024697737,0.0038931302580154791,0.0012804526313342063,0.0036395306274339826
6840,0.0390625,0.8671875,0.0012588583337238585,0.0048136936547299629,0.0015875578895243787,0.0045116572504112105
6841,0.1015625,0.9921875,-0.000102241992338339,4.3740445228809073e-05,-0.00010448916068906784,-9.1843016767746955e-06
6842,0.0859375,0.9921875,-7.908308882689258e-05,9.3675246185578569e-05,-7.1465876482037144e-05,3.1179297815545548e-05
6843,0.1484375,0.9921875,4.1750124330049403e-06,-0.00030969220772724819,5.3340507693211592e-06,-0.00020142854401646065
6844,0.1640625,0.9921875,0.00014097649013705541,-0.00037400859159146278,0.00011950725344170243,-0.00020566599240035385
6845,0.1171875,0.9765625,-0.0010993557470834548,-0.00078509315675720796,-0.0011660451610473962,-0.0008009332947099602
6846,0.1328125,0.9765625,-0.00075130827350555372,-0.0015785908412760041,-0.00079088332334710575,-0.0015653598470954761
6847,0.1171875,0.9609375,-0.0030222027290825386,-0.0021610517194641438,-0.0031765504494600692,-0.0021849589907039107
6848,0.1328125,0.9609375,-0.0020554228800574218,-0.0042290154210777465,-0.0021534610895730371,-0.0042669767989339325
6849,0.4921875,0.3984375,-0.89770425070223681,0.011451838543170736,-0.92343977905209762,-0.037985964490723577
6850,0.5078125,0.3984375,-0.79518908146715905,-0.41773537571990421,-0.79216703875052641,-0.47608816299412288
6851,0.4921875,0.4140625,-0.91976456612177682,0.011665590773407133,-0.94615306949426348,-0.038921380068427103
6852,0.5078125,0.4140625,-0.81474211382638395,-0.42805058841052129,-0.81165168451918501,-0.48779917531298372
6853,0.4921875,0.3515625,-0.81213291025621082,0.010568290257707126,-0.83534538772820022,-0.034358737271872518
6854,0.5078125,0.3515625,-0.71935706158713408,-0.37777082475632212,-0.71659528312883425,-0.43066730912444007
6855,0.4921875,0.3359375,-0.77774534764855818,0.010190724924527959,-0.79994224707413608,-0.032901386998265496
6856,0.5078125,0.3359375,-0.68888895808322426,-0.36173053464011318,-0.68622479556241023,-0.412414030677276
6857,0.4765625,0.3828125,-0.75822480572441286,0.42421369702419187,-0.80197953786257914,0.3962777203090323
6858,0.4765625,0.3671875,-0.73339107902916922,0.41038905314596452,-0.77567926193468362,0.38328307278676133
6859,0.4609375,0.3828125,-0.46046540599026092,0.72922521416148101,-0.50976771771604823,0.72656329681191079
6860,0.4609375,0.3671875,-0.44540042658246431,0.70539085136940582,-0.49305056220222859,0.70273671444570118
6861,0.5234375,0.3828125,-0.48482182738830654,-0.72182745652111346,-0.45192523354956876,-0.77199250032900357
6862,0.5234375,0.3671875,-0.46891248670854002,-0.69815902727041579,-0.43710422987039832,-0.74667484171404142
6863,0.5390625,0.3828125,-0.082758199747123909,-0.8583488476117338,-0.026257821396934052,-0.8871592298445361
6864,0.5390625,0.3671875,-0.080013276899993921,-0.83024686087434485,-0.025396175639101303,-0.85806533663448847
6865,0.3984375,0.4921875,0.88930326503110757,0.13132294367642261,0.90890725392640892,0.16763979510590551
6866,0.3984375,0.5078125,0.8893032650311079,0.13132294367642192,0.90890725392640936,0.16763979510590471
6867,0.4140625,0.4921875,0.73726571666639129,0.55300621448035425,0.73488136164855211,0.59725443931975186
6868,0.4140625,0.5078125,0.73726571666639096,0.55300621448035359,0.73488136164855444,0.59725443931975108
6869,0.3515625,0.4921875,0.17949620969377084,-0.79314146105608663,0.20922371730937944,-0.80946417646793445
6870,0.3515625,0.5078125,0.17949620969377286,-0.79314146105608863,0.20922371730937714,-0.80946417646793267
6871,0.3359375,0.4921875,-0.21172675685839282,-0.75027688169799012,-0.19587430096102043,-0.77631154973628902
6872,0.3359375,0.5078125,-0.21172675685839071,-0.75027688169799089,-0.19587430096102204,-0.77631154973628558
6873,0.3828125,0.4765625,0.81636378279317379,-0.29919211849553373,0.84979116745114835,-0.27942770364163472
6874,0.3671875,0.4765625,0.55508400747842612,-0.63166442825898128,0.59167858482902524,-0.63127995459704367
6875,0.3828125,0.4609375,0.80998306627841765,-0.29687500922414956,0.84315031404409457,-0.27724436916224265
6876,0.3671875,0.4609375,0.55075283616776916,-0.62675069891363633,0.58705493037400958,-0.62634697345014889
6877,0.3828125,0.5234375,0.81636378279317734,-0.29919211849553667,0.84979116745114769,-0.27942770364163455
6878,0.3671875,0.5234375,0.55508400747843034,-0.63166442825898417,0.5916785848290208,-0.63127995459704078
6879,0.3828125,0.5390625,0.80998306627842198,-0.29687500922415294,0.84315031404409835,-0.27724436916224432
6880,0.3671875,0.5390625,0.55075283616777526,-0.6267506989136401,0.58705493037400414,-0.62634697345014756
6881,0.6015625,0.4921875,0.85239687304219447,0.27788195036242896,0.85133672396313054,0.35966242273871663
6882,0.6015625,0.5078125,0.85239687304219491,0.27788195036242913,0.85133672396313376,0.35966242273871829
6883,0.5859375,0.4921875,0.90326227466311415,-0.16398567091892305,0.94216295057306598,-0.094813014102805168
6884,0.5859375,0.5078125,0.90326227466311482,-0.16398567091892252,0.94216295057307209,-0.094813014102805515
6885,0.6484375,0.4921875,-0.17828092619611408,0.79013674270648537,-0.27005343078055227,0.79118058804860802
6886,0.6484375,0.5078125,-0.17828092619611374,0.79013674270648537,-0.27005343078054972,0.79118058804860836
6887,0.6640625,0.4921875,-0.50732245106303131,0.58536681966574144,-0.59017479711086374,0.54090339461551717
6888,0.6640625,0.5078125,-0.50732245106303153,0.58536681966574156,-0.59017479711086485,0.54090339461552017
6889,0.6171875,0.4765625,0.59958417144410958,0.62783403035696961,0.55622843738742822,0.70054724620887887
6890,0.6328125,0.4765625,0.2239643587086507,0.80888679174405964,0.14728236507981929,0.85254186645884489
6891,0.6171875,0.4609375,0.59490916385647497,0.62290900244816627,0.55188184736548296,0.69507233311358163
6892,0.6328125,0.4609375,0.22221659956612805,0.80256283500911874,0.14613142502767676,0.84587940194494815
6893,0.6171875,0.5234375,0.5995841714441108,0.62783403035697027,0.55622843738743577,0.70054724620888509
6894,0.6328125,0.5234375,0.22396435870865147,0.8088867917440602,0.14728236507982195,0.85254186645884866
6895,0.6171875,0.5390625,0.59490916385647707,0.62290900244816838,0.55188184736548507,0.69507233311358207
6896,0.6328125,0.5390625,0.22221659956612905,0.80256283500912007,0.14613142502767909,0.84587940194495237
6897,0.5078125,0.6015625,-0.79518908146716027,-0.41773537571990721,-0.79216703875052641,-0.47608816299409418
6898,0.4921875,0.6015625,-0.89770425070224014,0.011451838543168648,-0.92343977905209762,-0.037985964490695676
6899,0.5078125,0.5859375,-0.81474211382638595,-0.42805058841052346,-0.81165168451917935,-0.48779917531295325
6900,0.4921875,0.5859375,-0.91976456612178126,0.011665590773405508,-0.94615306949425637,-0.038921380068399666
6901,0.5078125,0.6484375,-0.71935706158713275,-0.37777082475632362,-0.71659528312885123,-0.4306673091244313
6902,0.4921875,0.6484375,-0.8121329102562117,0.010568290257706113,-0.83534538772821487,-0.034358737271865801
6903,0.5078125,0.6640625,-0.68888895808322403,-0.36173053464011379,-0.68622479556242544,-0.41241403067727411
6904,0.4921875,0.6640625,-0.77774534764856007,0.010190724924527998,-0.79994224707415484,-0.032901386998268313
6905,0.5234375,0.6171875,-0.48482182738830371,-0.72182745652111735,-0.4519252335495762,-0.77199250032897837
6906,0.5234375,0.6328125,-0.46891248670853697,-0.69815902727041812,-0.43710422987040815,-0.7466748417140231
6907,0.5390625,0.6171875,-0.082758199747119426,-0.85834884761173569,-0.026257821396942254,-0.88715922984451911
6908,0.5390625,0.6328125,-0.080013276899988967,-0.83024686087434607,-0.025396175639112586,-0.85806533663447027
6909,0.4765625,0.6171875,-0.75822480572441697,0.42421369702419121,-0.80197953786258402,0.39627772030905201
6910,0.4765625,0.6328125,-0.733391079029173,0.4103890531459643,-0.77567926193469261,0.38328307278677276
6911,0.4609375,0.6171875,-0.46046540599026664,0.72922521416148178,-0.50976771771604401,0.72656329681191978
6912,0.4609375,0.6328125,-0.44540042658246964,0.70539085136940716,-0.49305056220223203,0.70273671444570773
6913,0.3984375,0.0078125,0.0018977360568459137,-0.00017676585809520929,0.0007287972573705899,0.00012628169478017489
6914,0.4140625,0.0078125,0.0018198457550808709,0.00085596864282930089,0.00059371927106143462,0.00047252048179585759
6915,0.3515625,0.0078125,6.4716959530215762e-05,-0.0015914307355218667,0.00016130303168791752,-0.00064643851562902542
6916,0.3359375,0.0078125,-0.00060060958817238655,-0.0012685980544472921,-0.0001607491336984004,-0.00061576367297228225
6917,0.3828125,0.0234375,0.0074507430899119088,-0.003459214221734687,0.0070252906896463218,-0.0023220921127597126
6918,0.3671875,0.0234375,0.0047762208012280902,-0.0063412810544768205,0.0048862684716514922,-0.0052278211828086351
6919,0.3828125,0.0390625,0.018991289162249705,-0.0078341477120665321,0.019125210047519225,-0.0063031243500976065
6920,0.3671875,0.0390625,0.012573456263175563,-0.015404986137171939,0.013310280342242889,-0.014218382854502835
6921,0.6015625,0.0078125,0.0037561375798620075,0.00061389492781478976,0.00071368241056254651,0.0002898281193881342
6922,0.5859375,0.0078125,0.0035173441363089064,-0.0012626487506464073,0.00078124843181745962,-8.9292626272690173e-05
6923,0.6484375,0.0078125,-0.00057415814661362853,0.0042903734471927074,-0.00022119739591233077,0.00067494075844506539
6924,0.6640625,0.0078125,-0.0026234754458214779,0.0036753654177216397,-0.00049952169955473126,0.00047046350725673099
6925,0.6171875,0.0234375,0.0082644697699414786,0.0066270319010214383,0.0046432998920608185,0.0058072382096640163
6926,0.6328125,0.0234375,0.0041518654054762804,0.009790642828622154,0.001250220483013195,0.0070875543294752963
6927,0.6171875,0.0390625,0.017323171488911764,0.015306331731573475,0.012572998579837935,0.015779000339496967
6928,0.6328125,0.0390625,0.007985709602777934,0.021365461340312728,0.0033581572684510562,0.019229181949139605
6929,0.4921875,0.1015625,-0.13188417503267166,0.0030064001151643848,-0.13376864683195444,-0.0054797812131633858
6930,0.5078125,0.1015625,-0.11756440739821082,-0.060360884985204886,-0.11476501162049112,-0.06894700564572713
6931,0.4921875,0.0859375,-0.098245148806827665,0.0026993586992757911,-0.099107714726756724,-0.0040519770484579208
6932,0.5078125,0.0859375,-0.087843811320711687,-0.044581271337343763,-0.085032638293254165,-0.051075253034687976
6933,0.4921875,0.1484375,-0.25110580902934315,0.0040920243421279125,-0.25678778626281518,-0.010547599678861411
6934,0.5078125,0.1484375,-0.22286346135430474,-0.11625991752000374,-0.22029106090628192,-0.13237752416467258
6935,0.4921875,0.1640625,-0.29518315312690002,0.0045337600104042568,-0.30230064789651828,-0.012421871113933709
6936,0.5078125,0.1640625,-0.26180778572106062,-0.13688080094142591,-0.25933231918524302,-0.15584393142821404
6937,0.4765625,0.1171875,-0.14629881961104416,0.083171959494054842,-0.1537044624394647,0.075969952598502491
6938,0.4765625,0.1328125,-0.18108574287189136,0.10246893569145296,-0.19052103089109163,0.094159115425434842
6939,0.4609375,0.1171875,-0.088378027262160902,0.1417543263945189,-0.09769243847237713,0.13926558799920019
6940,0.4609375,0.1328125,-0.10959279049973997,0.17507324292663567,-0.12109586788589653,0.17261760736593063
6941,0.5234375,0.1171875,-0.095031319118284552,-0.13967965133398605,-0.086638452069578209,-0.14796161465634003
6942,0.5234375,0.1328125,-0.11702225302781828,-0.17280232874102705,-0.10738093875246606,-0.18340148587923175
6943,0.5390625,0.1171875,-0.017261549344802691,-0.16709557374263331,-0.0050530822130472027,-0.17005151593351911
6944,0.5390625,0.1328125,-0.020808347702187473,-0.20637071525633571,-0.0062544835023777643,-0.21077650787656571
6945,0.0078125,0.3984375,0.0010649924078421572,0.001017214722495752,0.00072830526089787508,0.00010602712439639015
6946,0.0078125,0.4140625,0.0011332763929095178,0.0010328344136890629,0.00074683994845942537,0.00010870021145482132
6947,0.0078125,0.3515625,0.00082189094863074463,0.00094505100540373391,0.00065678013078568982,9.5593262051877123e-05
6948,0.0078125,0.3359375,0.00073379500796092866,0.00091114151673701307,0.00062819462712348758,9.1371619599039261e-05
6949,0.0234375,0.3828125,0.0055060969218677334,0.0059826858763129117,0.0055671038036943067,0.0048740568900558388
6950,0.0234375,0.3671875,0.0052850803038485637,0.0058182775614301022,0.0053838335329783882,0.0047144577301351
6951,0.0390625,0.3828125,0.006180254218792619,0.019454256303468954,0.0066989491871923485,0.018989746052947124
6952,0.0390625,0.3671875,0.0059546599415707998,0.018864570833977124,0.0064787272119025208,0.018367530211061387
6953,0.0078125,0.6015625,0.0010649924078415299,0.0010172147224962594,0.00072830526090477007,0.00010602712439767043
6954,0.0078125,0.5859375,0.0011332763929088987,0.0010328344136896447,0.00074683994846529427,0.00010870021145567594
6955,0.0078125,0.6484375,0.00082189094863011612,0.00094505100540370464,0.0006567801307939354,9.5593262054775955e-05
6956,0.0078125,0.6640625,0.00073379500796029288,0.00091114151673672543,0.00062819462713129741,9.1371619602450256e-05
6957,0.0234375,0.6171875,0.0055060969218673596,0.0059826858763135943,0.0055671038037022266,0.0048740568900536947
6958,0.0234375,0.6328125,0.0052850803038481248,0.0058182775614306053,0.005383833532987087,0.0047144577301332334
6959,0.0390625,0.6171875,0.0061802542187926008,0.019454256303469843,0.0066989491871988459,0.018989746052941358
6960,0.0390625,0.6328125,0.0059546599415706628,0.018864570833977863,0.0064787272119100087,0.01836753021105561
6961,0.1015625,0.4921875,-0.12983212509450925,-0.015397489335100619,-0.13316987196206428,-0.013617420221556037
6962,0.1015625,0.5078125,-0.12983212509450909,-0.015397489335100366,-0.1331698719620657,-0.013617420221556516
6963,0.0859375,0.4921875,-0.089552672874534028,0.035586872906578852,-0.091361202507725753,0.038563100750105717
6964,0.0859375,0.5078125,-0.089552672874533848,0.035586872906579123,-0.091361202507726738,0.038563100750105349
6965,0.1484375,0.4921875,0.0077414132038452306,-0.25024818301716711,0.0085567276202348826,-0.2568494309041861
6966,0.1484375,0.5078125,0.0077414132038452774,-0.25024818301716706,0.0085567276202349295,-0.25684943090418555
6967,0.1640625,0.4921875,0.14873921274770352,-0.25371601654703624,0.15393196229482989,-0.260453550206242
6968,0.1640625,0.5078125,0.14873921274770341,-0.25371601654703596,0.1539319622948315,-0.26045355020624178
6969,0.1171875,0.4765625,-0.13741051565910056,-0.096300471872635282,-0.14122494329538771,-0.097204056840546588
6970,0.1328125,0.4765625,-0.093261346115137145,-0.18556639927412899,-0.095725110839056188,-0.18972889174795188
6971,0.1171875,0.4609375,-0.13632110389450608,-0.095554981020735008,-0.1401210619313816,-0.096444461652884131
6972,0.1328125,0.4609375,-0.092521427647882348,-0.18413060368640335,-0.094976832347227702,-0.18824635938340822
6973,0.1171875,0.5234375,-0.13741051565910026,-0.096300471872634658,-0.14122494329539118,-0.097204056840547365
6974,0.1328125,0.5234375,-0.09326134611513702,-0.1855663992741283,-0.095725110839058075,-0.18972889174795229
6975,0.1171875,0.5390625,-0.13632110389450566,-0.095554981020734203,-0.14012106193138563,-0.096444461652883534
6976,0.1328125,0.5390625,-0.092521427647882279,-0.18413060368640258,-0.094976832347230561,-0.18824635938340675
6977,0.9921875,0.3984375,0.011761456309911935,-0.10028313418160066,0.0010110459238206236,-0.0013074635824756966
6978,0.9921875,0.4140625,0.011852750082472031,-0.10298604702554551,0.0010330523154836076,-0.0013439713886369048
6979,0.9921875,0.3515625,0.01171418112242913,-0.090035194149740524,0.00093121476068043973,-0.001169264653059121
6980,0.9921875,0.3359375,0.011806955053327258,-0.086023864214164247,0.00090118895078341026,-0.001115319462527128
6981,0.9765625,0.3828125,-0.029995535967348885,-0.09285690215533203,0.0068732371103749886,-0.0025442948602343173
6982,0.9765625,0.3671875,-0.028588021249722321,-0.089753903396354098,0.006654786137794428,-0.0024590553861057666
6983,0.9609375,0.3828125,-0.061265339157039418,-0.07602102978529475,0.014912026901265023,-0.013299921771638797
6984,0.9609375,0.3671875,-0.058875265160878001,-0.073640720754222969,0.014429533169996421,-0.012864877821937825
6985,0.9921875,0.6015625,0.011761456309913678,-0.10028313418159791,0.0010110459238158195,-0.0013074635824678179
6986,0.9921875,0.5859375,0.011852750082473842,-0.10298604702554279,0.0010330523154791678,-0.0013439713886299817
6987,0.9921875,0.6484375,0.011714181122430618,-0.090035194149738748,0.00093121476067526039,-0.0011692646530489905
6988,0.9921875,0.6640625,0.011806955053328816,-0.086023864214162957,0.00090118895077825228,-0.0011153194625166752
6989,0.9765625,0.6171875,-0.029995535967346262,-0.092856902155330434,0.0068732371103746789,-0.002544294860224118
6990,0.9765625,0.6328125,-0.02858802124972001,-0.089753903396352863,0.0066547861377943976,-0.0024590553860947715
6991,0.9609375,0.6171875,-0.0612653391570364,-0.076021029785294292,0.014912026901269436,-0.013299921771629549
6992,0.9609375,0.6328125,-0.058875265160875476,-0.073640720754222802,0.01442953317000154,-0.01286487782192791
6993,0.8984375,0.4921875,-0.14804375292923522,0.04673940310589042,-0.11926346174953475,-0.0603842589166627
6994,0.8984375,0.5078125,-0.14804375292923511,0.046739403105890059,-0.11926346174953373,-0.060384258916662679
6995,0.9140625,0.4921875,-0.13380616321366903,-0.0015822175689942674,-0.056348328664525951,-0.081386000205469641
6996,0.9140625,0.5078125,-0.1338061632136687,-0.0015822175689945682,-0.056348328664525091,-0.081386000205469586
6997,0.8515625,0.4921875,-0.026611326319250533,0.25541962103831023,-0.13284056787405266,0.21980453561856711
6998,0.8515625,0.5078125,-0.026611326319250936,0.25541962103831001,-0.13284056787405257,0.21980453561856791
6999,0.8359375,0.4921875,0.096103226420916191,0.28282069099185436,-0.013370484294578631,0.30210300539189994
7000,0.8359375,0.5078125,0.096103226420915594,0.28282069099185553,-0.013370484294578322,0.30210300539190027
7001,0.8828125,0.4765625,-0.14416775639961382,0.1125275826437812,-0.17118047376011264,0.005015511991912568
7002,0.8671875,0.4765625,-0.10745764394833655,0.18858495005459769,-0.18340806398210932,0.1069765491890724
7003,0.8828125,0.4609375,-0.14306389390140131,0.11161487401264517,-0.16984304534484621,0.0049756804272640962
7004,0.8671875,0.4609375,-0.10665238098874361,0.18708343850490036,-0.18197527761674109,0.10613998973757517
7005,0.8828125,0.5234375,-0.14416775639961413,0.11252758264378025,-0.17118047376011022,0.0050155119919122384
7006,0.8671875,0.5234375,-0.10745764394833746,0.18858495005459697,-0.18340806398210774,0.10697654918907216
7007,0.8828125,0.5390625,-0.1430638939014019,0.11161487401264378,-0.1698430453448439,0.0049756804272634569
7008,0.8671875,0.5390625,-0.1066523809887451,0.18708343850489942,-0.18197527761673937,0.10613998973757431
7009,0.6015625,0.9921875,0.003756137579862295,0.00061389492781538802,0.0007136824105556885,0.00028982811939707128
7010,0.5859375,0.9921875,0.0035173441363092464,-0.0012626487506458373,0.00078124843181193659,-8.9292626263745518e-05
7011,0.6484375,0.9921875,-0.000574158146613744,0.0042903734471936659,-0.00022119739592007273,0.00067494075845164368
7012,0.6640625,0.9921875,-0.0026234754458217091,0.0036753654177227569,-0.00049952169956180806,0.00047046350726213151
7013,0.6171875,0.9765625,0.0082644697699419886,0.0066270319010219084,0.0046432998920575763,0.0058072382096754256
7014,0.6328125,0.9765625,0.0041518654054766941,0.009790642828622808,0.0012502204830093287,0.0070875543294860489
7015,0.6171875,0.9609375,0.017323171488912496,0.015306331731573562,0.012572998579839553,0.015779000339509137
7016,0.6328125,0.9609375,0.0079857096027786297,0.021365461340313047,0.0033581572684518615,0.019229181949151301
7017,0.3984375,0.9921875,0.0018977360568445919,-0.00017676585809524523,0.00072879725737484886,0.00012628169478392509
7018,0.4140625,0.9921875,0.0018198457550791742,0.00085596864282953431,0.00059371927106590511,0.00047252048179878434
7019,0.3515625,0.9921875,6.4716959530370776e-05,-0.0015914307355228447,0.00016130303169050144,-0.00064643851562221446
7020,0.3359375,0.9921875,-0.00060060958817175077,-0.0012685980544484099,-0.00016074913369695977,-0.00061576367296448575
7021,0.3828125,0.9765625,0.0074507430899109165,-0.0034592142217345942,0.0070252906896521956,-0.0023220921127575186
7022,0.3671875,0.9765625,0.004776220801227431,-0.0063412810544773244,0.0048862684716574857,-0.0052278211828051778
7023,0.3828125,0.9609375,0.018991289162248782,-0.007834147712065951,0.019125210047525699,-0.0063031243500985788
7024,0.3671875,0.9609375,0.012573456263174718,-0.015404986137172156,0.013310280342250215,-0.01421838285450268
7025,0.5078125,0.8984375,-0.11756440739821042,-0.060360884985205789,-0.11476501162049317,-0.068947005645736692
7026,0.4921875,0.8984375,-0.131884175032671,0.0030064001151641566,-0.13376864683195855,-0.0054797812131718903
7027,0.5078125,0.9140625,-0.087843811320711077,-0.044581271337344096,-0.085032638293252652,-0.051075253034696802
7028,0.4921875,0.9140625,-0.098245148806826971,0.0026993586992762183,-0.099107714726757612,-0.0040519770484669536
7029,0.5078125,0.8515625,-0.22286346135430629,-0.11625991752000547,-0.22029106090628986,-0.13237752416467541
7030,0.4921875,0.8515625,-0.25110580902934437,0.0040920243421259956,-0.25678778626282367,-0.01054759967886146
7031,0.5078125,0.8359375,-0.26180778572106278,-0.13688080094142741,-0.25933231918525168,-0.15584393142821371
7032,0.4921875,0.8359375,-0.29518315312690213,0.0045337600104023192,-0.30230064789652494,-0.012421871113929284
7033,0.5234375,0.8828125,-0.095031319118284774,-0.13967965133398774,-0.086638452069580443,-0.14796161465634955
7034,0.5234375,0.8671875,-0.11702225302781932,-0.1728023287410288,-0.10738093875247133,-0.18340148587923966
7035,0.5390625,0.8828125,-0.017261549344803229,-0.16709557374263484,-0.0050530822130458028,-0.17005151593352819
7036,0.5390625,0.8671875,-0.020808347702188725,-0.20637071525633718,-0.006254483502379277,-0.21077650787657443
7037,0.4765625,0.8828125,-0.1462988196110433,0.083171959494054565,-0.15370446243947286,0.075969952598497786
7038,0.4765625,0.8671875,-0.18108574287189103,0.10246893569145188,-0.19052103089110053,0.094159115425434217
7039,0.4609375,0.8828125,-0.088378027262159389,0.14175432639451935,-0.097692438472386442,0.13926558799919822
7040,0.4609375,0.8671875,-0.1095927904997388,0.17507324292663523,-0.1210958678859059,0.17261760736593285
7041,0.2421875,0.1484375,0.01629685693418154,0.13430637861788822,0.014711884417046879,0.13778254352323549
7042,0.2578125,0.1484375,-0.053897832374472883,0.13673519114247062,-0.057789994260665785,0.13908883501148073
7043,0.2421875,0.1640625,0.019159705350710626,0.15806414724627985,0.01731933253371546,0.16220653899129933
7044,0.2578125,0.1640625,-0.063471888265560203,0.16089549035359094,-0.068034604342322266,0.16374381623874226
7045,0.2421875,0.1015625,0.0085817419288797981,0.070093840073857744,0.0076646414538850379,0.071766608368329585
7046,0.2578125,0.1015625,-0.028003851391091437,0.071439574497990821,-0.030099185560966638,0.072448609749459977
7047,0.2421875,0.0859375,0.0064128452306919286,0.052001032587318037,0.0056792348889659157,0.053166959460333986
7048,0.2578125,0.0859375,-0.020705540291787665,0.053043581547602046,-0.02229731588695814,0.053673088678073543
7049,0.2265625,0.1328125,0.059190245050957636,0.083410026478932947,0.059772557220936273,0.086147813602790363
7050,0.2265625,0.1171875,0.047780934504032868,0.067310680309899965,0.048221512358779264,0.069498726038714612
7051,0.2109375,0.1328125,0.082657451175406071,0.040493566198601623,0.08459516440414537,0.042331151576929793
7052,0.2109375,0.1171875,0.066696922349889637,0.032658953559032151,0.068246638364278939,0.034149705228863125
7053,0.2734375,0.1328125,-0.10063226937225371,0.084466925066597254,-0.10507053041358867,0.084424417591691198
7054,0.2734375,0.1171875,-0.081186594761436415,0.06824723040885422,-0.084764576087081489,0.068110090392559233
7055,0.2890625,0.1328125,-0.13764921657553916,0.027800758675671472,-0.14197386193019934,0.025356151983635694
7056,0.2890625,0.1171875,-0.11109649503888472,0.022519601663177926,-0.11453676237178005,0.020457399177902191
7057,0.1484375,0.2421875,0.0043709279671514979,-0.13538881282733636,0.0046182761905197234,-0.13849320939620094
7058,0.1484375,0.2578125,0.0047274557063666815,-0.14712184571201556,0.0050193883588231809,-0.15053622356741428
7059,0.1640625,0.2421875,0.080186236014845036,-0.13732011853085874,0.08299897253556017,-0.14043850714595518
7060,0.1640625,0.2578125,0.087153291408234829,-0.14921097039708112,0.090216264657629275,-0.15265039903329947
7061,0.1015625,0.2421875,-0.069553801829841819,-0.0081615693194722894,-0.071796977919248689,-0.0073379540267216022
7062,0.1015625,0.2578125,-0.075640647329486888,-0.0088929822293943288,-0.078040828384420557,-0.007976626929385007
7063,0.0859375,0.2421875,-0.047943567658195262,0.019527494230282764,-0.049257002788502278,0.020798824066838594
7064,0.0859375,0.2578125,-0.052137217436063601,0.021186785311167997,-0.053540499410510367,0.02260680460972582
7065,0.1328125,0.2265625,-0.045656178089942233,-0.091855794853293107,-0.047227341846487594,-0.09361967346689018
7066,0.1171875,0.2265625,-0.067354013044306882,-0.047596470466273195,-0.069678045407256931,-0.047961878087733854
7067,0.1328125,0.2109375,-0.041163946580343079,-0.082884694640612086,-0.042607358537422119,-0.084462059669771189
7068,0.1171875,0.2109375,-0.060735267348348262,-0.042937552181271245,-0.062862058586166683,-0.04327009070778845
7069,0.1328125,0.2734375,-0.058808218158539163,-0.11800320887321034,-0.060709839136077463,-0.12034248673232573
7070,0.1171875,0.2734375,-0.086717959265376385,-0.061182090940826252,-0.089568772034585215,-0.06165317040059249
7071,0.1328125,0.2890625,-0.06296882444714047,-0.12623552131108207,-0.064960821462097543,-0.12876746501458061
7072,0.1171875,0.2890625,-0.092840183184098438,-0.065461106815298473,-0.095840140261083326,-0.065969723872391764
7073,0.3515625,0.2578125,0.10542033627336886,-0.46541956683218,0.12262374866988476,-0.4744073547193326
7074,0.3515625,0.2421875,0.096990971700200351,-0.428259495346483,0.11281366253428617,-0.43645432605732415
7075,0.3359375,0.2578125,-0.12380922161297832,-0.44003684945664767,-0.11479078884471487,-0.45497309386485674
7076,0.3359375,0.2421875,-0.1139077968573334,-0.40487674855764211,-0.10560724090929392,-0.41857431390814781
7077,0.3984375,0.2578125,0.52121246105618402,0.076494604630483229,0.53268250496658576,0.098239657624043172
7078,0.3984375,0.2421875,0.47956866083719596,0.070338810215471878,0.49006740668849164,0.090379501929873998
7079,0.4140625,0.2578125,0.43203323873676952,0.32398435410955334,0.43068989985810074,0.35002739287795187
7080,0.4140625,0.2421875,0.3975273332659634,0.29808755408082788,0.39623449585128251,0.32202433259909991
7081,0.3671875,0.2734375,0.35222253770447232,-0.40132797747064386,0.37529028730471475,-0.40041410353153795
7082,0.3828125,0.2734375,0.51786184305393734,-0.1904209606124927,0.53900325591451959,-0.17724398392413826
7083,0.3671875,0.2890625,0.37686305103628487,-0.42933614886055249,0.40156362511823351,-0.42844557474733158
7084,0.3828125,0.2890625,0.55409218009353955,-0.20367091824934211,0.57673790131579472,-0.18965142803444435
7085,0.3671875,0.2265625,0.27406488339105556,-0.31245551669282295,0.29195600513202735,-0.31150309677291327
7086,0.3828125,0.2265625,0.40297779059725802,-0.14834657267204204,0.41931641684720111,-0.13788915035215302
7087,0.3671875,0.2109375,0.24728034715872432,-0.28199806181172343,0.26339852117732526,-0.28103463075106644
7088,0.3828125,0.2109375,0.36362042415804813,-0.13392267451017451,0.3783016620082682,-0.12440275352804027
7089,0.2578125,0.3515625,-0.17535388688214412,0.44354837372646749,-0.18801067869381025,0.45249291754991822
7090,0.2421875,0.3515625,0.053121899973727474,0.43610229905241632,0.047865360450230064,0.44825252797035364
7091,0.2578125,0.3359375,-0.16794004119709582,0.42481479507506498,-0.18004282710403358,0.43331605624841335
7092,0.2421875,0.3359375,0.050833782808610554,0.41766658589543848,0.045836025337230364,0.42925501693457757
7093,0.2578125,0.3984375,-0.1937983064703816,0.49013109543233263,-0.20783708673269044,0.50021066092322364
7094,0.2421875,0.3984375,0.058834948652158638,0.48194921663203094,0.052915379768871625,0.49552411329899382
7095,0.2578125,0.4140625,-0.19855458100819864,0.50213413821585773,-0.21294890750491552,0.51251360616732256
7096,0.2421875,0.4140625,0.060311400244117554,0.49376382686340808,0.054217496615859832,0.50771205602322567
7097,0.2734375,0.3671875,-0.40970890808416499,0.34195828024363423,-0.42781407571921776,0.34372389082884508
7098,0.2734375,0.3828125,-0.42360738368430556,0.3534867521259541,-0.44231986749581231,0.35537756165512657
7099,0.2890625,0.3671875,-0.56010526332322053,0.11152357927179805,-0.5780685002636835,0.10321396875884736
7100,0.2890625,0.3828125,-0.57912284114710721,0.11524993673996006,-0.59766930091492576,0.10671270421891133
7101,0.2265625,0.3671875,0.24124772898656988,0.33925180670605992,0.24337924486363555,0.35077442872450376
7102,0.2265625,0.3828125,0.24947765670871994,0.35073264744308053,0.2516323162714989,0.36266809012107215
7103,0.2109375,0.3671875,0.33699345211719067,0.16522349164027611,0.34445127418296384,0.17237465577080996
7104,0.2109375,0.3828125,0.34847369202440714,0.17083204861841472,0.35613135145326552,0.17821972293538016
7105,0.7578125,0.1484375,0.064617314489200939,-0.1246176247037518,0.08789917542348287,-0.10720268519817612
7106,0.7421875,0.1484375,-1.389371780325121e-05,-0.15172292531703382,0.028001697285304918,-0.14805208076118306
7107,0.7578125,0.1640625,0.076049693591897796,-0.14499350218231913,0.10347842976417995,-0.12617836854954764
7108,0.7421875,0.1640625,0.00069649945350487,-0.1771650092287945,0.032975550598584327,-0.17427259748238652
7109,0.7578125,0.1015625,0.033468150162418067,-0.069067377144949718,0.045784893708438454,-0.055905217013942077
7110,0.7421875,0.1015625,-0.0019764603088955435,-0.082443546848296356,0.014556519801773285,-0.077171626077364636
7111,0.7578125,0.0859375,0.024700970048921564,-0.053150875488970774,0.033919187267307332,-0.041447931219667743
7112,0.7421875,0.0859375,-0.0024188806756668953,-0.062702992402162636,0.01076999957866091,-0.057197569336101477
7113,0.7734375,0.1328125,0.087880813160446727,-0.063279443673488409,0.097276164686104866,-0.039346218526010723
7114,0.7734375,0.1171875,0.071626994067803137,-0.052657701832701936,0.078490430227190891,-0.031767498513675337
7115,0.7890625,0.1328125,0.097520288868924235,-0.01492618626864874,0.094046676205289587,0.010900612197967631
7116,0.7890625,0.1171875,0.080093282365568591,-0.013139282505331007,0.0758958235688941,0.0087776516361218297
7117,0.7265625,0.1328125,-0.063731721702992281,-0.12038917903167412,-0.041531050972509934,-0.12829479331771529
7118,0.7265625,0.1171875,-0.052705951213334601,-0.097916260998965832,-0.033525045333398056,-0.10351448764218925
7119,0.7109375,0.1328125,-0.11962409951890365,-0.081637785035053534,-0.10479778484047036,-0.099166853041439781
7120,0.7109375,0.1171875,-0.097935909338443455,-0.065910409512220616,-0.084567908429508357,-0.080003836560633826
7121,0.8515625,0.2421875,-0.016454203694024699,0.14175284773323094,-0.07166588856642514,0.11857699841068553
7122,0.8515625,0.2578125,-0.017664214897378214,0.15297444062959795,-0.077892715554037859,0.1288706266524493
7123,0.8359375,0.2421875,0.051844579944958981,0.15649810138475403,-0.0072142126990319081,0.16295347247148301
7124,0.8359375,0.2578125,0.056079290968265923,0.16910427447732146,-0.0078447323664861904,0.17710706258261841
7125,0.8984375,0.2421875,-0.084699585842392844,0.023844281122270924,-0.064383476308722778,-0.032588529260261602
7126,0.8984375,0.2578125,-0.090860238767698193,0.025949223711608748,-0.069962341373255937,-0.035420003379466609
7127,0.9140625,0.2421875,-0.075676194903599003,-0.0045188469357953127,-0.030434599595299705,-0.043948150269429602
7128,0.9140625,0.2578125,-0.08120068429517234,-0.0042722167836800103,-0.033064724404983002,-0.047757630983902226
7129,0.8671875,0.2265625,-0.057270238932709903,0.096812516052231942,-0.090575227631703281,0.052840315377779529
7130,0.8828125,0.2265625,-0.076736088568871902,0.057125431196871933,-0.084561086965606935,0.0024920120396303672
7131,0.8671875,0.2109375,-0.052320224175689427,0.088514413685318344,-0.081728021636492912,0.047689948197144026
7132,0.8828125,0.2109375,-0.070353672389231209,0.05230227655540242,-0.076309409519861704,0.0022591194165425079
7133,0.8671875,0.2734375,-0.071320260053303025,0.12133560448761829,-0.11638636316821784,0.067875397154632325
7134,0.8828125,0.2734375,-0.095146764380653337,0.071638104651622833,-0.10863758900595739,0.0031792192842761391
7135,0.8671875,0.2890625,-0.075667360509111978,0.12919696118110496,-0.12452280218848401,0.072617876840264453
7136,0.8828125,0.2890625,-0.1009342352089477,0.076361940321751656,-0.11622826029187415,0.0033983665148062839
7137,0.6484375,0.2578125,-0.105167568452858,0.4646783435093072,-0.15828216656738403,0.46370888996866211
7138,0.6484375,0.2421875,-0.09681056101062549,0.4279774287225066,-0.14562054197934646,0.4266183921818536
7139,0.6640625,0.2578125,-0.29870885939201497,0.34459289755710881,-0.34590667134058961,0.31702793362588266
7140,0.6640625,0.2421875,-0.27508072038705461,0.31746389443070455,-0.31823807527363401,0.29167159850967689
7141,0.6015625,0.2578125,0.50056795027515089,0.16272439211283235,0.49895801822080121,0.21078467101254889
7142,0.6015625,0.2421875,0.4608372602797095,0.14974721851586206,0.45904519772793395,0.19392216166281251
7143,0.5859375,0.2578125,0.53044291139381294,-0.096865526404975602,0.55218980461227718,-0.055577743950112703
7144,0.5859375,0.2421875,0.48828925883795748,-0.089247976828471381,0.50801788866542319,-0.05113325829336119
7145,0.6328125,0.2734375,0.14202283452854525,0.51404136001749989,0.093416388471666445,0.54075992296912256
7146,0.6171875,0.2734375,0.38078545083289633,0.39865522967258699,0.35280963374253677,0.44434558488480225
7147,0.6328125,0.2890625,0.15191850302972554,0.54972629819151608,0.099955840665098744,0.57861335848140316
7148,0.6171875,0.2890625,0.40728292301611219,0.42637790652739338,0.37750700259917452,0.47545085930587222
7149,0.6328125,0.2265625,0.11088071657371316,0.40098951160260832,0.072678258818864958,0.42069851288347215
7150,0.6171875,0.2265625,0.29698665917480765,0.31077320143030868,0.27447808847379723,0.34568657980621104
7151,0.6328125,0.2109375,0.10030708015961498,0.36227215980201322,0.06557317166448548,0.37955576837198812
7152,0.6171875,0.2109375,0.26836037533587337,0.28064704705660315,0.24763648855778173,0.31187752382127293
7153,0.7421875,0.3515625,0.004888360491279913,-0.47464151570865748,0.091159292525481897,-0.48135641837136894
7154,0.7578125,0.3515625,0.20590106337382025,-0.38475711956960823,0.28587223789162902,-0.34843982715072869
7155,0.7421875,0.3359375,0.0047857407926694606,-0.45472900797617577,0.087297686685840675,-0.46095856573199012
7156,0.7578125,0.3359375,0.19738667514169814,-0.36863115131772434,0.2737600348905419,-0.33367475718582207
7157,0.7421875,0.3984375,0.0051507702540589326,-0.52436997547315389,0.10076852422770197,-0.53211588809717469
7158,0.7578125,0.3984375,0.22715220427623239,-0.42503197318446395,0.3160125009784665,-0.3851825272182578
7159,0.7421875,0.4140625,0.0052299391049117879,-0.53723566053270522,0.10324629604739662,-0.54520394068288491
7160,0.7578125,0.4140625,0.23265612373386327,-0.4354486097986045,0.32378397678278137,-0.3946564269936324
7161,0.7265625,0.3671875,-0.2421934239314617,-0.47338676928167628,-0.1688360401874498,-0.52209201125528348
7162,0.7265625,0.3828125,-0.25041143922254877,-0.48936187702595946,-0.17456090371130759,-0.53979343590316164
7163,0.7109375,0.3671875,-0.46537290525728447,-0.32709659745325315,-0.42635459934685516,-0.40367417968727237
7164,0.7109375,0.3828125,-0.48109156848536944,-0.33815945439256639,-0.4408099781797189,-0.41736106511895732
7165,0.7734375,0.3671875,0.34068619110069381,-0.23362934008747346,0.39576806799429676,-0.15983577947793803
7166,0.7734375,0.3828125,0.35205286392367613,-0.24149988889407936,0.40918424181077723,-0.16525483377576028
7167,0.7890625,0.3671875,0.37041638545035965,-0.047230899072690465,0.38247367258836085,0.044573247661486799
7168,0.7890625,0.3828125,0.38279880259021865,-0.04884844023511576,0.39543927602050044,0.04608402781285216
7169,0.8515625,0.7578125,-0.016454203694029383,0.14175284773323135,-0.071665888566426153,0.11857699841069079
7170,0.8515625,0.7421875,-0.017664214897382881,0.15297444062959953,-0.077892715554036651,0.12887062665244969
7171,0.8359375,0.7578125,0.051844579944954908,0.15649810138475664,-0.007214212699030411,0.16295347247149078
7172,0.8359375,0.7421875,0.056079290968262391,0.16910427447732507,-0.0078447323664842111,0.17710706258262035
7173,0.8984375,0.7578125,-0.084699585842394454,0.023844281122266418,-0.064383476308722223,-0.032588529260261866
7174,0.8984375,0.7421875,-0.090860238767700788,0.025949223711604869,-0.069962341373251455,-0.035420003379467692
7175,0.9140625,0.7578125,-0.075676194903598837,-0.0045188469358000858,-0.030434599595297925,-0.043948150269429678
7176,0.9140625,0.7421875,-0.081200684295173312,-0.0042722167836845475,-0.033064724404977243,-0.04775763098390149
7177,0.8671875,0.7734375,-0.057270238932713574,0.096812516052229333,-0.090575227631708777,0.052840315377784428
7178,0.8828125,0.7734375,-0.07673608856887415,0.057125431196867887,-0.084561086965612153,0.0024920120396318916
7179,0.8671875,0.7890625,-0.052320224175692112,0.088514413685314888,-0.081728021636502141,0.04768994819714914
7180,0.8828125,0.7890625,-0.070353672389232347,0.052302276555397979,-0.076309409519870919,0.0022591194165436043
7181,0.8671875,0.7265625,-0.071320260053308035,0.12133560448761883,-0.1163863631682146,0.067875397154627259
7182,0.8828125,0.7265625,-0.095146764380658028,0.07163810465162132,-0.10863758900595154,0.0031792192842716991
7183,0.8671875,0.7109375,-0.07566736050911689,0.12919696118110635,-0.12452280218848116,0.072617876840255599
7184,0.8828125,0.7109375,-0.1009342352089526,0.076361940321751046,-0.11622826029186728,0.0033983665147987847
7185,0.7578125,0.8515625,0.064617314489198857,-0.12461762470375221,0.087899175423487977,-0.10720268519817114
7186,0.7421875,0.8515625,-1.3893717805032211e-05,-0.15172292531703416,0.028001697285311083,-0.14805208076118373
7187,0.7578125,0.8359375,0.076049693591895395,-0.14499350218231843,0.10347842976418739,-0.12617836854954192
7188,0.7421875,0.8359375,0.00069649945350282855,-0.17716500922879391,0.032975550598591703,-0.17427259748238746
7189,0.7578125,0.8984375,0.033468150162418803,-0.069067377144951286,0.04578489370844039,-0.055905217013941536
7190,0.7421875,0.8984375,-0.0019764603088947251,-0.082443546848297605,0.014556519801777393,-0.077171626077366121
7191,0.7578125,0.9140625,0.024700970048923007,-0.053150875488971738,0.033919187267308477,-0.041447931219667423
7192,0.7421875,0.9140625,-0.0024188806756654173,-0.062702992402163413,0.0107699995786642,-0.057197569336102407
7193,0.7734375,0.8671875,0.087880813160445242,-0.063279443673489907,0.097276164686105185,-0.039346218526003299
7194,0.7734375,0.8828125,0.071626994067802735,-0.052657701832703782,0.07849043022719028,-0.031767498513670868
7195,0.7890625,0.8671875,0.09752028886892275,-0.014926186268650698,0.094046676205286256,0.010900612197976972
7196,0.7890625,0.8828125,0.080093282365568258,-0.013139282505333175,0.075895823568889811,0.0087776516361274988
7197,0.7265625,0.8671875,-0.063731721702993169,-0.12038917903167494,-0.041531050972504334,-0.12829479331772101
7198,0.7265625,0.8828125,-0.052705951213334629,-0.097916260998966928,-0.033525045333392414,-0.10351448764219424
7199,0.7109375,0.8671875,-0.11962409951890446,-0.081637785035054256,-0.10479778484046591,-0.099166853041448094
7200,0.7109375,0.8828125,-0.097935909338443483,-0.065910409512221574,-0.084567908429503402,-0.080003836560641015
7201,0.7421875,0.6484375,0.0048883604912822246,-0.47464151570866303,0.091159292525474583,-0.48135641837135978
7202,0.7578125,0.6484375,0.20590106337382463,-0.38475711956961189,0.28587223789161836,-0.34843982715072047
7203,0.7421875,0.6640625,0.0047857407926731443,-0.45472900797618204,0.087297686685831891,-0.46095856573198213
7204,0.7578125,0.6640625,0.19738667514170374,-0.36863115131772817,0.27376003489053047,-0.33367475718581574
7205,0.7421875,0.6015625,0.0051507702540587392,-0.524369975473155,0.10076852422770813,-0.53211588809716348
7206,0.7578125,0.6015625,0.22715220427623398,-0.42503197318446506,0.31601250097846928,-0.38518252721824464
7207,0.7421875,0.5859375,0.0052299391049113065,-0.53723566053270555,0.10324629604740579,-0.54520394068287248
7208,0.7578125,0.5859375,0.23265612373386396,-0.43544860979860478,0.32378397678279042,-0.39465642699362097
7209,0.7265625,0.6328125,-0.24219342393146323,-0.47338676928168144,-0.16883604018745074,-0.52209201125527549
7210,0.7265625,0.6171875,-0.25041143922255071,-0.48936187702596234,-0.17456090371130342,-0.53979343590315132
7211,0.7109375,0.6328125,-0.46537290525728869,-0.32709659745325809,-0.42635459934685599,-0.40367417968727515
7212,0.7109375,0.6171875,-0.4810915684853736,-0.33815945439256878,-0.44080997817971218,-0.41736106511895721
7213,0.7734375,0.6328125,0.34068619110069803,-0.23362934008747452,0.39576806799428615,-0.15983577947792929
7214,0.7734375,0.6171875,0.35205286392367935,-0.24149988889408,0.4091842418107709,-0.16525483377575012
7215,0.7890625,0.6328125,0.37041638545036348,-0.047230899072689736,0.38247367258834547,0.044573247661491996
7216,0.7890625,0.6171875,0.3827988025902217,-0.048848440235115129,0.39543927602049,0.046084027812860397
7217,0.6484375,0.7421875,-0.10516756845285904,0.4646783435093057,-0.15828216656738764,0.4637088899686751
7218,0.6484375,0.7578125,-0.096810561010625837,0.4279774287225061,-0.14562054197935359,0.4266183921818622
7219,0.6640625,0.7421875,-0.29870885939201608,0.34459289755710604,-0.34590667134059389,0.31702793362588783
7220,0.6640625,0.7578125,-0.27508072038705517,0.317463894430703,-0.31823807527364079,0.29167159850968016
7221,0.6015625,0.7421875,0.500567950275153,0.16272439211283424,0.49895801822080821,0.21078467101256584
7222,0.6015625,0.7578125,0.46083726027971211,0.14974721851586376,0.45904519772793684,0.19392216166283022
7223,0.5859375,0.7421875,0.53044291139381561,-0.096865526404973312,0.55218980461229095,-0.05557774395009777
7224,0.5859375,0.7578125,0.48828925883796026,-0.089247976828468717,0.50801788866542796,-0.051133258293343434
7225,0.6328125,0.7265625,0.14202283452854408,0.514041360017499,0.093416388471671191,0.54075992296913777
7226,0.6171875,0.7265625,0.38078545083289655,0.39865522967258754,0.3528096337425462,0.44434558488481857
7227,0.6328125,0.7109375,0.15191850302972326,0.54972629819151508,0.099955840665106085,0.57861335848141204
7228,0.6171875,0.7109375,0.40728292301611158,0.42637790652739349,0.37750700259918618,0.47545085930588227
7229,0.6328125,0.7734375,0.11088071657371394,0.40098951160260937,0.072678258818854091,0.42069851288348037
7230,0.6171875,0.7734375,0.2969866591748096,0.31077320143031062,0.27447808847378857,0.34568657980622264
7231,0.6328125,0.7890625,0.10030708015961576,0.36227215980201471,0.065573171664471588,0.37955576837199467
7232,0.6171875,0.7890625,0.26836037533587526,0.2806470470566052,0.24763648855776837,0.31187752382128131
7233,0.1484375,0.7578125,0.0043709279671531199,-0.1353888128273342,0.004618276190530771,-0.13849320939620105
7234,0.1484375,0.7421875,0.0047274557063685992,-0.14712184571201367,0.0050193883588318918,-0.15053622356741894
7235,0.1640625,0.7578125,0.080186236014847659,-0.13732011853085721,0.082998972535571924,-0.14043850714595865
7236,0.1640625,0.7421875,0.087153291408237465,-0.14921097039708003,0.090216264657638601,-0.15265039903330635
7237,0.1015625,0.7578125,-0.069553801829843651,-0.008161569319470199,-0.071796977919244456,-0.0073379540267164388
7238,0.1015625,0.7421875,-0.075640647329488206,-0.0088929822293920772,-0.0780408283844157,-0.0079766269293842732
7239,0.0859375,0.7578125,-0.047943567658197656,0.019527494230284093,-0.049257002788499767,0.020798824066844003
7240,0.0859375,0.7421875,-0.052137217436065586,0.021186785311169635,-0.053540499410506773,0.022606804609727579
7241,0.1328125,0.7734375,-0.04565617808994233,-0.091855794853290693,-0.047227341846478449,-0.093619673466883005
7242,0.1171875,0.7734375,-0.067354013044308145,-0.04759647046627092,-0.069678045407251255,-0.047961878087725264
7243,0.1328125,0.7890625,-0.041163946580343676,-0.082884694640609935,-0.042607358537414999,-0.084462059669760475
7244,0.1171875,0.7890625,-0.060735267348349872,-0.042937552181269385,-0.062862058586163477,-0.043270090707776432
7245,0.1328125,0.7265625,-0.058808218158537984,-0.11800320887320845,-0.060709839136072669,-0.12034248673233228
7246,0.1171875,0.7265625,-0.086717959265376204,-0.061182090940824045,-0.089568772034581065,-0.061653170400597555
7247,0.1328125,0.7109375,-0.062968824447139041,-0.12623552131108079,-0.064960821462096155,-0.12876746501458844
7248,0.1171875,0.7109375,-0.092840183184097855,-0.065461106815296724,-0.095840140261081883,-0.065969723872399633
7249,0.2421875,0.8515625,0.016296856934180298,0.13430637861788741,0.014711884417057446,0.13778254352322483
7250,0.2578125,0.8515625,-0.053897832374475076,0.13673519114247021,-0.057789994260659894,0.13908883501146457
7251,0.2421875,0.8359375,0.019159705350709443,0.15806414724627957,0.01731933253372198,0.16220653899128529
7252,0.2578125,0.8359375,-0.063471888265562285,0.1608954903535911,-0.068034604342322044,0.16374381623872389
7253,0.2421875,0.8984375,0.0085817419288801641,0.070093840073855634,0.0076646414538998247,0.071766608368333915
7254,0.2578125,0.8984375,-0.028003851391092061,0.071439574497988545,-0.030099185560951314,0.072448609749458784
7255,0.2421875,0.9140625,0.0064128452306930726,0.052001032587315831,0.0056792348889784759,0.05316695946034336
7256,0.2578125,0.9140625,-0.020705540291787415,0.053043581547599514,-0.02229731588694351,0.053673088678077893
7257,0.2265625,0.8671875,0.059190245050957518,0.083410026478931643,0.059772557220950921,0.086147813602790196
7258,0.2265625,0.8828125,0.047780934504033312,0.067310680309898285,0.048221512358793461,0.069498726038719372
7259,0.2109375,0.8671875,0.082657451175406529,0.040493566198600554,0.084595164404158402,0.042331151576935427
7260,0.2109375,0.8828125,0.066696922349890636,0.032658953559030847,0.068246638364290235,0.034149705228872847
7261,0.2734375,0.8671875,-0.10063226937225636,0.084466925066596324,-0.10507053041358183,0.084424417591674017
7262,0.2734375,0.8828125,-0.081186594761438635,0.068247230408852513,-0.084764576087070026,0.068110090392546785
7263,0.2890625,0.8671875,-0.13764921657554213,0.02780075867567092,-0.14197386193019795,0.025356151983616768
7264,0.2890625,0.8828125,-0.11109649503888754,0.022519601663176514,-0.11453676237177209,0.020457399177886759
7265,0.2578125,0.6484375,-0.1753538868821482,0.44354837372646777,-0.18801067869380211,0.45249291754992493
7266,0.2421875,0.6484375,0.053121899973723283,0.43610229905241615,0.047865360450235581,0.44825252797035903
7267,0.2578125,0.6640625,-0.16794004119709974,0.42481479507506514,-0.18004282710402639,0.43331605624842207
7268,0.2421875,0.6640625,0.050833782808606828,0.41766658589543765,0.04583602533723459,0.42925501693458379
7269,0.2578125,0.6015625,-0.19379830647038426,0.49013109543233535,-0.20783708673267787,0.50021066092321975
7270,0.2421875,0.6015625,0.058834948652155383,0.48194921663203355,0.052915379768884864,0.49552411329899604
7271,0.2578125,0.5859375,-0.19855458100820003,0.50213413821586095,-0.21294890750490389,0.51251360616731967
7272,0.2421875,0.5859375,0.060311400244115278,0.49376382686341097,0.054217496615873405,0.50771205602322356
7273,0.2734375,0.6328125,-0.4097089080841681,0.34195828024363478,-0.42781407571920899,0.34372389082884508
7274,0.2734375,0.6171875,-0.42360738368430817,0.35348675212595537,-0.44231986749580199,0.3553775616551228
7275,0.2890625,0.6328125,-0.56010526332322264,0.11152357927179772,-0.57806850026367618,0.10321396875884206
7276,0.2890625,0.6171875,-0.57912284114710799,0.11524993673996019,-0.59766930091491965,0.10671270421890096
7277,0.2265625,0.6328125,0.24124772898656599,0.33925180670605998,0.24337924486363935,0.35077442872450881
7278,0.2265625,0.6171875,0.24947765670871619,0.35073264744308175,0.25163231627150662,0.36266809012107754
7279,0.2109375,0.6328125,0.33699345211718751,0.16522349164027533,0.34445127418296484,0.17237465577081915
7280,0.2109375,0.6171875,0.34847369202440409,0.17083204861841511,0.35613135145326874,0.17821972293538985
7281,0.3515625,0.7421875,0.10542033627337027,-0.46541956683217967,0.12262374866989026,-0.47440735471931794
7282,0.3515625,0.7578125,0.096990971700201808,-0.42825949534648261,0.11281366253428986,-0.43645432605730811
7283,0.3359375,0.7421875,-0.12380922161297753,-0.44003684945664773,-0.11479078884471465,-0.45497309386484092
7284,0.3359375,0.7578125,-0.11390779685733256,-0.40487674855764216,-0.10560724090929922,-0.41857431390813316
7285,0.3984375,0.7421875,0.52121246105618468,0.07649460463048334,0.53268250496660774,0.098239657624039078
7286,0.3984375,0.7578125,0.47956866083719729,0.070338810215471378,0.4900674066885139,0.090379501929878411
7287,0.4140625,0.7421875,0.43203323873676885,0.32398435410955301,0.43068989985812139,0.35002739287793933
7288,0.4140625,0.7578125,0.39752733326596368,0.29808755408082682,0.39623449585130849,0.32202433259910035
7289,0.3671875,0.7265625,0.35222253770447398,-0.40132797747064308,0.37529028730472536,-0.40041410353153306
7290,0.3828125,0.7265625,0.51786184305393868,-0.19042096061249186,0.53900325591453424,-0.17724398392414237
7291,0.3671875,0.7109375,0.37686305103628648,-0.42933614886055149,0.40156362511824267,-0.42844557474733386
7292,0.3828125,0.7109375,0.554092180093541,-0.20367091824934083,0.57673790131580471,-0.18965142803445514
7293,0.3671875,0.7734375,0.27406488339105767,-0.31245551669282268,0.29195600513203673,-0.31150309677289562
7294,0.3828125,0.7734375,0.4029777905972603,-0.14834657267204229,0.41931641684721804,-0.13788915035213625
7295,0.3671875,0.7890625,0.24728034715872624,-0.28199806181172288,0.26339852117732848,-0.28103463075104596
7296,0.3828125,0.7890625,0.3636204241580504,-0.13392267451017462,0.37830166200828014,-0.12440275352801944
7297,0.0546875,0.0390625,-0.00021913469735294173,0.00099811017323496128,-0.00015966034645565846,0.00094734717146537453
7298,0.0703125,0.0390625,-0.00094699212730283973,0.0012370872747082603,-0.00095441763119221291,0.0012066217079855109
7299,0.0546875,0.0234375,-0.00010725647725322142,0.00038940517335307381,-5.8646961614156481e-05,0.00034743022327680858
7300,0.0703125,0.0234375,-0.00035929756367491231,0.00048882765062055412,-0.00035022270569562891,0.0004429882194598411
7301,0.0390625,0.0546875,0.00019264646099346829,0.00099139808327562413,0.0003183671481648008,0.00090575309710467025
7302,0.0390625,0.0703125,0.00034880784489576687,0.0015725568689713642,0.0005100482613599656,0.001450668644337729
7303,0.0234375,0.0546875,0.00013719301486618733,0.00029584851667144123,0.00026440207891224578,0.0002314049347773953
7304,0.0234375,0.0703125,0.0002655741739466387,0.00047870553094613515,0.00042361069447646862,0.00037116879765442554
7305,0.0859375,0.0703125,-0.0060212285873388104,0.0025572285327249986,-0.0062378870816663656,0.0026354422501626553
7306,0.0859375,0.0546875,-0.0037489100690331362,0.0016186816285216697,-0.0038960606478338627,0.0016464427122248686
7307,0.1015625,0.0703125,-0.0087290133322767971,-0.00097718709453143435,-0.0090919576728184723,-0.00092740878166718097
7308,0.1015625,0.0546875,-0.0054332439510827038,-0.00059570706481009317,-0.0056786700116269202,-0.00057870125984566651
7309,0.0703125,0.0859375,-0.0041479702870836754,0.0052469309799390434,-0.0042024584803109924,0.0053121211333992347
7310,0.0546875,0.0859375,-0.00082707477153806089,0.0042386937844035534,-0.00070198482054563839,0.0041726724033859007
7311,0.0703125,0.1015625,-0.0056012514417953995,0.0070568614831222577,-0.0056725763522907568,0.0071704011617846775
7312,0.0546875,0.1015625,-0.0011013925966908999,0.0056996627768943391,-0.00094731874141281607,0.0056325885652562611
7313,0.9453125,0.0390625,-0.0040019382219227484,-0.0097499391583983977,0.0003330888870662444,-0.0010283109347872254
7314,0.9296875,0.0390625,-0.0080521852402692037,-0.0070154885576172261,-0.00025093954256278522,-0.0016331328195515846
7315,0.9453125,0.0234375,-0.001332469884616718,-0.0078412275405702423,0.00013151688139903737,-0.00044544564122131231
7316,0.9296875,0.0234375,-0.0048377898633871694,-0.0062710854213672597,-0.00011656378571221982,-0.00066153436547587523
7317,0.9609375,0.0546875,-0.00099450138307880616,-0.013389541829898799,0.00075965383001921558,-0.00079014204830971156
7318,0.9609375,0.0703125,-0.002815919987183205,-0.016414226897398253,0.0011879010790951062,-0.0011859119831332328
7319,0.9765625,0.0546875,0.0048745326164094599,-0.012350701553730491,0.00044490902612478198,-0.00023959693747670864
7320,0.9765625,0.0703125,0.0043354155825612601,-0.015838924434122003,0.00064899493668816894,-0.00032573285874879778
7321,0.9140625,0.0703125,-0.018484168324285566,-0.002579484937464298,-0.003997147075748813,-0.0056111906152384134
7322,0.9140625,0.0546875,-0.014388480039456768,-0.0025214756364138938,-0.0025414386166302213,-0.003523509486960336
7323,0.8984375,0.0703125,-0.019353583581184858,0.0055752451487868573,-0.0082988762480716918,-0.0040976554871884445
7324,0.8984375,0.0546875,-0.014984037323949954,0.0040637332372152005,-0.0052313507008906164,-0.0025540869147760198
7325,0.9296875,0.0859375,-0.018653458224400739,-0.010766813208918711,-0.0008637367150435858,-0.006841819906713318
7326,0.9453125,0.0859375,-0.012407754895145061,-0.016443067666574419,0.0015083483660218596,-0.0040931906792227015
7327,0.9296875,0.1015625,-0.022500900251791973,-0.012276795555977021,-0.00112563333038634,-0.0091948679999652536
7328,0.9453125,0.1015625,-0.015430515643046372,-0.01882093627996291,0.0020521611661886499,-0.0054684362203756788
7329,0.9609375,0.9453125,-0.00099450138308201778,-0.013389541829897768,0.00075965383002757434,-0.00079014204830059342
7330,0.9609375,0.9296875,-0.0028159199871862833,-0.016414226897396116,0.0011879010791061744,-0.001185911983126112
7331,0.9765625,0.9453125,0.0048745326164063001,-0.012350701553730548,0.0004449090261288087,-0.00023959693746631108
7332,0.9765625,0.9296875,0.0043354155825578566,-0.015838924434121077,0.00064899493669497187,-0.00032573285873911011
7333,0.9453125,0.9609375,-0.0040019382219256853,-0.009749939158397742,0.00033308888707422191,-0.0010283109347783361
7334,0.9296875,0.9609375,-0.0080521852402718561,-0.007015488557616043,-0.00025093954255268463,-0.0016331328195447997
7335,0.9453125,0.9765625,-0.0013324698846192814,-0.0078412275405707575,0.00013151688140260209,-0.00044544564121145344
7336,0.9296875,0.9765625,-0.0048377898633897281,-0.0062710854213673005,-0.00011656378570637487,-0.0006615343654669272
7337,0.9296875,0.9140625,-0.018653458224401176,-0.01076681320891482,-0.00086373671502927866,-0.0068418199067179532
7338,0.9453125,0.9140625,-0.012407754895146596,-0.016443067666570638,0.0015083483660363684,-0.0040931906792227805
7339,0.9296875,0.8984375,-0.022500900251791116,-0.012276795555972964,-0.001125633330373893,-0.009194867999973504
7340,0.9453125,0.8984375,-0.015430515643046743,-0.018820936279958646,0.0020521611662023824,-0.0054684362203792549
7341,0.9140625,0.9296875,-0.018484168324286225,-0.0025794849374611143,-0.0039971470757352492,-0.0056111906152427745
7342,0.9140625,0.9453125,-0.014388480039458362,-0.0025214756364114166,-0.0025414386166171059,-0.0035235094869602432
7343,0.8984375,0.9296875,-0.019353583581184733,0.0055752451487895757,-0.00829887624806077,-0.004097655487195765
7344,0.8984375,0.9453125,-0.014984037323950828,0.004063733237217506,-0.0052313507008790016,-0.0025540869147788968
7345,0.0390625,0.9453125,0.00019264646099400351,0.00099139808327559855,0.00031836714817974225,0.00090575309709757285
7346,0.0390625,0.9296875,0.00034880784489659607,0.0015725568689710636,0.00051004826137341188,0.0014506686443269885
7347,0.0234375,0.9453125,0.00013719301486683742,0.00029584851667159313,0.00026440207892699472,0.0002314049347764551
7348,0.0234375,0.9296875,0.00026557417394763351,0.0004787055309461152,0.00042361069449122694,0.00037116879765007837
7349,0.0546875,0.9609375,-0.00021913469735291427,0.00099811017323507317,-0.00015966034644115595,0.00094734717145782599
7350,0.0703125,0.9609375,-0.00094699212730307511,0.0012370872747084947,-0.00095441763117994787,0.0012066217079739845
7351,0.0546875,0.9765625,-0.00010725647725341571,0.00038940517335320495,-5.8646961599884742e-05,0.00034743022327496376
7352,0.0703125,0.9765625,-0.00035929756367535299,0.00048882765062076739,-0.0003502227056819813,0.00044298821945413277
7353,0.0703125,0.9140625,-0.0041479702870834776,0.0052469309799383279,-0.0042024584803103116,0.0053121211333799897
7354,0.0546875,0.9140625,-0.00082707477153741232,0.0042386937844027198,-0.00070198482053944098,0.0041726724033685257
7355,0.0703125,0.8984375,-0.0056012514417953085,0.0070568614831210469,-0.0056725763522946695,0.0071704011617669582
7356,0.0546875,0.8984375,-0.0011013925966902526,0.0056996627768929982,-0.00094731874141101716,0.0056325885652391576
7357,0.0859375,0.9296875,-0.0060212285873389492,0.0025572285327250324,-0.0062378870816665807,0.0026354422501435339
7358,0.0859375,0.9453125,-0.0037489100690333969,0.001618681628522016,-0.0038960606478293737,0.0016464427122073017
7359,0.1015625,0.9296875,-0.0087290133322770573,-0.00097718709453101628,-0.0090919576728241084,-0.00092740878168421064
7360,0.1015625,0.9453125,-0.0054332439510830707,-0.00059570706480938931,-0.0056786700116277502,-0.00057870125986247175
7361,0.4609375,0.4453125,-0.50314531821352915,0.79676708859158363,-0.55717595647766149,0.7941335059290846
7362,0.4609375,0.4296875,-0.49525036807544059,0.78427009843571904,-0.54839963972786721,0.78162470914665649
7363,0.4765625,0.4453125,-0.82862223450427408,0.4633629585495006,-0.87656519544465594,0.43312903673261605
7364,0.4765625,0.4296875,-0.81559453915381042,0.45612243331211527,-0.86275765537835569,0.42630705938281499
7365,0.4453125,0.4609375,-0.062124145505859145,0.94115097349734522,-0.10818919291003166,0.96405733010058103
7366,0.4296875,0.4609375,0.3879852483955587,0.84425032392759658,0.36151156322976713,0.88375480089833536
7367,0.4453125,0.4765625,-0.062594186036539809,0.94854223371406143,-0.10904100212915106,0.97165026364382201
7368,0.4296875,0.4765625,0.39105911844912566,0.85089031132522375,0.36435920740086541,0.89071543549973109
7369,0.4296875,0.4140625,0.36981404058021305,0.80494592360497053,0.34466052214451853,0.84256412746496423
7370,0.4453125,0.4140625,-0.059322879787664887,0.89739649246701081,-0.10314818155430501,0.91912488014270377
7371,0.4296875,0.3984375,0.36090142701737038,0.78563977318389899,0.33638593083837243,0.82233726030332832
7372,0.4453125,0.3984375,-0.05793659326242092,0.87590234045276039,-0.10067260921912409,0.89706056346547514
7373,0.4140625,0.4296875,0.70867494736730463,0.53159051531196555,0.70644633362481923,0.57414477502939532
7374,0.4140625,0.4453125,0.72004132497205453,0.54010704061200954,0.71775300320903435,0.58333395049412606
7375,0.3984375,0.4296875,0.85485654752812257,0.12617097781124736,0.87373929004617124,0.16115219098941633
7376,0.3984375,0.4453125,0.86855228108712601,0.12821977053593889,0.88772321052097125,0.16373187912447454
7377,0.5390625,0.4453125,-0.090561068609524883,-0.93803479676715762,-0.028701682896153255,-0.96966778413154076
7378,0.5390625,0.4296875,-0.089114437668652596,-0.92328566057018291,-0.028249232485380259,-0.9543934936291868
7379,0.5234375,0.4453125,-0.52995272171317764,-0.78896864055657068,-0.49395697861676091,-0.84379230162604157
7380,0.5234375,0.4296875,-0.52159689890647332,-0.77653810632637432,-0.4861758690395539,-0.83050040337037112
7381,0.5546875,0.4609375,0.36598710081003194,-0.86724407618093902,0.43971368368151637,-0.86469943970368812
7382,0.5703125,0.4609375,0.72245186260089211,-0.57879021106789508,0.7878443771789988,-0.53937109583023357
7383,0.5546875,0.4765625,0.36885337392033812,-0.87404568141262384,0.4431767086664079,-0.87150964371456185
7384,0.5703125,0.4765625,0.72812248306207017,-0.58331153673789804,0.79404931185530658,-0.54361877417699667
7385,0.5703125,0.4140625,0.68888476467922721,-0.55200507208270955,0.75112564568169748,-0.51423438238071273
7386,0.5546875,0.4140625,0.3490171112740274,-0.82697380386171881,0.41922061854190701,-0.82439875975234633
7387,0.5703125,0.3984375,0.67239674683563255,-0.5388363608986968,0.73309473084442889,-0.50189066982454689
7388,0.5546875,0.3984375,0.3406796677515283,-0.80718851906636757,0.40915737302038357,-0.80460882372028197
7389,0.5859375,0.4296875,0.86840615726751269,-0.15781599328766871,0.90571031861560347,-0.091147218487623555
7390,0.5859375,0.4453125,0.88226789982089204,-0.16027441703181167,0.92020511349631351,-0.092604942968433648
7391,0.6015625,0.4296875,0.81949314207654866,0.26698791208105382,0.81839807130679232,0.3457439940426984
7392,0.6015625,0.4453125,0.8325787757034645,0.27131447872085152,0.83149559549659446,0.351278335536166
7393,0.5546875,0.5390625,0.36598710081003516,-0.86724407618093768,0.43971368368152181,-0.86469943970368457
7394,0.5703125,0.5390625,0.72245186260089567,-0.57879021106789319,0.78784437717900324,-0.53937109583023368
7395,0.5546875,0.5234375,0.36885337392034007,-0.87404568141262262,0.44317670866641229,-0.8715096437145563
7396,0.5703125,0.5234375,0.72812248306207228,-0.5833115367378966,0.79404931185531091,-0.54361877417699589
7397,0.5390625,0.5546875,-0.090561068609522399,-0.9380347967671574,-0.028701682896146531,-0.96966778413153287
7398,0.5390625,0.5703125,-0.089114437668649904,-0.92328566057018346,-0.028249232485377477,-0.95439349362917636
7399,0.5234375,0.5546875,-0.52995272171317731,-0.7889686405565709,-0.49395697861674909,-0.84379230162602081
7400,0.5234375,0.5703125,-0.52159689890647321,-0.77653810632637554,-0.48617586903954668,-0.83050040337035014
7401,0.5859375,0.5703125,0.86840615726751813,-0.15781599328766643,0.90571031861559359,-0.091147218487629481
7402,0.5859375,0.5546875,0.88226789982089726,-0.16027441703180947,0.92020511349631262,-0.092604942968435439
7403,0.6015625,0.5703125,0.81949314207655255,0.26698791208105715,0.81839807130678177,0.3457439940426853
7404,0.6015625,0.5546875,0.8325787757034685,0.27131447872085429,0.83149559549659202,0.35127833553616
7405,0.5703125,0.5859375,0.68888476467923365,-0.55200507208270855,0.75112564568168805,-0.51423438238071406
7406,0.5546875,0.5859375,0.34901711127403234,-0.82697380386171859,0.41922061854190212,-0.82439875975233901
7407,0.5703125,0.6015625,0.67239674683563855,-0.53883636089869513,0.73309473084441934,-0.50189066982454922
7408,0.5546875,0.6015625,0.34067966775153363,-0.80718851906636757,0.40915737302037536,-0.80460882372027442
7409,0.4453125,0.5390625,-0.062124145505862621,0.94115097349734489,-0.10818919291001321,0.96405733010057237
7410,0.4296875,0.5390625,0.38798524839555659,0.8442503239275958,0.36151156322978323,0.88375480089832503
7411,0.4453125,0.5234375,-0.062594186036541988,0.94854223371406143,-0.10904100212913856,0.97165026364382145
7412,0.4296875,0.5234375,0.39105911844912433,0.85089031132522308,0.36435920740087735,0.89071543549972743
7413,0.4609375,0.5546875,-0.50314531821353459,0.79676708859158329,-0.55717595647763962,0.79413350592908971
7414,0.4609375,0.5703125,-0.49525036807544653,0.7842700984357186,-0.54839963972784744,0.7816247091466666
7415,0.4765625,0.5546875,-0.8286222345042803,0.46336295854950038,-0.87656519544463818,0.4331290367326302
7416,0.4765625,0.5703125,-0.81559453915381674,0.45612243331211533,-0.86275765537833926,0.42630705938283392
7417,0.4140625,0.5703125,0.70867494736730441,0.53159051531196411,0.70644633362483256,0.57414477502938965
7418,0.4140625,0.5546875,0.72004132497205431,0.5401070406120082,0.71775300320904745,0.58333395049411751
7419,0.3984375,0.5703125,0.85485654752812501,0.12617097781124481,0.87373929004618023,0.16115219098941005
7420,0.3984375,0.5546875,0.86855228108712834,0.12821977053593631,0.88772321052098313,0.16373187912446835
7421,0.4296875,0.5859375,0.36981404058020978,0.80494592360497086,0.34466052214453657,0.84256412746496545
7422,0.4453125,0.5859375,-0.059322879787670361,0.89739649246701114,-0.10314818155428615,0.91912488014271032
7423,0.4296875,0.6015625,0.36090142701736638,0.78563977318390044,0.33638593083838836,0.82233726030333276
7424,0.4453125,0.6015625,-0.057936593262426499,0.8759023404527615,-0.10067260921910921,0.8970605634654808
7425,0.4453125,0.0390625,-0.0005441702148680904,0.023045442157686901,-0.0024390630155598949,0.021882360674766448
7426,0.4296875,0.0390625,0.010140501354772158,0.02007057118094548,0.0082175753583054664,0.020049271403028888
7427,0.4453125,0.0234375,0.00014384016314619697,0.009487936360448852,-0.00088951541261880318,0.0080452082489649631
7428,0.4296875,0.0234375,0.0044226479436502483,0.0080057368461049425,0.0030266405838559629,0.0073664182738850262
7429,0.4609375,0.0546875,-0.021871697132612954,0.037043796119907137,-0.024328185281124126,0.034710972650595945
7430,0.4609375,0.0703125,-0.035092447738946139,0.057988859893813874,-0.038951961410503839,0.055553924721713166
7431,0.4765625,0.0546875,-0.037133549453147952,0.022441583458720448,-0.03829146951514234,0.018947434684045278
7432,0.4765625,0.0703125,-0.05889168633735125,0.034632377678109505,-0.061297737534816293,0.030315648334889391
7433,0.4140625,0.0703125,0.051728083494711904,0.0378042126608438,0.050201196146644179,0.040780427749267295
7434,0.4140625,0.0546875,0.032866745661840044,0.023613893269177649,0.031363912269230215,0.025470423209207425
7435,0.3984375,0.0703125,0.061795980371186512,0.0082564714171498993,0.062078921281581823,0.011434326946125502
7436,0.3984375,0.0546875,0.03903241346212924,0.0048833071737876864,0.038780537484980164,0.007137057960239516
7437,0.4296875,0.0859375,0.039997819240961699,0.085261671722043769,0.036111281497298933,0.088242038813738044
7438,0.4453125,0.0859375,-0.0053814464880235363,0.095747730208171108,-0.010788147329782871,0.096272128066706847
7439,0.4296875,0.1015625,0.053410377564063923,0.11475437096201675,0.048735516338669814,0.11910879211180263
7440,0.4453125,0.1015625,-0.0076808664916599122,0.128582297807081,-0.014569022173348403,0.1299429041812607
7441,0.5546875,0.0390625,0.0078842777827192768,-0.022988468834583702,0.0099640660828558027,-0.019656152348728386
7442,0.5703125,0.0390625,0.017583896293742646,-0.01649163418942429,0.017882943375102607,-0.01228082045212262
7443,0.5546875,0.0234375,0.0029938487709461237,-0.010250097698557108,0.0036588012313110265,-0.0072407305067538211
7444,0.5703125,0.0234375,0.0074355031331185158,-0.0077198472397184848,0.006578679620725743,-0.0045316940735064372
7445,0.5390625,0.0546875,-0.0058549677856489365,-0.043556265715629011,-0.0012826094214021674,-0.042381757674624231
7446,0.5390625,0.0703125,-0.0082453245604749703,-0.068255236966235755,-0.0020360588248138998,-0.067832474559090458
7447,0.5234375,0.0546875,-0.025738646966362345,-0.035625319745338287,-0.021610171669638519,-0.036862775113808081
7448,0.5234375,0.0703125,-0.039665608688051378,-0.056376576897449814,-0.034574674890332203,-0.059009187022334542
7449,0.5859375,0.0703125,0.064538022378838517,-0.014094115938594417,0.06438078576947405,-0.0065189941365977836
7450,0.5859375,0.0546875,0.041313132145541789,-0.0097981675501895606,0.040228082698334187,-0.0040869588010201225
7451,0.6015625,0.0703125,0.06222537283683869,0.017836473236357883,0.058196758489203235,0.024541747075813861
7452,0.6015625,0.0546875,0.040271022606242567,0.010750981799861498,0.036371770058504685,0.015322911500905955
7453,0.5703125,0.0859375,0.073381366987955388,-0.061519768696225149,0.078676413682926508,-0.053906200418917333
7454,0.5546875,0.0859375,0.036083406968235601,-0.090228707679964437,0.043893198806339601,-0.086383677910789491
7455,0.5703125,0.1015625,0.098706763419468227,-0.081600963423892101,0.106194943567495,-0.072742533327218736
7456,0.5546875,0.1015625,0.049025551585375887,-0.12043929522852467,0.059253669679810377,-0.11658355673862837
7457,0.0390625,0.4453125,0.0068233230379909447,0.021101332468621694,0.0073236499069218343,0.020753977327404062
7458,0.0390625,0.4296875,0.0067039426673551339,0.020799190294074094,0.0072079845593647799,0.020427412095383676
7459,0.0234375,0.4453125,0.0061465644966549136,0.0064285438620368682,0.0060871366044564302,0.0053264455217873008
7460,0.0234375,0.4296875,0.0060264892196022542,0.0063482742147244892,0.005990833690207949,0.0052427220460901196
7461,0.0546875,0.4609375,-0.0075772646296588218,0.040654104732761147,-0.0070130788453127259,0.041783444484795096
7462,0.0703125,0.4609375,-0.041823298926158894,0.050667442766242889,-0.042087360080017601,0.053187067061925122
7463,0.0546875,0.4765625,-0.0076383816241559592,0.040956890140910536,-0.0070682576577773106,0.04211229807264346
7464,0.0703125,0.4765625,-0.042161444096067133,0.051051491563495983,-0.042418906566812901,0.05360573909539202
7465,0.0703125,0.4140625,-0.039827166153841485,0.04839087922742908,-0.040125432450904691,0.050709445924206072
7466,0.0546875,0.4140625,-0.0072179146335917179,0.038856410491252262,-0.0066865515478021957,0.039837318228816351
7467,0.0703125,0.3984375,-0.038849989554233307,0.047270226856121006,-0.039162050218439631,0.049492753707579981
7468,0.0546875,0.3984375,-0.0070428631854991177,0.037969743826745013,-0.0065262097507952114,0.038881608048942778
7469,0.0859375,0.4296875,-0.08601995000695363,0.034255420842181812,-0.087825495251415864,0.037071935159676613
7470,0.0859375,0.4453125,-0.087423749054471034,0.034784931294224435,-0.089231397369053986,0.037664875929294427
7471,0.1015625,0.4296875,-0.12472852836960571,-0.014793737849922184,-0.12801615891625401,-0.013090067753966553
7472,0.1015625,0.4453125,-0.12675694274863791,-0.015034290888948922,-0.13006543095682019,-0.013299764147555824
7473,0.0390625,0.5546875,0.0068233230379909958,0.021101332468622766,0.00732364990692385,0.020753977327400971
7474,0.0390625,0.5703125,0.0067039426673551712,0.020799190294075107,0.0072079845593677827,0.020427412095379755
7475,0.0234375,0.5546875,0.00614656449665461,0.0064285438620377052,0.0060871366044596663,0.0053264455217857457
7476,0.0234375,0.5703125,0.0060264892196020018,0.0063482742147253982,0.0059908336902123735,0.0052427220460882166
7477,0.0546875,0.5390625,-0.0075772646296584914,0.040654104732762215,-0.0070130788453128977,0.041783444484792341
7478,0.0703125,0.5390625,-0.041823298926158339,0.05066744276624402,-0.042087360080019509,0.053187067061922555
7479,0.0546875,0.5234375,-0.0076383816241557389,0.040956890140911244,-0.0070682576577775222,0.042112298072641767
7480,0.0703125,0.5234375,-0.042161444096066786,0.051051491563496761,-0.042418906566813915,0.053605739095390258
7481,0.0703125,0.5859375,-0.039827166153840743,0.048390879227430197,-0.040125432450906308,0.050709445924199702
7482,0.0546875,0.5859375,-0.0072179146335912877,0.038856410491253102,-0.0066865515478007039,0.039837318228810044
7483,0.0703125,0.6015625,-0.038849989554232557,0.047270226856121964,-0.0391620502184407,0.049492753707572244
7484,0.0546875,0.6015625,-0.0070428631854986762,0.037969743826746005,-0.0065262097507927204,0.038881608048935382
7485,0.0859375,0.5703125,-0.086019950006952672,0.034255420842182895,-0.087825495251420929,0.037071935159673448
7486,0.0859375,0.5546875,-0.087423749054470146,0.034784931294225711,-0.089231397369058579,0.037664875929292185
7487,0.1015625,0.5703125,-0.12472852836960482,-0.014793737849921355,-0.12801615891626034,-0.013090067753966882
7488,0.1015625,0.5546875,-0.12675694274863714,-0.015034290888947871,-0.13006543095682502,-0.013299764147555944
7489,0.9609375,0.4453125,-0.067995729565297647,-0.083172492435772613,0.016281802597072438,-0.014540278107687753
7490,0.9609375,0.4296875,-0.066758745733084504,-0.081800618380385604,0.01602799984213361,-0.014309875781680543
7491,0.9765625,0.4453125,-0.033795756177520966,-0.10200548016897396,0.0074965270959069501,-0.0027915176199596391
7492,0.9765625,0.4296875,-0.033117936632066185,-0.10027141008437271,0.0073806480248548171,-0.0027451202842654595
7493,0.9453125,0.4609375,-0.093200190591798349,-0.06053238721579126,0.015448329068917384,-0.039251951658728933
7494,0.9296875,0.4609375,-0.11311397365444814,-0.034631284151028043,-0.0075564306841222556,-0.067224918852483606
7495,0.9453125,0.4765625,-0.094008917168924913,-0.061026369709452521,0.015568773252507927,-0.039561535091769906
7496,0.9296875,0.4765625,-0.11406021059802786,-0.034894747486645554,-0.0076169019363825901,-0.067754334702931004
7497,0.9296875,0.4140625,-0.10756211707670484,-0.033172085494466694,-0.0071992634426743581,-0.064093739224710261
7498,0.9453125,0.4140625,-0.088426368330819433,-0.057730413510485079,0.014735548449304704,-0.037421970827913743
7499,0.9296875,0.3984375,-0.10486705137770803,-0.032512403414242864,-0.0070243229196708494,-0.062557148239839391
7500,0.9453125,0.3984375,-0.086092828821255935,-0.056425192577514556,0.014385459926586403,-0.036524540861264401
7501,0.9140625,0.4296875,-0.12851948634736463,-0.0016761038096334026,-0.054165947583674247,-0.078239485872434039
7502,0.9140625,0.4453125,-0.13061137762926969,-0.0016294534128931813,-0.055033568685195149,-0.079490477947507757
7503,0.8984375,0.4296875,-0.14234848681635573,0.044755089188493483,-0.11464909228396586,-0.058050994537933644
7504,0.8984375,0.4453125,-0.14460163813075319,0.045546986174831106,-0.11648371950251793,-0.05897871890886143
7505,0.9609375,0.5546875,-0.067995729565294455,-0.083172492435772363,0.016281802597074353,-0.014540278107682037
7506,0.9609375,0.5703125,-0.066758745733080965,-0.081800618380385423,0.016027999842136136,-0.014309875781673724
7507,0.9765625,0.5546875,-0.033795756177518253,-0.10200548016897273,0.0074965270959062476,-0.0027915176199538217
7508,0.9765625,0.5703125,-0.033117936632063173,-0.10027141008437114,0.0073806480248540642,-0.002745120284258318
7509,0.9453125,0.5390625,-0.093200190591795878,-0.06053238721579169,0.015448329068920335,-0.03925195165872556
7510,0.9296875,0.5390625,-0.1131139736544461,-0.03463128415102909,-0.0075564306841183699,-0.067224918852481552
7511,0.9453125,0.5234375,-0.094008917168923248,-0.061026369709452681,0.015568773252509643,-0.039561535091767783
7512,0.9296875,0.5234375,-0.11406021059802653,-0.034894747486646116,-0.0076169019363802014,-0.067754334702929908
7513,0.9296875,0.5859375,-0.10756211707670166,-0.033172085494468477,-0.0071992634426666985,-0.064093739224708235
7514,0.9453125,0.5859375,-0.088426368330815644,-0.057730413510485752,0.014735548449310878,-0.037421970827908449
7515,0.9296875,0.6015625,-0.1048670513777053,-0.032512403414244405,-0.0070243229196620596,-0.062557148239837837
7516,0.9453125,0.6015625,-0.086092828821252521,-0.056425192577515056,0.014385459926593533,-0.036524540861258718
7517,0.9140625,0.5703125,-0.12851948634736271,-0.0016761038096359229,-0.054165947583667821,-0.078239485872434164
7518,0.9140625,0.5546875,-0.13061137762926811,-0.0016294534128952285,-0.055033568685189806,-0.079490477947507104
7519,0.8984375,0.5703125,-0.14234848681635526,0.0447550891884907,-0.11464909228396107,-0.058050994537935732
7520,0.8984375,0.5546875,-0.14460163813075275,0.045546986174828837,-0.11648371950251403,-0.058978718908862533
7521,0.5546875,0.9609375,0.0078842777827198979,-0.022988468834583588,0.0099640660828614266,-0.019656152348721707
7522,0.5703125,0.9609375,0.017583896293743517,-0.016491634189424391,0.017882943375107437,-0.012280820452113561
7523,0.5546875,0.9765625,0.0029938487709464915,-0.010250097698556438,0.0036588012313128978,-0.0072407305067458154
7524,0.5703125,0.9765625,0.0074355031331192201,-0.0077198472397181162,0.0065786796207262348,-0.004531694073496721
7525,0.5390625,0.9453125,-0.0058549677856483415,-0.043556265715629129,-0.0012826094213942859,-0.04238175767462303
7526,0.5390625,0.9296875,-0.0082453245604742539,-0.068255236966236379,-0.0020360588248055761,-0.067832474559092748
7527,0.5234375,0.9453125,-0.025738646966361859,-0.035625319745337912,-0.021610171669631813,-0.036862775113809636
7528,0.5234375,0.9296875,-0.039665608688050649,-0.056376576897449994,-0.034574674890326,-0.059009187022339253
7529,0.5859375,0.9296875,0.064538022378839377,-0.014094115938595561,0.064380785769484208,-0.0065189941365924103
7530,0.5859375,0.9453125,0.041313132145542587,-0.0097981675501903186,0.040228082698341786,-0.0040869588010112217
7531,0.6015625,0.9296875,0.06222537283683939,0.01783647323635686,0.058196758489213074,0.024541747075820654
7532,0.6015625,0.9453125,0.040271022606243372,0.010750981799860891,0.036371770058511631,0.01532291150091619
7533,0.5703125,0.9140625,0.073381366987955776,-0.061519768696226586,0.078676413682937221,-0.053906200418918082
7534,0.5546875,0.9140625,0.036083406968235962,-0.090228707679965742,0.043893198806349239,-0.086383677910793086
7535,0.5703125,0.8984375,0.098706763419468005,-0.081600963423893627,0.10619494356750499,-0.072742533327223385
7536,0.5546875,0.8984375,0.049025551585375755,-0.12043929522852617,0.059253669679818141,-0.11658355673863502
7537,0.4453125,0.9609375,-0.00054417021486923857,0.023045442157689135,-0.002439063015555654,0.021882360674762621
7538,0.4296875,0.9609375,0.010140501354771037,0.020070571180947672,0.0082175753583099559,0.020049271403025502
7539,0.4453125,0.9765625,0.00014384016314444531,0.0094879363604502883,-0.00088951541261374938,0.0080452082489640975
7540,0.4296875,0.9765625,0.0044226479436485612,0.0080057368461063164,0.0030266405838611805,0.0073664182738845708
7541,0.4609375,0.9453125,-0.021871697132613298,0.037043796119909489,-0.02432818528112194,0.034710972650589526
7542,0.4609375,0.9296875,-0.035092447738945674,0.057988859893816164,-0.038951961410504499,0.055553924721705117
7543,0.4765625,0.9453125,-0.037133549453148236,0.022441583458722273,-0.038291469515139377,0.018947434684039061
7544,0.4765625,0.9296875,-0.058891686337350875,0.03463237767811117,-0.06129773753481628,0.030315648334881394
7545,0.4140625,0.9296875,0.051728083494712362,0.037804212660846465,0.05020119614664427,0.040780427749260932
7546,0.4140625,0.9453125,0.032866745661839683,0.023613893269180071,0.031363912269233428,0.025470423209202255
7547,0.3984375,0.9296875,0.061795980371186686,0.0082564714171520382,0.062078921281583328,0.01143432694611932
7548,0.3984375,0.9453125,0.039032413462128761,0.0048833071737895218,0.038780537484984424,0.0071370579602348426
7549,0.4296875,0.9140625,0.039997819240963163,0.085261671722046434,0.036111281497294138,0.088242038813731841
7550,0.4453125,0.9140625,-0.005381446488022198,0.095747730208173482,-0.010788147329787756,0.096272128066699936
7551,0.4296875,0.8984375,0.053410377564066081,0.1147543709620189,0.048735516338661689,0.11910879211179931
7552,0.4453125,0.8984375,-0.007680866491658004,0.12858229780708277,-0.014569022173356476,0.12994290418125695
7553,0.2109375,0.1953125,0.15393612607071988,0.075478698098365687,0.1575652520052668,0.078848467490776175
7554,0.2109375,0.1796875,0.13539200131648654,0.066375891290366792,0.13858782524894928,0.069351307271284621
7555,0.2265625,0.1953125,0.11016324637994372,0.15527557708427048,0.11133000695169083,0.1604593071981773
7556,0.2265625,0.1796875,0.096898757446227834,0.13658339191146093,0.097921322434523353,0.14113303593532023
7557,0.1953125,0.2109375,0.1710805845244443,-0.0074643448222810899,0.17607718438683084,-0.0063963261976501314
7558,0.1796875,0.2109375,0.1289884601042485,-0.077987394896909173,0.13319044735719626,-0.079232543754245252
7559,0.1953125,0.2265625,0.18964405820396166,-0.0082385411281569367,0.19516775831309502,-0.00708910370456187
7560,0.1796875,0.2265625,0.14298166912105609,-0.086399373770788476,0.14763106910078883,-0.087822369815627188
7561,0.1796875,0.1640625,0.087547872813660332,-0.053029102673350585,0.090419372451212288,-0.053790082273336259
7562,0.1953125,0.1640625,0.11612031104488002,-0.0051372759452090206,0.11953396212642306,-0.0043438069190503701
7563,0.1796875,0.1484375,0.074357228975821629,-0.045073448446454917,0.0768044326326833,-0.045691071019414727
7564,0.1953125,0.1484375,0.09863075178502434,-0.0043875859795604695,0.10153516226029173,-0.0036902870387269518
7565,0.1640625,0.1796875,0.051723743482834261,-0.088683738762733388,0.053530616426070037,-0.090576888713104875
7566,0.1640625,0.1953125,0.058806643194870611,-0.10079332862778723,0.060860706904159151,-0.10297968598906868
7567,0.1484375,0.1796875,0.0028664762755104237,-0.087407457210611383,0.002979501621111783,-0.089321396259960328
7568,0.1484375,0.1953125,0.0032478435153934339,-0.099352328012657073,0.0033872854157255064,-0.10155256609157363
7569,0.3046875,0.2890625,-0.45352670906158971,-0.14103962451625629,-0.46281553253336005,-0.15513877721353314
7570,0.3203125,0.2890625,-0.34997846760479162,-0.35985961237871289,-0.35034716077405831,-0.37815568684598655
7571,0.3046875,0.2734375,-0.42384195074411651,-0.13177780521912461,-0.43253407886752171,-0.14498749310324249
7572,0.3203125,0.2734375,-0.32706821320932666,-0.33631439074508968,-0.32742427971904625,-0.35341314524437523
7573,0.2890625,0.3046875,-0.46552637297431937,0.092923985106197121,-0.48052518995021176,0.085801436216352847
7574,0.2890625,0.3203125,-0.49165003206561886,0.098072395934662576,-0.50747574398413464,0.090612575903550818
7575,0.2734375,0.3046875,-0.34056870674948991,0.28451306180589259,-0.35562564208581254,0.28572788194331633
7576,0.2734375,0.3203125,-0.35966945377175114,0.30039700757362531,-0.37557088753739032,0.30175202045140798
7577,0.3359375,0.3203125,-0.16035034267356499,-0.56950892896408545,-0.14861197876975679,-0.58901746728028714
7578,0.3359375,0.3046875,-0.15181100472574977,-0.53929937377838644,-0.14071922229606573,-0.5577367362404585
7579,0.3515625,0.3203125,0.13641311039213089,-0.60222583735977464,0.15874994907563519,-0.61417495744327688
7580,0.3515625,0.3046875,0.12918857366902076,-0.57031001342052545,0.15031965054921054,-0.58155873661133739
7581,0.3203125,0.3359375,-0.41249889822462349,-0.42406591609428113,-0.41285236685457527,-0.44562207075603311
7582,0.3046875,0.3359375,-0.53451145753200069,-0.16632097989765801,-0.54538535893376261,-0.18281908764710159
7583,0.3203125,0.3515625,-0.43079278008829613,-0.44283486302919128,-0.43112494248264788,-0.46534473916277785
7584,0.3046875,0.3515625,-0.5582008147065336,-0.17371800631927517,-0.56952342259169497,-0.19091108377228005
7585,0.2890625,0.1953125,-0.25619272953026595,0.051409477982099466,-0.26443600641009762,0.047221671021942406
7586,0.2890625,0.1796875,-0.22535710781745225,0.045267922567594876,-0.23258721091990109,0.041535084340009097
7587,0.2734375,0.1953125,-0.18742046107160598,0.15688560848492197,-0.19570312732253139,0.15724183437956646
7588,0.2734375,0.1796875,-0.16484922806330723,0.13805079001147963,-0.17213234454233739,0.13830417375669629
7589,0.3046875,0.2109375,-0.29749927832054368,-0.092396607579403392,-0.30357418751725951,-0.10175697993351486
7590,0.3203125,0.2109375,-0.22959313736219816,-0.23607518421490106,-0.22980307208529405,-0.24804185322590619
7591,0.3046875,0.2265625,-0.32973319111177019,-0.10243870548965404,-0.33648764267649733,-0.1127902569063767
7592,0.3203125,0.2265625,-0.2544567014102242,-0.26165235324543767,-0.2547180893985857,-0.27493495558411529
7593,0.3203125,0.1640625,-0.1560145324562181,-0.16033903436876304,-0.15600952418141209,-0.16838900733286286
7594,0.3046875,0.1640625,-0.20207722058222163,-0.062672459364064417,-0.20609016168724656,-0.069078492294241511
7595,0.3203125,0.1484375,-0.13261411860728822,-0.13623163774987515,-0.13251989687958982,-0.14303398765097622
7596,0.3046875,0.1484375,-0.17171816549207619,-0.053209903689110896,-0.17505926722746279,-0.058676301539993737
7597,0.3359375,0.1796875,-0.073575643276666866,-0.26134973446826515,-0.068113040145386494,-0.26996125196718107
7598,0.3359375,0.1953125,-0.083592289869362346,-0.29704496667302066,-0.077439119409257143,-0.30692727716624019
7599,0.3515625,0.1796875,0.062510821884533066,-0.27655651939508874,0.072758460362686989,-0.28149516341622072
7600,0.3515625,0.1953125,0.071098772776773123,-0.31428456820602885,0.082722050098473179,-0.32003971527039132
7601,0.1953125,0.2890625,0.26095047544124061,-0.01115623326329505,0.26844095106982541,-0.0097470691919886426
7602,0.1796875,0.2890625,0.19671509339686935,-0.1186079901642673,0.20305644578718221,-0.12079016769664566
7603,0.1953125,0.2734375,0.24384769046571889,-0.010464129140131794,0.25087694384415887,-0.0091100878284351029
7604,0.1796875,0.2734375,0.18382954630923759,-0.11089893770382056,0.18977072422844488,-0.11288784266990863
7605,0.2109375,0.3046875,0.27994421000380598,0.13730791186115832,0.28632619622875094,0.14328667283538968
7606,0.2109375,0.3203125,0.29569337032690451,0.1450216893000329,0.30238561555391319,0.15132348361397452
7607,0.2265625,0.3046875,0.2003644222269382,0.28207924095911852,0.2023087635523991,0.29158489991677217
7608,0.2265625,0.3203125,0.21164802257996557,0.29788184897733744,0.21365609332959382,0.30793867048980506
7609,0.1640625,0.3203125,0.11281181388139569,-0.19291778545574215,0.11679475762038997,-0.19762138989199754
7610,0.1640625,0.3046875,0.10682259369024415,-0.1827306225585984,0.11059239705542982,-0.18712708936352293
7611,0.1484375,0.3203125,0.0060044880064337751,-0.19025282848530065,0.006495688923737886,-0.19488550694050752
7612,0.1484375,0.3046875,0.0057108176805663151,-0.18019954835569241,0.0061512909696014861,-0.18453626126811429
7613,0.1796875,0.3359375,0.23187909849191268,-0.13959057149046783,0.23928324993306091,-0.14233700894019091
7614,0.1953125,0.3359375,0.30763063723588935,-0.013022693097721295,0.31633379235521808,-0.01148349933439898
7615,0.1796875,0.3515625,0.24216880402416788,-0.1457133628917012,0.24987363431334966,-0.14863566459393115
7616,0.1953125,0.3515625,0.32129155601284337,-0.013562612254865491,0.33033463099179022,-0.011990987159305976
7617,0.7890625,0.1953125,0.17440926932442549,-0.022947854521279461,0.17504533370891945,0.020374422178700509
7618,0.7890625,0.1796875,0.15450870065038874,-0.020801842236464793,0.15398159940875294,0.017911679874003682
7619,0.7734375,0.1953125,0.15961759484369739,-0.11030241844430695,0.18110955692499314,-0.073167289036509833
7620,0.7734375,0.1796875,0.1410731631972639,-0.098067274445832325,0.15930891020403087,-0.064371213440996361
7621,0.8046875,0.2109375,0.16602460791715071,0.058694278012553378,0.14385474086834268,0.10176785415161349
7622,0.8203125,0.2109375,0.10907681431461252,0.11238364579999544,0.068170568485375671,0.13919706062186071
7623,0.8046875,0.2265625,0.18287492359194019,0.064906344167844673,0.15943274583624653,0.11279773794788485
7624,0.8203125,0.2265625,0.11993084808840059,0.12381873820874546,0.075546565756723708,0.15427547207574666
7625,0.8203125,0.1640625,0.077168246077001387,0.078074568476435791,0.046328327623140361,0.094529941362918826
7626,0.8046875,0.1640625,0.11613573091505265,0.039838527027571742,0.097715701863467799,0.069091328466939259
7627,0.8203125,0.1484375,0.067022813247030966,0.066980455879358844,0.039375839229307048,0.080308620189550969
7628,0.8046875,0.1484375,0.10019508985355249,0.033692604901425158,0.083027810845868411,0.058687256252519686
7629,0.8359375,0.1796875,0.035361212411323492,0.10478279707522838,-0.0046261858172400895,0.10516207294241897
7630,0.8359375,0.1953125,0.039349225948397203,0.11772079435564824,-0.0052718653738128051,0.11953828267668325
7631,0.8515625,0.1796875,-0.010644246970841126,0.096026425050568368,-0.046227831548353353,0.076551318024953269
7632,0.8515625,0.1953125,-0.012225804034813485,0.10742682994440661,-0.052557608979287074,0.087005105305944089
7633,0.6953125,0.2890625,-0.46983554512581438,-0.058916959288376342,-0.47191774881787824,-0.12458611982268646
7634,0.6796875,0.2890625,-0.46696863209366896,0.17859629916766512,-0.50046116989671796,0.12346413324987668
7635,0.6953125,0.2734375,-0.4394768229565913,-0.055087074650536069,-0.44104713849232263,-0.11643546592768661
7636,0.6796875,0.2734375,-0.43676373725210915,0.16707737339822437,-0.46772262563404771,0.11538829650472103
7637,0.7109375,0.3046875,-0.38733689878428496,-0.27234305158531696,-0.35441961212376927,-0.33556620285831229
7638,0.7109375,0.3203125,-0.40885924708197408,-0.28743396239100116,-0.37429424289718805,-0.35438338444384315
7639,0.7265625,0.3046875,-0.20142777940879011,-0.39427245514594872,-0.140347747419693,-0.4340069449463913
7640,0.7265625,0.3203125,-0.21265831364159554,-0.41607712561572119,-0.14821842742115826,-0.45834339330619589
7641,0.6640625,0.3203125,-0.38563656693052939,0.44483924447585937,-0.44779961309843669,0.41041264876157063
7642,0.6640625,0.3046875,-0.36535307599873762,0.4214033941529024,-0.42402173931318193,0.38861953167907043
7643,0.6484375,0.3203125,-0.13570161823934299,0.60014265318439253,-0.20490703795345627,0.60030607011058656
7644,0.6484375,0.3046875,-0.1285996615596538,0.56848604537192615,-0.19402692997897258,0.56842878947801645
7645,0.6796875,0.3359375,-0.5494189990848215,0.21010759160339496,-0.5897318196949719,0.14548651185916373
7646,0.6953125,0.3359375,-0.55278444218540945,-0.069335894094423103,-0.55609625270194063,-0.14681035360740061
7647,0.6796875,0.3515625,-0.57355254949758738,0.21932915177671333,-0.61582905543243227,0.1519245391135042
7648,0.6953125,0.3515625,-0.57707890478637736,-0.072398039121495519,-0.58070510604762715,-0.15330751736748885
7649,0.7109375,0.1953125,-0.21607200772518942,-0.15122583124141453,-0.19508556538167277,-0.1846882561649103
7650,0.7109375,0.1796875,-0.19099094196430447,-0.13322496952243534,-0.17160439803322733,-0.1624482876197596
7651,0.7265625,0.1953125,-0.11286817565812705,-0.21989546455438472,-0.077264161535334941,-0.23888528046362112
7652,0.7265625,0.1796875,-0.10004856704324712,-0.1941163274604959,-0.067970295942590922,-0.21012559895512742
7653,0.6953125,0.2109375,-0.31049181782663587,-0.03845657161838114,-0.30958243998498935,-0.081718636781031292
7654,0.6796875,0.2109375,-0.30819504491721417,0.11842910276302539,-0.32829906602348979,0.081002390439329913
7655,0.6953125,0.2265625,-0.34337555440147455,-0.042767629893064645,-0.34313468845459494,-0.09058029231263337
7656,0.6796875,0.2265625,-0.34101241847177638,0.13077346041449744,-0.36388325310898284,0.089777259505121734
7657,0.6796875,0.1640625,-0.21085113554579354,0.082152911522999042,-0.22290181995363326,0.055017423425426024
7658,0.6953125,0.1640625,-0.21310871202059165,-0.025347549330578398,-0.21020613999578258,-0.055466106163778749
7659,0.6796875,0.1484375,-0.17978324208879967,0.070671044813319539,-0.18935042384925657,0.046747024943777311
7660,0.6953125,0.1484375,-0.18206753966321632,-0.021070384013546252,-0.1785720155218436,-0.047107657355777655
7661,0.6640625,0.1796875,-0.17829460077306092,0.20709926771982706,-0.20526417445320899,0.18815041366087099
7662,0.6640625,0.1953125,-0.20243128767908525,0.23450116607567204,-0.23336641254699389,0.21389948689906213
7663,0.6484375,0.1796875,-0.062227305509996528,0.27837373067787863,-0.093916632941189362,0.27518485088697675
7664,0.6484375,0.1953125,-0.07090749246930865,0.31556657779890607,-0.10677878424262388,0.31285219127946812
7665,0.8046875,0.2890625,0.24790245555165741,0.088208201828719995,0.21923000413014512,0.15512339428507499
7666,0.8203125,0.2890625,0.16221068421537047,0.16736211731633788,0.10386749645300443,0.21214357197853262
7667,0.8046875,0.2734375,0.23224813992603419,0.082680778009285194,0.20489516268663882,0.14497866734647219
7668,0.8203125,0.2734375,0.15197863492132715,0.1569460578339702,0.097077193896297667,0.19827260916339953
7669,0.7890625,0.3046875,0.30914797704371388,-0.039209874352774371,0.31795569154646569,0.037054698625311591
7670,0.7890625,0.3203125,0.32602527317249175,-0.041407913788189324,0.33578075998600393,0.039132275421115643
7671,0.7734375,0.3046875,0.28436564831423194,-0.19468435327040726,0.32900629959998295,-0.13287118858583419
7672,0.7734375,0.3203125,0.29989755030256299,-0.20539994222741237,0.34745163910118715,-0.1403206281419826
7673,0.8359375,0.3203125,0.072313912895182866,0.21575661670892185,-0.010156245223553018,0.22923442034230437
7674,0.8359375,0.3046875,0.068444037297949664,0.20481146013578957,-0.0096181289282495988,0.21706884906243407
7675,0.8515625,0.3203125,-0.021582583111385934,0.19477843774813794,-0.10081553028051855,0.16678714327225133
7676,0.8515625,0.3046875,-0.020726712873829056,0.18493409156804844,-0.095467116401470847,0.15793734703403803
7677,0.8203125,0.3359375,0.19042682877436107,0.19585949057410473,0.12238801215798185,0.24996786482793323
7678,0.8046875,0.3359375,0.29085746199003909,0.10322760333858022,0.25832183038727075,0.18278472451779765
7679,0.8203125,0.3515625,0.19875868382220235,0.20424922575147533,0.12780348190561064,0.26102623390799096
7680,0.8046875,0.3515625,0.30349594835836313,0.10763278568095731,0.26975099011978909,0.19087137590242653
7681,0.8046875,0.7890625,0.16602460791714765,0.058694278012556576,0.14385474086835029,0.10176785415163167
7682,0.8203125,0.7890625,0.10907681431460851,0.11238364579999723,0.068170568485377017,0.13919706062187764
7683,0.8046875,0.7734375,0.18287492359193813,0.064906344167849114,0.15943274583625483,0.11279773794789888
7684,0.8203125,0.7734375,0.11993084808839709,0.12381873820874859,0.075546565756727593,0.15427547207576028
7685,0.7890625,0.8046875,0.17440926932442261,-0.022947854521276755,0.17504533370892794,0.020374422178717516
7686,0.7890625,0.8203125,0.15450870065038547,-0.020801842236463572,0.15398159940875825,0.017911679874020495
7687,0.7734375,0.8046875,0.15961759484369537,-0.1103024184443038,0.18110955692500491,-0.073167289036498093
7688,0.7734375,0.8203125,0.14107316319726129,-0.098067274445830604,0.15930891020404014,-0.064371213440984607
7689,0.8359375,0.8203125,0.03536121241132039,0.10478279707522611,-0.0046261858172512264,0.10516207294243232
7690,0.8359375,0.8046875,0.039349225948393324,0.11772079435564703,-0.0052718653738201707,0.11953828267669762
7691,0.8515625,0.8203125,-0.010644246970843072,0.096026425050565009,-0.046227831548367911,0.076551318024961415
7692,0.8515625,0.8046875,-0.012225804034816498,0.10742682994440392,-0.052557608979298134,0.087005105305953526
7693,0.8203125,0.8359375,0.077168246076998431,0.078074568476433778,0.046328327623130938,0.094529941362933925
7694,0.8046875,0.8359375,0.11613573091504935,0.039838527027570708,0.09771570186346383,0.06909132846695594
7695,0.8203125,0.8515625,0.067022813247029064,0.066980455879356193,0.039375839229295544,0.080308620189561988
7696,0.8046875,0.8515625,0.10019508985355005,0.033692604901423187,0.083027810845862082,0.05868725625253305
7697,0.7109375,0.6953125,-0.38733689878428484,-0.27234305158532462,-0.35441961212377093,-0.33556620285831212
7698,0.7109375,0.6796875,-0.40885924708197491,-0.28743396239100949,-0.37429424289719365,-0.35438338444384559
7699,0.7265625,0.6953125,-0.20142777940878726,-0.39427245514595538,-0.14034774741969713,-0.43400694494639047
7700,0.7265625,0.6796875,-0.21265831364159363,-0.41607712561572874,-0.14821842742116539,-0.45834339330619489
7701,0.6953125,0.7109375,-0.46983554512581577,-0.058916959288382614,-0.4719177488178834,-0.12458611982268686
7702,0.6796875,0.7109375,-0.46696863209367251,0.17859629916766045,-0.50046116989672407,0.12346413324987704
7703,0.6953125,0.7265625,-0.43947682295659168,-0.055087074650541308,-0.44104713849232724,-0.11643546592768782
7704,0.6796875,0.7265625,-0.43676373725211109,0.1670773733982196,-0.46772262563405226,0.11538829650472174
7705,0.6796875,0.6640625,-0.54941899908482861,0.21010759160338829,-0.58973181969497224,0.14548651185915062
7706,0.6953125,0.6640625,-0.55278444218541545,-0.06933589409443186,-0.55609625270194496,-0.14681035360741004
7707,0.6796875,0.6484375,-0.57355254949759515,0.2193291517767075,-0.6158290554324346,0.15192453911348805
7708,0.6953125,0.6484375,-0.57707890478638391,-0.072398039121502486,-0.58070510604762993,-0.1533075173675004
7709,0.6640625,0.6796875,-0.38563656693053605,0.44483924447585554,-0.44779961309843919,0.41041264876156286
7710,0.6640625,0.6953125,-0.3653530759987435,0.42140339415290262,-0.4240217393131846,0.38861953167906904
7711,0.6484375,0.6796875,-0.13570161823934876,0.6001426531843902,-0.20490703795345422,0.60030607011057735
7712,0.6484375,0.6953125,-0.12859966155965866,0.56848604537192471,-0.19402692997897,0.56842878947801412
7713,0.8046875,0.7109375,0.24790245555166049,0.088208201828725658,0.21923000413014396,0.15512339428507227
7714,0.8203125,0.7109375,0.16221068421537091,0.16736211731634376,0.10386749645300192,0.21214357197852743
7715,0.8046875,0.7265625,0.23224813992603627,0.082680778009291148,0.20489516268664287,0.14497866734647313
7716,0.8203125,0.7265625,0.15197863492132666,0.15694605783397589,0.097077193896299152,0.19827260916339878
7717,0.7890625,0.6953125,0.30914797704371971,-0.039209874352770936,0.31795569154645942,0.037054698625309586
7718,0.7890625,0.6796875,0.32602527317249763,-0.041407913788186902,0.33578075998599216,0.039132275421114131
7719,0.7734375,0.6953125,0.28436564831423894,-0.19468435327040631,0.32900629959997907,-0.13287118858583497
7720,0.7734375,0.6796875,0.29989755030256965,-0.20539994222741254,0.34745163910117749,-0.14032062814198135
7721,0.8359375,0.6796875,0.072313912895182103,0.21575661670892671,-0.010156245223562781,0.22923442034229186
7722,0.8359375,0.6953125,0.068444037297948263,0.20481146013579482,-0.0096181289282555246,0.21706884906242319
7723,0.8515625,0.6796875,-0.021582583111388734,0.19477843774814177,-0.10081553028052426,0.16678714327223645
7724,0.8515625,0.6953125,-0.020726712873832452,0.18493409156805235,-0.095467116401473748,0.15793734703402582
7725,0.8203125,0.6640625,0.19042682877436293,0.19585949057410904,0.12238801215796571,0.24996786482792402
7726,0.8046875,0.6640625,0.29085746199004314,0.10322760333858359,0.25832183038725381,0.18278472451779323
7727,0.8203125,0.6484375,0.19875868382220399,0.20424922575147877,0.12780348190559232,0.26102623390798357
7728,0.8046875,0.6484375,0.30349594835836674,0.10763278568095992,0.26975099011976944,0.19087137590242376
7729,0.7109375,0.8046875,-0.21607200772519,-0.15122583124141351,-0.1950855653816719,-0.18468825616492002
7730,0.7109375,0.8203125,-0.19099094196430563,-0.13322496952243451,-0.17160439803322625,-0.16244828761976995
7731,0.7265625,0.8046875,-0.11286817565812762,-0.21989546455438291,-0.07726416153532871,-0.23888528046362759
7732,0.7265625,0.8203125,-0.10004856704324849,-0.19411632746049462,-0.067970295942585565,-0.21012559895513469
7733,0.6953125,0.7890625,-0.3104918178266361,-0.038456571618380918,-0.30958243998499513,-0.081718636781040091
7734,0.6796875,0.7890625,-0.30819504491721483,0.11842910276302568,-0.3282990660234994,0.08100239043932364
7735,0.6953125,0.7734375,-0.34337555440147421,-0.042767629893065366,-0.34313468845460016,-0.09058029231264017
7736,0.6796875,0.7734375,-0.34101241847177677,0.13077346041449675,-0.36388325310899122,0.089777259505117946
7737,0.6796875,0.8359375,-0.21085113554579477,0.082152911522999333,-0.22290181995363922,0.055017423425414692
7738,0.6953125,0.8359375,-0.21310871202059303,-0.025347549330578121,-0.21020613999578461,-0.055466106163790288
7739,0.6796875,0.8515625,-0.17978324208880081,0.0706710448133194,-0.18935042384925957,0.046747024943765751
7740,0.6953125,0.8515625,-0.18206753966321756,-0.021070384013546474,-0.17857201552184351,-0.047107657355788986
7741,0.6640625,0.8203125,-0.17829460077306175,0.20709926771982781,-0.20526417445322048,0.18815041366086319
7742,0.6640625,0.8046875,-0.20243128767908591,0.23450116607567298,-0.23336641254700552,0.21389948689905575
7743,0.6484375,0.8203125,-0.062227305509997034,0.27837373067787974,-0.093916632941202213,0.27518485088697203
7744,0.6484375,0.8046875,-0.070907492469308969,0.31556657779890745,-0.1067787842426383,0.3128521912794674
7745,0.1953125,0.7890625,0.17108058452444674,-0.0074643448222804897,0.17607718438684228,-0.0063963261976563894
7746,0.1796875,0.7890625,0.1289884601042508,-0.077987394896907994,0.13319044735720958,-0.079232543754246196
7747,0.1953125,0.7734375,0.18964405820396499,-0.0082385411281564354,0.19516775831310465,-0.0070891037045705176
7748,0.1796875,0.7734375,0.142981669121059,-0.086399373770787269,0.14763106910080148,-0.087822369815631351
7749,0.2109375,0.8046875,0.15393612607072116,0.075478698098365812,0.15756525200527843,0.078848467490767682
7750,0.2109375,0.8203125,0.13539200131648721,0.066375891290366792,0.13858782524896243,0.069351307271278709
7751,0.2265625,0.8046875,0.11016324637994426,0.15527557708427031,0.11133000695169627,0.16045930719816423
7752,0.2265625,0.8203125,0.096898757446227821,0.13658339191146093,0.097921322434531943,0.14113303593530863
7753,0.1640625,0.8203125,0.051723743482834657,-0.088683738762732167,0.053530616426079605,-0.090576888713094481
7754,0.1640625,0.8046875,0.058806643194871555,-0.1007933286277857,0.060860706904170996,-0.10297968598906103
7755,0.1484375,0.8203125,0.0028664762755100056,-0.087407457210609996,0.0029795016211165148,-0.089321396259946673
7756,0.1484375,0.8046875,0.0032478435153934478,-0.099352328012655297,0.003387285415733804,-0.10155256609156267
7757,0.1796875,0.8359375,0.087547872813660887,-0.053029102673350127,0.09041937245122314,-0.053790082273327454
7758,0.1953125,0.8359375,0.11612031104488067,-0.0051372759452090301,0.11953396212643691,-0.0043438069190469249
7759,0.1796875,0.8515625,0.074357228975822059,-0.04507344844645484,0.076804432632691266,-0.045691071019403229
7760,0.1953125,0.8515625,0.098630751785024853,-0.0043875859795608563,0.10153516226030372,-0.0036902870387198069
7761,0.2890625,0.6953125,-0.46552637297432048,0.09292398510619676,-0.48052518995020843,0.085801436216363866
7762,0.2890625,0.6796875,-0.49165003206562014,0.098072395934662326,-0.50747574398412743,0.090612575903559089
7763,0.2734375,0.6953125,-0.34056870674949158,0.28451306180589198,-0.35562564208580938,0.28572788194332754
7764,0.2734375,0.6796875,-0.3596694537717538,0.30039700757362509,-0.37557088753738233,0.30175202045141608
7765,0.3046875,0.7109375,-0.45352670906159004,-0.14103962451625648,-0.46281553253335733,-0.15513877721351846
7766,0.3203125,0.7109375,-0.34997846760479145,-0.35985961237871261,-0.35034716077405553,-0.37815568684597456
7767,0.3046875,0.7265625,-0.42384195074411679,-0.13177780521912469,-0.43253407886752437,-0.14498749310322739
7768,0.3203125,0.7265625,-0.32706821320932644,-0.33631439074508984,-0.32742427971904647,-0.35341314524436057
7769,0.3203125,0.6640625,-0.41249889822462316,-0.42406591609428196,-0.41285236685457127,-0.44562207075603388
7770,0.3046875,0.6640625,-0.53451145753200113,-0.16632097989765871,-0.54538535893375495,-0.18281908764710048
7771,0.3203125,0.6484375,-0.43079278008829541,-0.44283486302919273,-0.43112494248264538,-0.46534473916278346
7772,0.3046875,0.6484375,-0.55820081470653449,-0.17371800631927617,-0.56952342259168665,-0.19091108377228355
7773,0.3359375,0.6796875,-0.16035034267356402,-0.56950892896408489,-0.1486119787697546,-0.58901746728028703
7774,0.3359375,0.6953125,-0.15181100472574882,-0.53929937377838577,-0.14071922229606099,-0.55773673624045184
7775,0.3515625,0.6796875,0.13641311039213183,-0.60222583735977364,0.15874994907563669,-0.61417495744328066
7776,0.3515625,0.6953125,0.12918857366902184,-0.57031001342052412,0.15031965054921573,-0.58155873661133828
7777,0.1953125,0.7109375,0.26095047544124295,-0.01115623326329696,0.26844095106982485,-0.0097470691919926133
7778,0.1796875,0.7109375,0.19671509339687185,-0.11860799016426851,0.20305644578718271,-0.12079016769665096
7779,0.1953125,0.7265625,0.24384769046572211,-0.010464129140133104,0.25087694384416109,-0.0091100878284422308
7780,0.1796875,0.7265625,0.18382954630924075,-0.110898937703821,0.18977072422844998,-0.11288784266991657
7781,0.2109375,0.6953125,0.27994421000380648,0.13730791186115576,0.28632619622874961,0.1432866728353914
7782,0.2109375,0.6796875,0.29569337032690374,0.1450216893000304,0.3023856155539103,0.15132348361397893
7783,0.2265625,0.6953125,0.20036442222693762,0.28207924095911591,0.20230876355239871,0.29158489991677589
7784,0.2265625,0.6796875,0.21164802257996351,0.29788184897733516,0.2136560933295942,0.30793867048981033
7785,0.1640625,0.6796875,0.11281181388139705,-0.1929177854557437,0.1167947576203833,-0.1976213898919989
7786,0.1640625,0.6953125,0.10682259369024592,-0.18273062255859937,0.11059239705542699,-0.18712708936352751
7787,0.1484375,0.6796875,0.0060044880064352721,-0.19025282848530153,0.0064956889237313105,-0.19488550694051171
7788,0.1484375,0.6953125,0.0057108176805681053,-0.18019954835569268,0.0061512909695986395,-0.18453626126812031
7789,0.1796875,0.6640625,0.23187909849191277,-0.13959057149046991,0.23928324993305344,-0.14233700894018622
7790,0.1953125,0.6640625,0.30763063723588846,-0.013022693097723647,0.31633379235521142,-0.011483499334392877
7791,0.1796875,0.6484375,0.24216880402416732,-0.14571336289170317,0.24987363431334167,-0.1486356645939223
7792,0.1953125,0.6484375,0.32129155601284171,-0.0135626122548674,0.33033463099178617,-0.011990987159296746
7793,0.2890625,0.8046875,-0.25619272953026767,0.051409477982100972,-0.26443600641011888,0.04722167102193249
7794,0.2890625,0.8203125,-0.22535710781745483,0.045267922567596292,-0.23258721091991866,0.041535084339993818
7795,0.2734375,0.8046875,-0.18742046107160737,0.15688560848492308,-0.19570312732254758,0.15724183437955241
7796,0.2734375,0.8203125,-0.1648492280633094,0.1380507900114806,-0.17213234454234949,0.13830417375667839
7797,0.3046875,0.7890625,-0.29749927832054462,-0.092396607579401921,-0.30357418751728238,-0.10175697993351342
7798,0.3203125,0.7890625,-0.2295931373621988,-0.23607518421489954,-0.22980307208531403,-0.24804185322589881
7799,0.3046875,0.7734375,-0.32973319111177063,-0.10243870548965314,-0.3364876426765161,-0.11279025690637014
7800,0.3203125,0.7734375,-0.25445670141022447,-0.26165235324543684,-0.25471808939860247,-0.27493495558410458
7801,0.3203125,0.8359375,-0.1560145324562203,-0.16033903436876143,-0.15600952418143058,-0.16838900733287199
7802,0.3046875,0.8359375,-0.20207722058222444,-0.062672459364062946,-0.20609016168726296,-0.06907849229425643
7803,0.3203125,0.8515625,-0.13261411860729078,-0.13623163774987415,-0.13251989687960358,-0.14303398765099007
7804,0.3046875,0.8515625,-0.1717181654920793,-0.053209903689110154,-0.17505926722747359,-0.058676301540011487
7805,0.3359375,0.8203125,-0.073575643276667546,-0.26134973446826315,-0.068113040145404979,-0.26996125196717774
7806,0.3359375,0.8046875,-0.083592289869362804,-0.29704496667301861,-0.077439119409274407,-0.30692727716623214
7807,0.3515625,0.8203125,0.062510821884533593,-0.2765565193950873,0.072758460362673444,-0.28149516341621061
7808,0.3515625,0.8046875,0.071098772776773927,-0.31428456820602746,0.082722050098461869,-0.32003971527037606
7809,0.1953125,0.0390625,0.0086904261190571992,-0.00052024452689657791,0.0088981169971020443,-0.00032632528986452846
7810,0.1796875,0.0390625,0.0065145572991906851,-0.0041096260478639792,0.0067298767127504247,-0.0040063200439853725
7811,0.1953125,0.0234375,0.0032561391778015837,-0.0002876629088980381,0.0032661964941891677,-0.00012176574644702532
7812,0.1796875,0.0234375,0.0024196355675992591,-0.0016264435801079651,0.0024696181182170852,-0.0014720185564864536
7813,0.2109375,0.0546875,0.016695830184500497,0.008090151815679892,0.016998504676816645,0.0085030014367811439
7814,0.2109375,0.0703125,0.026656388367302348,0.012989239615207548,0.027214125520707334,0.013615344544067407
7815,0.2265625,0.0546875,0.012038990874234162,0.016833679423610325,0.012012336354419144,0.017308160341970753
7816,0.2265625,0.0703125,0.019161274889819564,0.026896883816067651,0.019230148086954873,0.027711687670332507
7817,0.1640625,0.0703125,0.010126645701901919,-0.017533222647004059,0.010510385417776111,-0.017786342076587466
7818,0.1640625,0.0546875,0.0063164088249937954,-0.011007284403834651,0.0065642637185217723,-0.011109687588675641
7819,0.1484375,0.0703125,0.00056004252849391602,-0.017242503018965499,0.00058457261434593513,-0.017538630280311784
7820,0.1484375,0.0546875,0.00034684457228155782,-0.01080672778797913,0.00036474322015811098,-0.010954452071818468
7821,0.1796875,0.0859375,0.028666208444110677,-0.017494435675852793,0.029635850779377106,-0.017632176859013259
7822,0.1953125,0.0859375,0.038060594856515938,-0.001778846583774154,0.03917919222241166,-0.0014259345884484191
7823,0.1796875,0.1015625,0.038707328990971804,-0.023556923645386595,0.040004179511207126,-0.023799905367925332
7824,0.1953125,0.1015625,0.051370720404621831,-0.002351744942587667,0.052885878452694671,-0.0019236758675498127
7825,0.3046875,0.0390625,-0.015531249135495938,-0.004437297529563065,-0.015347705710521345,-0.0051367946646213251
7826,0.3203125,0.0390625,-0.012233832843271262,-0.012062079456204409,-0.011622521797421273,-0.012533947340472914
7827,0.3046875,0.0234375,-0.0060526831520116026,-0.0015179331107726159,-0.0056374378459073723,-0.00188246367539446
7828,0.3203125,0.0234375,-0.0048857410308045081,-0.0045554659641451004,-0.0042714757593838989,-0.0046003807739290036
7829,0.2890625,0.0546875,-0.027874685768420806,0.0059825495885270459,-0.028528275853812832,0.0051012911691169045
7830,0.2890625,0.0703125,-0.044457685276201364,0.0092829713729860163,-0.045673003574049256,0.0081624270855288374
7831,0.2734375,0.0546875,-0.020242098653696253,0.017408755585445579,-0.021110361430598901,0.016968973181004716
7832,0.2734375,0.0703125,-0.032381787287350722,0.027546240565979926,-0.033799000707121517,0.027163387947292825
7833,0.3359375,0.0703125,-0.015006021098329396,-0.051824872724844845,-0.013383765778754121,-0.053014742076563717
7834,0.3359375,0.0546875,-0.009619403894566057,-0.032585422222379881,-0.0083635149003979409,-0.033115001213509805
7835,0.3515625,0.0703125,0.011907140983910039,-0.055167073713832733,0.014280223694171357,-0.055285561203892872
7836,0.3515625,0.0546875,0.0072828199658542285,-0.034829883250164555,0.0089164771878516031,-0.034535974566257781
7837,0.3203125,0.0859375,-0.051605707092929047,-0.052662269332443445,-0.051142033837636693,-0.055192024386798516
7838,0.3046875,0.0859375,-0.066580904373579053,-0.020377759223666511,-0.067554536797041639,-0.022637701940304605
7839,0.3203125,0.1015625,-0.069408695151308958,-0.071042694012933477,-0.069029964034338628,-0.074501044852392548
7840,0.3046875,0.1015625,-0.089688950586215732,-0.0276034096960798,-0.091185557310588139,-0.030559603449676412
7841,0.0390625,0.1953125,0.0024911422915984672,0.0088895181478250464,0.002959256264628072,0.0084041327018583006
7842,0.0390625,0.1796875,0.0021625886121655648,0.0078355849757805931,0.0026023677594432595,0.0073918621979121406
7843,0.0234375,0.1953125,0.0020977724859155378,0.0027894632543206,0.0024579774006434599,0.0021563804779860135
7844,0.0234375,0.1796875,0.00181137638001511,0.0024561779602191255,0.0021615053224841524,0.0018963949740948497
7845,0.0546875,0.2109375,-0.0034827814320089216,0.018702512813656182,-0.0031499216295482794,0.018752656235276478
7846,0.0703125,0.2109375,-0.018640085665346959,0.023179262811219126,-0.018883824011252416,0.023870085802628747
7847,0.0546875,0.2265625,-0.003840230958327296,0.020692731436959232,-0.0034909456324499488,0.020785520078649769
7848,0.0703125,0.2265625,-0.020660035342449881,0.025651834835697711,-0.020930965194536525,0.026457595903670857
7849,0.0703125,0.1640625,-0.01266071209102718,0.015813152422732769,-0.012820340527296928,0.016205627316503352
7850,0.0546875,0.1640625,-0.0024087655044232946,0.012765312766796039,-0.0021394329792553449,0.012731065333360589
7851,0.0703125,0.1484375,-0.010756068416004525,0.013455942910614079,-0.010890123135299778,0.013765699498706907
7852,0.0546875,0.1484375,-0.002060456835151219,0.010863709702074708,-0.0018176154686248942,0.010814133751336422
7853,0.0859375,0.1796875,-0.030873698338999372,0.012694480860313653,-0.03176827850368006,0.013415898242540433
7854,0.0859375,0.1953125,-0.035113895856617575,0.014402654502064578,-0.0361183982013525,0.015252484592431993
7855,0.1015625,0.1796875,-0.044775312858629589,-0.0052004143775651324,-0.046304716361257083,-0.0047309459717228717
7856,0.1015625,0.1953125,-0.050929697767276537,-0.0059327705167229825,-0.052645575461215857,-0.0053793163435953452
7857,0.0390625,0.3046875,0.0048435558536474872,0.015862444870248394,0.0053832374568524924,0.015270132830236179
7858,0.0390625,0.3203125,0.0051483657632821079,0.016702763259835152,0.0056858386830114602,0.016126072912032129
7859,0.0234375,0.3046875,0.0042230687748425399,0.0049474077729563205,0.0044725511983110307,0.0039196119383383445
7860,0.0234375,0.3203125,0.0045101699456895385,0.0051963154516991347,0.0047242076037871802,0.0041393164945288611
7861,0.0546875,0.2890625,-0.005205133776396983,0.028248085263217107,-0.0047993958406604992,0.028586776519898209
7862,0.0703125,0.2890625,-0.028441389492383524,0.035063963818693263,-0.028788295858577003,0.036387607510847561
7863,0.0546875,0.2734375,-0.0048776453477015237,0.026450383575925704,-0.0044858043551742419,0.026716979107260442
7864,0.0703125,0.2734375,-0.026570322541177489,0.032819959461170709,-0.026904825012060062,0.034007542413592981
7865,0.0703125,0.3359375,-0.033570209242734073,0.041140036336957522,-0.033924231451274732,0.042876671328971661
7866,0.0546875,0.3359375,-0.0061056435541679624,0.033100819954123464,-0.0056543881815496952,0.033684461838378053
7867,0.0703125,0.3515625,-0.035078218533220726,0.042904089657006511,-0.035425710620064874,0.044773427019327773
7868,0.0546875,0.3515625,-0.0063719985513420105,0.034504982849064676,-0.0059043167469353623,0.035174461113527955
7869,0.0859375,0.3203125,-0.067648923434040137,0.027245557346028841,-0.069315946991824598,0.029263967822595386
7870,0.0859375,0.3046875,-0.064018217161518662,0.025839110181158899,-0.065634438890197835,0.027710593593019313
7871,0.1015625,0.3203125,-0.098139460403704221,-0.011603237339077956,-0.10103595872813302,-0.010329190875306529
7872,0.1015625,0.3046875,-0.092876345662733312,-0.010968748256477522,-0.095669606536587015,-0.0097801166307121736
7873,0.8046875,0.0390625,0.014954406832725774,0.0028095036907680817,0.0073758537891401594,0.0051475041641683419
7874,0.8203125,0.0390625,0.011457798570046572,0.008853785267430983,0.0035372065668911419,0.0070918957936100292
7875,0.8046875,0.0234375,0.008883508259301353,0.001792234352516517,0.0027602343807056483,0.0019054830040957519
7876,0.8203125,0.0234375,0.0068409766851913727,0.0056363250027255838,0.0013372469581257706,0.0026439721264196734
7877,0.7890625,0.0546875,0.02444350446456612,-0.0063229597517006457,0.018978519692731701,0.0021418872665997604
7878,0.7890625,0.0703125,0.035720525840302671,-0.0080384442432944996,0.030327894529248455,0.0034589024272906961
7879,0.7734375,0.0546875,0.020331852385864498,-0.017833142515536877,0.019593918823859604,-0.007984882815673491
7880,0.7734375,0.0703125,0.030555259216863268,-0.025168732224122341,0.031334771398038197,-0.012732252387188395
7881,0.8359375,0.0703125,0.011531169041382409,0.026263844415398384,-0.00084098741498010048,0.02074691916315545
7882,0.8359375,0.0546875,0.008703818197149429,0.018641572225482905,-0.00050386378453559861,0.012996057182662264
7883,0.8515625,0.0703125,-0.00065288653634468046,0.026360795967620032,-0.0090639968569362402,0.015154777160123652
7884,0.8515625,0.0546875,-0.0001424612527984904,0.019255157543333595,-0.0056607667553640944,0.0095106722225559211
7885,0.8203125,0.0859375,0.031079160108908571,0.027837177090511589,0.015276561708548844,0.031026661796120784
7886,0.8046875,0.0859375,0.044019057027525683,0.012195156130376862,0.032126215825352744,0.022638280266620361
7887,0.8203125,0.1015625,0.039200743118006448,0.036522445362290594,0.020577529985532597,0.041861143500933576
7888,0.8046875,0.1015625,0.056584262904303857,0.016883360333619646,0.043318819971928164,0.030561972528366996
7889,0.6953125,0.0390625,-0.020444623122148248,-3.5389079477542782e-05,-0.015721979799085989,-0.0041028343916269406
7890,0.6796875,0.0390625,-0.018767858625895556,0.009842015717613865,-0.016644138725310745,0.0041519246472526122
7891,0.6953125,0.0234375,-0.010239367830515355,0.00042681578604189118,-0.005813357238947099,-0.0015013950976431999
7892,0.6796875,0.0234375,-0.009034177703097189,0.0052682054351981472,-0.0061433999829786853,0.0015474857200180668
7893,0.7109375,0.0546875,-0.028809631768408575,-0.016715419701934277,-0.021132862753755907,-0.01993339718333156
7894,0.7109375,0.0703125,-0.042866859708899696,-0.026411223251955575,-0.033782684995873731,-0.031906140046552442
7895,0.7265625,0.0546875,-0.01699104295741543,-0.026950082553491052,-0.0084094181669917695,-0.025824681315447219
7896,0.7265625,0.0703125,-0.024429405780284338,-0.041142595469629055,-0.013421197150813772,-0.041312318009384862
7897,0.6640625,0.0703125,-0.035623407937323701,0.045538880630421247,-0.040319091775522238,0.037022064851327648
7898,0.6640625,0.0546875,-0.022596649217767776,0.030288136485913001,-0.025189873851121654,0.023152476673352695
7899,0.6484375,0.0703125,-0.010647264104886631,0.05901649349435735,-0.018419184257732306,0.054104713822967949
7900,0.6484375,0.0546875,-0.0061355096154732834,0.038554792259413447,-0.01149740040657397,0.033820192312456997
7901,0.6796875,0.0859375,-0.071608881560871807,0.030642562686963273,-0.073103379018221434,0.018090676662436161
7902,0.6953125,0.0859375,-0.07391162641948501,-0.0061916043357360152,-0.06896631410462252,-0.018148820420545077
7903,0.6796875,0.1015625,-0.095474453451029631,0.039551311730915924,-0.09865773159141776,0.024391529295638845
7904,0.6953125,0.1015625,-0.097818587511164151,-0.0094083075007327984,-0.093061514167003589,-0.024513563967173638
7905,0.9609375,0.1953125,-0.023072550593906629,-0.041355426871915034,0.0066781744746950353,-0.0060046158110723261
7906,0.9609375,0.1796875,-0.019922138147519895,-0.038248863597188217,0.005883128285049821,-0.0053115752560121002
7907,0.9765625,0.1953125,-0.00603632071185649,-0.04639572304319222,0.0031705077297031563,-0.0012003360228701955
7908,0.9765625,0.1796875,-0.0041159155251486055,-0.042347766660346585,0.0028109942444604365,-0.0010790448226183681
7909,0.9453125,0.2109375,-0.040829133139015789,-0.034633793741181966,0.0069605205659768812,-0.017732601210750695
7910,0.9296875,0.2109375,-0.053294183109868845,-0.022032247213118507,-0.0034216407123196348,-0.030273092225636674
7911,0.9453125,0.2265625,-0.044979159385330293,-0.036680509977055166,0.0077168978334669945,-0.019626610012405721
7912,0.9296875,0.2265625,-0.058091219699703038,-0.023122023384032589,-0.0037785086921747332,-0.033532380034355547
7913,0.9296875,0.1640625,-0.039363502185696092,-0.018263257740874835,-0.0023701654952854676,-0.020610793309821334
7914,0.9453125,0.1640625,-0.029041518164140342,-0.028167609334112116,0.0047110817096512993,-0.012116708729134645
7915,0.9296875,0.1484375,-0.034939771619331123,-0.016840266277325312,-0.0020359769045520024,-0.017531314166344149
7916,0.9453125,0.1484375,-0.025399201616438657,-0.025895136200982643,0.0039928501179026044,-0.010325587193350305
7917,0.9140625,0.1796875,-0.053457774032265329,-0.004716064648800063,-0.019702830588471131,-0.028381145022808165
7918,0.9140625,0.1953125,-0.05897143320523518,-0.0048065756955995307,-0.022371833280036967,-0.032255640440765079
7919,0.8984375,0.1796875,-0.05945725547256582,0.01608673766921517,-0.041605040218828139,-0.021013641499806456
7920,0.8984375,0.1953125,-0.065788750170781632,0.017893204976909206,-0.047271673959610121,-0.023894942824080483
7921,0.9609375,0.3046875,-0.047060513774529057,-0.062684949184923427,0.012028619180130169,-0.010714861505955735
7922,0.9609375,0.3203125,-0.05029544397324015,-0.065581446084616593,0.012692236428095371,-0.011306666071358277
7923,0.9765625,0.3046875,-0.021318821081316115,-0.075157863392921409,0.0055735721289989137,-0.0020485482237067947
7924,0.9765625,0.3203125,-0.023350648373822728,-0.079059524237986664,0.0058716810810698072,-0.0021598143808933576
7925,0.9453125,0.2890625,-0.061833786273789972,-0.044485576772099661,0.010604334836460389,-0.026896635699619316
7926,0.9296875,0.2890625,-0.077274327996249489,-0.026898477848430403,-0.0051617633135181201,-0.046036335637212711
7927,0.9453125,0.2734375,-0.05765977132365388,-0.04258135982850348,0.0099143897372091939,-0.025153213963892362
7928,0.9296875,0.2734375,-0.072549986468933014,-0.026016984943389655,-0.0048280574883214685,-0.043039290518527333
7929,0.9296875,0.3359375,-0.09060087820570932,-0.029425904478743166,-0.0060788176537545187,-0.054211240518162639
7930,0.9453125,0.3359375,-0.073607050711221811,-0.049998380407245316,0.012479668557136281,-0.031656474038787248
7931,0.9296875,0.3515625,-0.094621683112860441,-0.030238994848921723,-0.0063488400272593195,-0.056602470432121424
7932,0.9453125,0.3515625,-0.077144493836332761,-0.05173897522062669,0.013026527029826644,-0.033050243543777225
7933,0.9140625,0.3203125,-0.10217334056999119,-0.0029961718700017392,-0.042761473550511318,-0.061781468118780873
7934,0.9140625,0.3046875,-0.09717416673466607,-0.0033217925283319416,-0.040496864482755357,-0.058509149170399087
7935,0.8984375,0.3203125,-0.11389028459863722,0.034299914052034836,-0.090513820786193577,-0.045837895920359535
7936,0.8984375,0.3046875,-0.10844440198126006,0.032279397154056061,-0.085716636102397561,-0.043407850803588444
7937,0.9609375,0.8046875,-0.023072550593902629,-0.041355426871913584,0.0066781744746966442,-0.0060046158110754165
7938,0.9609375,0.8203125,-0.019922138147516307,-0.038248863597185739,0.0058831282850529366,-0.0053115752560168421
7939,0.9765625,0.8046875,-0.006036320711853769,-0.046395723043189466,0.0031705077297054583,-0.0012003360228709709
7940,0.9765625,0.8203125,-0.0041159155251465811,-0.042347766660343157,0.0028109942444644793,-0.0010790448226199304
7941,0.9453125,0.7890625,-0.040829133139011486,-0.034633793741183333,0.0069605205659767043,-0.017732601210753245
7942,0.9296875,0.7890625,-0.053294183109865063,-0.022032247213121515,-0.0034216407123218184,-0.030273092225640365
7943,0.9453125,0.7734375,-0.04497915938532656,-0.036680509977057449,0.007716897833467822,-0.019626610012405427
7944,0.9296875,0.7734375,-0.058091219699700207,-0.02312202338403636,-0.0037785086921748828,-0.033532380034356636
7945,0.9296875,0.8359375,-0.039363502185691325,-0.018263257740874124,-0.0023701654952863389,-0.020610793309832912
7946,0.9453125,0.8359375,-0.029041518164136193,-0.028167609334109878,0.0047110817096542258,-0.012116708729143772
7947,0.9296875,0.8515625,-0.034939771619326848,-0.016840266277323324,-0.00203597690454988,-0.017531314166356855
7948,0.9453125,0.8515625,-0.02539920161643534,-0.025895136200979402,0.0039928501179083767,-0.010325587193359794
7949,0.9140625,0.8203125,-0.053457774032261034,-0.0047160646488022895,-0.019702830588478191,-0.028381145022817762
7950,0.9140625,0.8046875,-0.058971433205231585,-0.0048065756956028934,-0.02237183328004359,-0.03225564044077147
7951,0.8984375,0.8203125,-0.059457255472562719,0.016086737669211742,-0.041605040218839311,-0.021013641499814009
7952,0.8984375,0.8046875,-0.06578875017077955,0.017893204976904952,-0.047271673959620113,-0.023894942824084903
7953,0.9609375,0.6953125,-0.047060513774527489,-0.062684949184925121,0.01202861918013578,-0.010714861505945068
7954,0.9609375,0.6796875,-0.050295443973238589,-0.065581446084617773,0.01269223642810138,-0.011306666071347289
7955,0.9765625,0.6953125,-0.021318821081314058,-0.075157863392921853,0.0055735721289992476,-0.0020485482236952892
7956,0.9765625,0.6796875,-0.023350648373820785,-0.079059524237986747,0.00587168108107026,-0.0021598143808814097
7957,0.9453125,0.7109375,-0.061833786273789319,-0.044485576772102832,0.010604334836469114,-0.026896635699611867
7958,0.9296875,0.7109375,-0.077274327996250489,-0.026898477848434077,-0.005161763313507187,-0.046036335637209116
7959,0.9453125,0.7265625,-0.057659771323652624,-0.042581359828506818,0.0099143897372161484,-0.02515321396388576
7960,0.9296875,0.7265625,-0.072549986468933278,-0.02601698494339379,-0.0048280574883126847,-0.043039290518523628
7961,0.9296875,0.6640625,-0.090600878205709612,-0.02942590447874506,-0.006078817653741752,-0.054211240518160418
7962,0.9453125,0.6640625,-0.073607050711220839,-0.049998380407246815,0.012479668557146715,-0.031656474038779803
7963,0.9296875,0.6484375,-0.09462168311286008,-0.030238994848923305,-0.0063488400272472762,-0.056602470432119759
7964,0.9453125,0.6484375,-0.077144493836331304,-0.051738975220627793,0.013026527029836555,-0.033050243543770251
7965,0.9140625,0.6796875,-0.10217334056999353,-0.0029961718700037931,-0.042761473550498037,-0.0617814681187836
7966,0.9140625,0.6953125,-0.097174166734668666,-0.0033217925283346109,-0.040496864482742735,-0.058509149170401002
7967,0.8984375,0.6796875,-0.1138902845986409,0.03429991405203385,-0.090513820786182891,-0.04583789592036782
7968,0.8984375,0.6953125,-0.10844440198126402,0.032279397154054514,-0.085716636102386848,-0.04340785080359516
7969,0.8046875,0.9609375,0.014954406832726677,0.002809503690769051,0.0073758537891402401,0.0051475041641660573
7970,0.8203125,0.9609375,0.011457798570047237,0.0088537852674319389,0.0035372065668922339,0.0070918957936069327
7971,0.8046875,0.9765625,0.0088835082593016097,0.001792234352517747,0.0027602343807067043,0.0019054830040944621
7972,0.8203125,0.9765625,0.0068409766851913953,0.0056363250027266897,0.0013372469581278818,0.0026439721264182189
7973,0.7890625,0.9453125,0.02444350446456765,-0.0063229597517002337,0.018978519692730324,0.0021418872665982607
7974,0.7890625,0.9296875,0.035720525840304315,-0.0080384442432948969,0.030327894529245922,0.0034589024272896631
7975,0.7734375,0.9453125,0.020331852385866163,-0.017833142515536395,0.019593918823858931,-0.0079848828156738622
7976,0.7734375,0.9296875,0.030555259216864993,-0.025168732224122661,0.031334771398037045,-0.012732252387188352
7977,0.8359375,0.9296875,0.011531169041383871,0.026263844415398453,-0.00084098741498228689,0.020746919163148549
7978,0.8359375,0.9453125,0.008703818197150423,0.01864157222548361,-0.00050386378453486644,0.0129960571826566
7979,0.8515625,0.9296875,-0.00065288653634333269,0.026360795967620632,-0.0090639968569360164,0.01515477716011508
7980,0.8515625,0.9453125,-0.00014246125279780307,0.01925515754333464,-0.0056607667553609884,0.009510672222549553
7981,0.8203125,0.9140625,0.031079160108910077,0.027837177090510465,0.015276561708542448,0.031026661796116763
7982,0.8046875,0.9140625,0.044019057027527071,0.012195156130375607,0.032126215825347304,0.022638280266619029
7983,0.8203125,0.8984375,0.039200743118007551,0.036522445362288644,0.020577529985523521,0.041861143500931966
7984,0.8046875,0.8984375,0.056584262904304683,0.016883360333617654,0.043318819971921024,0.030561972528368165
7985,0.6953125,0.9609375,-0.020444623122147277,-3.5389079476373768e-05,-0.015721979799085892,-0.0041028343916214701
7986,0.6796875,0.9609375,-0.018767858625894737,0.0098420157176148781,-0.016644138725310821,0.0041519246472597375
7987,0.6953125,0.9765625,-0.010239367830514963,0.00042681578604333788,-0.0058133572389498208,-0.0015013950976381348
7988,0.6796875,0.9765625,-0.0090341777030968681,0.0052682054351994318,-0.0061433999829820628,0.0015474857200245828
7989,0.7109375,0.9453125,-0.028809631768407045,-0.016715419701933552,-0.021132862753753385,-0.019933397183328708
7990,0.7109375,0.9296875,-0.042866859708898149,-0.026411223251955458,-0.033782684995869242,-0.031906140046551429
7991,0.7265625,0.9453125,-0.01699104295741375,-0.026950082553490348,-0.0084094181669896965,-0.025824681315445332
7992,0.7265625,0.9296875,-0.024429405780282545,-0.041142595469629062,-0.013421197150810164,-0.041312318009384549
7993,0.6640625,0.9296875,-0.035623407937322826,0.045538880630421136,-0.040319091775516319,0.037022064851332574
7994,0.6640625,0.9453125,-0.022596649217766857,0.030288136485913376,-0.025189873851118205,0.023152476673360393
7995,0.6484375,0.9296875,-0.010647264104885881,0.059016493494357038,-0.018419184257725377,0.054104713822974264
7996,0.6484375,0.9453125,-0.0061355096154724524,0.038554792259413585,-0.011497400406569847,0.033820192312466336
7997,0.6796875,0.9140625,-0.071608881560870988,0.030642562686962818,-0.073103379018215633,0.018090676662436005
7998,0.6953125,0.9140625,-0.073911626419483969,-0.0061916043357364619,-0.068966314104616663,-0.018148820420546285
7999,0.6796875,0.8984375,-0.095474453451029243,0.03955131173091516,-0.098657731591412903,0.024391529295634921
8000,0.6953125,0.8984375,-0.097818587511163596,-0.0094083075007335704,-0.09306151416699833,-0.024513563967178416
8001,0.0390625,0.8046875,0.0024911422915977481,0.0088895181478225744,0.0029592562646214532,0.0084041327018590222
8002,0.0390625,0.8203125,0.0021625886121653232,0.0078355849757779789,0.0026023677594362734,0.0073918621979100251
8003,0.0234375,0.8046875,0.0020977724859159233,0.0027894632543181887,0.0024579774006386976,0.0021563804779845212
8004,0.0234375,0.8203125,0.0018113763800159468,0.0024561779602167628,0.0021615053224800485,0.001896394974091039
8005,0.0546875,0.7890625,-0.0034827814320109803,0.018702512813654551,-0.0031499216295537967,0.018752656235281679
8006,0.0703125,0.7890625,-0.018640085665349599,0.023179262811218401,-0.018883824011257377,0.023870085802636533
8007,0.0546875,0.7734375,-0.0038402309583295525,0.020692731436958111,-0.0034909456324526988,0.020785520078655296
8008,0.0703125,0.7734375,-0.020660035342452567,0.025651834835697565,-0.020930965194538183,0.026457595903677907
8009,0.0703125,0.8359375,-0.012660712091028772,0.015813152422730726,-0.012820340527309031,0.016205627316503345
8010,0.0546875,0.8359375,-0.0024087655044240531,0.012765312766793503,-0.0021394329792649388,0.012731065333357246
8011,0.0703125,0.8515625,-0.010756068416005602,0.013455942910611958,-0.010890123135312036,0.013765699498702055
8012,0.0546875,0.8515625,-0.0020604568351514805,0.010863709702072224,-0.0018176154686334062,0.010814133751328817
8013,0.0859375,0.8203125,-0.030873698339001849,0.012694480860312761,-0.031768278503690364,0.013415898242548402
8014,0.0859375,0.8046875,-0.035113895856620274,0.014402654502064235,-0.03611839820135955,0.015252484592442023
8015,0.1015625,0.8203125,-0.044775312858632038,-0.0052004143775651332,-0.046304716361265402,-0.0047309459717114191
8016,0.1015625,0.8046875,-0.050929697767279014,-0.0059327705167223728,-0.052645575461220229,-0.0053793163435827867
8017,0.0390625,0.6953125,0.0048435558536463136,0.015862444870248491,0.0053832374568599422,0.015270132830234227
8018,0.0390625,0.6796875,0.005148365763281224,0.01670276325983543,0.0056858386830196854,0.016126072912028656
8019,0.0234375,0.6953125,0.0042230687748415529,0.0049474077729558851,0.0044725511983181188,0.0039196119383395102
8020,0.0234375,0.6796875,0.004510169945688685,0.0051963154516989716,0.0047242076037954843,0.0041393164945290727
8021,0.0546875,0.7109375,-0.0052051337763985425,0.028248085263217624,-0.004799395840654707,0.028586776519895832
8022,0.0703125,0.7109375,-0.02844138949238487,0.035063963818694414,-0.02878829585857225,0.036387607510843287
8023,0.0546875,0.7265625,-0.0048776453477034371,0.026450383575925957,-0.0044858043551697594,0.026716979107260692
8024,0.0703125,0.7265625,-0.026570322541179366,0.032819959461171777,-0.026904825012055881,0.034007542413592058
8025,0.0703125,0.6640625,-0.033570209242734066,0.041140036336958369,-0.03392423145127179,0.042876671328961571
8026,0.0546875,0.6640625,-0.0061056435541683067,0.033100819954124158,-0.005654388181543314,0.033684461838370108
8027,0.0703125,0.6484375,-0.035078218533220532,0.042904089657007191,-0.035425710620063007,0.044773427019317545
8028,0.0546875,0.6484375,-0.0063719985513419879,0.034504982849065315,-0.0059043167469297157,0.03517446111351924
8029,0.0859375,0.6796875,-0.067648923434040081,0.027245557346029962,-0.069315946991824182,0.029263967822585335
8030,0.0859375,0.6953125,-0.06401821716151905,0.025839110181160328,-0.065634438890195504,0.027710593593010643
8031,0.1015625,0.6796875,-0.098139460403703679,-0.011603237339077007,-0.10103595872813556,-0.010329190875316797
8032,0.1015625,0.6953125,-0.09287634566273309,-0.010968748256476084,-0.095669606536587015,-0.0097801166307214752
8033,0.1953125,0.9609375,0.0086904261190591872,-0.00052024452689539418,0.0088981169970917661,-0.00032632528985699418
8034,0.1796875,0.9609375,0.0065145572991920772,-0.0041096260478624882,0.0067298767127391022,-0.0040063200439821103
8035,0.1953125,0.9765625,0.0032561391778028878,-0.00028766290889634078,0.0032661964941782013,-0.00012176574644409712
8036,0.1796875,0.9765625,0.002419635567599917,-0.0016264435801060886,0.0024696181182067584,-0.0014720185564872867
8037,0.2109375,0.9453125,0.016695830184503178,0.0080901518156798694,0.016998504676812114,0.0085030014367951604
8038,0.2109375,0.9296875,0.02665638836730486,0.012989239615206894,0.027214125520707004,0.013615344544082843
8039,0.2265625,0.9453125,0.012038990874236785,0.016833679423609662,0.012012336354418705,0.017308160341985662
8040,0.2265625,0.9296875,0.01916127488982191,0.026896883816066336,0.01923014808695938,0.027711687670347603
8041,0.1640625,0.9296875,0.010126645701903308,-0.01753322264700316,0.010510385417763717,-0.017786342076582119
8042,0.1640625,0.9453125,0.006316408824995021,-0.011007284403833324,0.0065642637185094809,-0.011109687588673802
8043,0.1484375,0.9296875,0.0005600425284946574,-0.01724250301896443,0.00058457261433223103,-0.017538630280312512
8044,0.1484375,0.9453125,0.00034684457228213728,-0.010806727787977708,0.00036474322014622916,-0.010954452071822369
8045,0.1796875,0.9140625,0.02866620844411252,-0.017494435675852744,0.029635850779370625,-0.017632176859000599
8046,0.1953125,0.9140625,0.038060594856518103,-0.0017788465837746776,0.039179192222410321,-0.0014259345884335172
8047,0.1796875,0.8984375,0.038707328990973268,-0.023556923645386842,0.040004179511204115,-0.023799905367911375
8048,0.1953125,0.8984375,0.051370720404623559,-0.0023517449425884593,0.052885878452697488,-0.0019236758675352417
8049,0.3046875,0.9609375,-0.015531249135495587,-0.0044372975295651294,-0.015347705710513727,-0.0051367946646138536
8050,0.3203125,0.9609375,-0.012233832843271369,-0.012062079456206352,-0.011622521797412969,-0.012533947340467623
8051,0.3046875,0.9765625,-0.006052683152010613,-0.0015179331107740967,-0.0056374378459044102,-0.0018824636753851833
8052,0.3203125,0.9765625,-0.004885741030803966,-0.0045554659641466634,-0.0042714757593795092,-0.0046003807739211514
8053,0.2890625,0.9453125,-0.027874685768420664,0.0059825495885246173,-0.02852827585380216,0.0051012911691234609
8054,0.2890625,0.9296875,-0.044457685276202037,0.0092829713729834212,-0.045673003574035857,0.0081624270855304958
8055,0.2734375,0.9453125,-0.020242098653695324,0.017408755585443313,-0.021110361430589648,0.01696897318101432
8056,0.2734375,0.9296875,-0.032381787287350583,0.027546240565977324,-0.033799000707108312,0.027163387947298098
8057,0.3359375,0.9296875,-0.015006021098330902,-0.051824872724846233,-0.013383765778744812,-0.05301474207656881
8058,0.3359375,0.9453125,-0.0096194038945670891,-0.032585422222381449,-0.0083635149003881051,-0.033115001213510478
8059,0.3515625,0.9296875,0.011907140983908812,-0.055167073713833309,0.01428022369417839,-0.055285561203899013
8060,0.3515625,0.9453125,0.0072828199658531816,-0.034829883250165353,0.0089164771878601102,-0.034535974566260057
8061,0.3203125,0.9140625,-0.05160570709293117,-0.05266226933244518,-0.051142033837626749,-0.055192024386806822
8062,0.3046875,0.9140625,-0.066580904373581051,-0.020377759223668725,-0.067554536797029663,-0.022637701940311561
8063,0.3203125,0.8984375,-0.069408695151311539,-0.071042694012934712,-0.069029964034332758,-0.074501044852404982
8064,0.3046875,0.8984375,-0.089688950586218397,-0.027603409696081372,-0.091185557310579146,-0.030559603449688683
8065,0.4609375,0.3046875,-0.37037269834351183,0.58669709804240211,-0.40985608636961235,0.58416182010199214
8066,0.4609375,0.3203125,-0.39110787126673668,0.61950022967493013,-0.43284233124309573,0.61692347524095537
8067,0.4765625,0.3046875,-0.60978878657160152,0.34148018216633369,-0.64479465425687366,0.31861312880651471
8068,0.4765625,0.3203125,-0.6439378171832979,0.36053347820778991,-0.68095729604843214,0.33648126698333586
8069,0.4453125,0.2890625,-0.042751488232507032,0.64427904391558266,-0.074008715954138743,0.65944511927391347
8070,0.4296875,0.2890625,0.26519841213951151,0.57768606512650567,0.24727995590434937,0.60451121062647883
8071,0.4453125,0.2734375,-0.039964398957998228,0.60222254609360548,-0.069166675205380265,0.61629976398470232
8072,0.4296875,0.2734375,0.24786010719698576,0.53994272661274789,0.23110097236397428,0.56495939810502072
8073,0.4296875,0.3359375,0.31253026770053699,0.68063946547396204,0.29139648218145331,0.71235897660017378
8074,0.4453125,0.3359375,-0.0503132256645605,0.75897369608901188,-0.087211000401346453,0.77709117626081858
8075,0.4296875,0.3515625,0.32638399615413399,0.71074181475398923,0.30429344877331016,0.74388654524556597
8076,0.4453125,0.3515625,-0.052510415314775197,0.79250081883411028,-0.091070240488555332,0.81148298458590895
8077,0.4140625,0.3203125,0.55921943477663127,0.41944796651363453,0.55757903361428407,0.45315485946100298
8078,0.4140625,0.3046875,0.52952398160068981,0.39715644072075362,0.52796781334294862,0.42908865003913516
8079,0.3984375,0.3203125,0.67466040797983029,0.099257576752975793,0.68962051849727279,0.12718755504989568
8080,0.3984375,0.3046875,0.63883995577410757,0.093929925166390732,0.65299712348607941,0.12043196976095343
8081,0.5390625,0.3046875,-0.066409554328505038,-0.69044903890928278,-0.021109027478308683,-0.71327959132583407
8082,0.5390625,0.3203125,-0.070157462970141429,-0.7290604335108497,-0.022293377888923178,-0.75328277579123581
8083,0.5234375,0.3046875,-0.38980534767618852,-0.5804687852552245,-0.36334796518603452,-0.62068233971339459
8084,0.5234375,0.3203125,-0.41164830784641804,-0.61296752346842054,-0.38372618036126233,-0.65549299356755697
8085,0.5546875,0.2890625,0.25080423322103085,-0.59402977611895791,0.30078341882865611,-0.59148703137459491
8086,0.5703125,0.2890625,0.49482690190404244,-0.39674909123702984,0.53891697475642864,-0.36895519513334707
8087,0.5546875,0.2734375,0.23447018535413075,-0.55535695387808082,0.28110497570258314,-0.55278965741348018
8088,0.5703125,0.2734375,0.46260030180296974,-0.37095636603392407,0.50365900670333719,-0.34481735712325939
8089,0.5703125,0.3359375,0.58273108861512379,-0.46712343508086074,0.6350562949140699,-0.43477333331572104
8090,0.5546875,0.3359375,0.29531776930775883,-0.69955567997623802,0.35444077138947888,-0.69700563078633571
8091,0.5703125,0.3515625,0.60843546070883014,-0.48769435814296386,0.66316106340123848,-0.45401412206158792
8092,0.5546875,0.3515625,0.30832541968329208,-0.73041484286821567,0.37012648795472736,-0.72785238216650738
8093,0.5859375,0.3203125,0.68585271300067785,-0.12502144451732691,0.71486255341124849,-0.071947011607222722
8094,0.5859375,0.3046875,0.64956198778443164,-0.11844822283007563,0.67690067754782424,-0.068127011735248516
8095,0.6015625,0.3203125,0.64716532587434705,0.21050891656384041,0.64594768851059092,0.27288359356893332
8096,0.6015625,0.3046875,0.61291869559805778,0.19934616046861117,0.61164544618666461,0.25839189582491151
8097,0.4609375,0.1953125,-0.20406203093555503,0.32380750305276562,-0.22555031383709792,0.32148066065355496
8098,0.4609375,0.1796875,-0.1795221992768051,0.28511033127749874,-0.19838532742180778,0.28276552509696162
8099,0.4765625,0.1953125,-0.33616809731420483,0.1887291317728505,-0.35484387870933504,0.17534643777800429
8100,0.4765625,0.1796875,-0.29585289748839355,0.16626659278747202,-0.31210872292349034,0.15423153725029862
8101,0.4453125,0.2109375,-0.028000972179536707,0.42321302667767186,-0.048544067172800846,0.43255673503634012
8102,0.4296875,0.2109375,0.17415577102532767,0.37930548772222333,0.16220097952001417,0.39652040639514063
8103,0.4453125,0.2265625,-0.03107222959098363,0.46888325013998439,-0.053807747600937858,0.47945196627428599
8104,0.4296875,0.2265625,0.19294314817324013,0.42028961094138811,0.17978550928604872,0.43950973396654808
8105,0.4296875,0.1640625,0.1186314192477981,0.25793705577078047,0.11012018610081398,0.26919301225711245
8106,0.4453125,0.1640625,-0.018794108777481,0.28800082285451206,-0.032951994453569527,0.29366123862032334
8107,0.4296875,0.1484375,0.10099823319168276,0.21929442208511077,0.093542498788668257,0.22866208410471145
8108,0.4453125,0.1484375,-0.015820267234472701,0.24496625640776096,-0.027988008416747413,0.24944820112907445
8109,0.4140625,0.1796875,0.2568055049973415,0.19240228913412052,0.25555780013990065,0.20769074073136676
8110,0.4140625,0.1953125,0.29178241138820143,0.21869068700041602,0.29054946366326745,0.23613015985137023
8111,0.3984375,0.1796875,0.30965948252497416,0.045227823888657745,0.31607439656109054,0.058287502346492964
8112,0.3984375,0.1953125,0.35190483030308289,0.051478889470313989,0.35935334554061843,0.066270161740724046
8113,0.5390625,0.1953125,-0.036892814041944319,-0.38139111586157765,-0.011621146866720933,-0.39254285484003187
8114,0.5390625,0.1796875,-0.032659287865550661,-0.33589194078965218,-0.010224602549966814,-0.34527112749055566
8115,0.5234375,0.1953125,-0.21530884471350598,-0.32031391582885321,-0.19996464559315807,-0.34157754039216831
8116,0.5234375,0.1796875,-0.18970947201011754,-0.28198410412388264,-0.17588576999538277,-0.30044120284951242
8117,0.5546875,0.2109375,0.16478194591801967,-0.39089971724117406,0.19729758442958797,-0.38799189054907024
8118,0.5703125,0.2109375,0.32537615611689097,-0.26134824859180006,0.35350472185661141,-0.24202470219341193
8119,0.5546875,0.2265625,0.18259538205155848,-0.43283490716124845,0.21868764382896219,-0.43005148258101966
8120,0.5703125,0.2265625,0.36040358104404513,-0.2892793773745187,0.39182771594006299,-0.26825905566509523
8121,0.5703125,0.1640625,0.22152695192340005,-0.17879983482232845,0.23999609732638463,-0.16432561743277085
8122,0.5546875,0.1640625,0.11184367171215288,-0.26680654965021144,0.13394056453692352,-0.26341977219169099
8123,0.5703125,0.1484375,0.18841358499881911,-0.15256478130198897,0.20386310974978991,-0.13959318353292449
8124,0.5546875,0.1484375,0.094923118691455061,-0.22731634091185612,0.11377161461391119,-0.22376622114070416
8125,0.5859375,0.1796875,0.3162959253684452,-0.05845023368358393,0.32766873560584692,-0.032991848211158276
8126,0.5859375,0.1953125,0.35907274676100087,-0.066057055711473731,0.37252888385368127,-0.037503452692208852
8127,0.6015625,0.1796875,0.29892163721708787,0.096522223354220449,0.29608863278010561,0.12506978112044506
8128,0.6015625,0.1953125,0.33916157962133303,0.10981220128869462,0.33662203683076575,0.14219702139114671
8129,0.3046875,0.4609375,-0.66342660480761373,-0.2065600577330251,-0.67661110419176074,-0.2268110111862594
8130,0.3203125,0.4609375,-0.51209302572299598,-0.52608479020106091,-0.51219133614472889,-0.55284227416433029
8131,0.3046875,0.4765625,-0.66867089410354208,-0.20819540001552256,-0.68194054220521305,-0.22859763835742497
8132,0.3203125,0.4765625,-0.51614697641839291,-0.53022699571017795,-0.51622580913592642,-0.55719668611236361
8133,0.2890625,0.4453125,-0.63309369122271097,0.12579908388417058,-0.6532566177187753,0.11663458205503556
8134,0.2890625,0.4296875,-0.62309726364258067,0.1238481718074879,-0.64296598600487476,0.11479784043802026
8135,0.2734375,0.4453125,-0.4630452353908055,0.38615502228542375,-0.48345775796367557,0.38842633772123336
8136,0.2734375,0.4296875,-0.45574103775855013,0.38011012039170261,-0.47584209587883919,0.38230825153351106
8137,0.3359375,0.4296875,-0.20344879414051681,-0.72130107610250471,-0.18829408686660898,-0.74627476535851756
8138,0.3359375,0.4453125,-0.20673808061948179,-0.73282340993308992,-0.19130819277546063,-0.75821838166172739
8139,0.3515625,0.4296875,0.1726143069974915,-0.7625447898450104,0.20112956706432858,-0.77814530462437514
8140,0.3515625,0.4453125,0.17535240684869158,-0.77471182841576658,0.20434809512770621,-0.79059872483343496
8141,0.3203125,0.4140625,-0.48812107190050069,-0.50157118197664108,-0.48831705266021569,-0.52707445698907818
8142,0.3046875,0.4140625,-0.63241018459917253,-0.19688435866418952,-0.64507366633746255,-0.2162384590510987
8143,0.3203125,0.3984375,-0.47635962255374331,-0.48953267732935524,-0.4765936713726811,-0.51442110743770875
8144,0.3046875,0.3984375,-0.61718913591968116,-0.19213415533789677,-0.62958725845994934,-0.21104681478406487
8145,0.3046875,0.5390625,-0.66342660480760773,-0.20656005773302627,-0.6766111041917664,-0.22681101118626643
8146,0.3203125,0.5390625,-0.51209302572298876,-0.52608479020106302,-0.512191336144735,-0.55284227416433529
8147,0.3046875,0.5234375,-0.66867089410353764,-0.20819540001552328,-0.68194054220521982,-0.22859763835742938
8148,0.3203125,0.5234375,-0.51614697641838725,-0.53022699571017917,-0.51622580913592975,-0.55719668611236339
8149,0.2890625,0.5546875,-0.6330936912227062,0.12579908388417069,-0.65325661771877597,0.11663458205502625
8150,0.2890625,0.5703125,-0.62309726364257645,0.12384817180748801,-0.64296598600487009,0.11479784043800806
8151,0.2734375,0.5546875,-0.46304523539080278,0.38615502228542548,-0.48345775796367074,0.38842633772122614
8152,0.2734375,0.5703125,-0.4557410377585483,0.38011012039170455,-0.47584209587883097,0.38230825153350229
8153,0.3359375,0.5703125,-0.20344879414050809,-0.72130107610250915,-0.18829408686662111,-0.74627476535852377
8154,0.3359375,0.5546875,-0.2067380806194728,-0.73282340993309381,-0.19130819277547104,-0.75821838166173439
8155,0.3515625,0.5703125,0.17261430699750008,-0.76254478984501506,0.2011295670643144,-0.77814530462437637
8156,0.3515625,0.5546875,0.17535240684870015,-0.77471182841577102,0.20434809512769594,-0.79059872483343774
8157,0.3203125,0.5859375,-0.48812107190049414,-0.50157118197664474,-0.48831705266022768,-0.52707445698909916
8158,0.3046875,0.5859375,-0.63241018459916787,-0.19688435866419132,-0.64507366633746344,-0.21623845905111658
8159,0.3203125,0.6015625,-0.47635962255373843,-0.48953267732935851,-0.47659367137269371,-0.51442110743773317
8160,0.3046875,0.6015625,-0.6171891359196785,-0.19213415533789849,-0.62958725845995223,-0.21104681478408488
8161,0.1953125,0.4609375,0.38199056046366942,-0.015916616550484635,0.39244902458817249,-0.014241498200099241
8162,0.1796875,0.4609375,0.28788960218005022,-0.1728003378617618,0.29685747255926431,-0.17657762517912287
8163,0.1953125,0.4765625,0.38501541831678099,-0.016031344502126788,0.39554026338682419,-0.014353446967770179
8164,0.1796875,0.4765625,0.29016830032412599,-0.17414429241849025,0.29919570705744558,-0.17796811485247122
8165,0.2109375,0.4453125,0.38106138441251292,0.18673879824055564,0.38925586662928224,0.19479614561768327
8166,0.2109375,0.4296875,0.37502534524823977,0.18379369782717889,0.38312366707614315,0.19172742878010471
8167,0.2265625,0.4453125,0.27284114545042903,0.38327949119008087,0.27503797856409401,0.39639779229854927
8168,0.2265625,0.4296875,0.26851361937864721,0.3772554563793149,0.27070498251137215,0.39015361117180197
8169,0.1640625,0.4296875,0.14296663380984545,-0.24399375518682365,0.14797610002187453,-0.25037741514635781
8170,0.1640625,0.4453125,0.1452614008911883,-0.24786125934725775,0.15034434312635689,-0.25438404368389333
8171,0.1484375,0.4296875,0.007462655355739002,-0.24065529012302839,0.0082262870868706085,-0.24691250826349964
8172,0.1484375,0.4453125,0.0075733813851746289,-0.24447139822554417,0.0083576844288832143,-0.25086378019042543
8173,0.1796875,0.4140625,0.27441181264322956,-0.16483831028326493,0.28302071452667865,-0.16834905288978227
8174,0.1953125,0.4140625,0.36409846328498097,-0.015232048161649747,0.37415628749642771,-0.013578911917242888
8175,0.1796875,0.3984375,0.2677976604271608,-0.16092346030981372,0.27622617983048064,-0.16430830103929658
8176,0.1953125,0.3984375,0.3553175350665907,-0.014892832516419973,0.36517365164708859,-0.01325348396430329
8177,0.1953125,0.5390625,0.38199056046366864,-0.015916616550482626,0.39244902458818492,-0.014241498200093608
8178,0.1796875,0.5390625,0.28788960218004961,-0.17280033786176024,0.29685747255927292,-0.17657762517911726
8179,0.1953125,0.5234375,0.38501541831678049,-0.01603134450212532,0.39554026338683235,-0.01435344696776699
8180,0.1796875,0.5234375,0.29016830032412561,-0.174144292418489,0.29919570705745302,-0.17796811485246922
8181,0.2109375,0.5546875,0.38106138441251147,0.18673879824055842,0.38925586662929684,0.1947961456176889
8182,0.2109375,0.5703125,0.37502534524823816,0.18379369782718169,0.38312366707615653,0.1917274287801122
8183,0.2265625,0.5546875,0.27284114545042742,0.38327949119008381,0.2750379785641075,0.39639779229854932
8184,0.2265625,0.5703125,0.26851361937864537,0.37725545637931807,0.2707049825113873,0.39015361117180508
8185,0.1640625,0.5703125,0.14296663380984531,-0.24399375518682281,0.14797610002187594,-0.25037741514634837
8186,0.1640625,0.5546875,0.14526140089118803,-0.24786125934725661,0.15034434312635989,-0.25438404368388512
8187,0.1484375,0.5703125,0.0074626553557391676,-0.24065529012302786,0.0082262870868676716,-0.24691250826349204
8188,0.1484375,0.5546875,0.0075733813851746505,-0.24447139822554334,0.0083576844288822394,-0.25086378019041911
8189,0.1796875,0.5859375,0.27441181264322911,-0.16483831028326404,0.28302071452667898,-0.1683490528897672
8190,0.1953125,0.5859375,0.36409846328498036,-0.015232048161648184,0.37415628749643459,-0.013578911917229507
8191,0.1796875,0.6015625,0.26779766042716036,-0.16092346030981369,0.27622617983047815,-0.16430830103928093
8192,0.1953125,0.6015625,0.35531753506658986,-0.014892832516419145,0.36517365164709142,-0.013253483964289305
8193,0.6953125,0.4609375,-0.68505478821421639,-0.086294563391057039,-0.68988231642833875,-0.18213708058623729
8194,0.6796875,0.4609375,-0.68080462517218809,0.26009825659029234,-0.73160928897435007,0.18048343568037073
8195,0.6953125,0.4765625,-0.69043403146462989,-0.087006066176922456,-0.69531569816151662,-0.18357217904422943
8196,0.6796875,0.4765625,-0.68614981417918253,0.26211501400242371,-0.73737131286827995,0.1819044642890166
8197,0.7109375,0.4453125,-0.52569851852257488,-0.369699246730614,-0.48180494830590376,-0.45617928926805168
8198,0.7109375,0.4296875,-0.51743947135336621,-0.36383953409620168,-0.47421578654863661,-0.44899271768433968
8199,0.7265625,0.4453125,-0.27371020302605947,-0.53484915359028462,-0.19079601147331482,-0.58999692159007855
8200,0.7265625,0.4296875,-0.26940060790461778,-0.52640631108589964,-0.18779057626600404,-0.58070264796100224
8201,0.6640625,0.4296875,-0.48776433828363175,0.56283758413121276,-0.56734104878751213,0.51997645634736334
8202,0.6640625,0.4453125,-0.49553875316088403,0.57179779543211828,-0.57642046432739069,0.52829773764218935
8203,0.6484375,0.4296875,-0.17141960422753361,0.75963082988639741,-0.25960521830030181,0.76056897171515525
8204,0.6484375,0.4453125,-0.1741452535456148,0.77176018191694717,-0.26375973376117912,0.77274115375465535
8205,0.6796875,0.4140625,-0.64918793987810197,0.24813325012874365,-0.69751188508484785,0.17207370804709707
8206,0.6953125,0.4140625,-0.65322999050612485,-0.082130213124758128,-0.65772958660658054,-0.173645539728393
8207,0.6796875,0.3984375,-0.63367179037232013,0.24224177781064635,-0.68076838067530343,0.16794377932210536
8208,0.6953125,0.3984375,-0.63760877838087904,-0.080110875859099706,-0.64194096871762685,-0.16947621469525989
8209,0.6953125,0.5390625,-0.68505478821421828,-0.086294563391055776,-0.6898823164283342,-0.18213708058623665
8210,0.6796875,0.5390625,-0.6808046251721902,0.26009825659029362,-0.73160928897434541,0.1804834356803704
8211,0.6953125,0.5234375,-0.69043403146463123,-0.087006066176921915,-0.69531569816151306,-0.18357217904422693
8212,0.6796875,0.5234375,-0.68614981417918441,0.26211501400242404,-0.73737131286827973,0.18190446428901919
8213,0.7109375,0.5546875,-0.52569851852257776,-0.36969924673061266,-0.48180494830589526,-0.45617928926804868
8214,0.7109375,0.5703125,-0.51743947135336976,-0.36383953409620057,-0.47421578654862639,-0.44899271768433741
8215,0.7265625,0.5546875,-0.27371020302606158,-0.53484915359028351,-0.19079601147330447,-0.58999692159006922
8216,0.7265625,0.5703125,-0.26940060790461923,-0.52640631108589853,-0.18779057626599305,-0.58070264796099469
8217,0.6640625,0.5703125,-0.48776433828363541,0.5628375841312151,-0.56734104878751024,0.51997645634735723
8218,0.6640625,0.5546875,-0.49553875316088603,0.57179779543212017,-0.57642046432738614,0.52829773764218524
8219,0.6484375,0.5703125,-0.17141960422753563,0.75963082988640052,-0.25960521830030331,0.7605689717151487
8220,0.6484375,0.5546875,-0.17414525354561541,0.77176018191694917,-0.26375973376117873,0.77274115375465235
8221,0.6796875,0.5859375,-0.64918793987810774,0.24813325012874557,-0.69751188508483575,0.17207370804708477
8222,0.6953125,0.5859375,-0.65322999050613051,-0.082130213124756934,-0.65772958660656977,-0.1736455397283983
8223,0.6796875,0.6015625,-0.63367179037232735,0.24224177781064679,-0.68076838067529111,0.16794377932208876
8224,0.6953125,0.6015625,-0.63760877838088503,-0.080110875859099692,-0.64194096871761619,-0.169476214695268
8225,0.8046875,0.4609375,0.36004933929474059,0.12754266571969086,0.32046232686558612,0.22675363097264215
8226,0.8203125,0.4609375,0.23611355086187882,0.24209434682079092,0.15183384913311079,0.31009648522151928
8227,0.8046875,0.4765625,0.36288534762650876,0.12855796398895877,0.32298631121053289,0.22853978267164318
8228,0.8203125,0.4765625,0.23798705729460656,0.24401328329074154,0.15302989316467142,0.31253913492518254
8229,0.7890625,0.4453125,0.41807862126532702,-0.0533824664317957,0.43221148646589641,0.050369561156604077
8230,0.7890625,0.4296875,0.41152763208226739,-0.052552072695734732,0.42540377177030758,0.04957603826049118
8231,0.7734375,0.4453125,0.38443204573989004,-0.2638626153589852,0.44723406529649329,-0.18062360459647064
8232,0.7734375,0.4296875,0.37841933750734474,-0.25972002000773942,0.44018983526151073,-0.17777843477758484
8233,0.8359375,0.4296875,0.092251712649954742,0.27183438984378772,-0.012855102141424551,0.29041289400863429
8234,0.8359375,0.4453125,0.093783102562372239,0.27619004975946171,-0.013060000522862181,0.29506104770575303
8235,0.8515625,0.4296875,-0.025765846947107658,0.24546341328155127,-0.12770346993087339,0.21129810033365032
8236,0.8515625,0.4453125,-0.026098079786048875,0.24941039965895281,-0.12974604902966344,0.2146803390390479
8237,0.8203125,0.4140625,0.22505247345723009,0.23081759772027183,0.1447562881297878,0.29564313012590082
8238,0.8046875,0.4140625,0.34330973221037747,0.12159193721252316,0.30552681535462367,0.21618483907762326
8239,0.8203125,0.3984375,0.21963807548090655,0.22532512492271833,0.14128099738113836,0.28854655150826514
8240,0.8046875,0.3984375,0.33511610095290373,0.11870133767123658,0.29819303034879174,0.21099556237907185
8241,0.8046875,0.5390625,0.3600493392947387,0.12754266571969033,0.32046232686558851,0.22675363097264964
8242,0.8203125,0.5390625,0.23611355086187677,0.24209434682079015,0.15183384913311124,0.31009648522152472
8243,0.8046875,0.5234375,0.36288534762650704,0.12855796398895764,0.32298631121053589,0.22853978267164854
8244,0.8203125,0.5234375,0.23798705729460479,0.24401328329074046,0.15302989316467197,0.31253913492518537
8245,0.7890625,0.5546875,0.4180786212653258,-0.053382466431795492,0.4322114864659003,0.050369561156615346
8246,0.7890625,0.5703125,0.41152763208226706,-0.052552072695734107,0.42540377177030836,0.04957603826050333
8247,0.7734375,0.5546875,0.38443204573988893,-0.26386261535898481,0.44723406529650267,-0.18062360459645921
8248,0.7734375,0.5703125,0.37841933750734486,-0.25972002000773903,0.44018983526151667,-0.17777843477757169
8249,0.8359375,0.5703125,0.092251712649952536,0.27183438984378711,-0.012855102141428262,0.29041289400863557
8250,0.8359375,0.5546875,0.093783102562369935,0.27619004975946104,-0.013060000522863852,0.29506104770575642
8251,0.8515625,0.5703125,-0.02576584694711009,0.24546341328154991,-0.1277034699308755,0.21129810033364835
8252,0.8515625,0.5546875,-0.026098079786051116,0.24941039965895159,-0.12974604902966402,0.21468033903904801
8253,0.8203125,0.5859375,0.22505247345722915,0.23081759772027233,0.1447562881297807,0.29564313012590759
8254,0.8046875,0.5859375,0.34330973221037758,0.12159193721252416,0.30552681535461684,0.21618483907763211
8255,0.8203125,0.6015625,0.21963807548090658,0.22532512492271958,0.14128099738112734,0.28854655150826936
8256,0.8046875,0.6015625,0.33511610095290545,0.11870133767123821,0.29819303034878197,0.21099556237907954
8257,0.5390625,0.6953125,-0.066409554328502152,-0.69044903890928155,-0.021109027478310938,-0.71327959132583563
8258,0.5390625,0.6796875,-0.070157462970137932,-0.72906043351084893,-0.022293377888927952,-0.75328277579123482
8259,0.5234375,0.6953125,-0.38980534767618713,-0.58046878525522339,-0.36334796518604545,-0.62068233971340425
8260,0.5234375,0.6796875,-0.41164830784641676,-0.61296752346842165,-0.38372618036127426,-0.65549299356755919
8261,0.5546875,0.7109375,0.25080423322103407,-0.59402977611895602,0.30078341882866438,-0.59148703137459191
8262,0.5703125,0.7109375,0.4948269019040461,-0.39674909123702795,0.53891697475644262,-0.36895519513334035
8263,0.5546875,0.7265625,0.23447018535413319,-0.55535695387807882,0.28110497570259418,-0.55278965741347785
8264,0.5703125,0.7265625,0.46260030180297312,-0.37095636603392235,0.50365900670335317,-0.34481735712325118
8265,0.5703125,0.6640625,0.58273108861512968,-0.46712343508085952,0.63505629491407101,-0.43477333331571916
8266,0.5546875,0.6640625,0.29531776930776471,-0.69955567997623724,0.35444077138947594,-0.69700563078633204
8267,0.5703125,0.6484375,0.60843546070883625,-0.48769435814296275,0.66316106340123193,-0.45401412206158576
8268,0.5546875,0.6484375,0.30832541968329774,-0.73041484286821501,0.37012648795472042,-0.72785238216650316
8269,0.5859375,0.6796875,0.68585271300068229,-0.125021444517326,0.71486255341126481,-0.071947011607220682
8270,0.5859375,0.6953125,0.64956198778443486,-0.11844822283007456,0.67690067754783778,-0.068127011735243104
8271,0.6015625,0.6796875,0.6471653258743485,0.21050891656384102,0.64594768851060647,0.2728835935689331
8272,0.6015625,0.6953125,0.61291869559805934,0.19934616046861198,0.61164544618668115,0.25839189582491717
8273,0.4609375,0.6953125,-0.37037269834351716,0.58669709804240433,-0.40985608636961979,0.58416182010196283
8274,0.4609375,0.6796875,-0.39110787126674207,0.61950022967493257,-0.43284233124310573,0.61692347524093405
8275,0.4765625,0.6953125,-0.60978878657160629,0.3414801821663353,-0.64479465425688565,0.31861312880648973
8276,0.4765625,0.6796875,-0.64393781718330212,0.3605334782077913,-0.68095729604844923,0.33648126698331898
8277,0.4453125,0.7109375,-0.042751488232511521,0.64427904391558399,-0.074008715954134677,0.65944511927388016
8278,0.4296875,0.7109375,0.2651984121395079,0.57768606512650733,0.24727995590435933,0.60451121062644841
8279,0.4453125,0.7265625,-0.039964398958001975,0.60222254609360515,-0.0691666752053718,0.61629976398467179
8280,0.4296875,0.7265625,0.24786010719698351,0.53994272661274789,0.23110097236398858,0.56495939810499407
8281,0.4296875,0.6640625,0.31253026770053194,0.68063946547396692,0.29139648218145797,0.71235897660016034
8282,0.4453125,0.6640625,-0.050313225664566155,0.75897369608901566,-0.087211000401348174,0.77709117626080271
8283,0.4296875,0.6484375,0.32638399615412911,0.71074181475399378,0.30429344877331527,0.74388654524555997
8284,0.4453125,0.6484375,-0.052510415314780873,0.79250081883411405,-0.091070240488554777,0.81148298458590307
8285,0.4140625,0.6796875,0.55921943477662772,0.41944796651363875,0.55757903361428729,0.45315485946097916
8286,0.4140625,0.6953125,0.52952398160068692,0.39715644072075679,0.52796781334295673,0.42908865003910929
8287,0.3984375,0.6796875,0.67466040797982829,0.099257576752979221,0.68962051849727291,0.12718755504987456
8288,0.3984375,0.6953125,0.63883995577410735,0.093929925166393383,0.65299712348608463,0.12043196976093154
8289,0.5390625,0.8046875,-0.036892814041945797,-0.38139111586157654,-0.011621146866723241,-0.39254285484002494
8290,0.5390625,0.8203125,-0.032659287865552458,-0.33589194078965146,-0.010224602549971207,-0.34527112749055217
8291,0.5234375,0.8046875,-0.21530884471350806,-0.32031391582885305,-0.19996464559315982,-0.34157754039216087
8292,0.5234375,0.8203125,-0.1897094720101197,-0.28198410412388231,-0.17588576999538857,-0.30044120284950987
8293,0.5546875,0.7890625,0.1647819459180197,-0.39089971724117184,0.19729758442958725,-0.38799189054905953
8294,0.5703125,0.7890625,0.32537615611689236,-0.26134824859179751,0.35350472185660881,-0.24202470219339933
8295,0.5546875,0.7734375,0.18259538205155915,-0.4328349071612459,0.21868764382896408,-0.43005148258100606
8296,0.5703125,0.7734375,0.36040358104404718,-0.28927937737451603,0.39182771594006427,-0.26825905566508101
8297,0.5703125,0.8359375,0.22152695192339897,-0.17879983482232753,0.23999609732638189,-0.16432561743277319
8298,0.5546875,0.8359375,0.11184367171215137,-0.26680654965021089,0.13394056453692041,-0.2634197721916931
8299,0.5703125,0.8515625,0.18841358499881775,-0.15256478130198892,0.20386310974979038,-0.13959318353293035
8300,0.5546875,0.8515625,0.094923118691453479,-0.22731634091185648,0.11377161461391008,-0.22376622114071013
8301,0.5859375,0.8203125,0.31629592536844559,-0.05845023368358207,0.3276687356058382,-0.032991848211154737
8302,0.5859375,0.8046875,0.35907274676100237,-0.066057055711471205,0.37252888385367433,-0.037503452692200449
8303,0.6015625,0.8203125,0.29892163721708831,0.096522223354222184,0.29608863278009501,0.12506978112044773
8304,0.6015625,0.8046875,0.33916157962133464,0.10981220128869665,0.33662203683075487,0.14219702139115448
8305,0.4609375,0.8046875,-0.20406203093555661,0.32380750305276268,-0.22555031383709212,0.32148066065356717
8306,0.4609375,0.8203125,-0.17952219927680604,0.2851103312774963,-0.19838532742180673,0.28276552509697517
8307,0.4765625,0.8046875,-0.33616809731420744,0.18872913177284781,-0.35484387870933359,0.17534643777801417
8308,0.4765625,0.8203125,-0.29585289748839572,0.16626659278746961,-0.31210872292349218,0.15423153725030914
8309,0.4453125,0.7890625,-0.028000972179537703,0.42321302667766886,-0.048544067172785893,0.43255673503635006
8310,0.4296875,0.7890625,0.17415577102532806,0.37930548772222084,0.16220097952003282,0.39652040639515457
8311,0.4453125,0.7734375,-0.031072229590985368,0.46888325013998144,-0.053807747600921003,0.47945196627428877
8312,0.4296875,0.7734375,0.1929431481732396,0.42028961094138578,0.17978550928607154,0.43950973396655374
8313,0.4296875,0.8359375,0.11863141924780038,0.25793705577077936,0.11012018610081216,0.26919301225712738
8314,0.4453125,0.8359375,-0.018794108777479827,0.28800082285451029,-0.032951994453571359,0.29366123862033777
8315,0.4296875,0.8515625,0.10099823319168542,0.21929442208511055,0.093542498788660916,0.22866208410472202
8316,0.4453125,0.8515625,-0.015820267234470956,0.24496625640776015,-0.02798800841675439,0.24944820112908442
8317,0.4140625,0.8203125,0.25680550499734406,0.1924022891341195,0.25555780013990759,0.2076907407313878
8318,0.4140625,0.8046875,0.29178241138820388,0.21869068700041483,0.29054946366328166,0.23613015985139116
8319,0.3984375,0.8203125,0.30965948252497721,0.045227823888657481,0.31607439656109726,0.058287502346514829
8320,0.3984375,0.8046875,0.35190483030308578,0.051478889470313677,0.35935334554063086,0.066270161740746764
