node_id,x,y,p1_real,p1_imag,lod_coefficient_real,lod_coefficient_imag
0,0,0,-0.0012347915843993287,0.00028584634618905629,-1.924773176921723e-05,-2.4441360564304429e-05
1,1,0,0.038797089393312799,0.016213907263723879,7.3318186744593359e-05,8.250050745757352e-05
2,1,1,0.038797089393313326,0.01621390726372382,7.3318186747305138e-05,8.2500507453332108e-05
3,0,1,-0.0012347915843996641,0.00028584634618937689,-1.9247731770177484e-05,-2.4441360561918178e-05
4,0.5,0.5,-0.97835798771995353,-0.015258880694462884,-1.0448997054373153,-0.31310673312850512
5,0.5,0,-0.0055860817578210929,-0.009351240328973302,0.0017701591668447775,0.00053869156056338726
6,0,0.5,0.0057952984965864551,0.003260701235026562,-0.0011167738462552115,-0.0030504631024149639
7,1,0.5,-0.054582528993961481,-0.53627542822578678,-0.0018167382232882666,0.00013010870638672506
8,0.5,1,-0.005586081757820778,-0.0093512403289735205,0.0017701591668411525,0.00053869156056164332
9,0.25,0.25,-0.002940848872947014,0.31098241593299053,-0.04187376395095177,0.34241024403823328
10,0.75,0.25,-0.13463603257237028,-0.31316533544392011,0.15286313492923873,-0.30918659385691205
11,0.75,0.75,-0.13463603257237097,-0.31316533544392061,0.15286313492925033,-0.30918659385690062
12,0.25,0.75,-0.0029408488729471723,0.3109824159329902,-0.041873763950950639,0.34241024403823422
13,0.25,0,-0.0020081261606803469,0.0020657548547642996,0.0003268139205884062,-0.001021169883491467
14,0,0.25,0.0029690485307712947,0.0058546961047566968,-0.00063775145170480213,-0.0017231808431591032
15,0.75,0,0.014222419381096151,-0.021989248308535849,-0.00025943143619036932,0.00096551776019469077
16,1,0.25,0.01016609492227725,-0.29011256618882675,-0.0009230435474920515,0.00012741131393526945
17,1,0.75,0.010166094922277014,-0.29011256618882658,-0.00092304354749347289,0.00012741131394725035
18,0.75,1,0.014222419381096437,-0.021989248308535818,-0.00025943143618925265,0.0009655177601959697
19,0,0.75,0.0029690485307716143,0.005854696104757068,-0.00063775145170608225,-0.0017231808431493025
20,0.25,1,-0.0020081261606802888,0.0020657548547635563,0.00032681392058283779,-0.0010211698834952999
21,0.5,0.25,-0.54987750461189766,-0.014653580071111859,-0.58745607666149724,-0.17602182080563697
22,0.25,0.5,-0.0098472119094973106,0.54773754054984181,-0.074530811168761646,0.60903290173121161
23,0.75,0.5,-0.26410224576442881,-0.52645803035852057,0.27180263369022378,-0.54990269993888796
24,0.5,0.75,-0.5498775046118991,-0.014653580071112055,-0.58745607666149036,-0.17602182080563131
25,0.125,0.125,-0.028426962539906515,-0.028497997811587388,-0.027840711030122631,-0.02838348046633311
26,0.875,0.125,0.0063702179539193429,0.12344166374511958,-0.038861623335776002,0.008801449160007687
27,0.875,0.875,0.0063702179539199492,0.12344166374512013,-0.038861623335766766,0.0088014491600037943
28,0.125,0.875,-0.028426962539907456,-0.02849799781158753,-0.027840711030125836,-0.028383480466332749
29,0.375,0.375,0.5524648505657056,-0.50799100823293231,0.70638652048212569,-0.45929645066591995
30,0.625,0.375,0.58701195147525254,0.47380066806375992,0.33759128860675608,0.77192631389828859
31,0.625,0.625,0.58701195147525131,0.47380066806376075,0.33759128860675469,0.7719263138983008
32,0.375,0.625,0.5524648505657076,-0.50799100823293242,0.70638652048212636,-0.45929645066592206
33,0.375,0.125,0.12563339638111623,-0.11032691991382551,0.15315048960243538,-0.09965995721887029
34,0.625,0.125,0.13993041051086677,0.12985532248940584,0.073208474605738677,0.16745581430871079
35,0.125,0.375,-0.12699348411364475,-0.11754382745082773,-0.12814237500320808,-0.13115580501906804
36,0.125,0.625,-0.12699348411364525,-0.11754382745082746,-0.12814237500321804,-0.13115580501906632
37,0.875,0.375,0.17347229953505383,0.36553062159155547,-0.17859528957223811,0.040363426536333638
38,0.875,0.625,0.1734722995350528,0.36553062159155575,-0.17859528957224935,0.04036342653633658
39,0.625,0.875,0.13993041051086702,0.12985532248940668,0.073208474605742091,0.1674558143087112
40,0.375,0.875,0.12563339638111737,-0.11032691991382536,0.15315048960243746,-0.099659957218883058
41,0.125,0,0.00063786825822624896,-0.0014849075295709799,0.00012710237835757436,0.00037871960912302103
42,0,0.125,8.1043602318670637e-05,0.0038136457616976239,-0.00022597196906693631,-0.00059841429031666645
43,0.875,0,-0.029813438355026048,0.011946167526443605,0.00021796830820294995,-0.00022323029003619996
44,1,0.125,0.053713716180003174,-0.12203876228435617,-0.00014969131329184955,2.2246065106362311e-05
45,1,0.875,0.053713716180002487,-0.12203876228435716,-0.00014969131330277408,2.2246065103062244e-05
46,0.875,1,-0.029813438355026371,0.011946167526443698,0.00021796830819967861,-0.00022323029003083162
47,0,0.875,8.1043602319050582e-05,0.0038136457616978563,-0.00022597196907175434,-0.00059841429031965885
48,0.125,1,0.00063786825822691239,-0.0014849075295711737,0.00012710237836562798,0.00037871960912354519
49,0.5,0.375,-0.85828109333754199,-0.013243821426310221,-0.9183049652445332,-0.27516661796675446
50,0.375,0.5,0.63049713230147963,-0.57724007722843085,0.80376955664586158,-0.5226048158961677
51,0.625,0.5,0.67020585470132232,0.53901647566539701,0.38413486688534537,0.8783429317060143
52,0.5,0.625,-0.85828109333754266,-0.013243821426310962,-0.91830496524454575,-0.27516661796677905
53,0.375,0,0.0049584211581933362,0.0011615777480710448,-0.0014441316289307679,0.00078440598428355793
54,0.625,0,-0.00060116113247828064,0.018793288763834296,-0.00074943687173473,-0.0014195839545824839
55,0.5,0.125,-0.19899381998982768,-0.01296385666929408,-0.19916419783553177,-0.05965701202553144
56,0,0.375,0.0053976739442982225,0.0044974775610443704,-0.00098544485731477671,-0.0026829331823451626
57,0,0.625,0.0053976739442986059,0.0044974775610443513,-0.00098544485730879929,-0.0026829331823425258
58,0.125,0.5,-0.14308844510967594,-0.13188819478815939,-0.14580701067256274,-0.14924057692366913
59,1,0.375,-0.039784463077190919,-0.45933043927853073,-0.0015888441521388341,0.00014087062501335259
60,1,0.625,-0.039784463077190489,-0.45933043927853134,-0.0015888441521333284,0.00014087062500999989
61,0.875,0.5,0.20585562595212203,0.41966273199596948,-0.20319974838950244,0.045941652764385353
62,0.625,1,-0.0006011611324778797,0.018793288763834386,-0.00074943687173393322,-0.001419583954584813
63,0.375,1,0.0049584211581933631,0.0011615777480705274,-0.0014441316289345891,0.00078440598429083358
64,0.5,0.875,-0.19899381998982907,-0.012963856669293934,-0.19916419783553121,-0.059657012025527888
65,0.25,0.125,-0.0014946703152294517,0.10787384238751714,-0.014112282401914816,0.11608071028031533
66,0.125,0.25,-0.082260420399426479,-0.078081040512486516,-0.081986342235411555,-0.083884138638150516
67,0.375,0.25,0.35318326564478569,-0.32461195279373184,0.45187467357200928,-0.29383931693627235
68,0.25,0.375,-0.0069002929208254911,0.4826041692231296,-0.065496376200122552,0.53524835157126194
69,0.75,0.125,-0.04700541031223885,-0.14311254441822474,0.051877554473940969,-0.10487821460146823
70,0.875,0.25,0.086401484582837973,0.2460293552697384,-0.1143266137652422,0.025825800465401498
71,0.625,0.25,0.37330919876771002,0.31666508809595478,0.21595145852087683,0.49383308561885247
72,0.75,0.375,-0.22851075269610396,-0.46247611074800404,0.23888372792024284,-0.48327693334883626
73,0.875,0.75,0.086401484582838819,0.2460293552697384,-0.11432661376524136,0.025825800465391416
74,0.75,0.875,-0.047005410312239357,-0.1431125444182253,0.051877554473933649,-0.10487821460146941
75,0.75,0.625,-0.22851075269610333,-0.46247611074800399,0.23888372792024104,-0.48327693334884236
76,0.625,0.75,0.37330919876771124,0.31666508809595462,0.21595145852086761,0.49383308561884232
77,0.125,0.75,-0.082260420399427103,-0.078081040512486807,-0.0819863422354115,-0.083884138638162561
78,0.25,0.875,-0.001494670315228868,0.10787384238751851,-0.014112282401912073,0.11608071028031944
79,0.25,0.625,-0.0069002929208244537,0.48260416922313015,-0.065496376200110853,0.53524835157126582
80,0.375,0.75,0.35318326564478564,-0.32461195279373234,0.45187467357200445,-0.29383931693626414
81,0.0625,0.0625,0.0011154987908070244,0.0026101415939967011,-0.00086010963436279934,0.0030808334125703904
82,0.9375,0.0625,-0.061304110235583527,-0.036134854625557662,0.00079676554611485902,-0.0032051180740210795
83,0.9375,0.9375,-0.061304110235584339,-0.036134854625557711,0.00079676554610879746,-0.0032051180740150786
84,0.0625,0.9375,0.0011154987908076107,0.0026101415939963394,-0.0008601096343598064,0.0030808334125669002
85,0.4375,0.4375,0.33811108793998618,0.85408526111031835,0.14541067050873888,1.0138382652419069
86,0.5625,0.4375,0.31277184510379441,-0.84187433164142578,0.67888361259996943,-0.76682870557199634
87,0.5625,0.5625,0.31277184510379441,-0.84187433164142456,0.6788836125999933,-0.76682870557200722
88,0.4375,0.5625,0.33811108793998595,0.85408526111031813,0.14541067050873938,1.0138382652419158
89,0.4375,0.0625,0.018671289750601668,0.062648898346996787,0.0081187594702644278,0.056147382442312189
90,0.5625,0.0625,0.029550413982933083,-0.065384323218033835,0.037627638455113688,-0.042490709763917361
91,0.0625,0.4375,-0.014753510290759778,0.040726014528557987,-0.01685950089180601,0.055233319490924554
92,0.0625,0.5625,-0.014753510290760006,0.040726014528557716,-0.016859500891809657,0.055233319490921015
93,0.9375,0.4375,-0.48006102178731486,0.16873419018058713,0.014469022339472863,-0.055469025366377975
94,0.9375,0.5625,-0.48006102178731436,0.168734190180587,0.014469022339465952,-0.055469025366376108
95,0.5625,0.9375,0.029550413982933427,-0.065384323218035237,0.03762763845511035,-0.042490709763914482
96,0.4375,0.9375,0.018671289750601595,0.062648898346997633,0.0081187594702691688,0.056147382442315159
97,0.1875,0.1875,0.12565432553847081,-0.044516448867371695,0.1425336445641161,-0.047322777731789785
98,0.3125,0.3125,-0.49386387652068092,-0.22956489524903662,-0.50426448741825958,-0.31551805439164843
99,0.3125,0.1875,-0.24812299601513368,-0.11967788984945327,-0.25327318357511258,-0.15841978607366747
100,0.1875,0.3125,0.25270618397203426,-0.091104918204100299,0.28384119215489667,-0.094126116249001787
101,0.8125,0.1875,0.19719928520990709,-0.043984411229061826,0.093422931995497047,0.11761414279526167
102,0.6875,0.3125,-0.43735715618784338,0.29875944914131342,-0.5946120892418536,-0.013394227224479804
103,0.6875,0.1875,-0.24135317926624369,0.14980293896578228,-0.2986795036092747,-0.0067481280084659206
104,0.8125,0.3125,0.33801556093863599,-0.12434944062678763,0.18593769300195034,0.23403705128458899
105,0.8125,0.8125,0.19719928520990732,-0.043984411229062985,0.093422931995484432,0.11761414279525957
106,0.6875,0.6875,-0.43735715618784354,0.29875944914131319,-0.59461208924185061,-0.013394227224498722
107,0.8125,0.6875,0.33801556093863599,-0.12434944062678716,0.1859376930019466,0.23403705128459532
108,0.6875,0.8125,-0.24135317926624394,0.14980293896578351,-0.29867950360926981,-0.0067481280084644626
109,0.1875,0.8125,0.125654325538472,-0.044516448867371078,0.14253364456411849,-0.047322777731788251
110,0.3125,0.6875,-0.49386387652068281,-0.22956489524903562,-0.50426448741825391,-0.31551805439166031
111,0.1875,0.6875,0.2527061839720342,-0.091104918204099855,0.28384119215488612,-0.094126116248995667
112,0.3125,0.8125,-0.2481229960151341,-0.11967788984945485,-0.2532731835751148,-0.15841978607367235
113,0.1875,0.0625,0.018860084796498384,-0.0050265073131451352,0.02057899473645107,-0.0069780420993117388
114,0.3125,0.0625,-0.039043337188931687,-0.023893333898919494,-0.036712967437774489,-0.022819109066399879
115,0.0625,0.1875,-0.001615930028020845,0.015529775529527718,-0.0064247861603303671,0.021152012386247063
116,0.0625,0.3125,-0.0083447205393941178,0.030242448652138546,-0.012839640910817306,0.042096402283248104
117,0.8125,0.0625,0.066009238722515823,0.00398197904270884,0.013533183405809213,0.017124622806059676
118,0.6875,0.0625,-0.06120771620097306,0.031976307725398133,-0.043282682510619078,-0.0010324721301921153
119,0.9375,0.1875,-0.20027089502249074,0.014593133905654152,0.0055466824581689418,-0.021368038639068252
120,0.9375,0.3125,-0.35722601206341587,0.10889500480200283,0.011055411215616916,-0.042303352745460529
121,0.9375,0.8125,-0.20027089502249104,0.014593133905655482,0.0055466824581760412,-0.021368038639058021
122,0.9375,0.6875,-0.35722601206341609,0.10889500480200205,0.011055411215624094,-0.042303352745471437
123,0.8125,0.9375,0.066009238722516655,0.00398197904270886,0.013533183405817157,0.017124622806055638
124,0.6875,0.9375,-0.061207716200973969,0.031976307725398098,-0.043282682510619896,-0.0010324721301914763
125,0.0625,0.8125,-0.0016159300280208825,0.015529775529527393,-0.006424786160327804,0.021152012386256341
126,0.0625,0.6875,-0.0083447205393939201,0.030242448652138047,-0.012839640910808178,0.042096402283238868
127,0.1875,0.9375,0.018860084796497721,-0.0050265073131454552,0.020578994736445144,-0.0069780420993165847
128,0.3125,0.9375,-0.039043337188933075,-0.023893333898919556,-0.036712967437770069,-0.022819109066392111
129,0.4375,0.3125,0.25650779159603465,0.65480579373515013,0.1108061010200927,0.77255830717176466
130,0.5625,0.3125,0.24068027319314184,-0.64373457075977447,0.5173290969373654,-0.58433853006977698
131,0.4375,0.1875,0.12666906930838986,0.33704794779868213,0.055668621308532819,0.38799942195454784
132,0.5625,0.1875,0.13128528375996082,-0.33171354258399471,0.25983638154268857,-0.29348437922380277
133,0.3125,0.4375,-0.64961655675844987,-0.2967214970470779,-0.66175004413880256,-0.41407893668979812
134,0.3125,0.5625,-0.64961655675845009,-0.29672149704707901,-0.66175004413881877,-0.41407893668979062
135,0.1875,0.4375,0.33448357851389293,-0.12241336308403568,0.37249926283911883,-0.12349633764139628
136,0.1875,0.5625,0.33448357851389332,-0.12241336308403572,0.37249926283913037,-0.12349633764139518
137,0.6875,0.4375,-0.56970061833153074,0.3959185604399546,-0.78029740816182414,-0.017565791239253257
138,0.6875,0.5625,-0.56970061833153052,0.39591856043995399,-0.78029740816183579,-0.017565791239246925
139,0.8125,0.4375,0.44205218195581197,-0.17798490151787735,0.24400925399280229,0.30709385642201326
140,0.8125,0.5625,0.44205218195581264,-0.17798490151787705,0.24400925399281895,0.30709385642201498
141,0.5625,0.6875,0.24068027319314203,-0.64373457075977514,0.5173290969373695,-0.58433853006976644
142,0.4375,0.6875,0.25650779159603576,0.6548057937351508,0.11080610102009841,0.77255830717175522
143,0.5625,0.8125,0.13128528375996107,-0.33171354258399555,0.25983638154269384,-0.29348437922380366
144,0.4375,0.8125,0.12666906930839061,0.33704794779868263,0.055668621308518969,0.38799942195454834
145,0.0625,0,0.00077280880063504832,0.00088859254021019841,0.00013356214583249473,-6.8292558883327017e-05
146,0,0.0625,-0.0005604550590926719,0.0020523904700131667,-7.6363600157001706e-05,-0.00018661544775145432
147,0.9375,0,-0.00084082711299609311,-0.037202839343220565,9.8442256595061568e-05,2.8348987115485079e-05
148,1,0.0625,0.05078172414478492,-0.05130683672665913,6.8353122201415166e-05,-6.1469453320868379e-06
149,1,0.9375,0.050781724144784955,-0.051306836726659956,6.8353122196346426e-05,-6.1469453387090702e-06
150,0.9375,1,-0.00084082711299617442,-0.037202839343221036,9.8442256590262767e-05,2.8348987113236708e-05
151,0,0.9375,-0.0005604550590923912,0.0020523904700136095,-7.6363600155702235e-05,-0.00018661544775187312
152,0.0625,1,0.00077280880063546769,0.00088859254021061269,0.00013356214583671141,-6.8292558879560296e-05
153,0.5,0.4375,-0.9474983799367962,-0.014526881857675537,-1.0124865529333922,-0.30339236175222251
154,0.4375,0.5,0.34906416687479702,0.88027938379141701,0.15006654737911404,1.0462946852510093
155,0.5625,0.5,0.3226215279516455,-0.86794043908194451,0.70061559597625256,-0.79137621339707986
156,0.5,0.5625,-0.94749837993679675,-0.014526881857675474,-1.0124865529333966,-0.30339236175226159
157,0.4375,0,-0.0052520661563098371,0.0077460845541046895,-0.00018576227785327656,-0.001793276545514549
158,0.5625,0,0.013016428509721146,-0.0057630218916669487,-0.0011359365516923536,0.0013718399552921925
159,0.5,0.0625,-0.06832223569618609,-0.0082904963519638119,-0.056098699373186893,-0.016778799275899529
160,0,0.4375,0.0057414427008620371,0.0036044452059868048,-0.0010832501561556158,-0.0029563489369057679
161,0,0.5625,0.0057414427008623129,0.0036044452059867194,-0.0010832501561523966,-0.0029563489369068968
162,0.0625,0.5,-0.0157117911049444,0.042323092559907322,-0.017400127596788873,0.057000208436623186
163,1,0.4375,-0.051350998695487683,-0.51575381086200722,-0.0017605685257011644,0.0001334243136777423
164,1,0.5625,-0.051350998695487066,-0.51575381086200711,-0.0017605685257004772,0.0001334243136734488
165,0.9375,0.5,-0.49863629425886608,0.1754439166559042,0.014926529902401961,-0.057245410192583314
166,0.5625,1,0.013016428509722398,-0.0057630218916669704,-0.0011359365516937245,0.0013718399552885006
167,0.4375,1,-0.0052520661563101,0.007746084554104837,-0.00018576227785662607,-0.0017932765455103282
168,0.5,0.9375,-0.068322235696186673,-0.0082904963519643271,-0.056098699373188857,-0.016778799275896854
169,0.25,0.1875,-0.0020128455484240753,0.20616667288203086,-0.027584414675219337,0.22585519521451758
170,0.1875,0.25,0.1913107694740814,-0.068595066817667527,0.21611213117698089,-0.071690762163635
171,0.3125,0.25,-0.3756534043082147,-0.1767674226971295,-0.3839599601051859,-0.24022129194833053
172,0.25,0.3125,-0.0046286315228791222,0.40685045124960784,-0.05501918289474874,0.44970077916855017
173,0.75,0.1875,-0.086562714645381247,-0.22750165526491029,0.10086191213527254,-0.20397794159452334
174,0.8125,0.25,0.26841711497398435,-0.083577793100268846,0.14158963218773796,0.17823781510170605
175,0.6875,0.25,-0.34225887351091877,0.22553674396004189,-0.45276727636298775,-0.010211548265174274
176,0.75,0.3125,-0.18534019945163036,-0.39397489866121432,0.20072288306356542,-0.40604021489532899
177,0.8125,0.75,0.26841711497398413,-0.083577793100269346,0.14158963218772935,0.17823781510171402
178,0.75,0.8125,-0.086562714645382136,-0.22750165526491092,0.10086191213526934,-0.20397794159450988
179,0.75,0.6875,-0.18534019945163033,-0.39397489866121421,0.20072288306357408,-0.40604021489532827
180,0.6875,0.75,-0.34225887351091894,0.2255367439600422,-0.45276727636297837,-0.010211548265182453
181,0.1875,0.75,0.19131076947408196,-0.068595066817667638,0.21611213117697492,-0.071690762163637192
182,0.25,0.8125,-0.0020128455484226789,0.20616667288203089,-0.027584414675215187,0.2258551952145183
183,0.25,0.6875,-0.0046286315228792159,0.40685045124960878,-0.055019182894745312,0.44970077916855955
184,0.3125,0.75,-0.37565340430821703,-0.17676742269713047,-0.38395996010518563,-0.24022129194832728
185,0.1875,0,-0.00053605329204315961,0.00071400240906881022,-0.00072429757339023606,2.653323636192898e-05
186,0.3125,0,0.0011178416721310286,-0.0045021018290849393,0.0010781706152000253,0.00088085259308409247
187,0.25,0.0625,-0.0010274268847649596,0.033757518093995312,-0.003854842113709372,0.032696198991844838
188,0,0.1875,0.0013214399995068635,0.0052449727984363367,-0.00042564589167939373,-0.0011435661578497384
189,0,0.3125,0.0044698500058954413,0.0054708630178570651,-0.00083189997952935984,-0.0022570242770296204
190,0.0625,0.25,-0.0045727930088563804,0.023095923039974903,-0.0097668017329132634,0.032058204907400502
191,0.8125,0,0.016679096500481085,0.02319711799002484,-0.00053438719957680516,-0.00035614626987277441
192,0.6875,0,-0.019660096875781585,-0.0053352553197241947,0.0013260758030524196,-0.00013431689657885686
193,0.75,0.0625,-0.015860276574892293,-0.068659422129571573,0.014689241178196703,-0.029561068402076514
194,1,0.1875,0.037481580342111465,-0.20191999189092283,-0.00051082175093599325,8.2684967784125987e-05
195,1,0.3125,-0.018172787607151946,-0.37953741898893661,-0.0013017754482418352,0.00014363471169865104
196,0.9375,0.25,-0.27824796434517224,0.061278671735190741,0.0084259817960914158,-0.032270432241810039
197,1,0.8125,0.037481580342110396,-0.20191999189092316,-0.00051082175094658482,8.2684967790348318e-05
198,1,0.6875,-0.018172787607151686,-0.37953741898893684,-0.0013017754482351732,0.00014363471170464914
199,0.9375,0.75,-0.27824796434517179,0.061278671735191248,0.0084259817961063084,-0.032270432241809824
200,0.8125,1,0.016679096500481203,0.023197117990025402,-0.00053438719957555432,-0.00035614626986701892
201,0.6875,1,-0.019660096875781692,-0.0053352553197246189,0.0013260758030530686,-0.00013431689657980947
202,0.75,0.9375,-0.015860276574892255,-0.06865942212957199,0.014689241178196042,-0.029561068402079522
203,0,0.8125,0.0013214399995071329,0.0052449727984365344,-0.00042564589168757685,-0.0011435661578464305
204,0,0.6875,0.0044698500058958784,0.0054708630178573843,-0.00083189997952369088,-0.0022570242770210002
205,0.0625,0.75,-0.0045727930088561818,0.023095923039974493,-0.0097668017329009555,0.032058204907400106
206,0.1875,1,-0.00053605329204269817,0.00071400240906823776,-0.00072429757338697716,2.653323635674939e-05
207,0.3125,1,0.001117841672130974,-0.0045021018290861805,0.0010781706151929619,0.00088085259308759813
208,0.25,0.9375,-0.0010274268847659345,0.033757518093995659,-0.0038548421137152419,0.032696198991851208
209,0.5,0.3125,-0.72045826110342415,-0.013176599499946559,-0.77153008713433524,-0.23118160209347832
210,0.5,0.1875,-0.36792207647123198,-0.015441218726629862,-0.38749363650269808,-0.11609966052430362
211,0.4375,0.25,0.19408867371482791,0.50167874920261146,0.084375445677409747,0.5882350221891528
212,0.5625,0.25,0.18783075660457149,-0.49270136835592993,0.39391130976492789,-0.44492705704514596
213,0.3125,0.5,-0.6706955124417382,-0.30536401895529014,-0.68293573923862971,-0.42733711686905462
214,0.1875,0.5,0.34561413746341862,-0.12682559178159619,0.38442565609694684,-0.12744717718472559
215,0.25,0.4375,-0.0089847246565393883,0.53104722426958284,-0.0722177706676735,0.59014122959844084
216,0.25,0.5625,-0.0089847246565388575,0.53104722426958184,-0.072217770667661788,0.59014122959842497
217,0.6875,0.5,-0.58804385931117253,0.40894340496075526,-0.80527634277198656,-0.018128897459371924
218,0.8125,0.5,0.45805379083661579,-0.18519679622252691,0.25182239894015207,0.31692475341693893
219,0.75,0.4375,-0.25542716727669379,-0.50952282150824812,0.26337338263190369,-0.53284310986293471
220,0.75,0.5625,-0.25542716727669262,-0.50952282150824924,0.26337338263190729,-0.53284310986294681
221,0.5,0.6875,-0.72045826110342437,-0.013176599499947032,-0.77153008713433324,-0.23118160209347835
222,0.5,0.8125,-0.36792207647123376,-0.015441218726629888,-0.38749363650269641,-0.11609966052429646
223,0.5625,0.75,0.18783075660457182,-0.4927013683559312,0.39391130976492778,-0.44492705704514945
224,0.4375,0.75,0.19408867371482824,0.50167874920261246,0.084375445677412203,0.58823502218915324
225,0.125,0.0625,-0.0085368716166399142,-0.0097250711694367945,-0.0079100533518151033,-0.00791872754110577
226,0.0625,0.125,0.00025021497934127221,0.0082366810949636299,-0.0032697151667282769,0.010880505842327907
227,0.1875,0.125,0.064778954604146607,-0.021737472635676897,0.073230684076269065,-0.024382434304888539
228,0.125,0.1875,-0.054546609334428502,-0.05289912946484248,-0.054097847961430252,-0.055306494446438197
229,0.875,0.0625,-0.014488196397691951,0.064491859568526363,-0.011028984737532933,0.0024723608428811913
230,0.9375,0.125,-0.12740950438506521,-0.020393581413642815,0.002826310542765774,-0.011071620649113349
231,0.8125,0.125,0.12886424030125512,-0.014781381601781402,0.04804921732930921,0.060502868593336354
232,0.875,0.1875,0.040408832831969783,0.1842928108132485,-0.075475620621699296,0.017061803483535729
233,0.9375,0.875,-0.12740950438506612,-0.020393581413641951,0.0028263105427642076,-0.011071620649102836
234,0.875,0.9375,-0.014488196397691911,0.064491859568526877,-0.01102898473752487,0.0024723608428859384
235,0.875,0.8125,0.040408832831970866,0.18429281081324889,-0.075475620621695494,0.017061803483527656
236,0.8125,0.875,0.1288642403012559,-0.014781381601782256,0.048049217329306212,0.060502868593323857
237,0.0625,0.875,0.00025021497934137141,0.0082366810949631147,-0.0032697151667328574,0.010880505842330504
238,0.125,0.9375,-0.0085368716166402386,-0.0097250711694376168,-0.0079100533518138127,-0.0079187275411145598
239,0.125,0.8125,-0.054546609334429133,-0.052899129464842327,-0.054097847961426165,-0.055306494446436177
240,0.1875,0.875,0.064778954604146691,-0.021737472635675978,0.073230684076266123,-0.024382434304885493
241,0.4375,0.375,0.30624308219770102,0.77685602625789629,0.13188377320948508,0.91953061461629992
242,0.375,0.4375,0.61042402779581229,-0.55952135970603867,0.77883574131450251,-0.50639538916411142
243,0.375,0.3125,0.46325546575210569,-0.42711345937951611,0.59347878404729049,-0.38589550849993065
244,0.3125,0.375,-0.58857238659703759,-0.27097609509141007,-0.60019322926612095,-0.37555518083720696
245,0.5625,0.375,0.28426366659879104,-0.76496012064425445,0.61573765510729483,-0.69550052550602215
246,0.625,0.4375,0.64892504647262406,0.52176420452664651,0.37221816051542028,0.85109555322902075
247,0.625,0.3125,0.49098076671123442,0.40298441605401553,0.28362699127680602,0.64855283234457706
248,0.6875,0.375,-0.51691985980433452,0.3579802273877925,-0.70771816073762905,-0.015933000293008634
249,0.625,0.5625,0.6489250464726235,0.52176420452664762,0.37221816051541928,0.85109555322904562
250,0.5625,0.625,0.28426366659879099,-0.76496012064425423,0.61573765510730361,-0.69550052550600694
251,0.6875,0.625,-0.51691985980433497,0.35798022738779228,-0.70771816073764304,-0.015933000293011302
252,0.625,0.6875,0.49098076671123447,0.40298441605401553,0.28362699127680246,0.64855283234458205
253,0.375,0.5625,0.6104240277958124,-0.55952135970603889,0.77883574131448874,-0.50639538916406823
254,0.4375,0.625,0.30624308219770252,0.77685602625789596,0.13188377320948547,0.9195306146163007
255,0.3125,0.625,-0.58857238659703726,-0.27097609509140985,-0.60019322926613017,-0.37555518083721706
256,0.375,0.6875,0.46325546575210608,-0.42711345937951573,0.59347878404729115,-0.3858955084999432
257,0.375,0.0625,0.041323805700380439,-0.033590419277504502,0.043077659498400908,-0.028132803321064374
258,0.4375,0.125,0.06465320876889534,0.18267566086501696,0.028640980204801183,0.19941023106609634
259,0.3125,0.125,-0.1291748104420585,-0.066116295536917322,-0.13019525374329982,-0.081367636629316786
260,0.375,0.1875,0.23548773772224468,-0.21325608182316988,0.29804153690772112,-0.19383717276506218
261,0.625,0.0625,0.052159869143853843,0.053788876105687153,0.020596145867321534,0.047197796389236102
262,0.5625,0.125,0.075615997435556748,-0.18203712554794271,0.13355475774204537,-0.15085226708824817
263,0.6875,0.125,-0.14315469032323788,0.083377027221942304,-0.15354743536664323,-0.0034839542571510878
264,0.625,0.1875,0.25096996053658038,0.2223099502125136,0.14244067236708743,0.32575892026064496
265,0.0625,0.375,-0.012077372372258447,0.036387540720433632,-0.015288494829559953,0.050099009712532595
266,0.125,0.4375,-0.13905645744018014,-0.12826516736085769,-0.14128399260580418,-0.14461034912996923
267,0.125,0.3125,-0.10745899945317226,-0.1003709134700274,-0.10766435185159655,-0.11018609764144938
268,0.1875,0.375,0.30232202790627272,-0.10985931338752879,0.33784563906019011,-0.11201644537411783
269,0.0625,0.625,-0.012077372372258713,0.036387540720433174,-0.015288494829558989,0.050099009712525226
270,0.125,0.5625,-0.13905645744018041,-0.1282651673608575,-0.14128399260580776,-0.14461034912996257
271,0.125,0.6875,-0.107458999453173,-0.10037091347002756,-0.10766435185160748,-0.11018609764145902
272,0.1875,0.625,0.30232202790627355,-0.10985931338752825,0.33784563906019649,-0.11201644537411082
273,0.9375,0.375,-0.42891314308837697,0.146772843354502,0.0131378324434736,-0.0503158268636862
274,0.875,0.4375,0.19769658424089706,0.40548934028507561,-0.19689867220878027,0.044512636032956354
275,0.875,0.3125,0.13450558717281527,0.30850388666390161,-0.15008135812800663,0.033906828822998031
276,0.8125,0.375,0.39881977913611505,-0.15715559310291913,0.22130862335958387,0.27853420569822535
277,0.9375,0.625,-0.42891314308837786,0.14677284335450103,0.013137832443465541,-0.050315826863694249
278,0.875,0.5625,0.1976965842408975,0.40548934028507627,-0.19689867220878041,0.044512636032969934
279,0.875,0.6875,0.13450558717281494,0.30850388666390127,-0.15008135812801565,0.033906828822990384
280,0.8125,0.625,0.39881977913611533,-0.15715559310291807,0.22130862335958953,0.27853420569822485
281,0.625,0.9375,0.052159869143853836,0.053788876105687,0.020596145867320163,0.04719779638923579
282,0.5625,0.875,0.075615997435556442,-0.18203712554794363,0.13355475774204684,-0.15085226708824542
283,0.6875,0.875,-0.14315469032323885,0.083377027221943331,-0.15354743536664289,-0.0034839542571462497
284,0.625,0.8125,0.25096996053658188,0.2223099502125144,0.14244067236708513,0.32575892026063574
285,0.375,0.9375,0.041323805700380155,-0.03359041927750428,0.04307765949841267,-0.028132803321062116
286,0.4375,0.875,0.064653208768895951,0.18267566086501835,0.028640980204799996,0.19941023106609035
287,0.3125,0.875,-0.12917481044205861,-0.066116295536917044,-0.13019525374329347,-0.081367636629321297
288,0.375,0.8125,0.23548773772224588,-0.21325608182317118,0.29804153690771029,-0.19383717276506449
289,0.03125,0.03125,0.00076049050858437086,0.0015005436828975916,0.00018630581805390193,9.2127441981077003e-05
290,0.96875,0.03125,0.0095854808196692547,-0.047169281466560395,0.00028373937790573419,-0.0001136682925235496
291,0.96875,0.96875,0.009585480819669083,-0.047169281466560964,0.00028373937790009921,-0.00011366829252641743
292,0.03125,0.96875,0.00076049050858479803,0.0015005436828979025,0.00018630581805704745,9.2127441982005418e-05
293,0.46875,0.46875,-0.54374997266057867,0.7771954782321594,-0.81364941837346072,0.70080889557822901
294,0.53125,0.46875,-0.54993580640529971,-0.78797680530739955,-0.29421839079807832,-1.0327586863216125
295,0.53125,0.53125,-0.5499358064052996,-0.78797680530739889,-0.29421839079807,-1.0327586863216327
296,0.46875,0.53125,-0.54374997266057934,0.77719547823215973,-0.81364941837346116,0.70080889557821291
297,0.46875,0.03125,-0.017843855963071573,0.017554010467984878,-0.010729467979086405,0.0093078206033555388
298,0.53125,0.03125,-0.011185112966018216,-0.028904549987136294,-0.0038914421334223133,-0.013670709736745007
299,0.03125,0.46875,0.016896790429335663,0.0075666088001846224,0.011595181057994033,0.010206998311225627
300,0.03125,0.53125,0.016896790429335739,0.0075666088001844533,0.011595181057994224,0.01020699831122329
301,0.96875,0.46875,-0.4664701665408969,-0.26926250869393631,0.014282518844531078,-0.0038094813594448372
302,0.96875,0.53125,-0.46647016654089635,-0.2692625086939362,0.014282518844528578,-0.0038094813594458871
303,0.53125,0.96875,-0.011185112966017719,-0.028904549987137228,-0.0038914421334270907,-0.013670709736745364
304,0.46875,0.96875,-0.017843855963071826,0.017554010467984962,-0.010729467979087878,0.0093078206033589996
305,0.21875,0.21875,0.18064574394026375,0.12918537717992709,0.18401847106451397,0.15091111567714791
306,0.28125,0.28125,-0.35620896419824127,0.21500542384709526,-0.4208327215489589,0.20050547436852961
307,0.28125,0.21875,-0.25437170965683964,0.15278936154842079,-0.30061204016085469,0.14325742778488609
308,0.21875,0.28125,0.25305133126720458,0.17861014670310441,0.25757951548819918,0.21128780814135892
309,0.78125,0.21875,0.11641743409738914,-0.23023899296374709,0.23661774346280606,-0.025347702120618175
310,0.71875,0.28125,-0.41610332946561635,-0.12954178594555779,-0.24157899209018704,-0.39859881723801266
311,0.71875,0.21875,-0.30533859482311215,-0.10624430305449353,-0.17257723032496536,-0.28477933477086737
312,0.78125,0.28125,0.14045447777251935,-0.31313108217900915,0.3311655522647457,-0.035490719780842055
313,0.78125,0.78125,0.11641743409738853,-0.230238992963748,0.23661774346279985,-0.025347702120605005
314,0.71875,0.71875,-0.4161033294656169,-0.12954178594555818,-0.24157899209016834,-0.3985988172380206
315,0.78125,0.71875,0.14045447777251902,-0.3131310821790092,0.33116555226475158,-0.035490719780831299
316,0.71875,0.78125,-0.30533859482311299,-0.10624430305449341,-0.17257723032495334,-0.28477933477085926
317,0.21875,0.78125,0.18064574394026531,0.12918537717992701,0.18401847106451574,0.15091111567714796
318,0.28125,0.71875,-0.35620896419824311,0.21500542384709562,-0.42083272154895857,0.20050547436852642
319,0.21875,0.71875,0.25305133126720497,0.17861014670310463,0.25757951548819347,0.21128780814136305
320,0.28125,0.78125,-0.25437170965684031,0.15278936154841963,-0.30061204016085497,0.14325742778488543
321,0.21875,0.03125,0.0057945981140864865,0.0076855868470967915,0.0052775675811026429,0.0040957329383185465
322,0.28125,0.03125,-0.010391504799418111,0.0040157183905740459,-0.0083653333286056002,0.0041739453727799355
323,0.03125,0.21875,0.011029657918198111,0.0065750083464016229,0.0054582394012372484,0.0047952076076505194
324,0.03125,0.28125,0.014139539419823662,0.0072325129158320412,0.0076369425373322506,0.0067214095118972748
325,0.78125,0.03125,0.030292259670885884,-0.024466521184883669,0.0067416323785335266,-0.00060248771508512032
326,0.71875,0.03125,-0.030256870217443874,-0.023065869421195016,-0.0047829966238146573,-0.0081138442038194685
327,0.96875,0.21875,-0.18656954750789079,-0.16317806803834004,0.0068393463500918475,-0.0018588987875799504
328,0.96875,0.28125,-0.27761305619363885,-0.19252925909689503,0.0094892887291986305,-0.0025234631775696123
329,0.96875,0.78125,-0.18656954750789123,-0.16317806803833931,0.0068393463500959492,-0.0018588987875671013
330,0.96875,0.71875,-0.27761305619363874,-0.19252925909689511,0.0094892887292103677,-0.0025234631775655964
331,0.78125,0.96875,0.030292259670886428,-0.024466521184883551,0.0067416323785377576,-0.00060248771508459697
332,0.71875,0.96875,-0.030256870217444089,-0.023065869421195435,-0.0047829966238149011,-0.0081138442038204417
333,0.03125,0.78125,0.011029657918198481,0.0065750083464015162,0.0054582394012394802,0.0047952076076602755
334,0.03125,0.71875,0.014139539419824239,0.0072325129158319632,0.0076369425373431429,0.0067214095119014277
335,0.21875,0.96875,0.005794598114086091,0.007685586847096265,0.0052775675810964508,0.0040957329383154396
336,0.28125,0.96875,-0.010391504799419127,0.0040157183905733989,-0.008365333328611264,0.0041739453727858613
337,0.46875,0.28125,-0.35875483493123511,0.51389011236346882,-0.5359930880524556,0.4616703908744702
338,0.53125,0.28125,-0.35876657728638101,-0.52581936289070796,-0.19381032203140014,-0.68033242485303791
339,0.46875,0.21875,-0.25983843300367726,0.36756370989866061,-0.38288944022077415,0.32980693394404903
340,0.53125,0.21875,-0.25519184851101018,-0.38393127042615727,-0.13845008221115954,-0.48600934179873878
341,0.28125,0.46875,-0.54533097261162378,0.32809430597653866,-0.63885375821471946,0.30433016228970683
342,0.28125,0.53125,-0.54533097261162455,0.32809430597653794,-0.6388537582147289,0.30433016228970455
343,0.21875,0.46875,0.38392285034003665,0.26453841251348276,0.39100122138176224,0.32077353679696635
344,0.21875,0.53125,0.38392285034003704,0.26453841251348215,0.39100122138176702,0.32077353679695786
345,0.71875,0.46875,-0.63480377458471982,-0.17776846866223978,-0.36673689635754425,-0.60504244824564735
346,0.71875,0.53125,-0.63480377458471915,-0.17776846866224055,-0.36673689635754342,-0.60504244824564246
347,0.78125,0.46875,0.19062408554581889,-0.47872176042665626,0.50265341410495601,-0.053903982448995115
348,0.78125,0.53125,0.19062408554581969,-0.4787217604266566,0.50265341410497155,-0.053903982448998307
349,0.53125,0.71875,-0.35876657728638128,-0.5258193628907083,-0.19381032203139939,-0.68033242485303358
350,0.46875,0.71875,-0.35875483493123539,0.51389011236346938,-0.53599308805244417,0.46167039087446993
351,0.53125,0.78125,-0.25519184851101101,-0.38393127042615832,-0.13845008221115182,-0.48600934179873051
352,0.46875,0.78125,-0.25983843300367848,0.36756370989866088,-0.38288944022077909,0.32980693394405775
353,0.09375,0.09375,-0.012179961887261542,-2.6493374976860003e-05,-0.014004015484111858,0.003322697849367659
354,0.15625,0.15625,0.011325148219576246,-0.073887164217170093,0.019995328410130537,-0.08172409408544358
355,0.15625,0.09375,0.004237236222321316,-0.031237479966671446,0.008169248603784502,-0.033735221888021069
356,0.09375,0.15625,-0.03047348157408538,0.0020982040432477892,-0.033979706874613852,0.0079041633511310588
357,0.90625,0.09375,-0.076277100395690772,0.051343721618833375,-0.010164403986693361,-0.010327709396765826
358,0.84375,0.15625,0.13048142119511041,0.096059978013827374,-0.027833221128919554,0.079455642002008844
359,0.84375,0.09375,0.068592383031582646,0.069852430776326635,-0.011520101193350859,0.032849753668557705
360,0.90625,0.15625,-0.10222271925765056,0.11515090505542538,-0.024467394041387418,-0.024930424363106177
361,0.90625,0.90625,-0.076277100395691175,0.051343721618834111,-0.010164403986689,-0.010327709396758405
362,0.84375,0.84375,0.1304814211951113,0.09605997801382693,-0.02783322112892108,0.079455642001996507
363,0.90625,0.84375,-0.10222271925765035,0.11515090505542663,-0.024467394041378598,-0.024930424363102766
364,0.84375,0.90625,0.068592383031583451,0.069852430776326704,-0.011520101193341056,0.032849753668550356
365,0.09375,0.90625,-0.01217996188726179,-2.6493374977555627e-05,-0.014004015484113284,0.0033226978493637147
366,0.15625,0.84375,0.011325148219576009,-0.073887164217169482,0.019995328410130821,-0.081724094085440818
367,0.09375,0.84375,-0.030473481574085998,0.0020982040432475195,-0.033979706874614581,0.0079041633511370488
368,0.15625,0.90625,0.0042372362223204087,-0.03123747996667162,0.0081692486037795425,-0.033735221888025975
369,0.40625,0.40625,0.83320268626367078,0.19941407570282513,0.86080695307341371,0.3906403705948584
370,0.34375,0.34375,-0.11160711515091046,-0.64190643786827895,-0.0061631667079434039,-0.72306882135770989
371,0.40625,0.34375,0.72752432292331726,0.17580278260099583,0.75283231686524965,0.34163352086583892
372,0.34375,0.40625,-0.12707118804527293,-0.73166276788568363,-0.0070432128359011045,-0.826773465392591
373,0.59375,0.40625,0.8114913684969296,-0.2057373038836797,0.93374314106943612,0.14697180894662473
374,0.65625,0.34375,-0.021182563228715937,0.63774512846613407,-0.40247263372081932,0.60063753916431439
375,0.59375,0.34375,0.70939938481328702,-0.17887584688165367,0.81662280718543989,0.12853618840961631
376,0.65625,0.40625,-0.021116912330094863,0.72761246965365611,-0.46018527375772833,0.6867825661242748
377,0.59375,0.59375,0.81149136849692916,-0.20573730388367845,0.93374314106945644,0.14697180894664802
378,0.65625,0.65625,-0.021182563228716676,0.63774512846613429,-0.40247263372082398,0.60063753916431439
379,0.65625,0.59375,-0.021116912330096049,0.72761246965365667,-0.46018527375774326,0.68678256612429334
380,0.59375,0.65625,0.70939938481328679,-0.17887584688165345,0.81662280718544988,0.12853618840963316
381,0.40625,0.59375,0.83320268626367211,0.19941407570282493,0.86080695307340782,0.39064037059489209
382,0.34375,0.65625,-0.11160711515091028,-0.64190643786827883,-0.0061631667079448914,-0.72306882135772399
383,0.34375,0.59375,-0.12707118804527223,-0.73166276788568441,-0.0070432128359173155,-0.82677346539257746
384,0.40625,0.65625,0.72752432292331926,0.17580278260099594,0.7528323168652522,0.34163352086582588
385,0.40625,0.09375,0.10962276527877389,0.034436109916434969,0.10588039868678345,0.047972007286042589
386,0.34375,0.15625,-0.036371520409953888,-0.22438850007501329,-0.0021543598013254966,-0.24640897475775653
387,0.34375,0.09375,-0.013903056911763729,-0.098842350105382629,-0.0009593952286142002,-0.10166293442016221
388,0.40625,0.15625,0.25142861941462452,0.069045158307353693,0.25657094768005778,0.11638532990860787
389,0.59375,0.09375,0.12444262768894432,-0.022180458639454011,0.1148597482556046,0.018091424063178832
390,0.65625,0.15625,-0.019954352725434884,0.2418885692517953,-0.13721056892681571,0.20472469640700422
391,0.65625,0.09375,-0.012063410065560996,0.12106125350462607,-0.056653595029933244,0.08448896509794851
392,0.59375,0.15625,0.26030316960944405,-0.05397752154396139,0.27832696341377616,0.043818960426979095
393,0.09375,0.40625,-0.10846555898938767,0.015845773615311708,-0.11406320875178506,0.026332911715832859
394,0.15625,0.34375,0.039018322111192702,-0.21296018281437903,0.058860718987604435,-0.23976470477252484
395,0.09375,0.34375,-0.094247631439111273,0.012325920543271715,-0.099752041145567752,0.023037720969183224
396,0.15625,0.40625,0.046550939008372129,-0.24322748329140101,0.06730987139503547,-0.2741477528618988
397,0.09375,0.59375,-0.10846555898938821,0.015845773615311611,-0.11406320875179357,0.026332911715831377
398,0.15625,0.65625,0.039018322111192369,-0.21296018281437859,0.058860718987595324,-0.23976470477251854
399,0.09375,0.65625,-0.094247631439111773,0.012325920543271333,-0.099752041145571207,0.023037720969174565
400,0.15625,0.59375,0.046550939008372351,-0.24322748329140051,0.067309871395035817,-0.2741477528618867
401,0.90625,0.40625,-0.16988179134377088,0.41235098688855165,-0.081705548375776482,-0.083387749240166828
402,0.84375,0.34375,0.35782197219567963,0.14104464233050551,-0.081535767390712596,0.23282408580107156
403,0.90625,0.34375,-0.1522612269800849,0.35213296206846573,-0.07146254245306409,-0.072947902113509627
404,0.84375,0.40625,0.41618031733919764,0.15554270306791643,-0.093209465939415287,0.26620880291154031
405,0.90625,0.59375,-0.16988179134377127,0.41235098688855165,-0.081705548375786113,-0.08338774924016186
406,0.84375,0.65625,0.35782197219567896,0.1410446423305059,-0.081535767390724545,0.23282408580107403
407,0.90625,0.65625,-0.15226122698008601,0.35213296206846467,-0.071462542453075359,-0.072947902113519161
408,0.84375,0.59375,0.41618031733919775,0.1555427030679172,-0.093209465939411679,0.26620880291155286
409,0.59375,0.90625,0.12444262768894451,-0.022180458639454632,0.11485974825560431,0.018091424063180737
410,0.65625,0.84375,-0.019954352725434669,0.24188856925179694,-0.1372105689268138,0.20472469640700364
411,0.65625,0.90625,-0.012063410065561709,0.12106125350462681,-0.056653595029932238,0.084488965097948981
412,0.59375,0.84375,0.260303169609445,-0.053977521543961335,0.27832696341377738,0.043818960426976174
413,0.40625,0.90625,0.1096227652787746,0.034436109916436024,0.10588039868679193,0.047972007286035956
414,0.34375,0.84375,-0.036371520409953229,-0.22438850007501429,-0.002154359801327381,-0.2464089747577663
415,0.34375,0.90625,-0.01390305691176412,-0.098842350105382462,-0.00095939522860254243,-0.10166293442016738
416,0.40625,0.84375,0.2514286194146263,0.069045158307354138,0.25657094768004979,0.11638532990859983
417,0.09375,0.03125,-0.00086024279548052856,-0.00079659209318145338,-0.0015757161838903598,0.00049580138851875117
418,0.15625,0.03125,0.00017034239633855426,-0.0050922430488738865,0.00078398653607097068,-0.0038985982697548522
419,0.03125,0.09375,0.0035186820753187295,0.0031853761604012923,0.0013569254520055848,0.0011492905317657153
420,0.03125,0.15625,0.0071728616652273853,0.0051416690428963919,0.0032508635284926833,0.002837361918317034
421,0.90625,0.03125,-0.043723417990806826,0.0017235657065786932,-0.0011880069766224096,-0.0012882487057059003
422,0.84375,0.03125,0.015535345737305355,0.041037874649199106,-0.0014453156921919268,0.0038095786653869943
423,0.96875,0.09375,-0.037394123227390649,-0.094915782278036723,0.0017568025182890983,-0.00058251573002100624
424,0.96875,0.15625,-0.10316714829246841,-0.13235454150852607,0.0041222784951859687,-0.0011897986741340205
425,0.96875,0.90625,-0.037394123227391655,-0.094915782278037111,0.0017568025182789384,-0.00058251573001811489
426,0.96875,0.84375,-0.10316714829246974,-0.13235454150852571,0.0041222784951788832,-0.0011897986741238075
427,0.90625,0.96875,-0.043723417990807298,0.0017235657065787164,-0.001188006976625057,-0.0012882487056999445
428,0.84375,0.96875,0.015535345737305554,0.041037874649199557,-0.0014453156921859101,0.00380957866539228
429,0.03125,0.90625,0.0035186820753193146,0.0031853761604011817,0.0013569254520034097,0.0011492905317639333
430,0.03125,0.84375,0.0071728616652277418,0.0051416690428961916,0.0032508635284861022,0.0028373619183224524
431,0.09375,0.96875,-0.00086024279547997204,-0.00079659209318183697,-0.0015757161838832023,0.0004958013885154785
432,0.15625,0.96875,0.00017034239633856359,-0.0050922430488747165,0.00078398653607381519,-0.0038985982697626849
433,0.46875,0.40625,-0.50970286211753491,0.73070677629771463,-0.76337405316570295,0.65750823549175497
434,0.53125,0.40625,-0.51509433286054618,-0.7402194796314574,-0.2760366183379106,-0.9689428826068055
435,0.46875,0.34375,-0.44554135071467926,0.64019527247716557,-0.66762187581552179,0.57503947028279057
436,0.53125,0.34375,-0.44905679985245261,-0.64940427948683899,-0.24140948490977193,-0.84740444356518252
437,0.40625,0.46875,0.88898278783719553,0.21140701390787772,0.91750155348800955,0.41637210618248782
438,0.40625,0.53125,0.88898278783719498,0.21140701390787778,0.91750155348800444,0.41637210618250886
439,0.34375,0.46875,-0.13502598696082163,-0.77830446548159571,-0.0075065226635332586,-0.88122500455748276
440,0.34375,0.53125,-0.13502598696082216,-0.77830446548159637,-0.0075065226635482483,-0.88122500455745956
441,0.59375,0.46875,0.86541504444843453,-0.21824885253771847,0.99523872458324281,0.15665411783682298
442,0.59375,0.53125,0.86541504444843476,-0.21824885253771809,0.99523872458324325,0.1566541178368166
443,0.65625,0.46875,-0.021593759781251175,0.77595857275026947,-0.49048941952300174,0.73201439520744238
444,0.65625,0.53125,-0.021593759781251172,0.77595857275026947,-0.49048941952300612,0.73201439520745726
445,0.53125,0.59375,-0.51509433286054673,-0.74021947963145729,-0.27603661833791143,-0.9689428826068307
446,0.46875,0.59375,-0.50970286211753546,0.7307067762977143,-0.76337405316571183,0.6575082354917352
447,0.53125,0.65625,-0.44905679985245311,-0.64940427948683932,-0.24140948490977537,-0.84740444356517852
448,0.46875,0.65625,-0.44554135071467915,0.64019527247716501,-0.66762187581552546,0.57503947028278213
449,0.40625,0.03125,0.018585961801663466,0.010495875198084623,0.012167709167046908,0.0054129991764325872
450,0.34375,0.03125,0.00035630100999423992,-0.01845212240713939,-0.00023877919992286258,-0.011642701016532579
451,0.59375,0.03125,0.031391890439807307,-0.00011782306715445746,0.01318091379514833,0.0021234495983543491
452,0.65625,0.03125,-0.0094025155499358661,0.035178567843365406,-0.0065869999977202038,0.009669206285951153
453,0.46875,0.09375,-0.074476767678244862,0.098154959364621028,-0.093853870109849705,0.080893769138281515
454,0.53125,0.09375,-0.06837095023018315,-0.11342952673882262,-0.033958666056097875,-0.11917153717160954
455,0.46875,0.15625,-0.1608449653729426,0.22184175932681166,-0.22751036229978477,0.19599129177800334
456,0.53125,0.15625,-0.15332379818966296,-0.2401350735437178,-0.082275101116292965,-0.28880395628850747
457,0.03125,0.40625,0.016730401565486042,0.0074624329914260799,0.010877827227457549,0.0095766069318830877
458,0.03125,0.34375,0.015986240447066827,0.0073914666484268835,0.0095123542028647846,0.0083750947810560632
459,0.03125,0.59375,0.016730401565486171,0.0074624329914257156,0.010877827227460172,0.009576606931878744
460,0.03125,0.65625,0.015986240447067229,0.0073914666484265357,0.0095123542028739284,0.0083750947810540058
461,0.09375,0.46875,-0.11583673253266662,0.018006638216020686,-0.1215778636418568,0.028063322594486347
462,0.09375,0.53125,-0.11583673253266689,0.018006638216020641,-0.12157786364186041,0.028063322594486222
463,0.15625,0.46875,0.050854324168458656,-0.25920026700833837,0.071745753200871343,-0.29220058481258071
464,0.15625,0.53125,0.050854324168458601,-0.25920026700833831,0.071745753200875423,-0.29220058481257855
465,0.96875,0.40625,-0.43029996726098685,-0.25100306083457669,0.013411117874707843,-0.0035656644930175765
466,0.96875,0.34375,-0.36350883608408252,-0.22267706890216535,0.011757991499500393,-0.00311597104357514
467,0.96875,0.59375,-0.43029996726098663,-0.2510030608345773,0.013411117874705033,-0.0035656644930236302
468,0.96875,0.65625,-0.36350883608408302,-0.22267706890216615,0.011757991499506092,-0.0031159710435816864
469,0.90625,0.46875,-0.18158525667635941,0.44419210028199207,-0.087089102809851854,-0.088871911330491271
470,0.90625,0.53125,-0.18158525667635891,0.44419210028199235,-0.087089102809853158,-0.088871911330485207
471,0.84375,0.46875,0.44847829083708191,0.16448005829805432,-0.099340242079645411,0.28374396859720025
472,0.84375,0.53125,0.44847829083708229,0.16448005829805473,-0.099340242079637028,0.28374396859720569
473,0.59375,0.96875,0.031391890439808175,-0.0001178230671550473,0.013180913795145922,0.0021234495983522609
474,0.65625,0.96875,-0.009402515549936194,0.035178567843365233,-0.0065869999977207104,0.0096692062859494773
475,0.40625,0.96875,0.018585961801663282,0.01049587519808491,0.012167709167051125,0.0054129991764395478
476,0.34375,0.96875,0.00035630100999346174,-0.018452122407140167,-0.00023877919992045402,-0.011642701016523808
477,0.53125,0.90625,-0.068370950230184066,-0.11342952673882362,-0.033958666056099193,-0.11917153717160552
478,0.46875,0.90625,-0.074476767678245501,0.098154959364621791,-0.093853870109847998,0.080893769138282071
479,0.53125,0.84375,-0.1533237981896641,-0.24013507354371852,-0.082275101116287816,-0.28880395628850519
480,0.46875,0.84375,-0.16084496537294329,0.22184175932681269,-0.22751036229979002,0.19599129177800209
481,0.21875,0.15625,0.10756223793130359,0.078786705281653963,0.10937321787014374,0.089631523780069888
482,0.28125,0.15625,-0.15237807142726964,0.089521939738064993,-0.17860283131487537,0.085165855430594087
483,0.21875,0.09375,0.045193319958452431,0.035568711205366262,0.045178815367004917,0.036909163208022205
484,0.28125,0.09375,-0.065316185134020627,0.036196557609403705,-0.073649232195279524,0.035212912358433275
485,0.15625,0.21875,0.020151841614920195,-0.12335340283205148,0.033724694806090409,-0.13751901526884658
486,0.15625,0.28125,0.029759748377764253,-0.17159008877288698,0.047243254517995915,-0.19249803069235724
487,0.09375,0.21875,-0.052398504153550594,0.0049382763894590398,-0.05719998626344977,0.013242973864451795
488,0.09375,0.28125,-0.074698932199898302,0.008442318832503834,-0.08008016177734277,0.018508736228190915
489,0.34375,0.28125,-0.08962640708296736,-0.51708524228530806,-0.0049576164966955742,-0.5805081398143298
490,0.34375,0.21875,-0.063271069316334597,-0.37130641183744278,-0.0035615191383448,-0.41468888841559759
491,0.40625,0.28125,0.58345964161089048,0.14329913836977395,0.60440538206460392,0.27426620100557603
492,0.40625,0.21875,0.41765257618384222,0.10647145461415966,0.43176701162648812,0.19590916648865409
493,0.28125,0.34375,-0.44500917513793087,0.26824429245370468,-0.5241893285966327,0.249725300713355
494,0.21875,0.34375,0.31529777788769986,0.22008708152063888,0.3208278769363731,0.26319263005112908
495,0.28125,0.40625,-0.51052621542815135,0.30727521975630789,-0.59937565962220729,0.28553025678403016
496,0.21875,0.40625,0.36038086462265745,0.24940586943856727,0.36684062283973212,0.3009491944555418
497,0.78125,0.15625,0.087781444065832034,-0.15080520591315846,0.14065900448572941,-0.015061957452175742
498,0.71875,0.15625,-0.19774808666962429,-0.0779940374835595,-0.10255799710290441,-0.16926517076623385
499,0.78125,0.09375,0.056094197720392799,-0.081416029960971664,0.058100788876044231,-0.0061969944690016153
500,0.71875,0.09375,-0.10272056498772485,-0.046172063049740759,-0.042314622372294143,-0.069896630063575577
501,0.84375,0.21875,0.20336992159586828,0.11357621366809786,-0.046806125778903002,0.13360170724438186
502,0.84375,0.28125,0.2829039582728532,0.12662479034987012,-0.065486302150880138,0.18694894044594773
503,0.90625,0.21875,-0.12064555946647838,0.19147473805434082,-0.041055814238260137,-0.041898210479218961
504,0.90625,0.28125,-0.13558340776135436,0.27392610695017139,-0.057399000044380061,-0.05859854905470261
505,0.65625,0.28125,-0.022694371098763537,0.51715624908299329,-0.32313956329967203,0.48222044343919396
506,0.65625,0.21875,-0.023625159053395097,0.37964523601067018,-0.23086295692836589,0.34449263712533817
507,0.59375,0.28125,0.57148511478818997,-0.13957504131277507,0.65562317610825194,0.10319906994250479
508,0.59375,0.21875,0.41547706737231022,-0.095091413859762913,0.46836318673572758,0.073729854779822857
509,0.71875,0.34375,-0.51755104419244058,-0.15004001343895171,-0.30091069806123799,-0.49645895686194969
510,0.78125,0.34375,0.16099419440434407,-0.3888314309044536,0.41245606693324949,-0.044219053758679655
511,0.71875,0.40625,-0.59431655825568297,-0.16733699273495856,-0.34407380850338287,-0.56765538401937266
512,0.78125,0.40625,0.17885509127619764,-0.44687810232781222,0.47159726157908388,-0.050570054214563558
513,0.84375,0.78125,0.20336992159586895,0.11357621366809728,-0.04680612577891248,0.13360170724437592
514,0.84375,0.71875,0.28290395827285325,0.12662479034986998,-0.065486302150889228,0.18694894044594629
515,0.90625,0.78125,-0.12064555946647741,0.1914747380543417,-0.041055814238248875,-0.041898210479222209
516,0.90625,0.71875,-0.13558340776135389,0.27392610695017111,-0.057399000044372393,-0.058598549054714268
517,0.78125,0.84375,0.087781444065831896,-0.15080520591315966,0.14065900448571747,-0.015061957452177361
518,0.71875,0.84375,-0.19774808666962529,-0.077994037483559084,-0.10255799710290643,-0.16926517076622347
519,0.78125,0.90625,0.056094197720393285,-0.081416029960972344,0.058100788876043287,-0.0061969944690098977
520,0.71875,0.90625,-0.10272056498772578,-0.046172063049740843,-0.042314622372297502,-0.069896630063574688
521,0.71875,0.65625,-0.51755104419244047,-0.15004001343895185,-0.30091069806123938,-0.49645895686196634
522,0.78125,0.65625,0.16099419440434445,-0.38883143090445288,0.41245606693325215,-0.044219053758674694
523,0.71875,0.59375,-0.59431655825568286,-0.16733699273495956,-0.34407380850339442,-0.56765538401939086
524,0.78125,0.59375,0.17885509127619845,-0.44687810232781194,0.47159726157909404,-0.050570054214571045
525,0.65625,0.71875,-0.022694371098763242,0.51715624908299329,-0.3231395632996773,0.48222044343918208
526,0.65625,0.78125,-0.023625159053394171,0.37964523601067129,-0.23086295692836697,0.34449263712532935
527,0.59375,0.71875,0.57148511478819042,-0.13957504131277593,0.65562317610824161,0.10319906994250108
528,0.59375,0.78125,0.41547706737231171,-0.095091413859763468,0.46836318673572308,0.073729854779812282
529,0.15625,0.78125,0.020151841614920254,-0.12335340283205128,0.033724694806092255,-0.13751901526885021
530,0.15625,0.71875,0.029759748377763795,-0.1715900887728872,0.047243254517983543,-0.19249803069236515
531,0.09375,0.78125,-0.052398504153551073,0.0049382763894588125,-0.05719998626344068,0.013242973864451675
532,0.09375,0.71875,-0.074698932199898607,0.0084423188325032945,-0.080080161777339676,0.018508736228177222
533,0.21875,0.84375,0.10756223793130514,0.078786705281655017,0.10937321787014731,0.089631523780073358
534,0.28125,0.84375,-0.15237807142726892,0.089521939738065118,-0.17860283131487206,0.085165855430594448
535,0.21875,0.90625,0.045193319958452119,0.035568711205367191,0.045178815366999386,0.036909163208026299
536,0.28125,0.90625,-0.065316185134021459,0.036196557609404621,-0.073649232195276415,0.035212912358439305
537,0.28125,0.65625,-0.44500917513793115,0.26824429245370607,-0.5241893285966277,0.24972530071334648
538,0.21875,0.65625,0.31529777788770058,0.22008708152063988,0.32082787693637715,0.26319263005114596
539,0.28125,0.59375,-0.51052621542815058,0.30727521975630712,-0.59937565962220007,0.28553025678401101
540,0.21875,0.59375,0.36038086462265823,0.24940586943856696,0.36684062283974966,0.30094919445553991
541,0.34375,0.71875,-0.089626407082969192,-0.51708524228530828,-0.0049576164966932236,-0.58050813981432947
542,0.34375,0.78125,-0.063271069316335554,-0.37130641183744445,-0.0035615191383516539,-0.41468888841559165
543,0.40625,0.71875,0.58345964161089148,0.14329913836977473,0.60440538206461447,0.27426620100557109
544,0.40625,0.78125,0.41765257618384349,0.10647145461415961,0.43176701162648001,0.19590916648865883
545,0.03125,0,-0.00019146463197319534,0.0010320323653268068,-7.1951978226046342e-06,-2.2614452774216896e-05
546,0,0.03125,-0.00075815475405324425,0.0010770035335108731,-1.4975980670118992e-05,-2.152068117494794e-05
547,0.96875,0,0.026347357859429429,-0.020979802024978358,8.4501294056948058e-05,-1.5343054403915816e-05
548,1,0.03125,0.040774858929037448,-0.015259170414063369,0.0001306345595119473,-6.762144797247092e-06
549,1,0.96875,0.040774858929037754,-0.0152591704140638,0.00013063455951091597,-6.762144802839993e-06
550,0.96875,1,0.026347357859429647,-0.020979802024978737,8.450129405560339e-05,-1.534305440842815e-05
551,0,0.96875,-0.00075815475405322799,0.0010770035335112827,-1.497598066921826e-05,-2.1520681173171363e-05
552,0.03125,1,-0.00019146463197314016,0.001032032365327235,-7.195197821357219e-06,-2.2614452771160453e-05
553,0.5,0.46875,-0.89673884939239701,-0.013369059308278535,-0.99536042782665202,-0.29826115358987731
554,0.46875,0.5,-0.50739903495210503,0.72202598540436458,-0.78796755212078062,0.67735094012430697
555,0.53125,0.5,-0.51486942405996683,-0.73266492989022114,-0.28566914820044148,-0.99904552604510932
556,0.5,0.53125,-0.89673884939239734,-0.013369059308278166,-0.9953604278266508,-0.2982611535898968
557,0.46875,0,-0.010379962947392541,0.0018332313066242428,0.0010055946846602439,-0.00085181345420090029
558,0.53125,0,0.0036978332706632628,-0.014624433883916254,0.000361311913722306,0.0012591324533234901
559,0.5,0.03125,-0.026211080525173971,-0.0073025803834580834,-0.013598995774481674,-0.0040505943483808548
560,0,0.46875,0.0064313432321510726,0.0061719693707362137,-0.00084958884303395663,-0.0012908141004783057
561,0,0.53125,0.0064313432321512955,0.0061719693707361382,-0.00084958884303216607,-0.0012908141004792676
562,0.03125,0.5,0.013262403788967002,0.0098026821778535254,0.0098780182651984454,0.011009395683122907
563,1,0.46875,-0.037697669070180358,-0.49243302602749139,-0.00062431850501873875,-0.0010866669938913256
564,1,0.53125,-0.037697669070180073,-0.49243302602749134,-0.00062431850501882419,-0.0010866669938935907
565,0.96875,0.5,-0.43840042553064845,-0.255508218653615,0.013323608229840739,-0.0053736898491958118
566,0.53125,1,0.003697833270664079,-0.014624433883916495,0.00036131191371988568,0.0012591324533201126
567,0.46875,1,-0.010379962947392657,0.0018332313066241812,0.0010055946846567268,-0.00085181345419984742
568,0.5,0.96875,-0.026211080525173975,-0.0073025803834585049,-0.013598995774485399,-0.0040505943483795217
569,0.25,0.21875,-0.0083494516288097533,0.2386257244562478,-0.036232433412577196,0.2726829623417682
570,0.21875,0.25,0.19631364987154212,0.14875594086815774,0.21045239963966769,0.177186983591927
571,0.28125,0.25,-0.28606003204192404,0.16433795606067769,-0.3489348101365361,0.16265440692039954
572,0.25,0.28125,-0.011968472159467154,0.33244087232312614,-0.050717915157950225,0.38166552598124137
573,0.75,0.21875,-0.10735439967718947,-0.25304658129207752,0.11932997997440735,-0.24784304112463948
574,0.78125,0.25,0.11825698578902574,-0.25934554616814709,0.27310866902303343,-0.032818511090480486
575,0.71875,0.25,-0.34005291394003823,-0.10549924911234344,-0.20229672846042038,-0.32751350336792029
576,0.75,0.28125,-0.15643514424149846,-0.33166300767608831,0.16700499050001197,-0.3468415592431271
577,0.78125,0.75,0.11825698578902512,-0.25934554616814764,0.27310866902303399,-0.032818511090467108
578,0.75,0.78125,-0.10735439967719025,-0.25304658129207802,0.11932997997441269,-0.24784304112462388
579,0.75,0.71875,-0.15643514424149885,-0.33166300767608858,0.16700499050002632,-0.34684155924311988
580,0.71875,0.75,-0.34005291394003889,-0.10549924911234361,-0.20229672846040303,-0.32751350336792073
581,0.21875,0.75,0.19631364987154279,0.1487559408681576,0.21045239963966589,0.17718698359192778
582,0.25,0.78125,-0.0083494516288091167,0.2386257244562473,-0.03623243341257628,0.27268296234176792
583,0.25,0.71875,-0.01196847215946761,0.33244087232312647,-0.050717915157952591,0.38166552598124692
584,0.28125,0.75,-0.28606003204192554,0.16433795606067708,-0.34893481013653538,0.16265440692039784
585,0.21875,0,-0.00052160943146362451,0.003284083254604209,-0.00046197260813246225,-0.0004318560064456487
586,0.28125,0,-0.0028058766466546236,-0.00074905230343090155,0.00081096927376032922,-0.00034313059653779185
587,0.25,0.03125,-0.0013420152453931216,0.011668802009173926,-0.0010207016228050273,0.0079008922666034785
588,0,0.21875,0.0024154637307799254,0.0066817165486843643,-0.00040627928533893483,-0.00061200913363679841
589,0,0.28125,0.0041494881832471013,0.007356143910547305,-0.00056581918223160552,-0.00085355125501358428
590,0.03125,0.25,0.01045069765978433,0.0080416296472340613,0.0055487015342284259,0.0061922204926326465
591,0.78125,0,0.025173291709723933,-0.0017179404015006893,-0.00054508057003092403,9.8789342261801426e-05
592,0.71875,0,-0.0071319178400484932,-0.021994025794459037,0.00045442832161136779,0.00068154264673765457
593,0.75,0.03125,-0.0010200734177958643,-0.038343516492423992,0.0034705824856754389,-0.0072589900292190455
594,1,0.21875,0.028432858477879023,-0.22672957387642326,-0.00016258225092838564,-0.0004658089717134938
595,1,0.28125,0.0037486651943206958,-0.3104284603769768,-0.000345717757533122,-0.00066542222108124873
596,0.96875,0.25,-0.21597279996235691,-0.16695158585236428,0.0075892593604727368,-0.0030644606925440774
597,1,0.78125,0.028432858477878367,-0.22672957387642334,-0.00016258225093500201,-0.00046580897170370471
598,1,0.71875,0.0037486651943208029,-0.31042846037697674,-0.00034571775752983118,-0.00066542222107125151
599,0.96875,0.75,-0.21597279996235694,-0.16695158585236386,0.0075892593604819066,-0.0030644606925348868
600,0.78125,1,0.025173291709724203,-0.0017179404015003029,-0.00054508057002942989,9.8789342265254528e-05
601,0.71875,1,-0.0071319178400483223,-0.021994025794459356,0.00045442832161193358,0.0006815426467373987
602,0.75,0.96875,-0.001020073417795656,-0.0383435164924242,0.0034705824856767829,-0.0072589900292195225
603,0,0.78125,0.0024154637307801687,0.0066817165486846384,-0.00040627928534449522,-0.00061200913362992944
604,0,0.71875,0.0041494881832475246,0.0073561439105477768,-0.0005658191822290841,-0.0008535512550037819
605,0.03125,0.75,0.010450697659784774,0.0080416296472339832,0.0055487015342358791,0.0061922204926400017
606,0.21875,1,-0.00052160943146338545,0.0032840832546036434,-0.00046197260813370404,-0.00043185600645117417
607,0.28125,1,-0.0028058766466546913,-0.00074905230343188785,0.00081096927375313402,-0.00034313059653834105
608,0.25,0.96875,-0.0013420152453937422,0.011668802009173541,-0.00102070162281238,0.0079008922666052098
609,0.5,0.28125,-0.58976992163949871,-0.012483197192315098,-0.65575417770255795,-0.19648823584043751
610,0.5,0.21875,-0.42443003786402655,-0.014056389520296059,-0.46851391394011904,-0.14038001509159148
611,0.46875,0.25,-0.28733975628417296,0.40783030740369247,-0.44306940105316028,0.38087809240574166
612,0.53125,0.25,-0.28597595633554979,-0.42131487713322974,-0.16062699189849169,-0.56175684173414653
613,0.28125,0.5,-0.51320108256760766,0.29433901029496268,-0.62057068272306692,0.28925070086007942
614,0.21875,0.5,0.34883761631616811,0.25663221623253862,0.37428742059396281,0.31513110931574123
615,0.25,0.46875,-0.021862498676359712,0.50049920712146734,-0.076982950677062151,0.57932163934712411
616,0.25,0.53125,-0.021862498676359705,0.500499207121467,-0.07698295067706476,0.57932163934711745
617,0.71875,0.5,-0.60253699837894936,-0.15826194931611878,-0.35974846355862056,-0.58241722632197523
618,0.78125,0.5,0.17568108152306144,-0.46052659768428428,0.48561154255611405,-0.058352507800052286
619,0.75,0.46875,-0.25486701749869622,-0.48830422101010101,0.25346060519758135,-0.52643423300595404
620,0.75,0.53125,-0.25486701749869528,-0.48830422101010179,0.25346060519758867,-0.52643423300595238
621,0.5,0.71875,-0.58976992163949915,-0.012483197192315209,-0.65575417770255306,-0.19648823584043074
622,0.5,0.78125,-0.42443003786402833,-0.014056389520296295,-0.46851391394011604,-0.14038001509158055
623,0.53125,0.75,-0.28597595633555023,-0.42131487713323046,-0.160626991898486,-0.56175684173414331
624,0.46875,0.75,-0.28733975628417402,0.40783030740369297,-0.44306940105315545,0.38087809240574461
625,0.125,0.09375,-0.015322559906310949,-0.017854248619433924,-0.015619100758209827,-0.016834862990738473
626,0.09375,0.125,-0.019665547814279597,-0.00094189799577946217,-0.02258940040634376,0.0043625081418706335
627,0.15625,0.125,0.0093796981206080727,-0.046942928913439548,0.01431278698470512,-0.05365244417524128
628,0.125,0.15625,-0.03571461490724348,-0.039638166570055929,-0.037773899927941737,-0.04075437870420822
629,0.875,0.09375,-0.0049074421733784762,0.087968351129630071,-0.022343477824675429,0.0057649800101826128
630,0.90625,0.125,-0.08500368198132259,0.076635741785113676,-0.01682065946438089,-0.01583143393179683
631,0.84375,0.125,0.093227981161271192,0.078706486937080544,-0.017260582458612166,0.052873013048287426
632,0.875,0.15625,0.020646551688329049,0.14557915993450643,-0.053911310250384689,0.01375579015310543
633,0.90625,0.875,-0.085003681981322715,0.076635741785114675,-0.016820659464374384,-0.01583143393179124
634,0.875,0.90625,-0.0049074421733781969,0.087968351129630598,-0.022343477824665059,0.0057649800101832009
635,0.875,0.84375,0.020646551688329857,0.14557915993450693,-0.05391131025037816,0.013755790153098701
636,0.84375,0.875,0.093227981161272053,0.07870648693708035,-0.017260582458607909,0.052873013048276706
637,0.09375,0.875,-0.019665547814280097,-0.00094189799577992176,-0.022589400406346851,0.0043625081418723361
638,0.125,0.90625,-0.015322559906311683,-0.017854248619434448,-0.015619100758213041,-0.016834862990743972
639,0.125,0.84375,-0.035714614907244237,-0.039638166570055824,-0.037773899927941744,-0.040754378704204806
640,0.15625,0.875,0.0093796981206074569,-0.046942928913439215,0.014312786984701717,-0.053652444175240246
641,0.40625,0.375,0.72397701791428171,0.17943686940135836,0.77916626041897996,0.35643370554383852
642,0.375,0.40625,0.54529199910999371,-0.49052768752912168,0.7202702168216929,-0.46408111453631745
643,0.375,0.34375,0.47587101980142066,-0.42952997482530986,0.62993870262894358,-0.40588365290908268
644,0.34375,0.375,-0.10251868831001303,-0.63919442010322469,-0.0023483664301972044,-0.74939838941106707
645,0.59375,0.375,0.70841601813057697,-0.18555815379781171,0.8467559942258529,0.13065497888829633
646,0.625,0.40625,0.58305674755743053,0.45942788909612853,0.34656170072657505,0.78356264867189362
647,0.625,0.34375,0.50809203054279073,0.40416531557066088,0.30309751999924206,0.68529417653241753
648,0.65625,0.375,-0.011358538752157057,0.64007589133419907,-0.41375336921619094,0.62473515734721674
649,0.625,0.59375,0.58305674755742964,0.45942788909612953,0.34656170072657488,0.78356264867192349
650,0.59375,0.625,0.70841601813057642,-0.18555815379781107,0.846755994225875,0.13065497888831887
651,0.65625,0.625,-0.011358538752158137,0.64007589133419929,-0.41375336921620304,0.62473515734722995
652,0.625,0.65625,0.50809203054279006,0.40416531557066115,0.30309751999923801,0.68529417653242963
653,0.375,0.59375,0.54529199910999482,-0.49052768752912201,0.72027021682168113,-0.46408111453628426
654,0.40625,0.625,0.72397701791428393,0.17943686940135836,0.77916626041898285,0.35643370554385434
655,0.34375,0.625,-0.10251868831001205,-0.63919442010322469,-0.0023483664302039013,-0.74939838941106152
656,0.375,0.65625,0.47587101980142194,-0.42952997482530964,0.6299387026289488,-0.40588365290909306
657,0.375,0.09375,0.074545323527703711,-0.062406474388845876,0.088773591006665001,-0.057225921410166969
658,0.40625,0.125,0.16292295726649547,0.048651851580063667,0.16917275633095166,0.077369885229738353
659,0.34375,0.125,-0.020587610768198362,-0.14643025363020012,-0.00052376868871740643,-0.16270047039180863
660,0.375,0.15625,0.16678283412394146,-0.14598498486429093,0.21479832526392789,-0.13841587359942345
661,0.625,0.09375,0.086928832746235876,0.082498219600247072,0.042768145200810188,0.096621760747313143
662,0.59375,0.125,0.17556355710595586,-0.035152124614508423,0.1838833108451236,0.028347443369074653
663,0.65625,0.125,-0.013660677319458019,0.16664919814313617,-0.089842346827105804,0.1357066321496288
664,0.625,0.15625,0.18115339184283283,0.16140534926436217,0.10338378138584042,0.23371506372821649
665,0.09375,0.375,-0.096452622095136192,0.0047266874793937411,-0.10406934635564702,0.020034713659994621
666,0.125,0.40625,-0.11615397153768253,-0.12195945796310155,-0.12665893581973506,-0.1366859890285772
667,0.125,0.34375,-0.10240623095253906,-0.10802065610213925,-0.11077182488186323,-0.11954337887476713
668,0.15625,0.375,0.050760060239247451,-0.20956419516788294,0.06597839071588335,-0.24711302534365454
669,0.09375,0.625,-0.096452622095136803,0.0047266874793935945,-0.10406934635565292,0.020034713659990225
670,0.125,0.59375,-0.11615397153768287,-0.12195945796310127,-0.12665893581974025,-0.13668598902856954
671,0.125,0.65625,-0.10240623095253969,-0.10802065610213914,-0.1107718248818735,-0.11954337887476889
672,0.15625,0.625,0.050760060239247548,-0.20956419516788244,0.065978390715881852,-0.24711302534364507
673,0.90625,0.375,-0.15563280438704252,0.36272757696092939,-0.076745815777016071,-0.072766339204276539
674,0.875,0.40625,0.17621153861561115,0.37008192039286969,-0.18038732242091604,0.045826011916933369
675,0.875,0.34375,0.14632216478889348,0.32253544808573997,-0.15778330997144099,0.040076352490896507
676,0.84375,0.375,0.37162157461950152,0.14101325912420229,-0.079585401368511263,0.24288610820712989
677,0.90625,0.625,-0.15563280438704358,0.36272757696092889,-0.076745815777029561,-0.072766339204279773
678,0.875,0.59375,0.17621153861561087,0.37008192039287019,-0.18038732242092367,0.045826011916944694
679,0.875,0.65625,0.14632216478889259,0.32253544808573981,-0.15778330997145451,0.040076352490893752
680,0.84375,0.625,0.37162157461950113,0.14101325912420301,-0.079585401368517369,0.24288610820713477
681,0.625,0.90625,0.086928832746235793,0.082498219600247363,0.042768145200809515,0.09662176074731374
682,0.59375,0.875,0.17556355710595622,-0.035152124614508604,0.18388331084512496,0.028347443369074892
683,0.65625,0.875,-0.01366067731945836,0.16664919814313744,-0.089842346827104083,0.13570663214962977
684,0.625,0.84375,0.18115339184283369,0.16140534926436317,0.10338378138584238,0.23371506372821466
685,0.375,0.90625,0.074545323527704058,-0.062406474388845445,0.088773591006676825,-0.057225921410173353
686,0.40625,0.875,0.16292295726649678,0.048651851580064576,0.16917275633095269,0.077369885229727875
687,0.34375,0.875,-0.020587610768197998,-0.14643025363020024,-0.00052376868871140494,-0.16270047039181917
688,0.375,0.84375,0.16678283412394287,-0.14598498486429154,0.21479832526392059,-0.13841587359943269
689,0.09375,0,0.00067328023775996564,-0.00028643910696865186,0.0001583016408104994,-7.6557648079893179e-06
690,0.15625,0,0.00033969672029763979,-0.0017549309633978481,-0.00012560476490143112,0.00035637609515220804
691,0.125,0.03125,-0.0023356282774808896,-0.0040724018825934851,-0.0018550529846301136,-0.0019683865919437092
692,0,0.09375,-0.00019464172072129532,0.0030641598734785472,-0.00010212707858852721,-0.0001538621730756558
693,0,0.15625,0.00082326821408641271,0.0050974759535178573,-0.00024298838652745173,-0.00036612327235833266
694,0.03125,0.125,0.0044345097353106757,0.0044218635071449457,0.0018828515653654639,0.0020972929303525283
695,0.90625,0,-0.025496010680383218,-0.018156823179523131,6.1921866616698859e-05,2.2285020903444317e-05
696,0.84375,0,-0.008141676176594977,0.02907748254742698,5.6889454842505569e-05,-0.00028534773985902786
697,0.875,0.03125,-0.020708764653805691,0.034512275184789228,-0.0027137178035271424,0.00073177584985683935
698,1,0.09375,0.052480305002320836,-0.078621822450018641,0.00012684049964917072,-0.00014203838599726639
699,1,0.15625,0.047728995947137878,-0.14804263167060855,1.3105611580351692e-05,-0.00028848536957772346
700,0.96875,0.125,-0.063202275603702812,-0.10724718564053867,0.0026569199524309065,-0.0011843717264204789
701,1,0.90625,0.052480305002320544,-0.078621822450019585,0.00012684049964122433,-0.00014203838600308408
702,1,0.84375,0.047728995947136962,-0.14804263167060921,1.3105611568869161e-05,-0.0002884853695772134
703,0.96875,0.875,-0.063202275603703936,-0.10724718564053873,0.0026569199524215156,-0.0011843717264142224
704,0.90625,1,-0.025496010680383492,-0.018156823179523374,6.1921866611585653e-05,2.2285020905016939e-05
705,0.84375,1,-0.0081416761765951227,0.029077482547427369,5.6889454841776565e-05,-0.00028534773985254585
706,0.875,0.96875,-0.020708764653805865,0.034512275184789554,-0.0027137178035247546,0.00073177584986354233
707,0,0.90625,-0.00019464172072093647,0.0030641598734788699,-0.00010212707858935909,-0.0001538621730781637
708,0,0.84375,0.00082326821408670035,0.0050974759535180238,-0.00024298838653485721,-0.00036612327235926138
709,0.03125,0.875,0.0044345097353110947,0.0044218635071447609,0.0018828515653598395,0.0020972929303534819
710,0.09375,1,0.00067328023776053929,-0.00028643910696850452,0.00015830164081695114,-7.655764804972422e-06
711,0.15625,1,0.0003396967202981949,-0.0017549309633982612,-0.00012560476489476509,0.00035637609514981467
712,0.125,0.96875,-0.002335628277480625,-0.0040724018825941391,-0.0018550529846240512,-0.0019683865919496507
713,0.5,0.40625,-0.84053922885870203,-0.012287973700513754,-0.93386444451556749,-0.27983078903718756
714,0.5,0.34375,-0.73426558262587527,-0.011581125864122604,-0.81674596919926534,-0.24473205739059745
715,0.46875,0.375,-0.44534224649159881,0.63686451370380182,-0.69251696193966172,0.5953028976256467
716,0.53125,0.375,-0.45104050587589517,-0.64568211020612498,-0.25106164824372784,-0.87802229438593504
717,0.40625,0.5,0.82529947716914298,0.2021819682426613,0.88656568293835891,0.405567645074844
718,0.34375,0.5,-0.11593225473874835,-0.72450407854496213,-0.0026751220849927579,-0.85269080800472519
719,0.375,0.46875,0.58209231416550811,-0.52244468533056432,0.76770098961687305,-0.49463886805203811
720,0.375,0.53125,0.582092314165508,-0.52244468533056454,0.76770098961685596,-0.49463886805201535
721,0.59375,0.5,0.80677081959242625,-0.21007578738964422,0.96346522926333122,0.14867072975762635
722,0.65625,0.5,-0.010839814001371035,0.72841134292962317,-0.47077819258670994,0.71084239496547441
723,0.625,0.46875,0.62243410457121129,0.49008912380340036,0.36938322111852007,0.83516298678524969
724,0.625,0.53125,0.62243410457121118,0.49008912380340114,0.3693832211185259,0.83516298678525736
725,0.5,0.59375,-0.84053922885870314,-0.012287973700513962,-0.93386444451558581,-0.27983078903721703
726,0.5,0.65625,-0.73426558262587538,-0.011581125864123227,-0.81674596919926912,-0.24473205739060905
727,0.53125,0.625,-0.45104050587589534,-0.64568211020612543,-0.25106164824372473,-0.87802229438593604
728,0.46875,0.625,-0.44534224649159865,0.63686451370380115,-0.69251696193967516,0.59530289762563393
729,0.40625,0,0.0029202976934921249,0.0078140190260412631,-0.0011235304315909207,-0.00053572020113057297
730,0.34375,0,0.0042538474381889008,-0.0056036512076421564,-2.2434816235533748e-05,0.0010929297269296661
731,0.375,0.03125,0.015827027733783812,-0.010155745456995826,0.010457088248085861,-0.0067713619752434269
732,0.59375,0,0.013028486028734765,0.0089764190618364798,-0.001202427982027227,-0.00017507071498639267
733,0.65625,0,-0.015527364105425136,0.013730461845773206,0.00055881681078501417,-0.00088395867725214598
734,0.625,0.03125,0.019836631117002537,0.028422801328072591,0.005072390847924063,0.011423507389802618
735,0.5,0.09375,-0.11888674088269824,-0.010101779550664715,-0.11513824566234468,-0.034474317136492329
736,0.5,0.15625,-0.25981206157123626,-0.013644408191868065,-0.27852113615392154,-0.083442845851365965
737,0.46875,0.125,-0.10745543620603565,0.14453851970707737,-0.15035180231485917,0.12927059548765613
738,0.53125,0.125,-0.10056419783201223,-0.16098049900615377,-0.054530622453693417,-0.19064778876415756
739,0,0.40625,0.0062048780668810385,0.0065866325595852118,-0.00079883529448640728,-0.0012116669025264803
740,0,0.34375,0.0054928059999473401,0.0071582606188877644,-0.00070137670200331168,-0.0010608979763938487
741,0.03125,0.375,0.013148025840217108,0.009314025438056513,0.0086788283709289815,0.0096774559033530015
742,0,0.59375,0.0062048780668813464,0.0065866325595851354,-0.00079883529448174088,-0.0012116669025263019
743,0,0.65625,0.0054928059999477521,0.0071582606188878781,-0.00070137670199713769,-0.0010608979763881135
744,0.03125,0.625,0.013148025840217297,0.0093140254380561539,0.0086788283709344598,0.0096774559033493864
745,0.09375,0.5,-0.11023828482954164,0.007367726527786213,-0.11841722001353079,0.022792859466986833
746,0.15625,0.5,0.059957031896664438,-0.23829606996063529,0.075072331788917465,-0.28117008313384112
747,0.125,0.46875,-0.12309389246227129,-0.1291183380421079,-0.13500131309493846,-0.14568677545736314
748,0.125,0.53125,-0.12309389246227148,-0.12911833804210784,-0.13500131309493887,-0.14568677545735931
749,1,0.40625,-0.0320212812902545,-0.45555221452586486,-0.00058381013317083496,-0.0010062097995826465
750,1,0.34375,-0.018113676822172683,-0.39059395379283246,-0.00049240046387928876,-0.00085724331015019485
751,0.96875,0.375,-0.3724073919708743,-0.22332103914718276,0.01173222988242504,-0.0047122556391691476
752,1,0.59375,-0.032021281290253972,-0.45555221452586503,-0.00058381013316803078,-0.0010062097995874101
753,1,0.65625,-0.018113676822172436,-0.3905939537928329,-0.0004924004638721829,-0.00085724331014930093
754,0.96875,0.625,-0.37240739197087458,-0.22332103914718343,0.011732229882425586,-0.0047122556391766086
755,0.90625,0.5,-0.17673756658936068,0.42178683137923084,-0.087322506978583472,-0.082781987421700107
756,0.84375,0.5,0.43140216100483508,0.15721520525962232,-0.090543724273512718,0.27636379749274453
757,0.875,0.46875,0.19143744424269277,0.39645113099496621,-0.19226047391965778,0.048848375742107396
758,0.875,0.53125,0.19143744424269329,0.39645113099496665,-0.19226047391965617,0.048848375742115882
759,0.59375,1,0.013028486028735709,0.0089764190618366446,-0.0012024279820272059,-0.00017507071498945175
760,0.65625,1,-0.015527364105425179,0.013730461845773048,0.00055881681078592338,-0.00088395867725365508
761,0.625,0.96875,0.019836631117002724,0.028422801328072369,0.0050723908479230811,0.011423507389800639
762,0.40625,1,0.0029202976934919887,0.0078140190260412561,-0.0011235304315942523,-0.0005357202011243747
763,0.34375,1,0.0042538474381889459,-0.0056036512076431434,-2.2434816240857963e-05,0.0010929297269355541
764,0.375,0.96875,0.015827027733783462,-0.010155745456996075,0.010457088248090288,-0.0067713619752356249
765,0.5,0.90625,-0.11888674088269924,-0.010101779550664958,-0.11513824566234485,-0.034474317136489761
766,0.5,0.84375,-0.25981206157123771,-0.013644408191867834,-0.27852113615392032,-0.083442845851364134
767,0.53125,0.875,-0.10056419783201322,-0.16098049900615446,-0.054530622453690669,-0.19064778876415561
768,0.46875,0.875,-0.10745543620603622,0.1445385197070784,-0.15035180231486014,0.1292705954876531
769,0.25,0.15625,-0.0052902945370680654,0.14334153280123541,-0.021530558024716852,0.16209499133118943
770,0.25,0.09375,-0.0027386733074191375,0.062185755364691918,-0.0088841447598812361,0.066996758666717643
771,0.21875,0.125,0.067381223639471008,0.053868877802050914,0.071420238974160291,0.060112897611480177
772,0.28125,0.125,-0.099558036386228246,0.054403278917495648,-0.11839904441558163,0.055208342395481516
773,0.15625,0.25,0.030048443656282436,-0.13514730473173092,0.042210979642025401,-0.15810495050490847
774,0.09375,0.25,-0.060222195370589919,0.00074977611151950875,-0.066578462754599069,0.012825039024341196
775,0.125,0.21875,-0.059491384083298231,-0.064557667298240695,-0.063540026139968814,-0.068568463767874982
776,0.125,0.28125,-0.082792686866178924,-0.088306876721571267,-0.088934999779801155,-0.095977848871549656
777,0.34375,0.25,-0.065478676283940579,-0.41207933554378795,-0.0015030250086532973,-0.47945908772743717
778,0.40625,0.25,0.46271561526160376,0.11886910259900138,0.49850375990894974,0.2280352119102112
779,0.375,0.28125,0.3818571571110721,-0.34483634036258287,0.50576693484792312,-0.32588236942210419
780,0.375,0.21875,0.27435104913601122,-0.24563624000842404,0.36134631312661797,-0.23283354450693056
781,0.25,0.34375,-0.015942229380695814,0.41239196129777156,-0.063170030072137034,0.47536662100509641
782,0.25,0.40625,-0.019593960194515165,0.4701721282343812,-0.072227378818888369,0.54353068129690996
783,0.28125,0.375,-0.44925882134215506,0.25788146738516105,-0.54539374730631851,0.2542160688761646
784,0.21875,0.375,0.30686788694178585,0.22765071782888474,0.32894342114829583,0.27695481317747622
785,0.75,0.15625,-0.063998952143610247,-0.17283552791810064,0.070935916256685036,-0.14739045496206143
786,0.75,0.09375,-0.029529189732945653,-0.097366155727426074,0.029309965961348848,-0.060990879966462359
787,0.78125,0.125,0.066697138424991392,-0.10882547910911816,0.09275850558009463,-0.011199530857000938
788,0.71875,0.125,-0.13943518538293648,-0.056583391197372844,-0.068715370350067612,-0.11117989761159469
789,0.84375,0.25,0.23181705894229465,0.1135315348997018,-0.050940116930493488,0.15545590317626259
790,0.90625,0.25,-0.12270439636031234,0.21906617088076025,-0.049161770141966252,-0.046599139768139994
791,0.875,0.21875,0.058979434529118982,0.20439246576720754,-0.090590790745581143,0.023032285708589832
792,0.875,0.28125,0.1045236084061999,0.26423262882228815,-0.12672049979079947,0.032187427177850149
793,0.65625,0.25,-0.016719382311129575,0.41884681725562767,-0.26473421180350948,0.39972081283383132
794,0.59375,0.25,0.45777047272385574,-0.1124139544366014,0.54176178873746983,0.083590126674185125
795,0.625,0.28125,0.40632397450354063,0.33153651196383299,0.24335285307776069,0.55021955101406916
796,0.625,0.21875,0.2919788648842872,0.24802548819301154,0.17387410841648834,0.39312472961479228
797,0.75,0.34375,-0.2031747040938138,-0.40247133353506942,0.20798841371926532,-0.43197105049166051
798,0.75,0.40625,-0.23773052526372498,-0.4575895995744006,0.23780357676030764,-0.49390903612979409
799,0.71875,0.375,-0.52728511861206417,-0.14080344925767641,-0.31616982043186426,-0.51186237655096634
800,0.78125,0.375,0.15568692177251517,-0.40130610510677533,0.42679293444470762,-0.051283144614697802
801,0.84375,0.75,0.23181705894229507,0.11353153489970146,-0.050940116930501426,0.15545590317626018
802,0.90625,0.75,-0.12270439636031154,0.2190661708807605,-0.049161770141955233,-0.046599139768147384
803,0.875,0.78125,0.058979434529120002,0.20439246576720779,-0.090590790745579547,0.023032285708581141
804,0.875,0.71875,0.10452360840620024,0.2642326288222881,-0.12672049979080477,0.03218742717784235
805,0.75,0.84375,-0.063998952143610927,-0.17283552791810117,0.070935916256676362,-0.14739045496205672
806,0.75,0.90625,-0.029529189732945871,-0.097366155727426629,0.029309965961344706,-0.060990879966465537
807,0.78125,0.875,0.066697138424991587,-0.10882547910911911,0.092758505580087428,-0.011199530857007244
808,0.71875,0.875,-0.13943518538293739,-0.056583391197372615,-0.06871537035007115,-0.11117989761158896
809,0.75,0.65625,-0.20317470409381336,-0.40247133353506914,0.20798841371927079,-0.43197105049166057
810,0.75,0.59375,-0.23773052526372443,-0.45758959957440126,0.23780357676030819,-0.4939090361298144
811,0.71875,0.625,-0.52728511861206395,-0.14080344925767677,-0.31616982043187386,-0.51186237655098143
812,0.78125,0.625,0.15568692177251578,-0.40130610510677467,0.42679293444471328,-0.051283144614700245
813,0.65625,0.75,-0.016719382311128982,0.418846817255628,-0.26473421180351747,0.39972081283382532
814,0.59375,0.75,0.45777047272385668,-0.11241395443660225,0.54176178873745451,0.083590126674173579
815,0.625,0.71875,0.40632397450354113,0.33153651196383266,0.24335285307775276,0.55021955101406161
816,0.625,0.78125,0.29197886488428876,0.24802548819301182,0.17387410841648107,0.39312472961477957
817,0.15625,0.75,0.030048443656282255,-0.13514730473173103,0.042210979642019954,-0.15810495050491657
818,0.09375,0.75,-0.060222195370590273,0.00074977611151909914,-0.066578462754591783,0.012825039024333127
819,0.125,0.78125,-0.059491384083298751,-0.064557667298240723,-0.06354002613996422,-0.068568463767879187
820,0.125,0.71875,-0.082792686866179563,-0.08830687672157167,-0.088934999779806817,-0.095977848871560717
821,0.25,0.84375,-0.0052902945370667948,0.14334153280123615,-0.02153055802471069,0.1620949913311909
822,0.25,0.90625,-0.0027386733074196219,0.062185755364692959,-0.0088841447598828199,0.066996758666724596
823,0.21875,0.875,0.067381223639471619,0.053868877802052191,0.071420238974158681,0.060112897611485527
824,0.28125,0.875,-0.099558036386228149,0.054403278917496488,-0.1183990444155774,0.055208342395484
825,0.25,0.65625,-0.015942229380695346,0.41239196129777278,-0.063170030072134176,0.47536662100510718
826,0.25,0.59375,-0.019593960194514454,0.47017212823438059,-0.072227378818870938,0.54353068129689386
827,0.28125,0.625,-0.44925882134215439,0.25788146738516171,-0.54539374730631496,0.25421606887615522
828,0.21875,0.625,0.30686788694178679,0.22765071782888532,0.32894342114830766,0.27695481317748544
829,0.34375,0.75,-0.065478676283942133,-0.41207933554378867,-0.0015030250086543538,-0.47945908772742141
830,0.40625,0.75,0.46271561526160471,0.11886910259900203,0.49850375990895734,0.22803521191021592
831,0.375,0.71875,0.38185715711107249,-0.34483634036258265,0.50576693484792512,-0.32588236942210469
832,0.375,0.78125,0.27435104913601166,-0.24563624000842518,0.36134631312661025,-0.23283354450692434
833,0.0625,0.03125,0.00092599696168513149,0.0011019963237511722,-0.00025397760083580056,0.00072759052199707498
834,0.03125,0.0625,0.0017532438198618484,0.0022514964658291335,0.0005353694778806315,0.00058840126694140378
835,0.09375,0.0625,-0.005333424834964697,-0.001081268569695889,-0.0063895498408192445,0.0012475108708326515
836,0.0625,0.09375,-8.8551295479898646e-05,0.004562163247350281,-0.00225768622154921,0.0061475542718506387
837,0.9375,0.03125,-0.028192596716026537,-0.034759326805916056,0.00012065416661917195,-0.00087378373399873716
838,0.96875,0.0625,-0.011335522287411644,-0.067209626024089003,0.00080995011090517267,-0.00043958285791024859
839,0.90625,0.0625,-0.056556845544028143,0.023395312379772115,-0.0048633774721587144,-0.004493742712278162
840,0.9375,0.09375,-0.087382803521717886,-0.028789177319056222,0.0012100218995574599,-0.0065479595216256523
841,0.96875,0.9375,-0.011335522287412223,-0.067209626024089544,0.00080995011089678062,-0.00043958285791052771
842,0.9375,0.96875,-0.028192596716026978,-0.034759326805916375,0.00012065416661319525,-0.00087378373399670515
843,0.9375,0.90625,-0.087382803521718816,-0.028789177319055875,0.0012100218995531814,-0.0065479595216171816
844,0.90625,0.9375,-0.056556845544028622,0.023395312379772448,-0.0048633774721579433,-0.0044937427122707782
845,0.03125,0.9375,0.001753243819862408,0.0022514964658292111,0.0005353694778822925,0.00058840126693990974
846,0.0625,0.96875,0.00092599696168572552,0.0011019963237511685,-0.0002539776008303184,0.00072759052199645048
847,0.0625,0.90625,-8.8551295479582099e-05,0.0045621632473497875,-0.0022576862215508016,0.0061475542718485649
848,0.09375,0.9375,-0.0053334248349645253,-0.0010812685696965417,-0.0063895498408160049,0.0012475108708265548
849,0.46875,0.4375,-0.49142064565440186,0.70051695811376757,-0.76352847282061431,0.65634347493314082
850,0.4375,0.46875,0.31607916687226512,0.80765346659928994,0.14098272649189053,0.99696310895512952
851,0.4375,0.40625,0.29631276863946149,0.7595389425206307,0.13227046433285122,0.93536816827638924
852,0.40625,0.4375,0.79928816462369623,0.19649794453438657,0.8590667400837626,0.39298732726285984
853,0.53125,0.4375,-0.4984748703566565,-0.71040724014391277,-0.27680811630109142,-0.9680585793933717
854,0.5625,0.46875,0.29188912159886521,-0.7989933315065828,0.66590696214480805,-0.75517183292272771
855,0.5625,0.40625,0.27418574962624148,-0.75091037463849608,0.62476734467436401,-0.70851793824871911
856,0.59375,0.4375,0.78153793241532288,-0.20427901665602127,0.93358294943014397,0.14405731538988609
857,0.5625,0.53125,0.2918891215988656,-0.79899333150658247,0.66590696214481404,-0.75517183292273693
858,0.53125,0.5625,-0.49847487035665666,-0.71040724014391221,-0.27680811630108954,-0.96805857939340745
859,0.59375,0.5625,0.78153793241532254,-0.20427901665602002,0.9335829494301553,0.14405731538990033
860,0.5625,0.59375,0.27418574962624137,-0.7509103746384953,0.62476734467437789,-0.70851793824871623
861,0.4375,0.53125,0.31607916687226462,0.80765346659929038,0.14098272649188504,0.99696310895513318
862,0.46875,0.5625,-0.49142064565440247,0.7005169581137678,-0.76352847282061931,0.6563434749331265
863,0.40625,0.5625,0.79928816462369645,0.19649794453438651,0.85906674008375827,0.39298732726289087
864,0.4375,0.59375,0.2963127686394621,0.75953894252063048,0.13227046433285383,0.93536816827639646
865,0.4375,0.03125,0.0037840753909046091,0.024848319907318596,0.0019475857608269832,0.013602828269964583
866,0.46875,0.0625,-0.039195916202574954,0.048295938780280261,-0.04255090021291353,0.036614149042611274
867,0.40625,0.0625,0.053116548686620885,0.019728133611889988,0.047895453408737222,0.021881407487299151
868,0.4375,0.09375,0.035915059557252861,0.10917962387843234,0.016325369765088801,0.11530526436898803
869,0.5625,0.03125,0.015876339595381345,-0.026280985430452108,0.0090883208319711278,-0.010337439321016176
870,0.53125,0.0625,-0.033742171263287872,-0.060676491049788048,-0.015460758632843285,-0.053975421367476267
871,0.59375,0.0625,0.06693118449107828,-0.0096074908743795928,0.052080892199826291,0.0080028055502575704
872,0.5625,0.09375,0.047033651712046751,-0.11059865594425912,0.077016546037280489,-0.087383763670462827
873,0.03125,0.4375,0.013287792605881943,0.0096531293190394336,0.0095708999877403157,0.010668454991204742
874,0.0625,0.46875,-0.021317389583431098,0.036941449192766124,-0.019586893082141225,0.053123787628049472
875,0.0625,0.40625,-0.019156716041985752,0.034214906789805981,-0.018376536758645246,0.04984359647115854
876,0.09375,0.4375,-0.10674000905851652,0.0066087280594348359,-0.11474346156072891,0.022086664929144365
877,0.03125,0.5625,0.013287792605882016,0.0096531293190391648,0.009570899987741098,0.010668454991200954
878,0.0625,0.53125,-0.021317389583431229,0.036941449192766006,-0.019586893082143592,0.053123787628047835
879,0.0625,0.59375,-0.019156716041986009,0.034214906789805627,-0.018376536758648331,0.049843596471153606
880,0.09375,0.5625,-0.10674000905851691,0.0066087280594347812,-0.11474346156073507,0.022086664929143591
881,0.96875,0.4375,-0.42129288418809213,-0.24634866961271537,0.0129150925220311,-0.0052022991989336079
882,0.9375,0.46875,-0.46384620553694511,0.15865593452733079,0.011058846843027567,-0.055212332186068476
883,0.9375,0.40625,-0.43013823628823122,0.14585098803538396,0.01038434872123682,-0.051802583298848993
884,0.90625,0.4375,-0.17072719734057756,0.40672423620067882,-0.084612990658240336,-0.080216791611431179
885,0.96875,0.5625,-0.42129288418809158,-0.24634866961271551,0.012915092522027367,-0.0052022991989368579
886,0.9375,0.53125,-0.46384620553694444,0.15865593452733082,0.011058846843023702,-0.055212332186065645
887,0.9375,0.59375,-0.43013823628823128,0.14585098803538349,0.010384348721228417,-0.051802583298850853
888,0.90625,0.5625,-0.17072719734057715,0.40672423620067905,-0.084612990658244069,-0.080216791611423491
889,0.5625,0.96875,0.015876339595382233,-0.026280985430452992,0.0090883208319672473,-0.010337439321017463
890,0.53125,0.9375,-0.033742171263288101,-0.060676491049789179,-0.015460758632847151,-0.053975421367473624
891,0.59375,0.9375,0.066931184491078696,-0.0096074908743803995,0.052080892199824098,0.0080028055502580232
892,0.5625,0.90625,0.047033651712046556,-0.1105986559442603,0.077016546037279435,-0.087383763670458775
893,0.4375,0.96875,0.0037840753909044187,0.024848319907318964,0.0019475857608286865,0.013602828269970004
894,0.46875,0.9375,-0.039195916202575391,0.048295938780280566,-0.042550900212912322,0.036614149042614057
895,0.40625,0.9375,0.053116548686620954,0.0197281336118907,0.047895453408746423,0.021881407487300459
896,0.4375,0.90625,0.035915059557253097,0.10917962387843337,0.016325369765092978,0.11530526436898554
897,0.21875,0.1875,0.1296392755843605,0.099804521212790334,0.13884708411546443,0.11689204924108638
898,0.1875,0.21875,0.14857191794700664,-0.046381252997509816,0.1731987060620743,-0.054399560553917835
899,0.1875,0.15625,0.088330613978064243,-0.026763074900582707,0.10295352138684434,-0.032345511105074873
900,0.15625,0.1875,0.019052779252286271,-0.089900772298367848,0.027844443434346406,-0.10431048539227622
901,0.3125,0.28125,-0.3998969543593538,-0.19497536546346766,-0.42673561561799128,-0.27105982963074521
902,0.28125,0.3125,-0.37627770513023823,0.21635828295524934,-0.45823676692919524,0.21359652979246618
903,0.34375,0.3125,-0.086428588077437474,-0.53892153877968729,-0.0019721495029977462,-0.62964311300338782
904,0.3125,0.34375,-0.49859235630137588,-0.24064257124011287,-0.53150524085861972,-0.337613482026419
905,0.28125,0.1875,-0.18944015868497216,0.1074886186680801,-0.23020518640055876,0.10731721377333882
906,0.3125,0.21875,-0.28578293840571711,-0.14162260993371237,-0.30488379332975074,-0.1936542483062528
907,0.3125,0.15625,-0.17104599473709714,-0.087973843812248695,-0.18124040874125996,-0.1151092482876592
908,0.34375,0.1875,-0.042210671322109358,-0.2745936761298815,-0.00099651976573792247,-0.31632212236329882
909,0.1875,0.28125,0.2089312253853737,-0.065738443711651162,0.2424243483147987,-0.076132931087122421
910,0.21875,0.3125,0.25788595202702708,0.19318689107551917,0.27637483248483879,0.23269408933799504
911,0.15625,0.3125,0.041088417057901887,-0.17649655167934139,0.055434743077159079,-0.20762638421086568
912,0.1875,0.34375,0.26160361164220186,-0.083000129241980691,0.3019449469120466,-0.094818142257409685
913,0.78125,0.1875,0.094472494017572531,-0.18056219169275176,0.18023264341453848,-0.021679569663810724
914,0.8125,0.21875,0.22027995975255665,-0.062334953722473462,0.11518405330865904,0.1403136521081467
915,0.8125,0.15625,0.15350940616562422,-0.02802042644635995,0.068536082538822193,0.083435524426665922
916,0.84375,0.1875,0.15788213717844929,0.099557601055318662,-0.033603552591050648,0.10263177017036181
917,0.6875,0.28125,-0.36148663787479474,0.25126061468028837,-0.50543831520841487,-0.007947249008092603
918,0.71875,0.3125,-0.44169423398355745,-0.1241599307475708,-0.26564731872250114,-0.43007436273913796
919,0.65625,0.3125,-0.013441782221041721,0.54073079995569484,-0.34764275076503687,0.52490658984382255
920,0.6875,0.34375,-0.4433387818978704,0.31551158316111988,-0.62950883363437016,-0.0098979530947790814
921,0.71875,0.1875,-0.23594947217251677,-0.083460536661460361,-0.13349654667260619,-0.2161047572558554
922,0.6875,0.21875,-0.27019113747283857,0.17868196769648831,-0.36114220690658605,-0.0056723613894250303
923,0.6875,0.15625,-0.17736834652411509,0.10957439375554197,-0.21472144074040977,-0.0033513118834820523
924,0.65625,0.1875,-0.017698529978708424,0.28878239703616626,-0.17466797083594085,0.26374802952663728
925,0.8125,0.28125,0.28803168736480816,-0.10253410571365722,0.16116441043005231,0.19635027782144213
926,0.78125,0.3125,0.13820897162313472,-0.3364162528954962,0.35860921277482993,-0.04308770010083933
927,0.84375,0.3125,0.30696107452355448,0.12654281281495589,-0.066881374896853724,0.20409100955043014
928,0.8125,0.34375,0.35090486070922966,-0.13881364652920955,0.20071163190279537,0.24452846440623485
929,0.8125,0.78125,0.2202799597525566,-0.06233495372247437,0.11518405330864658,0.14031365210814983
930,0.78125,0.8125,0.094472494017572101,-0.18056219169275287,0.18023264341452802,-0.021679569663805104
931,0.84375,0.8125,0.15788213717844998,0.099557601055318093,-0.033603552591056643,0.10263177017035216
932,0.8125,0.84375,0.1535094061656247,-0.028020426446361008,0.068536082538812396,0.083435524426657109
933,0.71875,0.6875,-0.44169423398355773,-0.12415993074757112,-0.26564731872249209,-0.43007436273915089
934,0.6875,0.71875,-0.36148663787479474,0.25126061468028815,-0.50543831520840221,-0.0079472490081088781
935,0.6875,0.65625,-0.44333878189787068,0.31551158316112005,-0.62950883363437549,-0.0098979530947890682
936,0.65625,0.6875,-0.013441782221041811,0.54073079995569484,-0.3476427507650382,0.52490658984381022
937,0.8125,0.71875,0.288031687364808,-0.10253410571365716,0.16116441043004567,0.19635027782145115
938,0.78125,0.6875,0.13820897162313489,-0.3364162528954957,0.35860921277483371,-0.043087700100833869
939,0.84375,0.6875,0.3069610745235542,0.12654281281495594,-0.066881374896864534,0.20409100955042922
940,0.8125,0.65625,0.3509048607092296,-0.13881364652920869,0.20071163190279115,0.24452846440623927
941,0.71875,0.8125,-0.23594947217251769,-0.083460536661459986,-0.13349654667260313,-0.21610475725584594
942,0.6875,0.78125,-0.27019113747283863,0.17868196769648914,-0.36114220690657822,-0.0056723613894269333
943,0.6875,0.84375,-0.17736834652411568,0.10957439375554325,-0.21472144074040864,-0.0033513118834754335
944,0.65625,0.8125,-0.017698529978707682,0.28878239703616759,-0.17466797083594035,0.26374802952663384
945,0.1875,0.78125,0.14857191794700761,-0.04638125299750967,0.17319870606207563,-0.054399560553919334
946,0.21875,0.8125,0.12963927558436222,0.099804521212790764,0.13884708411546889,0.11689204924108626
947,0.15625,0.8125,0.01905277925228634,-0.089900772298367404,0.027844443434349341,-0.10431048539227604
948,0.1875,0.84375,0.08833061397806502,-0.026763074900581805,0.10295352138684595,-0.032345511105070682
949,0.28125,0.6875,-0.37627770513023939,0.2163582829552502,-0.45823676692919191,0.2135965297924608
950,0.3125,0.71875,-0.39989695435935613,-0.19497536546346758,-0.42673561561799239,-0.27105982963075181
951,0.3125,0.65625,-0.49859235630137627,-0.24064257124011201,-0.53150524085862638,-0.33761348202642999
952,0.34375,0.6875,-0.086428588077438501,-0.53892153877968696,-0.0019721495029978984,-0.62964311300340114
953,0.1875,0.71875,0.20893122538537387,-0.06573844371165119,0.24242434831478901,-0.07613293108712102
954,0.21875,0.6875,0.25788595202702747,0.19318689107551981,0.27637483248483852,0.23269408933800556
955,0.15625,0.6875,0.041088417057901422,-0.17649655167934131,0.055434743077146922,-0.2076263842108679
956,0.1875,0.65625,0.26160361164220214,-0.083000129241980108,0.30194494691204532,-0.094818142257397084
957,0.28125,0.8125,-0.18944015868497174,0.10748861866807931,-0.23020518640055554,0.10731721377333647
958,0.3125,0.78125,-0.28578293840571856,-0.14162260993371401,-0.30488379332975346,-0.19365424830625119
959,0.3125,0.84375,-0.17104599473709686,-0.087973843812249278,-0.18124040874125877,-0.11510924828766367
960,0.34375,0.8125,-0.042210671322109289,-0.27459367612988328,-0.00099651976574529071,-0.31632212236329987
961,0.1875,0.03125,0.0054336216779473333,-0.00059077237617476607,0.0050060721335832429,-0.0016017254914808029
962,0.21875,0.0625,0.020343134009722617,0.01877160382433371,0.020224569991980895,0.01699706218305954
963,0.15625,0.0625,0.0023548286470002323,-0.014611785858259075,0.0040341184720159781,-0.015187562015600517
964,0.1875,0.09375,0.037254995980696946,-0.010028127758995128,0.042546049480438268,-0.013381779102778156
965,0.3125,0.03125,-0.011706961775487948,-0.010485977476210096,-0.0088469263575105157,-0.0055850877990967331
966,0.28125,0.0625,-0.031449087883935446,0.015455842172531037,-0.033500715191498893,0.015644442247368641
967,0.34375,0.0625,-0.0047270858307903868,-0.048876495927671647,-0.00016875157573740323,-0.046051702309619191
968,0.3125,0.09375,-0.073355231641535387,-0.041386744619198015,-0.074917389441241239,-0.047563214566276768
969,0.03125,0.1875,0.0075897479690143245,0.0065528043885773176,0.0036596918546653416,0.0040836874344502474
970,0.0625,0.21875,-0.006047056328000646,0.01704417199515814,-0.0092178549073257902,0.025012116894826988
971,0.0625,0.15625,-0.002484496140254637,0.010430877805316223,-0.0054769324775704184,0.014869923034299624
972,0.09375,0.1875,-0.039000804307011541,-0.00035465999544426451,-0.043923209426061406,0.0084667095408472934
973,0.03125,0.3125,0.012338667664454095,0.0088558642665652974,0.0072895143724462617,0.0081320020922226559
974,0.0625,0.28125,-0.010541935191939189,0.023556338706701936,-0.012903194097240656,0.035005442466892009
975,0.0625,0.34375,-0.015265544552075429,0.029477172186747787,-0.016071550405271483,0.043595711224296764
976,0.09375,0.3125,-0.080291795348190462,0.002541427175714379,-0.087436140206283569,0.01683660221241939
977,0.8125,0.03125,0.036471167235100521,0.012034422946639109,0.0034153863583555109,0.0041139784526172162
978,0.78125,0.0625,0.038971378007887608,-0.048304456903417531,0.026316102476662363,-0.0032190844442050543
979,0.84375,0.0625,0.038676640602625108,0.051491729045331142,-0.0048645424502091984,0.01505380653796763
980,0.8125,0.09375,0.090821120725100818,-0.0049071676068186514,0.02840758891409147,0.034506845221473167
981,0.6875,0.03125,-0.032359431710059144,0.010998936840093723,-0.010524095480388298,-0.00014366719706096059
982,0.71875,0.0625,-0.059393705305369804,-0.030324944145501798,-0.019505108611931041,-0.031497463917844574
983,0.65625,0.0625,-0.0086586889765116557,0.068425795073481774,-0.025430461110332241,0.038463207647038769
984,0.6875,0.09375,-0.092451647538964746,0.05297089369545549,-0.088796150807367316,-0.0013519702903794307
985,0.96875,0.1875,-0.13346336603221245,-0.13885361397148868,0.0050645659474097054,-0.002100070440546675
986,0.9375,0.21875,-0.22424161980024201,0.0333300565434883,0.0052110544805889555,-0.026104184244890784
987,0.9375,0.15625,-0.15279075518189097,-0.0052073960832219237,0.0030587272230254295,-0.015608273638473813
988,0.90625,0.1875,-0.10659994586101737,0.1433208965191301,-0.032511113758370153,-0.030764496152685967
989,0.96875,0.3125,-0.2998303173901487,-0.19509097662184458,0.009895307176354836,-0.0039692108254991637
990,0.9375,0.28125,-0.29877269253961464,0.077844306884050418,0.0073102925786690124,-0.036433879979597322
991,0.9375,0.34375,-0.37088019676352846,0.11813832574308518,0.0090953576669234211,-0.045322520639814595
992,0.90625,0.3125,-0.13820295525591281,0.29612512443083688,-0.064500223452940306,-0.061159564445872228
993,0.96875,0.8125,-0.13346336603221345,-0.13885361397148804,0.0050645659474076845,-0.0021000704405342396
994,0.9375,0.78125,-0.22424161980024185,0.033330056543489327,0.0052110544806009988,-0.026104184244884726
995,0.9375,0.84375,-0.1527907551818917,-0.0052073960832207632,0.003058727223027725,-0.015608273638462683
996,0.90625,0.8125,-0.10659994586101676,0.14332089651913121,-0.032511113758360487,-0.030764496152684763
997,0.96875,0.6875,-0.29983031739014865,-0.1950909766218451,0.0098953071763644585,-0.0039692108255010797
998,0.9375,0.71875,-0.29877269253961425,0.077844306884050307,0.0073102925786814052,-0.036433879979603047
999,0.9375,0.65625,-0.37088019676352968,0.11813832574308433,0.0090953576669227966,-0.045322520639825281
1000,0.90625,0.6875,-0.138202955255913,0.29612512443083611,-0.064500223452939695,-0.061159564445885495
1001,0.8125,0.96875,0.036471167235101042,0.012034422946639433,0.0034153863583616878,0.0041139784526197706
1002,0.78125,0.9375,0.038971378007888177,-0.048304456903417767,0.026316102476665992,-0.0032190844442092797
1003,0.84375,0.9375,0.038676640602625656,0.051491729045331454,-0.0048645424501993226,0.015053806537967751
1004,0.8125,0.90625,0.090821120725101651,-0.0049071676068190651,0.028407588914095679,0.034506845221463259
1005,0.6875,0.96875,-0.032359431710059616,0.010998936840093405,-0.010524095480388861,-0.00014366719706206742
1006,0.71875,0.9375,-0.05939370530537038,-0.030324944145502061,-0.019505108611932838,-0.031497463917845289
1007,0.65625,0.9375,-0.0086586889765122403,0.068425795073481899,-0.025430461110333324,0.038463207647038561
1008,0.6875,0.90625,-0.092451647538965745,0.052970893695455969,-0.088796150807368718,-0.0013519702903772085
1009,0.03125,0.8125,0.0075897479690146246,0.0065528043885771858,0.0036596918546620326,0.0040836874344588603
1010,0.0625,0.78125,-0.0060470563280005723,0.017044171995157835,-0.0092178549073177098,0.025012116894832796
1011,0.0625,0.84375,-0.0024844961402546812,0.010430877805315847,-0.0054769324775737526,0.014869923034307325
1012,0.09375,0.8125,-0.039000804307012069,-0.00035465999544445105,-0.04392320942605684,0.0084667095408532504
1013,0.03125,0.6875,0.012338667664454558,0.0088558642665650909,0.0072895143724570552,0.0081320020922233671
1014,0.0625,0.71875,-0.010541935191938932,0.023556338706701506,-0.012903194097228609,0.03500544246688625
1015,0.0625,0.65625,-0.015265544552075398,0.029477172186747298,-0.016071550405266862,0.043595711224287806
1016,0.09375,0.6875,-0.080291795348190767,0.0025414271757139692,-0.08743614020628504,0.016836602212405884
1017,0.1875,0.96875,0.0054336216779471641,-0.00059077237617544327,0.0050060721335812419,-0.0016017254914873324
1018,0.21875,0.9375,0.020343134009721969,0.018771603824333859,0.020224569991973217,0.016997062183060397
1019,0.15625,0.9375,0.0023548286469996659,-0.0146117858582597,0.0040341184720134966,-0.015187562015608289
1020,0.1875,0.90625,0.037254995980696433,-0.010028127758994766,0.042546049480432203,-0.013381779102778829
1021,0.3125,0.96875,-0.011706961775488923,-0.010485977476210851,-0.0088469263575120961,-0.0055850877990886146
1022,0.28125,0.9375,-0.031449087883936702,0.015455842172531218,-0.033500715191499872,0.015644442247377075
1023,0.34375,0.9375,-0.0047270858307912429,-0.048876495927671793,-0.00016875157572765356,-0.046051702309614716
1024,0.3125,0.90625,-0.073355231641536192,-0.041386744619197592,-0.074917389441232399,-0.047563214566275477
1025,0.46875,0.3125,-0.3745029656242056,0.5355905552714576,-0.58185229042837205,0.50017606989157515
1026,0.4375,0.28125,0.20672504772531763,0.53734204514814377,0.092877308581703746,0.65680783695506539
1027,0.4375,0.34375,0.25861242018978925,0.66638833971054867,0.11568010271752098,0.81806065405818473
1028,0.40625,0.3125,0.60743917572855211,0.15231442955267263,0.65465230325642509,0.29946994147904982
1029,0.53125,0.3125,-0.37747722328744998,-0.54540206516432432,-0.2109398354742732,-0.7377124177912987
1030,0.5625,0.28125,0.19628236714015498,-0.52962425378870392,0.43871485452087017,-0.49752368951764336
1031,0.5625,0.34375,0.24082329850541939,-0.65786847523827208,0.54641689225528756,-0.61966406929823836
1032,0.59375,0.3125,0.59573277588407747,-0.15340583962309723,0.7114466227442966,0.10977393446595274
1033,0.46875,0.1875,-0.19452380999545044,0.27089274049259549,-0.29231638549598227,0.25129341230192082
1034,0.4375,0.21875,0.14645869663935648,0.38826385059345547,0.066359133657199296,0.46926222780359783
1035,0.4375,0.15625,0.086150136319768478,0.23857485119778821,0.039455516204507421,0.27895748188896519
1036,0.40625,0.1875,0.30737672441198355,0.08328761736779848,0.3288907298890425,0.15044112574995055
1037,0.53125,0.1875,-0.18878470292082936,-0.28781686859497391,-0.10598147213077065,-0.37062999329893559
1038,0.5625,0.21875,0.14608639088595857,-0.3826506724665158,0.3134495097620128,-0.35547117746081963
1039,0.5625,0.15625,0.094613773326217468,-0.23633934898109843,0.18633502765952004,-0.21133405524807539
1040,0.59375,0.1875,0.31201098534013344,-0.070590412118936463,0.35744796673041623,0.0551436814092141
1041,0.3125,0.46875,-0.608774560362489,-0.28954630528486286,-0.64774619401990874,-0.41145237717186245
1042,0.28125,0.4375,-0.49672271149504671,0.28490462309060555,-0.60132208504112838,0.28028047411284396
1043,0.34375,0.4375,-0.11253312702822206,-0.70278140325631344,-0.0025912055859553091,-0.82624367733020299
1044,0.3125,0.40625,-0.57073217143688171,-0.27303922527116176,-0.60772436210258129,-0.38602993107325873
1045,0.3125,0.53125,-0.60877456036248956,-0.28954630528486358,-0.64774619401992217,-0.41145237717185362
1046,0.28125,0.5625,-0.49672271149504649,0.28490462309060455,-0.60132208504112861,0.28028047411282986
1047,0.34375,0.5625,-0.11253312702822188,-0.70278140325631477,-0.0025912055859722751,-0.82624367733018256
1048,0.3125,0.59375,-0.57073217143688149,-0.2730392252711627,-0.60772436210259295,-0.38602993107326528
1049,0.1875,0.46875,0.32090821140601539,-0.10344512180256678,0.36798218182190157,-0.11554685607039637
1050,0.21875,0.4375,0.33812767895185797,0.24926537231330159,0.36267732636551531,0.30535637300983892
1051,0.15625,0.4375,0.05751213599722254,-0.23092195379217006,0.072743918994587847,-0.2724502325101415
1052,0.1875,0.40625,0.30038237476320667,-0.096238271415787544,0.34524563067769304,-0.10841033966033245
1053,0.1875,0.53125,0.32090821140601544,-0.10344512180256694,0.36798218182190517,-0.11554685607039729
1054,0.21875,0.5625,0.33812767895185852,0.24926537231330112,0.36267732636552757,0.30535637300983109
1055,0.15625,0.5625,0.057512135997222602,-0.2309219537921699,0.072743918994590512,-0.27245023251013661
1056,0.1875,0.59375,0.30038237476320728,-0.096238271415787321,0.34524563067770325,-0.10841033966032346
1057,0.6875,0.46875,-0.53895734440618059,0.38697724112317017,-0.7671660015481625,-0.012067366152576975
1058,0.71875,0.4375,-0.58333140009932316,-0.15342773171090987,-0.34859065395965455,-0.56435111150066131
1059,0.65625,0.4375,-0.010855076774905862,0.70546808439561837,-0.45617717839014083,0.6887954048106536
1060,0.6875,0.40625,-0.50559218412076468,0.36241920665435023,-0.71977070876202698,-0.011318929481427624
1061,0.6875,0.53125,-0.53895734440618037,0.38697724112316978,-0.76716600154816561,-0.012067366152566416
1062,0.71875,0.5625,-0.58333140009932249,-0.15342773171091095,-0.34859065395966365,-0.56435111150066986
1063,0.65625,0.5625,-0.010855076774906073,0.70546808439561859,-0.45617717839014987,0.68879540481067469
1064,0.6875,0.59375,-0.50559218412076501,0.36241920665434962,-0.71977070876204652,-0.011318929481430163
1065,0.8125,0.46875,0.43038063790704434,-0.17864671913746932,0.24460154948144999,0.29799394509631499
1066,0.78125,0.4375,0.16984158606109725,-0.4449916761378197,0.47055069406199668,-0.056542674807028709
1067,0.84375,0.4375,0.41564677085858059,0.15279298399580032,-0.087737522538711643,0.26779047251281657
1068,0.8125,0.40625,0.4013433624557643,-0.16494597416746701,0.22948907631238935,0.27958323162536292
1069,0.8125,0.53125,0.43038063790704489,-0.17864671913746916,0.24460154948146451,0.29799394509631844
1070,0.78125,0.5625,0.16984158606109814,-0.44499167613782031,0.47055069406201372,-0.056542674807034267
1071,0.84375,0.5625,0.41564677085858104,0.15279298399580102,-0.087737522538699583,0.26779047251282601
1072,0.8125,0.59375,0.40134336245576485,-0.16494597416746637,0.22948907631239987,0.27958323162536858
1073,0.53125,0.6875,-0.3774772232874502,-0.54540206516432488,-0.21093983547427161,-0.7377124177912826
1074,0.5625,0.71875,0.19628236714015515,-0.52962425378870492,0.43871485452086817,-0.49752368951764014
1075,0.5625,0.65625,0.24082329850541975,-0.65786847523827241,0.5464168922552961,-0.61966406929822093
1076,0.59375,0.6875,0.59573277588407769,-0.15340583962309756,0.71144662274429193,0.10977393446596624
1077,0.46875,0.6875,-0.37450296562420532,0.5355905552714576,-0.58185229042836872,0.50017606989157481
1078,0.4375,0.71875,0.20672504772531833,0.53734204514814476,0.092877308581712503,0.65680783695506095
1079,0.4375,0.65625,0.25861242018979025,0.66638833971054867,0.11568010271751687,0.81806065405817585
1080,0.40625,0.6875,0.60743917572855344,0.15231442955267324,0.65465230325643287,0.29946994147904032
1081,0.53125,0.8125,-0.1887847029208303,-0.28781686859497468,-0.10598147213076428,-0.37062999329892876
1082,0.5625,0.78125,0.14608639088595901,-0.38265067246651685,0.31344950976200986,-0.3554711774608203
1083,0.5625,0.84375,0.094613773326217399,-0.23633934898109918,0.18633502765952414,-0.21133405524807358
1084,0.59375,0.8125,0.31201098534013483,-0.070590412118936616,0.35744796673041396,0.055143681409208528
1085,0.46875,0.8125,-0.19452380999545124,0.27089274049259604,-0.29231638549599021,0.25129341230192709
1086,0.4375,0.78125,0.14645869663935684,0.38826385059345608,0.066359133657195396,0.4692622278036056
1087,0.4375,0.84375,0.086150136319769186,0.23857485119778926,0.03945551620449772,0.2789574818889618
1088,0.40625,0.8125,0.30737672441198505,0.083287617367798314,0.32889072988903106,0.15044112574995164
