node_id,x,y,p1_real,p1_imag,lod_coefficient_real,lod_coefficient_imag
0,0,0,2.058472753008999e-05,-7.1809468326926613e-05,-1.7448225588065959e-06,-1.3525784590426785e-06
1,1,0,0.00021822804168389752,0.00057515105392921242,3.4804442357214372e-06,6.8722868268177016e-06
2,1,1,0.00021822804168560714,0.00057515105392888174,3.4804442323662745e-06,6.8722868286794919e-06
3,0,1,2.0584727531502783e-05,-7.1809468325182118e-05,-1.7448225577064956e-06,-1.3525784538450518e-06
4,0.5,0.5,-0.65434329271749825,-0.755191333062607,-0.65515356976015604,-0.75851273765502381
5,0.5,0,0.00029721925581361263,-0.00047873998669069296,0.00048337706512751059,0.00054661034439686194
6,0,0.5,-0.0004595569332451338,-2.6233552361385351e-05,-0.0007360738426196087,-0.00011736877687838567
7,1,0.5,0.0023142660045714037,-0.0013056949305481915,2.6580370675812046e-05,-0.00075851744430767117
8,0.5,1,0.00029721925581519372,-0.00047873998669698784,0.00048337706514205858,0.00054661034439063428
9,0.25,0.25,-0.13131703342607484,0.28792348860588685,-0.13132658667278957,0.28851684543834832
10,0.75,0.25,0.3031537620013679,-0.089728215972360678,0.30454184418889479,-0.087976538601721846
11,0.75,0.75,0.30315376200136324,-0.089728215972360303,0.30454184418890151,-0.087976538601722429
12,0.25,0.75,-0.13131703342607765,0.28792348860588374,-0.13132658667279234,0.28851684543833539
13,0.25,0,-0.00019706693737964458,5.5032771136366606e-05,0.00017130910474320746,-0.00037266265672580455
14,0,0.25,-0.00027782296968113752,-2.9543160223409764e-05,-0.00041467681530404265,-6.6290675221336692e-05
15,0.75,0,0.00074114108885945664,0.0002193357424428331,-0.00038328196971143584,0.00012180638426961743
16,1,0.25,0.0016732052475687501,-0.00044997309162922054,2.0767098633996e-05,-0.00042251842498250669
17,1,0.75,0.0016732052475684576,-0.0004499730916312938,2.0767098633249578e-05,-0.00042251842497849557
18,0.75,1,0.00074114108886061099,0.00021933574243950885,-0.00038328196970560462,0.00012180638427454996
19,0,0.75,-0.00027782296967914286,-2.9543160224247635e-05,-0.00041467681529981724,-6.6290675220396676e-05
20,0.25,1,-0.00019706693737651593,5.5032771133666082e-05,0.00017130910475443036,-0.00037266265672767322
21,0.5,0.25,-0.36818266016903778,-0.42519190269739221,-0.36844775716180717,-0.42657943289896005
22,0.25,0.5,-0.23323046370668382,0.5116666773732419,-0.23351647262174716,0.51302383210515501
23,0.75,0.5,0.53803192835271652,-0.15890281008375021,0.54150770844867813,-0.15642735513369793
24,0.5,0.75,-0.36818266016904577,-0.42519190269739326,-0.36844775716181755,-0.4265794328989807
25,0.125,0.125,0.019825954656956604,0.030810941168494008,0.01993328199286103,0.030686708547825615
26,0.875,0.125,0.028375583714648989,0.023601325877004749,0.02747207528465162,0.02417833029149772
27,0.875,0.875,0.02837558371464801,0.023601325877002571,0.027472075284655059,0.024178330291502081
28,0.125,0.875,0.019825954656958703,0.030810941168491698,0.019933281992867917,0.030686708547822766
29,0.375,0.375,-0.76417854507860061,0.11003434057234324,-0.766357766863066,0.1098939946630733
30,0.625,0.375,0.21720344125338664,-0.74060664706346357,0.22018491106785404,-0.74222178311935394
31,0.625,0.625,0.21720344125338073,-0.74060664706345902,0.2201849110678519,-0.74222178311935139
32,0.375,0.625,-0.76417854507860428,0.11003434057234299,-0.76635776686308088,0.10989399466306242
33,0.375,0.125,-0.16678142010813324,0.023895752120289548,-0.1666143809141695,0.023891402739581312
34,0.625,0.125,0.047754785188214806,-0.16193579051868109,0.047877182920798629,-0.16137146607663819
35,0.125,0.375,0.091022051718067043,0.14129500770502049,0.091682888935917944,0.14115396174928269
36,0.125,0.625,0.091022051718066932,0.14129500770501915,0.091682888935919152,0.1411539617492818
37,0.875,0.375,0.12699556406758658,0.10824787061880442,0.12631908759547081,0.11120804239680679
38,0.875,0.625,0.12699556406758467,0.10824787061880424,0.1263190875954715,0.1112080423968087
39,0.625,0.875,0.047754785188211128,-0.16193579051868498,0.047877182920806241,-0.16137146607664751
40,0.375,0.875,-0.16678142010813632,0.023895752120283737,-0.1666143809141665,0.023891402739563038
41,0.125,0,-1.8396589620559021e-07,2.0386085527580284e-06,-7.3889736079275098e-05,-0.00012019246561200113
42,0,0.125,-9.6374799939184685e-05,-5.4942749655000955e-05,-0.00014195600135088974,-2.335321785857008e-05
43,0.875,0,0.00053448392466660651,0.00038457991932367753,-9.9858791458978398e-05,-8.4497194668507091e-05
44,1,0.125,0.00094540585027091592,0.00019744732043190327,1.2971870942059002e-05,-0.00013909320324276519
45,1,0.875,0.0009454058502717577,0.00019744732043014786,1.2971870940486895e-05,-0.00013909320323877698
46,0.875,1,0.00053448392466787101,0.00038457991932182897,-9.9858791458944666e-05,-8.4497194663534235e-05
47,0,0.875,-9.6374799936782053e-05,-5.4942749654803908e-05,-0.00014195600134634453,-2.3353217855488893e-05
48,0.125,1,-1.8396589331314631e-07,2.038608552637042e-06,-7.3889736072610995e-05,-0.00012019246560914343
49,0.5,0.375,-0.57514111596395157,-0.66386808109695705,-0.57580254725096447,-0.66664438414168903
50,0.375,0.5,-0.8693788737618483,0.12522437876577475,-0.87196857594235833,0.12503891126594185
51,0.625,0.5,0.24704560253652705,-0.84245492771462727,0.25052728982345407,-0.84450477882419195
52,0.5,0.625,-0.57514111596395512,-0.66386808109695394,-0.57580254725097424,-0.66664438414169724
53,0.375,0,-0.00020654908566214496,-0.00026767127461972174,0.00063423843885552936,-9.3140262986881125e-05
54,0.625,0,0.00076148620226181203,-0.00017776531985438758,-0.00016862907547054437,0.00061506032438447204
55,0.5,0.125,-0.12536500658002506,-0.14512590745840062,-0.12518328553763022,-0.14493950522370552
56,0,0.375,-0.00041333967308922827,-2.5512215375069263e-05,-0.00064715832876294579,-0.00010320314695474841
57,0,0.625,-0.00041333967308824257,-2.5512215375827164e-05,-0.00064715832876093818,-0.00010320314695442592
58,0.125,0.5,0.10357722257473824,0.16074509902639236,0.10431788871267492,0.16060630302263398
59,1,0.375,0.0021521014508357438,-0.0010592225312827854,2.5209343504231673e-05,-0.00066534369156376338
60,1,0.625,0.0021521014508351301,-0.0010592225312840262,2.5209343503462225e-05,-0.0006653436915614832
61,0.875,0.5,0.14429999634296978,0.12318948917097823,0.14372428104937829,0.1265340268753837
62,0.625,1,0.00076148620226319384,-0.000177765319859415,-0.0001686290754590605,0.00061506032438439268
63,0.375,1,-0.00020654908565986512,-0.00026767127462505667,0.00063423843886951058,-9.3140262993505872e-05
64,0.5,0.875,-0.12536500658002966,-0.1451259074584059,-0.12518328553762642,-0.1449395052237247
65,0.25,0.125,-0.044803018741261913,0.098128080188395875,-0.044619217102043383,0.098028023653665794
66,0.125,0.25,0.058238538267561347,0.090463717165412127,0.058666410613463719,0.090322176582502731
67,0.375,0.25,-0.48927805420329401,0.070376140684966712,-0.4903825144695424,0.070318937016586369
68,0.25,0.375,-0.20503029225116731,0.44973541470922618,-0.20523372167035336,0.4508873739519364
69,0.75,0.125,0.1037754223143136,-0.030769061392276292,0.10347968267405884,-0.029892572310205531
70,0.875,0.25,0.08170371507695863,0.069237564827848569,0.080835702579525048,0.07115978485907444
71,0.625,0.25,0.13921449863409391,-0.47440326235518077,0.14089615840028885,-0.47494156332925153
72,0.75,0.375,0.47303630425130927,-0.13977880070610771,0.47592331309108749,-0.13748273682827009
73,0.875,0.75,0.081703715076956313,0.069237564827847528,0.080835702579529115,0.07115978485907809
74,0.75,0.875,0.10377542231431086,-0.030769061392278869,0.10347968267406646,-0.029892572310205208
75,0.75,0.625,0.47303630425130611,-0.13977880070610579,0.47592331309109059,-0.13748273682827061
76,0.625,0.75,0.13921449863408664,-0.47440326235517821,0.14089615840028918,-0.47494156332925658
77,0.125,0.75,0.058238538267561958,0.090463717165409532,0.058666410613467015,0.090322176582497984
78,0.25,0.875,-0.044803018741261948,0.098128080188391378,-0.044619217102038172,0.098028023653654983
79,0.25,0.625,-0.20503029225116945,0.44973541470922485,-0.20523372167035872,0.45088737395192924
80,0.375,0.75,-0.48927805420330084,0.070376140684963742,-0.49038251446955261,0.070318937016565705
81,0.0625,0.0625,0.0026366105579530312,0.0013770543317444641,0.0026205258107843262,0.001390209824263711
82,0.9375,0.0625,0.0017203133021022742,0.0030165714102965363,0.0010057529755746863,0.0027981989434740771
83,0.9375,0.9375,0.0017203133021030457,0.0030165714102947843,0.0010057529755742405,0.0027981989434783636
84,0.0625,0.9375,0.0026366105579555322,0.0013770543317442848,0.0026205258107898088,0.0013902098242660247
85,0.4375,0.4375,-0.87915529713184937,-0.32786590886946532,-0.88141671456328086,-0.32975466925470276
86,0.5625,0.4375,-0.1994749808040262,-0.91673736056553679,-0.19804667937538106,-0.92000419582470805
87,0.5625,0.5625,-0.19947498080402887,-0.91673736056553512,-0.198046679375384,-0.92000419582470894
88,0.4375,0.5625,-0.87915529713185137,-0.32786590886946437,-0.88141671456328963,-0.32975466925470781
89,0.4375,0.0625,-0.050081222964670012,-0.01895628483717119,-0.049503604598575113,-0.018523627710769219
90,0.5625,0.0625,-0.010992064914591459,-0.052597346089385259,-0.011116226872416811,-0.051676544043412237
91,0.0625,0.4375,0.046496722007752705,0.025260484908379743,0.046669049849910951,0.02480505299517325
92,0.0625,0.5625,0.046496722007752907,0.025260484908379063,0.046669049849911631,0.024805052995172976
93,0.9375,0.4375,0.019693316798486602,0.047820213514180247,0.017773848153417735,0.049752455489287674
94,0.9375,0.5625,0.019693316798485929,0.047820213514179893,0.017773848153417662,0.049752455489288902
95,0.5625,0.9375,-0.010992064914593019,-0.052597346089391074,-0.011116226872406125,-0.051676544043422201
96,0.4375,0.9375,-0.050081222964671372,-0.018956284837177706,-0.049503604598565384,-0.018523627710783742
97,0.1875,0.1875,0.0099018311856563894,0.13761421624560219,0.010198974795604955,0.13767904327063377
98,0.3125,0.3125,-0.43638956367730891,0.32694570602225353,-0.43744566717391692,0.32770333985923705
99,0.3125,0.1875,-0.21962148994178227,0.16447547181864286,-0.21985037471312549,0.16469633904143402
100,0.1875,0.3125,0.01976252126911,0.27349618608501952,0.02029275135632665,0.27394655446139965
101,0.8125,0.1875,0.13493851959206646,0.028549238520651405,0.13473359812534697,0.030102844747252035
102,0.6875,0.3125,0.38496827373412013,-0.38565614307649154,0.38783311037023099,-0.38513290880519546
103,0.6875,0.1875,0.19399782569174082,-0.19431837830106816,0.19492124997108937,-0.19356259755247551
104,0.8125,0.3125,0.26730260733386135,0.05707783584972824,0.26807235679644426,0.059900432047867082
105,0.8125,0.8125,0.13493851959206357,0.028549238520649986,0.13473359812535354,0.030102844747254338
106,0.6875,0.6875,0.38496827373411424,-0.38565614307648843,0.38783311037023421,-0.38513290880519574
107,0.8125,0.6875,0.26730260733385841,0.057077835849728684,0.26807235679644886,0.059900432047868657
108,0.6875,0.8125,0.19399782569173571,-0.1943183783010691,0.194921249971096,-0.19356259755248045
109,0.1875,0.8125,0.0099018311856565074,0.13761421624559855,0.010198974795608913,0.13767904327062563
110,0.3125,0.6875,-0.43638956367731396,0.32694570602225193,-0.43744566717393008,0.3277033398592234
111,0.1875,0.6875,0.019762521269108838,0.27349618608501758,0.020292751356325509,0.27394655446139338
112,0.3125,0.8125,-0.21962148994178576,0.16447547181863825,-0.21985037471312779,0.16469633904141726
113,0.1875,0.0625,0.0014353020922055783,0.020464713679399546,0.0014976192891292684,0.020188324310070203
114,0.3125,0.0625,-0.032745842655752033,0.024406149047186753,-0.032238313897456031,0.02415166008484752
115,0.0625,0.1875,0.017802954459245516,0.0096717305984831536,0.017874275329583644,0.0094996454826858385
116,0.0625,0.3125,0.035422796831322011,0.019257496218691796,0.035566134731369194,0.018903756736038977
117,0.8125,0.0625,0.020638282128131642,0.004273322667130118,0.01976501024322665,0.0044171978090014555
118,0.6875,0.0625,0.029386488570546734,-0.029023355486877712,0.028592817727155707,-0.028383895623564089
119,0.9375,0.1875,0.0081440500875454638,0.018476411452781866,0.0068161627203137615,0.019057770610553984
120,0.9375,0.3125,0.015289864541033963,0.036504215587288516,0.013549614866779792,0.037917117593254071
121,0.9375,0.8125,0.0081440500875446277,0.01847641145277984,0.0068161627203151068,0.019057770610558446
122,0.9375,0.6875,0.015289864541032455,0.036504215587287211,0.013549614866780831,0.037917117593257513
123,0.8125,0.9375,0.020638282128131312,0.0042733226671273486,0.019765010243231657,0.0044171978090056293
124,0.6875,0.9375,0.029386488570545741,-0.029023355486881914,0.028592817727165022,-0.028383895623565202
125,0.0625,0.8125,0.017802954459247542,0.009671730598481549,0.017874275329589143,0.0094996454826849572
126,0.0625,0.6875,0.035422796831322947,0.019257496218690124,0.035566134731372455,0.018903756736037804
127,0.1875,0.9375,0.0014353020922079308,0.02046471367939685,0.0014976192891379481,0.020188324310066549
128,0.3125,0.9375,-0.03274584265575145,0.024406149047181625,-0.032238313897446622,0.02415166008483707
129,0.4375,0.3125,-0.67018268196190578,-0.25002338242315408,-0.67172837126513285,-0.25130759869849634
130,0.5625,0.3125,-0.15199968740123759,-0.69899078027881623,-0.15093046609016306,-0.701138401399097
131,0.4375,0.1875,-0.33720079035907352,-0.12593377329046221,-0.33759524974227417,-0.12630320474714005
132,0.5625,0.1875,-0.076344389221651696,-0.35194085426455307,-0.075851745190875744,-0.35237984941663758
133,0.3125,0.4375,-0.57241580966528605,0.42893682821264689,-0.57399928319603266,0.43000045805436238
134,0.3125,0.5625,-0.57241580966528716,0.42893682821264612,-0.57399928319603688,0.43000045805435516
135,0.1875,0.4375,0.02597943289025478,0.35877690729452544,0.026627842709813668,0.35946249832462046
136,0.1875,0.5625,0.025979432890254343,0.35877690729452444,0.026627842709812267,0.35946249832462102
137,0.6875,0.4375,0.50479886962848775,-0.50564449702630965,0.50889654239140414,-0.50535305923632512
138,0.6875,0.5625,0.5047988696284853,-0.50564449702630743,0.5088965423914048,-0.5053530592363249
139,0.8125,0.4375,0.35030182772460444,0.075059887856722463,0.3517491431874703,0.078601597760661002
140,0.8125,0.5625,0.35030182772460322,0.075059887856722782,0.35174914318746897,0.078601597760661251
141,0.5625,0.6875,-0.1519996874012447,-0.6989907802788119,-0.15093046609016941,-0.70113840139909656
142,0.4375,0.6875,-0.670182681961913,-0.25002338242315436,-0.67172837126515439,-0.25130759869851615
143,0.5625,0.8125,-0.076344389221658399,-0.35194085426455507,-0.075851745190875591,-0.35237984941665662
144,0.4375,0.8125,-0.33720079035907985,-0.12593377329046637,-0.33759524974227667,-0.12630320474716258
145,0.0625,0,1.355090665669837e-05,-6.3525673614566483e-05,-3.5506648484439882e-05,-2.2499027658853007e-05
146,0,0.0625,-2.4295538715844693e-05,-7.0929260198348448e-05,-4.1856109287098855e-05,-7.6961214521873342e-06
147,0.9375,0,0.00042116544302237859,0.00046265879041103579,-9.49736688845109e-06,-3.1198812977494029e-05
148,1,0.0625,0.00055466063136142408,0.0004276838236822377,8.1935583558665058e-06,-3.5284249048177822e-05
149,1,0.9375,0.00055466063136280471,0.00042768382368109668,8.1935583534615845e-06,-3.5284249044958189e-05
150,0.9375,1,0.00042116544302386329,0.00046265879040990687,-9.4973668904966712e-06,-3.1198812973937859e-05
151,0,0.9375,-2.4295538713756289e-05,-7.0929260197386625e-05,-4.1856109283806201e-05,-7.6961214478696041e-06
152,0.0625,1,1.3550906658937881e-05,-6.3525673613656187e-05,-3.5506648480590388e-05,-2.2499027654507112e-05
153,0.5,0.4375,-0.63406377667760572,-0.73180924328651209,-0.63483615203366928,-0.7349903379806989
154,0.4375,0.5,-0.90726845612804152,-0.33833580515380079,-0.90962565756196212,-0.34030795428367294
155,0.5625,0.5,-0.20586222755579353,-0.94602777974014729,-0.20438513052291227,-0.94944771325625577
156,0.5,0.5625,-0.63406377667760816,-0.73180924328651054,-0.63483615203367416,-0.73499033798070168
157,0.4375,0,6.4672594372497949e-07,-0.00043182188784499006,0.00066415597395461459,0.00024302605321879818
158,0.5625,0,0.00058104391411551923,-0.00038010675300742585,0.0001598163381551056,0.00068744631248111453
159,0.5,0.0625,-0.035942192989201219,-0.042052252181992031,-0.035651723517453486,-0.041285212057720934
160,0,0.4375,-0.00044803351754531761,-2.5977148042568854e-05,-0.00071331082426329432,-0.00011374043623736201
161,0,0.5625,-0.00044803351754484631,-2.5977148043019326e-05,-0.00071331082426243119,-0.00011374043623720321
162,0.0625,0.5,0.047987505187328618,0.02606753745600204,0.048162716987154935,0.025598928714536128
163,1,0.4375,0.0022736988039179415,-0.0012419118422896227,2.6244207984752916e-05,-0.00073464856856665108
164,1,0.5625,0.0022736988039175699,-0.0012419118422902751,2.6244207984213675e-05,-0.00073464856856545542
165,0.9375,0.5,0.020281951084448725,0.049342263183213581,0.018342061524061051,0.051344632556296232
166,0.5625,1,0.00058104391411696816,-0.00038010675301327891,0.00015981633816861926,0.00068744631247764378
167,0.4375,1,6.4672594555976562e-07,-0.00043182188785109834,0.00066415597396920817,0.00024302605321139642
168,0.5,0.9375,-0.03594219298920287,-0.042052252181998449,-0.035651723517443362,-0.041285212057734326
169,0.25,0.1875,-0.086759491262639807,0.19016138311102615,-0.086666559744555935,0.19040202605525278
170,0.1875,0.25,0.015028553506428047,0.20835904702596739,0.015454067708673762,0.20862600069491055
171,0.3125,0.25,-0.33248215150622196,0.24905750674938223,-0.33314027902352267,0.2495649198038927
172,0.25,0.3125,-0.17233110016507866,0.37794281332664298,-0.17244459681128946,0.3788509172212825
173,0.75,0.1875,0.20047073269352556,-0.059408405582317518,0.20098129104358828,-0.058060225734040412
174,0.8125,0.25,0.20387158776981743,0.043378035358034112,0.20415603791974773,0.045616355379343665
175,0.6875,0.25,0.29342746215606547,-0.29396344196933755,0.29535978897042325,-0.29330312415567594
176,0.75,0.3125,0.39767440490840139,-0.11758900179975505,0.39988929626994618,-0.11551937172100897
177,0.8125,0.75,0.20387158776981409,0.043378035358033723,0.20415603791975409,0.045616355379345677
178,0.75,0.8125,0.20047073269352156,-0.059408405582318705,0.20098129104359605,-0.058060225734041175
179,0.75,0.6875,0.39767440490839695,-0.11758900179975353,0.39988929626995268,-0.11551937172100918
180,0.6875,0.75,0.29342746215605964,-0.29396344196933638,0.29535978897042808,-0.29330312415567944
181,0.1875,0.75,0.015028553506427221,0.20835904702596433,0.015454067708674623,0.20862600069490292
182,0.25,0.8125,-0.086759491262641431,0.19016138311102201,-0.086666559744554797,0.19040202605523981
183,0.25,0.6875,-0.17233110016508171,0.37794281332664109,-0.17244459681129523,0.37885091722127207
184,0.3125,0.75,-0.33248215150622695,0.24905750674937915,-0.33314027902352966,0.24956491980387538
185,0.1875,0,-7.9403384893102184e-05,6.9611548237405744e-05,-1.7315322247456698e-05,-0.00027094028097742043
186,0.3125,0,-0.00026635328563848014,-7.3214131066312609e-05,0.00043080318332086028,-0.00032275522890879967
187,0.25,0.0625,-0.012974320394405192,0.028278796401663881,-0.012707234931129496,0.027921036589862017
188,0,0.1875,-0.0001867955613288206,-3.8999178905345132e-05,-0.00027416311968729795,-4.4108597451565602e-05
189,0,0.3125,-0.00035575943832885935,-2.5960172559204277e-05,-0.00054403629164318347,-8.6803363798497582e-05
190,0.0625,0.25,0.026972821303934143,0.014666274880767263,0.027085397745215727,0.014395951153595075
191,0.8125,0,0.00063606079239475206,0.00032098815452672754,-0.00025685953978797833,-5.0319357015203896e-05
192,0.6875,0,0.00080446969971912285,4.6004649414039832e-05,-0.00036875242806287749,0.00038444363142861718
193,0.75,0.0625,0.030375668532842227,-0.0088848263600802245,0.029480838395087961,-0.008511988587392683
194,1,0.1875,0.0013308923483713593,-0.00010763038155519208,1.7258364732243061e-05,-0.00027630911734573228
195,1,0.3125,0.0019505360164650642,-0.00078255132744064375,2.3408381386106914e-05,-0.00055749145833086113
196,0.9375,0.25,0.011888049630950885,0.027860187879848525,0.010322312942610247,0.028876771191524046
197,1,0.8125,0.001330892348371593,-0.00010763038155726136,1.7258364731231084e-05,-0.00027630911734148915
198,1,0.6875,0.0019505360164644686,-0.00078255132744240407,2.3408381385374566e-05,-0.0005574914583275168
199,0.9375,0.75,0.01188804963094953,0.027860187879846766,0.010322312942611718,0.028876771191528188
200,0.8125,1,0.00063606079239589221,0.00032098815452417565,-0.00025685953978519778,-5.0319357009627587e-05
201,0.6875,1,0.00080446969972038009,4.6004649409878502e-05,-0.00036875242805407599,0.00038444363143158897
202,0.75,0.9375,0.030375668532841498,-0.0088848263600836488,0.029480838395095459,-0.0085119885873904868
203,0,0.8125,-0.00018679556132647767,-3.8999178905783529e-05,-0.00027416311968249629,-4.4108597449720595e-05
204,0,0.6875,-0.00035575943832734781,-2.5960172560131297e-05,-0.00054403629163993791,-8.6803363797964561e-05
205,0.0625,0.75,0.026972821303935589,0.014666274880765415,0.027085397745220147,0.014395951153593614
206,0.1875,1,-7.9403384889893352e-05,6.9611548236068639e-05,-1.731532223827129e-05,-0.00027094028097671022
207,0.3125,1,-0.00026635328563570356,-7.321413107042141e-05,0.00043080318333368672,-0.00032275522891331141
208,0.25,0.9375,-0.012974320394403585,0.028278796401659947,-0.012707234931120297,0.027921036589854883
209,0.5,0.3125,-0.48332219908208601,-0.5579846911054569,-0.4838086883592505,-0.56013863561869459
210,0.5,0.1875,-0.2431232749774575,-0.28094456640073673,-0.24315012725929969,-0.28151579223285567
211,0.4375,0.25,-0.51056487600071598,-0.19054678939089151,-0.5115598751826782,-0.19138620557434943
212,0.5625,0.25,-0.11573727187999992,-0.53264315394599404,-0.11494115896191794,-0.53395934796106015
213,0.3125,0.5,-0.59071451864459934,0.44265941738457448,-0.59236954156732535,0.44376231063229521
214,0.1875,0.5,0.026817396072845202,0.37025003102515891,0.027480122166249628,0.37096678504268688
215,0.25,0.4375,-0.22601040424576593,0.4958090378877994,-0.2262748314390314,0.49711410891379382
216,0.25,0.5625,-0.22601040424576674,0.49580903788779834,-0.22627483143903482,0.49711410891379193
217,0.6875,0.5,0.52091813141979371,-0.5217823645042351,0.52518293618942768,-0.52152595819745939
218,0.8125,0.5,0.3614641386375031,0.077482227828054293,0.36300594959205401,0.081117484572777329
219,0.75,0.4375,0.52139094364900973,-0.15400751850038841,0.52471517930681544,-0.15157670761895387
220,0.75,0.5625,0.52139094364900851,-0.15400751850038727,0.52471517930681566,-0.15157670761895337
221,0.5,0.6875,-0.4833221990820929,-0.55798469110545512,-0.48380868835926405,-0.56013863561870791
222,0.5,0.8125,-0.24312327497746428,-0.28094456640073984,-0.24315012725930263,-0.28151579223287759
223,0.5625,0.75,-0.11573727188000774,-0.53264315394599271,-0.11494115896192328,-0.53395934796107491
224,0.4375,0.75,-0.51056487600072387,-0.19054678939089384,-0.51155987518269097,-0.19138620557437258
225,0.125,0.0625,0.0057025595776673257,0.0088510742397340282,0.0056785402559778779,0.0087380858080690644
226,0.0625,0.125,0.0091767377040646008,0.0049598224891000131,0.0092021655043133255,0.0048894959169298105
227,0.1875,0.125,0.005088366369454222,0.071010751919096213,0.0052518084433126515,0.070883092141220544
228,0.125,0.1875,0.038446640734640332,0.059741748468767238,0.038716032780807208,0.059605994818652697
229,0.875,0.0625,0.0086335723854052155,0.0069244435186042192,0.007829953299878423,0.0068894706402922697
230,0.9375,0.125,0.0045483987219048167,0.0096594976773056573,0.0035138784549239022,0.0098134863451132658
231,0.8125,0.125,0.069989664787895978,0.014671187891613091,0.069372121985793109,0.015498554231653533
232,0.875,0.1875,0.054270914917092232,0.045703531280913152,0.05335045289513847,0.046960636579781452
233,0.9375,0.875,0.004548398721904743,0.0096594976773036068,0.0035138784549246277,0.0098134863451178386
234,0.875,0.9375,0.008633572385405382,0.006924443518601958,0.0078299532998805585,0.0068894706402970332
235,0.875,0.8125,0.054270914917090414,0.045703531280911459,0.053350452895142238,0.046960636579785144
236,0.8125,0.875,0.069989664787894104,0.01467118789161076,0.069372121985799659,0.015498554231656568
237,0.0625,0.875,0.0091767377040670242,0.0049598224890989601,0.009202165504319345,0.004889495916930278
238,0.125,0.9375,0.005702559577669966,0.0088510742397325953,0.0056785402559852739,0.0087380858080686862
239,0.125,0.8125,0.038446640734641692,0.059741748468764615,0.038716032780812877,0.05960599481864897
240,0.1875,0.875,0.0050883663694554658,0.071010751919092757,0.0052518084433193345,0.070883092141213411
241,0.4375,0.375,-0.797471330851524,-0.29744206195374273,-0.7994537534271251,-0.29909134494265438
242,0.375,0.4375,-0.84244285155776311,0.12133430793614003,-0.84492748039271159,0.12116112147522214
243,0.375,0.3125,-0.64221727585131927,0.092433688035446424,-0.6439201553194569,0.092336234547760188
244,0.3125,0.375,-0.51924684163442214,0.38906753831334423,-0.52062324867161514,0.3900145207317427
245,0.5625,0.375,-0.18091719120485536,-0.83162866576350203,-0.17962989461062046,-0.83445403071303248
246,0.625,0.4375,0.23940493254988396,-0.81637830070086748,0.24275828517037706,-0.81831577031550573
247,0.625,0.3125,0.1826038735304791,-0.62251591375467907,0.18500810585289651,-0.62364195207034534
248,0.6875,0.375,0.45796144650896164,-0.45874980679397653,0.46157531057662704,-0.45836153298757853
249,0.625,0.5625,0.23940493254988082,-0.81637830070086581,0.24275828517037656,-0.81831577031550895
250,0.5625,0.625,-0.18091719120486052,-0.83162866576349825,-0.17962989461062612,-0.83445403071302671
251,0.6875,0.625,0.45796144650895632,-0.45874980679397243,0.46157531057663059,-0.45836153298757848
252,0.625,0.6875,0.18260387353047183,-0.62251591375467408,0.18500810585289343,-0.62364195207033879
253,0.375,0.5625,-0.84244285155776399,0.1213343079361399,-0.84492748039271637,0.12116112147521595
254,0.4375,0.625,-0.7974713308515271,-0.2974420619537414,-0.79945375342714053,-0.29909134494266626
255,0.3125,0.625,-0.51924684163442525,0.38906753831334312,-0.52062324867162468,0.39001452073173126
256,0.375,0.6875,-0.64221727585132593,0.092433688035445091,-0.643920155319476,0.092336234547743784
257,0.375,0.0625,-0.048101760939211265,0.0067625490326770326,-0.047455387150345155,0.0068042030111140177
258,0.4375,0.125,-0.17397750928328987,-0.065098484233819406,-0.17380910698347882,-0.0650280267059416
259,0.3125,0.125,-0.11336692859416422,0.084851182931602709,-0.113188854094725,0.084793635087688987
260,0.375,0.1875,-0.32316778150376185,0.046433280388815563,-0.32361986477784094,0.046405483347032123
261,0.625,0.0625,0.014168627172966654,-0.046821984152176428,0.013644116245528758,-0.045963720706743101
262,0.5625,0.125,-0.039229977330968349,-0.18177949914175967,-0.039048922144162057,-0.18142390075455597
263,0.6875,0.125,0.10039360585730618,-0.10041971440477249,0.10035952762735778,-0.099656312381806098
264,0.625,0.1875,0.092093729197653657,-0.31349190429236934,0.092984781007837441,-0.31343213014322463
265,0.0625,0.375,0.042166554010728025,0.022914904385985941,0.042329120729448395,0.022498377497061923
266,0.125,0.4375,0.10036204520343013,0.15576507927019489,0.10108275400115578,0.15562563565177556
267,0.125,0.3125,0.076473011147859163,0.11874471373800539,0.077034897405594632,0.11860226386578504
268,0.1875,0.375,0.023546823396496355,0.32544165652278667,0.024151530714104721,0.32603603100414058
269,0.0625,0.625,0.042166554010728545,0.022914904385984716,0.042329120729450331,0.022498377497061278
270,0.125,0.5625,0.10036204520343003,0.15576507927019403,0.10108275400115624,0.15562563565177576
271,0.125,0.6875,0.076473011147859205,0.11874471373800329,0.077034897405596298,0.11860226386578124
272,0.1875,0.625,0.023546823396495414,0.32544165652278545,0.024151530714103052,0.32603603100413941
273,0.9375,0.375,0.017978150791147438,0.043397365652770789,0.016122783846963602,0.045126269171048249
274,0.875,0.4375,0.13987060825735467,0.1193632352883226,0.13926779496287994,0.12260987931108883
275,0.875,0.3125,0.10691568437227406,0.090933617539100453,0.10614043456542963,0.093440334003975181
276,0.8125,0.375,0.31786451898406543,0.068025727526880991,0.31904166412317064,0.071291593397139738
277,0.9375,0.625,0.017978150791146178,0.043397365652769984,0.016122783846963831,0.045126269171050629
278,0.875,0.5625,0.13987060825735356,0.1193632352883226,0.13926779496287908,0.12260987931108916
279,0.875,0.6875,0.10691568437227172,0.090933617539099912,0.10614043456543312,0.09344033400397872
280,0.8125,0.625,0.31786451898406309,0.068025727526881657,0.31904166412316931,0.071291593397140182
281,0.625,0.9375,0.014168627172965435,-0.046821984152181501,0.013644116245539156,-0.045963720706748527
282,0.5625,0.875,-0.039229977330972741,-0.18177949914176397,-0.039048922144156333,-0.18142390075457218
283,0.6875,0.875,0.10039360585730286,-0.1004197144047755,0.10035952762736573,-0.099656312381809775
284,0.625,0.8125,0.092093729197647717,-0.31349190429237028,0.092984781007841896,-0.31343213014323662
285,0.375,0.9375,-0.048101760939211813,0.0067625490326709932,-0.047455387150335648,0.0068042030111008485
286,0.4375,0.875,-0.17397750928329409,-0.065098484233825166,-0.17380910698347465,-0.065028026705961292
287,0.3125,0.875,-0.11336692859416558,0.084851182931597213,-0.11318885409472157,0.084793635087674818
288,0.375,0.8125,-0.3231677815037674,0.046433280388810894,-0.32361986477784332,0.046405483347011264
289,0.03125,0.03125,0.00020260626638333697,-2.3435368536009749e-05,0.00019088230487596174,4.1522053196153069e-05
290,0.96875,0.03125,0.00050025792691510646,0.00063329112428391868,2.1962205958267799e-05,0.00020173141581998253
291,0.96875,0.96875,0.00050025792691648177,0.00063329112428279176,2.1962205956139297e-05,0.00020173141582330873
292,0.03125,0.96875,0.00020260626638545813,-2.3435368535128621e-05,0.00019088230487949735,4.1522053200319638e-05
293,0.46875,0.46875,-0.80806523785224849,-0.56105881374623268,-0.80977483027968877,-0.56379135947247028
294,0.53125,0.46875,-0.44031217231670017,-0.87964646541036629,-0.44001328653786959,-0.8831662592220817
295,0.53125,0.53125,-0.4403121723167015,-0.87964646541036529,-0.44001328653787136,-0.88316625922208336
296,0.46875,0.53125,-0.80806523785224971,-0.5610588137462319,-0.8097748302796941,-0.56379135947247327
297,0.46875,0.03125,-0.01196331458666818,-0.0087705705724790521,-0.011455608516714035,-0.0079823550847536572
298,0.53125,0.03125,-0.0062274749061601957,-0.013549209224321759,-0.0062194503473030176,-0.012501999486844589
299,0.03125,0.46875,0.013728504433141008,0.0034448464257222137,0.013605359314641409,0.0031216216337533196
300,0.03125,0.53125,0.013728504433141166,0.0034448464257219062,0.013605359314641833,0.0031216216337532714
301,0.96875,0.46875,0.0033278435020816679,0.012683647465839538,0.0011389900350831589,0.01389287812942379
302,0.96875,0.53125,0.0033278435020813934,0.012683647465839262,0.0011389900350830303,0.013892878129424384
303,0.53125,0.96875,-0.0062274749061602668,-0.013549209224328104,-0.0062194503472904061,-0.012501999486853124
304,0.46875,0.96875,-0.01196331458666809,-0.0087705705724855851,-0.011455608516701439,-0.0079823550847644819
305,0.21875,0.21875,-0.038682429525804585,0.21500104968489364,-0.038442634221509564,0.2153194181207837
306,0.28125,0.28125,-0.26806244435862331,0.33296087909047295,-0.26852295381184821,0.33373847313158028
307,0.28125,0.21875,-0.19168147487835552,0.23804128883936429,-0.19187990122673992,0.23848136941485018
308,0.21875,0.28125,-0.054065382003915703,0.30072091489355179,-0.053798023979493383,0.30132502393466837
309,0.78125,0.21875,0.2180943971984646,-0.0085409788967751813,0.21861762515967909,-0.0067289107118307379
310,0.71875,0.28125,0.36700648025448107,-0.21844665122600818,0.36923485443662296,-0.21713286857464761
311,0.71875,0.21875,0.26258738210712013,-0.15633901970162906,0.26384936707453011,-0.15515982389694488
312,0.78125,0.28125,0.30471021278042709,-0.011762613337130023,0.30593544475703949,-0.0094145447133765804
313,0.78125,0.78125,0.21809439719846083,-0.0085409788967758197,0.2186176251596855,-0.0067289107118299494
314,0.71875,0.71875,0.36700648025447591,-0.21844665122600671,0.36923485443662724,-0.21713286857464784
315,0.78125,0.71875,0.30471021278042337,-0.011762613337129512,0.30593544475704615,-0.0094145447133757477
316,0.71875,0.78125,0.26258738210711485,-0.15633901970162919,0.26384936707453721,-0.15515982389694755
317,0.21875,0.78125,-0.038682429525805875,0.21500104968488981,-0.038442634221508717,0.21531941812077335
318,0.28125,0.71875,-0.26806244435862747,0.33296087909047056,-0.26852295381185515,0.33373847313156585
319,0.21875,0.71875,-0.054065382003917743,0.30072091489354913,-0.053798023979495728,0.30132502393465826
320,0.28125,0.78125,-0.19168147487835885,0.23804128883936052,-0.19187990122674276,0.23848136941483453
321,0.21875,0.03125,-0.0013165163303749778,0.0068707790923332943,-0.0011531214330063658,0.006471504440815669
322,0.28125,0.03125,-0.0062432729360191305,0.0075603479017182697,-0.0057660689991513199,0.0071685526670395841
323,0.03125,0.21875,0.006445220933199932,0.0016079503821890551,0.0064048717748635721,0.0014691037861573034
324,0.03125,0.28125,0.0090272558841969774,0.0022657888537854702,0.0089637196538595101,0.0020564913788584977
325,0.78125,0.03125,0.0075880678002336966,-0.00016969446438040297,0.006579813548752339,-0.00019707907699443897
326,0.71875,0.03125,0.0090295513716707361,-0.0049742113694756446,0.0079413146045190283,-0.0046599934148469722
327,0.96875,0.21875,0.0020628038891064094,0.0061999162008699524,0.00054370544167289391,0.0065440839331268102
328,0.96875,0.28125,0.0025455248831274344,0.0085125133313321086,0.00075580803505399341,0.0091558756114793905
329,0.96875,0.78125,0.002062803889105823,0.0061999162008679063,0.00054370544167315238,0.0065440839331311453
330,0.96875,0.71875,0.0025455248831264569,0.0085125133313303254,0.00075580803505426012,0.0091558756114832641
331,0.78125,0.96875,0.0075880678002340192,-0.0001696944643835088,0.0065798135487578346,-0.00019707907699006866
332,0.71875,0.96875,0.0090295513716709304,-0.0049742113694795451,0.0079413146045271589,-0.0046599934148446364
333,0.03125,0.78125,0.0064452209332019486,0.0016079503821878336,0.0064048717748684475,0.0014691037861574064
334,0.03125,0.71875,0.0090272558841984797,0.002265788853784105,0.0089637196538633508,0.0020564913788581585
335,0.21875,0.96875,-0.0013165163303723148,0.0068707790923305543,-0.0011531214329964852,0.006471504440812609
336,0.28125,0.96875,-0.0062432729360170514,0.0075603479017141983,-0.0057660689991403113,0.0071685526670334241
337,0.46875,0.28125,-0.53262918222879041,-0.36997623888064529,-0.53354307428365788,-0.3714723016645764
338,0.53125,0.28125,-0.29017681470549306,-0.58002632915239027,-0.28991431161314413,-0.58190245419480624
339,0.46875,0.21875,-0.38078543243502977,-0.26460937195076734,-0.38125640741528233,-0.26544630005063297
340,0.53125,0.21875,-0.20740762065128382,-0.41481729088811542,-0.20716463808731642,-0.41581508606543549
341,0.28125,0.46875,-0.40658883559705555,0.50517111175482621,-0.40754467975948405,0.50652529768694243
342,0.28125,0.53125,-0.40658883559705578,0.50517111175482532,-0.40754467975948577,0.5065252976869401
343,0.21875,0.46875,-0.081934014971521529,0.45622689898437563,-0.081650251431761897,0.45733024192172422
344,0.21875,0.53125,-0.081934014971521654,0.45622689898437474,-0.081650251431763646,0.45733024192172511
345,0.71875,0.46875,0.55637651242839414,-0.33098751504424473,0.56039231983441018,-0.32954326803872602
346,0.71875,0.53125,0.55637651242839348,-0.33098751504424406,0.56039231983440918,-0.32954326803872502
347,0.78125,0.46875,0.46175258730477964,-0.017495826322054389,0.46431943928295871,-0.014284007693128617
348,0.78125,0.53125,0.46175258730477903,-0.01749582632205407,0.46431943928295866,-0.014284007693128277
349,0.53125,0.71875,-0.29017681470550077,-0.58002632915238894,-0.28991431161315406,-0.58190245419482012
350,0.46875,0.71875,-0.53262918222879874,-0.36997623888064612,-0.53354307428367431,-0.37147230166459766
351,0.53125,0.78125,-0.2074076206512912,-0.41481729088811636,-0.20716463808732163,-0.4158150860654567
352,0.46875,0.78125,-0.38078543243503676,-0.26460937195076978,-0.38125640741529088,-0.26544630005065661
353,0.09375,0.09375,0.0097614611031774014,0.0090431669309832402,0.0097783995081168282,0.0089742324542005664
354,0.15625,0.15625,0.024464046160819951,0.073411050585645538,0.024688735512887559,0.073320920093715949
355,0.15625,0.09375,0.010164127195556143,0.030536554058587011,0.010227652272451412,0.030369683080967633
356,0.09375,0.15625,0.023482569271704661,0.021813542762445848,0.023606406041528864,0.021670033590225273
357,0.90625,0.09375,0.0083527360268238447,0.010860631094623001,0.0074689414672092173,0.010978366481036219
358,0.84375,0.15625,0.069648209917577295,0.033984940602134278,0.068957554685026942,0.035080120170885826
359,0.84375,0.09375,0.029392568939892134,0.014157802978719311,0.028568745967107786,0.014532303094082388
360,0.90625,0.15625,0.019113670678325083,0.025836590502319883,0.018019612358837658,0.026499287251648199
361,0.90625,0.90625,0.0083527360268237996,0.01086063109462088,0.0074689414672107091,0.010978366481040855
362,0.84375,0.84375,0.069648209917575338,0.033984940602132335,0.06895755468503216,0.035080120170889378
363,0.90625,0.84375,0.019113670678324115,0.025836590502317854,0.018019612358840101,0.026499287251652671
364,0.84375,0.90625,0.029392568939891343,0.01415780297871686,0.02856874596711214,0.014532303094086572
365,0.09375,0.90625,0.0097614611031799029,0.0090431669309819426,0.0097783995081235156,0.0089742324542004346
366,0.15625,0.84375,0.024464046160821228,0.073411050585642443,0.024688735512893543,0.073320920093710468
367,0.09375,0.84375,0.023482569271706749,0.021813542762443891,0.023606406041535129,0.021670033590223483
368,0.15625,0.90625,0.010164127195558306,0.030536554058584436,0.010227652272459097,0.030369683080964067
369,0.40625,0.40625,-0.86112243576191527,-0.092478612749138184,-0.86353040372050827,-0.093445010150303195
370,0.34375,0.34375,-0.61216389955126105,0.25378499826888257,-0.61384330372254792,0.25424087266644518
371,0.40625,0.34375,-0.75324901646312237,-0.08093374905382858,-0.7552540653160682,-0.081728679004918731
372,0.34375,0.40625,-0.69982008355805814,0.29016135048404329,-0.70184628109633396,0.29069026805368364
373,0.59375,0.40625,0.030767722470700146,-0.86534308313277797,0.033145526871324507,-0.86793609062327925
374,0.65625,0.34375,0.33766569843781069,-0.5698256363698958,0.34081048133196129,-0.57033621100094423
375,0.59375,0.34375,0.026956323965465687,-0.75702960630870564,0.028990227676842718,-0.75910871093790577
376,0.65625,0.40625,0.38594666649210768,-0.65131351715349028,0.3896691638951269,-0.65210020339250652
377,0.59375,0.59375,0.030767722470695751,-0.86534308313277486,0.033145526871321426,-0.86793609062327959
378,0.65625,0.65625,0.33766569843780403,-0.56982563636989136,0.34081048133196057,-0.57033621100094045
379,0.65625,0.59375,0.38594666649210274,-0.65131351715348607,0.38966916389512685,-0.65210020339250518
380,0.59375,0.65625,0.026956323965459085,-0.75702960630870064,0.028990227676837947,-0.75910871093789933
381,0.40625,0.59375,-0.86112243576191749,-0.092478612749137545,-0.86353040372052114,-0.093445010150311869
382,0.34375,0.65625,-0.61216389955126582,0.25378499826888157,-0.61384330372256624,0.25424087266643358
383,0.34375,0.59375,-0.69982008355806058,0.29016135048404268,-0.70184628109634517,0.29069026805367565
384,0.40625,0.65625,-0.75324901646312792,-0.080933749053828649,-0.75525406531608452,-0.081728679004933136
385,0.40625,0.09375,-0.10718445356569438,-0.011688151675132451,-0.10675317800044486,-0.011553728807122868
386,0.34375,0.15625,-0.20937926526727502,0.086716265128564354,-0.20946811476699606,0.086757017777859602
387,0.34375,0.09375,-0.087169879176960313,0.036028381802743183,-0.086765308633269866,0.035936463276287453
388,0.40625,0.15625,-0.25758475995523372,-0.027807839494508536,-0.25772298377708563,-0.027890492397972328
389,0.59375,0.09375,0.004203013321280316,-0.10802667560049613,0.0041045401487864973,-0.10730261723832671
390,0.65625,0.15625,0.11580626850933398,-0.1951775572155027,0.11630433387258919,-0.19462594432206476
391,0.65625,0.09375,0.048522181733398645,-0.08136206824173664,0.048181475085162913,-0.080618860697515823
392,0.59375,0.15625,0.0094582476783348166,-0.25917643728419709,0.0098970627361267272,-0.25904292356714936
393,0.09375,0.40625,0.078626892991110642,0.072993541783268737,0.079096808097355684,0.072612798460904945
394,0.15625,0.34375,0.07166746120214057,0.21469631037363945,0.072348676474287901,0.21486856595196155
395,0.09375,0.34375,0.068761428997083318,0.063851508422801878,0.069178806193128717,0.063507932617590621
396,0.15625,0.40625,0.081955854610429257,0.24544309299638062,0.082721121532960296,0.24567310437960335
397,0.09375,0.59375,0.078626892991110808,0.07299354178326771,0.079096808097356683,0.072612798460904349
398,0.15625,0.65625,0.071667461202140181,0.21469631037363818,0.072348676474288054,0.21486856595195833
399,0.09375,0.65625,0.068761428997083693,0.063851508422800282,0.069178806193130979,0.063507932617589136
400,0.15625,0.59375,0.081955854610428813,0.24544309299637954,0.082721121532959935,0.2456731043796028
401,0.90625,0.40625,0.061737050752653788,0.086225537626206508,0.060346647686685365,0.088785982639892999
402,0.84375,0.34375,0.20196174501767436,0.099754871926942296,0.20205498171796962,0.10280466298342385
403,0.90625,0.34375,0.054158695436443603,0.075420001788076174,0.052782218476430061,0.077653246911241855
404,0.84375,0.40625,0.2307128120757235,0.114105940055997,0.23101982769834647,0.11754404567463018
405,0.90625,0.59375,0.061737050752652532,0.086225537626206203,0.06034664768668533,0.088785982639894498
406,0.84375,0.65625,0.20196174501767192,0.099754871926942407,0.2020549817179719,0.10280466298342576
407,0.90625,0.65625,0.054158695436441813,0.075420001788075439,0.052782218476431352,0.077653246911244686
408,0.84375,0.59375,0.23071281207572164,0.11410594005599713,0.23101982769834559,0.11754404567463088
409,0.59375,0.90625,0.0042030133212775274,-0.10802667560050105,0.0041045401487953478,-0.10730261723833733
410,0.65625,0.84375,0.11580626850932939,-0.19517755721550492,0.11630433387259612,-0.1946259443220722
411,0.65625,0.90625,0.048522181733396327,-0.081362068241740804,0.048181475085171989,-0.080618860697520833
412,0.59375,0.84375,0.0094582476783294546,-0.25917643728419987,0.0098970627361311195,-0.25904292356716302
413,0.40625,0.90625,-0.10718445356569689,-0.011688151675138675,-0.10675317800043815,-0.011553728807139885
414,0.34375,0.84375,-0.20937926526727851,0.086716265128559011,-0.20946811476699584,0.086757017777841533
415,0.34375,0.90625,-0.087169879176961562,0.036028381802737423,-0.086765308633263399,0.035936463276273048
416,0.40625,0.84375,-0.25758475995523872,-0.027807839494513785,-0.25772298377708658,-0.027890492397993426
417,0.09375,0.03125,0.0012515896261824384,0.0011149162484256259,0.0011935757584795254,0.0010915490509654303
418,0.15625,0.03125,0.0012821842711508353,0.0039239344303334533,0.0012499704821789855,0.0037031768345841929
419,0.03125,0.09375,0.0015878152172277538,0.00034368718153784375,0.0015767634256080697,0.00036017416279652767
420,0.03125,0.15625,0.003831184776611448,0.00093234268687743054,0.0038087180284539532,0.00087294490900790092
421,0.90625,0.03125,0.0015570374935872412,0.0016696608976416059,0.00091623076900809036,0.0013439519675197268
422,0.84375,0.03125,0.0043123510392451226,0.0020061258072993494,0.0034915622591438398,0.0017781571991168038
423,0.96875,0.09375,0.00096664466030645319,0.0018347652058476386,0.00014036686000934291,0.0016157698314332716
424,0.96875,0.15625,0.0015171019646307478,0.0038481432882351597,0.00032756820592047927,0.0038940241010164138
425,0.96875,0.90625,0.00096664466030719966,0.0018347652058459027,0.00014036686000837734,0.0016157698314374018
426,0.96875,0.84375,0.0015171019646307833,0.0038481432882331106,0.00032756820592034635,0.0038940241010208352
427,0.90625,0.96875,0.0015570374935881888,0.0016696608976398061,0.00091623076900800677,0.0013439519675242757
428,0.84375,0.96875,0.0043123510392457055,0.0020061258072969247,0.0034915622591464115,0.0017781571991218406
429,0.03125,0.90625,0.0015878152172301742,0.0003436871815378167,0.0015767634256130644,0.00036017416279915192
430,0.03125,0.84375,0.0038311847766138185,0.000932342686876678,0.0038087180284593234,0.00087294490900905234
431,0.09375,0.96875,0.0012515896261850931,0.0011149162484254097,0.0011935757584855572,0.0010915490509677782
432,0.15625,0.96875,0.0012821842711537045,0.0039239344303320127,0.0012499704821872378,0.0037031768345840857
433,0.46875,0.40625,-0.75818609777978718,-0.52646049088049096,-0.75975271521440446,-0.52896486820161848
434,0.53125,0.40625,-0.41312361069606623,-0.82539389543511721,-0.41283223821552567,-0.82861124992865054
435,0.46875,0.34375,-0.66319581481061474,-0.46056470428396074,-0.6644886757682128,-0.46263985398566876
436,0.53125,0.34375,-0.36134604899622497,-0.72206724438820913,-0.36106761025148248,-0.72471447257207133
437,0.40625,0.46875,-0.91776605507397857,-0.09853782800293634,-0.92038512863044941,-0.09959707731071496
438,0.40625,0.53125,-0.9177660550739789,-0.098537828002936034,-0.92038512863045774,-0.099597077310717985
439,0.34375,0.46875,-0.74584705488189706,0.3092649767171316,-0.7480556704453234,0.30982949628309114
440,0.34375,0.53125,-0.74584705488189718,0.30926497671713105,-0.74805567044532817,0.3098294962830887
441,0.59375,0.46875,0.032768303444902148,-0.9222134195093552,0.035327421663946805,-0.92508009211357878
442,0.59375,0.53125,0.032768303444900761,-0.92221341950935509,0.03532742166394514,-0.92508009211357622
443,0.65625,0.46875,0.41129721352049708,-0.69409707313061897,0.41532430797430281,-0.69503349843284556
444,0.65625,0.53125,0.41129721352049553,-0.69409707313061764,0.41532430797430203,-0.69503349843284412
445,0.53125,0.59375,-0.41312361069606968,-0.82539389543511421,-0.41283223821553328,-0.82861124992865665
446,0.46875,0.59375,-0.75818609777979018,-0.52646049088048941,-0.75975271521440824,-0.52896486820162192
447,0.53125,0.65625,-0.36134604899623074,-0.72206724438820524,-0.36106761025149214,-0.72471447257207744
448,0.46875,0.65625,-0.66319581481061951,-0.46056470428395896,-0.66448867576822934,-0.46263985398568336
449,0.40625,0.03125,-0.013799614630481948,-0.0017444796747444289,-0.013023484726534118,-0.0014117607733652876
450,0.34375,0.03125,-0.011326147179349298,0.0045070667440305174,-0.010585559984360169,0.0043841462146780377
451,0.59375,0.03125,0.0010500723997743868,-0.014102029655518713,0.00051028382349942495,-0.013093339254527804
452,0.65625,0.03125,0.0068297968365373515,-0.010549318386268115,0.0058890734511510313,-0.0098349463219299903
453,0.46875,0.09375,-0.094262745215774185,-0.065787296946030013,-0.093922171517839909,-0.065396488254392759
454,0.53125,0.09375,-0.051179069668125333,-0.10304477415302771,-0.051031823644341799,-0.10244121511781083
455,0.46875,0.15625,-0.22672468127328022,-0.15769490189852989,-0.22674924975334948,-0.15787415232680801
456,0.53125,0.15625,-0.12341990672002714,-0.24717841268396759,-0.12320819856944253,-0.24730571484457678
457,0.03125,0.40625,0.012875318436229743,0.0032323430601240394,0.012764795528239876,0.0029287630282850137
458,0.03125,0.34375,0.011252791615254637,0.0028265461333578266,0.011164020830097085,0.0025614503562919467
459,0.03125,0.59375,0.012875318436230309,0.0032323430601232353,0.012764795528241221,0.0029287630282849395
460,0.03125,0.65625,0.011252791615255654,0.0028265461333566596,0.011164020830099758,0.0025614503562917195
461,0.09375,0.46875,0.083808798005352139,0.077793321651047645,0.084304670413069105,0.077393646377361638
462,0.09375,0.53125,0.083808798005352181,0.077793321651047229,0.08430467041306855,0.077393646377360709
463,0.15625,0.46875,0.087360295662095286,0.26158800167066809,0.08816762021673602,0.26184822597665197
464,0.15625,0.53125,0.087360295662095147,0.26158800167066765,0.088167620216735743,0.26184822597665258
465,0.96875,0.40625,0.0031935710182302859,0.011930768072203002,0.0010697225247927095,0.013035114518280443
466,0.96875,0.34375,0.0029292950549298816,0.010493902316489067,0.00093766593439557769,0.011401497845036138
467,0.96875,0.59375,0.003193571018229523,0.011930768072202202,0.001069722524792407,0.013035114518282379
468,0.96875,0.65625,0.0029292950549288459,0.010493902316487759,0.0009376659343955121,0.011401497845039082
469,0.90625,0.46875,0.065711084504366329,0.091900330006626188,0.064318555513035697,0.094631675404699675
470,0.90625,0.53125,0.065711084504365955,0.091900330006626132,0.064318555513036113,0.094631675404700827
471,0.84375,0.46875,0.24580464542675146,0.12164489203404456,0.24622886480355796,0.12528359390849494
472,0.84375,0.53125,0.24580464542675085,0.12164489203404465,0.24622886480355788,0.12528359390849533
473,0.59375,0.96875,0.0010500723997744037,-0.014102029655524356,0.00051028382351138554,-0.01309333925453259
474,0.65625,0.96875,0.006829796836537492,-0.01054931838627287,0.005889073451161444,-0.0098349463219309097
475,0.40625,0.96875,-0.013799614630481415,-0.0017444796747506173,-0.013023484726521916,-0.0014117607733760069
476,0.34375,0.96875,-0.011326147179347984,0.0045070667440252239,-0.010585559984348408,0.004384146214669103
477,0.53125,0.90625,-0.05117906966812856,-0.1030447741530334,-0.051031823644333688,-0.10244121511782531
478,0.46875,0.90625,-0.09426274521577728,-0.065787296946036217,-0.093922171517833733,-0.065396488254410592
479,0.53125,0.84375,-0.12341990672003299,-0.24717841268397139,-0.12320819856944078,-0.24730571484459604
480,0.46875,0.84375,-0.22672468127328599,-0.15769490189853469,-0.22674924975334942,-0.15787415232682958
481,0.21875,0.15625,-0.023062147435636362,0.12803838793113556,-0.022862954947995753,0.12805990054684613
482,0.28125,0.15625,-0.11418154090346329,0.14175051386849533,-0.11411910435077928,0.14183563968443019
483,0.21875,0.09375,-0.0096294999294334587,0.053282851022565296,-0.009468996638181541,0.053044669307057847
484,0.28125,0.09375,-0.047562607530829269,0.058974900079790137,-0.047269491178695722,0.058751410927415613
485,0.15625,0.21875,0.041111289006958339,0.12328149690991726,0.041510730400229269,0.12328253557637132
486,0.15625,0.28125,0.057534359347866243,0.17243323790770171,0.05809136239082327,0.17252601263489234
487,0.09375,0.21875,0.039454480173399524,0.036658697992514637,0.039691723745415443,0.036437621787129733
488,0.09375,0.28125,0.055207547221327882,0.051282241589026875,0.055546085771358708,0.050992708360177212
489,0.34375,0.28125,-0.49167455619896283,0.20379492001775487,-0.49287834935021052,0.20413938822778888
490,0.34375,0.21875,-0.35154749783995648,0.14567292291853112,-0.35219885586584521,0.14587282663466156
491,0.40625,0.28125,-0.60497306014333552,-0.065053474742685038,-0.60642233024118686,-0.065623739027914949
492,0.40625,0.21875,-0.43253451409400984,-0.046570498136667221,-0.43333450859305828,-0.046893788541602269
493,0.28125,0.34375,-0.33373331604825934,0.41458994265114968,-0.33442525913755961,0.41564668764633805
494,0.21875,0.34375,-0.067281753129211433,0.37443417392800882,-0.067001284932466099,0.37527809889580244
495,0.28125,0.40625,-0.38150551193958182,0.4739824728785087,-0.38236964011127195,0.47523571332652242
496,0.21875,0.40625,-0.076890573265574538,0.42806479728084418,-0.076606631621567889,0.42907962890460905
497,0.78125,0.15625,0.13018252301449099,-0.0052001118113467531,0.13002609684247984,-0.0040027934835157484
498,0.71875,0.15625,0.15663613696503595,-0.093252704058938513,0.15692719479349199,-0.092281856646168725
499,0.78125,0.09375,0.054570026037450252,-0.0022137886668037541,0.05386506001918305,-0.0016570664593928801
500,0.71875,0.09375,0.065553442229625308,-0.038905123128425444,0.065008426735014252,-0.038224817843932633
501,0.84375,0.21875,0.11639576758432241,0.057154337651049276,0.11593723876067179,0.058983762652705933
502,0.84375,0.28125,0.16241962058682149,0.080044864214687025,0.16224083011120485,0.082544865692146141
503,0.90625,0.21875,0.031534974217227577,0.043317371625229702,0.030290565051195831,0.044554561776638475
504,0.90625,0.28125,0.043718124920450352,0.060572438999759982,0.042384082877783009,0.062350777616208525
505,0.65625,0.28125,0.27129700098209436,-0.45779421989467628,0.27365150995906307,-0.45794675313365985
506,0.65625,0.21875,0.19411010302916518,-0.32746577447493347,0.19554721089471894,-0.32723976107226826
507,0.59375,0.28125,0.021715805288304444,-0.60812995894927913,0.023278539143265626,-0.60951924010496328
508,0.59375,0.21875,0.015623706146236774,-0.43493537657947468,0.016636062734626932,-0.43554969935971216
509,0.71875,0.34375,0.45678203137461365,-0.27181150816009036,0.45985172943045161,-0.27042046441137324
510,0.78125,0.34375,0.37916552667623593,-0.01449508461093168,0.38101638252074993,-0.01172313974299443
511,0.71875,0.40625,0.52208765973219018,-0.31061671680137026,0.52577615937814592,-0.30918731386878756
512,0.78125,0.40625,0.43332036479978209,-0.016465926825887506,0.43563819003321286,-0.01340235715440505
513,0.84375,0.78125,0.11639576758431976,0.057154337651048159,0.11593723876067696,0.058983762652708827
514,0.84375,0.71875,0.16241962058681877,0.080044864214686678,0.16224083011121049,0.082544865692149458
515,0.90625,0.78125,0.031534974217225974,0.043317371625228085,0.030290565051198572,0.044554561776642611
516,0.90625,0.71875,0.043718124920448381,0.060572438999758768,0.042384082877785549,0.062350777616212258
517,0.78125,0.84375,0.13018252301448799,-0.0052001118113486622,0.13002609684248762,-0.004002793483514463
518,0.71875,0.84375,0.15663613696503192,-0.093252704058940442,0.15692719479349901,-0.09228185664617071
519,0.78125,0.90625,0.054570026037448739,-0.0022137886668065934,0.053865060019189864,-0.0016570664593903563
520,0.71875,0.90625,0.065553442229623324,-0.038905123128428858,0.065008426735022773,-0.038224817843933272
521,0.71875,0.65625,0.45678203137460899,-0.2718115081600877,0.4598517294304566,-0.27042046441137374
522,0.78125,0.65625,0.37916552667623271,-0.014495084610930496,0.38101638252075248,-0.01172313974299412
523,0.71875,0.59375,0.52208765973218718,-0.31061671680136788,0.5257761593781477,-0.30918731386878767
524,0.78125,0.59375,0.43332036479978053,-0.016465926825886514,0.43563819003321286,-0.013402357154404939
525,0.65625,0.71875,0.27129700098208759,-0.45779421989467339,0.27365150995906384,-0.45794675313365957
526,0.65625,0.78125,0.1941101030291589,-0.32746577447493275,0.19554721089472457,-0.3272397610722782
527,0.59375,0.71875,0.02171580528829679,-0.60812995894927524,0.023278539143262063,-0.60951924010496616
528,0.59375,0.78125,0.015623706146229564,-0.43493537657947401,0.016636062734626839,-0.43554969935972443
529,0.15625,0.78125,0.041111289006958707,0.12328149690991422,0.041510730400233078,0.1232825355763657
530,0.15625,0.71875,0.057534359347865896,0.17243323790769916,0.058091362390824131,0.1725260126348854
531,0.09375,0.78125,0.039454480173400981,0.036658697992512396,0.039691723745420293,0.036437621787126874
532,0.09375,0.71875,0.055207547221328604,0.051282241589024669,0.055546085771362171,0.050992708360174444
533,0.21875,0.84375,-0.023062147435636414,0.12803838793113151,-0.022862954947991249,0.12805990054683575
534,0.28125,0.84375,-0.11418154090346488,0.14175051386849047,-0.11411910435077827,0.1418356396844172
535,0.21875,0.90625,-0.0096294999294321022,0.053282851022561528,-0.0094689966381737989,0.053044669307050464
536,0.28125,0.90625,-0.047562607530829082,0.058974900079785245,-0.047269491178688797,0.058751410927404726
537,0.28125,0.65625,-0.33373331604826295,0.41458994265114857,-0.33442525913756727,0.41564668764632562
538,0.21875,0.65625,-0.067281753129213279,0.37443417392800737,-0.067001284932469984,0.37527809889579744
539,0.28125,0.59375,-0.38150551193958354,0.47398247287850737,-0.382369640111277,0.47523571332651471
540,0.21875,0.59375,-0.076890573265575649,0.42806479728084335,-0.076606631621570817,0.42907962890460666
541,0.34375,0.71875,-0.49167455619896883,0.20379492001775262,-0.49287834935022495,0.20413938822777175
542,0.34375,0.78125,-0.35154749783996175,0.1456729229185271,-0.3521988558658502,0.14587282663464174
543,0.40625,0.71875,-0.60497306014334284,-0.06505347474268687,-0.60642233024120096,-0.065623739027935446
544,0.40625,0.78125,-0.43253451409401678,-0.046570498136670885,-0.43333450859306671,-0.04689378854162473
545,0.03125,0,1.1783443441144482e-05,-7.4166939391643975e-05,-1.1678102155603693e-05,-5.18788659663828e-06
546,0,0.03125,1.0353865626557147e-06,-7.4148440013306778e-05,-1.2426932768851221e-05,-3.0710380795084524e-06
547,0.96875,0,0.00033718582033464368,0.00051529492425667772,3.0163378035600296e-06,-4.2559388604677944e-06
548,1,0.03125,0.0003748160617713325,0.0005097737817617424,5.7812453137442829e-06,-4.618746226977311e-06
549,1,0.96875,0.00037481606177290866,0.0005097737817609929,5.7812453108705797e-06,-4.6187462243642338e-06
550,0.96875,1,0.00033718582033624494,0.00051529492425593591,3.0163378007681663e-06,-4.2559388577582808e-06
551,0,0.96875,1.0353865644477853e-06,-7.4148440011947568e-05,-1.2426932766551975e-05,-3.0710380746861214e-06
552,0.03125,1,1.178344344297782e-05,-7.4166939390293236e-05,-1.1678102153163431e-05,-5.1878865917968811e-06
553,0.5,0.46875,-0.6492434764322994,-0.74931135889477762,-0.6500442364230522,-0.75259743082875552
554,0.46875,0.5,-0.81441188623831595,-0.56546095238677097,-0.8161396304761579,-0.56822266989375714
555,0.53125,0.5,-0.44377167876225976,-0.88654939289058354,-0.44347179589298247,-0.89010782049578663
556,0.5,0.53125,-0.64924347643230018,-0.74931135889477618,-0.65004423642305509,-0.75259743082875707
557,0.46875,0,0.00014372858936790913,-0.00047343528627214566,0.00059818797441752152,0.00040820295724635741
558,0.53125,0,0.00044732006376684892,-0.00044647191206660024,0.00033169233676601961,0.00064298901190205145
559,0.5,0.03125,-0.0094703999263218222,-0.011606252850412396,-0.0091934690833373953,-0.010654484623476856
560,0,0.46875,-0.00045667932002367763,-2.6165212303888368e-05,-0.00073034972479983477,-0.00011645626644876373
561,0,0.53125,-0.00045667932002345314,-2.6165212304126534e-05,-0.00073034972479939762,-0.00011645626644869042
562,0.03125,0.5,0.013837124812868329,0.0034718606814871486,0.013712313168431217,0.0031461603329702597
563,1,0.46875,0.002304124060070389,-0.0012896117656956392,2.6496765376857861e-05,-0.00075251422778591808
564,1,0.53125,0.0023041240600701961,-0.0012896117656959693,2.6496765376573851e-05,-0.000752514227785308
565,0.96875,0.5,0.0033447178151993391,0.012779363778698144,0.0011478001583865045,0.014002018228755804
566,0.53125,1,0.00044732006376834804,-0.00044647191207274501,0.00033169233678014497,0.00064298901189706304
567,0.46875,1,0.00014372858936959924,-0.00047343528627841186,0.00059818797443220596,0.00040820295723920325
568,0.5,0.96875,-0.009470399926321843,-0.011606252850418908,-0.0091934690833247439,-0.010654484623486709
569,0.25,0.21875,-0.10912943235703566,0.23923828422969076,-0.10908671643377571,0.23965735324351467
570,0.21875,0.25,-0.046535667863529716,0.25875203942069447,-0.046280154542206298,0.25921714528561585
571,0.28125,0.25,-0.23066764701083914,0.28648705897051829,-0.23099897074907344,0.28710109215102048
572,0.25,0.28125,-0.1525973157785942,0.3346263160860708,-0.15265958041845393,0.33538420234340605
573,0.75,0.21875,0.25202214225573999,-0.074638787367413681,0.25297054035146693,-0.073078906948355046
574,0.78125,0.25,0.26230727575578622,-0.010192167547886077,0.26318518856315548,-0.0080997976689448341
575,0.71875,0.25,0.31588496678557532,-0.18804613190376707,0.31763872628081724,-0.18679133680526017
576,0.75,0.28125,0.35219550432571095,-0.10418839935885521,0.35401031471004518,-0.10226648551640846
577,0.78125,0.75,0.26230727575578244,-0.010192167547886112,0.26318518856316236,-0.0080997976689440292
578,0.75,0.78125,0.25202214225573527,-0.074638787367414,0.25297054035147404,-0.073078906948355837
579,0.75,0.71875,0.3521955043257064,-0.10418839935885421,0.3540103147100519,-0.10226648551640879
580,0.71875,0.75,0.31588496678557038,-0.18804613190376662,0.31763872628082351,-0.18679133680526205
581,0.21875,0.75,-0.046535667863531478,0.25875203942069125,-0.04628015454220704,0.25921714528560524
582,0.25,0.78125,-0.10912943235703795,0.2392382842296869,-0.10908671643377689,0.23965735324350185
583,0.25,0.71875,-0.15259731577859736,0.33462631608606852,-0.15265958041845826,0.33538420234339333
584,0.28125,0.75,-0.23066764701084308,0.28648705897051535,-0.23099897074907821,0.28710109215100477
585,0.21875,0,-0.00013816026551411126,7.641161754110103e-05,6.2084963850236627e-05,-0.00033536082878686139
586,0.28125,0,-0.00024375955275432926,3.8832711364499363e-06,0.00029936844136334778,-0.00037078746762255019
587,0.25,0.03125,-0.0035913385936810482,0.0076304807980338389,-0.00327695053110862,0.0072036758699660676
588,0,0.21875,-0.00023324389452155015,-3.3399622978697773e-05,-0.00034470059858381796,-5.5229328401365302e-05
589,0,0.28125,-0.00031902180182730822,-2.7182518666599969e-05,-0.00048179596752204195,-7.6924390694214662e-05
590,0.03125,0.25,0.007762330390742085,0.0019445864271132745,0.0077109173512226676,0.0017689303266102275
591,0.78125,0,0.00068991766325402588,0.00027805490421983195,-0.00033151928593787191,1.9112348563234502e-05
592,0.71875,0,0.00078225247631399323,0.00014175270274243042,-0.0003986864746628806,0.00024840495836421083
593,0.75,0.03125,0.0086838309749815868,-0.0023201029813674718,0.0076134271990013387,-0.0021919349215811226
594,1,0.21875,0.0015091245891831015,-0.00027700296465113419,1.911919998625944e-05,-0.0003496542088034632
595,1,0.28125,0.0018208694575710723,-0.00062048283959278386,2.2196330381479524e-05,-0.00049250559573912715
596,0.96875,0.25,0.0023147198582856221,0.0073812771476046398,0.00065205628484637829,0.0078771816016181533
597,1,0.78125,0.001509124589183053,-0.00027700296465324047,1.9119199985407904e-05,-0.00034965420879926013
598,1,0.71875,0.0018208694575705981,-0.00062048283959473412,2.2196330380766516e-05,-0.00049250559573538481
599,0.96875,0.75,0.0023147198582847976,0.0073812771476026899,0.00065205628484668978,0.007877181601622308
600,0.78125,1,0.00068991766325514933,0.00027805490421690401,-0.0003315192859335775,1.9112348568663638e-05
601,0.71875,1,0.00078225247631519084,0.00014175270273869144,-0.00039868647465554039,0.00024840495836829133
602,0.75,0.96875,0.0086838309749818349,-0.0023201029813709616,0.0076134271990082047,-0.0021919349215776072
603,0,0.78125,-0.00023324389451934906,-3.3399622979366739e-05,-0.00034470059857921839,-5.5229328400026996e-05
604,0,0.71875,-0.00031902180182554699,-2.718251866752454e-05,-0.00048179596751828915,-7.6924390693531533e-05
605,0.03125,0.75,0.0077623303907438492,0.0019445864271119405,0.0077109173512270634,0.0017689303266100356
606,0.21875,1,-0.00013816026551089833,7.6411617539097438e-05,6.2084963860501975e-05,-0.00033536082878743065
607,0.28125,1,-0.00024375955275135228,3.88327113303772e-06,0.00029936844137541175,-0.00037078746762577667
608,0.25,0.96875,-0.0035913385936786435,0.0076304807980304328,-0.0032769505310981562,0.0072036758699614602
609,0.5,0.28125,-0.42791955963220607,-0.49408976183363607,-0.42829964182343916,-0.49587302894167895
610,0.5,0.21875,-0.30590610539437063,-0.35336121019747468,-0.30605174287594628,-0.35434030895646168
611,0.46875,0.25,-0.45828722209523842,-0.31839099839126123,-0.45898437038043227,-0.31956259445634239
612,0.53125,0.25,-0.24965400725933962,-0.49914343953267531,-0.24940054469772044,-0.5005870460760814
613,0.28125,0.5,-0.40978036472494528,0.50913965743965162,-0.41074794317122576,0.51050657737936489
614,0.21875,0.5,-0.08257564143423983,0.45981029913805932,-0.082291998142171599,0.46092484277903795
615,0.25,0.46875,-0.23141482431515117,0.50767883923527168,-0.23169537775951432,0.5090229257385579
616,0.25,0.53125,-0.23141482431515126,0.5076788392352708,-0.23169537775951662,0.50902292573855801
617,0.71875,0.5,0.56073929444308501,-0.33357923894247649,0.56479686836728138,-0.33213334947118717
618,0.78125,0.5,0.46537010663752726,-0.017626641812363449,0.46796883014985524,-0.014396184613832914
619,0.75,0.46875,0.53384718018842925,-0.1576718458397425,0.53728479931542816,-0.15520753747345675
620,0.75,0.53125,0.5338471801884288,-0.15767184583974206,0.53728479931542816,-0.15520753747345642
621,0.5,0.71875,-0.4279195596322139,-0.49408976183363573,-0.42829964182345182,-0.49587302894169683
622,0.5,0.78125,-0.30590610539437818,-0.35336121019747657,-0.3060517428759536,-0.35434030895648416
623,0.53125,0.75,-0.24965400725934753,-0.49914343953267498,-0.24940054469772877,-0.50058704607610038
624,0.46875,0.75,-0.45828722209524653,-0.31839099839126284,-0.45898437038044471,-0.31956259445636542
625,0.125,0.09375,0.011970940966033712,0.01859864483070044,0.012006025236879639,0.018480950773132891
626,0.09375,0.125,0.016167191933784863,0.015007199417867613,0.016235285325256091,0.014902540176087326
627,0.15625,0.125,0.016840365623674657,0.050556668439589815,0.016980115428316029,0.050425589688473493
628,0.125,0.15625,0.028795989122328277,0.044751014676697544,0.028982996788221988,0.044620430167879699
629,0.875,0.09375,0.017413079540142384,0.014306981662407297,0.016549250072640843,0.014563482121762318
630,0.90625,0.125,0.013391300935765441,0.017843381457613595,0.012395794871286539,0.018225618640824181
631,0.84375,0.125,0.048200719210545084,0.023399327346114631,0.047428319128305647,0.024126697667229614
632,0.875,0.15625,0.04086281394131213,0.034240773205586224,0.039940805041831853,0.035154960712359878
633,0.90625,0.875,0.013391300935764912,0.017843381457611468,0.012395794871288626,0.018225618640828816
634,0.875,0.90625,0.017413079540141953,0.014306981662405014,0.016549250072643688,0.01456348212176686
635,0.875,0.84375,0.040862813941310673,0.034240773205584239,0.039940805041835753,0.035154960712364097
636,0.84375,0.875,0.048200719210543669,0.023399327346112376,0.047428319128310442,0.0241266976672334
637,0.09375,0.875,0.016167191933787184,0.015007199417865926,0.016235285325262656,0.014902540176086224
638,0.125,0.90625,0.011970940966036108,0.018598644830698497,0.012006025236886953,0.018480950773131201
639,0.125,0.84375,0.028795989122330043,0.044751014676695032,0.028982996788228212,0.044620430167876028
640,0.15625,0.875,0.016840365623676384,0.050556668439586901,0.016980115428322999,0.050425589688468803
641,0.40625,0.375,-0.81303961781282275,-0.087333569092067687,-0.81526813595053826,-0.088222677794100673
642,0.375,0.40625,-0.80936901703375708,0.11655851676377772,-0.8117246046473795,0.11639972266956078
643,0.375,0.34375,-0.70798433746973832,0.10192351059246763,-0.70994415537874933,0.10180416462920401
644,0.34375,0.375,-0.66074898485724709,0.27394637278484302,-0.66262051091995056,0.27444357815900894
645,0.59375,0.375,0.029069056707441959,-0.81706548280586211,0.031293377294791168,-0.81942822764012446
646,0.625,0.40625,0.23002294992624744,-0.78435864619419393,0.23321897593179658,-0.78615912775909769
647,0.625,0.34375,0.20126182988232388,-0.68619798683113531,0.20397706111665553,-0.68758569394562663
648,0.65625,0.375,0.36442663916863477,-0.61499327121801972,0.3678912729123916,-0.61565537351555943
649,0.625,0.59375,0.23002294992624289,-0.78435864619419049,0.23321897593179422,-0.78615912775909536
650,0.59375,0.625,0.029069056707436345,-0.81706548280585767,0.031293377294787178,-0.81942822764011869
651,0.65625,0.625,0.36442663916862883,-0.61499327121801506,0.36789127291239038,-0.61565537351555588
652,0.625,0.65625,0.20126182988231686,-0.68619798683112976,0.20397706111665237,-0.68758569394561997
653,0.375,0.59375,-0.80936901703375941,0.11655851676377767,-0.81172460464738982,0.11639972266955217
654,0.40625,0.625,-0.81303961781282641,-0.087333569092067159,-0.81526813595055037,-0.088222677794111942
655,0.34375,0.625,-0.66074898485725098,0.27394637278484224,-0.66262051091996654,0.27444357815899889
656,0.375,0.65625,-0.70798433746974376,0.10192351059246692,-0.70994415537876621,0.10180416462919041
657,0.375,0.09375,-0.10078061117069062,0.014376351493179982,-0.10034899254571032,0.01438913616138229
658,0.40625,0.125,-0.17741342760263726,-0.019211252584198424,-0.17724780052506989,-0.0191820700997169
659,0.34375,0.125,-0.14423262399084724,0.059699509285078292,-0.1440607739126106,0.05966687465349186
660,0.375,0.15625,-0.24212942501399184,0.034755372217445457,-0.24226159300790404,0.034738955663502394
661,0.625,0.09375,0.029062471791592832,-0.097937985962577745,0.028839585170077241,-0.097192503593553678
662,0.59375,0.125,0.0066472520225373749,-0.1786144234875966,0.0068091487763641927,-0.17815716462458372
663,0.65625,0.125,0.079933043877791821,-0.13452363761122191,0.079990964128293041,-0.1338541947244247
664,0.625,0.15625,0.0691125227818747,-0.23496712016322158,0.069610483276112411,-0.23463637232994927
665,0.09375,0.375,0.07422902555669518,0.068918841566174199,0.074676025147544053,0.068554471019442786
666,0.125,0.40625,0.096414695938625686,0.14965021019936445,0.097110446517242988,0.14951003464761117
667,0.125,0.34375,0.084317645956409337,0.13090506816970601,0.084933752402251955,0.13076318518703783
668,0.15625,0.375,0.077369326026149654,0.23173823285581835,0.078097774276155565,0.23194252680757577
669,0.09375,0.625,0.074229025556695444,0.068918841566172881,0.074676025147545927,0.068554471019441968
670,0.125,0.59375,0.096414695938625519,0.14965021019936331,0.097110446517243335,0.14951003464761023
671,0.125,0.65625,0.084317645956409434,0.13090506816970451,0.08493375240225369,0.13076318518703597
672,0.15625,0.625,0.077369326026149154,0.2317382328558171,0.078097774276155343,0.23194252680757357
673,0.90625,0.375,0.058360808631127109,0.081408844681172002,0.056974965943383381,0.083823757069974553
674,0.875,0.40625,0.13443067792562846,0.11466558859007946,0.13379580052711168,0.1177915555764583
675,0.875,0.34375,0.11774624713316069,0.10026907297577399,0.11702173846015278,0.10302147989234792
676,0.84375,0.375,0.21789912209744097,0.10770811112984252,0.21810928634685237,0.11097420660928518
677,0.90625,0.625,0.05836080863112552,0.081408844681171488,0.056974965943383846,0.083823757069976565
678,0.875,0.59375,0.13443067792562691,0.11466558859007935,0.13379580052711157,0.11779155557645944
679,0.875,0.65625,0.1177462471331585,0.10026907297577363,0.1170217384601545,0.10302147989235028
680,0.84375,0.625,0.21789912209743886,0.10770811112984276,0.21810928634685323,0.11097420660928664
681,0.625,0.90625,0.029062471791590317,-0.097937985962582255,0.028839585170086411,-0.097192503593561408
682,0.59375,0.875,0.0066472520225332619,-0.1786144234876007,0.0068091487763709425,-0.17815716462459644
683,0.65625,0.875,0.079933043877788351,-0.13452363761122529,0.079990964128301104,-0.13385419472443133
684,0.625,0.84375,0.069112522781869773,-0.2349671201632241,0.069610483276118282,-0.23463637232995954
685,0.375,0.90625,-0.10078061117069256,0.014376351493173942,-0.10034899254570358,0.014389136161366382
686,0.40625,0.875,-0.17741342760264103,-0.019211252584204259,-0.17724780052506661,-0.019182070099736128
687,0.34375,0.875,-0.14423262399084957,0.05969950928507263,-0.14406077391260702,0.059666874653475192
688,0.375,0.84375,-0.24212942501399629,0.034755372217440121,-0.24226159300790442,0.034738955663482632
689,0.09375,0,1.3016931635704245e-05,-3.6357766010021308e-05,-6.0923109580866244e-05,-6.072461500115193e-05
690,0.15625,0,-3.1270970303478377e-05,4.1333313547774718e-05,-6.2021041301962672e-05,-0.00019426196004908517
691,0.125,0.03125,0.0015296448712308348,0.0023656113275442006,0.0014663174622204275,0.0022518603008877497
692,0,0.09375,-5.7018125475911191e-05,-6.3748096478896012e-05,-8.6239369064859822e-05,-1.463758545826426e-05
693,0,0.15625,-0.00014041647432179943,-4.6331385912761329e-05,-0.00020563417290806355,-3.3335557791150832e-05
694,0.03125,0.125,0.0026348333499097562,0.00061946757184299793,0.002618984661553669,0.00059965111622034323
695,0.90625,0,0.00048300627146871433,0.00041930584940793979,-4.3083310482275944e-05,-6.2616010297833195e-05
696,0.84375,0,0.00058410772767460031,0.0003540684509354464,-0.0001747696114788034,-8.3587069299587835e-05
697,0.875,0.03125,0.0027503755710635716,0.0020650004693981393,0.0020244557137759985,0.0017816626903906503
698,1,0.09375,0.00074755043339231057,0.000323502295162905,1.0616484697098197e-05,-8.1329661077292646e-05
699,1,0.15625,0.0011416150190634933,5.2290272597597499e-05,1.520001879084926e-05,-0.00020514682444279216
700,0.96875,0.125,0.0012377429201449494,0.0027719696708559134,0.00022802242575288022,0.0026795779431789089
701,1,0.90625,0.00074755043339344042,0.00032350229516142414,1.0616484695130784e-05,-8.1329661073611319e-05
702,1,0.84375,0.0011416150190640311,5.2290272595644465e-05,1.5200018789599978e-05,-0.00020514682443860949
703,0.96875,0.875,0.0012377429201453386,0.0027719696708539804,0.00022802242575238182,0.002679577943183254
704,0.90625,1,0.00048300627147008238,0.00041930584940644424,-4.3083310483375935e-05,-6.261601029349785e-05
705,0.84375,1,0.00058410772767578947,0.00035406845093325116,-0.00017476961147746016,-8.3587069294174996e-05
706,0.875,0.96875,0.0027503755710643228,0.0020650004693960273,0.002024455713777182,0.0017816626903955606
707,0,0.90625,-5.7018125473618402e-05,-6.3748096478326874e-05,-8.62393690608095e-05,-1.4637585454539956e-05
708,0,0.84375,-0.00014041647431938125,-4.6331385912902567e-05,-0.00020563417290326717,-3.3335557788711397e-05
709,0.03125,0.875,0.0026348333499121935,0.00061946757184257845,0.0026189846615589751,0.00059965111622220047
710,0.09375,1,1.3016931638304573e-05,-3.6357766009602894e-05,-6.0923109575594881e-05,-6.0724614997470101e-05
711,0.15625,1,-3.127097030038136e-05,4.133331354706834e-05,-6.2021041293981236e-05,-0.00019426196004722107
712,0.125,0.96875,0.0015296448712336468,0.0023656113275433849,0.0014663174622276311,0.0022518603008889475
713,0.5,0.40625,-0.6091634284404801,-0.70309843168714037,-0.60988906326289372,-0.7061079423921317
714,0.5,0.34375,-0.53283491269311101,-0.61508317745189101,-0.53341601065720046,-0.61757146194938417
715,0.46875,0.375,-0.71584562428121712,-0.49708947238506368,-0.71729044831596667,-0.49940167866264507
716,0.53125,0.375,-0.39004447440805307,-0.77933882946255306,-0.38975906686913819,-0.78230111149873349
717,0.40625,0.5,-0.92497339572473969,-0.099308657248430077,-0.92761930782252477,-0.10037986209692373
718,0.34375,0.5,-0.75170349617364451,0.31169585576984726,-0.75393533941700575,0.31226476865152136
719,0.375,0.46875,-0.86260512203667139,0.12424607294046378,-0.86516840247609983,0.12406374123050105
720,0.375,0.53125,-0.8626051220366715,0.12424607294046351,-0.86516840247610716,0.12406374123049825
721,0.59375,0.5,0.033022812572267073,-0.92944939815987138,0.035605044831631794,-0.93235107544956664
722,0.65625,0.5,0.41452274103606196,-0.69954061271070178,0.41858866029209518,-0.70049631475957652
723,0.625,0.46875,0.24512417934086397,-0.83589736372012624,0.24857357557539042,-0.83791888551332372
724,0.625,0.53125,0.24512417934086284,-0.83589736372012657,0.24857357557538895,-0.83791888551332194
725,0.5,0.59375,-0.60916342844048321,-0.70309843168713815,-0.60988906326290071,-0.70610794239213726
726,0.5,0.65625,-0.53283491269311611,-0.61508317745188823,-0.53341601065721256,-0.61757146194939461
727,0.53125,0.625,-0.39004447440805751,-0.77933882946254951,-0.38975906686914796,-0.7823011114987406
728,0.46875,0.625,-0.71584562428122078,-0.49708947238506174,-0.71729044831597655,-0.49940167866265361
729,0.40625,0,-0.00011935240633012934,-0.00035990333519256599,0.00067567920131191765,6.9554186220687015e-05
730,0.34375,0,-0.00025560657449219862,-0.00016769021302823759,0.0005480646714126964,-0.00022808125203759437
731,0.375,0.03125,-0.01303766424071085,0.0016627484083516677,-0.012242719397163088,0.0017543772451358625
732,0.59375,0,0.00068796000099116,-0.00028713760230004071,-1.3200501183763394e-05,0.00067682142086138391
733,0.65625,0,0.00079954159563038992,-6.3221514629123302e-05,-0.00029069390515527979,0.00051254096992904487
734,0.625,0.03125,0.0042971717075930282,-0.012744239149311901,0.0035289210456335824,-0.011858494069077278
735,0.5,0.09375,-0.075648305872864557,-0.087802957150131103,-0.0753941848552976,-0.087296394846669109
736,0.5,0.15625,-0.18210613364283726,-0.21056581700382934,-0.18202125538466607,-0.2107436942843034
737,0.46875,0.125,-0.15611979560334457,-0.10870058175389878,-0.15594519955104497,-0.10857845498370444
738,0.53125,0.125,-0.084920039172939929,-0.17034943406798009,-0.084734375065548678,-0.17008502200539108
739,0,0.40625,-0.00043359115686763465,-2.5724525575015929e-05,-0.00068535766456349586,-0.00010928645664387408
740,0,0.34375,-0.00038733302040895248,-2.5509339376104533e-05,-0.00059964925377800767,-9.5643202401137495e-05
741,0.03125,0.375,0.012151736058058893,0.0030516589767908327,0.012051274158674465,0.0027650442965706009
742,0,0.59375,-0.00043359115686690227,-2.5724525575640182e-05,-0.00068535766456212781,-0.00010928645664357744
743,0,0.65625,-0.00038733302040770283,-2.5509339376961449e-05,-0.00059964925377538336,-9.5643202400657831e-05
744,0.03125,0.625,0.01215173605805967,0.0030516589767898288,0.012051274158676505,0.0027650442965703966
745,0.09375,0.5,0.084468224093548608,0.078404018152225377,0.084967318704364136,0.078001959331249954
746,0.15625,0.5,0.088048058446565727,0.26364228301498249,0.088860633133780009,0.26390634367689791
747,0.125,0.46875,0.10276865248964602,0.15949275018851727,0.10350433096008074,0.15935378729632013
748,0.125,0.53125,0.10276865248964599,0.15949275018851691,0.10350433096008024,0.15935378729631949
749,1,0.40625,0.002223003879057123,-0.0011642271924523872,2.5817660487896286e-05,-0.00070535217524952162
750,1,0.34375,0.0020611604048021595,-0.00093051312290910531,2.4409647634657518e-05,-0.00061562740425150141
751,0.96875,0.375,0.0030772089844424873,0.0112908018702588,0.001010884257485597,0.012306968228402966
752,1,0.59375,0.0022230038790566056,-0.0011642271924533448,2.5817660487184893e-05,-0.00070535217524775773
753,1,0.65625,0.0020611604048015172,-0.00093051312291061788,2.4409647633894581e-05,-0.00061562740424870189
754,0.96875,0.625,0.003077208984441554,0.011290801870257751,0.0010108842574853725,0.012306968228405343
755,0.90625,0.5,0.066216490481382326,0.092622427072918997,0.064823935651120296,0.095375480305487287
756,0.84375,0.5,0.24772468618057067,0.1226042985721047,0.24816405424306695,0.12626837451548617
757,0.875,0.46875,0.14318619722403583,0.12222724769895013,0.14260358534067932,0.12554719927030317
758,0.875,0.53125,0.14318619722403536,0.12222724769895019,0.14260358534067957,0.125547199270304
759,0.59375,1,0.00068796000099257673,-0.00028713760230551143,-1.3200501171066433e-05,0.00067682142085961179
760,0.65625,1,0.0007995415956317095,-6.3221514633703027e-05,-0.00029069390514508363,0.00051254096993056828
761,0.625,0.96875,0.0042971717075931193,-0.012744239149317108,0.0035289210456448681,-0.011858494069080114
762,0.40625,1,-0.00011935240632809918,-0.00035990333519836121,0.00067567920132627021,6.9554186213428105e-05
763,0.34375,1,-0.00025560657448965004,-0.00016769021303299922,0.00054806467142616479,-0.00022808125204326222
764,0.375,0.96875,-0.013037664240709942,0.0016627484083458696,-0.012242719397151091,0.0017543772451258707
765,0.5,0.90625,-0.075648305872867763,-0.087802957150137098,-0.075394184855290577,-0.087296394846685665
766,0.5,0.84375,-0.18210613364284314,-0.2105658170038337,-0.18202125538466576,-0.21074369428432438
767,0.53125,0.875,-0.084920039172944453,-0.17034943406798481,-0.084734375065543821,-0.17008502200540876
768,0.46875,0.875,-0.15611979560334915,-0.10870058175390442,-0.15594519955104164,-0.10857845498372454
769,0.25,0.15625,-0.065018231547142591,0.14247006397199133,-0.064878199676598886,0.14253495571338812
770,0.25,0.09375,-0.02709794424553004,0.059285540655295406,-0.02687269674691414,0.059040899025728108
771,0.21875,0.125,-0.015901174169663551,0.088189196764203587,-0.015723295912475451,0.088072659661371872
772,0.28125,0.125,-0.078667623386556113,0.097627212047361731,-0.078484606668683676,0.097547166280360864
773,0.15625,0.25,0.049491877346619986,0.14836899078583116,0.049973534990790963,0.14841669291925333
774,0.09375,0.25,0.047493619563802957,0.044123521263128532,0.047783854308807459,0.043866646121053808
775,0.125,0.21875,0.048380762789846543,0.075165475841664345,0.048731430827046264,0.075026083846806452
776,0.125,0.28125,0.067697573959043508,0.10513699605754902,0.068196372129698535,0.10499454742721639
777,0.34375,0.25,-0.42306913273150637,0.17533678350849249,-0.4240024612312755,0.17561236407256214
778,0.40625,0.25,-0.5205477108259996,-0.056006073769932108,-0.52167949362584554,-0.05645369547364186
779,0.375,0.28125,-0.56862622784059202,0.081818266381574051,-0.57004134868745726,0.081741978095440662
780,0.375,0.21875,-0.40655761622404973,0.058451447882300098,-0.40733762874665641,0.058410417035847435
781,0.25,0.34375,-0.18996480717682973,0.41665588369034806,-0.19012602102584805,0.41769627893510086
782,0.25,0.40625,-0.21714470990525483,0.47633839821094881,-0.21738304864898217,0.47757908823090323
783,0.28125,0.375,-0.36021231012285304,0.44750860061587244,-0.36099928813900495,0.4486749449539254
784,0.21875,0.375,-0.072608247181715352,0.40415951143674489,-0.072325231335339302,0.405098541076165
785,0.75,0.15625,0.1503669041272131,-0.044583534634008874,0.15045721881784921,-0.043464392739676526
786,0.75,0.09375,0.06295848671330756,-0.018628593654160953,0.062328278631761311,-0.018003200069394768
787,0.78125,0.125,0.089882310072124549,-0.0036287277067687551,0.089428180791006992,-0.0027527791967161797
788,0.71875,0.125,0.10808264040902377,-0.064302746510763981,0.10792940385610814,-0.063466863346748698
789,0.84375,0.25,0.13989208624821695,0.068832730990608687,0.13957094773151502,0.071009389710168305
790,0.90625,0.25,0.037759462487607684,0.052122326268112487,0.036463273998636657,0.053637814863917749
791,0.875,0.21875,0.068049989767818536,0.057512932146054983,0.067148662706641618,0.059108942158755853
792,0.875,0.28125,0.094789001123727956,0.080491355999168873,0.093964459512101625,0.082719396491189909
793,0.65625,0.25,0.2335065464135537,-0.39399198357921628,0.23541206918426102,-0.39395343932664323
794,0.59375,0.25,0.018732326512918875,-0.52333891370162067,0.020026399365495363,-0.52434478997946754
795,0.625,0.28125,0.16172580712770207,-0.55125139154205693,0.16378243654229727,-0.55209078597206152
796,0.625,0.21875,0.1157476069470426,-0.3942784094475687,0.11703709308277015,-0.39451279356502378
797,0.75,0.34375,0.43831443513367863,-0.12955745620681683,0.44089036247867719,-0.12736307750006312
798,0.75,0.40625,0.50095726618124825,-0.14799553811467239,0.50409617096764414,-0.14562073516617685
799,0.71875,0.375,0.4929795648638961,-0.29332170789302808,0.49639151951149596,-0.29190770535769089
800,0.78125,0.375,0.409183016533536,-0.015589060090145076,0.41129150366049588,-0.012653904109668322
801,0.84375,0.75,0.13989208624821414,0.068832730990607952,0.13957094773152032,0.071009389710171289
802,0.90625,0.75,0.037759462487605824,0.052122326268111058,0.036463273998639342,0.053637814863921669
803,0.875,0.78125,0.068049989767816482,0.057512932146053637,0.06714866270664549,0.059108942158759378
804,0.875,0.71875,0.094789001123725583,0.080491355999168096,0.093964459512105761,0.082719396491193725
805,0.75,0.84375,0.1503669041272096,-0.044583534634010796,0.1504572188178567,-0.043464392739676741
806,0.75,0.90625,0.062958486713305797,-0.018628593654164059,0.062328278631769228,-0.01800320006939372
807,0.78125,0.875,0.089882310072122204,-0.0036287277067711945,0.089428180791014417,-0.0027527791967143496
808,0.71875,0.875,0.10808264040902069,-0.06430274651076677,0.1079294038561163,-0.063466863346750349
809,0.75,0.65625,0.43831443513367474,-0.12955745620681497,0.44089036247868207,-0.12736307750006357
810,0.75,0.59375,0.50095726618124614,-0.14799553811467078,0.50409617096764503,-0.1456207351661766
811,0.71875,0.625,0.49297956486389211,-0.29332170789302536,0.49639151951150129,-0.29190770535769212
812,0.78125,0.625,0.40918301653353356,-0.015589060090143844,0.41129150366049616,-0.012653904109668258
813,0.65625,0.75,0.23350654641354698,-0.39399198357921444,0.23541206918426402,-0.39395343932664806
814,0.59375,0.75,0.018732326512911297,-0.52333891370161834,0.020026399365493271,-0.52434478997947676
815,0.625,0.71875,0.16172580712769469,-0.55125139154205294,0.16378243654229563,-0.55209078597206074
816,0.625,0.78125,0.11574760694703572,-0.39427840944756742,0.11703709308277328,-0.39451279356503549
817,0.15625,0.75,0.049491877346619931,0.1483689907858283,0.04997353499079335,0.14841669291924733
818,0.09375,0.75,0.047493619563804101,0.044123521263126277,0.047783854308811657,0.043866646121050908
819,0.125,0.78125,0.048380762789847535,0.075165475841661708,0.048731430827050864,0.075026083846802233
820,0.125,0.71875,0.067697573959043703,0.10513699605754651,0.068196372129700839,0.10499454742721148
821,0.25,0.84375,-0.06501823154714341,0.14247006397198689,-0.064878199676595708,0.1425349557133759
822,0.25,0.90625,-0.027097944245529255,0.059285540655291097,-0.026872696746906736,0.059040899025718865
823,0.21875,0.875,-0.015901174169662909,0.088189196764199562,-0.0157232959124693,0.088072659661362671
824,0.28125,0.875,-0.078667623386556848,0.097627212047356721,-0.078484606668679804,0.097547166280348901
825,0.25,0.65625,-0.18996480717683237,0.41665588369034662,-0.19012602102585366,0.41769627893509126
826,0.25,0.59375,-0.21714470990525625,0.47633839821094753,-0.2173830486489865,0.47757908823089823
827,0.28125,0.625,-0.36021231012285548,0.44750860061587089,-0.36099928813901222,0.44867494495391597
828,0.21875,0.625,-0.072608247181716878,0.40415951143674378,-0.072325231335342535,0.40509854107616017
829,0.34375,0.75,-0.42306913273151214,0.17533678350848939,-0.42400246123128449,0.17561236407254308
830,0.40625,0.75,-0.52054771082600715,-0.056006073769934911,-0.52167949362585708,-0.056453695473663933
831,0.375,0.71875,-0.56862622784059846,0.081818266381571844,-0.57004134868747325,0.081741978095421983
832,0.375,0.78125,-0.40655761622405573,0.058451447882296219,-0.40733762874666313,0.05841041703582632
833,0.0625,0.03125,0.00070910518190226443,0.00031899948613976027,0.00067562019631070796,0.00035591410590451355
834,0.03125,0.0625,0.00075375035546983388,0.00012282827203825427,0.00074480066399077208,0.00016893684361003506
835,0.09375,0.0625,0.0046507661536083714,0.0042821242425274634,0.0046245326942200423,0.0042420599824693813
836,0.0625,0.09375,0.0055384410872239285,0.0029679522629552473,0.0055420500615736019,0.002943586766583703
837,0.9375,0.03125,0.00082587840779597521,0.0010964220182577019,0.00026343055584560808,0.00072569958576043777
838,0.96875,0.0625,0.00071593041218992145,0.0010987825721998038,6.9800428551992371e-05,0.00076672501036333855
839,0.90625,0.0625,0.0042988590397867576,0.0053155472257806168,0.0035356369802634403,0.0051940106514970419
840,0.9375,0.09375,0.0029943646368042484,0.0059539280194523918,0.0021194452949162119,0.0059120683703677004
841,0.96875,0.9375,0.00071593041219100424,0.0010987825721983382,6.9800428550480261e-05,0.00076672501036713228
842,0.9375,0.96875,0.00082587840779713574,0.0010964220182562278,0.00026343055584441167,0.00072569958576442883
843,0.9375,0.90625,0.0029943646368045989,0.0059539280194504472,0.0021194452949164035,0.0059120683703721578
844,0.90625,0.9375,0.0042988590397872199,0.0053155472257786027,0.0035356369802642296,0.005194010651501684
845,0.03125,0.9375,0.00075375035547214973,0.00012282827203866697,0.00074480066399516169,0.00016893684361344159
846,0.0625,0.96875,0.00070910518190468177,0.00031899948614011258,0.00067562019631550968,0.00035591410590785538
847,0.0625,0.90625,0.0055384410872264299,0.0029679522629545937,0.0055420500615795069,0.0029435867665850504
848,0.09375,0.9375,0.0046507661536109874,0.0042821242425266628,0.0046245326942265293,0.0042420599824704187
849,0.46875,0.4375,-0.78917430212577033,-0.54795552463315722,-0.79082981079996983,-0.55060142682530377
850,0.4375,0.46875,-0.90019867322260505,-0.3357029304926481,-0.90253179886425194,-0.33765406228321498
851,0.4375,0.40625,-0.84463623930865384,-0.31500957301789445,-0.84677987993348613,-0.31679662451990426
852,0.40625,0.4375,-0.89631321793232022,-0.096243239158989496,-0.8988523758332585,-0.097267091407201259
853,0.53125,0.4375,-0.43001490373962448,-0.85909948730235264,-0.42971892959747038,-0.86250448882118091
854,0.5625,0.46875,-0.20425597708715817,-0.93866201273881145,-0.20279116506801428,-0.94204339039314522
855,0.5625,0.40625,-0.19163248757471141,-0.88077179256265059,-0.19026390520042941,-0.8838514519723919
856,0.59375,0.4375,0.032010688394693655,-0.90067506206694803,0.034501067204842958,-0.90343778624824889
857,0.5625,0.53125,-0.2042559770871597,-0.93866201273881122,-0.20279116506801606,-0.94204339039314655
858,0.53125,0.5625,-0.43001490373962681,-0.85909948730235042,-0.42971892959747299,-0.86250448882118125
859,0.59375,0.5625,0.032010688394690734,-0.9006750620669467,0.034501067204840613,-0.90343778624824833
860,0.5625,0.59375,-0.19163248757471532,-0.8807717925626477,-0.19026390520043468,-0.88385145197239179
861,0.4375,0.53125,-0.90019867322260616,-0.33570293049264754,-0.90253179886425661,-0.33765406228321793
862,0.46875,0.5625,-0.78917430212577222,-0.54795552463315589,-0.79082981079997339,-0.550601426825306
863,0.40625,0.5625,-0.89631321793232177,-0.096243239158989038,-0.89885237583326694,-0.097267091407206754
864,0.4375,0.59375,-0.84463623930865595,-0.31500957301789301,-0.84677987993349368,-0.31679662451991059
865,0.4375,0.03125,-0.013448549063361291,-0.0053554560955494509,-0.012769735686722608,-0.0047815327051115896
866,0.46875,0.0625,-0.044872266487863188,-0.031544638195241954,-0.044414589720838997,-0.030928396604397456
867,0.40625,0.0625,-0.051124944578171246,-0.0056993334784624962,-0.050483694933189327,-0.0054648896170155573
868,0.4375,0.09375,-0.10508256496078115,-0.039430130923980899,-0.10468178708490328,-0.039166419302493705
869,0.5625,0.03125,-0.0025876685414513521,-0.014400365888899263,-0.0028607723320017088,-0.013334498765352119
870,0.53125,0.0625,-0.024220239124056651,-0.049318456852203166,-0.024129694999972265,-0.048447268691339661
871,0.59375,0.0625,0.002281100316918121,-0.05166023036810289,0.0019462355320722211,-0.050745502658665557
872,0.5625,0.09375,-0.0235427795689028,-0.10994717603570814,-0.023515588294787636,-0.10927035593391569
873,0.03125,0.4375,0.013405274709039114,0.0033644058140702908,0.013287008957205509,0.0030485807066554602
874,0.0625,0.46875,0.047612586284108499,0.025864593274169283,0.047787095924382059,0.025399288662659614
875,0.0625,0.40625,0.044666577393286881,0.024269383528120973,0.044835029912566424,0.023830275155357027
876,0.09375,0.4375,0.08184610586099629,0.075975531105249114,0.082332279575770856,0.0755829834722795
877,0.03125,0.5625,0.013405274709039463,0.0033644058140697196,0.013287008957206331,0.0030485807066553739
878,0.0625,0.53125,0.047612586284108568,0.025864593274168908,0.047787095924382121,0.025399288662659298
879,0.0625,0.59375,0.044666577393287263,0.024269383528120018,0.044835029912567576,0.023830275155356559
880,0.09375,0.5625,0.081846105860996346,0.075975531105248351,0.082332279575771439,0.075582983472279153
881,0.96875,0.4375,0.0032773382642960402,0.012398638154389121,0.0011127618698782351,0.013568017326988906
882,0.9375,0.46875,0.020134002127733142,0.048959512857872721,0.018199171096757252,0.050944239169236301
883,0.9375,0.40625,0.018969398797835095,0.045951229452700193,0.017076138009143753,0.047797471108423938
884,0.90625,0.4375,0.064206398651651259,0.08975103531963588,0.062814270588657448,0.092417718429185294
885,0.96875,0.5625,0.0032773382642955085,0.012398638154388589,0.0011127618698779614,0.01356801732699023
886,0.9375,0.53125,0.020134002127732802,0.048959512857872554,0.018199171096757314,0.050944239169237134
887,0.9375,0.59375,0.018969398797834085,0.045951229452699638,0.017076138009143794,0.047797471108425971
888,0.90625,0.5625,0.06420639865165044,0.0897510353196357,0.062814270588657295,0.092417718429186307
889,0.5625,0.96875,-0.0025876685414513976,-0.014400365888905291,-0.0028607723319893051,-0.013334498765358919
890,0.53125,0.9375,-0.024220239124058327,-0.049318456852209334,-0.024129694999961687,-0.048447268691351242
891,0.59375,0.9375,0.0022811003169167137,-0.051660230368108316,0.0019462355320828024,-0.050745502658673225
892,0.5625,0.90625,-0.023542779568905832,-0.10994717603571333,-0.023515588294779181,-0.10927035593392879
893,0.4375,0.96875,-0.013448549063361022,-0.005355456095555892,-0.01276973568671017,-0.0047815327051226797
894,0.46875,0.9375,-0.044872266487864708,-0.031544638195248477,-0.044414589720829283,-0.030928396604412111
895,0.40625,0.9375,-0.051124944578172273,-0.005699333478468834,-0.050483694933179939,-0.0054648896170296632
896,0.4375,0.90625,-0.10508256496078407,-0.039430130923987172,-0.10468178708489653,-0.03916641930251126
897,0.21875,0.1875,-0.030762120309994249,0.17089739375311339,-0.030541507709310519,0.17106603214873609
898,0.1875,0.21875,0.012473575598670491,0.17312902818385723,0.012837069867289693,0.17329565794372265
899,0.1875,0.15625,0.0074061885017128416,0.10310089505616564,0.0076353500752176602,0.10306623081881991
900,0.15625,0.1875,0.032666753993585464,0.09799019830922126,0.032979455061219569,0.097944691689827681
901,0.3125,0.28125,-0.38639216949796251,0.28946590870932842,-0.38725631143798567,0.2901048818955641
902,0.28125,0.3125,-0.30274218121134888,0.37606560736227457,-0.30332415909203797,0.37699191360237666
903,0.34375,0.3125,-0.55530178510695583,0.23019170692148824,-0.5567566049994318,0.23059656775813231
904,0.3125,0.34375,-0.48107038437291488,0.36044349671164122,-0.4822988595632044,0.36130437744578503
905,0.28125,0.1875,-0.15237792995422067,0.18920636092798934,-0.15244380315400763,0.1894677735184899
906,0.3125,0.21875,-0.27627972351060254,0.2069353450418672,-0.27672390497620747,0.20730180874984425
907,0.3125,0.15625,-0.16456059893558178,0.12321487428836636,-0.16457972643958851,0.12329173195985958
908,0.34375,0.1875,-0.27944676648430905,0.11577217089010616,-0.27981344032170002,0.11589240430886859
909,0.1875,0.28125,0.017483009224255944,0.24215331768443635,0.017964450034978516,0.24251579359149489
910,0.21875,0.3125,-0.061045825556460515,0.33964614355641415,-0.060770329190405592,0.34037758856316924
911,0.15625,0.3125,0.064996362343457667,0.19475122259878869,0.065620228977422715,0.19488595000384581
912,0.1875,0.34375,0.021802193883396184,0.30150730414943311,0.022373561996700972,0.30203559696370963
913,0.78125,0.1875,0.17351482861144166,-0.0068583659840314596,0.17368880597034222,-0.0053465855881660428
914,0.8125,0.21875,0.16954968009630833,0.035985419702799414,0.16958497448150917,0.037890749267986475
915,0.8125,0.15625,0.1012901767379655,0.021343706956710999,0.10086423896755159,0.02253482227697224
916,0.84375,0.1875,0.092695749907595673,0.045394978319184001,0.092111793813268839,0.046860944404306389
917,0.6875,0.28125,0.34092170945972,-0.34154072449703965,0.34333706688764321,-0.3409466007459423
918,0.71875,0.3125,0.41441577632486121,-0.24663105352869608,0.41708714048544571,-0.2452726439647934
919,0.65625,0.3125,0.30634490743237186,-0.51695828009912126,0.3091163095798834,-0.51729657746784596
920,0.6875,0.34375,0.42433026075510277,-0.4250741984312934,0.42759831016802263,-0.42462120050344021
921,0.71875,0.1875,0.20885535776695041,-0.12435671731075286,0.20962414649044561,-0.12327168467164133
922,0.6875,0.21875,0.24391326262701632,-0.24435037939732634,0.24534314203305432,-0.24363423449227881
923,0.6875,0.15625,0.14549095857318237,-0.14567520658182023,0.14592049685696226,-0.14490179211536597
924,0.65625,0.1875,0.1543963648753558,-0.26038562960323058,0.15535939790053194,-0.25998526956691276
925,0.8125,0.28125,0.23678487097690071,0.050481258823668294,0.23731734935183571,0.053027178344259948
926,0.78125,0.3125,0.3440304544410826,-0.01320924920846253,0.34558365354208426,-0.01063371618230542
927,0.84375,0.3125,0.18330408943311249,0.090450564224066984,0.18326564195170725,0.093243458040881758
928,0.8125,0.34375,0.29457007583544342,0.062979228202968696,0.29555739148485322,0.066043031255120815
929,0.8125,0.78125,0.16954968009630511,0.035985419702798518,0.16958497448151544,0.037890749267988577
930,0.78125,0.8125,0.17351482861143816,-0.0068583659840327511,0.17368880597034947,-0.0053465855881651009
931,0.84375,0.8125,0.092695749907593328,0.045394978319182468,0.092111793813274251,0.046860944404309629
932,0.8125,0.84375,0.10129017673796303,0.02134370695670908,0.10086423896755811,0.022534822276974779
933,0.71875,0.6875,0.41441577632485621,-0.24663105352869388,0.41708714048545109,-0.24527264396479412
934,0.6875,0.71875,0.34092170945971401,-0.34154072449703732,0.34333706688764548,-0.34094660074594285
935,0.6875,0.65625,0.42433026075509711,-0.42507419843128963,0.42759831016802458,-0.42462120050343877
936,0.65625,0.6875,0.30634490743236509,-0.51695828009911748,0.30911630957988373,-0.51729657746784374
937,0.8125,0.71875,0.23678487097689746,0.050481258823668357,0.2373173493518409,0.053027178344261718
938,0.78125,0.6875,0.34403045444107905,-0.013209249208461603,0.34558365354209081,-0.010633716182304786
939,0.84375,0.6875,0.18330408943311,0.090450564224067012,0.18326564195171138,0.093243458040884353
940,0.8125,0.65625,0.29457007583544076,0.06297922820296932,0.29555739148485571,0.066043031255122078
941,0.71875,0.8125,0.2088553577669458,-0.12435671731075396,0.20962414649045336,-0.12327168467164425
942,0.6875,0.78125,0.24391326262701063,-0.24435037939732621,0.24534314203305974,-0.24363423449228314
943,0.6875,0.84375,0.14549095857317795,-0.14567520658182218,0.14592049685696964,-0.14490179211537069
944,0.65625,0.8125,0.15439636487535013,-0.26038562960323136,0.15535939790053746,-0.25998526956692053
945,0.1875,0.78125,0.012473575598670092,0.17312902818385373,0.012837069867292088,0.17329565794371488
946,0.21875,0.8125,-0.030762120309994971,0.17089739375310928,-0.030541507709307858,0.17106603214872546
947,0.15625,0.8125,0.032666753993586296,0.097990198309218124,0.032979455061224489,0.097944691689821881
948,0.1875,0.84375,0.0074061885017135112,0.10310089505616202,0.0076353500752230283,0.10306623081881221
949,0.28125,0.6875,-0.30274218121135282,0.3760656073622729,-0.30332415909204707,0.37699191360236456
950,0.3125,0.71875,-0.38639216949796751,0.28946590870932609,-0.38725631143799577,0.29010488189554784
951,0.3125,0.65625,-0.48107038437291916,0.36044349671164005,-0.48229885956321789,0.3613043774457731
952,0.34375,0.6875,-0.55530178510696138,0.23019170692148672,-0.55675660499944846,0.23059656775811743
953,0.1875,0.71875,0.017483009224254845,0.24215331768443374,0.017964450034978256,0.24251579359148764
954,0.21875,0.6875,-0.061045825556462575,0.33964614355641221,-0.060770329190408687,0.34037758856315964
955,0.15625,0.6875,0.064996362343457209,0.19475122259878669,0.065620228977423228,0.19488595000384112
956,0.1875,0.65625,0.021802193883395087,0.30150730414943167,0.022373561996699268,0.30203559696370563
957,0.28125,0.8125,-0.15237792995422328,0.18920636092798501,-0.15244380315400796,0.18946777351847463
958,0.3125,0.78125,-0.27627972351060692,0.20693534504186334,-0.27672390497621302,0.2073018087498274
959,0.3125,0.84375,-0.16456059893558408,0.12321487428836105,-0.1645797264395879,0.12329173195984386
960,0.34375,0.8125,-0.2794467664843136,0.11577217089010149,-0.27981344032170291,0.11589240430884976
961,0.1875,0.03125,0.00034443108234481789,0.0055311076804154752,0.00038836952626128537,0.0052074543215716697
962,0.21875,0.0625,-0.0046295527534694018,0.025420319925009493,-0.004476677007320011,0.025085013658923388
963,0.15625,0.0625,0.0048347092541796378,0.01455744951208855,0.0048379132748610871,0.014360802063775527
964,0.1875,0.09375,0.0030586137616840522,0.042901019136446311,0.0031640027152192176,0.042691298464822072
965,0.3125,0.03125,-0.0089443010648919061,0.0065200409834321529,-0.0083167502738944413,0.0062311542607205962
966,0.28125,0.0625,-0.022744458539999273,0.028116721066271281,-0.022353324619761659,0.027784285710451537
967,0.34375,0.0625,-0.041629593364476636,0.01712107172289357,-0.041031607408239426,0.01699454512940073
968,0.3125,0.09375,-0.068527315738242361,0.05124233081470677,-0.068171510966276216,0.051070116906240373
969,0.03125,0.1875,0.0051189017061073726,0.0012664778444619121,0.0050882457920935001,0.0011667953732830898
970,0.0625,0.21875,0.022405395166264944,0.012180239860817002,0.022498407400619588,0.011957710566588961
971,0.0625,0.15625,0.013332082376621363,0.0072313739616994728,0.013380489446541887,0.0071107749063798594
972,0.09375,0.1875,0.0313529906134183,0.029131232052212509,0.031534079659080533,0.02894833264132686
973,0.03125,0.3125,0.010201842053526661,0.0025623907049300734,0.010125631265592981,0.0023231572302188329
974,0.0625,0.28125,0.031355949396671377,0.017049054555791865,0.031485385074278852,0.016734723486461666
975,0.0625,0.34375,0.039058732365546571,0.021230105891205678,0.039213039480937274,0.020842151271982273
976,0.09375,0.3125,0.062364007089295001,0.057920214228265057,0.062745131725449252,0.057601666581196906
977,0.8125,0.03125,0.006024280232158956,0.0012898684933387726,0.0051049716056773518,0.0011442573437162916
978,0.78125,0.0625,0.026372582287198812,-0.0010323715559383288,0.025478056689680246,-0.00078146485590335421
979,0.84375,0.0625,0.01435513015887523,0.006824227210712009,0.013514360629385269,0.0068747752440683823
980,0.8125,0.09375,0.042555172174075014,0.0088618693655868434,0.041785370668400497,0.009335599776818691
981,0.6875,0.03125,0.008433247313978277,-0.00783684897198305,0.0073856532862870659,-0.0073205403871325148
982,0.71875,0.0625,0.03161262160374291,-0.018580871075871384,0.030748674964443536,-0.018075426401164961
983,0.65625,0.0625,0.023471285545313993,-0.038887136251020471,0.022791291681712681,-0.03812521176648842
984,0.6875,0.09375,0.060897800980203073,-0.060741967889259903,0.060449247276782102,-0.060021570052260671
985,0.96875,0.1875,0.001794797773876437,0.0050074308912497608,0.00043424034870366969,0.005200135377811531
986,0.9375,0.21875,0.010031057858414636,0.023186081985744268,0.0085764436741138008,0.023987068532588585
987,0.9375,0.15625,0.0062921245883978726,0.013903764873582393,0.0051051674333616043,0.014267450115166128
988,0.90625,0.1875,0.025244794979338878,0.034447413505276601,0.024067563570565397,0.035397813934327116
989,0.96875,0.3125,0.0027513538958362708,0.0095597210152775433,0.0008518946946461472,0.010341745046633872
990,0.9375,0.28125,0.013657636628884485,0.032344741941865464,0.011996791607031251,0.033567109875627194
991,0.9375,0.34375,0.016741967694426717,0.040221413816793485,0.014937228181742404,0.04180462709999809
992,0.90625,0.3125,0.049235133661837675,0.068412124604275287,0.047875114646108975,0.070431574033589336
993,0.96875,0.8125,0.0017947977738761404,0.0050074308912476722,0.00043424034870377919,0.0052001353778159355
994,0.9375,0.78125,0.010031057858413515,0.023186081985742381,0.0085764436741152684,0.023987068532592935
995,0.9375,0.84375,0.0062921245883973955,0.01390376487358032,0.005105167433362692,0.014267450115170629
996,0.90625,0.8125,0.025244794979337543,0.034447413505274721,0.024067563570567958,0.035397813934331279
997,0.96875,0.6875,0.0027513538958352209,0.0095597210152759717,0.00085189469464626722,0.010341745046637364
998,0.9375,0.71875,0.013657636628882999,0.03234474194186391,0.011996791607032554,0.033567109875630989
999,0.9375,0.65625,0.016741967694425298,0.040221413816792444,0.014937228181743036,0.041804627100001122
1000,0.90625,0.6875,0.049235133661835732,0.06841212460427433,0.047875114646111203,0.070431574033592959
1001,0.8125,0.96875,0.0060242802321593975,0.0012898684933360224,0.0051049716056813998,0.0011442573437211634
1002,0.78125,0.9375,0.026372582287198243,-0.0010323715559414045,0.02547805668968655,-0.00078146485589996857
1003,0.84375,0.9375,0.014355130158875134,0.0068242272107095032,0.013514360629388862,0.0068747752440730279
1004,0.8125,0.90625,0.042555172174073869,0.0088618693655842205,0.041785370668406409,0.0093355997768222714
1005,0.6875,0.96875,0.0084332473139784436,-0.0078368489719873782,0.0073856532862963719,-0.0073205403871316795
1006,0.71875,0.9375,0.031612621603742036,-0.01858087107587518,0.030748674964452112,-0.018075426401164312
1007,0.65625,0.9375,0.023471285545312907,-0.038887136251025092,0.022791291681722694,-0.038125211766491522
1008,0.6875,0.90625,0.060897800980200902,-0.060741967889263664,0.060449247276790873,-0.060021570052263273
1009,0.03125,0.8125,0.0051189017061095904,0.0012664778444608853,0.0050882457920987329,0.0011667953732836386
1010,0.0625,0.78125,0.022405395166266717,0.012180239860815243,0.022498407400624518,0.011957710566587655
1011,0.0625,0.84375,0.013332082376623628,0.0072313739616981067,0.013380489446547825,0.0071107749063795724
1012,0.09375,0.8125,0.031352990613420083,0.029131232052210364,0.031534079659086278,0.028948332641324542
1013,0.03125,0.6875,0.010201842053527912,0.0025623907049287633,0.010125631265596249,0.0023231572302185449
1014,0.0625,0.71875,0.031355949396672564,0.017049054555790061,0.031485385074282689,0.016734723486460251
1015,0.0625,0.65625,0.0390587323655473,0.021230105891204217,0.039213039480939703,0.020842151271981326
1016,0.09375,0.6875,0.062364007089295521,0.05792021422826308,0.062745131725452069,0.057601666581194651
1017,0.1875,0.96875,0.0003444310823476411,0.0055311076804133961,0.00038836952627043555,0.0052074543215701128
1018,0.21875,0.9375,-0.0046295527534673687,0.025420319925006162,-0.0044766770073109922,0.025085013658918052
1019,0.15625,0.9375,0.0048347092541821931,0.014557449512086484,0.0048379132748692169,0.01436080206377353
1020,0.1875,0.90625,0.0030586137616858667,0.042901019136443147,0.0031640027152270308,0.042691298464816417
1021,0.3125,0.96875,-0.0089443010648901974,0.0065200409834274423,-0.0083167502738830772,0.0062311542607129799
1022,0.28125,0.9375,-0.022744458539998152,0.028116721066266732,-0.02235332461975232,0.027784285710442662
1023,0.34375,0.9375,-0.041629593364476615,0.017121071722887921,-0.0410316074082301,0.01699454512938885
1024,0.3125,0.90625,-0.068527315738242847,0.051242330814701406,-0.068171510966269777,0.051070116906227918
1025,0.46875,0.3125,-0.6015774713399934,-0.41781505861325802,-0.60269182307676428,-0.41961539320412805
1026,0.4375,0.28125,-0.59337785453145475,-0.2214063360430743,-0.59465894288785204,-0.22247482410183048
1027,0.4375,0.34375,-0.73882229078159511,-0.27559494405825358,-0.74060377617068607,-0.27707481686347818
1028,0.40625,0.3125,-0.68327320679267234,-0.073440979230709566,-0.68501625341766692,-0.07412834145834514
1029,0.53125,0.3125,-0.32775916570560959,-0.65503605874575921,-0.32748840175723259,-0.65731756460215085
1030,0.5625,0.28125,-0.13455124952958622,-0.61895079862258229,-0.1336132405361467,-0.62069570202452184
1031,0.5625,0.34375,-0.16759315135202341,-0.77051683230360768,-0.16640651873562853,-0.77302835506503598
1032,0.59375,0.3125,0.024483253047232617,-0.68676227813165791,0.026294721591650243,-0.68851334749805215
1033,0.46875,0.1875,-0.30265507932300573,-0.21038890975930485,-0.30289863423538654,-0.21089146397302377
1034,0.4375,0.21875,-0.42423244584825837,-0.15837200242789035,-0.42492853090334343,-0.15897603839410956
1035,0.4375,0.15625,-0.25262153028018558,-0.09440870685806349,-0.25272334622577886,-0.094551177952636553
1036,0.40625,0.1875,-0.34380899184002994,-0.037055635325768388,-0.34427370647945049,-0.03725635440321845
1037,0.53125,0.1875,-0.16481622718967506,-0.32980247499622034,-0.16458645834889507,-0.33035616379159516
1038,0.5625,0.21875,-0.096122013081465479,-0.44266026459280483,-0.095475348761004802,-0.44353599166302438
1039,0.5625,0.15625,-0.057117803724269785,-0.26377006424179261,-0.056781088681581132,-0.26379270307809238
1040,0.59375,0.1875,0.012493534391242803,-0.34580569575158315,0.013218333651233394,-0.34603497375792719
1041,0.3125,0.46875,-0.58611285545990066,0.43920847883606501,-0.58774987166718962,0.4403015408789111
1042,0.28125,0.4375,-0.39708906476750538,0.49335876539349854,-0.39801006743892919,0.49467490085216426
1043,0.34375,0.4375,-0.72841515682008362,0.30202957771574368,-0.73055465725694613,0.30258083769042482
1044,0.3125,0.40625,-0.54994721987705475,0.41208794014969508,-0.55144303995666955,0.41310274114425877
1045,0.3125,0.53125,-0.58611285545990088,0.43920847883606423,-0.5877498716671905,0.44030154087890683
1046,0.28125,0.5625,-0.39708906476750649,0.49335876539349777,-0.39801006743893136,0.49467490085215771
1047,0.34375,0.5625,-0.72841515682008484,0.30202957771574318,-0.73055465725695345,0.3025808376904186
1048,0.3125,0.59375,-0.54994721987705675,0.41208794014969419,-0.55144303995667598,0.413102741144249
1049,0.1875,0.46875,0.02660663352444442,0.36736480975513658,0.027265794049999535,0.36807373846014374
1050,0.21875,0.4375,-0.080024061679316152,0.44556088360483126,-0.07974007024421044,0.44663080501871338
1051,0.15625,0.4375,0.085313286526683921,0.25547338214719695,0.086104848944621046,0.25572217622305932
1052,0.1875,0.40625,0.024951041153710673,0.34468959993240861,0.0255813669504205,0.34533676335064989
1053,0.1875,0.53125,0.026606633524444253,0.36736480975513608,0.027265794049998682,0.36807373846014468
1054,0.21875,0.5625,-0.080024061679316583,0.44556088360482987,-0.079740070244213104,0.44663080501871427
1055,0.15625,0.5625,0.085313286526683657,0.25547338214719595,0.086104848944620477,0.25572217622305904
1056,0.1875,0.59375,0.024951041153709958,0.34468959993240766,0.025581366950418991,0.34533676335065056
1057,0.6875,0.46875,0.51686456299913175,-0.51772416686393408,0.52108730732011366,-0.51745887145101899
1058,0.71875,0.4375,0.54339039650669041,-0.32327283948155788,0.54728204547733861,-0.32183380658076816
1059,0.65625,0.4375,0.40169623973034768,-0.67789391126630161,0.40560786337740096,-0.67877325533082222
1060,0.6875,0.40625,0.48500610864093058,-0.48582814219568332,0.48889900678245601,-0.48549486590883018
1061,0.6875,0.53125,0.51686456299913031,-0.51772416686393286,0.52108730732011344,-0.51745887145101843
1062,0.71875,0.5625,0.54339039650668897,-0.32327283948155644,0.54728204547733861,-0.32183380658076738
1063,0.65625,0.5625,0.40169623973034452,-0.67789391126629883,0.40560786337739996,-0.67877325533082022
1064,0.6875,0.59375,0.48500610864092647,-0.48582814219567982,0.48889900678245762,-0.48549486590882951
1065,0.8125,0.46875,0.3586571635844511,0.076873003452798877,0.36017513959904079,0.08048479947874701
1066,0.78125,0.4375,0.45098468062476238,-0.017106148750762735,0.45345691289957712,-0.013950104373397193
1067,0.84375,0.4375,0.24008926790216598,0.11878938975211049,0.24046870948995747,0.12235236820068558
1068,0.8125,0.40625,0.336594923479899,0.072086546023706732,0.33792726144542101,0.075512439991727659
1069,0.8125,0.53125,0.35865716358445038,0.076873003452799071,0.36017513959904029,0.08048479947874719
1070,0.78125,0.5625,0.45098468062476116,-0.017106148750762024,0.45345691289957701,-0.013950104373396891
1071,0.84375,0.5625,0.24008926790216464,0.11878938975211059,0.24046870948995663,0.12235236820068604
1072,0.8125,0.59375,0.33659492347989722,0.07208654602370726,0.33792726144541879,0.075512439991727742
1073,0.53125,0.6875,-0.32775916570561636,-0.6550360587457561,-0.32748840175724164,-0.65731756460215729
1074,0.5625,0.71875,-0.1345512495295938,-0.61895079862257896,-0.13361324053615248,-0.62069570202452784
1075,0.5625,0.65625,-0.16759315135202968,-0.77051683230360346,-0.16640651873563525,-0.77302835506503453
1076,0.59375,0.6875,0.024483253047225238,-0.68676227813165247,0.026294721591645892,-0.68851334749804649
1077,0.46875,0.6875,-0.60157747133999995,-0.4178150586132573,-0.60269182307678271,-0.41961539320414604
1078,0.4375,0.71875,-0.5933778545314633,-0.2214063360430758,-0.59465894288787025,-0.22247482410185265
1079,0.4375,0.65625,-0.73882229078160011,-0.27559494405825286,-0.74060377617070317,-0.27707481686349322
1080,0.40625,0.6875,-0.68327320679267944,-0.073440979230710537,-0.68501625341768657,-0.074128341458363389
1081,0.53125,0.8125,-0.16481622718968189,-0.32980247499622284,-0.16458645834889649,-0.33035616379161509
1082,0.5625,0.78125,-0.096122013081472918,-0.44266026459280522,-0.095475348761007522,-0.44353599166304275
1083,0.5625,0.84375,-0.057117803724275461,-0.26377006424179594,-0.056781088681578017,-0.26379270307810992
1084,0.59375,0.8125,0.012493534391236407,-0.34580569575158426,0.01321833365123567,-0.34603497375794318
1085,0.46875,0.8125,-0.30265507932301239,-0.21038890975930857,-0.30289863423539004,-0.21089146397304639
1086,0.4375,0.78125,-0.4242324458482653,-0.15837200242789343,-0.42492853090335042,-0.15897603839413271
1087,0.4375,0.84375,-0.25262153028019096,-0.094408706858068528,-0.25272334622577874,-0.09455117795265823
1088,0.40625,0.8125,-0.34380899184003638,-0.037055635325772905,-0.34427370647945266,-0.037256354403240335
1089,0.015625,0.015625,1.9129996128838577e-05,-7.367959174026746e-05,7.4764187147061053e-06,-1.4070487620124231e-06
1090,0.984375,0.015625,0.00035402830058582489,0.00052075367067825815,4.2412878521664012e-06,1.5202634917525708e-05
1091,0.984375,0.984375,0.0003540283005874017,0.00052075367067751471,4.2412878493588097e-06,1.5202634920171398e-05
1092,0.015625,0.984375,1.9129996130640863e-05,-7.3679591738924405e-05,7.4764187170664761e-06,-1.407048757221228e-06
1093,0.484375,0.484375,-0.74047122635696716,-0.6651573521722105,-0.74176762597269141,-0.66822608371765602
1094,0.515625,0.484375,-0.55295801397321098,-0.82759773357233579,-0.55322886740247279,-0.83107299228000353
1095,0.515625,0.515625,-0.55295801397321143,-0.8275977335723349,-0.55322886740247279,-0.83107299228000309
1096,0.484375,0.515625,-0.74047122635696738,-0.66515735217220973,-0.74176762597269508,-0.66822608371765857
1097,0.484375,0.015625,-0.0026743780082339563,-0.0030169488633408734,-0.002297028897394319,-0.0020785032847234707
1098,0.515625,0.015625,-0.0018106770801596609,-0.0036447950612466195,-0.0017098339380403674,-0.0025837942956576368
1099,0.015625,0.484375,0.003317910989199604,0.00040501575929763502,0.0030887057666015164,0.00020842872947306421
1100,0.015625,0.515625,0.0033179109891996899,0.00040501575929749142,0.0030887057666017328,0.00020842872947307372
1101,0.984375,0.484375,0.0020222575986052573,0.002208465138171526,-0.00021006763302581458,0.003068470953020019
1102,0.984375,0.515625,0.0020222575986051385,0.0022084651381713742,-0.0002100676330259162,0.0030684709530203092
1103,0.515625,0.984375,-0.0018106770801589178,-0.0036447950612530314,-0.0017098339380267665,-0.0025837942956651971
1104,0.484375,0.984375,-0.0026743780082331171,-0.0030169488633473292,-0.0022970288973806056,-0.0020785032847320736
1105,0.234375,0.234375,-0.079209162087836169,0.25341058692376289,-0.079067948333135837,0.25387031099317681
1106,0.265625,0.265625,-0.19465671863371531,0.31546281048520325,-0.19486852329063961,0.3161671383455244
1107,0.265625,0.234375,-0.16476426955473386,0.26698886420956242,-0.16488478843796506,0.26751966389469506
1108,0.234375,0.265625,-0.093570164184863594,0.29941633787957389,-0.093446227970810938,0.30003572916658411
1109,0.765625,0.234375,0.26171722243247542,-0.04314140023391249,0.26266494254987593,-0.041314221792587029
1110,0.734375,0.265625,0.33931593130176446,-0.14839982100396604,0.3411385304072142,-0.14681937081573646
1111,0.734375,0.234375,0.28729268271257558,-0.12568353348366509,0.2886505774318267,-0.12422985410733947
1112,0.765625,0.265625,0.30908249540494126,-0.050881971696188452,0.31042734754120921,-0.048825983463271105
1113,0.765625,0.765625,0.2617172224324712,-0.04314140023391265,0.26266494254988243,-0.041314221792587008
1114,0.734375,0.734375,0.33931593130175958,-0.14839982100396523,0.34113853040722142,-0.14681937081573779
1115,0.765625,0.734375,0.30908249540493721,-0.050881971696187973,0.31042734754121515,-0.048825983463270779
1116,0.734375,0.765625,0.2872926827125703,-0.12568353348366484,0.28865057743183375,-0.12422985410734115
1117,0.234375,0.765625,-0.079209162087838209,0.25341058692375934,-0.079067948333136934,0.25387031099316532
1118,0.265625,0.734375,-0.19465671863371886,0.31546281048520064,-0.194868523290645,0.31616713834551147
1119,0.234375,0.734375,-0.093570164184866078,0.29941633787957128,-0.093446227970813492,0.30003572916657228
1120,0.265625,0.765625,-0.164764269554737,0.26698886420955892,-0.16488478843796789,0.2675196638946804
1121,0.234375,0.015625,-0.00073148512812341382,0.0019613793711532657,-0.00047338559690109712,0.0015269026941841729
1122,0.265625,0.015625,-0.001419735303471322,0.0020355770725383588,-0.00099018848375685567,0.0016094093332722713
1123,0.015625,0.234375,0.0016921206921315646,0.00019407357996461679,0.0015932239166641115,0.00010715250839523291
1124,0.015625,0.265625,0.0020038515564008946,0.00023750823065148515,0.0018832104828009752,0.00012684369993939449
1125,0.765625,0.015625,0.0026679667228768104,-0.00016647222175057171,0.0015892708342116846,-0.0002418475833402607
1126,0.734375,0.015625,0.0028907284811958939,-0.00084929601049776253,0.0017468745239882769,-0.00074134409858004648
1127,0.984375,0.234375,0.0014795221623561474,0.0013989157112973014,-0.00010169976056592974,0.0015871654509080552
1128,0.984375,0.265625,0.0016026869984469875,0.0015631744921406671,-0.00012242758620699615,0.0018745756667337059
1129,0.984375,0.765625,0.0014795221623557051,0.0013989157112952364,-0.00010169976056618999,0.0015871654509122394
1130,0.984375,0.734375,0.0016026869984463396,0.0015631744921387094,-0.00012242758620722096,0.0018745756667376923
1131,0.765625,0.984375,0.0026679667228775329,-0.00016647222175380878,0.0015892708342173584,-0.00024184758333566542
1132,0.734375,0.984375,0.0028907284811966042,-0.00084929601050140664,0.001746874523995368,-0.0007413440985763011
1133,0.015625,0.765625,0.0016921206921335702,0.00019407357996359121,0.0015932239166686726,0.00010715250839578536
1134,0.015625,0.734375,0.0020038515564026554,0.00023750823065035829,0.0018832104828050559,0.00012684369993966151
1135,0.234375,0.984375,-0.00073148512812053949,0.0019613793711505375,-0.00047338559689056014,0.0015269026941816259
1136,0.265625,0.984375,-0.0014197353034686568,0.0020355770725349405,-0.00099018848374561228,0.0016094093332682897
1137,0.484375,0.265625,-0.45183645096016156,-0.40608524627529968,-0.45241775139046564,-0.4075665695076135
1138,0.515625,0.265625,-0.33738306839596066,-0.50524095699272076,-0.3374239105127616,-0.50689049493398708
1139,0.484375,0.234375,-0.38239799103168154,-0.34374637991874241,-0.38280558736950426,-0.34485656583537527
1140,0.515625,0.234375,-0.28552054622215334,-0.42767577699922721,-0.28550526330049653,-0.42889803152584965
1141,0.265625,0.484375,-0.31888136689382574,0.51698438256334722,-0.31949820219117958,0.51837576843821498
1142,0.265625,0.515625,-0.31888136689382585,0.51698438256334667,-0.31949820219118102,0.51837576843821542
1143,0.234375,0.484375,-0.15322935655132136,0.49066951824639737,-0.15321015973859778,0.49192724360471946
1144,0.234375,0.515625,-0.15322935655132128,0.49066951824639654,-0.15321015973859875,0.4919272436047194
1145,0.734375,0.484375,0.55550972237189233,-0.24269965973710986,0.55930917350847609,-0.24071273365917431
1146,0.734375,0.515625,0.55550972237189222,-0.24269965973710958,0.55930917350847564,-0.24071273365917426
1147,0.765625,0.484375,0.50589666213752982,-0.082936485070026808,0.50895543452150838,-0.080047206747091482
1148,0.765625,0.515625,0.50589666213752993,-0.082936485070026683,0.50895543452150815,-0.080047206747091371
1149,0.515625,0.734375,-0.33738306839596882,-0.50524095699272065,-0.33742391051277221,-0.50689049493400584
1150,0.484375,0.734375,-0.45183645096016961,-0.40608524627530046,-0.45241775139047885,-0.40756656950763465
1151,0.515625,0.765625,-0.28552054622216122,-0.4276757769992281,-0.28550526330050474,-0.42889803152587141
1152,0.484375,0.765625,-0.38239799103168903,-0.34374637991874402,-0.38280558736951453,-0.34485656583539881
1153,0.109375,0.109375,0.014790062273694799,0.017658318892853155,0.014845726198736415,0.017554133021021642
1154,0.140625,0.140625,0.023596279857673211,0.049268236062755391,0.023762701950031471,0.049146823437153909
1155,0.140625,0.109375,0.015337155010516171,0.03203020413224985,0.015421882036862509,0.03189405945946798
1156,0.109375,0.140625,0.022752703590909688,0.027179363397898396,0.022875337798265245,0.027050781563267939
1157,0.890625,0.109375,0.016138221107820178,0.016902761327470171,0.015220151230467284,0.017237221977337822
1158,0.859375,0.140625,0.046007413328239377,0.029814596241709394,0.045177307764647082,0.030649767048545495
1159,0.859375,0.109375,0.030169197756482535,0.019406387772641042,0.029321951770999458,0.019891689627998078
1160,0.890625,0.140625,0.024436316873914659,0.025920425352016472,0.023448021168538422,0.026559293571839542
1161,0.890625,0.890625,0.016138221107819671,0.016902761327467979,0.015220151230469754,0.017237221977342402
1162,0.859375,0.859375,0.04600741332823792,0.029814596241707295,0.045177307764651425,0.030649767048549516
1163,0.890625,0.859375,0.02443631687391367,0.02592042535201439,0.023448021168541427,0.026559293571844025
1164,0.859375,0.890625,0.030169197756481598,0.019406387772638724,0.029321951771003298,0.019891689628002317
1165,0.109375,0.890625,0.014790062273697151,0.01765831889285133,0.01484572619874334,0.017554133021020185
1166,0.140625,0.859375,0.023596279857674939,0.049268236062752657,0.023762701950038028,0.049146823437149711
1167,0.109375,0.859375,0.022752703590911787,0.027179363397896276,0.022875337798271778,0.027050781563265569
1168,0.140625,0.890625,0.015337155010518282,0.032030204132247393,0.015421882036869792,0.031894059459464788
1169,0.390625,0.390625,-0.82128325748529807,0.014793527023904702,-0.82361869651953001,0.014261913056814877
1170,0.359375,0.359375,-0.69318652905015565,0.19035740578988686,-0.69514107010307979,0.19054975476842451
1171,0.390625,0.359375,-0.76829775993526517,0.01381997452788894,-0.77043003428493118,0.013340634285067647
1172,0.359375,0.390625,-0.74098884215585215,0.20350278061688465,-0.74313192703554132,0.20370507381796552
1173,0.609375,0.390625,0.13116938604207298,-0.8106509680286248,0.1339001713999643,-0.81278295525508804
1174,0.640625,0.359375,0.28650224625346826,-0.65896568844286108,0.28962283601659133,-0.66003197753941367
1175,0.609375,0.359375,0.1227315798522412,-0.75839806008231825,0.12525343390219118,-0.76029478153406715
1176,0.640625,0.390625,0.30622817373018607,-0.70435711966075387,0.30961714113980071,-0.70559819716909089
1177,0.609375,0.609375,0.13116938604206779,-0.81065096802862091,0.13390017139996097,-0.81278295525508515
1178,0.640625,0.640625,0.28650224625346166,-0.65896568844285563,0.28962283601658939,-0.66003197753940945
1179,0.640625,0.609375,0.30622817373018046,-0.70435711966074899,0.30961714113979805,-0.70559819716908689
1180,0.609375,0.640625,0.1227315798522349,-0.75839806008231359,0.12525343390218768,-0.76029478153406183
1181,0.390625,0.609375,-0.82128325748530095,0.01479352702390492,-0.82361869651954411,0.014261913056804746
1182,0.359375,0.640625,-0.69318652905016032,0.19035740578988619,-0.69514107010309922,0.19054975476841374
1183,0.359375,0.609375,-0.74098884215585559,0.20350278061688426,-0.74313192703555542,0.20370507381795666
1184,0.390625,0.640625,-0.76829775993527016,0.013819974527888811,-0.77043003428494727,0.013340634285054906
1185,0.390625,0.109375,-0.13790623979873337,0.0023398945670950956,-0.13760016426664839,0.002381577539089462
1186,0.359375,0.140625,-0.19133856883797246,0.052443543429442262,-0.19130816100513467,0.052440319140985257
1187,0.359375,0.109375,-0.12445345301813833,0.034064582680498945,-0.12415350928397113,0.034032238589556646
1188,0.390625,0.140625,-0.21204455285576118,0.0036889745332404863,-0.21202816720071013,0.0036703631717055099
1189,0.609375,0.109375,0.022388935887763275,-0.13642667286145554,0.022377232012278366,-0.13579447408128026
1190,0.640625,0.140625,0.079416547242935787,-0.1821841256232245,0.079712797843984898,-0.18165026087724037
1191,0.640625,0.109375,0.051835038337641588,-0.11857622618827192,0.051734845851082907,-0.11788691292523924
1192,0.609375,0.140625,0.0341685602839987,-0.20961859808064526,0.034476205380357977,-0.20924353180854682
1193,0.109375,0.390625,0.088274444538321548,0.10536102217972573,0.088858510611295696,0.10508437049187026
1194,0.140625,0.359375,0.085648953883494847,0.17857224400757368,0.086342898658413145,0.17858548400599381
1195,0.109375,0.359375,0.082570084325582563,0.098564463092877738,0.083119983451834176,0.098298055015137345
1196,0.140625,0.390625,0.091567334774626613,0.19088722394752211,0.092303928356134227,0.19091465220973902
1197,0.109375,0.609375,0.088274444538321575,0.10536102217972447,0.088858510611296598,0.10508437049186935
1198,0.140625,0.640625,0.08564895388349468,0.17857224400757243,0.086342898658413963,0.17858548400599189
1199,0.109375,0.640625,0.082570084325582702,0.098564463092876267,0.083119983451835883,0.098298055015135957
1200,0.140625,0.609375,0.09156733477462628,0.19088722394752078,0.092303928356134449,0.19091465220973788
1201,0.890625,0.390625,0.092097692614524912,0.10037114632291209,0.091048275542328833,0.10316670169473044
1202,0.859375,0.359375,0.16441468721873151,0.10832462348655872,0.1641254208702384,0.11137067012478652
1203,0.890625,0.359375,0.086236722985556763,0.093885818629960108,0.085169651771337007,0.09650414738532008
1204,0.859375,0.390625,0.17566878931551164,0.11582049558163841,0.17545498028897782,0.11905977809426371
1205,0.890625,0.609375,0.092097692614523274,0.10037114632291179,0.091048275542329138,0.10316670169473212
1206,0.859375,0.640625,0.16441468721872934,0.10832462348655866,0.1641254208702399,0.11137067012478843
1207,0.890625,0.640625,0.086236722985554876,0.093885818629959678,0.085169651771337965,0.096504147385322273
1208,0.859375,0.609375,0.17566878931550972,0.11582049558163833,0.17545498028897807,0.11905977809426509
1209,0.609375,0.890625,0.022388935887759986,-0.13642667286145996,0.022377232012286422,-0.13579447408129036
1210,0.640625,0.859375,0.079416547242931582,-0.18218412562322742,0.079712797843992045,-0.1816502608772487
1211,0.640625,0.890625,0.051835038337638584,-0.11857622618827598,0.051734845851091379,-0.11788691292524625
1212,0.609375,0.859375,0.034168560283994141,-0.20961859808064873,0.034476205380364139,-0.20924353180855829
1213,0.390625,0.890625,-0.13790623979873626,0.0023398945670890722,-0.13760016426664348,0.0023815775390717267
1214,0.359375,0.859375,-0.19133856883797576,0.052443543429436662,-0.19130816100513306,0.052440319140966904
1215,0.359375,0.890625,-0.12445345301814054,0.034064582680493088,-0.12415350928396623,0.034032238589540215
1216,0.390625,0.859375,-0.21204455285576529,0.0036889745332348801,-0.21202816720070913,0.0036703631716858112
1217,0.109375,0.015625,0.00037961452672867117,0.00042170729638152615,0.00030492709126689029,0.00035534234583190242
1218,0.140625,0.015625,0.00037816504702953708,0.00082278301656499991,0.00031761838709606232,0.00064940231853030932
1219,0.015625,0.109375,0.00049375308689244678,7.3716361258305619e-06,0.00046734467074507191,3.0303848500154836e-05
1220,0.015625,0.140625,0.000762426284271745,5.2250951094303056e-05,0.0007210663836080748,4.7690930659304571e-05
1221,0.890625,0.015625,0.00094627090802555441,0.00075817535458490748,0.00031634103862464763,0.00035846060737559107
1222,0.859375,0.015625,0.0013427387958163364,0.00078163449547593916,0.00060541734279455708,0.00041328991829029245
1223,0.984375,0.109375,0.00085515302221346012,0.00073620754110964636,-2.359704527307745e-05,0.00047067809257788425
1224,0.984375,0.140625,0.0010260144668908571,0.00088685144519801552,-4.0704366400100054e-05,0.00072233277173174503
1225,0.984375,0.890625,0.00085515302221424248,0.00073620754110790307,-2.3597045274340078e-05,0.00047067809258194448
1226,0.984375,0.859375,0.0010260144668913106,0.00088685144519607382,-4.0704366400969646e-05,0.00072233277173600681
1227,0.890625,0.984375,0.00094627090802664577,0.00075817535458308071,0.00031634103862465842,0.00035846060738032231
1228,0.859375,0.984375,0.0013427387958172916,0.00078163449547377889,0.00060541734279584739,0.00041328991829541622
1229,0.015625,0.890625,0.00049375308689485111,7.3716361259100958e-06,0.00046734467074983384,3.0303848502998024e-05
1230,0.015625,0.859375,0.00076242628427416711,5.2250951094020241e-05,0.0007210663836131133,4.7690930661452565e-05
1231,0.109375,0.984375,0.00037961452673143415,0.00042170729638134097,0.00030492709127323184,0.00035534234583444086
1232,0.140625,0.984375,0.00037816504703247966,0.00082278301656422482,0.000317618387103648,0.00064940231853178004
1233,0.484375,0.390625,-0.67264853653094137,-0.60428974296189608,-0.67377858685690062,-0.60697860550152472
1234,0.515625,0.390625,-0.50230253293097959,-0.75186048196066746,-0.50252080406170607,-0.75489941964257656
1235,0.484375,0.359375,-0.62924339380801153,-0.56533282700548337,-0.63026634972528428,-0.56778084685479158
1236,0.515625,0.359375,-0.46988419326835618,-0.70338704383087125,-0.47006820270828903,-0.70614912149563003
1237,0.390625,0.484375,-0.90407489022565979,0.016318352697238938,-0.90672739522805668,0.015701499252554811
1238,0.390625,0.515625,-0.90407489022565979,0.016318352697238928,-0.90672739522805734,0.015701499252553267
1239,0.359375,0.484375,-0.81568110214847545,0.22404636754181173,-0.81811890705709334,0.2242606725639634
1240,0.359375,0.515625,-0.81568110214847533,0.22404636754181129,-0.81811890705709511,0.22426067256396195
1241,0.609375,0.484375,0.14435264159921099,-0.89229235172435795,0.14741091761969277,-0.89479703372639419
1242,0.609375,0.515625,0.14435264159921035,-0.89229235172435806,0.14741091761969224,-0.89479703372639496
1243,0.640625,0.484375,0.33704909678226269,-0.77527665907810916,0.34085875804120641,-0.77679652720797387
1244,0.640625,0.515625,0.33704909678226175,-0.77527665907810861,0.34085875804120586,-0.77679652720797243
1245,0.515625,0.609375,-0.50230253293098326,-0.75186048196066424,-0.50252080406171507,-0.754899419642584
1246,0.484375,0.609375,-0.67264853653094503,-0.60428974296189386,-0.67377858685690739,-0.60697860550153027
1247,0.515625,0.640625,-0.46988419326836084,-0.70338704383086759,-0.47006820270829996,-0.70614912149563858
1248,0.484375,0.640625,-0.62924339380801508,-0.56533282700548015,-0.63026634972529572,-0.56778084685480168
1249,0.390625,0.015625,-0.0036454711963618994,-0.00020889127953240073,-0.0028134764240367472,4.6520565167074986e-05
1250,0.359375,0.015625,-0.0033604337580465751,0.00068478808383561746,-0.0025389508456769121,0.00069494933719305011
1251,0.609375,0.015625,0.0012230694681221706,-0.0037201796971226987,0.00046952434043428458,-0.0027780309464330438
1252,0.640625,0.015625,0.0020287420301210888,-0.003174166870903234,0.0010705255191215681,-0.002409965791994091
1253,0.484375,0.109375,-0.11280842635512522,-0.10171763389628122,-0.11256466708655728,-0.10141037236432024
1254,0.515625,0.109375,-0.084148315538162363,-0.12652169092123924,-0.083951856277243012,-0.12612379018245826
1255,0.484375,0.140625,-0.17355795746309277,-0.15624921326404406,-0.17345247662702307,-0.15626097662007471
1256,0.515625,0.140625,-0.12953151618139483,-0.19437885563485696,-0.12936383104695254,-0.19434158258054704
1257,0.015625,0.390625,0.0030062797711102015,0.00036707330006973142,0.0028054201437334799,0.00018928730546740853
1258,0.015625,0.359375,0.0028077947202632303,0.00034242087673568586,0.0026241308452834363,0.00017702939872159108
1259,0.015625,0.609375,0.0030062797711109725,0.00036707330006892662,0.0028054201437351504,0.00018928730546752658
1260,0.015625,0.640625,0.0028077947202642382,0.00034242087673474049,0.0026241308452857898,0.00017702939872170126
1261,0.109375,0.484375,0.097189919724904955,0.1159802192070882,0.097825151813675432,0.11568814905628659
1262,0.109375,0.515625,0.097189919724904983,0.11598021920708802,0.097825151813675251,0.11568814905628629
1263,0.140625,0.484375,0.10081752257436494,0.21012955283808896,0.10161824419091925,0.21017929367618005
1264,0.140625,0.515625,0.10081752257436485,0.21012955283808879,0.1016182441909191,0.21017929367618049
1265,0.984375,0.390625,0.001935025746106187,0.0020622633136720184,-0.00018929287447391825,0.0027880428288861868
1266,0.984375,0.359375,0.0018758436462479652,0.001966959872398488,-0.00017605089897542345,0.0026085395655162614
1267,0.984375,0.609375,0.0019350257461054738,0.0020622633136709971,-0.00018929287447441977,0.0027880428288883071
1268,0.984375,0.640625,0.0018758436462471524,0.0019669598723972043,-0.00017605089897588819,0.0026085395655188652
1269,0.890625,0.484375,0.10124894919639733,0.11050660058318454,0.1002336659316328,0.1135771532711313
1270,0.890625,0.515625,0.10124894919639713,0.11050660058318454,0.10023366593163292,0.11357715327113176
1271,0.859375,0.484375,0.1932471090911769,0.12753649473198392,0.19315760529187723,0.13107427524054288
1272,0.859375,0.515625,0.19324710909117659,0.12753649473198386,0.19315760529187731,0.13107427524054333
1273,0.609375,0.984375,0.0012230694681229057,-0.0037201796971280876,0.00046952434044623725,-0.0027780309464354156
1274,0.640625,0.984375,0.0020287420301218434,-0.0031741668709081511,0.0010705255191325973,-0.0024099657919946587
1275,0.390625,0.984375,-0.0036454711963604591,-0.00020889127953822466,-0.0028134764240235477,4.6520565158318326e-05
1276,0.359375,0.984375,-0.003360433758044797,0.00068478808383028134,-0.0025389508456639767,0.00069494933718517642
1277,0.515625,0.890625,-0.084148315538166291,-0.12652169092124466,-0.0839518562772371,-0.12612379018247549
1278,0.484375,0.890625,-0.11280842635512915,-0.10171763389628703,-0.11256466708655219,-0.10141037236433877
1279,0.515625,0.859375,-0.1295315161814001,-0.19437885563486157,-0.12936383104694987,-0.19434158258056669
1280,0.484375,0.859375,-0.17355795746309793,-0.15624921326404909,-0.17345247662702107,-0.15626097662009533
1281,0.234375,0.140625,-0.036003196522435756,0.11506520651550164,-0.035825879036498892,0.11503179373046191
1282,0.265625,0.140625,-0.074854858596420187,0.12122471239661717,-0.074710702936012924,0.12121669890440405
1283,0.234375,0.109375,-0.023435852151360403,0.074832099616522665,-0.023249298808079338,0.074652481936383727
1284,0.265625,0.109375,-0.048707084146116866,0.078833959946704293,-0.048484615608626623,0.078666488642296431
1285,0.140625,0.234375,0.052015328429272492,0.10853163798936649,0.05244210396083767,0.10846742792130591
1286,0.140625,0.265625,0.061472248948924155,0.12823528446910423,0.061978504250089946,0.12819208589927208
1287,0.109375,0.234375,0.050150239528777382,0.05990321236643275,0.050484492533407345,0.059702969852441182
1288,0.109375,0.265625,0.059266360721413003,0.070780535353552901,0.059664975970238225,0.070560047979309856
1289,0.359375,0.265625,-0.49780273885913412,0.13664608956944896,-0.49898680777251991,0.13678002424200178
1290,0.359375,0.234375,-0.42132729869365459,0.11563024134787846,-0.42220955390589865,0.1157340222604364
1291,0.390625,0.265625,-0.55173108791524195,0.009858786252566103,-0.55303070495904572,0.0095753963859254339
1292,0.390625,0.234375,-0.46696533009460789,0.0083155793063780722,-0.46793788766529387,0.0081017746252774001
1293,0.265625,0.359375,-0.27101640270157673,0.43932112302019627,-0.27147215552460591,0.44045436469732846
1294,0.234375,0.359375,-0.13024603227123441,0.416964923871673,-0.13018021343407354,0.41798158665216506
1295,0.265625,0.390625,-0.28969598400779517,0.46962741463647895,-0.29021384998259525,0.47086238530958313
1296,0.234375,0.390625,-0.13921598271222466,0.44572664044745669,-0.13916743632113274,0.44683811752956532
1297,0.765625,0.140625,0.1192289980022502,-0.019746920252322026,0.11902271436489059,-0.018721094087689467
1298,0.734375,0.140625,0.13081456246034179,-0.057250299034312752,0.13079701303380184,-0.056291610239990041
1299,0.765625,0.109375,0.077774438101596677,-0.012886270070702661,0.077246017532168865,-0.012149121082188444
1300,0.734375,0.109375,0.085300549607703696,-0.037290881292059069,0.084887321850290728,-0.036531613867972976
1301,0.859375,0.234375,0.10034037240160187,0.065738776954305161,0.099691223860082903,0.067642307973942842
1302,0.859375,0.265625,0.11837817421649359,0.077709216696948566,0.11781717898285525,0.079943189727832015
1303,0.890625,0.234375,0.052831351746688585,0.05702978126323107,0.05173572085675443,0.058613630996059027
1304,0.890625,0.265625,0.062242421971778129,0.06739173556268005,0.061141130346133617,0.069272355903316929
1305,0.640625,0.265625,0.20587153088434695,-0.47340262023308266,0.20789958555958915,-0.47378746499367219
1306,0.640625,0.234375,0.17431144969750434,-0.40075389977280246,0.17591210112223479,-0.40088873665844504
1307,0.609375,0.265625,0.088240953519433216,-0.54479413411513256,0.089911406818395392,-0.54575807342808524
1308,0.609375,0.234375,0.074741651960683261,-0.46117241691866273,0.076078128933383282,-0.46178547279664878
1309,0.734375,0.359375,0.47220824464643307,-0.20638104610992605,0.47523704685928153,-0.20453118895578143
1310,0.765625,0.359375,0.43006599753156949,-0.070603549303113911,0.43245263995620559,-0.068016422328401493
1311,0.734375,0.390625,0.5047171664070853,-0.22055664915393494,0.5080453628427829,-0.21865071607191386
1312,0.765625,0.390625,0.45965987394743474,-0.075418881958500217,0.46230710773526024,-0.072711358686899333
1313,0.859375,0.765625,0.1003403724015994,0.065738776954304148,0.099691223860087469,0.067642307973946089
1314,0.859375,0.734375,0.11837817421649102,0.077709216696947844,0.11781717898286001,0.079943189727835387
1315,0.890625,0.765625,0.052831351746686669,0.057029781263229773,0.051735720856757775,0.058613630996062892
1316,0.890625,0.734375,0.062242421971775971,0.067391735562678898,0.06114113034613694,0.069272355903320662
1317,0.765625,0.859375,0.11922899800224726,-0.019746920252324246,0.11902271436489838,-0.018721094087688694
1318,0.734375,0.859375,0.13081456246033846,-0.057250299034315055,0.13079701303380961,-0.056291610239991019
1319,0.765625,0.890625,0.077774438101594484,-0.012886270070705403,0.077246017532176095,-0.012149121082186963
1320,0.734375,0.890625,0.085300549607701323,-0.037290881292062074,0.084887321850299,-0.036531613867973232
1321,0.734375,0.640625,0.47220824464642885,-0.20638104610992361,0.47523704685928875,-0.20453118895578332
1322,0.765625,0.640625,0.43006599753156621,-0.070603549303112315,0.43245263995620831,-0.068016422328401605
1323,0.734375,0.609375,0.50471716640708209,-0.22055664915393278,0.5080453628427859,-0.21865071607191433
1324,0.765625,0.609375,0.45965987394743246,-0.075418881958498774,0.46230710773526174,-0.072711358686899374
1325,0.640625,0.734375,0.20587153088433988,-0.47340262023307988,0.20789958555958979,-0.47378746499367436
1326,0.640625,0.765625,0.17431144969749754,-0.40075389977280096,0.17591210112223779,-0.40088873665845304
1327,0.609375,0.734375,0.088240953519425638,-0.54479413411512934,0.089911406818393824,-0.54575807342809068
1328,0.609375,0.765625,0.074741651960675934,-0.46117241691866112,0.076078128933383282,-0.46178547279665699
1329,0.140625,0.765625,0.052015328429272964,0.10853163798936363,0.052442103960841223,0.10846742792130076
1330,0.140625,0.734375,0.061472248948924259,0.1282352844691016,0.061978504250092305,0.12819208589926651
1331,0.109375,0.765625,0.050150239528778465,0.059903212366430293,0.050484492533411515,0.059702969852437365
1332,0.109375,0.734375,0.059266360721413676,0.070780535353550486,0.059664975970241632,0.070560047979306151
1333,0.234375,0.859375,-0.036003196522435825,0.11506520651549734,-0.035825879036494118,0.11503179373045118
1334,0.265625,0.859375,-0.074854858596420978,0.12122471239661244,-0.074710702936009607,0.121216698904392
1335,0.234375,0.890625,-0.023435852151359713,0.074832099616518488,-0.023249298808072662,0.074652481936374554
1336,0.265625,0.890625,-0.048707084146116846,0.078833959946699617,-0.048484615608620669,0.078666488642285634
1337,0.265625,0.640625,-0.27101640270157934,0.43932112302019499,-0.27147215552461201,0.44045436469731863
1338,0.234375,0.640625,-0.13024603227123646,0.41696492387167161,-0.13018021343407785,0.41798158665215768
1339,0.265625,0.609375,-0.28969598400779689,0.46962741463647745,-0.29021384998260119,0.47086238530957586
1340,0.234375,0.609375,-0.13921598271222624,0.44572664044745569,-0.13916743632113651,0.44683811752955971
1341,0.359375,0.734375,-0.49780273885914061,0.13664608956944635,-0.49898680777253224,0.13678002424198268
1342,0.359375,0.765625,-0.42132729869366053,0.11563024134787493,-0.42220955390590681,0.11573402226041615
1343,0.390625,0.734375,-0.55173108791524905,0.0098587862525636363,-0.55303070495905859,0.0095753963859049711
1344,0.390625,0.765625,-0.46696533009461472,0.0083155793063747103,-0.46793788766530314,0.0081017746252555912
1345,0.046875,0.046875,0.00093796481462263726,0.00029882794192809454,0.00092230922238532994,0.00034393657749465966
1346,0.078125,0.078125,0.0055787533818612654,0.0039691373657441444,0.0055721508430989445,0.0039420649379048149
1347,0.078125,0.046875,0.0021533237760948086,0.0014939304863025268,0.0021181185153212583,0.0014961643207172949
1348,0.046875,0.078125,0.0024353389082561443,0.00089478252311202223,0.0024282612203813847,0.00091007334480320418
1349,0.953125,0.046875,0.00081733944662876266,0.0013059210594725092,0.00021639047012182798,0.00096779706943539131
1350,0.921875,0.078125,0.0039140448825967979,0.0061544946189427512,0.0031018976248074017,0.0060873645522145177
1351,0.921875,0.046875,0.0018526127736448884,0.0025786529982194674,0.0011828364139862761,0.0023169221480625704
1352,0.953125,0.078125,0.0013289252044567479,0.0027409793777983713,0.00055958701450764341,0.00253802025903116
1353,0.953125,0.953125,0.00081733944662986714,0.0013059210594710423,0.00021639047012049503,0.00096779706943927015
1354,0.921875,0.921875,0.003914044882597183,0.0061544946189407788,0.0031018976248079057,0.0060873645522190479
1355,0.953125,0.921875,0.0013289252044574888,0.0027409793777966314,0.00055958701450695223,0.002538020259035355
1356,0.921875,0.953125,0.0018526127736457289,0.002578652998217695,0.0011828364139860373,0.0023169221480669709
1357,0.046875,0.953125,0.00093796481462499366,0.00029882794192846246,0.00092230922238991731,0.0003439365774979913
1358,0.078125,0.921875,0.0055787533818638163,0.0039691373657434036,0.0055721508431051331,0.0039420649379059711
1359,0.046875,0.921875,0.0024353389082585968,0.00089478252311190655,0.0024282612203866171,0.00091007334480564266
1360,0.078125,0.953125,0.0021533237760973773,0.0014939304863023123,0.0021181185153270076,0.0014961643207195745
1361,0.453125,0.453125,-0.85474621087315183,-0.4470947608978359,-0.8567808350199152,-0.44942673454160476
1362,0.421875,0.421875,-0.88101463429810423,-0.20811789493297486,-0.88340011154257159,-0.20954382528800383
1363,0.453125,0.421875,-0.82802693247474501,-0.43313399764049021,-0.82997672931766331,-0.43536679902755099
1364,0.421875,0.453125,-0.90944198821949929,-0.21482024514255985,-0.91192949919023414,-0.21631085102006956
1365,0.546875,0.453125,-0.32090228312533881,-0.90958727762194391,-0.32002842272973314,-0.91303729803142875
1366,0.578125,0.421875,-0.080764243100888741,-0.90150427284862711,-0.078827029296723417,-0.90448131414864508
1367,0.546875,0.421875,-0.3108642280677546,-0.8811768929220255,-0.31001632413139285,-0.88447359041619378
1368,0.578125,0.453125,-0.083380284784057845,-0.93056803783260833,-0.081372919773421204,-0.93369113321186703
1369,0.546875,0.546875,-0.32090228312534075,-0.9095872776219428,-0.32002842272973608,-0.91303729803143174
1370,0.578125,0.578125,-0.080764243100892225,-0.90150427284862455,-0.078827029296726997,-0.90448131414864685
1371,0.578125,0.546875,-0.083380284784059983,-0.93056803783260755,-0.081372919773423855,-0.9336911332118687
1372,0.546875,0.578125,-0.31086422806775765,-0.88117689292202261,-0.3100163241313974,-0.88447359041619578
1373,0.453125,0.546875,-0.85474621087315361,-0.44709476089783506,-0.85678083501992275,-0.44942673454160936
1374,0.421875,0.578125,-0.88101463429810611,-0.20811789493297397,-0.88340011154258069,-0.20954382528801033
1375,0.421875,0.546875,-0.90944198821950106,-0.21482024514255935,-0.91192949919024135,-0.21631085102007344
1376,0.453125,0.578125,-0.82802693247474679,-0.43313399764048871,-0.82997672931766764,-0.43536679902755482
1377,0.453125,0.046875,-0.027930757864076179,-0.014967427353049406,-0.027357490884828067,-0.014355182862248753
1378,0.421875,0.078125,-0.077133980142751607,-0.018442096678473307,-0.076607413740742716,-0.018173797764675512
1379,0.421875,0.046875,-0.029807481205558435,-0.007306439830208857,-0.029119718709577302,-0.0069100976269890696
1380,0.453125,0.078125,-0.072430714199392662,-0.038190546543383559,-0.07197367422680799,-0.037758041699273596
1381,0.546875,0.046875,-0.010139645490303476,-0.030158479770898864,-0.010212379898098806,-0.029160483683273074
1382,0.578125,0.078125,-0.0066936361767278253,-0.07926581204361148,-0.0068288133600090542,-0.078440677669740402
1383,0.578125,0.046875,-0.0022668739015336051,-0.03081847502846095,-0.0025897963912555116,-0.029819394295426613
1384,0.546875,0.078125,-0.026916212650376376,-0.077489726253266764,-0.026878860550486723,-0.076705828323896275
1385,0.046875,0.453125,0.02890133654419199,0.011278496293600868,0.028918127908169243,0.010862610884415595
1386,0.078125,0.421875,0.063929062924458296,0.045932642738967126,0.064257426157843314,0.045489863294119318
1387,0.046875,0.421875,0.027994593323384186,0.010926325055906063,0.028013371660529345,0.01052276392393695
1388,0.078125,0.453125,0.065996187560150507,0.047413923506571164,0.066332685149723999,0.046958971648597414
1389,0.046875,0.546875,0.028901336544192194,0.011278496293600379,0.028918127908169809,0.010862610884415444
1390,0.078125,0.578125,0.063929062924458505,0.045932642738966266,0.0642574261578443,0.04548986329411895
1391,0.046875,0.578125,0.027994593323384571,0.010926325055905309,0.028013371660530372,0.010522763923936713
1392,0.078125,0.546875,0.065996187560150604,0.047413923506570602,0.066332685149724346,0.046958971648597081
1393,0.953125,0.453125,0.0086552869552898992,0.028591936342573045,0.0065662250496357826,0.030165182841359477
1394,0.921875,0.421875,0.037359807992344125,0.067893066009388367,0.03567551516640953,0.070160436868309403
1395,0.953125,0.421875,0.0084228811142339557,0.027709268820712018,0.0063613833351034727,0.029221637663389963
1396,0.921875,0.453125,0.038523125428087376,0.070080949305162704,0.036827019974946307,0.072426223718581151
1397,0.953125,0.546875,0.0086552869552894412,0.028591936342572694,0.0065662250496356647,0.030165182841360428
1398,0.921875,0.578125,0.037359807992343182,0.067893066009388034,0.035675515166409488,0.070160436868310874
1399,0.953125,0.578125,0.0084228811142332046,0.027709268820711449,0.0063613833351032958,0.029221637663391566
1400,0.921875,0.546875,0.038523125428086863,0.070080949305162524,0.036827019974946328,0.072426223718582095
1401,0.546875,0.953125,-0.010139645490304321,-0.030158479770905001,-0.010212379898087154,-0.029160483683282425
1402,0.578125,0.921875,-0.0066936361767300388,-0.079265812043616851,-0.0068288133599992817,-0.078440677669750838
1403,0.578125,0.953125,-0.0022668739015343584,-0.030818475028466723,-0.0025897963912439258,-0.029819394295433996
1404,0.546875,0.921875,-0.026916212650378777,-0.077489726253272537,-0.026878860550477165,-0.076705828323908765
1405,0.453125,0.953125,-0.027930757864076824,-0.014967427353055965,-0.027357490884816857,-0.014355182862261605
1406,0.421875,0.921875,-0.077133980142753578,-0.018442096678479701,-0.076607413740734653,-0.018173797764691458
1407,0.421875,0.953125,-0.029807481205558841,-0.0073064398302152772,-0.029119718709566301,-0.006910097627001858
1408,0.453125,0.921875,-0.072430714199394911,-0.038190546543390012,-0.07197367422679983,-0.03775804169928984
1409,0.203125,0.203125,-0.009329286405550136,0.17557089951260499,-0.0090397641375538889,0.17575385044667682
1410,0.171875,0.171875,0.020551147537098066,0.10310486723681581,0.020823094868056679,0.10307711654041345
1411,0.203125,0.171875,-0.0072298207251130378,0.13580367681220995,-0.0069875286649777098,0.13585976726029614
1412,0.171875,0.203125,0.026584146458257782,0.13329924594065867,0.026937224519838439,0.13334509634093122
1413,0.296875,0.296875,-0.34955220114592228,0.33758271952451896,-0.35029855075472471,0.33838195388599085
1414,0.328125,0.328125,-0.52520422133318101,0.29931864897815147,-0.52657756546203394,0.29996318356695773
1415,0.328125,0.296875,-0.47090492490531438,0.26835249708796738,-0.47206551164329086,0.26891039261369509
1416,0.296875,0.328125,-0.38985295721696284,0.37652869347056339,-0.3907494625570157,0.37745697060302796
1417,0.296875,0.203125,-0.21033321113619596,0.20307340679762667,-0.21056899337666093,0.20340581600823693
1418,0.328125,0.171875,-0.21917528574570139,0.12483470349386581,-0.21935356168552725,0.12495394492262564
1419,0.296875,0.171875,-0.16270944592797237,0.15706922919740074,-0.16277226424095673,0.15723531364591939
1420,0.328125,0.203125,-0.28333601668791947,0.16140938779089267,-0.28376476305725035,0.16164541265042295
1421,0.203125,0.296875,-0.015445911569091116,0.29183432027994216,-0.015038711341400338,0.29238101179742526
1422,0.171875,0.328125,0.049362097977264187,0.2471249870104619,0.049986761677785881,0.24744713899729343
1423,0.171875,0.296875,0.044243640933539441,0.22157047414920653,0.044811974551766866,0.22183095415106105
1424,0.203125,0.328125,-0.017210706364707781,0.32549419167000104,-0.01677523410030278,0.32614399911238207
1425,0.796875,0.203125,0.17506512618409134,0.014890005622660929,0.175198942582553,0.016606276966545271
1426,0.828125,0.171875,0.099438925563279948,0.034241507318967454,0.098957095225051472,0.035582115448424288
1427,0.796875,0.171875,0.13558801361884004,0.011458336118942626,0.13543350201800078,0.012836445907176258
1428,0.828125,0.203125,0.12831926342318065,0.044321977007428445,0.12801156852422479,0.046030743876780286
1429,0.703125,0.296875,0.38313985374183968,-0.29831897424239573,0.38572261951278158,-0.29736138930967682
1430,0.671875,0.328125,0.3702960206735757,-0.47737688825645724,0.37335273678667236,-0.47734983999548047
1431,0.671875,0.296875,0.33206372542741275,-0.42808846950916785,0.33470368592213612,-0.42793492560242313
1432,0.703125,0.328125,0.42725058526292803,-0.33264009975780079,0.43026294900842194,-0.33169824412882959
1433,0.703125,0.203125,0.23075495650487984,-0.17969346494260333,0.23186711716992353,-0.1787505929006937
1434,0.671875,0.171875,0.15481832324574749,-0.19947561596827459,0.15553113433757937,-0.19885093496587211
1435,0.703125,0.171875,0.17862690102972928,-0.13908171659704227,0.17923848154223535,-0.13817734573036325
1436,0.671875,0.203125,0.19999316584401738,-0.25776734523440598,0.2011985395200302,-0.25724021428956534
1437,0.796875,0.296875,0.29041776559753363,0.025019498418609957,0.29144899899761134,0.027628853531634513
1438,0.828125,0.328125,0.23708519342797774,0.082448477957481517,0.23753729013705691,0.085421575654388918
1439,0.828125,0.296875,0.21267927127314365,0.073876248894547483,0.21294870502895824,0.076578004487513424
1440,0.796875,0.328125,0.32379853301110156,0.027971119645274288,0.32510256584345271,0.030820180042831925
1441,0.796875,0.796875,0.17506512618408804,0.014890005622659871,0.17519894258255977,0.016606276966546839
1442,0.828125,0.828125,0.099438925563277505,0.034241507318965726,0.098957095225057426,0.035582115448427237
1443,0.828125,0.796875,0.12831926342317782,0.044321977007427203,0.12801156852423076,0.046030743876782958
1444,0.796875,0.828125,0.13558801361883707,0.011458336118940992,0.13543350201800794,0.012836445907178057
1445,0.703125,0.703125,0.38313985374183418,-0.29831897424239351,0.38572261951278475,-0.29736138930967593
1446,0.671875,0.671875,0.3702960206735692,-0.47737688825645319,0.37335273678667408,-0.47734983999547914
1447,0.703125,0.671875,0.42725058526292287,-0.33264009975779785,0.4302629490084261,-0.33169824412883014
1448,0.671875,0.703125,0.33206372542740625,-0.42808846950916479,0.33470368592213878,-0.42793492560242308
1449,0.796875,0.703125,0.29041776559753019,0.025019498418610443,0.29144899899761834,0.027628853531635827
1450,0.828125,0.671875,0.23708519342797515,0.082448477957481864,0.23753729013706024,0.085421575654390722
1451,0.828125,0.703125,0.21267927127314085,0.073876248894547539,0.21294870502896326,0.076578004487515783
1452,0.796875,0.671875,0.32379853301109857,0.027971119645275124,0.32510256584345681,0.030820180042832834
1453,0.703125,0.796875,0.23075495650487465,-0.17969346494260385,0.23186711716993005,-0.17875059290069736
1454,0.671875,0.828125,0.15481832324574249,-0.19947561596827615,0.15553113433758611,-0.19885093496587858
1455,0.703125,0.828125,0.17862690102972467,-0.13908171659704371,0.1792384815422427,-0.13817734573036683
1456,0.671875,0.796875,0.19999316584401169,-0.2577673452344062,0.20119853952003589,-0.25724021428957189
1457,0.203125,0.796875,-0.0093292864055506998,0.17557089951260113,-0.0090397641375514013,0.17575385044666764
1458,0.171875,0.828125,0.020551147537098805,0.10310486723681242,0.020823094868061789,0.10307711654040665
1459,0.171875,0.796875,0.026584146458258028,0.13329924594065534,0.026937224519842276,0.13334509634092453
1460,0.203125,0.828125,-0.007229820725113017,0.13580367681220606,-0.0069875286649735951,0.1358597672602869
1461,0.296875,0.703125,-0.34955220114592678,0.33758271952451696,-0.35029855075473432,0.33838195388597658
1462,0.328125,0.671875,-0.52520422133318645,0.29931864897815036,-0.52657756546205081,0.29996318356694524
1463,0.296875,0.671875,-0.38985295721696694,0.37652869347056189,-0.39074946255702653,0.3774569706030152
1464,0.328125,0.703125,-0.47090492490531988,0.26835249708796555,-0.47206551164330479,0.26891039261367894
1465,0.203125,0.703125,-0.015445911569092712,0.29183432027993983,-0.015038711341402064,0.29238101179741621
1466,0.171875,0.671875,0.04936209797726341,0.24712498701046026,0.04998676167778543,0.24744713899728898
1467,0.171875,0.703125,0.044243640933538685,0.22157047414920422,0.044811974551766651,0.22183095415105419
1468,0.203125,0.671875,-0.017210706364709328,0.32549419166999938,-0.016775234100305295,0.32614399911237563
1469,0.296875,0.796875,-0.21033321113619941,0.20307340679762248,-0.21056899337666413,0.20340581600822116
1470,0.328125,0.828125,-0.21917528574570491,0.12483470349386075,-0.21935356168552872,0.12495394492260845
1471,0.296875,0.828125,-0.1627094459279749,0.15706922919739588,-0.16277226424095698,0.15723531364590401
1472,0.328125,0.796875,-0.2833360166879238,0.16140938779088831,-0.28376476305725445,0.16164541265040505
1473,0.203125,0.046875,-0.00077248391719312464,0.013500286532705654,-0.00067455959470382745,0.013158766636023571
1474,0.171875,0.078125,0.0052544175879669875,0.026479042081259872,0.0053075431353030922,0.026263759809804537
1475,0.171875,0.046875,0.0020086413663698969,0.010240160861350187,0.0020191375359520937,0.0099824901880089852
1476,0.203125,0.078125,-0.0018943597747231164,0.034888590789339272,-0.0017787742713663093,0.034617797903298414
1477,0.296875,0.046875,-0.016271525104543265,0.015562060734219346,-0.0157652653281244,0.015230454198515389
1478,0.328125,0.078125,-0.056367247978429777,0.032010100699731134,-0.055892811812049817,0.031839700315279662
1479,0.328125,0.046875,-0.021875438684034198,0.012314452430025057,-0.021246160813524182,0.012103295946574564
1480,0.296875,0.078125,-0.041866197085277869,0.040321553269905018,-0.04147506061324624,0.040065531736822944
1481,0.046875,0.203125,0.012312571428003984,0.0047996402963527973,0.012332684568281019,0.0046320169608738623
1482,0.078125,0.171875,0.021761492214756008,0.015641493409506237,0.021868423272371949,0.015480428999102437
1483,0.046875,0.171875,0.0095185245263006615,0.0036993152497789001,0.009533072588007202,0.0035800967634162062
1484,0.078125,0.203125,0.028142951020942362,0.020235997649523916,0.028290001489856234,0.02002685107463914
1485,0.046875,0.296875,0.020490303315003559,0.0080037898307976502,0.020517192053911844,0.0077068732259546521
1486,0.078125,0.328125,0.052220596420232405,0.037536702790434098,0.052497983818064274,0.037165053722255662
1487,0.046875,0.328125,0.022860699643343228,0.0089285718953127334,0.02288659712981737,0.0085969571376271741
1488,0.078125,0.296875,0.046812123098048615,0.033654853849202762,0.047063182680033407,0.033317546445603072
1489,0.796875,0.046875,0.01406115297900026,0.0012006891194163637,0.013126180425582423,0.0012473000922086344
1490,0.828125,0.078125,0.0260555104862072,0.0088120674178725922,0.025221807185704399,0.0090687468931212305
1491,0.828125,0.046875,0.010462494907057664,0.0035048216216639512,0.0095922586809275723,0.003450600189160056
1492,0.796875,0.078125,0.035336686587614401,0.0029196856093850615,0.034516768896760558,0.0032726767034993642
1493,0.703125,0.046875,0.018339441549201349,-0.013879375957635592,0.017371281901252693,-0.01338210684017186
1494,0.671875,0.078125,0.0402173085768514,-0.051394708629496334,0.039638750750128945,-0.050669758892798469
1495,0.671875,0.046875,0.015959706282154443,-0.019927509450827607,0.015075160791928305,-0.019260177244584748
1496,0.703125,0.078125,0.046356164377541288,-0.035850080887892447,0.045679662853692023,-0.035208750698848566
1497,0.953125,0.203125,0.0042426058593959528,0.012388721825781148,0.0028085175080609123,0.012867750065087693
1498,0.921875,0.171875,0.013361317563324687,0.023235448363407164,0.012150378689292331,0.023879207774007063
1499,0.953125,0.171875,0.0034545879779814452,0.0096525863677806491,0.0021734619905898595,0.0099478258187131342
1500,0.921875,0.203125,0.01703409240123167,0.029991836746251496,0.015714963307754959,0.030890413647962835
1501,0.953125,0.296875,0.0064644234263104682,0.020389527919877172,0.0046636295487888979,0.02140383289615324
1502,0.921875,0.328125,0.030750800299506935,0.055496295798158055,0.029150183684890436,0.057321294539357207
1503,0.953125,0.328125,0.0070902207883780698,0.022704337057226388,0.0052003771421204681,0.023874943495406722
1504,0.921875,0.296875,0.027685684689910603,0.049767874911036153,0.026134195521958961,0.051387457924091863
1505,0.953125,0.796875,0.0042426058593952364,0.012388721825779122,0.0028085175080617025,0.01286775006509207
1506,0.921875,0.828125,0.013361317563323767,0.023235448363405149,0.012150378689294224,0.023879207774011552
1507,0.953125,0.828125,0.0034545879779810463,0.0096525863677785727,0.0021734619905904628,0.0099478258187175976
1508,0.921875,0.796875,0.017034092401230428,0.029991836746249629,0.015714963307757002,0.030890413647967123
1509,0.953125,0.703125,0.0064644234263091993,0.020389527919875604,0.0046636295487896004,0.021403832896157011
1510,0.921875,0.671875,0.030750800299505256,0.055496295798157014,0.029150183684891657,0.057321294539360308
1511,0.953125,0.671875,0.0070902207883767965,0.02270433705722507,0.0052003771421208949,0.023874943495410021
1512,0.921875,0.703125,0.027685684689908854,0.049767874911034883,0.026134195521960748,0.05138745792409552
1513,0.796875,0.953125,0.014061152979000225,0.0012006891194134186,0.013126180425587724,0.001247300092212876
1514,0.828125,0.921875,0.026055510486206607,0.0088120674178699919,0.0252218071857091,0.0090687468931254043
1515,0.828125,0.953125,0.010462494907057814,0.0035048216216613209,0.0095922586809314234,0.0034506001891647839
1516,0.796875,0.921875,0.035336686587613492,0.0029196856093822144,0.034516768896766643,0.0032726767035028198
1517,0.703125,0.953125,0.018339441549200978,-0.013879375957639679,0.017371281901261519,-0.013382106840171068
1518,0.671875,0.921875,0.04021730857684977,-0.051394708629500581,0.039638750750138459,-0.05066975889280155
1519,0.671875,0.953125,0.015959706282154002,-0.019927509450832125,0.015075160791938087,-0.019260177244585754
1520,0.703125,0.921875,0.046356164377539782,-0.035850080887896263,0.045679662853700932,-0.03520875069884951
1521,0.046875,0.796875,0.012312571428006012,0.0047996402963513818,0.012332684568286213,0.0046320169608734876
1522,0.078125,0.828125,0.021761492214758073,0.015641493409504457,0.02186842327237783,0.015480428999101089
1523,0.046875,0.828125,0.0095185245263028993,0.0036993152497777041,0.0095330725880127705,0.0035800967634163519
1524,0.078125,0.796875,0.028142951020944142,0.020235997649521959,0.028290001489861532,0.02002685107463727
1525,0.046875,0.703125,0.020490303315004784,0.0080037898307960924,0.020517192053915372,0.0077068732259537986
1526,0.078125,0.671875,0.052220596420233044,0.037536702790432398,0.052497983818067119,0.037165053722254218
1527,0.046875,0.671875,0.022860699643344223,0.0089285718953113231,0.022886597129820361,0.0085969571376265062
1528,0.078125,0.703125,0.046812123098049462,0.033654853849200826,0.047063182680036772,0.033317546445601219
1529,0.203125,0.953125,-0.00077248391719063466,0.013500286532702917,-0.00067455959469456738,0.013158766636020114
1530,0.171875,0.921875,0.005254417587969234,0.026479042081257228,0.005307543135311241,0.026263759809800839
1531,0.171875,0.953125,0.0020086413663725679,0.0102401608613481,0.0020191375359607066,0.0099824901880071256
1532,0.203125,0.921875,-0.0018943597747212056,0.03488859078933599,-0.0017787742713579362,0.03461779790329287
1533,0.296875,0.953125,-0.016271525104541884,0.015562060734214704,-0.015765265328114071,0.015230454198507068
1534,0.328125,0.921875,-0.056367247978430075,0.032010100699725624,-0.055892811812041705,0.031839700315267207
1535,0.328125,0.953125,-0.021875438684033285,0.012314452430019832,-0.021246160813513642,0.012103295946564799
1536,0.296875,0.921875,-0.041866197085277557,0.040321553269900043,-0.041475060613238086,0.040065531736812141
1537,0.453125,0.296875,-0.6066511814242681,-0.31744455497997215,-0.60789337614700756,-0.31887393455263241
1538,0.421875,0.328125,-0.71993206941594734,-0.17012952162657929,-0.72173745151729429,-0.17119809715831499
1539,0.453125,0.328125,-0.67662372493369471,-0.35401567328161687,-0.67809044371982108,-0.35569556979901351
1540,0.421875,0.296875,-0.64548585031869232,-0.15256733325142047,-0.64702204598845448,-0.15347581127580759
1541,0.546875,0.296875,-0.22769876869324615,-0.64576284122764016,-0.22706187026079994,-0.64781076186330588
1542,0.578125,0.328125,-0.065942589880500127,-0.73680151538597882,-0.064400681608621044,-0.73896274621785274
1543,0.546875,0.328125,-0.25398551550862242,-0.72017782282415432,-0.25328247346536276,-0.72261625574036414
1544,0.578125,0.296875,-0.059093217772210188,-0.6606738800641373,-0.057733277951682073,-0.66246512914175204
1545,0.453125,0.203125,-0.3649494590492568,-0.19109560910045839,-0.36541219025193145,-0.19168082877353609
1546,0.421875,0.171875,-0.30036916922400453,-0.071116669199560209,-0.30064997525473153,-0.071316628026643999
1547,0.453125,0.171875,-0.28227144575995017,-0.14787052790282371,-0.28246778128274885,-0.14817236721314112
1548,0.421875,0.203125,-0.38833157407945512,-0.091880743929718442,-0.38893320356298661,-0.092257432780292775
1549,0.546875,0.203125,-0.13689302540658385,-0.38867978285200788,-0.13648812166318308,-0.38941014956779385
1550,0.578125,0.171875,-0.027326732387590185,-0.30768550837009179,-0.026823613519716655,-0.30782969941298305
1551,0.546875,0.171875,-0.10582554157231128,-0.30072831435510544,-0.1055058655289704,-0.30102006375438695
1552,0.578125,0.203125,-0.035428525724085502,-0.39766746686882742,-0.034701969553317967,-0.3982193029347626
1553,0.296875,0.453125,-0.49243494154384071,0.47568083555782281,-0.49371925303539577,0.47692472341816289
1554,0.328125,0.421875,-0.64269009548456213,0.36633142275186509,-0.6445258942535016,0.36715268386150851
1555,0.328125,0.453125,-0.66342305666598989,0.37815905733365246,-0.66534079139379254,0.37900996444882995
1556,0.296875,0.421875,-0.4770478668794958,0.46080650846997739,-0.47827348461873381,0.46200423765061138
1557,0.296875,0.546875,-0.49243494154384132,0.47568083555782192,-0.49371925303539838,0.47692472341815817
1558,0.328125,0.578125,-0.64269009548456413,0.36633142275186431,-0.64452589425350937,0.36715268386150074
1559,0.328125,0.546875,-0.66342305666599066,0.37815905733365174,-0.66534079139379421,0.37900996444882329
1560,0.296875,0.578125,-0.47704786687949735,0.46080650846997639,-0.47827348461873703,0.46200423765060283
1561,0.203125,0.453125,-0.021691432483114545,0.41118209008957357,-0.021195396390382863,0.41208952876195459
1562,0.171875,0.421875,0.060445983206679654,0.30241883513774015,0.061183697495427375,0.30287318529440077
1563,0.171875,0.453125,0.06240326071045095,0.31217701821946153,0.063159699316779089,0.31265448543690488
1564,0.203125,0.421875,-0.021020356080366714,0.39832817920383562,-0.02053238018739351,0.39919743248073764
1565,0.203125,0.546875,-0.021691432483114819,0.41118209008957263,-0.021195396390384539,0.41208952876195409
1566,0.171875,0.578125,0.060445983206679155,0.30241883513773904,0.061183697495426265,0.30287318529440038
1567,0.171875,0.546875,0.0624032607104507,0.31217701821946076,0.063159699316778367,0.31265448543690477
1568,0.203125,0.578125,-0.021020356080367467,0.3983281792038349,-0.020532380187395654,0.39919743248073797
1569,0.703125,0.453125,0.53952639849633532,-0.41997476592592986,0.54364256536127953,-0.419103970080903
1570,0.671875,0.421875,0.45301463224028354,-0.58400019591651153,0.45697809942298662,-0.58426910099053309
1571,0.671875,0.453125,0.46761152969189645,-0.60281358821917885,0.47173585649874922,-0.60313760447487841
1572,0.703125,0.421875,0.52268569996064662,-0.40687693858369767,0.52663529350290528,-0.405992891859835
1573,0.703125,0.546875,0.53952639849633399,-0.41997476592592869,0.54364256536127842,-0.41910397008090222
1574,0.671875,0.578125,0.45301463224027988,-0.58400019591650854,0.45697809942298645,-0.5842691009905312
1575,0.671875,0.546875,0.46761152969189435,-0.60281358821917697,0.47173585649874789,-0.60313760447487574
1576,0.703125,0.578125,0.52268569996064385,-0.40687693858369534,0.52663529350290639,-0.40599289185983473
1577,0.796875,0.453125,0.40874732580277301,0.035513002175188844,0.41076909929121724,0.038944377453417812
1578,0.828125,0.421875,0.2898716824812983,0.10101456464169552,0.29073955143738556,0.10455684450080241
1579,0.828125,0.453125,0.29918437103636436,0.10429327027500686,0.30012836147376759,0.10793377721244919
1580,0.796875,0.421875,0.39600683507246109,0.034379377370012364,0.39791889423250798,0.037725681936428945
1581,0.796875,0.546875,0.40874732580277207,0.035513002175189212,0.41076909929121769,0.038944377453418201
1582,0.828125,0.578125,0.28987168248129658,0.10101456464169575,0.29073955143738461,0.10455684450080301
1583,0.828125,0.546875,0.29918437103636336,0.10429327027500705,0.30012836147376726,0.10793377721244962
1584,0.796875,0.578125,0.39600683507246015,0.03437937737001303,0.39791889423250631,0.037725681936429042
1585,0.546875,0.703125,-0.22769876869325362,-0.64576284122763739,-0.2270618702608069,-0.64781076186331144
1586,0.578125,0.671875,-0.065942589880506983,-0.7368015153859736,-0.064400681608626553,-0.73896274621784819
1587,0.546875,0.671875,-0.25398551550862897,-0.72017782282415055,-0.25328247346537092,-0.72261625574036781
1588,0.578125,0.703125,-0.059093217772217654,-0.66067388006413286,-0.057733277951686784,-0.66246512914174971
1589,0.453125,0.703125,-0.60665118142427643,-0.31744455497997287,-0.60789337614702665,-0.31887393455265289
1590,0.421875,0.671875,-0.71993206941595367,-0.17012952162657943,-0.72173745151731061,-0.17119809715833162
1591,0.453125,0.671875,-0.67662372493370082,-0.35401567328161609,-0.67809044371983884,-0.35569556979903039
1592,0.421875,0.703125,-0.64548585031869987,-0.15256733325142166,-0.6470220459884749,-0.15347581127582835
1593,0.546875,0.796875,-0.13689302540659098,-0.38867978285200921,-0.13648812166318491,-0.38941014956781222
1594,0.578125,0.828125,-0.027326732387596277,-0.30768550837009417,-0.026823613519714337,-0.30782969941299937
1595,0.546875,0.828125,-0.10582554157231758,-0.30072831435510844,-0.10550586552896947,-0.30102006375440593
1596,0.578125,0.796875,-0.035428525724092455,-0.39766746686882826,-0.034701969553318085,-0.39821930293477908
1597,0.453125,0.796875,-0.36494945904926362,-0.19109560910046175,-0.36541219025193783,-0.19168082877355996
1598,0.421875,0.828125,-0.3003691692240103,-0.071116669199564969,-0.30064997525473303,-0.071316628026666037
1599,0.453125,0.828125,-0.28227144575995633,-0.14787052790282817,-0.28246778128275069,-0.14817236721316354
1600,0.421875,0.796875,-0.38833157407946195,-0.091880743929722355,-0.3889332035629911,-0.092257432780315313
1601,0.046875,0.015625,0.00011707398582405342,-2.8580603658465256e-05,8.9979865314311131e-05,3.0860988103827993e-05
1602,0.078125,0.015625,0.00026553446418340373,0.00012956719728930845,0.00020920668467772823,0.00014412128267385458
1603,0.015625,0.046875,0.00010387492685799328,-5.9877398136740091e-05,9.5233195691795736e-05,4.6897153033922274e-06
1604,0.015625,0.078125,0.00026866881280119333,-3.1387648237143789e-05,0.00025382168736846189,1.5628026099418769e-05
1605,0.953125,0.015625,0.00047479104093123482,0.00055452193221773929,2.5581820229376425e-05,0.00010046121331975322
1606,0.921875,0.015625,0.00065764292329907744,0.00065659249706387791,0.00012104154938664014,0.00023385495019747447
1607,0.984375,0.046875,0.00051173682628629714,0.00053575736063177476,-4.115417124588406e-08,0.00010182568573347088
1608,0.984375,0.078125,0.00068155551868031607,0.00061405671609135373,-9.6918816244231283e-06,0.00025894258570578093
1609,0.984375,0.953125,0.00051173682628766128,0.0005357573606306435,-4.1154173494246396e-08,0.00010182568573673168
1610,0.984375,0.921875,0.00068155551868140905,0.00061405671608988398,-9.6918816261501946e-06,0.00025894258570951405
1611,0.953125,0.984375,0.00047479104093265068,0.00055452193221661259,2.5581820227319395e-05,0.0001004612133231764
1612,0.921875,0.984375,0.00065764292330032666,0.00065659249706239277,0.00012104154938552417,0.00023385495020161409
1613,0.015625,0.953125,0.00010387492686008733,-5.9877398135829985e-05,9.5233195695200307e-05,4.6897153076029103e-06
1614,0.015625,0.921875,0.00026866881280348794,-3.138764823666176e-05,0.00025382168737267294,1.562802610296268e-05
1615,0.046875,0.984375,0.00011707398582622302,-2.8580603657585189e-05,8.9979865317995318e-05,3.0860988108034264e-05
1616,0.078125,0.984375,0.00026553446418590195,0.00012956719728967743,0.00020920668468275741,0.000144121282677315
1617,0.484375,0.453125,-0.72894118583049483,-0.65481008902499582,-0.73020939566247778,-0.65781393438194946
1618,0.515625,0.453125,-0.54434642279990064,-0.81472262427549302,-0.54460842652496932,-0.81812338676349405
1619,0.484375,0.421875,-0.70615261983175404,-0.63435874667715386,-0.70736500366060717,-0.63723471911321716
1620,0.515625,0.421875,-0.52732605904040186,-0.7892750768466289,-0.52757046124003071,-0.79252898767091262
1621,0.453125,0.484375,-0.86826500918633309,-0.45415808627441917,-0.87034250136588254,-0.45654042304451864
1622,0.453125,0.515625,-0.86826500918633387,-0.45415808627441867,-0.87034250136588609,-0.4565404230445208
1623,0.421875,0.484375,-0.92382498342823638,-0.21821114024308011,-0.9263640799792322,-0.2197346568169353
1624,0.421875,0.515625,-0.92382498342823716,-0.21821114024308008,-0.92636407997923431,-0.21973465681693655
1625,0.546875,0.484375,-0.3259811406013759,-0.92396143360866279,-0.3250940926450987,-0.92748923917838388
1626,0.546875,0.515625,-0.32598114060137667,-0.9239614336086629,-0.32509409264510025,-0.92748923917838644
1627,0.578125,0.484375,-0.084703940387768156,-0.94527275276032707,-0.082661025907803734,-0.948469977160596
1628,0.578125,0.515625,-0.084703940387768947,-0.9452727527603273,-0.082661025907804886,-0.94846997716059833
1629,0.515625,0.546875,-0.54434642279990231,-0.81472262427549147,-0.54460842652496966,-0.81812338676349172
1630,0.484375,0.546875,-0.7289411858304965,-0.65481008902499438,-0.73020939566248078,-0.65781393438194991
1631,0.515625,0.578125,-0.52732605904040519,-0.78927507684662701,-0.5275704612400367,-0.79252898767091728
1632,0.484375,0.578125,-0.7061526198317567,-0.63435874667715242,-0.70736500366061095,-0.63723471911321949
1633,0.453125,0.015625,-0.0033016170049651765,-0.0021690171050662435,-0.002697968163793862,-0.0014210922237751983
1634,0.421875,0.015625,-0.0036324462114908662,-0.0011963964134051742,-0.0028733778573595001,-0.00068528708694247441
1635,0.546875,0.015625,-0.00080078740385273713,-0.0039849151721573807,-0.00099982383068602078,-0.0028823350672419709
1636,0.578125,0.015625,0.0002473128641234171,-0.0040066643123604518,-0.00024573128518523714,-0.0029462298857004803
1637,0.484375,0.046875,-0.023711446333296547,-0.021806422622336032,-0.023314165359653628,-0.021010315167130884
1638,0.515625,0.046875,-0.017560700490280502,-0.02705862803910164,-0.017385644737906995,-0.026129770620348897
1639,0.484375,0.078125,-0.061685745722020131,-0.055845725144182332,-0.061339642210883984,-0.055264730006184072
1640,0.515625,0.078125,-0.045948795938701575,-0.069433380486265031,-0.045746536225255346,-0.068732282221952434
1641,0.015625,0.453125,0.0032648029989728912,0.00039860907215198498,0.0030405453535929969,0.00020517557089663326
1642,0.015625,0.421875,0.0031599947418706935,0.00038589641503660615,0.0029453599672667331,0.00019874477770774363
1643,0.015625,0.546875,0.0032648029989731943,0.00039860907215159158,0.0030405453535936951,0.00020517557089668549
1644,0.015625,0.578125,0.0031599947418712248,0.00038589641503598956,0.0029453599672678438,0.00019874477770784462
1645,0.046875,0.484375,0.02936019409026689,0.0114566414967203,0.029375894837555407,0.011034557149259853
1646,0.046875,0.515625,0.029360194090266935,0.011456641496720113,0.029375894837555549,0.011034557149259775
1647,0.078125,0.484375,0.067042160081730501,0.048163345886593892,0.067382673975289298,0.047702272991456615
1648,0.078125,0.515625,0.067042160081730501,0.048163345886593677,0.067382673975289062,0.047702272991456206
1649,0.984375,0.453125,0.0020078612133610061,0.0021838426264096391,-0.00020652897384554271,0.0030208020662051229
1650,0.984375,0.421875,0.0019788921779403099,0.0021348982234018232,-0.00019954318185808599,0.0029265812370437997
1651,0.984375,0.546875,0.0020078612133606626,0.0021838426264091911,-0.00020652897384585794,0.003020802066206074
1652,0.984375,0.578125,0.0019788921779397574,0.0021348982234010755,-0.00019954318185855097,0.0029265812370453453
1653,0.953125,0.484375,0.008772575631994373,0.029038456493168472,0.0066698607076315737,0.030642572696187202
1654,0.953125,0.515625,0.0087725756319942012,0.029038456493168337,0.0066698607076315685,0.030642572696187576
1655,0.921875,0.484375,0.039111387081915486,0.071187928938546863,0.037409623800504797,0.073572609508338854
1656,0.921875,0.515625,0.039111387081915291,0.071187928938546793,0.037409623800504908,0.073572609508339312
1657,0.546875,0.984375,-0.00080078740385202568,-0.0039849151721635251,-0.00099982383067275665,-0.0028823350672479912
1658,0.578125,0.984375,0.00024731286412413121,-0.0040066643123662562,-0.0002457312851725175,-0.00294622988570471
1659,0.453125,0.984375,-0.0033016170049642111,-0.0021690171050726377,-0.0026979681637801832,-0.001421092223784341
1660,0.421875,0.984375,-0.0036324462114896996,-0.0011963964134113568,-0.0028733778573460577,-0.0006852870869516332
1661,0.515625,0.953125,-0.017560700490281377,-0.027058628039108069,-0.017385644737895476,-0.026129770620359823
1662,0.484375,0.953125,-0.023711446333297317,-0.021806422622342565,-0.0233141653596423,-0.021010315167143068
1663,0.515625,0.921875,-0.045948795938704046,-0.069433380486271193,-0.045746536225246326,-0.068732282221966673
1664,0.484375,0.921875,-0.061685745722022518,-0.055845725144188639,-0.061339642210875768,-0.055264730006199678
1665,0.234375,0.203125,-0.064481135834039749,0.20624153165675299,-0.064325264767638474,0.20653520367874545
1666,0.265625,0.203125,-0.13411217899954642,0.21728990469180978,-0.13414125997956444,0.21763963296031155
1667,0.234375,0.171875,-0.04989161866831375,0.15952725909347024,-0.049723923580850808,0.15965426967384122
1668,0.265625,0.171875,-0.10375246899785959,0.16807069595306595,-0.10369260850417172,0.16823821515309031
1669,0.203125,0.234375,-0.011445451506220686,0.21572455908677143,-0.011111766641709748,0.21603439432024696
1670,0.203125,0.265625,-0.01350565369734443,0.25488722025113131,-0.013132469355687296,0.25531955184518484
1671,0.171875,0.234375,0.032679584275375019,0.16378610754283404,0.033110693892467631,0.16390625554010765
1672,0.171875,0.265625,0.038628255282466467,0.19351970575563354,0.039131702523977907,0.19371218213682631
1673,0.296875,0.265625,-0.30531287724768141,0.29483519988171486,-0.30589573508680812,0.29548955118164028
1674,0.296875,0.234375,-0.25841775005524442,0.24952646730987899,-0.25882867649272412,0.25002364758182655
1675,0.328125,0.265625,-0.41130022347071327,0.23436467871169639,-0.41222786152958701,0.23482395637999134
1676,0.328125,0.234375,-0.34811867370487454,0.19834149143464377,-0.34879988778415671,0.19869238983439533
1677,0.265625,0.296875,-0.22285494533021746,0.36119586044133367,-0.22315498823652713,0.36206100820874981
1678,0.234375,0.296875,-0.10711538590275974,0.34282012826556107,-0.10701056097143044,0.34358801930912947
1679,0.265625,0.328125,-0.24854160186497251,0.40286117635252094,-0.24892389797768238,0.40387034947410577
1680,0.234375,0.328125,-0.11945262229315771,0.38236282604536853,-0.11936760465868056,0.3832641675574911
1681,0.765625,0.203125,0.21314508976454194,-0.035188350534824733,0.21369223430912196,-0.03361183128028862
1682,0.734375,0.203125,0.23394715063061569,-0.10237516832070992,0.23483263698800011,-0.10106767141459748
1683,0.765625,0.171875,0.16503179474425522,-0.027290709637653926,0.16518925339575638,-0.025982954123821855
1684,0.734375,0.171875,0.18110963350293519,-0.079269469859767405,0.18153097571773694,-0.078127325566906408
1685,0.796875,0.234375,0.21491411884349493,0.01837473786723258,0.21534940387597401,0.020412990935205773
1686,0.796875,0.265625,0.25376936345097623,0.021788223943184436,0.25450752533719351,0.024125906088107642
1687,0.828125,0.234375,0.15746599053928015,0.054517486020637322,0.1573472479850945,0.056580905894643305
1688,0.828125,0.265625,0.18588134108282714,0.064473938714371348,0.18595779632839535,0.066870590396675506
1689,0.703125,0.265625,0.33471739965457026,-0.26063543754442553,0.33683087732564093,-0.25966981825602503
1690,0.703125,0.234375,0.28338733318511261,-0.22067853947532987,0.28500557311609714,-0.21971651017795008
1691,0.671875,0.265625,0.29009510881511863,-0.37397611421694937,0.29227879286001285,-0.37369225333128903
1692,0.671875,0.234375,0.2456076115208993,-0.3166056953689429,0.24730838010411452,-0.3161947884290735
1693,0.734375,0.296875,0.38839061382671358,-0.16981818258428794,0.3906553802197793,-0.16813000608301881
1694,0.765625,0.296875,0.35376101073160776,-0.05817249583127132,0.35548610011758602,-0.055912331910308213
1695,0.734375,0.328125,0.43309430323106463,-0.18932146779304837,0.43576515960743228,-0.1875438287090343
1696,0.765625,0.328125,0.3944584760575916,-0.064805522103275739,0.39653452948286583,-0.06236783742810826
1697,0.796875,0.765625,0.21491411884349138,0.018374737867232087,0.21534940387598062,0.02041299093520724
1698,0.796875,0.734375,0.25376936345097273,0.021788223943184488,0.25450752533719995,0.024125906088109016
1699,0.828125,0.765625,0.15746599053927715,0.054517486020636552,0.15734724798510039,0.056580905894645893
1700,0.828125,0.734375,0.18588134108282406,0.06447393871437096,0.18595779632840098,0.066870590396678045
1701,0.765625,0.796875,0.21314508976453789,-0.035188350534825594,0.21369223430912915,-0.033611831280288579
1702,0.734375,0.796875,0.23394715063061083,-0.10237516832071054,0.23483263698800722,-0.1010676714145991
1703,0.765625,0.828125,0.16503179474425164,-0.027290709637655508,0.1651892533957641,-0.02598295412382156
1704,0.734375,0.828125,0.18110963350293111,-0.079269469859768946,0.18153097571774438,-0.078127325566907851
1705,0.734375,0.703125,0.38839061382670909,-0.16981818258428641,0.39065538021978535,-0.16813000608301934
1706,0.765625,0.703125,0.35376101073160376,-0.058172495831270349,0.35548610011759296,-0.055912331910307991
1707,0.734375,0.671875,0.43309430323106018,-0.18932146779304629,0.435765159607438,-0.18754382870903488
1708,0.765625,0.671875,0.39445847605758783,-0.064805522103274352,0.39653452948287143,-0.062367837428108204
1709,0.703125,0.734375,0.33471739965456454,-0.26063543754442409,0.33683087732564443,-0.25966981825602597
1710,0.703125,0.765625,0.28338733318510712,-0.22067853947532939,0.28500557311610319,-0.21971651017795313
1711,0.671875,0.734375,0.29009510881511208,-0.3739761142169471,0.29227879286001507,-0.37369225333129041
1712,0.671875,0.765625,0.24560761152089317,-0.31660569536894195,0.24730838010411929,-0.31619478842907922
1713,0.203125,0.765625,-0.011445451506221758,0.21572455908676802,-0.011111766641708971,0.21603439432023816
1714,0.203125,0.734375,-0.013505653697345854,0.25488722025112848,-0.013132469355688011,0.25531955184517618
1715,0.171875,0.765625,0.032679584275374797,0.16378610754283085,0.033110693892469893,0.16390625554010091
1716,0.171875,0.734375,0.038628255282465884,0.19351970575563068,0.039131702523978941,0.19371218213681957
1717,0.234375,0.796875,-0.064481135834041262,0.20624153165674908,-0.064325264767637488,0.20653520367873335
1718,0.265625,0.796875,-0.13411217899954889,0.21728990469180567,-0.13414125997956519,0.21763963296029706
1719,0.234375,0.828125,-0.049891618668314562,0.15952725909346602,-0.049723923580847942,0.15965426967382967
1720,0.265625,0.828125,-0.10375246899786125,0.16807069595306146,-0.10369260850417032,0.16823821515307671
1721,0.265625,0.703125,-0.22285494533022118,0.36119586044133195,-0.22315498823653382,0.36206100820873782
1722,0.234375,0.703125,-0.1071153859027624,0.34282012826555885,-0.10701056097143449,0.34358801930911914
1723,0.265625,0.671875,-0.24854160186497587,0.4028611763525195,-0.24892389797768957,0.40387034947409478
1724,0.234375,0.671875,-0.11945262229316014,0.38236282604536692,-0.11936760465868519,0.38326416755748205
1725,0.296875,0.734375,-0.30531287724768597,0.29483519988171214,-0.30589573508681528,0.2954895511816239
1726,0.296875,0.765625,-0.25841775005524864,0.2495264673098756,-0.25882867649272923,0.25002364758180967
1727,0.328125,0.734375,-0.41130022347071876,0.23436467871169364,-0.41222786152959706,0.2348239563799738
1728,0.328125,0.765625,-0.34811867370487959,0.19834149143464019,-0.34879988778416376,0.19869238983437715
1729,0.203125,0.015625,-0.00017295009441040704,0.0016802457289834686,-6.422204900055357e-05,0.0012985057583184629
1730,0.171875,0.015625,0.00020212772776933256,0.0012706014634840306,0.00020179791636380255,0.00098390491506189569
1731,0.296875,0.015625,-0.002154176924991362,0.0018510125701943537,-0.0015558642383595586,0.0015040950079751906
1732,0.328125,0.015625,-0.0028347104009859717,0.0013923870853177513,-0.0020974170837040011,0.0011948086400154114
1733,0.234375,0.046875,-0.0050341022011049135,0.015855834218235446,-0.0048143131956893143,0.01546427861565818
1734,0.265625,0.046875,-0.010404648816672768,0.016687597305989777,-0.010042242864440484,0.016296164753766062
1735,0.234375,0.078125,-0.012867406398999854,0.040983913470506679,-0.012668570977669399,0.040681461087012726
1736,0.265625,0.078125,-0.026715308292277206,0.043168780828697718,-0.026420628739231542,0.042869101675381806
1737,0.015625,0.203125,0.0013739758392408812,0.00014777112107254659,0.0012958903217875726,8.6925756048014327e-05
1738,0.015625,0.171875,0.0010601564930604373,9.9891275051669926e-05,0.0010013984203575937,6.6849230530951746e-05
1739,0.015625,0.296875,0.0022993943816215271,0.00027714729421189773,0.0021567898164429485,0.0001453931871579335
1740,0.015625,0.328125,0.0025699580369742095,0.00031229876303556867,0.0024060304999288856,0.00016227248003974369
1741,0.046875,0.234375,0.01513528686321057,0.0059082173253281849,0.015159424672729051,0.0056940579771113222
1742,0.046875,0.265625,0.017889937101372367,0.0069873535182868622,0.017916325988987659,0.0067297998691047568
1743,0.078125,0.234375,0.034588597147232669,0.02487254751584125,0.034773824353385517,0.02461723406701799
1744,0.078125,0.265625,0.040877277316542469,0.029392442026687227,0.041097458964718406,0.029094119080759102
1745,0.796875,0.015625,0.0022795007395907951,0.00034575978343269248,0.0013033082798762027,0.00012973390768374388
1746,0.828125,0.015625,0.0018097106848509478,0.00065872444967665427,0.00095318848782447515,0.00034716411236656268
1747,0.703125,0.015625,0.0028790280352213667,-0.0016394104555870206,0.0017259997988809052,-0.0013169007752656028
1748,0.671875,0.015625,0.0025927601650743873,-0.0024480152450635918,0.0014998822704841901,-0.0018987742358833094
1749,0.765625,0.046875,0.016991496232644784,-0.0026880139128786637,0.016009182571891451,-0.0025131824287779056
1750,0.734375,0.046875,0.018590578478271159,-0.0078927573841979116,0.017592805709217535,-0.0075646331374652834
1751,0.765625,0.078125,0.042891972907485046,-0.0070692524209595266,0.042099249565081924,-0.0066192768931345103
1752,0.734375,0.078125,0.047010336024038972,-0.020454090059413108,0.046263627685643814,-0.019906724123047597
1753,0.984375,0.203125,0.0013411957248968785,0.001227032199180071,-8.0640755728518353e-05,0.0012923935253087472
1754,0.984375,0.171875,0.0011892166551048392,0.0010537317454310097,-6.0025779161679846e-05,0.0010003674893008208
1755,0.984375,0.296875,0.0017099019290549755,0.001714948368402936,-0.00014212648571239103,0.0021456499849574514
1756,0.984375,0.328125,0.0018009150464890792,0.0018504891626284577,-0.00016017906359873192,0.0023925439269904423
1757,0.953125,0.234375,0.0050220054453098753,0.015152383801726581,0.0034494412579141442,0.0158159529251281
1758,0.953125,0.265625,0.0057693270776350298,0.017847594550769307,0.0040743053886523025,0.01869128230156861
1759,0.921875,0.234375,0.020725588106836682,0.036819127741288732,0.01931377165450681,0.037969617040901835
1760,0.921875,0.265625,0.024312408325269558,0.043481052907743539,0.022823406828005648,0.044873930357032528
1761,0.984375,0.796875,0.0013411957248967022,0.0012270321991779732,-8.0640755728898759e-05,0.0012923935253130634
1762,0.984375,0.828125,0.0011892166551049682,0.0010537317454289488,-6.0025779162255273e-05,0.0010003674893051574
1763,0.984375,0.703125,0.0017099019290541945,0.0017149483684011509,-0.00014212648571265303,0.0021456499849610987
1764,0.984375,0.671875,0.0018009150464882422,0.001850489162626904,-0.00016017906359908974,0.0023925439269936255
1765,0.953125,0.765625,0.0050220054453088935,0.015152383801724656,0.0034494412579150302,0.015815952925132392
1766,0.953125,0.734375,0.0057693270776338554,0.017847594550767537,0.0040743053886531334,0.018691282301572621
1767,0.921875,0.765625,0.020725588106835183,0.036819127741287039,0.019313771654508906,0.037969617040906005
1768,0.921875,0.734375,0.024312408325267869,0.043481052907742027,0.022823406828007636,0.044873930357036441
1769,0.796875,0.984375,0.0022795007395915619,0.00034575978342983723,0.001303308279880399,0.00012973390768884695
1770,0.828125,0.984375,0.0018097106848517985,0.00065872444967415606,0.00095318848782717785,0.00034716411237182833
1771,0.703125,0.984375,0.0028790280352220818,-0.0016394104555910876,0.0017259997988893444,-0.0013169007752629998
1772,0.671875,0.984375,0.0025927601650751193,-0.0024480152450680887,0.0014998822704939397,-0.0018987742358822189
1773,0.765625,0.953125,0.016991496232644603,-0.0026880139128819614,0.016009182571898064,-0.0025131824287745095
1774,0.734375,0.953125,0.018590578478270878,-0.0078927573842015927,0.017592805709225407,-0.007564633137463108
1775,0.765625,0.921875,0.042891972907483901,-0.0070692524209626595,0.042099249565089078,-0.0066192768931321823
1776,0.734375,0.921875,0.047010336024037674,-0.020454090059416577,0.046263627685652162,-0.01990672412304683
1777,0.015625,0.796875,0.0013739758392430886,0.00014777112107169902,0.0012958903217924912,8.6925756048984376e-05
1778,0.015625,0.828125,0.0010601564930627892,9.9891275051074415e-05,0.0010013984203626786,6.6849230532456998e-05
1779,0.015625,0.703125,0.0022993943816230441,0.00027714729421075542,0.0021567898164464722,0.00014539318715807832
1780,0.015625,0.671875,0.0025699580369754728,0.00031229876303449694,0.0024060304999318463,0.00016227248003985141
1781,0.046875,0.765625,0.015135286863212336,0.0059082173253266314,0.015159424672733733,0.0056940579771106057
1782,0.046875,0.734375,0.017889937101373852,0.0069873535182852558,0.017916325988991833,0.0067297998691038807
1783,0.078125,0.765625,0.03458859714723414,0.024872547515839217,0.034773824353390187,0.024617234067015888
1784,0.078125,0.734375,0.040877277316543635,0.029392442026685187,0.0410974589647225,0.029094119080756993
1785,0.203125,0.984375,-0.00017295009440740478,0.0016802457289814151,-6.4222048990854189e-05,0.0012985057583173485
1786,0.171875,0.984375,0.0002021277277723577,0.0012706014634826319,0.00020179791637251851,0.00098390491506212792
1787,0.296875,0.984375,-0.0021541769249889611,0.0018510125701902507,-0.0015558642383476362,0.0015040950079697772
1788,0.328125,0.984375,-0.002834710400983874,0.0013923870853129979,-0.0020974170836915366,0.0011948086400086842
1789,0.234375,0.953125,-0.0050341022011027164,0.015855834218232067,-0.004814313195679606,0.015464278615653129
1790,0.265625,0.953125,-0.010404648816670952,0.016687597305985759,-0.01004224286443038,0.0162961647537593
1791,0.234375,0.921875,-0.012867406398998396,0.040983913470502807,-0.012668570977661003,0.040681461087005433
1792,0.265625,0.921875,-0.026715308292276269,0.043168780828693257,-0.026420628739223177,0.042869101675372639
1793,0.484375,0.296875,-0.51734460611015975,-0.46489178694994143,-0.51808956389753069,-0.4667268500333443
1794,0.515625,0.296875,-0.38630967180190778,-0.57841136171074437,-0.38640372662773692,-0.58046817417976093
1795,0.484375,0.328125,-0.57702303519802611,-0.51846121924067923,-0.57791656330970076,-0.52062178439852402
1796,0.515625,0.328125,-0.43088204962993137,-0.64506591465413898,-0.43102431887196407,-0.6474973483355364
1797,0.484375,0.203125,-0.31119958132804398,-0.27982425832530811,-0.31142959282591665,-0.28055756276728566
1798,0.515625,0.203125,-0.23234255092241557,-0.34814059817779247,-0.23227108347708408,-0.34892933296694262
1799,0.484375,0.171875,-0.24068234216189277,-0.21651245095886668,-0.24073834548970688,-0.2168753881033329
1800,0.515625,0.171875,-0.17967148747028971,-0.26936407129791973,-0.17954757239689387,-0.26972777907884121
1801,0.453125,0.265625,-0.52984341359235376,-0.2772971304938483,-0.53083839143187928,-0.27845493527845433
1802,0.453125,0.234375,-0.44842776641163434,-0.2347371970272934,-0.44916006450710855,-0.23561070303934933
1803,0.421875,0.265625,-0.56376734722764532,-0.13328589664174065,-0.56500730178319514,-0.13402207625010457
1804,0.421875,0.234375,-0.47714648994112457,-0.11284391530108799,-0.4780716280504736,-0.11340103435742831
1805,0.546875,0.265625,-0.19884394173245826,-0.56407319507445586,-0.19827963013250779,-0.56569704248427433
1806,0.546875,0.234375,-0.16825704995397736,-0.4774766312889856,-0.16777041634990011,-0.4786563557619341
1807,0.578125,0.265625,-0.051574569294934418,-0.57710336733188894,-0.050414489759743025,-0.57849395876147203
1808,0.578125,0.234375,-0.043603792900207869,-0.48851177439531257,-0.042656542114706569,-0.48948435053997241
1809,0.296875,0.484375,-0.50022003327358611,0.48320673476215914,-0.50153411189931107,0.48447381744580453
1810,0.296875,0.515625,-0.50022003327358622,0.48320673476215886,-0.50153411189931074,0.48447381744580159
1811,0.328125,0.484375,-0.6739129581075104,0.38414348586715696,-0.67587218726670761,0.38500921549305578
1812,0.328125,0.515625,-0.67391295810751017,0.38414348586715663,-0.6758721872667105,0.38500921549305461
1813,0.203125,0.484375,-0.022030828535899636,0.41768565229140037,-0.021530849831809223,0.41861234747720938
1814,0.203125,0.515625,-0.022030828535899688,0.41768565229140003,-0.021530849831809865,0.41861234747720927
1815,0.171875,0.484375,0.063393695218914012,0.31711424511515446,0.064159469645664199,0.31760338121750625
1816,0.171875,0.515625,0.063393695218913942,0.31711424511515435,0.064159469645663963,0.31760338121750614
1817,0.265625,0.453125,-0.31391997999467219,0.50893341134146264,-0.31451982612164991,0.51029842498593891
1818,0.234375,0.453125,-0.15084726971787829,0.48302900102738494,-0.15082288194670257,0.48426202825170328
1819,0.265625,0.421875,-0.30411378943615824,0.49302124712881651,-0.30468025475419491,0.49433387369820397
1820,0.234375,0.421875,-0.14613892034839276,0.46792801670798412,-0.14610451494896229,0.46911203083306485
1821,0.265625,0.546875,-0.31391997999467264,0.50893341134146153,-0.31451982612165319,0.51029842498593714
1822,0.234375,0.546875,-0.15084726971787862,0.48302900102738394,-0.15082288194670512,0.48426202825170339
1823,0.265625,0.578125,-0.30411378943615947,0.4930212471288154,-0.30468025475419891,0.49433387369819887
1824,0.234375,0.578125,-0.14613892034839376,0.46792801670798301,-0.14610451494896545,0.46911203083306208
1825,0.703125,0.484375,0.54804688823651881,-0.42660134358569668,0.55224747392590423,-0.42573757717047783
1826,0.703125,0.515625,0.54804688823651837,-0.42660134358569612,0.55224747392590412,-0.42573757717047778
1827,0.671875,0.484375,0.47499679309329834,-0.6123319990138425,0.47920261292343969,-0.61268420878518459
1828,0.671875,0.515625,0.4749967930932974,-0.6123319990138415,0.4792026129234398,-0.61268420878518459
1829,0.796875,0.484375,0.41519316580617327,0.036086850588062963,0.41727071754992034,0.039560987344550581
1830,0.796875,0.515625,0.41519316580617283,0.036086850588063074,0.41727071754992151,0.039560987344550762
1831,0.828125,0.484375,0.3038958634294513,0.1059523814606043,0.30487866966567118,0.10964235664751464
1832,0.828125,0.515625,0.30389586342945096,0.10595238146060436,0.30487866966567156,0.10964235664751497
1833,0.734375,0.453125,0.54687522128417021,-0.23893587239748862,0.55059426069725925,-0.23696217038581302
1834,0.765625,0.453125,0.49803672315366043,-0.08165901332682246,0.50102516166740674,-0.078800111971892059
1835,0.734375,0.421875,0.52980910002107617,-0.23149623439878683,0.53336956817024073,-0.22954931615547017
1836,0.765625,0.421875,0.482501404805735,-0.079133510310453001,0.48535127787698051,-0.076335266461395088
1837,0.734375,0.546875,0.5468752212841691,-0.23893587239748762,0.55059426069725637,-0.23696217038581119
1838,0.765625,0.546875,0.49803672315365977,-0.081659013326821822,0.50102516166740729,-0.078800111971891657
1839,0.734375,0.578125,0.5298091000210744,-0.23149623439878514,0.53336956817023962,-0.22954931615546881
1840,0.765625,0.578125,0.48250140480573361,-0.079133510310451891,0.48535127787698135,-0.076335266461395032
1841,0.515625,0.703125,-0.386309671801915,-0.5784113617107427,-0.38640372662774841,-0.58046817417977381
1842,0.484375,0.703125,-0.5173446061101673,-0.46489178694994082,-0.51808956389754723,-0.46672685003336217
1843,0.515625,0.671875,-0.4308820496299377,-0.64506591465413621,-0.43102431887197507,-0.64749734833554529
1844,0.484375,0.671875,-0.57702303519803189,-0.51846121924067723,-0.57791656330971608,-0.5206217843985379
1845,0.515625,0.796875,-0.2323425509224227,-0.34814059817779458,-0.2322710834770878,-0.34892933296696327
1846,0.484375,0.796875,-0.31119958132805098,-0.27982425832531077,-0.31142959282592342,-0.28055756276730942
1847,0.515625,0.828125,-0.17967148747029615,-0.26936407129792322,-0.17954757239689423,-0.26972777907886158
1848,0.484375,0.828125,-0.2406823421618991,-0.21651245095887078,-0.24073834548970893,-0.21687538810335524
1849,0.546875,0.734375,-0.19884394173246625,-0.56407319507445464,-0.19827963013251534,-0.56569704248428909
1850,0.546875,0.765625,-0.16825704995398505,-0.4774766312889856,-0.16777041634990605,-0.47865635576195337
1851,0.578125,0.734375,-0.051574569294942148,-0.57710336733188627,-0.050414489759747542,-0.5784939587614818
1852,0.578125,0.765625,-0.043603792900215418,-0.48851177439531152,-0.042656542114708949,-0.48948435053998551
1853,0.453125,0.734375,-0.52984341359236198,-0.27729713049384985,-0.53083839143189548,-0.27845493527847764
1854,0.453125,0.765625,-0.44842776641164184,-0.23473719702729573,-0.44916006450711965,-0.23561070303937282
1855,0.421875,0.734375,-0.5637673472276532,-0.13328589664174276,-0.56500730178320879,-0.13402207625012633
1856,0.421875,0.765625,-0.47714648994113201,-0.11284391530109102,-0.47807162805048503,-0.1134010343574515
1857,0.109375,0.078125,0.008093448166534253,0.0096473516634846164,0.0080905235023297356,0.0095644953644627318
1858,0.140625,0.078125,0.008390409229283545,0.017527830737431423,0.0084048931941867414,0.017379248501954821
1859,0.109375,0.046875,0.0031243882613821478,0.0037018910435416019,0.0030761557389620696,0.0036335252309805627
1860,0.140625,0.046875,0.0032332289193118089,0.0067646327358422374,0.003196224834160663,0.0066045896824116846
1861,0.078125,0.109375,0.010197291207358961,0.0073038330094378021,0.010225285585658259,0.007236815669154806
1862,0.078125,0.140625,0.015689665577655137,0.01126577616668494,0.015756232973835497,0.01115292858749403
1863,0.046875,0.109375,0.0044563651836117841,0.0016973537020239385,0.0044569595791043772,0.0016725668427643482
1864,0.046875,0.140625,0.0068604469879985121,0.0026495313715577812,0.0068683269272991291,0.0025787704146637358
1865,0.171875,0.140625,0.014812267573271877,0.074364982113642814,0.015003626640488,0.074267219510053814
1866,0.171875,0.109375,0.0096214134596185504,0.048358014417359707,0.0097376588691149082,0.048196802366242027
1867,0.203125,0.140625,-0.0052286579952881777,0.097953207724413197,-0.0050340370429879273,0.097887527763917778
1868,0.203125,0.109375,-0.0034166617220298908,0.063702744393459645,-0.0032661811357722866,0.063526051800077227
1869,0.140625,0.171875,0.032726479721871163,0.068316617142961278,0.032980119186733554,0.068212449818747009
1870,0.109375,0.171875,0.031555121936800185,0.037698855391037102,0.031748807929593989,0.03754523653769453
1871,0.140625,0.203125,0.042322508892791925,0.088327789373019744,0.042664158195393466,0.088242949087912359
1872,0.109375,0.203125,0.040806262507052306,0.048748535945516862,0.041071460356640478,0.048570738833945228
1873,0.890625,0.078125,0.0091294320713151723,0.0093430806141519742,0.0082975061101568503,0.0093950415970950243
1874,0.859375,0.078125,0.01682003835344225,0.010683499938674328,0.015982376662612364,0.010841551373289154
1875,0.890625,0.046875,0.0038916985689983977,0.0037714678896266962,0.0031579971790914024,0.0035743652783171301
1876,0.859375,0.046875,0.0068802036601452602,0.0042565503160987127,0.0060795735878048868,0.0041243874422195346
1877,0.921875,0.109375,0.0066400615676356998,0.011013714053408827,0.0056861161418854129,0.01116730827294489
1878,0.921875,0.140625,0.009845498257079182,0.016812861703974908,0.0087571431677222946,0.017205880527292491
1879,0.953125,0.109375,0.0019647249258596105,0.0047038258484631531,0.0010209300625417517,0.0046536754686349402
1880,0.953125,0.140625,0.0026849896174687433,0.0070513098390908345,0.0015686542244263851,0.0071685822851234437
1881,0.828125,0.140625,0.071934738049730648,0.024668997928098336,0.071301998415819343,0.025637247020060469
1882,0.828125,0.109375,0.047028735487686241,0.016035944277269985,0.046276285851259841,0.016638576333044934
1883,0.796875,0.140625,0.098001162850728935,0.0082171545487583035,0.097583498787068859,0.0092486887255604569
1884,0.796875,0.109375,0.063975905922423096,0.005316709400110458,0.063332408623485423,0.0060027009898911843
1885,0.859375,0.171875,0.063487033191949357,0.041343621824039174,0.062698327897707185,0.042538814633742997
1886,0.890625,0.171875,0.033581002527915071,0.035906549919496274,0.032539998140586425,0.036861302911908263
1887,0.859375,0.203125,0.081832580990653769,0.053475445554667475,0.081105762687298924,0.055029935342783796
1888,0.890625,0.203125,0.043168062970592787,0.046412334179335366,0.042091749492106888,0.047684958286970724
1889,0.921875,0.890625,0.0066400615676356209,0.011013714053406756,0.0056861161418865413,0.011167308272949494
1890,0.921875,0.859375,0.0098454982570786616,0.016812861703972826,0.008757143167723901,0.017205880527297088
1891,0.953125,0.890625,0.0019647249258599644,0.0047038258484612223,0.0010209300625416103,0.0046536754686393369
1892,0.953125,0.859375,0.0026849896174687073,0.0070513098390887936,0.0015686542244266828,0.0071685822851279436
1893,0.890625,0.921875,0.009129432071315207,0.0093430806141497902,0.0082975061101586856,0.0093950415970997046
1894,0.859375,0.921875,0.016820038353441955,0.010683499938671934,0.015982376662615615,0.010841551373293727
1895,0.890625,0.953125,0.0038916985689989828,0.0037714678896246332,0.0031579971790924172,0.0035743652783218906
1896,0.859375,0.953125,0.0068802036601456123,0.0042565503160963709,0.0060795735878072703,0.0041243874422244118
1897,0.859375,0.828125,0.063487033191947456,0.041343621824037384,0.062698327897712,0.042538814633746841
1898,0.890625,0.828125,0.033581002527913663,0.035906549919494372,0.032539998140589631,0.036861302911912433
1899,0.859375,0.796875,0.081832580990651591,0.053475445554666087,0.081105762687303448,0.05502993534278712
1900,0.890625,0.796875,0.043168062970591052,0.046412334179333728,0.042091749492110052,0.047684958286974541
1901,0.828125,0.859375,0.071934738049728719,0.024668997928096223,0.071301998415824908,0.025637247020063671
1902,0.828125,0.890625,0.047028735487684922,0.016035944277267559,0.046276285851265295,0.016638576333048594
1903,0.796875,0.859375,0.098001162850726437,0.0082171545487561438,0.097583498787076048,0.0092486887255626843
1904,0.796875,0.890625,0.063975905922421361,0.0053167094001078871,0.063332408623492167,0.0060027009898939755
1905,0.078125,0.890625,0.01019729120736142,0.007303833009436619,0.01022528558566463,0.0072368156691549621
1906,0.078125,0.859375,0.015689665577657431,0.011265776166683412,0.015756232973841752,0.011152928587493349
1907,0.046875,0.890625,0.00445636518361425,0.0016973537020233938,0.0044569595791099908,0.0016725668427659385
1908,0.046875,0.859375,0.006860446988000906,0.0026495313715568752,0.0068683269273048181,0.0025787704146645342
1909,0.109375,0.921875,0.0080934481665368135,0.0096473516634832321,0.0080905235023367508,0.0095644953644624057
1910,0.140625,0.921875,0.0083904092292860048,0.0175278307374294,0.0084048931941944245,0.017379248501952892
1911,0.109375,0.953125,0.0031243882613848513,0.0037018910435407761,0.0030761557389688979,0.0036335252309816139
1912,0.140625,0.953125,0.0032332289193145519,0.0067646327358407855,0.0031962248341684788,0.0066045896824113723
1913,0.140625,0.828125,0.032726479721872488,0.068316617142958419,0.032980119186739286,0.068212449818742277
1914,0.109375,0.828125,0.031555121936801947,0.037698855391034777,0.031748807929600061,0.037545236537691692
1915,0.140625,0.796875,0.042322508892792855,0.088327789373016913,0.04266415819539833,0.088242949087907682
1916,0.109375,0.796875,0.040806262507053707,0.048748535945514405,0.041071460356645689,0.048570738833941932
1917,0.171875,0.859375,0.014812267573273126,0.074364982113639524,0.015003626640494311,0.074267219510047694
1918,0.171875,0.890625,0.0096214134596203042,0.048358014417356654,0.009737658869122234,0.048196802366236663
1919,0.203125,0.859375,-0.0052286579952875488,0.097953207724409463,-0.0050340370429822132,0.097887527763909007
1920,0.203125,0.890625,-0.0034166617220286123,0.063702744393456037,-0.0032661811357650979,0.063526051800069663
1921,0.421875,0.390625,-0.83922018522163899,-0.19826302051012976,-0.8414554647467728,-0.19959475214438638
1922,0.421875,0.359375,-0.78507451285311702,-0.18549414355342447,-0.78711487999517105,-0.18670539234491679
1923,0.453125,0.390625,-0.78874379438962117,-0.41260762239252974,-0.79056863798388355,-0.41469550028583524
1924,0.453125,0.359375,-0.73785168731512774,-0.38601349901596027,-0.73951424097317298,-0.38791516595665598
1925,0.390625,0.421875,-0.86218206426383415,0.015546230903147315,-0.8646741900436935,0.014973055407857041
1926,0.359375,0.421875,-0.77788665698431547,0.21365071272167549,-0.7801753129053367,0.21385947965178215
1927,0.390625,0.453125,-0.89000016806807358,0.016058815695888847,-0.89259880331120023,0.015456762162628231
1928,0.359375,0.453125,-0.80298332870161304,0.22055361928480885,-0.80537101920567511,0.22076618739107184
1929,0.359375,0.328125,-0.63567526689035214,0.17454448558725186,-0.63740302047055797,0.17472256565781269
1930,0.390625,0.328125,-0.70455091050932894,0.012651043134906047,-0.70643848522676411,0.012232281134439882
1931,0.359375,0.296875,-0.569949529178567,0.15647605741272877,-0.57141812666559255,0.15663480517281297
1932,0.390625,0.296875,-0.63169936570599738,0.011318218936467757,-0.63330690142438473,0.010965675637342793
1933,0.328125,0.359375,-0.57271665040211983,0.32641723711763421,-0.57427664889215591,0.32713502284014395
1934,0.328125,0.390625,-0.61220776954934764,0.34894298393385748,-0.61392328523830753,0.34971981605481028
1935,0.296875,0.359375,-0.42511587077395446,0.41060954845352809,-0.42614476485665481,0.41164840733379554
1936,0.296875,0.390625,-0.45442504440909209,0.43893865821436023,-0.45556470554697998,0.4400677641223858
1937,0.578125,0.390625,-0.076918319961306617,-0.85877283184685549,-0.075083997517960119,-0.86153625833481973
1938,0.578125,0.359375,-0.071936187812846511,-0.80341088392838989,-0.070234787662708478,-0.80589957501232556
1939,0.546875,0.390625,-0.29610626415751479,-0.83940618045287951,-0.29529627882387105,-0.84247846641863977
1940,0.546875,0.359375,-0.27698724800686181,-0.78528910487751535,-0.27622600855887658,-0.788072452946042
1941,0.609375,0.421875,0.1376820574967664,-0.85098238553116434,0.14057444891836021,-0.85329772226115963
1942,0.640625,0.421875,0.32145385773650798,-0.73939205786220041,0.32505042613812807,-0.740770012528984
1943,0.609375,0.453125,0.1421115718516123,-0.87841364004108446,0.14511407354201303,-0.8808545361493072
1944,0.640625,0.453125,0.33180962650380103,-0.76322072276205555,0.33554764226476819,-0.76469272246005171
1945,0.640625,0.328125,0.26276914551104286,-0.60435098025430334,0.26556757851805718,-0.60521095794118862
1946,0.609375,0.328125,0.11257950003103141,-0.69552874332554193,0.11485049624479693,-0.69714593253679347
1947,0.640625,0.296875,0.23564547620279724,-0.54192978454308649,0.23807645754318776,-0.54255964797630829
1948,0.609375,0.296875,0.10097697601437547,-0.62367465204802353,0.10296168719803767,-0.62497732698947583
1949,0.671875,0.359375,0.40374889028875222,-0.52049958908684235,0.40717138986923479,-0.52058874678439371
1950,0.671875,0.390625,0.43155340136054154,-0.55633871789062939,0.43528085390450716,-0.55652810918838336
1951,0.703125,0.359375,0.46584651074141176,-0.36266572369809502,0.46923657216147474,-0.36174354936310082
1952,0.703125,0.390625,0.49792539856419177,-0.38761855156126368,0.5016307495867427,-0.38671661495733523
1953,0.609375,0.578125,0.13768205749676254,-0.85098238553116168,0.14057444891835849,-0.85329772226116196
1954,0.640625,0.578125,0.3214538577365037,-0.73939205786219686,0.32505042613812762,-0.74077001252898467
1955,0.609375,0.546875,0.14211157185161033,-0.87841364004108402,0.14511407354201131,-0.88085453614930764
1956,0.640625,0.546875,0.33180962650379886,-0.76322072276205388,0.33554764226476552,-0.76469272246004749
1957,0.578125,0.609375,-0.076918319961311446,-0.85877283184685171,-0.075083997517964601,-0.86153625833481529
1958,0.578125,0.640625,-0.071936187812852478,-0.80341088392838567,-0.070234787662713904,-0.80589957501231746
1959,0.546875,0.609375,-0.29610626415751912,-0.83940618045287629,-0.29529627882387877,-0.84247846641864466
1960,0.546875,0.640625,-0.27698724800686725,-0.78528910487751147,-0.27622600855888524,-0.78807245294604489
1961,0.671875,0.640625,0.40374889028874589,-0.52049958908683758,0.40717138986923507,-0.5205887467843906
1962,0.671875,0.609375,0.43155340136053616,-0.55633871789062506,0.43528085390450783,-0.55652810918838191
1963,0.703125,0.640625,0.46584651074140709,-0.3626657236980918,0.46923657216147835,-0.36174354936310082
1964,0.703125,0.609375,0.49792539856418777,-0.38761855156126046,0.50163074958674669,-0.38671661495733528
1965,0.640625,0.671875,0.26276914551103592,-0.60435098025429856,0.26556757851805585,-0.60521095794118418
1966,0.609375,0.671875,0.11257950003102431,-0.69552874332553649,0.11485049624479289,-0.69714593253678647
1967,0.640625,0.703125,0.23564547620279008,-0.54192978454308249,0.23807645754318679,-0.54255964797630496
1968,0.609375,0.703125,0.10097697601436795,-0.62367465204801864,0.10296168719803427,-0.62497732698947217
1969,0.390625,0.578125,-0.86218206426383603,0.015546230903147535,-0.8646741900437005,0.014973055407849711
1970,0.359375,0.578125,-0.77788665698431736,0.21365071272167521,-0.78017531290534614,0.21385947965177454
1971,0.390625,0.546875,-0.89000016806807425,0.01605881569588891,-0.89259880331121,0.0154567621626238
1972,0.359375,0.546875,-0.80298332870161326,0.22055361928480829,-0.8053710192056831,0.22076618739106738
1973,0.421875,0.609375,-0.83922018522164166,-0.19826302051012859,-0.84145546474678368,-0.19959475214439554
1974,0.421875,0.640625,-0.78507451285312113,-0.18549414355342372,-0.78711487999518603,-0.18670539234492994
1975,0.453125,0.609375,-0.7887437943896235,-0.41260762239252774,-0.79056863798388866,-0.41469550028584101
1976,0.453125,0.640625,-0.73785168731513118,-0.38601349901595855,-0.73951424097318474,-0.38791516595666703
1977,0.328125,0.640625,-0.57271665040212361,0.32641723711763282,-0.57427664889217223,0.32713502284013379
1978,0.328125,0.609375,-0.6122077695493503,0.34894298393385653,-0.61392328523831874,0.34971981605480079
1979,0.296875,0.640625,-0.42511587077395779,0.41060954845352687,-0.42614476485666447,0.41164840733378449
1980,0.296875,0.609375,-0.45442504440909459,0.43893865821435907,-0.45556470554698747,0.4400677641223763
1981,0.359375,0.671875,-0.63567526689035736,0.17454448558725061,-0.63740302047057595,0.17472256565779842
1982,0.390625,0.671875,-0.70455091050933538,0.012651043134905273,-0.70643848522678221,0.012232281134424058
1983,0.359375,0.703125,-0.56994952917857311,0.15647605741272694,-0.57141812666560998,0.15663480517279613
1984,0.390625,0.703125,-0.63169936570600427,0.011318218936466123,-0.63330690142440504,0.010965675637324222
1985,0.390625,0.078125,-0.075534853212632563,0.0011939590499240942,-0.074984026326294625,0.0012972299187985459
1986,0.359375,0.078125,-0.068187716055550823,0.018592909981345267,-0.067656459120261317,0.018545495478077153
1987,0.390625,0.046875,-0.029236275508770958,0.00032051918212062811,-0.028503146558528852,0.00049206082711421165
1988,0.359375,0.046875,-0.026428376715730631,0.0070874022600663387,-0.025717938830737284,0.007049271113876765
1989,0.421875,0.109375,-0.14087877642854538,-0.033473381889553906,-0.1405797235376815,-0.033347909469777524
1990,0.421875,0.140625,-0.21664399861664638,-0.051353202098439882,-0.21661965630479257,-0.051384590535357509
1991,0.453125,0.109375,-0.13235570089979184,-0.069500510520469072,-0.13207748097014932,-0.069285242843908704
1992,0.453125,0.140625,-0.20357424206226102,-0.10672766468071072,-0.20351906518986079,-0.10675984070967312
1993,0.328125,0.140625,-0.15810693513551669,0.090023354711311801,-0.15804526172319164,0.09003010238765069
1994,0.328125,0.109375,-0.10284899368619259,0.058520493523133175,-0.10256674736643484,0.058427190971917849
1995,0.296875,0.140625,-0.11738063787072732,0.11328322306494497,-0.11727803091365731,0.11328907802798374
1996,0.296875,0.109375,-0.076365221067606029,0.073660476661711022,-0.076109802547102895,0.073521722637897621
1997,0.359375,0.171875,-0.26525519411093229,0.072750359692709876,-0.26551956022017698,0.072782769288790489
1998,0.390625,0.171875,-0.29397470389826308,0.0051752592013916861,-0.29427720451466471,0.0050945655325306208
1999,0.359375,0.203125,-0.34291462646968712,0.094085594999024913,-0.34348692676008014,0.09415484286913009
2000,0.390625,0.203125,-0.38005261479908736,0.0067367078934733879,-0.38068901079202766,0.0065908899351921251
2001,0.609375,0.078125,0.012500993480998078,-0.074826883807748421,0.012198811840390199,-0.07400152219907502
2002,0.640625,0.078125,0.028649986962547079,-0.06503174699953071,0.028197431140361443,-0.064242382867401096
2003,0.609375,0.046875,0.0051969656723182163,-0.02906713484675898,0.0046438985103627135,-0.028131153607444385
2004,0.640625,0.046875,0.011470347155447093,-0.025240391911649195,0.010725875887258565,-0.02442049074500437
2005,0.578125,0.109375,-0.012606156749304398,-0.14450275462133458,-0.012538437022344593,-0.14393978916315159
2006,0.578125,0.140625,-0.019606551561899686,-0.22202773611443549,-0.019324619940299544,-0.22179430960725657
2007,0.546875,0.109375,-0.049467474051115581,-0.14123982528376117,-0.049330062482252142,-0.14075578011945386
2008,0.546875,0.140625,-0.076246828130435082,-0.21700701681247758,-0.076015991176243206,-0.21688793161648934
2009,0.671875,0.140625,0.11182433290870987,-0.14396962143717723,0.11206380037458455,-0.14327407738431436
2010,0.671875,0.109375,0.072927145346255468,-0.093713146775469963,0.072729946065841627,-0.092981493041652319
2011,0.703125,0.140625,0.12901121441454358,-0.10040129959843534,0.12914520141113711,-0.09955820235423532
2012,0.703125,0.109375,0.084117370042144354,-0.065366904127000289,0.08381537519543443,-0.064610753704523377
2013,0.640625,0.171875,0.10990957434775023,-0.25244984551619565,0.11063099366069372,-0.25211352083011895
2014,0.609375,0.171875,0.047201384800884379,-0.29048160053209837,0.047846859439500622,-0.29041041032725601
2015,0.640625,0.203125,0.14195337340481368,-0.32625208864028304,0.14311417128493101,-0.32614270344651169
2016,0.609375,0.203125,0.060902721031618347,-0.37542176343592865,0.06189440361244887,-0.37568502088559647
2017,0.078125,0.390625,0.060890401861827627,0.043754629154586215,0.061206333923162638,0.043329936553313048
2018,0.078125,0.359375,0.056954566566488951,0.040932567367562414,0.057253562866825466,0.040531674307178571
2019,0.046875,0.390625,0.026661884612965741,0.010408363099762384,0.026683180946943948,0.010023107359500478
2020,0.046875,0.359375,0.024936033202595371,0.0097369583261957479,0.02495988714309038,0.009375777750686886
2021,0.109375,0.421875,0.092678323587618919,0.11060696464680131,0.093288003354999802,0.11032261393623702
2022,0.140625,0.421875,0.096136517034951713,0.20039290482377053,0.096905170278769326,0.20043133949505432
2023,0.109375,0.453125,0.095674082825805945,0.11417498812616958,0.096300807201543159,0.11388549382325727
2024,0.140625,0.453125,0.09924475950544101,0.20685833966372141,0.10003479372847283,0.2069042792812136
2025,0.140625,0.328125,0.078530238082126017,0.16375586902815492,0.07917118682458632,0.16375218993053545
2026,0.109375,0.328125,0.075708643339741338,0.09038701524714178,0.076215959332555372,0.090133389407108716
2027,0.140625,0.296875,0.070397073159546061,0.14682294979885577,0.070975171854048669,0.14680021333707319
2028,0.109375,0.296875,0.067869191026989559,0.081040836654986709,0.068325857226478673,0.080802526021170856
2029,0.171875,0.359375,0.053843026319915693,0.2694859521247146,0.054514845812171829,0.26986179336435251
2030,0.171875,0.390625,0.05756901755977914,0.28807222492626217,0.058278541411301406,0.28849246343354118
2031,0.203125,0.359375,-0.018752796261282685,0.35494810573731372,-0.018294678646235879,0.35568727556534169
2032,0.203125,0.390625,-0.020033058318209757,0.37943032823779371,-0.019557583016381906,0.38024314064274811
2033,0.078125,0.609375,0.060890401861827939,0.043754629154585049,0.061206333923164172,0.04332993655331243
2034,0.078125,0.640625,0.056954566566489361,0.040932567367560964,0.057253562866827548,0.040531674307177558
2035,0.046875,0.609375,0.026661884612966306,0.010408363099761377,0.026683180946945519,0.010023107359500086
2036,0.046875,0.640625,0.024936033202596141,0.0097369583261945267,0.024959887143092732,0.0093757777506863899
2037,0.109375,0.578125,0.092678323587618905,0.11060696464680041,0.093288003355000607,0.11032261393623689
2038,0.140625,0.578125,0.096136517034951491,0.20039290482376954,0.096905170278769229,0.20043133949505362
2039,0.109375,0.546875,0.095674082825805917,0.11417498812616896,0.096300807201542632,0.11388549382325633
2040,0.140625,0.546875,0.099244759505440899,0.20685833966372075,0.10003479372847222,0.20690427928121302
2041,0.140625,0.671875,0.078530238082125822,0.16375586902815312,0.079171186824587514,0.16375218993053259
2042,0.109375,0.671875,0.075708643339741616,0.090387015247139962,0.076215959332557578,0.090133389407106454
2043,0.140625,0.703125,0.070397073159545923,0.14682294979885335,0.070975171854050181,0.14680021333706841
2044,0.109375,0.703125,0.067869191026989878,0.081040836654984391,0.068325857226481337,0.080802526021167373
2045,0.171875,0.640625,0.053843026319914999,0.2694859521247136,0.05451484581217092,0.26986179336434918
2046,0.171875,0.609375,0.057569017559778508,0.28807222492626117,0.058278541411300587,0.28849246343354057
2047,0.203125,0.640625,-0.018752796261284052,0.35494810573731239,-0.018294678646238564,0.35568727556533836
2048,0.203125,0.609375,-0.020033058318210874,0.37943032823779271,-0.019557583016384345,0.38024314064274739
2049,0.921875,0.390625,0.035647887266930869,0.064676445489018186,0.03398251569970339,0.066829218644916866
2050,0.921875,0.359375,0.033427142910213814,0.060509373247108471,0.031789132646223135,0.062513524145535002
2051,0.953125,0.390625,0.0080797361025723713,0.026411222310678328,0.0060601953154924811,0.027834406585244446
2052,0.953125,0.359375,0.0076325055727105981,0.024729006046562908,0.0056699519774333334,0.026037194633999311
2053,0.890625,0.421875,0.096619381784514444,0.10537775791952145,0.095585853017078004,0.10830943452785505
2054,0.859375,0.421875,0.18435340717235812,0.12160766422970605,0.18420005042719023,0.1249949013537778
2055,0.890625,0.453125,0.099693778582723103,0.10878340576127089,0.098672146656364923,0.11180735971004745
2056,0.859375,0.453125,0.1902593155076778,0.12554447734296373,0.19014814433931446,0.12903178942548521
2057,0.859375,0.328125,0.15087028311124587,0.099308901061656824,0.15049469147957292,0.10211991116525869
2058,0.890625,0.328125,0.079180693126873869,0.086084796291985649,0.078096968299012179,0.088488420224352882
2059,0.859375,0.296875,0.1353848923528852,0.089009366036185603,0.13491694655655362,0.091547917924509739
2060,0.890625,0.296875,0.071110200222002456,0.077171893166817815,0.070013963424198258,0.079327831583778194
2061,0.828125,0.359375,0.25843572213619576,0.089953940581574104,0.25905268829052175,0.093159953425341446
2062,0.828125,0.390625,0.27617843893612221,0.096195286625762211,0.27693585301720725,0.099592010651642679
2063,0.796875,0.359375,0.35300294317419884,0.030559315402217461,0.35455001216444509,0.033612750357673873
2064,0.796875,0.390625,0.37727412079093364,0.032714101444134655,0.37902616605608574,0.035933949030574876
2065,0.921875,0.609375,0.035647887266929565,0.064676445489017603,0.033982515699703598,0.066829218644918933
2066,0.921875,0.640625,0.033427142910212308,0.060509373247107687,0.031789132646223815,0.062513524145537638
2067,0.953125,0.609375,0.0080797361025713686,0.02641122231067751,0.0060601953154924256,0.027834406585246704
2068,0.953125,0.640625,0.0076325055727094211,0.024729006046561856,0.0056699519774334704,0.026037194634001976
2069,0.890625,0.578125,0.09661938178451325,0.10537775791952138,0.095585853017077518,0.10830943452785581
2070,0.859375,0.578125,0.18435340717235663,0.12160766422970606,0.18420005042718954,0.12499490135377846
2071,0.890625,0.546875,0.099693778582722437,0.10878340576127081,0.098672146656365117,0.11180735971004858
2072,0.859375,0.546875,0.190259315507677,0.12554447734296384,0.19014814433931462,0.12903178942548618
2073,0.859375,0.671875,0.15087028311124337,0.099308901061656615,0.15049469147957553,0.10211991116526112
2074,0.890625,0.671875,0.079180693126871787,0.086084796291984983,0.078096968299014358,0.088488420224355935
2075,0.859375,0.703125,0.13538489235288267,0.0890093660361852,0.13491694655655817,0.091547917924513181
2076,0.890625,0.703125,0.071110200222000264,0.077171893166816899,0.070013963424201561,0.079327831583782121
2077,0.828125,0.640625,0.25843572213619342,0.089953940581574562,0.25905268829052336,0.093159953425342917
2078,0.828125,0.609375,0.27617843893612021,0.096195286625762627,0.27693585301720597,0.09959201065164322
2079,0.796875,0.640625,0.35300294317419623,0.030559315402218405,0.35455001216444465,0.03361275035767422
2080,0.796875,0.609375,0.37727412079093198,0.032714101444135529,0.37902616605608391,0.035933949030574959
2081,0.609375,0.921875,0.012500993480996087,-0.074826883807753514,0.012198811840400071,-0.07400152219908275
2082,0.640625,0.921875,0.028649986962545341,-0.065031746999535456,0.028197431140371227,-0.064242382867406397
2083,0.609375,0.953125,0.005196965672317584,-0.029067134846764368,0.0046438985103738279,-0.02813115360744952
2084,0.640625,0.953125,0.011470347155446575,-0.025240391911654118,0.010725875887269178,-0.024420490745007455
2085,0.578125,0.890625,-0.012606156749307998,-0.14450275462133921,-0.012538437022337081,-0.14393978916316527
2086,0.578125,0.859375,-0.019606551561904603,-0.22202773611443918,-0.019324619940294642,-0.22179430960727195
2087,0.546875,0.890625,-0.049467474051119384,-0.14123982528376613,-0.049330062482245307,-0.14075578011946915
2088,0.546875,0.859375,-0.076246828130440203,-0.21700701681248158,-0.076015991176239042,-0.21688793161650652
2089,0.671875,0.859375,0.11182433290870593,-0.1439696214371799,0.11206380037459251,-0.14327407738432038
2090,0.671875,0.890625,0.072927145346252636,-0.093713146775473558,0.072729946065850065,-0.092981493041656552
2091,0.703125,0.859375,0.12901121441453983,-0.10040129959843774,0.12914520141114477,-0.099558202354238207
2092,0.703125,0.890625,0.084117370042141704,-0.065366904127003564,0.083815375195442493,-0.064610753704525306
2093,0.640625,0.828125,0.10990957434774498,-0.25244984551619731,0.11063099366069916,-0.25211352083012778
2094,0.609375,0.828125,0.047201384800878668,-0.2904816005321002,0.047846859439504986,-0.29041041032726933
2095,0.640625,0.796875,0.14195337340480749,-0.32625208864028299,0.14311417128493539,-0.32614270344652141
2096,0.609375,0.796875,0.060902721031611658,-0.37542176343592842,0.061894403612451479,-0.37568502088560962
2097,0.390625,0.921875,-0.07553485321263409,0.0011939590499178904,-0.07498402632628659,0.0012972299187833445
2098,0.359375,0.921875,-0.068187716055551795,0.018592909981339344,-0.067656459120253309,0.018545495478063216
2099,0.390625,0.953125,-0.029236275508771,0.00032051918211449055,-0.028503146558518062,0.00049206082710211195
2100,0.359375,0.953125,-0.026428376715730211,0.0070874022600606124,-0.025717938830726525,0.0070492711138656575
2101,0.421875,0.890625,-0.14087877642854874,-0.033473381889559971,-0.14057972353767567,-0.033347909469795989
2102,0.421875,0.859375,-0.21664399861665101,-0.051353202098445364,-0.2166196563047911,-0.051384590535378256
2103,0.453125,0.890625,-0.13235570089979548,-0.069500510520475012,-0.13207748097014482,-0.069285242843927813
2104,0.453125,0.859375,-0.20357424206226613,-0.10672766468071609,-0.2035190651898599,-0.10675984070969441
2105,0.328125,0.859375,-0.15810693513551902,0.090023354711306278,-0.15804526172318922,0.090030102387634148
2106,0.328125,0.890625,-0.102848993686194,0.058520493523127597,-0.1025667473664299,0.058427190971903326
2107,0.296875,0.859375,-0.11738063787072875,0.11328322306493968,-0.1172780309136551,0.11328907802796996
2108,0.296875,0.890625,-0.07636522106760664,0.073660476661705818,-0.076109802547097871,0.073521722637885353
2109,0.359375,0.828125,-0.26525519411093706,0.07275035969270488,-0.26551956022017908,0.072782769288771129
2110,0.390625,0.828125,-0.29397470389826869,0.0051752592013867144,-0.29427720451466599,0.005094565532509537
2111,0.359375,0.796875,-0.34291462646969262,0.094085594999020569,-0.34348692676008463,0.094154842869109842
2112,0.390625,0.796875,-0.38005261479909358,0.0067367078934691656,-0.38068901079203138,0.0065908899351703291
2113,0.015625,0,1.6639436546243613e-05,-7.3442996025487503e-05,-1.3359666140598008e-06,-1.4060320117868766e-06
2114,0,0.015625,1.3876658289356967e-05,-7.3223369041101958e-05,-1.3916051410018864e-06,-1.3409322103364873e-06
2115,0.984375,0,0.0002824111091634252,0.00054622532311703336,4.3968709424554454e-06,6.9154732622636872e-06
2116,1,0.015625,0.00029237087553281765,0.00054565505655241036,4.612518949294822e-06,6.8949431810066235e-06
2117,1,0.984375,0.00029237087553446559,0.00054565505655186988,4.6125189461848736e-06,6.8949431832590077e-06
2118,0.984375,1,0.00028241110916507915,0.00054622532311649516,4.3968709393650127e-06,6.9154732645424091e-06
2119,0,0.984375,1.3876658290966421e-05,-7.3223369039550194e-05,-1.3916051392811756e-06,-1.3409322053150967e-06
2120,0.015625,1,1.663943654786375e-05,-7.3442996023936945e-05,-1.3359666123042792e-06,-1.4060320067597276e-06
2121,0.5,0.484375,-0.65179469411191859,-0.75224983849612292,-0.65311456287389213,-0.75615205879354686
2122,0.484375,0.5,-0.74041956290003319,-0.665217310359697,-0.7423228608492215,-0.66879118283247019
2123,0.515625,0.5,-0.55302798948716736,-0.82755290391952141,-0.55370723702545899,-0.8317044875102011
2124,0.5,0.515625,-0.65179469411191882,-0.75224983849612204,-0.65311456287389191,-0.75615205879354552
2125,0.484375,0,-0.00023942280148700514,-0.0009066070161761594,0.00027377600392216542,0.00023595481211773647
2126,0.515625,0,3.3621035818066783e-05,-0.00099329552550433118,0.00020758737490692258,0.00029545433242386161
2127,0.5,0.015625,-0.0026522876237974565,-0.003806022194057848,-0.0022498013236068566,-0.0026164574328178796
2128,0,0.484375,0.00016582239819468947,6.847767912309843e-05,-0.00036886949367839647,-4.6960499013394751e-05
2129,0,0.515625,0.00016582239819479434,6.8477679122979439e-05,-0.00036886949367819421,-4.6960499013362855e-05
2130,0.015625,0.5,0.0038878032744971217,0.00061495118411878107,0.0034262880643373085,0.00034114465825303242
2131,1,0.484375,0.0022929567335450967,-0.00066887970571396257,4.2747266226519619e-05,-0.00038491160815407933
2132,1,0.515625,0.0022929567335449961,-0.00066887970571413344,4.2747266226381553e-05,-0.0003849116081537834
2133,0.984375,0.5,0.0021494799420620704,0.0028007003164747879,-0.00012787655410100243,0.0034217278455344227
2134,0.515625,1,3.3621035819597351e-05,-0.00099329552551058486,0.00020758737492128777,0.00029545433241813594
2135,0.484375,1,-0.00023942280148537315,-0.00090660701618244745,0.00027377600393680367,0.00023595481211100106
2136,0.5,0.984375,-0.0026522876237966716,-0.0038060221940642855,-0.0022498013235931957,-0.0026164574328259608
2137,0.25,0.234375,-0.1205642214146187,0.26311872620832116,-0.12043787775550067,0.26387305309386611
2138,0.234375,0.25,-0.086863071950792306,0.27606010327155273,-0.0865692595763453,0.27683908423919373
2139,0.265625,0.25,-0.18002846863886884,0.29072334302231861,-0.18012892057067767,0.29164583814843975
2140,0.25,0.265625,-0.14242053466839413,0.31086171439900329,-0.14233166050980836,0.31184176925483853
2141,0.75,0.234375,0.27718135341133748,-0.082588388450125713,0.27857807795915579,-0.080787649601238409
2142,0.765625,0.25,0.28511974329218825,-0.047531696815027676,0.28647884691375036,-0.045395547713672581
2143,0.734375,0.25,0.31285406686826484,-0.13742973704057215,0.31473580008277557,-0.13580295697461228
2144,0.75,0.265625,0.32733348886111541,-0.097477157819657753,0.3292177410237635,-0.095472329381110582
2145,0.765625,0.75,0.28511974329218415,-0.047531696815027509,0.2864788469137563,-0.045395547713672359
2146,0.75,0.765625,0.27718135341133288,-0.082588388450125713,0.27857807795916284,-0.080787649601239173
2147,0.75,0.734375,0.32733348886111091,-0.097477157819657101,0.32921774102377011,-0.095472329381111082
2148,0.734375,0.75,0.31285406686825984,-0.13742973704057165,0.31473580008278318,-0.13580295697461398
2149,0.234375,0.75,-0.086863071950794596,0.27606010327154956,-0.086569259576347271,0.27683908423918241
2150,0.25,0.765625,-0.12056422141462125,0.26311872620831761,-0.1204378777555027,0.26387305309385328
2151,0.25,0.734375,-0.14242053466839716,0.31086171439900068,-0.14233166050981247,0.31184176925482671
2152,0.265625,0.75,-0.1800284686388722,0.29072334302231551,-0.18012892057068128,0.29164583814842515
2153,0.234375,0,-0.00027000863298740134,0.00037651666514941143,5.3890046070543946e-05,-0.00017803933949341332
2154,0.265625,0,-0.00042879078131667918,0.0003549142462615435,0.00011353194842630687,-0.00018808116674221199
2155,0.25,0.015625,-0.001204245268651088,0.0023276069636506162,-0.0008073435734495259,0.001765262738642486
2156,0,0.234375,6.6651398572282488e-05,1.7633857085923788e-05,-0.00019075007165576563,-2.4523888630422453e-05
2157,0,0.265625,8.2189501709555081e-05,2.9579205480379479e-05,-0.00022534390291372125,-2.8841766972574627e-05
2158,0.015625,0.25,0.0021666729129213094,0.00033393201349540862,0.0019267121913593955,0.00019166315214647647
2159,0.765625,0,0.0010354118580486733,0.00020410597905004229,-0.00017422054948776667,3.3961130789614289e-05
2160,0.734375,0,0.0011154133849337969,3.5959572076273471e-05,-0.00019161440978253573,9.1379892086389616e-05
2161,0.75,0.015625,0.0031200504213697248,-0.00058705136903667275,0.001874030933046164,-0.00053763594097615047
2162,1,0.234375,0.0015828760374751794,-3.7110306616649139e-05,2.8310598577639103e-05,-0.00019387685913139767
2163,1,0.265625,0.0017373035871142979,-0.00015019442450322378,3.137153604441746e-05,-0.00023076750511695878
2164,0.984375,0.25,0.0016130937596838309,0.0018138338961801942,-6.5611144461836569e-05,0.0019282250795047075
2165,1,0.765625,0.0015828760374750031,-3.7110306618744218e-05,2.8310598576854076e-05,-0.00019387685912729079
2166,1,0.734375,0.0017373035871139143,-0.00015019442450524579,3.1371536043692163e-05,-0.0002307675051130472
2167,0.984375,0.75,0.0016130937596832745,0.0018138338961781685,-6.5611144462067192e-05,0.001928225079508803
2168,0.765625,1,0.0010354118580498037,0.00020410597904692328,-0.00017422054948270578,3.3961130794836505e-05
2169,0.734375,1,0.0011154133849349782,3.5959572072747158e-05,-0.00019161440977595931,9.1379892090939741e-05
2170,0.75,0.984375,0.0031200504213704391,-0.00058705136904010577,0.0018740309330525552,-0.00053763594097193986
2171,0,0.765625,6.6651398574385379e-05,1.7633857085163365e-05,-0.00019075007165133992,-2.4523888629300375e-05
2172,0,0.734375,8.2189501711430507e-05,2.95792054794838e-05,-0.00022534390290972515,-2.8841766971787025e-05
2173,0.015625,0.75,0.0021666729129231907,0.00033393201349432393,0.0019267121913637158,0.00019166315214686817
2174,0.234375,1,-0.00027000863298422446,0.00037651666514706511,5.389004608127313e-05,-0.00017803933949461586
2175,0.265625,1,-0.00042879078131362498,0.00035491424625848779,0.00011353194843794347,-0.00018808116674476379
2176,0.25,0.984375,-0.0012042452686483135,0.002327606963647547,-0.00080734357343860939,0.0017652627386392297
2177,0.5,0.265625,-0.39776715627201853,-0.45931223197657506,-0.39838001729261507,-0.46123353835553954
2178,0.5,0.234375,-0.33666040396949759,-0.38883274771140053,-0.33709937387688399,-0.39028576647564278
2179,0.484375,0.25,-0.41671091677864447,-0.3746115864710739,-0.41751531635371597,-0.37616135542931028
2180,0.515625,0.25,-0.3112094818863988,-0.46601255171572631,-0.31142893120773341,-0.46779163015151709
2181,0.265625,0.5,-0.31973445675400286,0.51656022956723158,-0.32025873681143247,0.51853266506987972
2182,0.234375,0.5,-0.15420855489486512,0.49048635642256744,-0.15391420874071027,0.492206667438783
2183,0.25,0.484375,-0.2332476164470498,0.50936109774268512,-0.23334032920996894,0.51124103131318233
2184,0.25,0.515625,-0.23324761644704964,0.50936109774268401,-0.23334032920997086,0.51124103131318399
2185,0.734375,0.5,0.55521066867448221,-0.24360555106147488,0.55957498317126542,-0.24144236913443626
2186,0.765625,0.5,0.50585455649383393,-0.083932423100444145,0.50933425586270376,-0.080703137853120638
2187,0.75,0.484375,0.53576235399584504,-0.15924814413375019,0.53971837444132398,-0.15651239336311928
2188,0.75,0.515625,0.53576235399584526,-0.15924814413375005,0.53971837444132209,-0.15651239336311851
2189,0.5,0.734375,-0.39776715627202652,-0.45931223197657545,-0.3983800172926269,-0.46123353835555958
2190,0.5,0.765625,-0.33666040396950536,-0.38883274771140192,-0.33709937387689304,-0.3902857664756651
2191,0.515625,0.75,-0.31120948188640696,-0.46601255171572697,-0.31142893120774351,-0.46779163015153874
2192,0.484375,0.75,-0.41671091677865246,-0.37461158647107523,-0.41751531635372691,-0.37616135542933221
2193,0.125,0.109375,0.015647301251752243,0.024554351961538802,0.015749968968584001,0.024389600962912397
2194,0.109375,0.125,0.018555014901226373,0.022396818912814878,0.018677355962082146,0.022227171385416397
2195,0.140625,0.125,0.019187300218221088,0.040466866866124336,0.019368981215710113,0.040297776808271131
2196,0.125,0.140625,0.024047218292858573,0.037740081814326608,0.024254609020596438,0.037559841781975099
2197,0.875,0.109375,0.022783991977607936,0.018685876268531784,0.021850502205160164,0.019125329019520708
2198,0.890625,0.125,0.020298359509371762,0.021196229246740229,0.019286282459562262,0.021706103591125257
2199,0.859375,0.125,0.037950733219786932,0.024309203046225056,0.037061866646159007,0.025017418295104107
2200,0.875,0.140625,0.03461873996250521,0.028655730624390214,0.03364335570044652,0.02945166346237554
2201,0.890625,0.875,0.020298359509371009,0.021196229246738082,0.019286282459565058,0.021706103591129813
2202,0.875,0.890625,0.022783991977607221,0.018685876268529536,0.021850502205163276,0.019125329019525125
2203,0.875,0.859375,0.034618739962503982,0.028655730624388122,0.033643355700450302,0.029451663462379898
2204,0.859375,0.875,0.037950733219785732,0.024309203046222843,0.037061866646163025,0.025017418295108167
2205,0.109375,0.875,0.0185550149012286,0.022396818912812883,0.018677355962088873,0.022227171385414399
2206,0.125,0.890625,0.015647301251754491,0.024554351961536658,0.015749968968591172,0.024389600962910162
2207,0.125,0.859375,0.024047218292860502,0.037740081814324179,0.024254609020602943,0.037559841781971685
2208,0.140625,0.875,0.01918730021822301,0.040466866866121727,0.019368981215717101,0.040297776808267495
2209,0.390625,0.375,-0.79471633297582145,0.013830958564749958,-0.79756245216549715,0.013527578047769247
2210,0.375,0.390625,-0.78680144807457186,0.11274401071535833,-0.78964682693760979,0.11290192400354061
2211,0.375,0.359375,-0.73605292971546143,0.1054541705617404,-0.73865851376624458,0.10561145615998063
2212,0.359375,0.375,-0.71717975901723674,0.19634327271387006,-0.71971672561869604,0.19692161630050717
2213,0.609375,0.375,0.1264665872824903,-0.78451958790110654,0.12938425055837874,-0.78711104195792936
2214,0.625,0.390625,0.22306799650469819,-0.76258964602726498,0.22654766968962556,-0.76482528249397863
2215,0.625,0.359375,0.20870723206456313,-0.71344995484914975,0.21191968516246651,-0.71544046100423353
2216,0.640625,0.375,0.29579561821053257,-0.68183737916853193,0.29950074270465993,-0.6834190826596207
2217,0.625,0.609375,0.22306799650469281,-0.76258964602726076,0.22654766968962242,-0.76482528249397463
2218,0.609375,0.625,0.12646658728248453,-0.78451958790110243,0.12938425055837577,-0.78711104195792636
2219,0.640625,0.625,0.29579561821052652,-0.68183737916852705,0.29950074270465693,-0.68341908265961526
2220,0.625,0.640625,0.20870723206455669,-0.71344995484914464,0.21191968516246437,-0.71544046100423031
2221,0.375,0.609375,-0.78680144807457486,0.11274401071535821,-0.78964682693762345,0.11290192400353115
2222,0.390625,0.625,-0.79471633297582533,0.013830958564750062,-0.79756245216551103,0.013527578047758167
2223,0.359375,0.625,-0.71717975901724096,0.19634327271386964,-0.71971672561871491,0.1969216163004977
2224,0.375,0.640625,-0.73605292971546599,0.10545417056173996,-0.73865851376626046,0.10561145615996852
2225,0.375,0.109375,-0.1324079301741978,0.018845837658483702,-0.13208810815994096,0.018883832878051555
2226,0.390625,0.125,-0.17368590352817498,0.0028882369473572172,-0.17354948129753361,0.0029416246648265162
2227,0.359375,0.125,-0.15676703509354706,0.042811042132762094,-0.15661063980597362,0.042848709352322351
2228,0.375,0.140625,-0.2033730700569896,0.029026324004140649,-0.20341196829352065,0.029081704494684925
2229,0.625,0.109375,0.037924607368715446,-0.12862268237254629,0.037901956157939856,-0.12794058304608569
2230,0.609375,0.125,0.027968879852981108,-0.1717671438595908,0.02815929859908281,-0.17128008229167288
2231,0.640625,0.125,0.065026185698825817,-0.14932946605631667,0.065177433777581603,-0.14871673576324049
2232,0.625,0.140625,0.057982743288022678,-0.1974258690671106,0.058363595819695982,-0.19702282025223294
2233,0.109375,0.375,0.085058597550426177,0.10261039723204496,0.085835552583026747,0.1021498909622597
2234,0.125,0.390625,0.093200226123786936,0.14609427155113344,0.094158749024638999,0.14580952730890101
2235,0.125,0.359375,0.087178563638030213,0.13667154012569119,0.088078665430989425,0.13639445337224432
2236,0.140625,0.375,0.087978719296339061,0.18525053184290413,0.089014074477080887,0.18519420698342121
2237,0.109375,0.625,0.08505859755042626,0.10261039723204365,0.085835552583028316,0.10214989096225888
2238,0.125,0.609375,0.093200226123786756,0.14609427155113217,0.094158749024639665,0.14580952730889996
2239,0.125,0.640625,0.087178563638030199,0.13667154012568983,0.088078665430991146,0.13639445337224335
2240,0.140625,0.625,0.087978719296338756,0.1852505318429028,0.089014074477081429,0.18519420698341954
2241,0.890625,0.375,0.089859414751458755,0.096861822148371496,0.08858510616418562,0.099750067838556875
2242,0.875,0.390625,0.13140180257671072,0.11103340756213936,0.13056448456791594,0.11433385470671835
2243,0.875,0.359375,0.12300640168821601,0.10385465905778428,0.12213505111962895,0.10695093730644645
2244,0.859375,0.375,0.17064687473800624,0.11152464949466478,0.17027459661342445,0.11497376376698905
2245,0.890625,0.625,0.089859414751456951,0.096861822148371149,0.088585106164186023,0.099750067838558609
2246,0.875,0.609375,0.13140180257670897,0.11103340756213918,0.13056448456791642,0.11433385470672004
2247,0.875,0.640625,0.1230064016882139,0.10385465905778402,0.12213505111962986,0.10695093730644832
2248,0.859375,0.625,0.17064687473800416,0.11152464949466474,0.17027459661342562,0.11497376376699101
2249,0.625,0.890625,0.037924607368712317,-0.12862268237255048,0.03790195615794828,-0.12794058304609451
2250,0.609375,0.875,0.027968879852977191,-0.1717671438595948,0.02815929859908985,-0.17128008229168337
2251,0.640625,0.875,0.065026185698822209,-0.14932946605632022,0.065177433777589597,-0.14871673576324851
2252,0.625,0.859375,0.057982743288018321,-0.19742586906711387,0.058363595819702525,-0.19702282025224233
2253,0.375,0.890625,-0.13240793017420033,0.018845837658477759,-0.13208810815993574,0.018883832878034391
2254,0.390625,0.875,-0.17368590352817848,0.0028882369473513837,-0.17354948129753092,0.00294162466480775
2255,0.359375,0.875,-0.15676703509354972,0.042811042132756341,-0.15661063980597012,0.042848709352304851
2256,0.375,0.859375,-0.20337307005699332,0.029026324004135035,-0.20341196829351979,0.029081704494665971
2257,0.109375,0,6.8361662612536242e-05,5.6408421907836643e-05,-3.5209646977203766e-05,-4.3001555864692936e-05
2258,0.140625,0,4.7671319687908542e-05,0.00015587687850285832,-3.6714639029248199e-05,-7.6698173570852586e-05
2259,0.125,0.015625,0.00045636068281260502,0.0007090596730119507,0.0003579821060620139,0.0005534564152475009
2260,0,0.109375,1.9183534823348537e-05,-4.4955013602792171e-05,-5.6317370356627408e-05,-8.0205369372952945e-06
2261,0,0.140625,2.8409458484318136e-05,-2.831146990205779e-05,-8.6614264691747884e-05,-1.1697924666929142e-05
2262,0.015625,0.125,0.00073257401794305605,6.9552146680318283e-05,0.00065490622345677632,6.4424663808860884e-05
2263,0.890625,0,0.00057144047952845372,0.00047243974240020957,-2.9183655080795515e-05,-3.4846651357378202e-05
2264,0.859375,0,0.00067916257642704929,0.00045211347217160051,-6.2203397420797471e-05,-4.1461343657512083e-05
2265,0.875,0.015625,0.0012198748816173285,0.00085568615206388636,0.00050463320099907859,0.00043947521998595777
2266,1,0.109375,0.00084280134980656632,0.00035887923560124976,1.4233842927846986e-05,-5.1422660494226752e-05
2267,1,0.140625,0.0010390218465317271,0.00027472040072521603,1.7865228140034217e-05,-8.3420197645811499e-05
2268,0.984375,0.125,0.00096456201513355063,0.00092223675963814861,-1.582971481846851e-05,0.00066028600502773674
2269,1,0.890625,0.00084280134980755424,0.00035887923559962536,1.4233842926084209e-05,-5.1422660490370977e-05
2270,1,0.859375,0.0010390218465324164,0.00027472040072335478,1.7865228138633018e-05,-8.342019764171171e-05
2271,0.984375,0.875,0.00096456201513416841,0.00092223675963629928,-1.5829714819522144e-05,0.00066028600503190084
2272,0.890625,1,0.00057144047952976539,0.00047243974239853816,-2.9183655081351463e-05,-3.4846651352707107e-05
2273,0.859375,1,0.00067916257642827011,0.00045211347216958108,-6.220339742012822e-05,-4.1461343652295661e-05
2274,0.875,0.984375,0.0012198748816183473,0.00085568615206189501,0.00050463320099970895,0.0004394752199909071
2275,0,0.890625,1.9183534825705684e-05,-4.4955013602412978e-05,-5.6317370352297823e-05,-8.0205369338905795e-06
2276,0,0.859375,2.8409458486737795e-05,-2.8311469902034435e-05,-8.6614264687050565e-05,-1.1697924664171867e-05
2277,0.015625,0.875,0.00073257401794547784,6.9552146680211096e-05,0.00065490622346170229,6.4424663811351324e-05
2278,0.109375,1,6.8361662615289004e-05,5.6408421907990931e-05,-3.5209646971235389e-05,-4.3001555861406292e-05
2279,0.140625,1,4.7671319690910962e-05,0.00015587687850245066,-3.6714639021922862e-05,-7.6698173568474172e-05
2280,0.125,0.984375,0.00045636068281546541,0.00070905967301147517,0.00035798210606898618,0.000553456415249525
2281,0.5,0.390625,-0.59210094224813514,-0.68342163881627715,-0.59325743882167103,-0.68685270956971989
2282,0.5,0.359375,-0.55389901939017838,-0.63937091167015614,-0.55495001065383553,-0.64250238715048102
2283,0.484375,0.375,-0.65082029620476267,-0.58479232197188458,-0.65242363037474582,-0.58779818732794509
2284,0.515625,0.375,-0.48609490194290966,-0.72749512700076757,-0.48665019216476946,-0.73098201323400513
2285,0.390625,0.5,-0.90410188340782149,0.015779422169831133,-0.90746037833515647,0.015392264004398262
2286,0.359375,0.5,-0.81588630302053855,0.22340669332329874,-0.8188880104112326,0.22405648006488862
2287,0.375,0.484375,-0.86609915864621589,0.12413842859390185,-0.8693184001260269,0.12429367118597177
2288,0.375,0.515625,-0.86609915864621556,0.12413842859390169,-0.8693184001260279,0.12429367118597032
2289,0.609375,0.5,0.14381972345843935,-0.89239612187458939,0.14721153741778839,-0.89556719096237747
2290,0.640625,0.5,0.33644237618781775,-0.77557178647225089,0.34076855763109942,-0.77758714814046459
2291,0.625,0.484375,0.2455063704199438,-0.83936785222176713,0.24940454661019959,-0.84199123810663434
2292,0.625,0.515625,0.24550637041994311,-0.83936785222176713,0.24940454661019867,-0.84199123810663312
2293,0.5,0.609375,-0.5921009422481387,-0.68342163881627449,-0.59325743882167925,-0.6868527095697271
2294,0.5,0.640625,-0.55389901939018271,-0.63937091167015281,-0.55495001065384686,-0.64250238715049046
2295,0.515625,0.625,-0.4860949019429136,-0.72749512700076413,-0.48665019216477973,-0.73098201323401368
2296,0.484375,0.625,-0.65082029620476634,-0.58479232197188202,-0.65242363037475526,-0.58779818732795353
2297,0.390625,0,-0.00073653292525698803,-0.00031444678810576768,0.00032780264242096655,-1.0341205530297766e-05
2298,0.359375,0,-0.00075148299624201395,-8.5186314970187065e-05,0.00029455468095868634,-8.4723644295004957e-05
2299,0.375,0.015625,-0.0040481994204086026,0.0003280337852791158,-0.0030027682136402386,0.00042567021578993427
2300,0.609375,0,0.00082853869624984226,-0.00079373686432581412,-4.1798954730318568e-05,0.00032253371075830444
2301,0.640625,0,0.0010044316659883084,-0.00060485620531220568,-0.00011137629195623344,0.00028148069530215171
2302,0.625,0.015625,0.0017940994376228082,-0.0039709148003624758,0.00087193521862458708,-0.0029090310093456222
2303,0.5,0.109375,-0.099462542752388278,-0.11525760071814614,-0.099234285455760143,-0.11489711881664641
2304,0.5,0.140625,-0.15290319937759378,-0.17688411717747321,-0.1528200868255303,-0.17693600089379455
2305,0.484375,0.125,-0.14211382074840292,-0.12804254488644848,-0.14196537173671556,-0.12790848279245146
2306,0.515625,0.125,-0.10606261020057399,-0.15925716306796756,-0.10589227319934154,-0.15906570941459872
2307,0,0.390625,0.00014324152010794711,6.0413049597923769e-05,-0.00033518748847250753,-4.268596688616359e-05
2308,0,0.359375,0.00012975867096501611,5.499397026958769e-05,-0.00031361715048707899,-3.995443559117846e-05
2309,0.015625,0.375,0.0034074426178151065,0.00053927816859631608,0.0030111811219637541,0.00029980599345326501
2310,0,0.609375,0.00014324152010880675,6.0413049597227589e-05,-0.00033518748847084551,-4.2685966885864459e-05
2311,0,0.640625,0.00012975867096613202,5.4993970268783138e-05,-0.00031361715048476324,-3.9954435590763407e-05
2312,0.015625,0.625,0.0034074426178159929,0.0005392781685954356,0.0030111811219657781,0.00029980599345331966
2313,0.109375,0.5,0.096788357283154672,0.11673130824628351,0.097663367897993222,0.1162253299325032
2314,0.140625,0.5,0.10011407350885085,0.21074795427343959,0.10127991726135459,0.21071253528276546
2315,0.125,0.484375,0.10261184877612486,0.16081744203438916,0.10365919667995047,0.1605210032591175
2316,0.125,0.515625,0.10261184877612485,0.16081744203438897,0.10365919667995029,0.16052100325911747
2317,1,0.390625,0.0021728989451844307,-0.0005402161126996036,4.0238463261644137e-05,-0.00034858099328883738
2318,1,0.359375,0.0020929755435755786,-0.00046000999836235377,3.8584594282462652e-05,-0.00032536461946062952
2319,0.984375,0.375,0.0020174494753729334,0.002535164286498498,-0.00011038481716236264,0.0030084855056819087
2320,1,0.609375,0.0021728989451838586,-0.00054021611270070298,4.0238463260899019e-05,-0.00034858099328682066
2321,1,0.640625,0.0020929755435749411,-0.00046000999836371244,3.8584594281692625e-05,-0.00032536461945808289
2322,0.984375,0.625,0.0020174494753721637,0.0025351642864973462,-0.00011038481716285148,0.0030084855056842692
2323,0.890625,0.5,0.10204833113408264,0.11021696233560266,0.10078864155462205,0.11349520438472679
2324,0.859375,0.5,0.19395875863980544,0.12692911415782765,0.19373435945454984,0.13081709049246881
2325,0.875,0.484375,0.14451349364789728,0.12225337538907785,0.14373575424791463,0.12587004443581218
2326,0.875,0.515625,0.14451349364789706,0.12225337538907788,0.14373575424791482,0.12587004443581259
2327,0.609375,1,0.00082853869625124099,-0.00079373686433106263,-4.1798954718204411e-05,0.00032253371075740813
2328,0.640625,1,0.0010044316659896645,-0.00060485620531698116,-0.00011137629194535422,0.00028148069530290723
2329,0.625,0.984375,0.0017940994376235515,-0.0039709148003676253,0.0008719352186360111,-0.002909031009347079
2330,0.390625,1,-0.00073653292525483968,-0.00031444678811134237,0.00032780264243515003,-1.0341205537304087e-05
2331,0.359375,1,-0.00075148299623959574,-8.5186314975238729e-05,0.00029455468097243083,-8.4723644301176696e-05
2332,0.375,0.984375,-0.0040481994204069997,0.00032803378527352858,-0.0030027682136271479,0.00042567021578162001
2333,0.5,0.890625,-0.099462542752392191,-0.11525760071815182,-0.09923428545575462,-0.11489711881666427
2334,0.5,0.859375,-0.152903199377599,-0.17688411717747807,-0.15282008682552808,-0.1769360008938147
2335,0.515625,0.875,-0.10606261020057856,-0.15925716306797261,-0.10589227319933721,-0.15906570941461723
2336,0.484375,0.875,-0.14211382074840748,-0.12804254488645395,-0.14196537173671195,-0.127908482792471
2337,0.25,0.140625,-0.054830317388926589,0.11957415645254869,-0.054600099613445321,0.11962496993766508
2338,0.25,0.109375,-0.035718235480013384,0.077841798350850477,-0.035455462765772133,0.077679894379322337
2339,0.234375,0.125,-0.029687611635821072,0.09421083947982474,-0.029436450251109105,0.094133069179665851
2340,0.265625,0.125,-0.061487533241594519,0.099207735176997672,-0.061249463076142638,0.099167718598717827
2341,0.140625,0.25,0.056296099961400461,0.11862446686631402,0.056963616795131185,0.11851425845768181
2342,0.109375,0.25,0.054432395159124868,0.065705597831916721,0.054929609545426659,0.065370356466851853
2343,0.125,0.234375,0.052958519468120087,0.083080968312633965,0.053502186980817011,0.082851706465933705
2344,0.125,0.265625,0.062580165372493446,0.098156761717635072,0.063228366356059704,0.097913124206028351
2345,0.359375,0.25,-0.459265040048488,0.12566341873497644,-0.46058021033296831,0.12601825457126767
2346,0.390625,0.25,-0.50890285673865954,0.008774913429725615,-0.51039709383614762,0.0086556814485974787
2347,0.375,0.265625,-0.52863931605631198,0.075677877318897177,-0.53025918953023155,0.075814160110894147
2348,0.375,0.234375,-0.44746209835909961,0.064031310913076692,-0.44869282882754963,0.064151778296181849
2349,0.25,0.359375,-0.19825170900955344,0.43286020022519539,-0.19826931934733777,0.43440042507287341
2350,0.25,0.390625,-0.21190919183869691,0.46271263489572406,-0.21195533700215199,0.4643864539018428
2351,0.265625,0.375,-0.28107166102282555,0.45404526369547882,-0.28147414464065806,0.45573553902708208
2352,0.234375,0.375,-0.13557528728056506,0.43113150076252243,-0.13527480189229008,0.43259783125718992
2353,0.75,0.140625,0.12634563848614211,-0.037702541793845863,0.12629734848382071,-0.036626989332505883
2354,0.75,0.109375,0.082481448800108395,-0.024595135459510753,0.082016307650795039,-0.023784831199832702
2355,0.765625,0.125,0.097770781975269797,-0.01639227392301866,0.097418187216259736,-0.015438219092018118
2356,0.734375,0.125,0.10720573701495484,-0.047100346791850205,0.10702592484569068,-0.046179734220042866
2357,0.859375,0.25,0.10966307910261766,0.071316278232599728,0.10897264021746111,0.073575520444644424
2358,0.890625,0.25,0.057936937915703569,0.06199092454170884,0.056695854913455836,0.06383415716059497
2359,0.875,0.234375,0.075191851122594189,0.063066971696481011,0.074196505586146544,0.064965554787275878
2360,0.875,0.265625,0.08865531505814557,0.074532559514273941,0.087681676189720129,0.07677578054548774
2361,0.640625,0.25,0.18957869671483452,-0.43685112413849808,0.19166699663079348,-0.43735507771662796
2362,0.609375,0.25,0.081118051965453436,-0.50258866962850812,0.082801116869467339,-0.50371212331021553
2363,0.625,0.265625,0.15000991069161013,-0.51257925599981013,0.15213216543177432,-0.51359441226450564
2364,0.625,0.234375,0.12703722251070368,-0.43394634287160094,0.12873166122132473,-0.43459270853043253
2365,0.75,0.359375,0.45545126393797569,-0.13546340459751782,0.45860000117704619,-0.13299030558324604
2366,0.75,0.390625,0.48679299588303648,-0.14474763568616955,0.49025541111874404,-0.1421695345206363
2367,0.734375,0.375,0.48814006392391374,-0.21423935134908254,0.4918093265368445,-0.21220417256204904
2368,0.765625,0.375,0.44477157889878971,-0.073878127949888586,0.44765324793300576,-0.070931148449625184
2369,0.859375,0.75,0.10966307910261512,0.071316278232598854,0.10897264021746574,0.073575520444647782
2370,0.890625,0.75,0.057936937915701481,0.061990924541707577,0.056695854913459229,0.063834157160598745
2371,0.875,0.765625,0.075191851122592024,0.063066971696479859,0.074196505586150582,0.0649655547872795
2372,0.875,0.734375,0.088655315058143211,0.074532559514273011,0.087681676189724223,0.076775780545491459
2373,0.75,0.859375,0.12634563848613897,-0.037702541793848118,0.12629734848382829,-0.036626989332505897
2374,0.75,0.890625,0.082481448800106133,-0.024595135459513619,0.082016307650802686,-0.023784831199832011
2375,0.765625,0.875,0.097770781975267201,-0.016392273923021165,0.097418187216267382,-0.01543821909201702
2376,0.734375,0.875,0.10720573701495197,-0.047100346791852869,0.10702592484569858,-0.046179734220043477
2377,0.75,0.640625,0.45545126393797203,-0.13546340459751591,0.45860000117705108,-0.13299030558324693
2378,0.75,0.609375,0.48679299588303371,-0.14474763568616772,0.49025541111874632,-0.14216953452063663
2379,0.734375,0.625,0.48814006392391013,-0.21423935134908023,0.49180932653685061,-0.21220417256205076
2380,0.765625,0.625,0.44477157889878699,-0.073878127949887018,0.44765324793300743,-0.070931148449625392
2381,0.640625,0.75,0.18957869671482755,-0.43685112413849586,0.19166699663079526,-0.43735507771663329
2382,0.609375,0.75,0.081118051965445997,-0.50258866962850579,0.082801116869466534,-0.50371212331022264
2383,0.625,0.734375,0.15000991069160283,-0.51257925599980692,0.15213216543177385,-0.51359441226450864
2384,0.625,0.765625,0.12703722251069655,-0.43394634287159906,0.12873166122132659,-0.43459270853044163
2385,0.140625,0.75,0.056296099961400746,0.11862446686631127,0.056963616795133953,0.11851425845767626
2386,0.109375,0.75,0.054432395159125728,0.06570559783191425,0.054929609545430476,0.065370356466848106
2387,0.125,0.765625,0.052958519468120871,0.083080968312631329,0.053502186980821008,0.08285170646592932
2388,0.125,0.734375,0.062580165372493848,0.098156761717632532,0.063228366356062465,0.097913124206023536
2389,0.25,0.859375,-0.054830317388927019,0.11957415645254421,-0.054600099613441186,0.11962496993765361
2390,0.25,0.890625,-0.035718235480013037,0.077841798350846064,-0.035455462765765784,0.077679894379312261
2391,0.234375,0.875,-0.029687611635820777,0.094210839479820493,-0.029436450251103388,0.094133069179655818
2392,0.265625,0.875,-0.061487533241594915,0.099207735176992939,-0.061249463076138107,0.099167718598706489
2393,0.25,0.640625,-0.1982517090095558,0.432860200225194,-0.19826931934734315,0.43440042507286469
2394,0.25,0.609375,-0.21190919183869864,0.46271263489572279,-0.21195533700215705,0.4643864539018368
2395,0.265625,0.625,-0.28107166102282782,0.45404526369547749,-0.28147414464066417,0.45573553902707364
2396,0.234375,0.625,-0.13557528728056686,0.43113150076252132,-0.13527480189229429,0.4325978312571841
2397,0.359375,0.75,-0.45926504004849428,0.12566341873497339,-0.46058021033297836,0.12601825457124782
2398,0.390625,0.75,-0.50890285673866675,0.008774913429722711,-0.51039709383615794,0.0086556814485760705
2399,0.375,0.734375,-0.52863931605631898,0.075677877318894596,-0.53025918953024576,0.075814160110874482
2400,0.375,0.765625,-0.44746209835910583,0.06403131091307325,-0.4486928288275579,0.064151778296160936
2401,0.0625,0.046875,0.0015600543455106461,0.00080581823031562066,0.0015252945808016073,0.0008208949168519872
2402,0.046875,0.0625,0.001638250496402758,0.00060254460262610038,0.0016169224199491209,0.00062099211684522491
2403,0.078125,0.0625,0.0037156234010830404,0.0026660214613057802,0.0036857428976007499,0.0026334286575821898
2404,0.0625,0.078125,0.0040031321159957724,0.0021769957176656315,0.0039877845426645074,0.0021483980230612072
2405,0.9375,0.046875,0.001247276513544454,0.0019417907360672563,0.00060084201618656617,0.0016329371303696316
2406,0.953125,0.0625,0.0010851066743740063,0.0019788559947727367,0.00039052551386549298,0.0016943330377564428
2407,0.921875,0.0625,0.002840780031423826,0.0042112113785123797,0.002080796328502406,0.0040320287030368119
2408,0.9375,0.078125,0.0023740207329828321,0.0044049194851834683,0.0015579062397094877,0.0042599741888761445
2409,0.953125,0.9375,0.0010851066743749335,0.001978855994771126,0.000390525513864494,0.0016943330377604932
2410,0.9375,0.953125,0.0012472765135454248,0.0019417907360656356,0.00060084201618576018,0.0016329371303737839
2411,0.9375,0.921875,0.0023740207329833946,0.0044049194851816104,0.0015579062397093712,0.0042599741888805108
2412,0.921875,0.9375,0.0028407800314244427,0.0042112113785104984,0.0020807963285025617,0.004032028703041304
2413,0.046875,0.9375,0.0016382504964051708,0.00060254460262622149,0.0016169224199540609,0.00062099211684810683
2414,0.0625,0.953125,0.0015600543455131129,0.00080581823031570198,0.0015252945808067759,0.00082089491685481014
2415,0.0625,0.921875,0.0040031321159982799,0.0021769957176652065,0.0039877845426702337,0.002148398023063026
2416,0.078125,0.9375,0.0037156234010856069,0.0026660214613052945,0.0036857428976067425,0.0026334286575838877
2417,0.453125,0.4375,-0.84126009745364028,-0.44031022597423802,-0.84395904578339564,-0.44285828564735769
2418,0.4375,0.453125,-0.88956067426098551,-0.33207432106543194,-0.89260365316892609,-0.33413931409764897
2419,0.4375,0.421875,-0.86175883173744383,-0.32170962997115637,-0.86468172513086727,-0.32368716962454863
2420,0.421875,0.4375,-0.89512535414300842,-0.21183730369731898,-0.8983014381724912,-0.21331296499826108
2421,0.546875,0.4375,-0.31609846848797735,-0.89528356556632327,-0.31539462409716079,-0.89939664527138286
2422,0.5625,0.453125,-0.20217249089941033,-0.92762498882545841,-0.20075774133840427,-0.93170974191127287
2423,0.5625,0.421875,-0.19584561293657651,-0.89865704507688193,-0.19447761763038765,-0.90256488830503712
2424,0.578125,0.4375,-0.082454766280369185,-0.91598632330796004,-0.080388943526655779,-0.91977216247312965
2425,0.5625,0.546875,-0.20217249089941242,-0.92762498882545741,-0.20075774133840682,-0.93170974191127576
2426,0.546875,0.5625,-0.31609846848797979,-0.89528356556632127,-0.31539462409716418,-0.89939664527138363
2427,0.578125,0.5625,-0.082454766280372002,-0.91598632330795837,-0.080388943526658721,-0.91977216247313165
2428,0.5625,0.578125,-0.19584561293657982,-0.89865704507687938,-0.19447761763039131,-0.90256488830503623
2429,0.4375,0.546875,-0.88956067426098717,-0.33207432106543122,-0.8926036531689332,-0.33413931409765318
2430,0.453125,0.5625,-0.84126009745364205,-0.44031022597423691,-0.84395904578340153,-0.44285828564736157
2431,0.421875,0.5625,-0.8951253541430102,-0.21183730369731829,-0.89830143817249863,-0.21331296499826594
2432,0.4375,0.578125,-0.86175883173744583,-0.32170962997115515,-0.86468172513087749,-0.32368716962455496
2433,0.4375,0.046875,-0.02955676911958335,-0.011340139229194737,-0.02876306325440724,-0.010771894497212296
2434,0.453125,0.0625,-0.048264518855609305,-0.025588970138956505,-0.047625258306425687,-0.024995865036364431
2435,0.421875,0.0625,-0.051432833147741892,-0.012412787265140182,-0.050693054194483486,-0.012041322478191415
2436,0.4375,0.078125,-0.075776385753219572,-0.028546254176964807,-0.075196104998622476,-0.028153021065589146
2437,0.5625,0.046875,-0.0063025705419929492,-0.031197756634378064,-0.0064625185684653828,-0.030029070909694193
2438,0.546875,0.0625,-0.017825628725431163,-0.051786199505996104,-0.017792999068080309,-0.050760239113362894
2439,0.578125,0.0625,-0.0043182677165121636,-0.052961130721525751,-0.0045297825116315483,-0.05190982007998169
2440,0.5625,0.078125,-0.016888060593150522,-0.079393963212186877,-0.016907189525962436,-0.078496391434916976
2441,0.046875,0.4375,0.028735589984543758,0.011652337381258301,0.028658122576508085,0.011026669279935272
2442,0.0625,0.453125,0.04718143542225034,0.02622727975335476,0.047339911844943072,0.025515624630562204
2443,0.0625,0.421875,0.045703141649632892,0.025408209756459514,0.045858992324283067,0.024717465967662826
2444,0.078125,0.4375,0.064914103045617247,0.047391597814204017,0.065316553765288651,0.046686291703232928
2445,0.046875,0.5625,0.028735589984544056,0.011652337381257677,0.028658122576508856,0.011026669279935083
2446,0.0625,0.546875,0.047181435422250485,0.026227279753354232,0.047339911844943489,0.025515624630561926
2447,0.0625,0.578125,0.045703141649633197,0.025408209756458699,0.045858992324284101,0.024717465967662486
2448,0.078125,0.5625,0.064914103045617386,0.047391597814203303,0.065316553765289415,0.046686291703232706
2449,0.953125,0.4375,0.0090402423665772412,0.028513351357805177,0.0067662375151481295,0.029932288241285399
2450,0.9375,0.453125,0.020551439574788402,0.04861018275838426,0.018379280806150415,0.050519109379821993
2451,0.9375,0.421875,0.019948784962023909,0.047097855193785343,0.01780497033621611,0.048938907735963037
2452,0.921875,0.4375,0.038657619953091804,0.069041840258016116,0.036705083953750578,0.071381758912824056
2453,0.953125,0.5625,0.0090402423665766358,0.028513351357804733,0.0067662375151479647,0.029932288241286659
2454,0.9375,0.546875,0.020551439574787896,0.048610182758383982,0.01837928080615046,0.050519109379823068
2455,0.9375,0.578125,0.019948784962023063,0.047097855193784892,0.017804970336216024,0.048938907735964599
2456,0.921875,0.5625,0.038657619953091082,0.069041840258015866,0.036705083953750502,0.071381758912825152
2457,0.5625,0.953125,-0.0063025705419937515,-0.031197756634384018,-0.0064625185684537628,-0.030029070909702554
2458,0.546875,0.9375,-0.01782562872543279,-0.051786199506002092,-0.017792999068069651,-0.050760239113373712
2459,0.578125,0.9375,-0.0043182677165136494,-0.052961130721531365,-0.0045297825116207939,-0.051909820079990517
2460,0.5625,0.921875,-0.016888060593152829,-0.079393963212192428,-0.016907189525952791,-0.078496391434928592
2461,0.4375,0.953125,-0.029556769119583895,-0.011340139229201239,-0.0287630632543961,-0.010771894497225114
2462,0.453125,0.9375,-0.048264518855610762,-0.025588970138963035,-0.04762525830641607,-0.024995865036379083
2463,0.421875,0.9375,-0.051432833147743086,-0.012412787265146615,-0.050693054194473931,-0.012041322478205808
2464,0.4375,0.921875,-0.075776385753221723,-0.028546254176971247,-0.075196104998614149,-0.028153021065605226
2465,0.203125,0.1875,-0.0086336733907956056,0.15535502819056221,-0.0082222750866861715,0.15555110532629485
2466,0.1875,0.203125,0.010758246337212453,0.15518774525800033,0.011260460915293546,0.15536027102887662
2467,0.1875,0.171875,0.0083110562171903393,0.12006641536373672,0.0087056194820055235,0.12011296355220295
2468,0.171875,0.1875,0.023172236179646009,0.11806449215363449,0.023635178747324157,0.1180854521994022
2469,0.3125,0.296875,-0.41158490393157443,0.30762237322516794,-0.41270213054712346,0.3087330128978853
2470,0.296875,0.3125,-0.37005667470392428,0.35649364158693725,-0.370963820743267,0.35780576505340317
2471,0.328125,0.3125,-0.4981937619996808,0.28324612179227676,-0.49971297016944499,0.28426136409130426
2472,0.3125,0.328125,-0.4590254603154611,0.34310331397159349,-0.46034968166508755,0.34437739899312347
2473,0.296875,0.1875,-0.1863224600108091,0.17942416233004579,-0.18648330702281646,0.17986782716345073
2474,0.3125,0.203125,-0.24772034911081106,0.18509423515748999,-0.24812214283567913,0.18561374630283051
2475,0.3125,0.171875,-0.19167525219810019,0.14319450400236336,-0.19182978720765947,0.14350259829482337
2476,0.328125,0.1875,-0.25081769950957106,0.14253579352989945,-0.25120515374884528,0.14289695877920461
2477,0.1875,0.296875,0.017935444818598996,0.25788067543383764,0.0187303448039727,0.25841167411180915
2478,0.203125,0.3125,-0.017064709754345233,0.30862973021182277,-0.016355184373804024,0.30943273343338101
2479,0.171875,0.3125,0.046112448992128831,0.23454936019037928,0.047017688946954003,0.23490363316676105
2480,0.1875,0.328125,0.020019483282913853,0.28761374377316296,0.020893054314430975,0.28824612262210503
2481,0.796875,0.1875,0.15505133440911242,0.012775755064035787,0.15509362714392488,0.014477741903993091
2482,0.8125,0.203125,0.15212614834138424,0.031816006211138122,0.15207105894657677,0.033723479875051234
2483,0.8125,0.171875,0.11787836360024541,0.02456538226389458,0.11757282443360317,0.026071759065729769
2484,0.828125,0.1875,0.11380218044379165,0.038871116971638073,0.11339568865176218,0.040545772292130133
2485,0.6875,0.296875,0.36239540027267492,-0.36387554651995285,0.36546687802718347,-0.36341206978047069
2486,0.703125,0.3125,0.40468967825330532,-0.31591186048323205,0.4079442594044787,-0.31498151049714507
2487,0.671875,0.3125,0.35061594186971606,-0.45295626938323313,0.35391157445296928,-0.45305518551421314
2488,0.6875,0.328125,0.40410589157409421,-0.4057436362378023,0.40766002164219151,-0.40536780632168018
2489,0.703125,0.1875,0.20402395367326207,-0.15928573709071769,0.20507765448987669,-0.15834453456035724
2490,0.6875,0.203125,0.21831918621805471,-0.21919627536105066,0.21972698352288239,-0.21849126087635265
2491,0.6875,0.171875,0.16904269100782085,-0.16968107042143088,0.16987864592353702,-0.16892255802055725
2492,0.671875,0.1875,0.1767641368644628,-0.22827448084213911,0.17791492167044445,-0.22775395176950816
2493,0.8125,0.296875,0.25219852527264014,0.053107353233912614,0.25293136733299637,0.05609602732803555
2494,0.796875,0.3125,0.30718025541358773,0.025761325841077112,0.30850939456217935,0.028805818212647775
2495,0.828125,0.3125,0.22518132411802591,0.077508193901821468,0.22556028823752369,0.080660644732178599
2496,0.8125,0.328125,0.28115697553834373,0.059289571910990074,0.28213121949789788,0.062573394734073182
2497,0.8125,0.796875,0.15212614834138119,0.031816006211136963,0.15207105894658327,0.033723479875053426
2498,0.796875,0.8125,0.15505133440910929,0.012775755064034437,0.15509362714393193,0.014477741903994746
2499,0.828125,0.8125,0.11380218044378901,0.038871116971636588,0.11339568865176833,0.040545772292132978
2500,0.8125,0.828125,0.11787836360024272,0.024565382263892904,0.11757282443360972,0.02607175906573219
2501,0.703125,0.6875,0.40468967825329988,-0.31591186048322945,0.40794425940448176,-0.31498151049714473
2502,0.6875,0.703125,0.36239540027266892,-0.36387554651995019,0.36546687802718736,-0.36341206978047136
2503,0.6875,0.671875,0.40410589157408838,-0.40574363623779885,0.40766002164219428,-0.40536780632167968
2504,0.671875,0.6875,0.35061594186970968,-0.45295626938322958,0.35391157445297183,-0.45305518551421309
2505,0.8125,0.703125,0.25219852527263698,0.053107353233912878,0.25293136733300181,0.056096027328037264
2506,0.796875,0.6875,0.3071802554135844,0.025761325841077785,0.30850939456218524,0.028805818212648934
2507,0.828125,0.6875,0.22518132411802327,0.077508193901821718,0.22556028823752838,0.080660644732180806
2508,0.8125,0.671875,0.2811569755383409,0.059289571910990636,0.28213121949790121,0.062573394734074486
2509,0.703125,0.8125,0.20402395367325715,-0.15928573709071869,0.20507765448988383,-0.1583445345603611
2510,0.6875,0.796875,0.21831918621804927,-0.21919627536105105,0.2197269835228883,-0.2184912608763572
2511,0.6875,0.828125,0.1690426910078161,-0.16968107042143238,0.16987864592354399,-0.16892255802056214
2512,0.671875,0.8125,0.17676413686445744,-0.22827448084214003,0.17791492167045081,-0.22775395176951488
2513,0.1875,0.796875,0.010758246337212308,0.15518774525799678,0.011260460915296771,0.15536027102886868
2514,0.203125,0.8125,-0.0086336733907958884,0.15535502819055833,-0.0082222750866828512,0.15555110532628569
2515,0.171875,0.8125,0.023172236179646494,0.1180644921536311,0.023635178747328633,0.1180854521993953
2516,0.1875,0.828125,0.0083110562171907279,0.12006641536373307,0.008705619482010157,0.12011296355219508
2517,0.296875,0.6875,-0.37005667470392872,0.35649364158693558,-0.37096382074327799,0.3578057650533899
2518,0.3125,0.703125,-0.41158490393157943,0.307622373225166,-0.41270213054713517,0.30873301289787008
2519,0.3125,0.671875,-0.45902546031546593,0.34310331397159222,-0.46034968166510193,0.34437739899311126
2520,0.328125,0.6875,-0.49819376199968618,0.28324612179227515,-0.49971297016946009,0.28426136409128999
2521,0.1875,0.703125,0.017935444818597841,0.2578806754338353,0.018730344803971958,0.25841167411180166
2522,0.203125,0.6875,-0.017064709754346825,0.30862973021182077,-0.0163551843738062,0.30943273343337313
2523,0.171875,0.6875,0.046112448992128054,0.23454936019037739,0.047017688946953531,0.23490363316675517
2524,0.1875,0.671875,0.020019483282912712,0.28761374377316135,0.02089305431442947,0.28824612262210014
2525,0.296875,0.8125,-0.18632246001081215,0.1794241623300413,-0.18648330702281804,0.17986782716343488
2526,0.3125,0.796875,-0.24772034911081495,0.18509423515748569,-0.24812214283568312,0.18561374630281374
2527,0.3125,0.828125,-0.19167525219810316,0.14319450400235845,-0.19182978720766086,0.14350259829480741
2528,0.328125,0.8125,-0.25081769950957505,0.14253579352989479,-0.251205153748848,0.14289695877918684
2529,0.1875,0.046875,0.00079492785560039008,0.012105036981088578,0.00085033368307032328,0.011736099082017214
2530,0.203125,0.0625,-0.0013389955027890267,0.023280175742629097,-0.0012114788730868036,0.022912264929810949
2531,0.171875,0.0625,0.0034425260266136809,0.01768215830448875,0.0034812558750167521,0.01739340744309922
2532,0.1875,0.078125,0.0021135389055861624,0.030969547870377687,0.0022235459943141206,0.030681191377812871
2533,0.3125,0.046875,-0.019424156597194122,0.014368483164229635,-0.018744974592223785,0.014020771153202561
2534,0.296875,0.0625,-0.028001942236504831,0.026846797753067191,-0.027469586039216804,0.026493672979302933
2535,0.328125,0.0625,-0.037659670922630485,0.021281939367745081,-0.037002928059544977,0.02104739706933265
2536,0.3125,0.078125,-0.049510160520615694,0.036895349701113335,-0.049001319134899732,0.0366554010042969
2537,0.046875,0.1875,0.010999938937685376,0.0044505999839584386,0.010979059235864843,0.0042241362854513586
2538,0.0625,0.203125,0.020121095944205452,0.011189989063470105,0.020194076122814344,0.010884348192485705
2539,0.0625,0.171875,0.015561300851706143,0.0086453031114437657,0.015612449177481431,0.008414728003062524
2540,0.078125,0.1875,0.024874636375999151,0.018172309012497962,0.025023591841532127,0.017886172983343274
2541,0.046875,0.3125,0.021887418797230371,0.0088827293554112358,0.021840906844377238,0.0084037274941389326
2542,0.0625,0.296875,0.033464547649605804,0.01861731653812921,0.033589396201304383,0.018104465786310454
2543,0.0625,0.328125,0.037331122942811316,0.020764799728589065,0.037467529655106371,0.020194713606596724
2544,0.078125,0.3125,0.04946290227310704,0.036131801701654455,0.049779334736960529,0.0355810457867956
2545,0.8125,0.046875,0.012466641123455156,0.0025598524048473172,0.011497000851667664,0.0025491451879260454
2546,0.796875,0.0625,0.023800058307838812,0.0019229547973984254,0.022853715491277554,0.0021330239227525818
2547,0.828125,0.0625,0.017620374797865327,0.0058751301762829909,0.016711644156080424,0.0059733876049898093
2548,0.8125,0.078125,0.030914576771366775,0.0063333921463290584,0.030040321115106884,0.0066599188958758734
2549,0.6875,0.046875,0.017624719451966118,-0.017185834289211558,0.016608145714735165,-0.016506334210026841
2550,0.703125,0.0625,0.031113875196136623,-0.023970193130751771,0.030216104946917063,-0.023325077808331138
2551,0.671875,0.0625,0.027008849748015772,-0.034345395961873665,0.026214821208419375,-0.033549575409925689
2552,0.6875,0.078125,0.044063421730931938,-0.043905196678650935,0.043400658869360044,-0.043151002356064241
2553,0.953125,0.1875,0.0040352716521954036,0.011134498053278824,0.0026011023545965514,0.011470671693321268
2554,0.9375,0.203125,0.0093463568075773037,0.020887290228356215,0.0078492024089621415,0.021552730811372278
2555,0.9375,0.171875,0.0074108640533751945,0.016213416540261798,0.0060712023076162315,0.016663787695598741
2556,0.921875,0.1875,0.015440429718860562,0.026571946700356331,0.014071900812778799,0.027349077108766093
2557,0.953125,0.3125,0.0071581155598944247,0.021816636818058573,0.0051609137011345702,0.022813541687915911
2558,0.9375,0.296875,0.014921398359733171,0.034566019220961565,0.013046137886898249,0.035846557417530692
2559,0.9375,0.328125,0.016517477089932731,0.038527270139729689,0.014550416485235517,0.039984778056078689
2560,0.921875,0.3125,0.029755669700510943,0.052656650813566568,0.02797850087438911,0.054402552973228324
2561,0.953125,0.8125,0.0040352716521948372,0.011134498053276761,0.0026011023545972688,0.011470671693325718
2562,0.9375,0.796875,0.0093463568075763236,0.020887290228354262,0.0078492024089635484,0.021552730811376639
2563,0.9375,0.828125,0.0074108640533745319,0.016213416540259741,0.0060712023076174709,0.016663787695603255
2564,0.921875,0.8125,0.015440429718859474,0.026571946700354381,0.014071900812780775,0.027349077108770499
2565,0.953125,0.6875,0.0071581155598931445,0.021816636818057126,0.0051609137011351391,0.022813541687919409
2566,0.9375,0.703125,0.01492139835973166,0.034566019220960136,0.013046137886899475,0.035846557417534418
2567,0.9375,0.671875,0.016517477089931256,0.038527270139728509,0.014550416485236334,0.039984778056081853
2568,0.921875,0.6875,0.029755669700509215,0.05265665081356543,0.02797850087439066,0.05440255297323171
2569,0.8125,0.953125,0.012466641123455215,0.0025598524048445377,0.011497000851672214,0.0025491451879305618
2570,0.796875,0.9375,0.023800058307838351,0.0019229547973955102,0.022853715491283282,0.0021330239227564116
2571,0.828125,0.9375,0.017620374797865112,0.0058751301762803593,0.016711644156084698,0.0059733876049942397
2572,0.8125,0.921875,0.030914576771366026,0.0063333921463263427,0.030040321115112296,0.0066599188958797314
2573,0.6875,0.953125,0.017624719451965708,-0.017185834289215853,0.016608145714744525,-0.01650633421002699
2574,0.703125,0.9375,0.031113875196135687,-0.023970193130755754,0.030216104946925969,-0.023325077808331263
2575,0.671875,0.9375,0.027008849748014735,-0.034345395961878078,0.026214821208429055,-0.033549575409927784
2576,0.6875,0.921875,0.044063421730930363,-0.043905196678654938,0.043400658869369266,-0.043151002356066247
2577,0.046875,0.8125,0.010999938937687508,0.0044505999839571236,0.01097905923587022,0.0042241362854511929
2578,0.0625,0.796875,0.020121095944207364,0.011189989063468421,0.020194076122819617,0.010884348192484596
2579,0.0625,0.828125,0.015561300851708298,0.0086453031114422721,0.015612449177487156,0.0084147280030619116
2580,0.078125,0.8125,0.024874636376001073,0.018172309012496099,0.025023591841537716,0.017886172983341643
2581,0.046875,0.6875,0.021887418797231474,0.0088827293554097422,0.021840906844380531,0.0084037274941382092
2582,0.0625,0.703125,0.033464547649606845,0.018617316538127461,0.033589396201307818,0.01810446578630908
2583,0.0625,0.671875,0.037331122942812142,0.020764799728587496,0.037467529655109306,0.020194713606595659
2584,0.078125,0.6875,0.049462902273107776,0.03613180170165263,0.04977933473696363,0.035581045786793927
2585,0.1875,0.953125,0.00079492785560298252,0.012105036981086177,0.00085033368307927185,0.011736099082014577
2586,0.203125,0.9375,-0.0013389955027868225,0.023280175742626072,-0.00121147887307793,0.022912264929806418
2587,0.171875,0.9375,0.0034425260266161446,0.017682158304486377,0.0034812558750251851,0.01739340744309642
2588,0.1875,0.921875,0.002113538905588251,0.030969547870374731,0.0022235459943224091,0.030681191377808236
2589,0.3125,0.953125,-0.019424156597192974,0.014368483164224696,-0.018744974592213304,0.014020771153193484
2590,0.296875,0.9375,-0.028001942236503978,0.026846797753062351,-0.027469586039207534,0.026493672979293316
2591,0.328125,0.9375,-0.037659670922630173,0.021281939367739689,-0.037002928059535541,0.021047397069321443
2592,0.3125,0.921875,-0.049510160520615687,0.036895349701108082,-0.049001319134891572,0.036655401004285243
2593,0.453125,0.3125,-0.64133103346651665,-0.33577015271044602,-0.64320659218248921,-0.33751721090825726
2594,0.4375,0.296875,-0.63142309429377241,-0.23581885623187263,-0.63334257660980187,-0.23708859402906973
2595,0.4375,0.328125,-0.70422564627950768,-0.26297027839672588,-0.70646398760612328,-0.26446063236691653
2596,0.421875,0.3125,-0.68240706001915452,-0.16157689727144192,-0.68462275427789054,-0.16257352572454031
2597,0.546875,0.3125,-0.24092725886292868,-0.68267254925996368,-0.24037095177697476,-0.68545971653892823
2598,0.5625,0.296875,-0.14343093051521227,-0.65863239602235379,-0.14244549347130897,-0.66109310017546397
2599,0.5625,0.328125,-0.15999739856694162,-0.73450276879567655,-0.15889174256647293,-0.73741730989857013
2600,0.578125,0.3125,-0.062788849745631189,-0.69847195942416052,-0.061265710082250284,-0.70098877230797652
2601,0.453125,0.1875,-0.32280205573097265,-0.16916116493702849,-0.32333808419114463,-0.16967135310878101
2602,0.4375,0.203125,-0.37996890570612146,-0.1420169239025543,-0.38077325018798713,-0.14254221812287762
2603,0.4375,0.171875,-0.29396805362099476,-0.10992988740026531,-0.29438537205775978,-0.11020383545316734
2604,0.421875,0.1875,-0.34350226272363216,-0.081449351875230031,-0.34415826300999275,-0.081727105792492843
2605,0.546875,0.1875,-0.12115685304829835,-0.34385873098693032,-0.12083202319446051,-0.34458249188534484
2606,0.5625,0.203125,-0.08620611017253689,-0.39654215263796755,-0.085638263839722895,-0.39746032560430644
2607,0.5625,0.171875,-0.066627699588399411,-0.30688875751564981,-0.066208020618511915,-0.30728811175402398
2608,0.578125,0.1875,-0.031450523932810441,-0.35183153488285662,-0.030795634256598474,-0.35238921717926625
2609,0.3125,0.453125,-0.57978934555093509,0.43344004813575387,-0.58164235282449639,0.43511482195353102
2610,0.296875,0.4375,-0.48536433463147194,0.46766012117447969,-0.48674524154666932,0.46948169958908359
2611,0.328125,0.4375,-0.65345277013195535,0.3715944084127914,-0.65567861709971875,0.37298346087912104
2612,0.3125,0.421875,-0.56167435411768585,0.41988765176342219,-0.56344782504158641,0.42150371382187096
2613,0.3125,0.546875,-0.57978934555093575,0.4334400481357531,-0.58164235282449794,0.43511482195352458
2614,0.296875,0.5625,-0.48536433463147305,0.46766012117447869,-0.48674524154667159,0.46948169958907582
2615,0.328125,0.5625,-0.65345277013195657,0.37159440841279073,-0.6556786170997243,0.3729834608791141
2616,0.3125,0.578125,-0.56167435411768729,0.41988765176342119,-0.56344782504158941,0.42150371382186103
2617,0.1875,0.453125,0.025336618698978321,0.36330769646397576,0.026398694293267969,0.36419345571377004
2618,0.203125,0.4375,-0.022328479413009614,0.40484252953342964,-0.021459003874022695,0.40601039316801812
2619,0.171875,0.4375,0.060539458234997352,0.30766310176446543,0.061693239850338789,0.30821980456669773
2620,0.1875,0.421875,0.02453794940518823,0.35195277094875294,0.025572802126706696,0.35280095398596273
2621,0.1875,0.546875,0.025336618698978037,0.36330769646397493,0.026398694293266842,0.36419345571376921
2622,0.203125,0.5625,-0.022328479413010104,0.40484252953342864,-0.021459003874024649,0.40601039316801851
2623,0.171875,0.5625,0.060539458234996985,0.30766310176446443,0.061693239850337929,0.30821980456669751
2624,0.1875,0.578125,0.024537949405187574,0.35195277094875221,0.025572802126705187,0.35280095398596373
2625,0.6875,0.453125,0.51027873326540329,-0.51229545615751071,0.51506776477739857,-0.51217084310062777
2626,0.703125,0.4375,0.53061602475021963,-0.41412691487453523,0.53526485198043305,-0.41328684305517704
2627,0.671875,0.4375,0.45972344996657971,-0.59389307739641994,0.46436851594950157,-0.59445493954916717
2628,0.6875,0.421875,0.49435294645964323,-0.4963145359001303,0.49895605525697234,-0.49614987028190299
2629,0.6875,0.546875,0.51027873326540141,-0.51229545615750915,0.51506776477739891,-0.51217084310062744
2630,0.703125,0.5625,0.53061602475021752,-0.41412691487453335,0.53526485198043328,-0.41328684305517582
2631,0.671875,0.5625,0.45972344996657694,-0.5938930773964175,0.46436851594950124,-0.59445493954916595
2632,0.6875,0.578125,0.49435294645963995,-0.49631453590012758,0.49895605525697523,-0.49614987028190438
2633,0.8125,0.453125,0.35485011829648649,0.075053724498225158,0.35646265222571405,0.079062755545905458
2634,0.796875,0.4375,0.40260219846865275,0.033995890582667262,0.40479353947426577,0.037799597434295916
2635,0.828125,0.4375,0.29501550104574265,0.10183026262821072,0.29595464354277834,0.10583824770988282
2636,0.8125,0.421875,0.34379788550683371,0.072686859620404845,0.34531258441767404,0.076589231117056789
2637,0.8125,0.546875,0.35485011829648555,0.075053724498225421,0.35646265222571411,0.079062755545905902
2638,0.796875,0.5625,0.40260219846865164,0.033995890582667818,0.40479353947426466,0.037799597434296138
2639,0.828125,0.5625,0.29501550104574131,0.10183026262821093,0.29595464354277751,0.10583824770988325
2640,0.8125,0.578125,0.34379788550683232,0.072686859620405275,0.34531258441767132,0.076589231117056816
2641,0.546875,0.6875,-0.2409272588629357,-0.68267254925996024,-0.24037095177698201,-0.68545971653893101
2642,0.5625,0.703125,-0.1434309305152196,-0.65863239602234991,-0.14244549347131447,-0.66109310017546341
2643,0.5625,0.671875,-0.15999739856694833,-0.73450276879567211,-0.15889174256647973,-0.73741730989856979
2644,0.578125,0.6875,-0.062788849745638392,-0.69847195942415552,-0.061265710082255329,-0.70098877230797163
2645,0.453125,0.6875,-0.64133103346652376,-0.33577015271044591,-0.64320659218250953,-0.33751721090827658
2646,0.4375,0.703125,-0.6314230942937803,-0.23581885623187354,-0.63334257660982451,-0.23708859402909202
2647,0.4375,0.671875,-0.70422564627951367,-0.2629702783967256,-0.70646398760614049,-0.26446063236693318
2648,0.421875,0.6875,-0.68240706001916163,-0.16157689727144256,-0.68462275427791197,-0.16257352572455966
2649,0.546875,0.8125,-0.1211568530483051,-0.34385873098693248,-0.12083202319446089,-0.34458249188536344
2650,0.5625,0.796875,-0.086206110172543954,-0.3965421526379686,-0.085638263839723991,-0.39746032560432493
2651,0.5625,0.828125,-0.066627699588405628,-0.30688875751565259,-0.066208020618510194,-0.30728811175404208
2652,0.578125,0.8125,-0.031450523932816991,-0.35183153488285812,-0.03079563425659743,-0.35238921717928406
2653,0.453125,0.8125,-0.3228020557309792,-0.16916116493703243,-0.32333808419114857,-0.16967135310880416
2654,0.4375,0.796875,-0.37996890570612823,-0.14201692390255796,-0.38077325018799202,-0.14254221812290063
2655,0.4375,0.828125,-0.2939680536210007,-0.10992988740026992,-0.29438537205776139,-0.11020383545318965
2656,0.421875,0.8125,-0.3435022627236386,-0.081449351875234333,-0.34415826300999464,-0.08172710579251484
2657,0.046875,0,3.0848264594383669e-05,-6.3045186908266049e-05,-1.0736247000583027e-05,-5.5664023100140945e-06
2658,0.078125,0,5.6133918414971853e-05,-2.0373752144759747e-05,-2.4288574177859686e-05,-1.8756861048278449e-05
2659,0.0625,0.015625,0.00021899517406995155,5.21786599804827e-05,0.00016596790603080788,8.8053661974730923e-05
2660,0,0.046875,9.4352872596715232e-06,-7.0077620583715953e-05,-1.190413142710581e-05,-2.646041991417041e-06
2661,0,0.078125,1.2357529954260143e-05,-5.9740266801419622e-05,-3.083106312910427e-05,-4.9403816164883107e-06
2662,0.015625,0.0625,0.00021031651164130698,-3.5337290656496258e-05,0.00018704600638092775,1.7477918005312228e-05
2663,0.953125,0,0.00038672166142630134,0.00050701078258328194,3.1609733484158468e-06,-3.8118380329467262e-06
2664,0.921875,0,0.00047704976419950441,0.00048577839519426671,-7.1038554801826814e-06,-1.9946854074809711e-05
2665,0.9375,0.015625,0.00056809237549662389,0.00063152280062725528,7.155420269357949e-05,0.00018341902594773993
2666,1,0.046875,0.00046143629832058895,0.00049113369693914684,7.4494333048184412e-06,-4.453894244589034e-06
2667,1,0.078125,0.00064785909098177125,0.00043056760192846256,1.0713240230805962e-05,-2.451143550922893e-05
2668,0.984375,0.0625,0.0006019666282212219,0.00060190865442735395,5.3417659708583517e-07,0.00019386517937640082
2669,1,0.953125,0.00046143629832207328,0.00049113369693819817,7.4494333021830278e-06,-4.4538942416569092e-06
2670,1,0.921875,0.00064785909098303087,0.00043056760192714628,1.0713240228625479e-05,-2.4511435505763691e-05
2671,0.984375,0.9375,0.00060196662822245507,0.00060190865442604803,5.3417659510609905e-07,0.00019386517937991171
2672,0.953125,1,0.00038672166142784319,0.00050701078258234475,3.1609733459744984e-06,-3.8118380298116057e-06
2673,0.921875,1,0.0004770497642009277,0.00048577839519295369,-7.1038554817781637e-06,-1.9946854070853389e-05
2674,0.9375,0.984375,0.00056809237549795475,0.00063152280062594892,7.1554202691970426e-05,0.00018341902595152946
2675,0,0.953125,9.4352872616206968e-06,-7.0077620582556209e-05,-1.190413142428386e-05,-2.6460419868351967e-06
2676,0,0.921875,1.2357529956459962e-05,-5.9740266800656641e-05,-3.083106312540443e-05,-4.9403816124619429e-06
2677,0.015625,0.9375,0.00021031651164351038,-3.5337290655803107e-05,0.0001870460063847638,1.7477918009194285e-05
2678,0.046875,1,3.0848264596421291e-05,-6.3045186907130645e-05,-1.0736246997447477e-05,-5.5664023054040161e-06
2679,0.078125,1,5.6133918417395614e-05,-2.0373752144089961e-05,-2.4288574173303092e-05,-1.875686104424625e-05
2680,0.0625,0.984375,0.00021899517407228907,5.21786599811125e-05,0.00016596790603516217,8.8053661978580085e-05
2681,0.5,0.453125,-0.64164648432081239,-0.74054915371711016,-0.64293871018894833,-0.74437101217113355
2682,0.5,0.421875,-0.621589171019026,-0.71742295613007911,-0.62282660330818584,-0.7210863048739552
2683,0.484375,0.4375,-0.71747765385696949,-0.64462540449818206,-0.71930446784967983,-0.64805321575474595
2684,0.515625,0.4375,-0.53588970948061665,-0.80193409792466797,-0.53653750738369843,-0.80591485554388365
2685,0.453125,0.5,-0.86815769758942596,-0.4543722257337906,-0.87096646059005511,-0.4570298809971286
2686,0.421875,0.5,-0.92374341734297161,-0.21859688141373482,-0.92704782843872291,-0.22013895336646833
2687,0.4375,0.484375,-0.90362727814613264,-0.33731822708133824,-0.9067309356946982,-0.33942764182396418
2688,0.4375,0.515625,-0.90362727814613342,-0.33731822708133796,-0.90673093569469831,-0.33942764182396479
2689,0.546875,0.5,-0.32621197604131968,-0.92388432371374918,-0.32548763323023938,-0.92817773220216937
2690,0.578125,0.5,-0.085100977413640658,-0.94524644860501661,-0.082961616732513371,-0.94920524348056923
2691,0.5625,0.484375,-0.2053736791505261,-0.9422813203861431,-0.20393521179070831,-0.94645576735175707
2692,0.5625,0.515625,-0.20537367915052696,-0.9422813203861431,-0.20393521179071017,-0.94645576735176196
2693,0.5,0.546875,-0.64164648432081395,-0.74054915371710872,-0.64293871018895066,-0.74437101217113444
2694,0.5,0.578125,-0.62158917101902889,-0.71742295613007723,-0.62282660330819106,-0.72108630487395886
2695,0.515625,0.5625,-0.5358897094806192,-0.8019340979246663,-0.53653750738370254,-0.80591485554388531
2696,0.484375,0.5625,-0.7174776538569716,-0.64462540449818062,-0.71930446784968238,-0.6480532157547465
2697,0.453125,0,-0.00047184663403611489,-0.00075125222816996295,0.00031821383171023039,0.0001592913644317528
2698,0.421875,0,-0.00064208022500274143,-0.00054563840815741323,0.00033653891099682431,7.4026530736253122e-05
2699,0.4375,0.015625,-0.0040391611420615659,-0.001890400478589826,-0.0031292016267929997,-0.0011772363215353694
2700,0.546875,0,0.00032075309421241658,-0.0010016476909907453,0.00012683404257914769,0.00033137658026697881
2701,0.578125,0,0.00059416036197159976,-0.00093187239612445923,4.0521143265920713e-05,0.00034035729705028515
2702,0.5625,0.015625,-0.00039788055479575375,-0.0045908794300219052,-0.00069544795219356268,-0.0032721985793682101
2703,0.5,0.046875,-0.02111809128677072,-0.024991912184014923,-0.020714718983506762,-0.023992458433808983
2704,0.5,0.078125,-0.054500883815255793,-0.063430862105051819,-0.054160947877199619,-0.06271387589292568
2705,0.484375,0.0625,-0.041067469210361668,-0.037363671250064352,-0.040589390294369823,-0.036576046807712898
2706,0.515625,0.0625,-0.030543636874312875,-0.046421053270721734,-0.030274011076603047,-0.045484836300886705
2707,0,0.453125,0.00016185216285632877,6.713513672412917e-05,-0.00036314544715037824,-4.6233366325683996e-05
2708,0,0.421875,0.00015416398428581493,6.4449824025001397e-05,-0.00035182974330250132,-4.4796727996568616e-05
2709,0.015625,0.4375,0.0037645010259848379,0.0005956823578174812,0.0033199967284354313,0.00033056178874685141
2710,0,0.546875,0.00016185216285667707,6.7135136723781033e-05,-0.00036314544714973683,-4.6233366325560099e-05
2711,0,0.578125,0.00015416398428641734,6.44498240244608e-05,-0.00035182974330140627,-4.4796727996332612e-05
2712,0.015625,0.5625,0.0037645010259852465,0.00059568235781697109,0.0033199967284363004,0.0003305617887469182
2713,0.046875,0.5,0.029657846569110968,0.012024448714795655,0.029575263299306761,0.011379527635201671
2714,0.078125,0.5,0.066993924435659255,0.048905907837492747,0.067406807381727385,0.048180281591063731
2715,0.0625,0.484375,0.047929482511610139,0.02664165505320823,0.048089194193622037,0.025919457539394081
2716,0.0625,0.515625,0.047929482511610146,0.026641655053208022,0.048089194193621947,0.025919457539393863
2717,1,0.453125,0.0022729445036505343,-0.00064672300994624216,4.2326983824963514e-05,-0.000378730740468588
2718,1,0.421875,0.0022329184180005556,-0.00060327158530802444,4.1488923001372618e-05,-0.00036652002803442754
2719,0.984375,0.4375,0.002116709828421453,0.0027332586905475138,-0.00012338158405943083,0.0033159274624030414
2720,1,0.546875,0.0022729445036502511,-0.00064672300994673081,4.2326983824539984e-05,-0.00037873074046767592
2721,1,0.578125,0.0022329184180001063,-0.00060327158530883119,4.1488923000733651e-05,-0.00036652002803294061
2722,0.984375,0.5625,0.0021167098284210007,0.0027332586905469114,-0.00012338158405982428,0.0033159274624042809
2723,0.953125,0.5,0.0092898714534467852,0.029413544330360124,0.0069821464538048477,0.030889967320170495
2724,0.921875,0.5,0.039851351015044841,0.071246410253638731,0.037879017259815191,0.073665989761234146
2725,0.9375,0.484375,0.020856044798596443,0.049375326171240241,0.018669851976509937,0.051318622201096752
2726,0.9375,0.515625,0.020856044798596245,0.049375326171240116,0.018669851976509999,0.051318622201097265
2727,0.546875,1,0.00032075309421388665,-0.0010016476909967423,0.00012683404259298991,0.0003313765802627024
2728,0.578125,1,0.00059416036197302983,-0.0009318723961301231,4.0521143279021752e-05,0.00034035729704766908
2729,0.5625,0.984375,-0.00039788055479504593,-0.0045908794300278805,-0.00069544795218054543,-0.0032721985793733393
2730,0.453125,1,-0.00047184663403436239,-0.00075125222817616221,0.00031821383172489254,0.00015929136442443555
2731,0.421875,1,-0.00064208022500081806,-0.00054563840816337634,0.00033653891101127802,7.4026530728861465e-05
2732,0.4375,0.984375,-0.0040391611420605095,-0.0018904004785961243,-0.0031292016267794025,-0.0011772363215446034
2733,0.5,0.953125,-0.021118091286771553,-0.024991912184021418,-0.020714718983495316,-0.023992458433820644
2734,0.5,0.921875,-0.054500883815258222,-0.063430862105058064,-0.054160947877191001,-0.062713875892940751
2735,0.515625,0.9375,-0.030543636874314571,-0.046421053270728062,-0.030274011076592725,-0.045484836300899251
2736,0.484375,0.9375,-0.041067469210363243,-0.037363671250070798,-0.040589390294359977,-0.036576046807726838
2737,0.25,0.203125,-0.098152832632285122,0.2141719652804083,-0.097990145403117138,0.21469079795048929
2738,0.25,0.171875,-0.075956144315626195,0.16570165988167387,-0.07575887664153895,0.16598294366808128
2739,0.234375,0.1875,-0.057414963215587325,0.18238166696240563,-0.057140252553037583,0.1827272135711967
2740,0.265625,0.1875,-0.11896728264921828,0.1920646350471481,-0.11889419636025277,0.19250034105478783
2741,0.203125,0.25,-0.01302992827007508,0.23514996090944154,-0.012456615858848231,0.23566619851983578
2742,0.171875,0.25,0.03510806781647717,0.17870814080334474,0.035808653240269495,0.17890430179614425
2743,0.1875,0.234375,0.013233224210970496,0.19065299772348759,0.013840251579951758,0.19095085327480948
2744,0.1875,0.265625,0.01565100128795241,0.22524472898695821,0.016356450365204497,0.22566323889279447
2745,0.296875,0.25,-0.2819800020481516,0.27160255732506827,-0.28252912762288701,0.27250723902809748
2746,0.328125,0.25,-0.37960649902553534,0.21578465356010643,-0.38058537037986406,0.21649514834021177
2747,0.3125,0.265625,-0.35951050359323528,0.26867996044844505,-0.3604007191805858,0.26960721575704405
2748,0.3125,0.234375,-0.30431326088682914,0.22740674729438898,-0.30496271498987376,0.22813506213327961
2749,0.25,0.296875,-0.16303811156711756,0.35590694588996041,-0.16298669116170092,0.35709654842098215
2750,0.25,0.328125,-0.18181918672627945,0.39694681036199736,-0.18180377441988238,0.39832453644463733
2751,0.265625,0.3125,-0.23624531817205141,0.38157963899774139,-0.23651102402287671,0.38293485001360172
2752,0.234375,0.3125,-0.11396757854216796,0.36232758497119705,-0.11366600353874223,0.36349330253639411
2753,0.75,0.203125,0.22575633291545735,-0.067306814757879474,0.22665717113464029,-0.065731189763817977
2754,0.75,0.171875,0.17482368731510237,-0.052152120891181777,0.17523694985447535,-0.050819609877795817
2755,0.765625,0.1875,0.18862648784079086,-0.031538901443675618,0.18909399290232135,-0.029965306448613768
2756,0.734375,0.1875,0.2069266146554527,-0.090946906508967959,0.20774461443789374,-0.089638832837928756
2757,0.796875,0.25,0.23426864909865122,0.019510227009035905,0.23496648008246987,0.021936926268275914
2758,0.828125,0.25,0.17180811995493089,0.058963741937572228,0.17179207561671883,0.061430349781555496
2759,0.8125,0.234375,0.18669670685949064,0.039156236160687155,0.18690507259544328,0.041450020271726139
2760,0.8125,0.265625,0.2204050091910314,0.046329506898992193,0.22087938689020589,0.048986130686385229
2761,0.703125,0.25,0.30849756873050344,-0.24085506013820224,0.31069580551344878,-0.23989461045004537
2762,0.671875,0.25,0.26727459984815638,-0.34527229702997025,0.26954376101880861,-0.34505254345905367
2763,0.6875,0.265625,0.31660991422848667,-0.31790970965428983,0.31915260942770091,-0.31735827792422533
2764,0.6875,0.234375,0.26807814030744448,-0.26917634782629229,0.27006079995226401,-0.26854239857144252
2765,0.75,0.296875,0.37464430280642336,-0.11151175770939033,0.37699223391912889,-0.10932598481781798
2766,0.75,0.328125,0.41774200639950088,-0.12428894120251037,0.42051563036986028,-0.1219467841887331
2767,0.734375,0.3125,0.41037700420825596,-0.18017665231933541,0.41324835691334966,-0.17830798627900163
2768,0.765625,0.3125,0.37394720558024147,-0.062204055581936389,0.37614617725822441,-0.059602174585451674
2769,0.796875,0.75,0.23426864909864767,0.019510227009035683,0.23496648008247631,0.021936926268277295
2770,0.828125,0.75,0.17180811995492778,0.058963741937571652,0.17179207561672494,0.061430349781558161
2771,0.8125,0.765625,0.18669670685948736,0.039156236160686524,0.18690507259545011,0.04145002027172829
2772,0.8125,0.734375,0.22040500919102815,0.046329506898992033,0.22087938689021142,0.048986130686387068
2773,0.75,0.796875,0.22575633291545294,-0.06730681475788021,0.22665717113464834,-0.065731189763819017
2774,0.75,0.828125,0.17482368731509856,-0.052152120891183339,0.17523694985448271,-0.050819609877796205
2775,0.765625,0.8125,0.18862648784078703,-0.031538901443676846,0.18909399290232842,-0.029965306448613588
2776,0.734375,0.8125,0.20692661465544826,-0.090946906508969055,0.20774461443790188,-0.089638832837930671
2777,0.75,0.703125,0.37464430280641886,-0.11151175770938905,0.376992233919136,-0.10932598481781844
2778,0.75,0.671875,0.41774200639949666,-0.12428894120250865,0.42051563036986522,-0.12194678418873327
2779,0.734375,0.6875,0.41037700420825129,-0.18017665231933361,0.41324835691335454,-0.17830798627900152
2780,0.765625,0.6875,0.37394720558023758,-0.062204055581935189,0.37614617725823113,-0.059602174585451508
2781,0.703125,0.75,0.30849756873049816,-0.24085506013820154,0.31069580551345344,-0.23989461045004737
2782,0.671875,0.75,0.26727459984815,-0.3452722970299687,0.26954376101881322,-0.3450525434590585
2783,0.6875,0.734375,0.31660991422848056,-0.31790970965428794,0.31915260942770485,-0.31735827792422749
2784,0.6875,0.765625,0.26807814030743871,-0.26917634782629163,0.27006079995226945,-0.26854239857144685
2785,0.203125,0.75,-0.01302992827007636,0.2351499609094384,-0.012456615858848143,0.23566619851982706
2786,0.171875,0.75,0.035108067816476754,0.17870814080334169,0.035808653240271111,0.17890430179613717
2787,0.1875,0.765625,0.01323322421096987,0.19065299772348432,0.013840251579953331,0.19095085327480119
2788,0.1875,0.734375,0.015651001287951445,0.22524472898695541,0.016356450365204743,0.22566323889278719
2789,0.25,0.796875,-0.098152832632287079,0.21417196528040422,-0.097990145403117027,0.21469079795047602
2790,0.25,0.828125,-0.075956144315627416,0.16570165988166954,-0.075758876641536965,0.16598294366806918
2791,0.234375,0.8125,-0.057414963215588477,0.18238166696240152,-0.057140252553035759,0.18272721357118521
2792,0.265625,0.8125,-0.11896728264922046,0.19206463504714391,-0.11889419636025227,0.19250034105477362
2793,0.25,0.703125,-0.16303811156712078,0.35590694588995847,-0.16298669116170622,0.35709654842097072
2794,0.25,0.671875,-0.18181918672628231,0.39694681036199581,-0.18180377441988838,0.39832453644462773
2795,0.265625,0.6875,-0.23624531817205496,0.38157963899773983,-0.2365110240228846,0.38293485001359079
2796,0.234375,0.6875,-0.11396757854217054,0.36232758497119516,-0.11366600353874647,0.36349330253638379
2797,0.296875,0.75,-0.28198000204815604,0.27160255732506527,-0.28252912762289323,0.27250723902808099
2798,0.328125,0.75,-0.37960649902554072,0.21578465356010332,-0.38058537037987172,0.21649514834019332
2799,0.3125,0.734375,-0.35951050359324033,0.26867996044844239,-0.36040071918059363,0.26960721575702651
2800,0.3125,0.765625,-0.3043132608868338,0.22740674729438556,-0.30496271498988031,0.22813506213326254
2801,0.203125,0,-0.00012645370513739897,0.00033880507553776774,6.8808612148555496e-06,-0.00015142147117614489
2802,0.171875,0,-1.7130377160127464e-05,0.00025789869498622173,-2.3547204230191844e-05,-0.00011511514368743982
2803,0.1875,0.015625,5.1530323989662413e-05,0.0017042430482079049,9.2036248693168866e-05,0.0012774708788919488
2804,0.296875,0,-0.00057846782076283112,0.00026689071903741911,0.00017915303877539469,-0.00017663780416479191
2805,0.328125,0,-0.00069352540325544711,0.00011574258097133733,0.00024240896743534708,-0.00014172089296123725
2806,0.3125,0.015625,-0.0028562004367941088,0.0019131759951170509,-0.0020422811412407998,0.0015248124495438197
2807,0.25,0.046875,-0.0077431871920894428,0.016701198983952763,-0.0074033487349905959,0.016218187245871662
2808,0.25,0.078125,-0.019649937811997475,0.042742808854647658,-0.019352241773031513,0.042398270780375044
2809,0.234375,0.0625,-0.0086657325389278301,0.027329670469189136,-0.0084172513654525143,0.026915333082451049
2810,0.265625,0.0625,-0.017903111251476402,0.028767317838885424,-0.017513717136525161,0.028354766621509424
2811,0,0.203125,5.2313619599372255e-05,3.8246915117550988e-06,-0.00015525948510060762,-2.012143362835248e-05
2812,0,0.171875,3.9509802710891196e-05,-1.1675195037103803e-05,-0.00012009397448101504,-1.579027272160375e-05
2813,0.015625,0.1875,0.0014257032421572922,0.00020173616412779232,0.0012715803052403564,0.00012618887204643455
2814,0,0.296875,9.8386082662774727e-05,3.9700437784194078e-05,-0.00025795874063007612,-3.2933480808646713e-05
2815,0,0.328125,0.00011452000669827251,4.8125897349723144e-05,-0.00028765149204656841,-3.6673670168051912e-05
2816,0.015625,0.3125,0.0028544950939860241,0.00044980932671617762,0.0025300058136678814,0.00025185359150979282
2817,0.046875,0.25,0.016664836984037226,0.0067616828267610882,0.016633995341522965,0.0064002120597876529
2818,0.078125,0.25,0.037671280495547792,0.027526018260335777,0.037912062350961673,0.027098689399994765
2819,0.0625,0.234375,0.024727416591920095,0.013757070607965584,0.024820352383149683,0.013377975656506216
2820,0.0625,0.265625,0.029222163123755369,0.016258771833095209,0.02933250441928183,0.015810035690564446
2821,0.796875,0,0.0009238029390220791,0.00032848007735329654,-0.00014187782305939527,-8.8616102143550813e-06
2822,0.828125,0,0.00079974013130245812,0.00040862915163388907,-0.00010196820403309878,-3.3934486092852274e-05
2823,0.8125,0.015625,0.0022630784696790729,0.00056965672429021774,0.0012596414923163859,0.00028125925959555145
2824,0.703125,0,0.0011452516979906333,-0.0001669213166791823,-0.00018835896153258976,0.00015730783741302846
2825,0.671875,0,0.0011106263331142983,-0.00038786697984863257,-0.00016148899239641423,0.00022363754960902
2826,0.6875,0.015625,0.0030744776021721688,-0.0023568838569432418,0.0018178056653266128,-0.0017956030036533476
2827,0.75,0.046875,0.01821674655730798,-0.0052512506518205739,0.017131698966243329,-0.0049650655578507112
2828,0.75,0.078125,0.045587412645874729,-0.013526110886910516,0.044769774165956275,-0.012982067457158143
2829,0.765625,0.0625,0.028826857513772581,-0.0047550394969569859,0.027861914147034327,-0.0044139080566559267
2830,0.734375,0.0625,0.031561473442747484,-0.013693276490761627,0.030609073384838446,-0.013204266601739215
2831,1,0.203125,0.0014131271659923962,7.3905819955727845e-05,2.4993958286508488e-05,-0.00015613504931084299
2832,1,0.171875,0.0012306669190160402,0.00017895167586476821,2.1485302366245958e-05,-0.00011884061271960507
2833,0.984375,0.1875,0.0013126957873033601,0.0013591946726915743,-3.9439500263270499e-05,0.0012751976541388336
2834,1,0.296875,0.0018745545471209452,-0.00026115551421914253,3.4127451691335743e-05,-0.00026564137077863636
2835,1,0.328125,0.0019933756856150451,-0.00036577156762511719,3.6540997456280697e-05,-0.00029746981109412244
2836,0.984375,0.3125,0.0018497247859046231,0.0022200630711709545,-9.033694968483805e-05,0.0025292945837643256
2837,0.953125,0.25,0.005683884293304008,0.016696546478571356,0.0039341751518227079,0.017376108065050265
2838,0.921875,0.25,0.022917196443619701,0.040146604545528312,0.021312454632306615,0.041433798526170032
2839,0.9375,0.234375,0.011284146648633581,0.025610084379121312,0.0096442522069258071,0.02648933407934783
2840,0.9375,0.265625,0.01316098015153013,0.030218050185071718,0.011394798120417897,0.0313041481357553
2841,1,0.796875,0.0014131271659924855,7.3905819953633709e-05,2.4993958285586398e-05,-0.00015613504930662506
2842,1,0.828125,0.0012306669190164242,0.0001789516758627492,2.1485302365126116e-05,-0.00011884061271537263
2843,0.984375,0.8125,0.0013126957873033323,0.0013591946726894894,-3.9439500263735784e-05,0.0012751976541431737
2844,1,0.703125,0.0018745545471204018,-0.00026115551422100248,3.412745169061792e-05,-0.00026564137077506809
2845,1,0.671875,0.0019933756856144176,-0.00036577156762675715,3.654099745553131e-05,-0.00029746981109105681
2846,0.984375,0.6875,0.0018497247859038043,0.0022200630711692814,-9.033694968514553e-05,0.0025292945837677577
2847,0.953125,0.75,0.0056838842933029212,0.016696546478569503,0.0039341751518235865,0.017376108065054425
2848,0.921875,0.75,0.022917196443618094,0.040146604545526696,0.021312454632308676,0.041433798526174084
2849,0.9375,0.765625,0.011284146648632332,0.025610084379119491,0.0096442522069273284,0.026489334079352118
2850,0.9375,0.734375,0.013160980151528695,0.030218050185070056,0.011394798120419299,0.031304148135759283
2851,0.796875,1,0.00092380293902320353,0.0003284800773505624,-0.00014187782305586624,-8.8616102088149742e-06
2852,0.828125,1,0.00079974013130361919,0.0004086291516315228,-0.00010196820403105701,-3.3934486087326244e-05
2853,0.8125,0.984375,0.0022630784696798761,0.00056965672428754626,0.0012596414923198289,0.00028125925960077334
2854,0.703125,1,0.0011452516979918556,-0.00016692131668312598,-0.00018835896152453411,0.00015730783741660422
2855,0.671875,1,0.0011106263331155859,-0.0003878669798529992,-0.00016148899238690136,0.00022363754961127205
2856,0.6875,0.984375,0.00307447760217289,-0.0023568838569475166,0.0018178056653357286,-0.001795603003651458
2857,0.75,0.953125,0.018216746557307737,-0.0052512506518240555,0.017131698966250553,-0.0049650655578478775
2858,0.75,0.921875,0.045587412645873487,-0.013526110886913804,0.044769774165964019,-0.012982067457156556
2859,0.765625,0.9375,0.028826857513771929,-0.0047550394969602273,0.027861914147041221,-0.0044139080566530809
2860,0.734375,0.9375,0.031561473442746693,-0.013693276490765231,0.030609073384846575,-0.013204266601737765
2861,0,0.796875,5.2313619601651147e-05,3.8246915111950888e-06,-0.00015525948509588459,-2.0121433626771703e-05
2862,0,0.828125,3.9509802713279626e-05,-1.1675195037398933e-05,-0.0001200939744761899,-1.5790272719470975e-05
2863,0.015625,0.8125,0.0014257032421595734,0.00020173616412705935,0.0012715803052453876,0.00012618887204765626
2864,0,0.703125,9.8386082664412739e-05,3.9700437783259713e-05,-0.00025795874062660282,-3.2933480808054745e-05
2865,0,0.671875,0.00011452000669965238,4.8125897348825011e-05,-0.00028765149204363358,-3.667367016757613e-05
2866,0.015625,0.6875,0.0028544950939874123,0.00044980932671506143,0.0025300058136711427,0.00025185359150989696
2867,0.046875,0.75,0.016664836984038846,0.0067616828267595018,0.016633995341527392,0.0064002120597868488
2868,0.078125,0.75,0.037671280495549117,0.02752601826033373,0.037912062350966058,0.027098689399992659
2869,0.0625,0.765625,0.024727416591921712,0.01375707060796378,0.024820352383154363,0.013377975656504788
2870,0.0625,0.734375,0.029222163123756691,0.016258771833093367,0.029332504419285987,0.015810035690562982
2871,0.203125,1,-0.00012645370513418003,0.0003388050755361037,6.8808612245903222e-06,-0.00015142147117605894
2872,0.171875,1,-1.713037715696651e-05,0.00025789869498520681,-2.3547204221583671e-05,-0.00011511514368613763
2873,0.1875,0.984375,5.1530323992689661e-05,0.0017042430482061811,9.2036248702387146e-05,0.0012774708788915155
2874,0.296875,1,-0.00057846782075995191,0.00026689071903365888,0.00017915303878786025,-0.00017663780416866739
2875,0.328125,1,-0.00069352540325278529,0.00011574258096689866,0.00024240896744849818,-0.00014172089296634528
2876,0.3125,0.984375,-0.0028562004367918593,0.0019131759951126223,-0.002042281141228655,0.0015248124495377269
2877,0.25,0.953125,-0.0077431871920874322,0.016701198983949072,-0.0074033487349806828,0.01621818724586575
2878,0.25,0.921875,-0.019649937811996279,0.042742808854643502,-0.019352241773023166,0.042398270780366801
2879,0.234375,0.9375,-0.0086657325389260034,0.0273296704691855,-0.008417251365443414,0.026915333082444853
2880,0.265625,0.9375,-0.017903111251475035,0.028767317838881177,-0.017513717136515838,0.028354766621501368
2881,0.5,0.296875,-0.45541769499807733,-0.52580150869323838,-0.45619351854032386,-0.5281671591278968
2882,0.5,0.328125,-0.50793958596212774,-0.58637193858750902,-0.5088627089361043,-0.58914488888872274
2883,0.484375,0.3125,-0.54695190620228529,-0.49154751487931592,-0.54820336203205144,-0.49390274028918074
2884,0.515625,0.3125,-0.40850281871882571,-0.61148982440936939,-0.40891089910525352,-0.61421414479639047
2885,0.5,0.203125,-0.27400834407281832,-0.31656793222296764,-0.27426834541571266,-0.3175429860681781
2886,0.5,0.171875,-0.21196017847070348,-0.24499909084699298,-0.21204327468020734,-0.2455017453963092
2887,0.484375,0.1875,-0.27526648362384842,-0.24760253286953099,-0.27557973459532809,-0.24828644966197666
2888,0.515625,0.1875,-0.20554383341071406,-0.30800401237619979,-0.20555722577681423,-0.30876713619650764
2889,0.453125,0.25,-0.48863286305882403,-0.25590709458927557,-0.48987066915127891,-0.25705676081756068
2890,0.421875,0.25,-0.51994038332860282,-0.12317153758677234,-0.52141368943393795,-0.12381814467509064
2891,0.4375,0.265625,-0.55151172120650904,-0.20601246736112969,-0.55307924627632554,-0.20704301199849531
2892,0.4375,0.234375,-0.46681037443617296,-0.1744155668998783,-0.46800244443348782,-0.17519550415542148
2893,0.546875,0.25,-0.18351430454353199,-0.52026200664256661,-0.18306742019963085,-0.52205299624376722
2894,0.578125,0.25,-0.047769378864980991,-0.53231258521385294,-0.046659276975910165,-0.53388023475743707
2895,0.5625,0.265625,-0.12524655986343361,-0.57534774086726215,-0.12439290052418843,-0.57731405399211488
2896,0.5625,0.234375,-0.10597110270510204,-0.48706403386323033,-0.10525765763599826,-0.48851058673213343
2897,0.296875,0.5,-0.50087621067206745,0.48261749847051333,-0.50232140558866389,0.48450559150233447
2898,0.328125,0.5,-0.6743397988942621,0.38348218102584508,-0.67666080700354514,0.38491935574698427
2899,0.3125,0.484375,-0.58895470989287579,0.44029715999477315,-0.59084799201699156,0.44200145372760258
2900,0.3125,0.515625,-0.58895470989287568,0.4402971599947727,-0.59084799201699278,0.44200145372760069
2901,0.203125,0.5,-0.02303504845845036,0.41778702760688419,-0.022145599305375692,0.41900308247137685
2902,0.171875,0.5,0.062481974940028662,0.31749958371837933,0.063667581011669611,0.31808309809927027
2903,0.1875,0.484375,0.025740852072547275,0.36905285453457287,0.026816562116669926,0.36995756703240029
2904,0.1875,0.515625,0.025740852072547213,0.36905285453457259,0.02681656211666944,0.36995756703239974
2905,0.25,0.453125,-0.22962020771615596,0.50143052235034058,-0.22970483355466498,0.50327564034361472
2906,0.25,0.421875,-0.22245059098096787,0.48575637514873293,-0.22251943851291622,0.48753241217502608
2907,0.265625,0.4375,-0.30983532863312413,0.50055288352671301,-0.31032808154421798,0.5024536679561532
2908,0.234375,0.4375,-0.14943803416211407,0.47528828090145436,-0.14914166053979,0.47694402315236645
2909,0.25,0.546875,-0.2296202077161564,0.50143052235033958,-0.22970483355466798,0.50327564034361405
2910,0.25,0.578125,-0.22245059098096898,0.48575637514873177,-0.22251943851292022,0.4875324121750228
2911,0.265625,0.5625,-0.30983532863312518,0.50055288352671201,-0.31032808154422148,0.50245366795614954
2912,0.234375,0.5625,-0.14943803416211474,0.47528828090145336,-0.14914166053979364,0.47694402315236739
2913,0.703125,0.5,0.54755574171114496,-0.42733607395425932,0.55239338062382659,-0.42651188310260801
2914,0.671875,0.5,0.47440091917153232,-0.61284994132769766,0.47922836967112692,-0.61347751408732898
2915,0.6875,0.484375,0.51833638535607685,-0.5203808026569352,0.52321958748231734,-0.52027675375095483
2916,0.6875,0.515625,0.51833638535607607,-0.52038080265693454,0.52321958748231689,-0.52027675375095439
2917,0.796875,0.5,0.41543643823749499,0.035107235875652933,0.41774668090485456,0.039009594882518442
2918,0.828125,0.5,0.30440690055756298,0.10510530299935487,0.30542480138844003,0.10922545966868449
2919,0.8125,0.484375,0.36044179075506505,0.076251519943018084,0.3621040972142181,0.080314255561427406
2920,0.8125,0.515625,0.36044179075506483,0.076251519943018195,0.36210409721421866,0.080314255561427683
2921,0.75,0.453125,0.52743775405523008,-0.15678355965174609,0.5313095602172081,-0.15407408248512897
2922,0.75,0.421875,0.51098419311951504,-0.1519117848503268,0.5146899160259325,-0.14925486192760942
2923,0.734375,0.4375,0.53803809904809885,-0.23608772740974532,0.5422238304260415,-0.2339560503502349
2924,0.765625,0.4375,0.49021528716241236,-0.08135931567143978,0.49354105947931376,-0.078201073803636417
2925,0.75,0.546875,0.52743775405522919,-0.15678355965174529,0.53130956021720732,-0.15407408248512813
2926,0.75,0.578125,0.51098419311951349,-0.15191178485032539,0.51468991602593273,-0.14925486192760892
2927,0.734375,0.5625,0.53803809904809741,-0.23608772740974401,0.54222383042603983,-0.23395605035023351
2928,0.765625,0.5625,0.49021528716241125,-0.081359315671438878,0.49354105947931215,-0.078201073803635807
2929,0.5,0.703125,-0.45541769499808471,-0.52580150869323727,-0.45619351854033746,-0.52816715912791223
2930,0.5,0.671875,-0.50793958596213362,-0.58637193858750636,-0.50886270893611674,-0.58914488888873384
2931,0.515625,0.6875,-0.40850281871883243,-0.61148982440936706,-0.40891089910526551,-0.61421414479640235
2932,0.484375,0.6875,-0.54695190620229206,-0.49154751487931458,-0.54820336203206743,-0.49390274028919678
2933,0.5,0.796875,-0.27400834407282543,-0.31656793222297003,-0.27426834541571732,-0.31754298606819986
2934,0.5,0.828125,-0.2119601784707098,-0.24499909084699681,-0.21204327468020862,-0.24550174539633066
2935,0.515625,0.8125,-0.20554383341072086,-0.30800401237620262,-0.20555722577681598,-0.30876713619652801
2936,0.484375,0.8125,-0.27526648362385514,-0.24760253286953443,-0.2755797345953323,-0.24828644966199984
2937,0.546875,0.75,-0.18351430454353987,-0.52026200664256583,-0.18306742019963801,-0.52205299624378465
2938,0.578125,0.75,-0.047769378864988658,-0.53231258521385105,-0.046659276975913606,-0.53388023475744839
2939,0.5625,0.734375,-0.12524655986344138,-0.57534774086726004,-0.12439290052419469,-0.57731405399212821
2940,0.5625,0.765625,-0.10597110270510966,-0.48706403386322972,-0.10525765763600267,-0.48851058673215109
2941,0.453125,0.75,-0.48863286305883202,-0.25590709458927757,-0.48987066915129213,-0.25705676081758416
2942,0.421875,0.75,-0.51994038332861059,-0.1231715375867749,-0.52141368943394983,-0.12381814467511323
2943,0.4375,0.734375,-0.55151172120651737,-0.20601246736113155,-0.55307924627634053,-0.20704301199851799
2944,0.4375,0.765625,-0.4668103744361804,-0.17441556689988105,-0.46800244443349731,-0.17519550415544458
2945,0.125,0.078125,0.0085848345234716059,0.013464311790250481,0.0085964335099886924,0.013311584564636931
2946,0.125,0.046875,0.0033465508560326187,0.005239115475339293,0.0032883250481395717,0.0050913706998097497
2947,0.109375,0.0625,0.0053728371343161694,0.0064601517852484573,0.0053403453853156056,0.0063545568780587116
2948,0.140625,0.0625,0.0055514563721301173,0.011717101905556084,0.0055381172695818477,0.011521725451504896
2949,0.078125,0.125,0.012838064759322372,0.0093583024439478045,0.012890887282639303,0.0092135950989235323
2950,0.046875,0.125,0.0056733449450180216,0.0022659936755708267,0.0056557407048214341,0.0021754761552334285
2951,0.0625,0.109375,0.0073005388152896488,0.0040252341846065904,0.0073064296578366286,0.0039373851992988412
2952,0.0625,0.140625,0.011223476266487885,0.0062209529451171825,0.01125188313717416,0.0060642045792671361
2953,0.171875,0.125,0.0119511786455027,0.060981196150546202,0.01217566359857636,0.060832281302770318
2954,0.203125,0.125,-0.0044835820319795508,0.08024919030893049,-0.0042359633379273317,0.080133070915915927
2955,0.1875,0.140625,0.0059852584040593019,0.08664168107017424,0.0062740932452475112,0.086566120658764303
2956,0.1875,0.109375,0.003882785530199257,0.056401549676258961,0.0040740684657250541,0.056212652256077113
2957,0.125,0.171875,0.033334783121037208,0.052312597626087164,0.033654047936297851,0.05211563688016304
2958,0.125,0.203125,0.043097155671843586,0.067622777923255981,0.043529997308620533,0.06740921654949443
2959,0.140625,0.1875,0.037173365211327143,0.078366090278049583,0.037598507398906272,0.078225022594068327
2960,0.109375,0.1875,0.035945025178063757,0.043400339355088184,0.036255982290429367,0.0431473931721282
2961,0.875,0.078125,0.012804444876609542,0.01033127351948593,0.011930650917923533,0.010439935770626796
2962,0.875,0.046875,0.0053683632936349802,0.0041778393343405969,0.0045692789945354006,0.0039958184064483905
2963,0.890625,0.0625,0.0063344277562532485,0.0062956511572181111,0.0055212879988270295,0.0062087772029769291
2964,0.859375,0.0625,0.011466445491358605,0.0071528899929732322,0.0106040234746378,0.0071549527658713334
2965,0.921875,0.125,0.0083314266268238301,0.013821619029766032,0.0072547017299102777,0.014090537903357604
2966,0.953125,0.125,0.0024141258692095048,0.0059076034417875518,0.0013450797427065279,0.0059115748122874493
2967,0.9375,0.109375,0.0038405408564013829,0.0077612725745132751,0.00284685012676435,0.00780086338560487
2968,0.9375,0.140625,0.0055490072304506532,0.011770945619472912,0.0043786613692220859,0.012010790324117105
2969,0.828125,0.125,0.05914700525234208,0.020035583133678855,0.058422085613956592,0.020886861569892716
2970,0.796875,0.125,0.080442700726102281,0.0065242381497075041,0.079902888557529195,0.0074572837877210935
2971,0.8125,0.140625,0.085271129781446159,0.017688820010669744,0.084738695425875324,0.018789569881313063
2972,0.8125,0.109375,0.05575520967476371,0.011498388107151739,0.055029849914374804,0.012201082425740429
2973,0.875,0.171875,0.047675310852696641,0.039699441619819177,0.046676493920458861,0.040864775298940628
2974,0.875,0.203125,0.061374698163008633,0.051320404187746992,0.060369950898484494,0.05285667597068177
2975,0.859375,0.1875,0.072755574155223837,0.047069367495296305,0.071931960308037446,0.048562738200107612
2976,0.890625,0.1875,0.038584397409085071,0.04095298798806301,0.037426776938521616,0.042133635962979282
2977,0.921875,0.875,0.0083314266268235265,0.013821619029763945,0.007254701729911669,0.014090537903362206
2978,0.953125,0.875,0.0024141258692096626,0.005907603441785556,0.0013450797427066214,0.0059115748122919283
2979,0.9375,0.890625,0.0038405408564015208,0.0077612725745112724,0.0028468501267648271,0.007800863385609382
2980,0.9375,0.859375,0.0055490072304503748,0.011770945619470844,0.0043786613692230148,0.012010790324121653
2981,0.875,0.921875,0.012804444876609413,0.010331273519483647,0.011930650917926076,0.010439935770631461
2982,0.875,0.953125,0.0053683632936354442,0.0041778393343383973,0.0045692789945370738,0.0039958184064532217
2983,0.890625,0.9375,0.0063344277562535599,0.0062956511572159713,0.0055212879988284762,0.0062087772029816536
2984,0.859375,0.9375,0.011466445491358637,0.0071528899929708513,0.010604023474640656,0.0071549527658760718
2985,0.875,0.828125,0.047675310852695003,0.039699441619817338,0.046676493920462844,0.040864775298944667
2986,0.875,0.796875,0.061374698163006662,0.051320404187745465,0.060369950898488303,0.05285667597068533
2987,0.859375,0.8125,0.072755574155221797,0.047069367495294709,0.071931960308042039,0.048562738200111144
2988,0.890625,0.8125,0.038584397409083489,0.040952987988061233,0.037426776938524781,0.04213363596298321
2989,0.828125,0.875,0.059147005252340443,0.020035583133676572,0.058422085613962088,0.02088686156989612
2990,0.796875,0.875,0.080442700726100172,0.0065242381497051223,0.079902888557536259,0.0074572837877235733
2991,0.8125,0.859375,0.085271129781443966,0.01768882001066761,0.084738695425881874,0.018789569881315821
2992,0.8125,0.890625,0.055755209674762184,0.011498388107149246,0.055029849914381035,0.012201082425743715
2993,0.078125,0.875,0.012838064759324754,0.0093583024439464358,0.012890887282645648,0.0092135950989232496
2994,0.046875,0.875,0.0056733449450204589,0.0022659936755700925,0.0056557407048271014,0.0021754761552346021
2995,0.0625,0.890625,0.0073005388152921208,0.0040252341846057291,0.0073064296578426282,0.0039373851992997493
2996,0.0625,0.859375,0.011223476266490236,0.0062209529451159639,0.01125188313718015,0.0060642045792672142
2997,0.125,0.921875,0.0085848345234741299,0.013464311790248779,0.0085964335099960668,0.013311584564635836
2998,0.125,0.953125,0.0033465508560353509,0.0052391154753381568,0.0032883250481469152,0.0050913706998101538
2999,0.109375,0.9375,0.0053728371343188053,0.006460151785247341,0.0053403453853225532,0.0063545568780590516
3000,0.140625,0.9375,0.0055514563721327263,0.011717101905554337,0.0055381172695896297,0.011521725451503748
3001,0.125,0.828125,0.033334783121038769,0.052312597626084582,0.033654047936303756,0.052115636880159251
3002,0.125,0.796875,0.043097155671844758,0.067622777923253344,0.043529997308625619,0.067409216549490433
3003,0.140625,0.8125,0.037173365211328267,0.078366090278046724,0.037598507398911588,0.078225022594063665
3004,0.109375,0.8125,0.035945025178065346,0.04340033935508579,0.036255982290435085,0.043147393172125167
3005,0.171875,0.875,0.011951178645504202,0.060981196150543003,0.01217566359858323,0.060832281302764551
3006,0.203125,0.875,-0.0044835820319785993,0.080249190308926771,-0.0042359633379208629,0.080133070915907753
3007,0.1875,0.859375,0.0059852584040602525,0.086641681070170673,0.0062740932452535394,0.086566120658756907
3008,0.1875,0.890625,0.0038827855302007879,0.056401549676255623,0.0040740684657322966,0.056212652256070639
3009,0.421875,0.375,-0.81197558305693596,-0.19219434163732255,-0.81477767454122696,-0.19347974034097334
3010,0.453125,0.375,-0.76310933801968761,-0.39944995037268916,-0.76548794685042676,-0.40168211012657795
3011,0.4375,0.390625,-0.82088446826133976,-0.30647044664941575,-0.82363042540403908,-0.30832023116537205
3012,0.4375,0.359375,-0.76793162850827301,-0.28672633573643869,-0.77044766421783217,-0.288412034832635
3013,0.375,0.421875,-0.82597406429275866,0.11837223738814497,-0.82900424803021744,0.11852939025334241
3014,0.375,0.453125,-0.85261829642953146,0.12220103007269456,-0.85577404598465767,0.12235704249216353
3015,0.390625,0.4375,-0.87609387447102438,0.015279781404353382,-0.87932139007693566,0.014914805735473199
3016,0.359375,0.4375,-0.79061273476227756,0.21647643115766368,-0.7934955435927683,0.2171086795502962
3017,0.375,0.328125,-0.67499849122762889,0.096686258354429649,-0.67731495001900377,0.096840399829844576
3018,0.375,0.296875,-0.60522562011145464,0.086669357183846052,-0.60721068772308628,0.086816765989866276
3019,0.359375,0.3125,-0.60275071798010227,0.16497862532441054,-0.60474730634046681,0.16546428196488383
3020,0.390625,0.3125,-0.6679086409099757,0.011581696528081373,-0.67015764398255551,0.011365997830263867
3021,0.328125,0.375,-0.59276449211257165,0.33705696489713294,-0.59471402513221916,0.33830329017861571
3022,0.296875,0.375,-0.44029317077842628,0.42420360985412819,-0.44148806320249462,0.42582922708338128
3023,0.3125,0.359375,-0.50053722802917144,0.3741531685768415,-0.50204286073644311,0.37556746278233477
3024,0.3125,0.390625,-0.53504122476381644,0.39996358493908157,-0.53669791010261336,0.40149243952648644
3025,0.578125,0.375,-0.074766939799121288,-0.8309668268547471,-0.072913952092417078,-0.83425312553506437
3026,0.546875,0.375,-0.28671424923653505,-0.81218022792407785,-0.28606899937800812,-0.81577200852539755
3027,0.5625,0.390625,-0.18654400955711561,-0.85606697318432323,-0.18524447454148554,-0.85971560179414963
3028,0.5625,0.359375,-0.17449404661510709,-0.8008891097250096,-0.17328276160971856,-0.80420347700628292
3029,0.625,0.421875,0.23415262579658772,-0.80051847683887067,0.23783887354774572,-0.80294495223522044
3030,0.625,0.453125,0.24169189144548983,-0.82631578224626678,0.24551882574523159,-0.8288728522064559
3031,0.609375,0.4375,0.13937672202703735,-0.86477560350497262,0.14264692530709575,-0.86779738229616887
3032,0.640625,0.4375,0.32603515760227642,-0.75157244386435373,0.33020207969842147,-0.75347575612181239
3033,0.625,0.328125,0.19142947324815324,-0.65432713678132104,0.19432088396448829,-0.65602598128841716
3034,0.625,0.296875,0.17168390577398754,-0.58675613410597494,0.17420872519558239,-0.58812621457237191
3035,0.640625,0.3125,0.24867132945618947,-0.57315671081399944,0.25165885636181923,-0.57424965482777834
3036,0.609375,0.3125,0.10634707857009586,-0.65944598976081104,0.10871701610060427,-0.66137744728037173
3037,0.671875,0.375,0.4170762016227646,-0.53880864379998583,0.4211925994385417,-0.53918401996071152
3038,0.703125,0.375,0.48139521270650487,-0.37574229688208316,0.48549720191478518,-0.37486088477086138
3039,0.6875,0.359375,0.44060292312583677,-0.44237417695330833,0.44458040347569622,-0.44208037837082725
3040,0.6875,0.390625,0.47093810263211061,-0.47281762303804448,0.475268331377251,-0.47259553281837358
3041,0.625,0.578125,0.23415262579658375,-0.80051847683886779,0.23783887354774491,-0.80294495223522255
3042,0.625,0.546875,0.24169189144548781,-0.82631578224626634,0.2455188257452299,-0.82887285220645424
3043,0.609375,0.5625,0.13937672202703436,-0.86477560350497096,0.14264692530709408,-0.8677973822961691
3044,0.640625,0.5625,0.32603515760227331,-0.75157244386435129,0.33020207969842014,-0.75347575612181183
3045,0.578125,0.625,-0.0747669397991267,-0.8309668268547431,-0.07291395209242188,-0.83425312553505704
3046,0.546875,0.625,-0.28671424923653993,-0.8121802279240744,-0.2860689993780165,-0.81577200852540088
3047,0.5625,0.609375,-0.18654400955712014,-0.85606697318431979,-0.18524447454149176,-0.85971560179414941
3048,0.5625,0.640625,-0.17449404661511278,-0.80088910972500549,-0.17328276160972533,-0.80420347700628025
3049,0.671875,0.625,0.41707620162275877,-0.53880864379998128,0.42119259943854204,-0.53918401996070908
3050,0.703125,0.625,0.48139521270650037,-0.37574229688207994,0.48549720191478934,-0.37486088477086071
3051,0.6875,0.640625,0.44060292312583116,-0.44237417695330428,0.44458040347569849,-0.4420803783708262
3052,0.6875,0.609375,0.47093810263210595,-0.47281762303804059,0.47526833137725366,-0.47259553281837297
3053,0.625,0.671875,0.19142947324814616,-0.65432713678131582,0.19432088396448555,-0.65602598128841139
3054,0.625,0.703125,0.17168390577398016,-0.58675613410597038,0.17420872519557984,-0.58812621457236713
3055,0.640625,0.6875,0.24867132945618242,-0.57315671081399511,0.25165885636181795,-0.5742496548277739
3056,0.609375,0.6875,0.10634707857008853,-0.65944598976080571,0.1087170161006006,-0.6613774472803654
3057,0.375,0.578125,-0.82597406429276055,0.11837223738814491,-0.82900424803022299,0.11852939025333471
3058,0.375,0.546875,-0.85261829642953169,0.12220103007269432,-0.85577404598466544,0.12235704249215927
3059,0.390625,0.5625,-0.87609387447102571,0.01527978140435351,-0.87932139007694488,0.014914805735467275
3060,0.359375,0.5625,-0.79061273476227856,0.2164764311576633,-0.79349554359277708,0.21710867955029053
3061,0.421875,0.625,-0.81197558305693918,-0.19219434163732146,-0.81477767454124161,-0.1934797403409847
3062,0.453125,0.625,-0.76310933801969028,-0.39944995037268716,-0.76548794685043631,-0.40168211012658706
3063,0.4375,0.609375,-0.82088446826134198,-0.3064704466494142,-0.82363042540404818,-0.3083202311653801
3064,0.4375,0.640625,-0.76793162850827679,-0.28672633573643752,-0.77044766421784805,-0.28841203483264799
3065,0.328125,0.625,-0.59276449211257509,0.33705696489713188,-0.5947140251322327,0.33830329017860539
3066,0.296875,0.625,-0.44029317077842911,0.42420360985412692,-0.44148806320250278,0.42582922708337079
3067,0.3125,0.640625,-0.50053722802917511,0.37415316857684022,-0.50204286073645632,0.37556746278232395
3068,0.3125,0.609375,-0.53504122476381899,0.39996358493908046,-0.5366979101026218,0.40149243952647634
3069,0.375,0.671875,-0.67499849122763456,0.096686258354428609,-0.67731495001902109,0.096840399829829282
3070,0.375,0.703125,-0.60522562011146119,0.086669357183844289,-0.60721068772310494,0.08681676598984861
3071,0.359375,0.6875,-0.60275071798010815,0.16497862532440905,-0.60474730634048524,0.16546428196486823
3072,0.390625,0.6875,-0.66790864090998248,0.011581696528080158,-0.67015764398257505,0.011365997830246418
3073,0.375,0.078125,-0.072727299885645663,0.010273372087263513,-0.072094913777601771,0.010305858410098562
3074,0.375,0.046875,-0.028458689969907056,0.0038920376031357619,-0.027578220539422056,0.0039404120114842865
3075,0.390625,0.0625,-0.050396345732373504,0.00069403155859408593,-0.049622825889193714,0.00083899572175660266
3076,0.359375,0.0625,-0.045522562043978095,0.012313883080787708,-0.044780022458896791,0.012250185226865645
3077,0.421875,0.125,-0.17742309698055284,-0.042174344872057803,-0.17729499037386481,-0.042103734868399884
3078,0.453125,0.125,-0.16670163065328025,-0.08750457193067028,-0.16656890307849043,-0.08740912240145611
3079,0.4375,0.109375,-0.13806464146281067,-0.051768544163010806,-0.13777153017620836,-0.051577201472760008
3080,0.4375,0.140625,-0.2121192937753672,-0.079392655545853105,-0.21216514558582472,-0.079425575865787024
3081,0.328125,0.125,-0.12959436061081517,0.073595378257936467,-0.12941030412329119,0.073613837579138794
3082,0.296875,0.125,-0.096281994934359807,0.092667110634130606,-0.09606846265066328,0.092659856011162903
3083,0.3125,0.140625,-0.13833793319494561,0.10331993390302488,-0.13825319488786175,0.10342307949383532
3084,0.3125,0.109375,-0.090085040124774682,0.067242889489512042,-0.089776678197213064,0.067158777636692812
3085,0.375,0.171875,-0.28181263554095104,0.040274632996473457,-0.2822395676789759,0.040352398225499658
3086,0.375,0.203125,-0.36423401279369472,0.052093959181702412,-0.36506288983892943,0.052194402983731431
3087,0.359375,0.1875,-0.30343904217732331,0.082981495669493407,-0.30400554939578867,0.083177594485688289
3088,0.390625,0.1875,-0.33622331974813768,0.0057408293367524656,-0.33688697252918309,0.0057123365738491238
3089,0.625,0.078125,0.02107617978409445,-0.070729830885134556,0.02069122413720326,-0.069832421962767399
3090,0.625,0.046875,0.0086113194363085649,-0.027744051517511581,0.0079208877517896251,-0.026713793660209092
3091,0.609375,0.0625,0.0084994977663969719,-0.049990748236098462,0.0080577700184325633,-0.048976285673093464
3092,0.640625,0.0625,0.019282915767530568,-0.043448764490396197,0.018642838807858733,-0.042524216002091782
3093,0.578125,0.125,-0.016062361544402166,-0.18190835055264698,-0.015861605819040402,-0.18153807029503868
3094,0.546875,0.125,-0.062435824714687276,-0.17778669429401031,-0.062244976538022537,-0.17751634612956402
3095,0.5625,0.109375,-0.031106904671947655,-0.14434339346578659,-0.030982187930081617,-0.14381326642254719
3096,0.5625,0.140625,-0.047986384320289552,-0.22155637382727594,-0.04771502921173338,-0.22146600152627091
3097,0.671875,0.125,0.091581148718000022,-0.11806713682182431,0.091658333871340966,-0.11733109982630516
3098,0.703125,0.125,0.10568573551678996,-0.082417631321564988,0.10565173096658635,-0.081574178978742765
3099,0.6875,0.140625,0.12214890499654027,-0.12253323824249077,0.12243522604431786,-0.12174484977025851
3100,0.6875,0.109375,0.079728692168688192,-0.079846356920751232,0.07950811588058268,-0.079057564744619571
3101,0.625,0.171875,0.08016737917167252,-0.27345034568589072,0.080978159822118825,-0.27337256155415218
3102,0.625,0.203125,0.10348608330680822,-0.35331492310226009,0.10473917151609963,-0.35359212274411594
3103,0.640625,0.1875,0.12540764193601692,-0.28877665016363302,0.1265120796165578,-0.28867810935511445
3104,0.609375,0.1875,0.053726011391689123,-0.33220233006219002,0.054654911691004351,-0.33247691956276976
3105,0.078125,0.375,0.058872662755105422,0.042991120424083276,0.059243263259121354,0.042345434317317618
3106,0.046875,0.375,0.026057254480572674,0.010570558438091154,0.025993353979090011,0.010001415178083417
3107,0.0625,0.390625,0.043530177688482323,0.024203803833977112,0.043681725602738447,0.023543995822697256
3108,0.0625,0.359375,0.040715848962453366,0.022643096436816945,0.040861045704420083,0.022023735547241293
3109,0.125,0.421875,0.097849149353292572,0.15336749244249798,0.098851924217385673,0.15307693547504059
3110,0.125,0.453125,0.10101163748215414,0.15831448837623641,0.10204409500380766,0.15802001847521163
3111,0.109375,0.4375,0.093784519165190636,0.11311579375906647,0.094634889011210296,0.11262136411508772
3112,0.140625,0.4375,0.097006325083748346,0.20421941846115479,0.098139281916777052,0.20417865544018057
3113,0.125,0.328125,0.079935635130146995,0.12533490147519583,0.080763799536053338,0.12506725927850323
3114,0.125,0.296875,0.071660594622929369,0.11237884584454219,0.072404306013556519,0.11212237683130179
3115,0.140625,0.3125,0.07391730952948837,0.15569126022955057,0.074794377110315599,0.15561076005318811
3116,0.109375,0.3125,0.07146654770560304,0.086238475225983935,0.072123646361386004,0.085832182070622542
3117,0.171875,0.375,0.054897576605908049,0.27908340129484649,0.055956748422858409,0.2795616210489047
3118,0.203125,0.375,-0.020273423682321469,0.36723299203906362,-0.019464039278764063,0.36825963582648485
3119,0.1875,0.359375,0.021845284721143492,0.31363202810408408,0.022785533011161079,0.31435226583767967
3120,0.1875,0.390625,0.023364411104363717,0.33525884396881039,0.024358572136963422,0.33605150342811529
3121,0.078125,0.625,0.058872662755105776,0.042991120424081979,0.059243263259123116,0.042345434317316813
3122,0.046875,0.625,0.02605725448057333,0.010570558438090037,0.025993353979092044,0.010001415178083008
3123,0.0625,0.609375,0.04353017768848276,0.02420380383397602,0.043681725602739994,0.023543995822696704
3124,0.0625,0.640625,0.040715848962453977,0.022643096436815596,0.040861045704422283,0.022023735547240499
3125,0.125,0.578125,0.097849149353292461,0.15336749244249701,0.098851924217386297,0.1530769354750407
3126,0.125,0.546875,0.10101163748215408,0.15831448837623585,0.10204409500380721,0.15802001847521083
3127,0.109375,0.5625,0.09378451916519058,0.11311579375906562,0.094634889011210574,0.11262136411508733
3128,0.140625,0.5625,0.097006325083748193,0.20421941846115391,0.098139281916776774,0.20417865544017996
3129,0.125,0.671875,0.079935635130147065,0.12533490147519402,0.080763799536055225,0.12506725927850079
3130,0.125,0.703125,0.071660594622929438,0.1123788458445398,0.072404306013558503,0.11212237683129746
3131,0.140625,0.6875,0.07391730952948819,0.15569126022954843,0.074794377110316806,0.15561076005318392
3132,0.109375,0.6875,0.071466547705603317,0.086238475225981895,0.072123646361388474,0.085832182070619656
3133,0.171875,0.625,0.054897576605907356,0.27908340129484543,0.055956748422857444,0.27956162104890242
3134,0.203125,0.625,-0.020273423682322697,0.3672329920390624,-0.019464039278766599,0.36825963582648225
3135,0.1875,0.640625,0.02184528472114251,0.31363202810408281,0.022785533011159324,0.31435226583767667
3136,0.1875,0.609375,0.02336441110436285,0.33525884396880934,0.024358572136961763,0.33605150342811502
3137,0.921875,0.375,0.035184195861408529,0.062636616103215886,0.03329409457028102,0.064744838642742428
3138,0.953125,0.375,0.0083103223054314772,0.025896790363534532,0.0061388324305712587,0.027149696788325312
3139,0.9375,0.390625,0.019061230628808077,0.044874280731976642,0.0169605849048808,0.046615665562440421
3140,0.9375,0.359375,0.017908595226111063,0.041993411692457738,0.015866622497598765,0.043605856031255358
3141,0.875,0.421875,0.13787989182873331,0.11657561548544824,0.13707105198754113,0.12003267753999625
3142,0.875,0.453125,0.14228501902237825,0.12034572755911223,0.14149661637095703,0.12390886168809552
3143,0.890625,0.4375,0.098928709785105332,0.10679703367910397,0.09766398927837025,0.10997580340902173
3144,0.859375,0.4375,0.18799109854680635,0.12298415526413951,0.18772758831664926,0.12676045020395471
3145,0.875,0.328125,0.11290143348496218,0.095220114231910791,0.11199360429336642,0.098068650897392959
3146,0.875,0.296875,0.10134690921308023,0.085355707192695779,0.10040371510208665,0.087917902496073189
3147,0.859375,0.3125,0.14360384765391343,0.09367660207606246,0.14307737291753705,0.096606732819767629
3148,0.890625,0.3125,0.075710566389324663,0.08138522408812697,0.074437235564250803,0.083815402503495118
3149,0.828125,0.375,0.2677238855061298,0.092318245448224617,0.26843865059451361,0.095996628242884186
3150,0.796875,0.375,0.36530788964832955,0.03077132094510969,0.36715760897142152,0.034283973381756712
3151,0.8125,0.359375,0.30649208729746025,0.06470434914495804,0.30768198520115564,0.068241387774029591
3152,0.8125,0.390625,0.32754736537925999,0.069208362130963541,0.32891953889492392,0.072952633241662582
3153,0.921875,0.625,0.0351841958614071,0.062636616103215206,0.033294094570281464,0.064744838642744773
3154,0.953125,0.625,0.0083103223054303791,0.025896790363533598,0.0061388324305712734,0.027149696788327685
3155,0.9375,0.609375,0.019061230628806932,0.044874280731975948,0.016960584904880921,0.046615665562442607
3156,0.9375,0.640625,0.017908595226109721,0.041993411692456808,0.015866622497599191,0.043605856031258099
3157,0.875,0.578125,0.13787989182873198,0.11657561548544822,0.13707105198754027,0.12003267753999672
3158,0.875,0.546875,0.14228501902237747,0.12034572755911223,0.14149661637095706,0.12390886168809638
3159,0.890625,0.5625,0.098928709785104374,0.10679703367910388,0.097663989278370042,0.10997580340902272
3160,0.859375,0.5625,0.1879910985468051,0.12298415526413956,0.1877275883166489,0.12676045020395543
3161,0.875,0.671875,0.11290143348495991,0.095220114231910333,0.11199360429336878,0.098068650897395665
3162,0.875,0.703125,0.10134690921307789,0.085355707192695141,0.10040371510209052,0.087917902496076936
3163,0.859375,0.6875,0.14360384765391096,0.093676602076062182,0.14307737291754091,0.096606732819770669
3164,0.890625,0.6875,0.075710566389322539,0.081385224088126207,0.074437235564253648,0.083815402503498712
3165,0.828125,0.625,0.26772388550612763,0.092318245448225075,0.26843865059451372,0.095996628242885226
3166,0.796875,0.625,0.3653078896483275,0.030771320945110651,0.36715760897142041,0.034283973381756927
3167,0.8125,0.640625,0.30649208729745775,0.064704349144958706,0.30768198520115608,0.068241387774030465
3168,0.8125,0.609375,0.32754736537925794,0.069208362130964138,0.32891953889492181,0.072952633241662818
3169,0.625,0.921875,0.02107617978409259,-0.070729830885139441,0.020691224137213006,-0.06983242196277388
3170,0.625,0.953125,0.0086113194363079959,-0.02774405151751674,0.0079208877518005521,-0.026713793660213286
3171,0.609375,0.9375,0.008499497766395657,-0.049990748236103714,0.0080577700184430827,-0.048976285673099987
3172,0.640625,0.9375,0.019282915767529437,-0.043448764490401061,0.018642838807868961,-0.042524216002096014
3173,0.578125,0.875,-0.016062361544406434,-0.18190835055265112,-0.015861605819034213,-0.18153807029505373
3174,0.546875,0.875,-0.062435824714691709,-0.17778669429401475,-0.062244976538017145,-0.1775163461295807
3175,0.5625,0.890625,-0.031106904671951353,-0.14434339346579134,-0.030982187930074286,-0.14381326642256154
3176,0.5625,0.859375,-0.047986384320294583,-0.22155637382727977,-0.047715029211728668,-0.22146600152628712
3177,0.671875,0.875,0.091581148717996622,-0.1180671368218275,0.091658333871349251,-0.11733109982631039
3178,0.703125,0.875,0.10568573551678677,-0.082417631321567847,0.10565173096659448,-0.081574178978745235
3179,0.6875,0.859375,0.1221489049965364,-0.12253323824249328,0.12243522604432563,-0.12174484977026281
3180,0.6875,0.890625,0.079728692168685472,-0.07984635692075466,0.079508115880591049,-0.079057564744622721
3181,0.625,0.828125,0.080167379171667025,-0.27345034568589238,0.080978159822123641,-0.27337256155416295
3182,0.625,0.796875,0.1034860833068017,-0.35331492310225981,0.10473917151610336,-0.35359212274412782
3183,0.640625,0.8125,0.12540764193601123,-0.28877665016363396,0.12651207961656266,-0.28867810935512367
3184,0.609375,0.8125,0.05372601139168294,-0.33220233006219113,0.054654911691007772,-0.33247691956278363
3185,0.375,0.921875,-0.072727299885646912,0.010273372087257456,-0.072094913777593653,0.010305858410083992
3186,0.375,0.953125,-0.028458689969906869,0.0038920376031298218,-0.02757822053941128,0.0039404120114726153
3187,0.390625,0.9375,-0.050396345732374295,0.00069403155858789058,-0.049622825889184409,0.00083899572174291699
3188,0.359375,0.9375,-0.045522562043978365,0.01231388308078186,-0.044780022458887361,0.012250185226853061
3189,0.421875,0.875,-0.17742309698055689,-0.042174344872063597,-0.17729499037386082,-0.042103734868419423
3190,0.453125,0.875,-0.16670163065328467,-0.087504571930675942,-0.16656890307848751,-0.087409122401476372
3191,0.4375,0.890625,-0.13806464146281419,-0.051768544163016822,-0.13777153017620317,-0.051577201472778847
3192,0.4375,0.859375,-0.21211929377537211,-0.079392655545858518,-0.21216514558582331,-0.079425575865808104
3193,0.328125,0.875,-0.12959436061081703,0.073595378257930916,-0.12941030412328733,0.073613837579123181
3194,0.296875,0.875,-0.096281994934360751,0.092667110634125319,-0.096068462650659672,0.092659856011149802
3195,0.3125,0.859375,-0.13833793319494736,0.1033199339030194,-0.13825319488785945,0.10342307949382008
3196,0.3125,0.890625,-0.090085040124775667,0.06724288948950663,-0.089776678197208165,0.067158777636679448
3197,0.375,0.828125,-0.28181263554095631,0.040274632996468447,-0.28223956767897806,0.040352398225479348
3198,0.375,0.796875,-0.36423401279370055,0.052093959181698131,-0.36506288983893403,0.052194402983710475
3199,0.359375,0.8125,-0.30343904217732837,0.082981495669488717,-0.30400554939579161,0.083177594485668374
3200,0.390625,0.8125,-0.33622331974814379,0.0057408293367478512,-0.33688697252918504,0.005712336573827686
3201,0.03125,0.015625,6.709766711097685e-05,-5.8133765058030607e-05,4.7911699787102366e-05,1.0275377432056081e-05
3202,0.015625,0.03125,6.0553580499906229e-05,-6.5360679764731955e-05,4.8936836830824464e-05,3.620282324777789e-06
3203,0.046875,0.03125,0.00045245672200758431,0.00011203927126567389,0.00042438521337981381,0.00016195672210995594
3204,0.03125,0.046875,0.00045855276448659803,5.4251513339557568e-05,0.00044169143397165361,0.00010597556726143768
3205,0.96875,0.015625,0.00041272306881400428,0.00053568744325602539,1.0709901584288636e-05,5.6383156705886073e-05
3206,0.984375,0.03125,0.00043210103298383143,0.00052915344962364103,4.3765458350603315e-06,5.6440072251793207e-05
3207,0.953125,0.03125,0.00063270266136788967,0.00085546425900898517,0.00010769205174109359,0.00044958589104677712
3208,0.96875,0.046875,0.00061390012922383195,0.00084947318676225681,5.0404853890026504e-05,0.00045850274458217934
3209,0.984375,0.96875,0.00043210103298530833,0.00052915344962270038,4.3765458325377589e-06,5.6440072254759977e-05
3210,0.96875,0.984375,0.00041272306881550032,0.00053568744325508809,1.070990158183439e-05,5.6383156708921466e-05
3211,0.96875,0.953125,0.00061390012922506643,0.00084947318676095534,5.0404853888215446e-05,0.00045850274458575683
3212,0.953125,0.96875,0.00063270266136915677,0.0008554642590076826,0.00010769205173940808,0.00044958589105044286
3213,0.015625,0.96875,6.0553580501863302e-05,-6.5360679763605821e-05,4.8936836833732789e-05,3.6202823292897069e-06
3214,0.03125,0.984375,6.7097667112963488e-05,-5.8133765056914088e-05,4.7911699790116827e-05,1.0275377436571149e-05
3215,0.03125,0.953125,0.00045855276448882531,5.4251513340201835e-05,0.00044169143397564218,0.00010597556726522702
3216,0.046875,0.96875,0.0004524567220098561,0.00011203927126629551,0.00042438521338397986,0.00016195672211372848
3217,0.484375,0.46875,-0.73465020349677457,-0.6600389833387732,-0.73653428849133717,-0.66357608372444477
3218,0.46875,0.484375,-0.81114843323844565,-0.56339144970108723,-0.81354532064094864,-0.56653345096549346
3219,0.46875,0.453125,-0.79852055650966836,-0.55462946255103485,-0.80086989878436732,-0.55770672943068533
3220,0.453125,0.46875,-0.86139357716293152,-0.45083601453852923,-0.86417474522425197,-0.45346606642013393
3221,0.515625,0.46875,-0.54871810479650762,-0.82111043282816876,-0.54938946281174716,-0.8252190162287214
3222,0.53125,0.484375,-0.44218844213707231,-0.8830256443521094,-0.44217788212627523,-0.88729542082820678
3223,0.53125,0.453125,-0.43530204850904775,-0.86929046673502453,-0.43528850194476121,-0.87347112074618172
3224,0.546875,0.46875,-0.3236686549734436,-0.91669196618545157,-0.32294948399942974,-0.92093998201425098
3225,0.53125,0.515625,-0.44218844213707298,-0.88302564435210884,-0.44217788212627551,-0.88729542082820712
3226,0.515625,0.53125,-0.54871810479650884,-0.82111043282816765,-0.5493894628117465,-0.82521901622871907
3227,0.546875,0.53125,-0.3236686549734451,-0.91669196618545101,-0.32294948399943191,-0.92093998201425298
3228,0.53125,0.546875,-0.43530204850904958,-0.86929046673502308,-0.43528850194476276,-0.87347112074618194
3229,0.46875,0.515625,-0.81114843323844654,-0.56339144970108712,-0.81354532064095475,-0.56653345096549756
3230,0.484375,0.53125,-0.73465020349677568,-0.66003898333877209,-0.73653428849134184,-0.66357608372444754
3231,0.453125,0.53125,-0.86139357716293308,-0.45083601453852867,-0.86417474522425841,-0.45346606642013759
3232,0.46875,0.546875,-0.79852055650966969,-0.55462946255103385,-0.80086989878437231,-0.557706729430688
3233,0.46875,0.015625,-0.0035007643349820351,-0.0029466217960092949,-0.0028056397015225609,-0.0019617805022309922
3234,0.484375,0.03125,-0.011204462789804817,-0.010621891176256636,-0.01065388284315621,-0.0096072125789605448
3235,0.453125,0.03125,-0.013282379323181983,-0.0073469859331440485,-0.012502486223305255,-0.0065666115477158961
3236,0.46875,0.046875,-0.026436813638538045,-0.018784927303998299,-0.025805559775163876,-0.017976923507072924
3237,0.53125,0.015625,-0.0015798712516202132,-0.004373401309331156,-0.0015196514235525308,-0.0030687931571385741
3238,0.515625,0.03125,-0.0082038037383759099,-0.013124898495793059,-0.0079442130120179217,-0.011946126485570883
3239,0.546875,0.03125,-0.0046011856675126405,-0.01458670664061752,-0.0046660430956818964,-0.013330788986612338
3240,0.53125,0.046875,-0.014152663280351363,-0.029275924715106611,-0.014021677304798591,-0.028152671152773964
3241,0.015625,0.46875,0.0038567755906576753,0.00061011169704780477,0.0033995580464064039,0.00033848342240030136
3242,0.03125,0.484375,0.014227214497636942,0.0038777292656635262,0.013933247359155181,0.0033821934820774274
3243,0.03125,0.453125,0.014004169833063379,0.0038174326492188444,0.013716135382805427,0.003329497511341106
3244,0.046875,0.46875,0.02942589916748312,0.01193088076998941,0.029344624133457484,0.011290792403402933
3245,0.015625,0.53125,0.0038567755906578692,0.00061011169704753415,0.0033995580464068302,0.0003384834224003173
3246,0.03125,0.515625,0.014227214497637008,0.0038777292656633645,0.013933247359155389,0.0033821934820774035
3247,0.03125,0.546875,0.014004169833063639,0.0038174326492184038,0.013716135382806088,0.0033294975113410505
3248,0.046875,0.53125,0.029425899167483244,0.01193088076998906,0.029344624133457828,0.011290792403402783
3249,0.984375,0.46875,0.0021413039918547531,0.0027837756904025976,-0.00012674515716491272,0.0033951221669944447
3250,0.96875,0.484375,0.0036849755938466672,0.013230116090219382,0.001349128485029777,0.014255022936210554
3251,0.96875,0.453125,0.0036458700550831675,0.013031850564531693,0.0013283941718382753,0.014033043510083101
3252,0.953125,0.46875,0.009227170002006237,0.029187184731877782,0.006927851726345316,0.030649134357536568
3253,0.984375,0.53125,0.0021413039918545193,0.0027837756904023005,-0.00012674515716512057,0.0033951221669950423
3254,0.96875,0.515625,0.0036849755938465336,0.013230116090219237,0.0013491284850297286,0.014255022936210764
3255,0.96875,0.546875,0.003645870055082765,0.013031850564531291,0.0013283941718380478,0.014033043510084083
3256,0.953125,0.53125,0.0092271700020059213,0.029187184731877532,0.006927851726345257,0.030649134357537185
3257,0.53125,0.984375,-0.001579871251619489,-0.0043734013093374357,-0.0015196514235390854,-0.0030687931571453122
3258,0.515625,0.96875,-0.0082038037383759688,-0.013124898495799505,-0.0079442130120053051,-0.011946126485580201
3259,0.546875,0.96875,-0.0046011856675127055,-0.014586706640623705,-0.0046660430956693665,-0.013330788986620091
3260,0.53125,0.953125,-0.01415266328035223,-0.029275924715112901,-0.014021677304786987,-0.028152671152784095
3261,0.46875,0.984375,-0.0035007643349811352,-0.0029466217960157225,-0.0028056397015088471,-0.0019617805022400137
3262,0.484375,0.96875,-0.011204462789804788,-0.010621891176263162,-0.010653882843143562,-0.0096072125789708855
3263,0.453125,0.96875,-0.013282379323181817,-0.0073469859331505502,-0.012502486223292713,-0.0065666115477269332
3264,0.46875,0.953125,-0.02643681363853876,-0.018784927304004849,-0.02580555977515258,-0.017976923507085525
3265,0.234375,0.21875,-0.072199389367522446,0.22940698125274794,-0.071913834202276608,0.22997197207206146
3266,0.21875,0.234375,-0.043079325310853477,0.23658300162904181,-0.042651543081082516,0.23714845561264514
3267,0.21875,0.203125,-0.035080564516042453,0.19257396548666411,-0.034702074985204626,0.19294730256567427
3268,0.203125,0.21875,-0.010842445379094864,0.1954113739547618,-0.010347974361354571,0.19576939890341002
3269,0.28125,0.265625,-0.24965026449930139,0.3091862055313549,-0.25004093271922145,0.31023617011067672
3270,0.265625,0.28125,-0.2091955478622548,0.33785930633963268,-0.20938092091400601,0.33900808747474825
3271,0.296875,0.28125,-0.32767596687070016,0.31564343294896485,-0.32841054326853064,0.31676151932962299
3272,0.28125,0.296875,-0.28580518676725125,0.35399254398231467,-0.2863268243514539,0.35525799764422111
3273,0.265625,0.21875,-0.14962094181405702,0.24158965148109399,-0.14963444872213902,0.24227200621655445
3274,0.28125,0.234375,-0.21132597223564575,0.26169712191520977,-0.21157890217398942,0.26251438762624202
3275,0.28125,0.203125,-0.17203141254560406,0.21301134306583264,-0.17214377013518342,0.2135853249642633
3276,0.296875,0.21875,-0.23434290782237888,0.22569586945353171,-0.23469894922807583,0.22637339115726499
3277,0.21875,0.265625,-0.050877515986135373,0.27950903431425361,-0.050404797274834663,0.28025896329100503
3278,0.234375,0.28125,-0.10092662257639713,0.32081570738267762,-0.10062752887862164,0.32179673112341228
3279,0.203125,0.28125,-0.015124812424106404,0.27327158975284233,-0.014479285304767338,0.27393750638680764
3280,0.21875,0.296875,-0.058231507933256196,0.32000888330215982,-0.057719334010324676,0.3209303874281863
3281,0.765625,0.21875,0.23706946692914549,-0.039576473825981631,0.23798188436237933,-0.037711536688398307
3282,0.78125,0.234375,0.23997978677035411,-0.0098746519730784615,0.2408250846006264,-0.0077188651991532834
3283,0.78125,0.203125,0.19548718409936799,-0.0081087129853846997,0.19594098602485935,-0.0062812374509648343
3284,0.796875,0.21875,0.19482323780411798,0.016147834753590419,0.19519040234518045,0.018222163056090531
3285,0.71875,0.265625,0.34095541619229847,-0.20360719330849483,0.34329586085311248,-0.20226582845499957
3286,0.734375,0.28125,0.36345205628431287,-0.15961275207586292,0.36584579808641304,-0.15785536593985564
3287,0.703125,0.28125,0.3584043544504435,-0.27980066451192409,0.3611499535214211,-0.27885103794066013
3288,0.71875,0.296875,0.39025401505765928,-0.23301349554691436,0.39311359623904613,-0.23161734880411619
3289,0.734375,0.21875,0.26010407385176965,-0.11429049764609817,0.26145492345826787,-0.11281367477865609
3290,0.71875,0.234375,0.28869824156735846,-0.17242533673072341,0.29049045070522211,-0.17115386195451771
3291,0.71875,0.203125,0.23511751538549469,-0.14043921664865205,0.23634904554743241,-0.13925451866035304
3292,0.703125,0.21875,0.25647021685082366,-0.20024226473822135,0.25809866891976524,-0.1992833492230949
3293,0.78125,0.265625,0.2833678622098868,-0.011581550828077311,0.28460153321670267,-0.0091207702487621865
3294,0.765625,0.28125,0.33120722418406762,-0.055149178137059711,0.33299980606807866,-0.052766268807482877
3295,0.796875,0.28125,0.27209956805144397,0.022748511559002163,0.27312183426751635,0.025500544820669581
3296,0.78125,0.296875,0.32429534431646456,-0.013180378414065826,0.32590108925431921,-0.010443173383119992
3297,0.78125,0.765625,0.23997978677035028,-0.0098746519730787911,0.24082508460063215,-0.007718865199152455
3298,0.765625,0.78125,0.23706946692914133,-0.039576473825982124,0.23798188436238643,-0.037711536688398349
3299,0.796875,0.78125,0.19482323780411451,0.016147834753589642,0.19519040234518675,0.018222163056091985
3300,0.78125,0.796875,0.19548718409936439,-0.0081087129853856504,0.19594098602486629,-0.0062812374509640051
3301,0.734375,0.71875,0.36345205628430804,-0.15961275207586176,0.36584579808641976,-0.15785536593985658
3302,0.71875,0.734375,0.3409554161922933,-0.20360719330849383,0.34329586085311792,-0.20226582845500066
3303,0.71875,0.703125,0.39025401505765428,-0.23301349554691256,0.39311359623905079,-0.23161734880411641
3304,0.703125,0.71875,0.35840435445043789,-0.2798006645119222,0.36114995352142432,-0.27885103794066052
3305,0.78125,0.734375,0.28336786220988308,-0.011581550828077054,0.28460153321670945,-0.0091207702487613607
3306,0.765625,0.71875,0.33120722418406351,-0.055149178137058968,0.33299980606808516,-0.052766268807482565
3307,0.796875,0.71875,0.27209956805144048,0.02274851155900243,0.27312183426752307,0.025500544820670906
3308,0.78125,0.703125,0.3242953443164609,-0.013180378414065093,0.32590108925432598,-0.010443173383119224
3309,0.734375,0.78125,0.26010407385176465,-0.11429049764609837,0.26145492345827442,-0.11281367477865746
3310,0.71875,0.765625,0.28869824156735324,-0.17242533673072316,0.29049045070522944,-0.17115386195452037
3311,0.71875,0.796875,0.23511751538548975,-0.14043921664865264,0.23634904554743946,-0.13925451866035568
3312,0.703125,0.78125,0.25647021685081811,-0.20024226473822127,0.25809866891977168,-0.19928334922309851
3313,0.21875,0.765625,-0.04307932531085501,0.23658300162903828,-0.042651543081082655,0.2371484556126352
3314,0.234375,0.78125,-0.072199389367524236,0.22940698125274417,-0.071913834202276719,0.2299719720720495
3315,0.203125,0.78125,-0.010842445379095678,0.19541137395475805,-0.010347974361352935,0.19576939890340112
3316,0.21875,0.796875,-0.035080564516043473,0.19257396548666017,-0.034702074985202926,0.19294730256566356
3317,0.265625,0.71875,-0.20919554786225852,0.33785930633963046,-0.209380920914012,0.33900808747473521
3318,0.28125,0.734375,-0.2496502644993055,0.30918620553135229,-0.25004093271922789,0.31023617011066212
3319,0.28125,0.703125,-0.28580518676725536,0.35399254398231284,-0.28632682435146178,0.35525799764420812
3320,0.296875,0.71875,-0.32767596687070472,0.31564343294896258,-0.3284105432685388,0.31676151932960711
3321,0.21875,0.734375,-0.050877515986137295,0.27950903431425078,-0.050404797274836086,0.28025896329099448
3322,0.234375,0.71875,-0.10092662257639973,0.32081570738267517,-0.10062752887862507,0.32179673112340124
3323,0.203125,0.71875,-0.015124812424107974,0.27327158975283966,-0.014479285304768597,0.2739375063867977
3324,0.21875,0.703125,-0.058231507933258292,0.32000888330215754,-0.057719334010327472,0.32093038742817626
3325,0.265625,0.78125,-0.14962094181405983,0.24158965148109018,-0.14963444872214102,0.24227200621654019
3326,0.28125,0.765625,-0.21132597223564945,0.26169712191520639,-0.21157890217399303,0.26251438762622581
3327,0.28125,0.796875,-0.17203141254560705,0.21301134306582853,-0.17214377013518523,0.21358532496424804
3328,0.296875,0.78125,-0.23434290782238273,0.22569586945352788,-0.23469894922808018,0.22637339115724908
3329,0.21875,0.015625,-0.00048397271796500276,0.0021120173083625489,-0.00028642394824174078,0.0015866648399283033
3330,0.234375,0.03125,-0.0024822312685945183,0.0075870960935339616,-0.0022108674739378586,0.0070668539181656673
3331,0.203125,0.03125,-0.00042579646699317383,0.0064683198347900645,-0.00031858105734932388,0.006015806624700467
3332,0.21875,0.046875,-0.0028025311826088074,0.015026102558763915,-0.0026220920992589677,0.01457568622438558
3333,0.28125,0.015625,-0.0020303687117074727,0.0022746568942228706,-0.0014174558595128263,0.0017556402121053456
3334,0.265625,0.03125,-0.0050642119026669133,0.0079667945895851282,-0.0045995257129223723,0.0074445642545288024
3335,0.296875,0.03125,-0.0078746404994788719,0.0074011627775565341,-0.0072136803673356733,0.0069554652774208199
3336,0.28125,0.046875,-0.013519599227225893,0.016585388463777353,-0.013005331599550873,0.016134364141293395
3337,0.015625,0.21875,0.0017969720060943847,0.00026904895173297978,0.0016004516678937012,0.0001590729541808486
3338,0.03125,0.234375,0.0073248565614754515,0.0019910401226049313,0.0071911076325197722,0.0017454607541510126
3339,0.03125,0.203125,0.0059578738940994427,0.0016110325520219233,0.0058506936437094856,0.0014199586955610305
3340,0.046875,0.21875,0.013842877392572018,0.0056118827105876802,0.013817862160288841,0.0053165599867643128
3341,0.015625,0.28125,0.0025227934316184261,0.00039464281762947384,0.0022397005156312021,0.00022290059571554837
3342,0.03125,0.265625,0.0086596488475667761,0.002359776805152564,0.0084984678303810981,0.0020628989540208667
3343,0.03125,0.296875,0.0099204453658430052,0.0027061613370695705,0.0097318819364324693,0.0023623520955880599
3344,0.046875,0.28125,0.019373565295528243,0.007862832479571388,0.019335416195045068,0.0074396817956716094
3345,0.78125,0.015625,0.0027630457401417678,9.9426290636369917e-05,0.0016209142031410539,-4.8170314188824e-05
3346,0.765625,0.03125,0.0084700446703181182,-0.0012232497769172671,0.0073227964263680922,-0.0011570170085749118
3347,0.796875,0.03125,0.0070592710255657143,0.00065785775071970729,0.0060075245003925791,0.00056234707448658101
3348,0.78125,0.046875,0.015853499678099015,-0.00059429868377597599,0.014811198281636077,-0.00047347716793539772
3349,0.71875,0.015625,0.0032448693591913417,-0.0014355145750370359,0.0019541942364564857,-0.0011430229080756982
3350,0.734375,0.03125,0.0092430317923836089,-0.0037364401840546515,0.0080443863054779734,-0.0034655171528023884
3351,0.703125,0.03125,0.0091279325407706887,-0.0066278908901481809,0.0079414200036990162,-0.0061234697311327657
3352,0.71875,0.046875,0.018944778619634506,-0.010997396280395755,0.017863898499393481,-0.010519857671901311
3353,0.984375,0.21875,0.0014701888403002559,0.0015890746680096888,-5.2472652996323682e-05,0.0016030502833082971
3354,0.96875,0.234375,0.0023685326691640215,0.0070410705272754351,0.00070360430130036002,0.0073608296450404292
3355,0.96875,0.203125,0.0020747163105462236,0.0058037976703662715,0.00057475200843624908,0.0059899901668730854
3356,0.953125,0.21875,0.0048701218093305312,0.013926462959471362,0.0032704290060379284,0.014435238634515943
3357,0.984375,0.28125,0.0017398887987019327,0.0020261304528447228,-7.8376025653372326e-05,0.0022400955829516736
3358,0.96875,0.265625,0.0026428000269071304,0.0082460467782219,0.00082908245067157859,0.0086978111863893256
3359,0.96875,0.296875,0.0028920822741948103,0.0093808911906294642,0.00094731153214773077,0.0099591150035164867
3360,0.953125,0.28125,0.0064532077450798553,0.019353344935569814,0.0045706987419550224,0.020197147698944842
3361,0.984375,0.78125,0.0014701888402999411,0.0015890746680076034,-5.2472652996638602e-05,0.0016030502833125943
3362,0.96875,0.765625,0.0023685326691633103,0.0070410705272734323,0.00070360430130065373,0.0073608296450446645
3363,0.96875,0.796875,0.0020747163105457773,0.0058037976703641993,0.00057475200843643925,0.0059899901668774378
3364,0.953125,0.78125,0.0048701218093296778,0.013926462959469388,0.003270429006038772,0.014435238634520271
3365,0.984375,0.71875,0.0017398887987012102,0.0020261304528428475,-7.8376025653610444e-05,0.0022400955829555134
3366,0.96875,0.734375,0.0026428000269062184,0.0082460467782200456,0.00082908245067187262,0.0086978111863933553
3367,0.96875,0.703125,0.0028920822741937877,0.0093808911906277832,0.00094731153214794035,0.0099591150035202407
3368,0.953125,0.71875,0.0064532077450786237,0.019353344935568142,0.0045706987419557917,0.020197147698948707
3369,0.78125,0.984375,0.0027630457401425041,9.9426290633330803e-05,0.0016209142031459848,-4.8170314183932629e-05
3370,0.765625,0.96875,0.0084700446703183992,-0.0012232497769205581,0.0073227964263742843,-0.0011570170085709313
3371,0.796875,0.96875,0.0070592710255660924,0.00065785775071678656,0.0060075245003973678,0.00056234707449124394
3372,0.78125,0.953125,0.015853499678098897,-0.00059429868377908906,0.014811198281642037,-0.00047347716793153341
3373,0.71875,0.984375,0.0032448693591920499,-0.0014355145750408844,0.0019541942364642616,-0.0011430229080725152
3374,0.734375,0.96875,0.0092430317923838223,-0.0037364401840583373,0.0080443863054854431,-0.0034655171527994194
3375,0.703125,0.96875,0.0091279325407708674,-0.0066278908901522887,0.0079414200037077106,-0.0061234697311311021
3376,0.71875,0.953125,0.018944778619634169,-0.01099739628039963,0.017863898499401808,-0.010519857671899807
3377,0.015625,0.78125,0.0017969720060964966,0.00026904895173203593,0.0016004516678984563,0.00015907295418158754
3378,0.03125,0.765625,0.0073248565614773449,0.0019910401226036437,0.0071911076325244247,0.0017454607541509469
3379,0.03125,0.796875,0.0059578738941015652,0.0016110325520207916,0.0058506936437145631,0.0014199586955613429
3380,0.046875,0.78125,0.013842877392573921,0.0056118827105861892,0.013817862160293787,0.0053165599867637404
3381,0.015625,0.71875,0.0025227934316200645,0.00039464281762833044,0.0022397005156350102,0.00022290059571573742
3382,0.03125,0.734375,0.0086596488475683964,0.0023597768051512175,0.0084984678303852163,0.0020628989540205683
3383,0.03125,0.703125,0.0099204453658443843,0.0027061613370682218,0.009731881936435989,0.0023623520955876973
3384,0.046875,0.71875,0.0193735652955296,0.0078628324795698007,0.019335416195048895,0.007439681795670736
3385,0.21875,0.984375,-0.00048397271796205683,0.0021120173083601624,-0.00028642394823161763,0.0015866648399264854
3386,0.234375,0.96875,-0.0024822312685919765,0.0075870960935308911,-0.0022108674739276823,0.0070668539181618214
3387,0.203125,0.96875,-0.00042579646699042136,0.0064683198347876558,-0.00031858105733980019,0.0060158066246981572
3388,0.21875,0.953125,-0.0028025311826064539,0.01502610255876086,-0.0026220920992494744,0.014575686224381343
3389,0.28125,0.984375,-0.0020303687117049366,0.0022746568942191114,-0.0014174558595012119,0.0017556402121006419
3390,0.265625,0.96875,-0.0050642119026646677,0.0079667945895813934,-0.0045995257129116344,0.0074445642545234248
3391,0.296875,0.96875,-0.0078746404994769759,0.0074011627775521409,-0.007213680367324506,0.0069554652774139443
3392,0.28125,0.953125,-0.01351959922722429,0.016585388463773023,-0.013005331599540646,0.016134364141285853
3393,0.484375,0.28125,-0.48428136830787966,-0.43528124202507612,-0.48531846555794317,-0.43724759192670626
3394,0.46875,0.265625,-0.4950488086889383,-0.3440186810060602,-0.49623843854650646,-0.34557131674842068
3395,0.46875,0.296875,-0.56678636765438906,-0.39381199593110272,-0.56825309904156551,-0.39572009048209172
3396,0.453125,0.28125,-0.56785424480413726,-0.2973427851408893,-0.5694239152348185,-0.29880102106462708
3397,0.515625,0.28125,-0.36168646588955111,-0.5414900499182842,-0.36200421275653838,-0.54375812194666917
3398,0.53125,0.265625,-0.26981167483300844,-0.53915606431427709,-0.2697144126378811,-0.54122757114774056
3399,0.53125,0.296875,-0.30893189082441058,-0.61720515651395591,-0.30885601021605796,-0.6197698482384314
3400,0.546875,0.28125,-0.21330101887022301,-0.60452508510326053,-0.21279745722643431,-0.60683118518310863
3401,0.484375,0.21875,-0.34627200600066277,-0.31136264444048367,-0.34683233754415255,-0.31248051925084241
3402,0.46875,0.234375,-0.4190109950416766,-0.29123651653686167,-0.41990498394623549,-0.29241500463176351
3403,0.46875,0.203125,-0.34105136269806119,-0.23711696918007213,-0.34164032914373826,-0.23791380930739583
3404,0.453125,0.21875,-0.40604900912481467,-0.21270893878514993,-0.40693853628609583,-0.21353942457909955
3405,0.515625,0.21875,-0.25858898289076498,-0.38732641657115824,-0.25870553471414748,-0.38859851253684857
3406,0.53125,0.234375,-0.22834563450182652,-0.45642295074520134,-0.22822543981869509,-0.45797494624928914
3407,0.53125,0.203125,-0.18582983576167991,-0.37159362208861779,-0.18568678783817288,-0.37261598756049358
3408,0.546875,0.21875,-0.1524617856623022,-0.43241614870466599,-0.15207462621336595,-0.4336739002968516
3409,0.28125,0.484375,-0.40894366699290929,0.5066379451789782,-0.40992146689522996,0.50860909667641885
3410,0.265625,0.46875,-0.31724508679212965,0.51253472828937563,-0.3177614163149905,0.51448918353509088
3411,0.296875,0.46875,-0.4969753605024651,0.47885603270776422,-0.49840437531751752,0.48072744343625295
3412,0.28125,0.453125,-0.40258094537411288,0.49874897363990728,-0.40353475223301405,0.50068470053508018
3413,0.28125,0.515625,-0.40894366699290957,0.50663794517897776,-0.4099214668952314,0.50860909667641885
3414,0.265625,0.53125,-0.31724508679212982,0.51253472828937463,-0.31776141631499233,0.51448918353508966
3415,0.296875,0.53125,-0.49697536050246544,0.4788560327077635,-0.49840437531751958,0.48072744343625057
3416,0.28125,0.546875,-0.4025809453741136,0.49874897363990645,-0.40353475223301732,0.5006847005350773
3417,0.21875,0.484375,-0.083258494214692724,0.45797415203597708,-0.082633306618129371,0.45946321223349601
3418,0.234375,0.46875,-0.15300891357497745,0.48666437587650946,-0.15271402818513874,0.48836847914000836
3419,0.203125,0.46875,-0.022857397740738042,0.4145317776141047,-0.021972937635586318,0.41573573339982928
3420,0.21875,0.453125,-0.081966041304092158,0.45084420224912514,-0.08134589673828678,0.45230455369771599
3421,0.21875,0.515625,-0.08325849421469271,0.45797415203597663,-0.082633306618130314,0.45946321223349612
3422,0.234375,0.53125,-0.15300891357497759,0.48666437587650851,-0.15271402818514085,0.48836847914000875
3423,0.203125,0.53125,-0.022857397740738195,0.41453177761410404,-0.021972937635587504,0.41573573339982872
3424,0.21875,0.546875,-0.08196604130409238,0.45084420224912397,-0.081345896738288959,0.45230455369771688
3425,0.71875,0.484375,0.55815283157220563,-0.33310964157973538,0.56279946936521463,-0.33159167882606816
3426,0.734375,0.46875,0.55089222173673369,-0.24171507991666286,0.55521158636854229,-0.23955974136523175
3427,0.703125,0.46875,0.54329584117582597,-0.42401436663384939,0.54808596825845035,-0.42318610497006337
3428,0.71875,0.453125,0.5494775230652823,-0.32793935498290727,0.55403100765085567,-0.32642556501592934
3429,0.71875,0.515625,0.55815283157220541,-0.33310964157973505,0.56279946936521519,-0.33159167882606805
3430,0.734375,0.53125,0.55089222173673325,-0.24171507991666222,0.55521158636854073,-0.23955974136523076
3431,0.703125,0.53125,0.54329584117582497,-0.42401436663384851,0.54808596825844746,-0.42318610497006104
3432,0.71875,0.546875,0.5494775230652813,-0.32793935498290616,0.55403100765085334,-0.32642556501592762
3433,0.78125,0.484375,0.46366016585511172,-0.018561358027363108,0.46657251628818758,-0.014946425129766518
3434,0.765625,0.46875,0.50192170932472713,-0.083285426950975197,0.5053626477886024,-0.080073930196536566
3435,0.796875,0.46875,0.41220899991644849,0.034827687970758893,0.41448927850452372,0.038705308497563984
3436,0.78125,0.453125,0.45645998944035232,-0.018285371065707805,0.45930337915200942,-0.014713753890200569
3437,0.78125,0.515625,0.46366016585511161,-0.01856135802736299,0.46657251628818808,-0.014946425129766312
3438,0.765625,0.53125,0.50192170932472691,-0.083285426950974822,0.50536264778860307,-0.080073930196536316
3439,0.796875,0.53125,0.41220899991644777,0.034827687970759136,0.41448927850452494,0.038705308497564359
3440,0.78125,0.546875,0.45645998944035132,-0.018285371065707292,0.45930337915200936,-0.014713753890200245
3441,0.515625,0.71875,-0.36168646588955894,-0.54149004991828331,-0.3620042127565492,-0.54375812194668505
3442,0.53125,0.734375,-0.26981167483301638,-0.53915606431427632,-0.2697144126378897,-0.54122757114775621
3443,0.53125,0.703125,-0.30893189082441791,-0.6172051565139538,-0.30885601021606818,-0.61976984823844328
3444,0.546875,0.71875,-0.21330101887023079,-0.60452508510325853,-0.21279745722644222,-0.60683118518311985
3445,0.484375,0.71875,-0.48428136830788765,-0.43528124202507623,-0.48531846555795838,-0.43724759192672635
3446,0.46875,0.734375,-0.49504880868894646,-0.34401868100606142,-0.49623843854652089,-0.34557131674844282
3447,0.46875,0.703125,-0.56678636765439694,-0.39381199593110283,-0.56825309904158094,-0.39572009048210954
3448,0.453125,0.71875,-0.56785424480414559,-0.29734278514089052,-0.56942391523483615,-0.29880102106464917
3449,0.515625,0.78125,-0.25858898289077242,-0.38732641657115979,-0.25870553471415342,-0.38859851253687
3450,0.53125,0.765625,-0.2283456345018342,-0.45642295074520162,-0.228225439818702,-0.45797494624930968
3451,0.53125,0.796875,-0.18582983576168707,-0.37159362208861951,-0.18568678783817538,-0.37261598756051278
3452,0.546875,0.78125,-0.15246178566230964,-0.4324161487046666,-0.15207462621337003,-0.43367390029687136
3453,0.484375,0.78125,-0.34627200600067004,-0.31136264444048573,-0.3468323375441611,-0.31248051925086617
3454,0.46875,0.765625,-0.41901099504168421,-0.29123651653686378,-0.41990498394624592,-0.29241500463178693
3455,0.46875,0.796875,-0.34105136269806813,-0.23711696918007524,-0.34164032914374576,-0.23791380930742029
3456,0.453125,0.78125,-0.40604900912482172,-0.21270893878515276,-0.40693853628610349,-0.21353942457912287
3457,0.109375,0.09375,0.011221668588969433,0.013532580799591135,0.011259640507714462,0.013399254290587212
3458,0.09375,0.109375,0.012794505509392574,0.012016487739376558,0.012849034311792287,0.011883182919724802
3459,0.09375,0.078125,0.0070196965127258763,0.0065708378827841916,0.0070130411530752636,0.0064853432396671353
3460,0.078125,0.09375,0.0077626303366267538,0.0056363753628384493,0.0077712078467786659,0.0055538975668414483
3461,0.15625,0.140625,0.020347621926021808,0.061767617983414312,0.02061297259158839,0.061629728753727207
3462,0.140625,0.15625,0.027850832654954864,0.058726329016186858,0.028151754993647912,0.058570760177326354
3463,0.171875,0.15625,0.017355647202117928,0.088482489689769878,0.017696714285553885,0.088416293237597476
3464,0.15625,0.171875,0.028210325791679342,0.085602393016063774,0.028601178247275101,0.085513146397691683
3465,0.140625,0.09375,0.011602407945816543,0.024475254803722306,0.011676606226685799,0.024293300906947691
3466,0.15625,0.109375,0.013236609035567727,0.040202962635333947,0.0133852286151139,0.040019792756910623
3467,0.15625,0.078125,0.0072569813057161555,0.022066859762551953,0.0073057260736788445,0.021842841388122203
3468,0.171875,0.09375,0.0072194677974205448,0.03689677425004128,0.0073400678613592535,0.036672725777195672
3469,0.09375,0.140625,0.019663676632558413,0.018489975256809916,0.01978729165767544,0.018300444311700286
3470,0.109375,0.15625,0.026931562966099588,0.032516827684156112,0.02714653731645628,0.032306347538114046
3471,0.078125,0.15625,0.018635869319463476,0.013605945231758988,0.018736286158569693,0.013391981560010539
3472,0.09375,0.171875,0.027258846138184915,0.025642716469080777,0.027455542327117978,0.025392792153134121
3473,0.890625,0.09375,0.012548463943458607,0.012890138612840317,0.011630838088245244,0.01308661469481791
3474,0.90625,0.109375,0.010889167835678636,0.014184920466696492,0.0099007367706653547,0.01443786451948997
3475,0.90625,0.078125,0.0062631557967462595,0.0078930716088708094,0.005408232062113728,0.0078819446455518291
3476,0.921875,0.09375,0.0052957521635995037,0.0084624390949729605,0.004377410861118999,0.0084960492130958468
3477,0.84375,0.140625,0.058757124686190015,0.028360618505971928,0.057984264714232764,0.02934889378237664
3478,0.859375,0.15625,0.054728751696291288,0.035263486855873501,0.053862092889655606,0.036361143938269912
3479,0.828125,0.15625,0.08548679412499928,0.029096847532679024,0.084907956716876537,0.030358117134013523
3480,0.84375,0.171875,0.081128200642131998,0.039325274898449232,0.08045020952122002,0.040722689165570224
3481,0.859375,0.09375,0.023234719590161795,0.014744376783830181,0.02234696357741385,0.01508243368432427
3482,0.84375,0.109375,0.03849810650646706,0.018467494120447174,0.037656573744970848,0.019058219327954186
3483,0.84375,0.078125,0.02143741225387397,0.01018358819166917,0.020557806005444188,0.010402923859096521
3484,0.828125,0.09375,0.036061175645973845,0.012133681882563396,0.035224042917161837,0.012591970627351292
3485,0.90625,0.140625,0.01635561401846776,0.02169378426855717,0.015241164463499388,0.022232403296862845
3486,0.890625,0.15625,0.029119035590839098,0.030706244300797585,0.028026369777003686,0.031547754656256616
3487,0.921875,0.15625,0.011767665160809918,0.019959057272141378,0.010539342842227621,0.020478287847885347
3488,0.90625,0.171875,0.022371583219187065,0.03001080546255034,0.021143015273887112,0.03084725010836142
3489,0.90625,0.890625,0.010889167835678342,0.014184920466694355,0.009900736770667138,0.014437864519494579
3490,0.890625,0.90625,0.01254846394345837,0.012890138612838116,0.011630838088247435,0.013086614694822552
3491,0.921875,0.90625,0.0052957521635996563,0.0084624390949709291,0.0043774108611198265,0.0084960492131004074
3492,0.90625,0.921875,0.0062631557967464686,0.0078930716088687295,0.0054082320621148825,0.0078819446455564626
3493,0.859375,0.84375,0.054728751696289567,0.03526348685587153,0.053862092889660269,0.036361143938273888
3494,0.84375,0.859375,0.058757124686188336,0.028360618505969829,0.057984264714237697,0.029348893782380248
3495,0.84375,0.828125,0.081128200642129805,0.039325274898447463,0.08045020952122546,0.040722689165573658
3496,0.828125,0.84375,0.085486794124997073,0.029096847532677095,0.08490795671688238,0.03035811713401659
3497,0.90625,0.859375,0.016355614018467014,0.021693784268555089,0.015241164463501673,0.0222324032968674
3498,0.890625,0.84375,0.029119035590837884,0.030706244300795587,0.028026369777006913,0.031547754656261036
3499,0.921875,0.84375,0.011767665160809194,0.019959057272139313,0.010539342842229378,0.020478287847889909
3500,0.90625,0.828125,0.022371583219185909,0.030010805462548393,0.021143015273889575,0.030847250108365698
3501,0.859375,0.90625,0.023234719590161171,0.014744376783827813,0.022346963577417434,0.015082433684328682
3502,0.84375,0.890625,0.038498106506465943,0.018467494120444804,0.037656573744975351,0.019058219327958127
3503,0.84375,0.921875,0.021437412253873533,0.010183588191666681,0.020557806005448157,0.01040292385910092
3504,0.828125,0.90625,0.036061175645972887,0.012133681882560867,0.035224042917167027,0.012591970627355242
3505,0.09375,0.890625,0.012794505509394991,0.012016487739375054,0.012849034311798969,0.011883182919724176
3506,0.109375,0.90625,0.011221668588971894,0.013532580799589519,0.011259640507721458,0.01339925429058628
3507,0.078125,0.90625,0.0077626303366292631,0.005636375362837477,0.0077712078467849707,0.0055538975668420736
3508,0.09375,0.921875,0.0070196965127284419,0.0065708378827831326,0.0070130411530818833,0.006485343239667582
3509,0.140625,0.84375,0.027850832654956387,0.058726329016184034,0.028151754993653969,0.058570760177321719
3510,0.15625,0.859375,0.020347621926023313,0.061767617983411315,0.020612972591594902,0.061629728753722225
3511,0.15625,0.828125,0.028210325791680379,0.08560239301606061,0.028601178247280534,0.085513146397685855
3512,0.171875,0.84375,0.017355647202118917,0.088482489689766533,0.017696714285559603,0.088416293237590995
3513,0.09375,0.859375,0.019663676632560627,0.018489975256808094,0.019787291657681904,0.018300444311698815
3514,0.109375,0.84375,0.026931562966101528,0.032516827684153884,0.027146537316462528,0.032306347538111291
3515,0.078125,0.84375,0.018635869319465655,0.013605945231757323,0.018736286158575789,0.013391981560009515
3516,0.09375,0.828125,0.027258846138186851,0.02564271646907872,0.027455542327124053,0.025392792153132109
3517,0.140625,0.90625,0.011602407945818832,0.02447525480372004,0.0116766062266933,0.024293300906945064
3518,0.15625,0.890625,0.013236609035569676,0.040202962635331192,0.013385228615121262,0.040019792756906473
3519,0.15625,0.921875,0.0072569813057185208,0.022066859762549622,0.0073057260736867852,0.021842841388119431
3520,0.171875,0.90625,0.0072194677974225466,0.036896774250038407,0.0073400678613670155,0.036672725777191037
3521,0.40625,0.390625,-0.8369718457069234,-0.090321532156855566,-0.8399609530147919,-0.091149611784170345
3522,0.390625,0.40625,-0.84170413431783664,0.014666994122906667,-0.84477062981693041,0.014328564595349848
3523,0.421875,0.40625,-0.85998662734702769,-0.20353681827755024,-0.86300487396007419,-0.20493159023239801
3524,0.40625,0.421875,-0.87864480646873677,-0.09480139203327323,-0.88182615914631202,-0.095692409801037881
3525,0.359375,0.34375,-0.66445547969097929,0.18189045178160798,-0.66674371726039616,0.18242739707780986
3526,0.34375,0.359375,-0.63661726098860161,0.26326088784814855,-0.6387812237679884,0.26416962874743366
3527,0.34375,0.328125,-0.58381447679036125,0.24140628139239925,-0.58573224889298647,0.24223080124132582
3528,0.328125,0.34375,-0.54919034295080704,0.31226188588035381,-0.55094159169278289,0.31340305426392667
3529,0.40625,0.359375,-0.78298429362237965,-0.084516232603668695,-0.78572375808798733,-0.085264302151397783
3530,0.390625,0.34375,-0.73628829561686604,0.012793336998097567,-0.73885974367678009,0.012531593926588482
3531,0.421875,0.34375,-0.7522753551819662,-0.17808828550201836,-0.7548078297686508,-0.17923949338839257
3532,0.40625,0.328125,-0.71803331126274239,-0.0775296554924092,-0.72047149944472055,-0.078183703564551385
3533,0.359375,0.40625,-0.75958039632570273,0.20796775552591476,-0.76231712780609617,0.20857775851719515
3534,0.34375,0.390625,-0.68050669958737475,0.28142834344265827,-0.68287513156901258,0.282405049034684
3535,0.34375,0.421875,-0.71438462840843697,0.29545292454465766,-0.7169108199969686,0.29648082518825991
3536,0.328125,0.40625,-0.62780635604936708,0.35699858820914526,-0.62991540567427817,0.35832785366056097
3537,0.59375,0.390625,0.029488864350878274,-0.84115566610230552,0.031988704275830435,-0.84428379249105689
3538,0.609375,0.40625,0.13392112664575026,-0.83086061061695804,0.13704221340980163,-0.83369990687852402
3539,0.578125,0.40625,-0.079205800178133057,-0.88005822861915406,-0.077230061986004975,-0.88363242171346768
3540,0.59375,0.421875,0.030939716084601918,-0.88299963532972325,0.033582802359251381,-0.88636387220749513
3541,0.640625,0.34375,0.27408298805916814,-0.63176393981660195,0.27745724550502193,-0.63311849817915522
3542,0.65625,0.359375,0.35046910753068167,-0.59265628626219868,0.35425998826386002,-0.59356438083229224
3543,0.65625,0.328125,0.32143991086711188,-0.5435573587328334,0.32484033402933549,-0.54427143868478378
3544,0.671875,0.34375,0.38645454925619493,-0.49925380702672939,0.39019237898605591,-0.49949956298249748
3545,0.59375,0.359375,0.027608870929307278,-0.78694414226850118,0.029923512748692149,-0.78976818633053159
3546,0.609375,0.34375,0.11719654941648136,-0.72689267317794792,0.11986167294802021,-0.72917839087546377
3547,0.578125,0.34375,-0.069247736788214082,-0.76992022795712978,-0.067546935888002771,-0.77285061763659868
3548,0.59375,0.328125,0.025346635120369519,-0.72171996806508065,0.027438893247589729,-0.72418091483424041
3549,0.640625,0.40625,0.31325630070268895,-0.72210363032635139,0.31722791094964947,-0.72387030549793352
3550,0.65625,0.390625,0.37459740892835952,-0.63346374914357617,0.37871337353429768,-0.63453624982247581
3551,0.65625,0.421875,0.39322141063902755,-0.66496076368674706,0.39758871354156172,-0.66616203385546024
3552,0.671875,0.40625,0.44170124200443606,-0.57061561216110679,0.44612267772667619,-0.57109784706662203
3553,0.609375,0.59375,0.13392112664574574,-0.83086061061695471,0.13704221340979905,-0.83369990687852469
3554,0.59375,0.609375,0.029488864350873247,-0.84115566610230186,0.031988704275826653,-0.84428379249105234
3555,0.59375,0.578125,0.030939716084598248,-0.88299963532972103,0.033582802359248723,-0.88636387220749513
3556,0.578125,0.59375,-0.079205800178137206,-0.88005822861915095,-0.077230061986009138,-0.88363242171346612
3557,0.65625,0.640625,0.35046910753067528,-0.59265628626219369,0.35425998826385913,-0.59356438083228913
3558,0.640625,0.65625,0.27408298805916126,-0.63176393981659684,0.27745724550502049,-0.633118498179151
3559,0.671875,0.65625,0.38645454925618844,-0.49925380702672484,0.39019237898605647,-0.49949956298249415
3560,0.65625,0.671875,0.32143991086710527,-0.54355735873282951,0.3248403340293361,-0.54427143868478212
3561,0.640625,0.59375,0.31325630070268418,-0.72210363032634717,0.31722791094964864,-0.7238703054979333
3562,0.65625,0.609375,0.37459740892835414,-0.63346374914357173,0.37871337353429585,-0.6345362498224717
3563,0.65625,0.578125,0.39322141063902355,-0.66496076368674384,0.3975887135415605,-0.6661620338554578
3564,0.671875,0.59375,0.44170124200443139,-0.5706156121611029,0.44612267772667752,-0.57109784706662159
3565,0.59375,0.640625,0.027608870929301164,-0.7869441422684964,0.029923512748687792,-0.78976818633052259
3566,0.609375,0.65625,0.11719654941647457,-0.72689267317794259,0.11986167294801667,-0.72917839087545833
3567,0.578125,0.65625,-0.069247736788220521,-0.76992022795712511,-0.067546935888008586,-0.77285061763659535
3568,0.59375,0.671875,0.025346635120362521,-0.72171996806507566,0.027438893247585219,-0.72418091483423219
3569,0.390625,0.59375,-0.84170413431783908,0.014666994122906913,-0.84477062981694107,0.014328564595340975
3570,0.40625,0.609375,-0.8369718457069264,-0.090321532156854969,-0.83996095301480611,-0.091149611784180198
3571,0.40625,0.578125,-0.87864480646873866,-0.094801392033272702,-0.88182615914632079,-0.095692409801044973
3572,0.421875,0.59375,-0.85998662734702969,-0.20353681827754905,-0.86300487396008374,-0.20493159023240565
3573,0.34375,0.640625,-0.63661726098860572,0.26326088784814755,-0.63878122376800806,0.26416962874742383
3574,0.359375,0.65625,-0.66445547969098451,0.18189045178160707,-0.66674371726041359,0.18242739707779701
3575,0.328125,0.65625,-0.54919034295081171,0.31226188588035264,-0.55094159169279966,0.3134030542639154
3576,0.34375,0.671875,-0.58381447679036658,0.24140628139239811,-0.58573224889300413,0.24223080124131255
3577,0.359375,0.59375,-0.7595803963257054,0.20796775552591448,-0.76231712780610517,0.20857775851718643
3578,0.34375,0.609375,-0.68050669958737797,0.2814283434426576,-0.68287513156902679,0.28240504903467534
3579,0.34375,0.578125,-0.71438462840843897,0.29545292454465721,-0.71691081999697881,0.29648082518825275
3580,0.328125,0.59375,-0.62780635604936907,0.35699858820914437,-0.62991540567428572,0.3583278536605512
3581,0.40625,0.640625,-0.7829842936223842,-0.084516232603668418,-0.78572375808800332,-0.085264302151410898
3582,0.390625,0.65625,-0.73628829561687148,0.012793336998097151,-0.73885974367679474,0.012531593926574254
3583,0.421875,0.65625,-0.75227535518197153,-0.17808828550201802,-0.7548078297686649,-0.17923949338840686
3584,0.40625,0.671875,-0.71803331126274894,-0.077529655492409699,-0.72047149944473954,-0.078183703564567816
3585,0.390625,0.09375,-0.10510948350189429,0.0016767036268311498,-0.10462475591719866,0.0017723320999520691
3586,0.40625,0.109375,-0.1408151704843065,-0.015361170148641891,-0.14050387915097082,-0.015249443305408582
3587,0.40625,0.078125,-0.077319120303495428,-0.0085340442317754922,-0.076687938177331647,-0.0083247234174636097
3588,0.421875,0.09375,-0.10734798797317667,-0.025611598669453436,-0.10688239840912922,-0.025383684556103799
3589,0.34375,0.140625,-0.17592112017350992,0.072656062427418733,-0.17590804030091536,0.07274594081718197
3590,0.359375,0.15625,-0.22742872038020398,0.062164662205618275,-0.22762402707592658,0.062278770330603084
3591,0.328125,0.15625,-0.18799543109097389,0.10680908178191019,-0.18808983649712574,0.1069937532356586
3592,0.34375,0.171875,-0.24376111010021875,0.10071692664422906,-0.24407697557989841,0.10093744973580859
3593,0.359375,0.09375,-0.094887542852224754,0.025855900946753385,-0.094413368517713078,0.025830739130730467
3594,0.34375,0.109375,-0.11454698247030497,0.047265883836632334,-0.1142282469406501,0.047237990429829603
3595,0.34375,0.078125,-0.062935487653245609,0.02590365796244691,-0.062347088576680101,0.025782153246231045
3596,0.328125,0.09375,-0.078453549160514779,0.044503888994187342,-0.078015699159480353,0.0443778674935979
3597,0.40625,0.140625,-0.21631195736038553,-0.023492091600293905,-0.21637239379443501,-0.023482199701256031
3598,0.390625,0.15625,-0.25199168856039861,0.0042634999981809403,-0.25224385369729041,0.0042765381301630564
3599,0.421875,0.15625,-0.25743617378758127,-0.061094946276053615,-0.25768806378739406,-0.061193866551645978
3600,0.40625,0.171875,-0.29975793388545718,-0.032483981278275183,-0.30022273770388636,-0.032581161743971264
3601,0.609375,0.09375,0.017123981586572884,-0.10404822482201995,0.016979109708582393,-0.10325819877828125
3602,0.59375,0.109375,0.0052993252617984073,-0.14184176112797692,0.005356322340015404,-0.14123200697765639
3603,0.59375,0.078125,0.0031353540106035887,-0.078006521269137055,0.0029271615533356266,-0.077087287464290569
3604,0.578125,0.09375,-0.0095464542785573796,-0.11019532990037934,-0.0095594080737826589,-0.10944243090294253
3605,0.65625,0.140625,0.097197887214722112,-0.16405699613437277,0.097562039622025531,-0.16346061155327674
3606,0.640625,0.15625,0.094111600224018183,-0.21652243371576235,0.094727778453690112,-0.21614890889987365
3607,0.671875,0.15625,0.13261681097573799,-0.17117525033108244,0.13321584659763874,-0.1705319416782772
3608,0.65625,0.171875,0.13448716065943142,-0.22721457357631858,0.13536672479190279,-0.22680417643999543
3609,0.640625,0.09375,0.039569393257033229,-0.09045714847011295,0.039295907546373868,-0.089655599979191231
3610,0.65625,0.109375,0.063471299650057947,-0.10688972981037556,0.063356204705480659,-0.10614638956698468
3611,0.65625,0.078125,0.035123324733130748,-0.058775822892147951,0.034584638980640597,-0.057936641398823777
3612,0.671875,0.09375,0.055654661129481059,-0.071524284777057759,0.055260222603527198,-0.070734434523364406
3613,0.59375,0.140625,0.0078996354109587223,-0.21772017129338284,0.0082447045888944387,-0.21749105156742285
3614,0.609375,0.15625,0.040372341221835049,-0.24906912606183101,0.040924530303213927,-0.24894325102687606
3615,0.578125,0.15625,-0.023481796852535042,-0.26377887561184166,-0.023056765692053616,-0.26385254892370685
3616,0.59375,0.171875,0.010789573503926342,-0.30157118579368181,0.011437216880353519,-0.30177274634734774
3617,0.09375,0.390625,0.076214233223599992,0.071644746508859977,0.076816437658073985,0.071044847792581092
3618,0.109375,0.40625,0.090096668851740905,0.10867635855648669,0.090916345326155876,0.10819619381324244
3619,0.078125,0.40625,0.062360749041982411,0.0455320985427978,0.062750019027640949,0.044851877547496574
3620,0.09375,0.421875,0.0800159959535999,0.075210894979241785,0.080645219976378205,0.074585843269658822
3621,0.140625,0.34375,0.081498856324886959,0.17163090860339864,0.082462228762746281,0.17156341743189996
3622,0.15625,0.359375,0.073809462373960702,0.22361438440870177,0.07485476510227429,0.22380001421301468
3623,0.15625,0.328125,0.067673985038848472,0.205064819846769,0.068638087999163849,0.20521401287171381
3624,0.171875,0.34375,0.05084875012132789,0.25856376824673299,0.051837994470476115,0.25898512153451142
3625,0.09375,0.359375,0.071289925865121742,0.067024418657174206,0.071856189411624638,0.066457412445977637
3626,0.109375,0.34375,0.078795116171777341,0.09506714640807766,0.079517677494890901,0.094631390958494738
3627,0.078125,0.34375,0.054536351798693018,0.039830979822484451,0.054882677724425094,0.039228698532988188
3628,0.09375,0.328125,0.065366963042689352,0.061465222304624249,0.065888582781185701,0.060938301668244793
3629,0.140625,0.40625,0.093190942104874927,0.19620329574047682,0.094283026658626826,0.1961559598427372
3630,0.15625,0.390625,0.078910752912740731,0.23903281112971217,0.080022044882479687,0.23924855962555572
3631,0.15625,0.421875,0.082849327241971277,0.25093427253514372,0.084010636476500589,0.25117315323639577
3632,0.171875,0.40625,0.058154840670862691,0.29558541368339025,0.059269032042447566,0.29610905423699102
3633,0.09375,0.609375,0.076214233223600172,0.07164474650885877,0.076816437658075221,0.071044847792580287
3634,0.109375,0.59375,0.090096668851740946,0.10867635855648565,0.090916345326156806,0.10819619381324198
3635,0.078125,0.59375,0.062360749041982667,0.045532098542796787,0.062750019027642115,0.044851877547496095
3636,0.09375,0.578125,0.080015995953599983,0.075210894979240897,0.080645219976379134,0.074585843269658503
3637,0.140625,0.65625,0.081498856324886834,0.1716309086033973,0.082462228762747419,0.17156341743189771
3638,0.15625,0.640625,0.073809462373960258,0.22361438440870057,0.07485476510227429,0.22380001421301199
3639,0.15625,0.671875,0.067673985038848056,0.20506481984676736,0.068638087999164391,0.20521401287171051
3640,0.171875,0.65625,0.050848750121327141,0.25856376824673161,0.051837994470475351,0.25898512153450765
3641,0.09375,0.640625,0.071289925865122006,0.067024418657172735,0.071856189411626636,0.066457412445976499
3642,0.109375,0.65625,0.078795116171777563,0.095067146408076078,0.079517677494892913,0.094631390958492934
3643,0.078125,0.65625,0.054536351798693546,0.039830979822482883,0.054882677724427502,0.039228698532986973
3644,0.09375,0.671875,0.06536696304268981,0.061465222304622466,0.065888582781188171,0.060938301668242836
3645,0.140625,0.59375,0.093190942104874636,0.19620329574047568,0.094283026658626895,0.19615595984273645
3646,0.15625,0.609375,0.078910752912740273,0.23903281112971103,0.080022044882479229,0.23924855962555433
3647,0.15625,0.578125,0.082849327241970916,0.25093427253514261,0.084010636476499839,0.25117315323639439
3648,0.171875,0.59375,0.058154840670862191,0.29558541368338925,0.05926903204244674,0.29610905423699135
3649,0.90625,0.390625,0.060759782446473141,0.083704634796148661,0.059127278612246793,0.086302704375320241
3650,0.890625,0.40625,0.095097031269319995,0.10259819254349931,0.093827331527427671,0.1056544741870462
3651,0.921875,0.40625,0.037190696762682773,0.066334985321380824,0.035263638261558559,0.068577041879621936
3652,0.90625,0.421875,0.06372074488733559,0.087874309598629893,0.062073286751916472,0.090604219441718717
3653,0.859375,0.34375,0.15818904039762838,0.10329950434362427,0.15774331498102701,0.10651099499969377
3654,0.84375,0.359375,0.21042488588362718,0.10308709651454186,0.21052598961210792,0.10658225790643458
3655,0.84375,0.328125,0.19306497498245626,0.094500845010903251,0.19304386224760348,0.097730351728338063
3656,0.828125,0.34375,0.24812428070426287,0.085492368834891794,0.24868216515544037,0.088930428619004534
3657,0.90625,0.359375,0.056920866992225413,0.078303300591238842,0.055310619978593455,0.08073001512157571
3658,0.890625,0.34375,0.0833427792789279,0.089729952462290111,0.082066411593875094,0.092408039289119684
3659,0.921875,0.34375,0.032685477409614291,0.058038020135089595,0.030844935805581581,0.059979550757164844
3660,0.90625,0.328125,0.052297709268551394,0.071805993130563892,0.050718759579010023,0.074025579037787101
3661,0.859375,0.40625,0.18066246128774791,0.11814093559777733,0.18035209009486655,0.12177947043381836
3662,0.84375,0.390625,0.2248507993464586,0.11022655171880365,0.22505694521938169,0.11393993715996775
3663,0.84375,0.421875,0.23598392765785542,0.11573892930516159,0.23627322452888824,0.11961928694681265
3664,0.828125,0.40625,0.28348308587543963,0.097809850897465314,0.28432658979066638,0.10167923668531564
3665,0.90625,0.609375,0.060759782446471677,0.083704634796148217,0.059127278612247078,0.086302704375322142
3666,0.890625,0.59375,0.095097031269318621,0.10259819254349914,0.093827331527427421,0.10565447418704731
3667,0.921875,0.59375,0.037190696762681628,0.06633498532138038,0.035263638261558608,0.068577041879623712
3668,0.90625,0.578125,0.063720744887334549,0.087874309598629699,0.062073286751916291,0.090604219441719896
3669,0.859375,0.65625,0.1581890403976261,0.10329950434362416,0.15774331498102881,0.10651099499969581
3670,0.84375,0.640625,0.21042488588362496,0.10308709651454211,0.21052598961210986,0.10658225790643645
3671,0.84375,0.671875,0.19306497498245379,0.09450084501090332,0.19304386224760647,0.097730351728340159
3672,0.828125,0.65625,0.2481242807042604,0.085492368834892238,0.24868216515544311,0.088930428619006255
3673,0.90625,0.640625,0.056920866992223755,0.078303300591238204,0.055310619978594384,0.080730015121578264
3674,0.890625,0.65625,0.083342779278925902,0.089729952462289542,0.082066411593876468,0.092408039289122071
3675,0.921875,0.65625,0.032685477409612702,0.058038020135088679,0.030844935805582462,0.059979550757167661
3676,0.90625,0.671875,0.0522977092685495,0.071805993130563073,0.050718759579011875,0.074025579037790418
3677,0.859375,0.59375,0.18066246128774621,0.11814093559777733,0.18035209009486602,0.12177947043381919
3678,0.84375,0.609375,0.22485079934645663,0.11022655171880383,0.22505694521938177,0.11393993715996897
3679,0.84375,0.578125,0.23598392765785386,0.11573892930516168,0.23627322452888769,0.1196192869468134
3680,0.828125,0.59375,0.28348308587543769,0.097809850897465633,0.28432658979066422,0.10167923668531584
3681,0.609375,0.90625,0.01712398158657024,-0.10404822482202472,0.016979109708591466,-0.10325819877829033
3682,0.59375,0.890625,0.0052993252617949509,-0.14184176112798141,0.0053563223400231348,-0.14123200697766855
3683,0.59375,0.921875,0.003135354010601484,-0.078006521269142273,0.0029271615533454274,-0.077087287464299742
3684,0.578125,0.90625,-0.0095464542785602905,-0.11019532990038433,-0.0095594080737739524,-0.10944243090295448
3685,0.65625,0.859375,0.097197887214718046,-0.16405699613437549,0.097562039622033345,-0.1634606115532842
3686,0.640625,0.84375,0.094111600224013506,-0.21652243371576466,0.09472777845369626,-0.21614890889988184
3687,0.671875,0.84375,0.1326168109757335,-0.17117525033108449,0.1332158465976459,-0.17053194167828314
3688,0.65625,0.828125,0.13448716065942631,-0.2272145735763203,0.13536672479190895,-0.22680417644000303
3689,0.640625,0.90625,0.039569393257030835,-0.090457148470117321,0.03929590754638302,-0.089655599979197462
3690,0.65625,0.890625,0.063471299650055046,-0.10688972981037938,0.063356204705489291,-0.10614638956699059
3691,0.65625,0.921875,0.035123324733129062,-0.058775822892152427,0.034584638980650312,-0.057936641398828016
3692,0.671875,0.90625,0.055654661129478811,-0.071524284777061728,0.055260222603536059,-0.070734434523367973
3693,0.59375,0.859375,0.0078996354109539708,-0.21772017129338642,0.0082447045888999187,-0.2174910515674362
3694,0.609375,0.84375,0.040372341221829887,-0.24906912606183371,0.040924530303218978,-0.24894325102688783
3695,0.578125,0.84375,-0.023481796852540565,-0.26377887561184477,-0.023056765692049914,-0.26385254892372256
3696,0.59375,0.828125,0.010789573503920428,-0.30157118579368369,0.011437216880356918,-0.30177274634736379
3697,0.390625,0.90625,-0.10510948350189651,0.0016767036268250156,-0.10462475591719202,0.0017723320999355706
3698,0.40625,0.890625,-0.14081517048430964,-0.015361170148647947,-0.14050387915096518,-0.015249443305426703
3699,0.40625,0.921875,-0.077319120303497205,-0.0085340442317817979,-0.076687938177323486,-0.008324723417479224
3700,0.421875,0.90625,-0.1073479879731794,-0.025611598669459695,-0.10688239840912236,-0.025383684556121083
3701,0.34375,0.859375,-0.17592112017351266,0.072656062427413182,-0.17590804030091303,0.072745940817164387
3702,0.359375,0.84375,-0.22742872038020789,0.062164662205612953,-0.22762402707592713,0.062278770330584293
3703,0.328125,0.84375,-0.1879954310909768,0.10680908178190489,-0.18808983649712518,0.10699375323564154
3704,0.34375,0.828125,-0.24376111010022294,0.10071692664422405,-0.24407697557990016,0.10093744973579023
3705,0.359375,0.90625,-0.094887542852226378,0.025855900946747484,-0.094413368517706625,0.025830739130715256
3706,0.34375,0.890625,-0.11454698247030676,0.047265883836626617,-0.11422824694064491,0.047237990429814004
3707,0.34375,0.921875,-0.062935487653246289,0.025903657962441162,-0.062347088576672059,0.025782153246217826
3708,0.328125,0.90625,-0.07845354916051564,0.04450388899418177,-0.078015699159474053,0.044377867493584515
3709,0.40625,0.859375,-0.21631195736038994,-0.023492091600299459,-0.21637239379443349,-0.023482199701276216
3710,0.390625,0.84375,-0.25199168856040333,0.0042634999981756407,-0.25224385369729119,0.0042765381301425104
3711,0.421875,0.84375,-0.25743617378758643,-0.061094946276058749,-0.25768806378739484,-0.061193866551667572
3712,0.40625,0.828125,-0.29975793388546285,-0.032483981278280054,-0.30022273770388719,-0.032581161743992761
3713,0.09375,0.015625,0.00038104323068119432,0.00030873445583439303,0.00029205609900162267,0.00026883908246393969
3714,0.109375,0.03125,0.0014849420692194212,0.0017598482273423349,0.0014021787344795978,0.0016676190587065361
3715,0.078125,0.03125,0.0010281385599023409,0.0006922727669427211,0.00096767628649067005,0.00069038882874056381
3716,0.09375,0.046875,0.0027383919233101559,0.0025317574496154707,0.0026826070025310306,0.0024799726412146339
3717,0.15625,0.015625,0.00036294857910844309,0.0012026519895926261,0.00030403940779935638,0.00090911914882664513
3718,0.140625,0.03125,0.0015251688287566236,0.0032366027179694889,0.0014540651762754288,0.0030246165627991722
3719,0.171875,0.03125,0.00092323557972654737,0.0049074425005252303,0.00091383644691595499,0.0045665849022958598
3720,0.15625,0.046875,0.0028189022800486517,0.0086152599680698865,0.0027945409681730902,0.0083550185767723231
3721,0.015625,0.09375,0.00044128749593150263,1.1443316305206699e-05,0.00039468962893494139,3.8320485718594793e-05
3722,0.03125,0.109375,0.0021569321314346425,0.00053993996469930722,0.0021166736055084298,0.00051296176177886052
3723,0.03125,0.078125,0.0011803856819809434,0.00026112154911761087,0.0011551457963275742,0.00027934124932370443
3724,0.046875,0.09375,0.0034278315920614278,0.0013412647335682394,0.0034094432682203555,0.0013109286691982242
3725,0.015625,0.15625,0.0010660689476076647,0.00013425324713298501,0.00095201025127215541,9.4199252488855829e-05
3726,0.03125,0.140625,0.0033194909530271099,0.00086994506093860226,0.00325981247337011,0.00079067200137559123
3727,0.03125,0.171875,0.0046054804390306455,0.0012324860716187997,0.0045232257662586629,0.0010975583102129094
3728,0.046875,0.15625,0.0082388959632018963,0.0033197148208329837,0.008220454075928153,0.0031625229827479157
3729,0.90625,0.015625,0.00082884721211632371,0.00076709725589566642,0.00023254562464710321,0.00033351480122556894
3730,0.890625,0.03125,0.0021608848968534705,0.001960698317221319,0.0014558213619652041,0.0016336338144597629
3731,0.921875,0.03125,0.0011633247840859855,0.0014246026126261764,0.00055208648670635949,0.0010626700547395412
3732,0.90625,0.046875,0.002794862770249889,0.0032613429797852997,0.0020740588475546651,0.0030178168424176751
3733,0.84375,0.015625,0.0017188505957217229,0.00081161898043348077,0.00086431512474699707,0.00043750368955939288
3734,0.859375,0.03125,0.0036046117926664249,0.0021641795185581461,0.0027906513749211782,0.0018816204887832472
3735,0.828125,0.03125,0.0053285896269875555,0.0017809598378982884,0.0043945566937618153,0.0015710239791343974
3736,0.84375,0.046875,0.0087536777411984963,0.0040901986520553149,0.0078695490672011873,0.0039812678753870217
3737,0.984375,0.09375,0.00078212774869083901,0.00073966026677843664,-6.4258033062182739e-06,0.0004008171185431327
3738,0.96875,0.109375,0.0011526385704463387,0.0023587799900582247,0.0002141550483244829,0.0021711117457093487
3739,0.96875,0.078125,0.00086648219482549126,0.0014823372517524538,0.00012052358065021678,0.0011878566016650051
3740,0.953125,0.09375,0.0016938239000843904,0.0037132657312521828,0.0008144856537859891,0.0035659212417913631
3741,0.984375,0.15625,0.0011430009312317854,0.0011332328427529779,-2.7036224450339181e-05,0.00095655692939721263
3742,0.96875,0.140625,0.0014573733254431593,0.0034108469275514783,0.00032490607159501336,0.003340208962521882
3743,0.96875,0.171875,0.001768178598564543,0.0045774429682129874,0.00044689603719269354,0.0046323502475121509
3744,0.953125,0.15625,0.0032063114601593541,0.0084234238725641331,0.0019503971691008769,0.0085898589023073804
3745,0.984375,0.90625,0.00078212774869177945,0.00073966026677682443,-6.4258033077052877e-06,0.00040081711854704591
3746,0.96875,0.890625,0.0011526385704469075,0.0023587799900563833,0.00021415504832376326,0.0021711117457135975
3747,0.96875,0.921875,0.00086648219482640893,0.0014823372517508461,0.00012052358064898973,0.0011878566016689804
3748,0.953125,0.90625,0.0016938239000849379,0.0037132657312503397,0.00081448565378558664,0.0035659212417956652
3749,0.984375,0.84375,0.0011430009312320747,0.0011332328427509709,-2.7036224451046911e-05,0.00095655692940151778
3750,0.96875,0.859375,0.0014573733254433694,0.0034108469275494812,0.00032490607159471087,0.0033402089625262704
3751,0.96875,0.828125,0.0017681785985644107,0.0045774429682109118,0.0004468960371926968,0.0046323502475165649
3752,0.953125,0.84375,0.003206311460159132,0.0084234238725620688,0.0019503971691013585,0.008589858902311889
3753,0.90625,0.984375,0.00082884721211749096,0.00076709725589401117,0.00023254562464652872,0.00033351480123002209
3754,0.890625,0.96875,0.0021608848968543166,0.0019606983172193639,0.0014558213619657379,0.0016336338144645151
3755,0.921875,0.96875,0.0011633247840870369,0.0014246026126245397,0.00055208648670569726,0.0010626700547438225
3756,0.90625,0.953125,0.0027948627702506002,0.0032613429797833842,0.0020740588475550411,0.0030178168424222851
3757,0.84375,0.984375,0.001718850595722621,0.00081161898043115538,0.00086431512474898344,0.00043750368956462236
3758,0.859375,0.96875,0.0036046117926670867,0.0021641795185558805,0.0027906513749230487,0.001881620488788253
3759,0.828125,0.96875,0.0053285896269880699,0.0017809598378957078,0.0043945566937651096,0.0015710239791393863
3760,0.84375,0.953125,0.0087536777411987409,0.0040901986520528342,0.0078695490672042786,0.0039812678753918494
3761,0.015625,0.90625,0.00044128749593386131,1.144331630548352e-05,0.00039468962893945839,3.8320485721788161e-05
3762,0.03125,0.890625,0.0021569321314370794,0.00053993996469907813,0.0021166736055136144,0.00051296176178109668
3763,0.03125,0.921875,0.0011803856819833196,0.00026112154911779909,0.0011551457963322944,0.00027934124932671445
3764,0.046875,0.90625,0.0034278315920638924,0.0013412647335679006,0.0034094432682258212,0.0013109286692002337
3765,0.015625,0.84375,0.001066068947610061,0.00013425324713253967,0.00095201025127724574,9.4199252490670526e-05
3766,0.03125,0.859375,0.0033194909530295208,0.00086994506093800964,0.0032598124733754794,0.00079067200137708537
3767,0.03125,0.828125,0.0046054804390329475,0.0012324860716179048,0.004523225766263979,0.0010975583102137425
3768,0.046875,0.84375,0.0082388959632042225,0.0033197148208319312,0.0082204540759337873,0.0031625229827483563
3769,0.09375,0.984375,0.00038104323068383051,0.00030873445583448964,0.00029205609900730947,0.00026883908246695248
3770,0.109375,0.96875,0.0014849420692221627,0.0017598482273418229,0.0014021787344862199,0.0016676190587083198
3771,0.078125,0.96875,0.0010281385599048823,0.00069227276694279363,0.00096767628649609258,0.00069038882874343087
3772,0.09375,0.953125,0.0027383919233128001,0.0025317574496149567,0.0026826070025373176,0.002479972641216304
3773,0.15625,0.984375,0.00036294857911143424,0.0012026519895915432,0.000304039407807513,0.0009091191488275241
3774,0.140625,0.96875,0.0015251688287594735,0.0032366027179683652,0.0014540651762831645,0.0030246165627997377
3775,0.171875,0.96875,0.00092323557972940273,0.0049074425005234783,0.00091383644692465756,0.0045665849022950376
3776,0.15625,0.953125,0.0028189022800513678,0.0086152599680681154,0.0027945409681813405,0.008355018576771284
3777,0.484375,0.40625,-0.68930848870492745,-0.61934080559748594,-0.69104108804621722,-0.6225898673809801
3778,0.46875,0.390625,-0.73686864908030847,-0.51184944460558357,-0.73898505081071564,-0.5146122458898662
3779,0.46875,0.421875,-0.7735623021105944,-0.53731146172138167,-0.77581750739352839,-0.54026111102906071
3780,0.453125,0.40625,-0.80823389513736443,-0.42304342066152556,-0.81079770210963165,-0.42545752795525416
3781,0.515625,0.40625,-0.51484656630579173,-0.77047715862881339,-0.5154554721669079,-0.77424876531655362
3782,0.53125,0.390625,-0.40168148800921927,-0.80222993937199027,-0.40165268270991228,-0.80597709740586587
3783,0.53125,0.421875,-0.42169154859419006,-0.84214317417759688,-0.42167195800824436,-0.8461480158473127
3784,0.546875,0.40625,-0.30368073115540611,-0.86016516109379482,-0.30300181664743414,-0.86405746380294401
3785,0.484375,0.34375,-0.60296162418373922,-0.54183011183773122,-0.6044033674491035,-0.5445351864630894
3786,0.46875,0.359375,-0.68933201862678195,-0.47886153107637552,-0.69126788479892709,-0.48138361115316541
3787,0.46875,0.328125,-0.6321422181505526,-0.4391721055516361,-0.63385981565469063,-0.4414065132033545
3788,0.453125,0.34375,-0.7069984854477922,-0.3701100802932269,-0.70914590483063489,-0.37211767837287107
3789,0.515625,0.34375,-0.4503433414017175,-0.67404588264553777,-0.45083123492084182,-0.67718037661564434
3790,0.53125,0.359375,-0.37575861348608336,-0.75052013698760012,-0.3757173235053255,-0.75393485415023942
3791,0.53125,0.328125,-0.34457178945121175,-0.68830647487134433,-0.34451474159257628,-0.69132327432417273
3792,0.546875,0.34375,-0.26561724566297978,-0.75250978698543236,-0.26501328343387465,-0.75572968116802541
3793,0.40625,0.484375,-0.92133117618786287,-0.099389053859661902,-0.9247090596976475,-0.1003456197866083
3794,0.390625,0.46875,-0.89705852969388955,0.015653726071214832,-0.90038409959846277,0.015272193964619258
3795,0.421875,0.46875,-0.91654664441476286,-0.21689705623935446,-0.91981880262579807,-0.21842238225490854
3796,0.40625,0.453125,-0.90698978462848023,-0.09784786085790903,-0.91030168234558406,-0.098782281882999756
3797,0.40625,0.515625,-0.9213311761878632,-0.099389053859661805,-0.92470905969764927,-0.10034561978660965
3798,0.390625,0.53125,-0.89705852969388999,0.015653726071214864,-0.90038409959846977,0.015272193964616388
3799,0.421875,0.53125,-0.91654664441476408,-0.2168970562393541,-0.91981880262580096,-0.21842238225491106
3800,0.40625,0.546875,-0.90698978462848145,-0.097847860857908656,-0.91030168234559372,-0.098782281883003906
3801,0.34375,0.484375,-0.74908612625435034,0.30981958614999444,-0.75177387180342192,0.31089878355520534
3802,0.359375,0.46875,-0.80953060298988422,0.22166384940122186,-0.8125024158599965,0.22230927460411257
3803,0.328125,0.46875,-0.66908721729750609,0.3804926433922971,-0.67138429113666587,0.38191776458290594
3804,0.34375,0.453125,-0.73742745355406125,0.30499268497463483,-0.74006092528466583,0.30605477710785567
3805,0.34375,0.515625,-0.74908612625435045,0.309819586149994,-0.7517738718034257,0.31089878355520473
3806,0.359375,0.53125,-0.80953060298988444,0.22166384940122125,-0.81250241586000171,0.22230927460410974
3807,0.328125,0.53125,-0.66908721729750642,0.38049264339229649,-0.67138429113666909,0.38191776458290266
3808,0.34375,0.546875,-0.73742745355406181,0.30499268497463422,-0.7400609252846696,0.30605477710784956
3809,0.59375,0.484375,0.032425517285650858,-0.9258595139305742,0.035215645989250866,-0.92946684353413278
3810,0.609375,0.46875,0.14270243058754781,-0.88545028335656029,0.14606364752708573,-0.88858375312366811
3811,0.578125,0.46875,-0.084435503623386921,-0.9378882813044227,-0.082314651081716858,-0.94180353255207305
3812,0.59375,0.453125,0.031926370926338876,-0.91146001370674157,0.034667059781444722,-0.91498553187721843
3813,0.59375,0.515625,0.032425517285650157,-0.9258595139305742,0.035215645989250158,-0.92946684353413367
3814,0.609375,0.53125,0.14270243058754656,-0.88545028335656017,0.14606364752708426,-0.88858375312366678
3815,0.578125,0.53125,-0.084435503623388378,-0.93788828130442203,-0.082314651081718954,-0.94180353255207583
3816,0.59375,0.546875,0.031926370926336753,-0.91146001370674057,0.034667059781442591,-0.91498553187721687
3817,0.65625,0.484375,0.41229771151382166,-0.69722177450986011,0.41692288176172432,-0.69855657294814555
3818,0.640625,0.46875,0.33382522844943674,-0.76953659450679435,0.3381113429244606,-0.77152371419679122
3819,0.671875,0.46875,0.47070991137327445,-0.60808281894576532,0.47549147433429084,-0.60869379542633495
3820,0.65625,0.453125,0.40588869362169677,-0.68638322003960939,0.41042717818061125,-0.68767297608890565
3821,0.65625,0.515625,0.41229771151382066,-0.69722177450985912,0.41692288176172471,-0.69855657294814621
3822,0.640625,0.53125,0.33382522844943524,-0.7695365945067929,0.33811134292445988,-0.77152371419679067
3823,0.671875,0.53125,0.47070991137327289,-0.60808281894576399,0.47549147433429095,-0.60869379542633439
3824,0.65625,0.546875,0.4058886936216945,-0.6863832200396075,0.41042717818060942,-0.68767297608890288
3825,0.515625,0.59375,-0.51484656630579495,-0.77047715862881083,-0.51545547216691501,-0.7742487653165584
3826,0.53125,0.609375,-0.40168148800922321,-0.80222993937198683,-0.40165268270992122,-0.80597709740587353
3827,0.53125,0.578125,-0.421691548594193,-0.8421431741775941,-0.42167195800824914,-0.84614801584731592
3828,0.546875,0.59375,-0.30368073115540983,-0.86016516109379215,-0.3030018166474413,-0.86405746380294945
3829,0.484375,0.59375,-0.68930848870493067,-0.61934080559748428,-0.69104108804622377,-0.62258986738098543
3830,0.46875,0.609375,-0.7368686490803118,-0.51184944460558179,-0.73898505081072108,-0.5146122458898712
3831,0.46875,0.578125,-0.77356230211059707,-0.53731146172138022,-0.7758175073935335,-0.54026111102906438
3832,0.453125,0.59375,-0.80823389513736676,-0.42304342066152384,-0.8107977021096342,-0.4254575279552576
3833,0.515625,0.65625,-0.450343341401723,-0.67404588264553444,-0.45083123492085209,-0.67718037661565222
3834,0.53125,0.640625,-0.37575861348608847,-0.75052013698759634,-0.37571732350533477,-0.75393485415024519
3835,0.53125,0.671875,-0.34457178945121814,-0.688306474871341,-0.34451474159258477,-0.69132327432417751
3836,0.546875,0.65625,-0.26561724566298583,-0.75250978698542836,-0.26501328343388225,-0.75572968116802663
3837,0.484375,0.65625,-0.60296162418374422,-0.54183011183772867,-0.60440336744911782,-0.54453518646310217
3838,0.46875,0.640625,-0.6893320186267855,-0.47886153107637314,-0.69126788479894097,-0.48138361115317757
3839,0.46875,0.671875,-0.63214221815055849,-0.43917210555163477,-0.63385981565470917,-0.4414065132033716
3840,0.453125,0.65625,-0.7069984854477972,-0.37011008029322573,-0.70914590483065187,-0.37211767837288634
3841,0.40625,0.015625,-0.0042215267186038021,-0.00075665219479434029,-0.0031928365557965526,-0.00035097434326462982
3842,0.390625,0.03125,-0.014010340857011052,8.1926669366926424e-06,-0.013029080434581333,0.00021754179625191534
3843,0.421875,0.03125,-0.014235983666119313,-0.0036664369368093236,-0.013309125074908071,-0.0031648936632576318
3844,0.40625,0.046875,-0.030212339145516208,-0.0034923725912800589,-0.029334533266563621,-0.0031867209378275661
3845,0.34375,0.015625,-0.0035650924148235581,0.0012476672660457024,-0.0025976468224501842,0.0010710908618177574
3846,0.359375,0.03125,-0.012702977091047748,0.0032782652901728582,-0.011758236211337593,0.003214360835676216
3847,0.328125,0.03125,-0.010547113984928851,0.0058142210762596406,-0.0097166626019533926,0.0055248681720539592
3848,0.34375,0.046875,-0.024658704434584806,0.010037687686731789,-0.023849857807102026,0.0098609969425584951
3849,0.59375,0.015625,0.00076712401928629066,-0.0044456189263528895,0.00013154499142271816,-0.0032123853453987173
3850,0.609375,0.03125,0.002810743022556472,-0.013999021373577983,0.0021229968694239727,-0.012860919081141809
3851,0.578125,0.03125,-0.00079173193529821794,-0.014872383154381275,-0.0011826943001174818,-0.013631957216389639
3852,0.59375,0.046875,0.0015673301157343405,-0.030624370303525699,0.0011252487662271435,-0.029489542353766784
3853,0.65625,0.015625,0.0025842809161188856,-0.0032404970439828223,0.0014507556190353605,-0.0024124298336902269
3854,0.640625,0.03125,0.0058318903912846394,-0.012130995837920159,0.0049026382251787992,-0.011165996207556974
3855,0.671875,0.03125,0.007988802740129532,-0.0095534519578653471,0.0068908999412547129,-0.0088087704650333699
3856,0.65625,0.046875,0.014121405122032577,-0.023034125553458063,0.013235715805135115,-0.022162766948922278
3857,0.484375,0.09375,-0.085920477408738927,-0.077600637135328776,-0.085582904814907337,-0.077111732658180929
3858,0.46875,0.109375,-0.12387711340227119,-0.086360079019313335,-0.1236117083013388,-0.086085188127830864
3859,0.46875,0.078125,-0.067947911286979232,-0.047555546696530976,-0.067466974193953907,-0.046987983000947559
3860,0.453125,0.09375,-0.10083154436908293,-0.053058561792837917,-0.10041570936451825,-0.052696410486843918
3861,0.515625,0.09375,-0.064071138269567174,-0.096494991504043906,-0.063835616108493656,-0.095895030569654927
3862,0.53125,0.109375,-0.06736425780195919,-0.135270193659946,-0.067182732930974917,-0.13482395761424357
3863,0.53125,0.078125,-0.036834870931953832,-0.07441954131271343,-0.036666321711951229,-0.073590088755654801
3864,0.546875,0.09375,-0.037638440296206041,-0.10770720087778403,-0.037522214236643293,-0.10701802937794321
3865,0.484375,0.15625,-0.20626640704603652,-0.18564359012662893,-0.20633949240065311,-0.18590539389716307
3866,0.46875,0.140625,-0.19036432656405061,-0.13250851379318418,-0.19035999976384319,-0.1325666239336962
3867,0.46875,0.171875,-0.26384517394747709,-0.18351884684006128,-0.26413050969263718,-0.18393823211457425
3868,0.453125,0.15625,-0.24190847268482238,-0.12684385682396221,-0.24209876315572304,-0.12704223739895432
3869,0.515625,0.15625,-0.15399445556270808,-0.23092114477562159,-0.15390992611741697,-0.23119039463764957
3870,0.53125,0.140625,-0.10364000084102916,-0.20761871778983507,-0.10346223902481455,-0.20762269308749343
3871,0.53125,0.171875,-0.14372173866651075,-0.28758009682247943,-0.14355835506206163,-0.28808022239235698
3872,0.546875,0.15625,-0.090731438564081571,-0.25779948109253514,-0.090471718628334197,-0.25800721143031968
3873,0.015625,0.40625,0.003613394046781794,0.00057192740578598637,0.0031894901454139826,0.00031756593020235499
3874,0.03125,0.390625,0.012915996492038026,0.0035227237877497389,0.012656147652286497,0.003072215997080309
3875,0.03125,0.421875,0.013563495043777787,0.003698195095410123,0.013287025931692535,0.0032253452507379531
3876,0.046875,0.40625,0.027603506237303562,0.011195298220350512,0.027532006264073618,0.010593405954768447
3877,0.015625,0.34375,0.0031521558709248472,0.00049832410980722415,0.0027894684514615932,0.00027771595972604304
3878,0.03125,0.359375,0.012077828187117818,0.0032950716437167666,0.011838842642342333,0.00287382857375185
3879,0.03125,0.328125,0.011070428908752535,0.0030206349365305379,0.010855565463762658,0.0026351412951954719
3880,0.046875,0.34375,0.024135404911558349,0.0097932264942623207,0.024080074776746313,0.0092652747279001295
3881,0.015625,0.59375,0.0036133940467824453,0.00057192740578527221,0.0031894901454153583,0.0003175659302024601
3882,0.03125,0.609375,0.012915996492038697,0.0035227237877488303,0.012656147652288143,0.0030722159970801442
3883,0.03125,0.578125,0.013563495043778245,0.0036981950954094356,0.013287025931693605,0.0032253452507378824
3884,0.046875,0.59375,0.027603506237304041,0.011195298220349629,0.027532006264074777,0.010593405954768091
3885,0.015625,0.65625,0.0031521558709259783,0.00049832410980621671,0.0027894684514642365,0.00027771595972617206
3886,0.03125,0.640625,0.012077828187118708,0.0032950716437156837,0.01183884264234469,0.0028738285737516722
3887,0.03125,0.671875,0.01107042890875367,0.0030206349365292946,0.010855565463765645,0.0026351412951951978
3888,0.046875,0.65625,0.024135404911559261,0.0097932264942610196,0.024080074776748978,0.0092652747278995883
3889,0.09375,0.484375,0.083910837073000816,0.078863535807400978,0.084567085493642349,0.078212912215317454
3890,0.109375,0.46875,0.09603293370730058,0.11582209895673523,0.096901777834053557,0.11531901934463334
3891,0.078125,0.46875,0.066470873396650906,0.048525104357781429,0.066881158478839686,0.04780457923744532
3892,0.09375,0.453125,0.082602211784410948,0.077636378277662982,0.08324945436504104,0.076994325509671141
3893,0.09375,0.515625,0.083910837073000816,0.07886353580740077,0.084567085493642224,0.078212912215317176
3894,0.109375,0.53125,0.096032933707300594,0.11582209895673481,0.096901777834052946,0.1153190193446324
3895,0.078125,0.53125,0.066470873396650948,0.048525104357781026,0.066881158478839575,0.047804579237444821
3896,0.09375,0.546875,0.08260221178441092,0.077636378277662357,0.083249454365040887,0.076994325509670419
3897,0.15625,0.484375,0.086884476840188435,0.26312515897705424,0.088096199022606861,0.26338761960424134
3898,0.140625,0.46875,0.099332515305137703,0.20910618359634739,0.10049012248244622,0.20906942170442
3899,0.171875,0.46875,0.061993442935052843,0.31502593518640648,0.063171081130278528,0.31560271693714625
3900,0.15625,0.453125,0.08552869327528706,0.25902937074832622,0.086723570241343251,0.25928392271396572
3901,0.15625,0.515625,0.086884476840188379,0.26312515897705413,0.088096199022606722,0.26338761960424167
3902,0.140625,0.53125,0.099332515305137578,0.20910618359634697,0.10049012248244608,0.20906942170442047
3903,0.171875,0.53125,0.061993442935052691,0.31502593518640598,0.06317108113027807,0.31560271693714664
3904,0.15625,0.546875,0.085528693275286866,0.25902937074832549,0.086723570241342959,0.25928392271396644
3905,0.984375,0.40625,0.0020755124260634652,0.0026499350340456079,-0.00011787746978959367,0.0031860109623395587
3906,0.96875,0.390625,0.0034522100866985149,0.012062844853003038,0.0012271204276735302,0.012949262876820598
3907,0.96875,0.421875,0.0035680262235751148,0.012639778575860565,0.0012874050110002553,0.013594307873484068
3908,0.953125,0.40625,0.0087326362141663966,0.027407791895597389,0.0065011140085732408,0.028756387466435222
3909,0.984375,0.34375,0.0019422494317379657,0.0023909541430725458,-0.00010111492984238893,0.0027877107092250282
3910,0.96875,0.359375,0.0032996486826939414,0.011314532575657014,0.0011489807841306686,0.012113579836763923
3911,0.96875,0.328125,0.0031121219364483492,0.010412941591425558,0.0010549088205944516,0.011108155768309482
3912,0.953125,0.34375,0.007781780163384865,0.024017223238981443,0.0056882863852829825,0.025151788107295882
3913,0.984375,0.59375,0.0020755124260628268,0.0026499350340447236,-0.00011787746979008862,0.0031860109623413836
3914,0.96875,0.609375,0.0034522100866976593,0.01206284485300211,0.0012271204276732767,0.012949262876822798
3915,0.96875,0.578125,0.0035680262235744612,0.012639778575859897,0.0012874050109999379,0.013594307873485683
3916,0.953125,0.59375,0.0087326362141655102,0.027407791895596698,0.006501114008573108,0.02875638746643731
3917,0.984375,0.65625,0.0019422494317371355,0.0023909541430711294,-0.00010111492984280016,0.0027877107092279209
3918,0.96875,0.640625,0.0032996486826929574,0.011314532575655852,0.0011489807841305172,0.012113579836766628
3919,0.96875,0.671875,0.0031121219364472967,0.010412941591424115,0.0010549088205944878,0.011108155768312733
3920,0.953125,0.65625,0.0077817801633836125,0.024017223238980263,0.0056882863852832253,0.0251517881072988
3921,0.90625,0.484375,0.066751715604039891,0.092145685164067084,0.065090877120880811,0.095010304014667091
3922,0.890625,0.46875,0.10126390408706844,0.10935690904920484,0.10000286800286408,0.11261015934398738
3923,0.921875,0.46875,0.039551236900980689,0.070692011068432509,0.037583802558641577,0.073091560621627902
3924,0.90625,0.453125,0.065733618111930098,0.090710594345771833,0.064077060158580848,0.093529990340724289
3925,0.90625,0.515625,0.066751715604039696,0.092145685164067043,0.065090877120880936,0.095010304014667576
3926,0.890625,0.53125,0.10126390408706801,0.10935690904920482,0.10000286800286445,0.11261015934398844
3927,0.921875,0.53125,0.039551236900980336,0.070692011068432398,0.037583802558641771,0.073091560621628804
3928,0.90625,0.546875,0.065733618111929557,0.090710594345771695,0.064077060158581056,0.093529990340725441
3929,0.84375,0.484375,0.24738584042553222,0.12138656709873438,0.24776212742666784,0.12543671440530277
3930,0.859375,0.46875,0.19245811601583715,0.125937009067878,0.19222380231503014,0.12979694237939748
3931,0.828125,0.46875,0.302045263360746,0.10428164994532227,0.30304328571565409,0.10837365641147639
3932,0.84375,0.453125,0.24355534325743858,0.11948899143792452,0.24390220170190555,0.12348222994292295
3933,0.84375,0.515625,0.24738584042553199,0.1213865670987344,0.2477621274266685,0.1254367144053033
3934,0.859375,0.53125,0.19245811601583662,0.12593700906787803,0.19222380231503,0.12979694237939798
3935,0.828125,0.53125,0.30204526336074528,0.10428164994532239,0.30304328571565375,0.10837365641147667
3936,0.84375,0.546875,0.24355534325743763,0.11948899143792464,0.24390220170190474,0.12348222994292327
3937,0.59375,0.984375,0.0007671240192870135,-0.004445618926358484,0.00013154499143510818,-0.003212385345402038
3938,0.609375,0.96875,0.0028107430225565258,-0.013999021373583409,0.0021229968694355759,-0.01286091908114558
3939,0.578125,0.96875,-0.00079173193529823627,-0.01487238315438711,-0.001182694300105295,-0.013631957216395445
3940,0.59375,0.953125,0.0015673301157336451,-0.030624370303531281,0.0011252487662385088,-0.029489542353772994
3941,0.65625,0.984375,0.0025842809161196233,-0.0032404970439875226,0.0014507556190456836,-0.0024124298336899485
3942,0.640625,0.96875,0.0058318903912847617,-0.012130995837925117,0.0049026382251896464,-0.011165996207558806
3943,0.671875,0.96875,0.0079888027401296847,-0.0095534519578698834,0.006890899941264547,-0.0088087704650333838
3944,0.65625,0.953125,0.01412140512203211,-0.023034125553462789,0.013235715805145347,-0.022162766948924377
3945,0.40625,0.984375,-0.0042215267186025088,-0.0007566521948003536,-0.0031928365557832104,-0.00035097434327363997
3946,0.390625,0.96875,-0.014010340857010344,8.1926669306905432e-06,-0.013029080434569277,0.00021754179624147214
3947,0.421875,0.96875,-0.014235983666118921,-0.0036664369368156462,-0.01330912507489577,-0.0031648936632685909
3948,0.40625,0.953125,-0.030212339145516458,-0.0034923725912863459,-0.029334533266552804,-0.0031867209378400765
3949,0.34375,0.984375,-0.0035650924148216152,0.0012476672660406509,-0.0025976468224374969,0.0010710908618104338
3950,0.359375,0.96875,-0.01270297709104664,0.0032782652901673097,-0.011758236211325714,0.0032143608356667353
3951,0.328125,0.96875,-0.010547113984927341,0.0058142210762546342,-0.0097166626019418376,0.0055248681720456863
3952,0.34375,0.953125,-0.024658704434584136,0.010037687686726316,-0.023849857807091299,0.009860996942548033
3953,0.515625,0.90625,-0.064071138269570393,-0.096494991504049721,-0.063835616108486176,-0.095895030569670706
3954,0.53125,0.890625,-0.067364257801963062,-0.13527019365995122,-0.067182732930968325,-0.13482395761425947
3955,0.53125,0.921875,-0.036834870931956309,-0.074419541312719453,-0.036666321711941799,-0.073590088755667832
3956,0.546875,0.90625,-0.037638440296209219,-0.10770720087778948,-0.037522214236634932,-0.10701802937795692
3957,0.484375,0.90625,-0.085920477408742091,-0.077600637135334855,-0.085582904814900787,-0.077111732658198096
3958,0.46875,0.890625,-0.12387711340227506,-0.086360079019319247,-0.12361170830133415,-0.086085188127849974
3959,0.46875,0.921875,-0.067947911286981549,-0.047555546696537367,-0.067466974193945872,-0.046987983000963747
3960,0.453125,0.90625,-0.10083154436908588,-0.053058561792844156,-0.10041570936451202,-0.052696410486861828
3961,0.515625,0.84375,-0.15399445556271396,-0.2309211447756257,-0.15390992611741608,-0.23119039463766972
3962,0.53125,0.859375,-0.10364000084103436,-0.20761871778983931,-0.10346223902481132,-0.20762269308751205
3963,0.53125,0.828125,-0.14372173866651713,-0.2875800968224827,-0.14355835506206141,-0.28808022239237663
3964,0.546875,0.84375,-0.09073143856408733,-0.25779948109253864,-0.090471718628331962,-0.25800721143033889
3965,0.484375,0.84375,-0.20626640704604229,-0.18564359012663348,-0.20633949240065344,-0.18590539389718505
3966,0.46875,0.859375,-0.19036432656405577,-0.1325085137931894,-0.19035999976384116,-0.13256662393371674
3967,0.46875,0.828125,-0.26384517394748336,-0.18351884684006559,-0.26413050969263868,-0.18393823211459639
3968,0.453125,0.84375,-0.24190847268482799,-0.12684385682396715,-0.24209876315572265,-0.12704223739897585
3969,0.234375,0.15625,-0.043046356131248256,0.13668851546053984,-0.042783879581216717,0.13681683507350309
3970,0.21875,0.140625,-0.019611835329406989,0.10751756791436609,-0.019336134717202219,0.10750956302784125
3971,0.21875,0.171875,-0.027156005481087309,0.1489927059136793,-0.026829220363967978,0.14917249242430711
3972,0.203125,0.15625,-0.0064840809078025117,0.11643278359946703,-0.0061565520091781453,0.11646872417519674
3973,0.265625,0.15625,-0.089179490340822828,0.14394303071159814,-0.089022123376133036,0.14413443459884448
3974,0.28125,0.140625,-0.096080387662117087,0.11891897993254599,-0.095918297708697489,0.11900892166841387
3975,0.28125,0.171875,-0.13311613863988184,0.16479997730068921,-0.13308896257474939,0.16512823025849963
3976,0.296875,0.15625,-0.13966026675107313,0.1344639308765378,-0.13962942637244316,0.13467577920309956
3977,0.234375,0.09375,-0.017990641956412843,0.057010858785067911,-0.01774607569165405,0.056748353962174883
3978,0.21875,0.109375,-0.012785993595691615,0.069994458984703189,-0.012556307010152685,0.069812601750014303
3979,0.21875,0.078125,-0.0070486029028500796,0.038436891121028688,-0.0068535665359200706,0.03810424626449329
3980,0.203125,0.09375,-0.0027318932185186858,0.048561571280282573,-0.0025537971768081003,0.04830837142326775
3981,0.265625,0.09375,-0.0372397094212919,0.060029619690469826,-0.036924727899218093,0.059783461686095829
3982,0.28125,0.109375,-0.062575371631120688,0.077408921909953618,-0.062285990599886175,0.07727978371131651
3983,0.28125,0.078125,-0.034403646869622231,0.042494727341137385,-0.033996659098749528,0.042179763181283379
3984,0.296875,0.09375,-0.058297652360345488,0.056060779764533837,-0.057915505706641404,0.05586003817501832
3985,0.15625,0.234375,0.044825975107141286,0.13593365869557814,0.045469363310866706,0.13594557953504319
3986,0.140625,0.21875,0.046771074881908854,0.098576282265840073,0.047319887685763042,0.09845049395525092
3987,0.171875,0.21875,0.029162022420610056,0.14850751246902397,0.029746308739913737,0.1486169150384255
3988,0.15625,0.203125,0.036475769785230643,0.11064592912736997,0.036994366652592654,0.1106071765889888
3989,0.15625,0.265625,0.052974132971710705,0.16059762218757936,0.053735301284886565,0.16065874184139226
3990,0.140625,0.28125,0.065436682258984205,0.13785546753054023,0.066214489592696185,0.13776055191999595
3991,0.171875,0.28125,0.040815647455725058,0.20767913488562184,0.041624062051217263,0.20795769389182997
3992,0.15625,0.296875,0.060664784092068616,0.1838663543594696,0.061533624026802534,0.18397367470139675
3993,0.09375,0.234375,0.043306414813119684,0.04074022958976891,0.043648040938526485,0.040368932332007855
3994,0.109375,0.21875,0.045224084561225605,0.054598497607245715,0.045630239721376427,0.054303483911776265
3995,0.078125,0.21875,0.031297355382880178,0.022869003174233987,0.031493669973859953,0.022510937013648331
3996,0.09375,0.203125,0.0352422104761951,0.033155904115189448,0.035512535971274253,0.032844597303655243
3997,0.09375,0.265625,0.051174520670584964,0.048135666194823588,0.051582843741903819,0.04770756809637771
3998,0.109375,0.28125,0.063268627589716492,0.076358896650074615,0.063850143501334417,0.075986305620844713
3999,0.078125,0.28125,0.043787888749822458,0.031991539759402519,0.044068986243603885,0.031499491063031321
4000,0.09375,0.296875,0.058600032272228333,0.055111302825208916,0.059068749460880997,0.054630971119561632
4001,0.34375,0.265625,-0.45723459277097123,0.189026358714072,-0.45856065311242478,0.18963813995530307
4002,0.359375,0.28125,-0.53370715878882802,0.14605879737710942,-0.535376520197691,0.14648348599281766
4003,0.328125,0.28125,-0.44113134534915333,0.25078269087126498,-0.44239077481521261,0.251653369415971
4004,0.34375,0.296875,-0.523471115427116,0.21643385757071962,-0.52510714830678118,0.2171588576086754
4005,0.34375,0.234375,-0.38702702500226288,0.15997970513889209,-0.38802328498265415,0.16046703776568602
4006,0.359375,0.21875,-0.38166318554181511,0.10440613311058344,-0.38260705292161723,0.10468385949063125
4007,0.328125,0.21875,-0.31546952096291359,0.17930488029347694,-0.3161548733995751,0.17984370365608363
4008,0.34375,0.203125,-0.31504529174501883,0.13020273673576327,-0.31570135715169612,0.13055798383150022
4009,0.40625,0.265625,-0.56233440236267807,-0.060771512219850311,-0.56404564369248666,-0.061209589846452632
4010,0.390625,0.28125,-0.591396770710782,0.010229308192565324,-0.5932835456242147,0.010061809960829664
4011,0.421875,0.28125,-0.60422975436730852,-0.14309846249478972,-0.60608928682065466,-0.14392511516961015
4012,0.40625,0.296875,-0.64380780610045174,-0.069542358147322056,-0.64590033273236303,-0.070091849930058736
4013,0.40625,0.234375,-0.47597740374205516,-0.05147115159424287,-0.47728204756492165,-0.051794590505759297
4014,0.390625,0.21875,-0.42290782279292821,0.0072624626653767007,-0.42399018625763002,0.0071898902363653977
4015,0.421875,0.21875,-0.43207371567406122,-0.10239520601859507,-0.43314164641107483,-0.1028571063550397
4016,0.40625,0.203125,-0.38743874587061283,-0.041932443802495695,-0.38832338832851604,-0.042141341966765236
4017,0.265625,0.34375,-0.26041818407241679,0.42065510032254422,-0.2607570664604803,0.42219206930898495
4018,0.28125,0.359375,-0.34756165933420569,0.43053924467043986,-0.34830996651057461,0.43216397395410522
4019,0.28125,0.328125,-0.31874189728935642,0.39481534250001638,-0.31938392520507325,0.39627377191443164
4020,0.296875,0.34375,-0.40793149514977634,0.39300448320510484,-0.40899350575877264,0.39448689703930967
4021,0.234375,0.34375,-0.12562019762657869,0.39942874204098122,-0.12531840297323324,0.40075739858306841
4022,0.21875,0.359375,-0.070786784950341103,0.38919566665029448,-0.070213839258470162,0.3904049885007323
4023,0.21875,0.328125,-0.064928591000373168,0.35690702552770331,-0.064382970001502726,0.35798284084967025
4024,0.203125,0.34375,-0.018795952844250077,0.34023055532851881,-0.018031627520306914,0.34115469983926067
4025,0.265625,0.40625,-0.29768024859628733,0.48089865654374159,-0.29813461282989706,0.48271090515855086
4026,0.28125,0.390625,-0.37151571334550865,0.46023450027784268,-0.3723530605802341,0.46199566678285087
4027,0.28125,0.421875,-0.39000517333684848,0.48315711440558035,-0.39091169917718044,0.48502249775303147
4028,0.296875,0.40625,-0.46631771572454855,0.44929520210769069,-0.46761987554132306,0.45103446071475628
4029,0.234375,0.40625,-0.14358006312647822,0.45662759886385818,-0.14328162807056935,0.45820362600348913
4030,0.21875,0.390625,-0.075654681083429029,0.416034819178497,-0.075060390591646153,0.41735404867298564
4031,0.21875,0.421875,-0.079411310994881246,0.43675238018594453,-0.078801385544874925,0.4381557942251581
4032,0.203125,0.40625,-0.021460408751033958,0.38894877974497594,-0.020615951981221053,0.3900571825781366
4033,0.765625,0.15625,0.14154646832976162,-0.023705118980139238,0.14158673978065528,-0.022437476465309809
4034,0.78125,0.140625,0.10946466456679087,-0.004629623147547072,0.10918265626299482,-0.0035013420988824029
4035,0.78125,0.171875,0.15141648268416014,-0.0063394745916405025,0.15148964886696017,-0.0048571477497643791
4036,0.796875,0.15625,0.11639342695170098,0.0095212643243893641,0.11612913988060883,0.010839432570676866
4037,0.734375,0.15625,0.15524986744251698,-0.068240027091202665,0.15555120712806533,-0.067118146014106345
4038,0.71875,0.140625,0.13155096834522798,-0.078549961296075624,0.13169732525841396,-0.077594203297210562
4039,0.71875,0.171875,0.18205333463688242,-0.10874220548843599,0.18272979603201309,-0.10766251212320971
4040,0.703125,0.15625,0.15306130819670843,-0.11946536142145699,0.15355413198397955,-0.11856160875490568
4041,0.765625,0.09375,0.059426595023381705,-0.0099488436176009901,0.058732893650261193,-0.0093072646665227389
4042,0.78125,0.109375,0.071499419870909742,-0.0030490867995249106,0.070902765515964833,-0.002274056452218687
4043,0.78125,0.078125,0.039559247368286685,-0.0016754167369925823,0.038703909736087082,-0.0012410227762762094
4044,0.796875,0.09375,0.048945218878196806,0.0039368160758055859,0.048173786605524245,0.0044956179311816417
4045,0.734375,0.09375,0.065129857561124882,-0.028548041165440921,0.064524880119344707,-0.027840126594850589
4046,0.71875,0.109375,0.085860882520201104,-0.051200644726217576,0.085522729126049857,-0.050387603951391052
4047,0.71875,0.078125,0.047438658167409997,-0.02815515225718038,0.046683575092187513,-0.027502380401173712
4048,0.703125,0.09375,0.064201575279231787,-0.049935829306270156,0.063696340106587229,-0.049178020099368572
4049,0.84375,0.234375,0.12832099036893369,0.062539003049026126,0.12788873769498607,0.064740663257032774
4050,0.859375,0.21875,0.09129012192895837,0.059235304870078206,0.090526737945085436,0.061119223542275856
4051,0.828125,0.21875,0.14292722288812637,0.048950075071614529,0.14271115690763875,0.051029846780031994
4052,0.84375,0.203125,0.10461704186664302,0.050867829081488507,0.1040546507766866,0.052673357010931697
4053,0.84375,0.265625,0.1514287100260962,0.073934086913751071,0.15113452117360063,0.076510391602632011
4054,0.859375,0.28125,0.12727656762413184,0.082913919278452208,0.12666682180076266,0.0855244494992074
4055,0.828125,0.28125,0.19950293451618287,0.068580688208153759,0.19968799322215927,0.071407283314179226
4056,0.84375,0.296875,0.17321989182820552,0.084693089130976631,0.17306494915608892,0.087614345873764807
4057,0.90625,0.234375,0.03501714802983219,0.047605232858487855,0.033604479578387532,0.049038936837233073
4058,0.890625,0.21875,0.048306857350803901,0.051509862463517034,0.047100101400141182,0.05302737452690575
4059,0.921875,0.21875,0.019201321029041294,0.033384253172843423,0.017706827627684538,0.034419666653856588
4060,0.90625,0.203125,0.028671991413083263,0.038761397837953765,0.02734368926636762,0.039898956646213568
4061,0.90625,0.265625,0.04119238929883836,0.05623620558654896,0.039710566651512541,0.057953466261809909
4062,0.890625,0.28125,0.067162926411409155,0.07205090782690006,0.065900458092620295,0.07420073079834083
4063,0.921875,0.28125,0.026469839902497534,0.04663618725474674,0.02477098734637679,0.048162194182187146
4064,0.90625,0.296875,0.047007756629724132,0.064382390529543337,0.045471013176445793,0.066363681436378566
4065,0.65625,0.265625,0.25184822853200872,-0.42583624014984717,0.25431406828199254,-0.42610366987106973
4066,0.640625,0.28125,0.22023674863947515,-0.50757238766883461,0.22279178105633554,-0.50837834989491015
4067,0.671875,0.28125,0.31051362560787327,-0.40114487368887702,0.31331520651348727,-0.40108620380395271
4068,0.65625,0.296875,0.2882643479239671,-0.48744095861088815,0.29121913552023343,-0.4879386922480462
4069,0.65625,0.234375,0.21324880505600238,-0.36052768370360078,0.21519576126570339,-0.3605601619528031
4070,0.640625,0.21875,0.15762012760456653,-0.36311669549356812,0.15922025387961006,-0.36331503223240952
4071,0.671875,0.21875,0.22219977914991379,-0.28701521776968442,0.22391319154865846,-0.28663874206403817
4072,0.65625,0.203125,0.17367492541204579,-0.29355525878386435,0.17508779923893086,-0.2933582234952703
4073,0.59375,0.265625,0.019923029078080939,-0.56534852250670586,0.021482635711325668,-0.56695167187279993
4074,0.609375,0.28125,0.094206999916792863,-0.58397179988562342,0.096246717070002125,-0.58551159753706417
4075,0.578125,0.28125,-0.055561911355106887,-0.61852112675808268,-0.054237343951618333,-0.62057899694805374
4076,0.59375,0.296875,0.022761026322263719,-0.6471770623511286,0.024599431485636276,-0.64922680891742446
4077,0.59375,0.234375,0.016915899492197281,-0.47860679270295187,0.018178939180083068,-0.47974228200661956
4078,0.609375,0.21875,0.067475044726001826,-0.41774163173746987,0.068784462969276455,-0.41843820411336713
4079,0.578125,0.21875,-0.039644374646894957,-0.44243710821819082,-0.038759316317641943,-0.44349896737489558
4080,0.59375,0.203125,0.013835324351838922,-0.38966382089609836,0.014791702668306525,-0.39032639509271683
4081,0.734375,0.34375,0.45231119831012356,-0.19854734181608155,0.45561179894358833,-0.19658629773642672
4082,0.71875,0.359375,0.47445984417457204,-0.28322354650721815,0.47821166395693698,-0.28175497674529093
4083,0.71875,0.328125,0.43516393969015121,-0.25979484270961067,0.43849844570367741,-0.25835699482767566
4084,0.703125,0.34375,0.44605324989569733,-0.34817749251741115,0.44976412441989072,-0.34727106320619766
4085,0.765625,0.34375,0.41214017005910364,-0.068501813693152835,0.41470586266211479,-0.065711282111439215
4086,0.78125,0.359375,0.39419479478130393,-0.01589012194415839,0.39644837678168621,-0.012701747024135703
4087,0.78125,0.328125,0.36157631703594995,-0.014628620785588489,0.36352567551763526,-0.011647773883233939
4088,0.796875,0.34375,0.3385269998829506,0.028460526570215645,0.34013504271546902,0.031759834705235142
4089,0.734375,0.40625,0.5169519781108971,-0.22685569138087935,0.52091901910522864,-0.22476387320340324
4090,0.71875,0.390625,0.50712095395326595,-0.30269346980609835,0.51122096872531675,-0.30120314063893588
4091,0.71875,0.421875,0.53233089173729198,-0.31771988492511144,0.53670053800952777,-0.3162149662296006
4092,0.703125,0.40625,0.50981597013088276,-0.3979067463647612,0.5142333945935087,-0.39704831507421562
4093,0.765625,0.40625,0.47101167196616717,-0.078198733275224114,0.47414919905066921,-0.075128868600946239
4094,0.78125,0.390625,0.42130450827010091,-0.016934951491730233,0.42381343642386959,-0.013577741997190529
4095,0.78125,0.421875,0.44222870716141094,-0.017739295788657374,0.44493625331858289,-0.014253880203116272
4096,0.796875,0.40625,0.38684259885221994,0.032632373315960986,0.38888886871050193,0.03631390582079512
4097,0.84375,0.765625,0.12832099036893094,0.062539003049025224,0.12788873769499154,0.064740663257035841
4098,0.859375,0.78125,0.091290121928956081,0.059235304870077013,0.090526737945089905,0.061119223542279062
4099,0.828125,0.78125,0.1429272228881234,0.048950075071613509,0.14271115690764477,0.051029846780034686
4100,0.84375,0.796875,0.10461704186664053,0.050867829081487202,0.10405465077669179,0.052673357010934702
4101,0.84375,0.734375,0.1514287100260934,0.07393408691375053,0.15113452117360607,0.076510391602635175
4102,0.859375,0.71875,0.12727656762412931,0.082913919278451639,0.1266668218007676,0.085524449499211008
4103,0.828125,0.71875,0.19950293451617998,0.068580688208153634,0.19968799322216441,0.071407283314181613
4104,0.84375,0.703125,0.17321989182820288,0.084693089130976479,0.17306494915609405,0.087614345873767888
4105,0.90625,0.765625,0.035017148029830469,0.047605232858486356,0.033604479578390238,0.049038936837237063
4106,0.890625,0.78125,0.04830685735080207,0.051509862463515542,0.047100101400144569,0.053027374526909692
4107,0.921875,0.78125,0.019201321029039924,0.033384253172841653,0.017706827627686671,0.034419666653860918
4108,0.90625,0.796875,0.028671991413081788,0.038761397837952009,0.027343689266370323,0.039898956646217752
4109,0.90625,0.734375,0.041192389298836445,0.05623620558654762,0.039710566651515185,0.057953466261813767
4110,0.890625,0.71875,0.067162926411406976,0.072050907826899033,0.065900458092623557,0.074200730798344494
4111,0.921875,0.71875,0.026469839902495806,0.046636187254745345,0.024770987346378639,0.04816219418219083
4112,0.90625,0.703125,0.047007756629722147,0.064382390529542241,0.045471013176448215,0.066363681436382188
4113,0.765625,0.84375,0.1415464683297584,-0.023705118980141153,0.14158673978066291,-0.022437476465309237
4114,0.78125,0.859375,0.10946466456678815,-0.004629623147549263,0.10918265626300236,-0.0035013420988808577
4115,0.78125,0.828125,0.15141648268415686,-0.0063394745916421132,0.1514896488669672,-0.0048571477497632819
4116,0.796875,0.84375,0.11639342695169821,0.0095212643243874594,0.11612913988061627,0.01083943257067886
4117,0.734375,0.84375,0.15524986744251323,-0.06824002709120458,0.15555120712807252,-0.067118146014107344
4118,0.71875,0.859375,0.13155096834522439,-0.078549961296077983,0.13169732525842173,-0.077594203297212672
4119,0.71875,0.828125,0.18205333463687809,-0.10874220548843751,0.18272979603202086,-0.10766251212321244
4120,0.703125,0.84375,0.15306130819670416,-0.1194653614214589,0.15355413198398671,-0.1185616087549088
4121,0.765625,0.90625,0.05942659502338004,-0.0099488436176039478,0.058732893650268451,-0.0093072646665208775
4122,0.78125,0.890625,0.071499419870907771,-0.0030490867995275643,0.070902765515971564,-0.0022740564522165099
4123,0.78125,0.921875,0.039559247368285651,-0.0016754167369955621,0.038703909736093577,-0.0012410227762732645
4124,0.796875,0.90625,0.048945218878195466,0.0039368160758028589,0.048173786605530608,0.0044956179311847373
4125,0.734375,0.90625,0.065129857561123036,-0.028548041165444172,0.064524880119353215,-0.02784012659485044
4126,0.71875,0.890625,0.085860882520198578,-0.051200644726220691,0.085522729126058239,-0.050387603951392253
4127,0.71875,0.921875,0.047438658167408561,-0.028155152257184016,0.046683575092196263,-0.027502380401173851
4128,0.703125,0.90625,0.064201575279229692,-0.04993582930627373,0.063696340106595847,-0.049178020099370133
4129,0.734375,0.65625,0.45231119831011923,-0.19854734181607936,0.45561179894359194,-0.19658629773642669
4130,0.71875,0.640625,0.4744598441745676,-0.28322354650721526,0.47821166395694337,-0.28175497674529254
4131,0.71875,0.671875,0.43516393969014633,-0.25979484270960823,0.43849844570368196,-0.25835699482767582
4132,0.703125,0.65625,0.44605324989569234,-0.34817749251740804,0.44976412441989505,-0.34727106320619855
4133,0.765625,0.65625,0.41214017005910014,-0.068501813693151323,0.41470586266211845,-0.06571128211143927
4134,0.78125,0.640625,0.39419479478130109,-0.015890121944157152,0.39644837678168726,-0.012701747024135622
4135,0.78125,0.671875,0.36157631703594661,-0.014628620785587399,0.36352567551764059,-0.0116477738832335
4136,0.796875,0.65625,0.3385269998829476,0.028460526570216537,0.34013504271547035,0.031759834705235773
4137,0.734375,0.59375,0.51695197811089455,-0.22685569138087738,0.52091901910522931,-0.22476387320340291
4138,0.71875,0.609375,0.5071209539532624,-0.30269346980609568,0.51122096872531864,-0.3012031406389355
4139,0.71875,0.578125,0.53233089173728965,-0.3177198849251095,0.5367005380095301,-0.31621496622960049
4140,0.703125,0.59375,0.50981597013087943,-0.39790674636475837,0.51423339459350925,-0.39704831507421479
4141,0.765625,0.59375,0.47101167196616539,-0.078198733275222809,0.47414919905067054,-0.075128868600946253
4142,0.78125,0.609375,0.4213045082700988,-0.016934951491729074,0.42381343642387076,-0.013577741997190593
4143,0.78125,0.578125,0.44222870716140977,-0.017739295788656496,0.44493625331858261,-0.014253880203116057
4144,0.796875,0.59375,0.38684259885221822,0.032632373315961687,0.38888886871050099,0.036313905820795252
4145,0.65625,0.734375,0.25184822853200189,-0.42583624014984467,0.25431406828199482,-0.42610366987107257
4146,0.640625,0.71875,0.22023674863946807,-0.50757238766883106,0.22279178105633524,-0.50837834989491082
4147,0.671875,0.71875,0.31051362560786677,-0.40114487368887441,0.31331520651348943,-0.40108620380395288
4148,0.65625,0.703125,0.28826434792396027,-0.48744095861088499,0.29121913552023349,-0.48793869224804404
4149,0.65625,0.765625,0.21324880505599586,-0.3605276837035995,0.21519576126570808,-0.36056016195281104
4150,0.640625,0.78125,0.15762012760455996,-0.36311669549356734,0.15922025387961447,-0.36331503223242012
4151,0.671875,0.78125,0.22219977914990791,-0.28701521776968408,0.22391319154866343,-0.28663874206404455
4152,0.65625,0.796875,0.17367492541203983,-0.29355525878386435,0.17508779923893653,-0.2933582234952794
4153,0.59375,0.734375,0.0199230290780733,-0.56534852250670287,0.021482635711322948,-0.56695167187280715
4154,0.609375,0.71875,0.0942069999167853,-0.58397179988561909,0.096246717069999835,-0.58551159753706561
4155,0.578125,0.71875,-0.055561911355114506,-0.61852112675807902,-0.054237343951623003,-0.62057899694805807
4156,0.59375,0.703125,0.022761026322256146,-0.6471770623511236,0.024599431485632237,-0.64922680891742335
4157,0.59375,0.765625,0.016915899492189846,-0.47860679270295048,0.018178939180082114,-0.47974228200662961
4158,0.609375,0.78125,0.067475044725994748,-0.41774163173746887,0.068784462969277912,-0.41843820411337734
4159,0.578125,0.78125,-0.039644374646902271,-0.44243710821819077,-0.038759316317643254,-0.44349896737491146
4160,0.59375,0.796875,0.01383532435183212,-0.38966382089609863,0.014791702668307687,-0.39032639509273109
4161,0.15625,0.765625,0.044825975107141439,0.13593365869557517,0.045469363310869704,0.13594557953503703
4162,0.140625,0.78125,0.046771074881909576,0.098576282265837242,0.047319887685767316,0.098450493955246077
4163,0.171875,0.78125,0.02916202242061005,0.14850751246902069,0.029746308739916644,0.14861691503841845
4164,0.15625,0.796875,0.036475769785231246,0.11064592912736687,0.036994366652597165,0.11060717658898327
4165,0.15625,0.734375,0.05297413297171049,0.16059762218757662,0.053735301284888078,0.16065874184138579
4166,0.140625,0.71875,0.06543668225898415,0.13785546753053771,0.066214489592697753,0.13776055191999015
4167,0.171875,0.71875,0.040815647455724358,0.20767913488561934,0.041624062051217617,0.20795769389182311
4168,0.15625,0.703125,0.060664784092068248,0.18386635435946733,0.061533624026803117,0.1839736747013907
4169,0.09375,0.765625,0.043306414813120982,0.040740229589766683,0.043648040938530995,0.040368932332004941
4170,0.109375,0.78125,0.045224084561226834,0.054598497607243252,0.045630239721381034,0.054303483911772595
4171,0.078125,0.78125,0.031297355382881802,0.022869003174231982,0.031493669973864866,0.022510937013646246
4172,0.09375,0.796875,0.035242210476196724,0.033155904115187255,0.035512535971279478,0.032844597303652523
4173,0.09375,0.734375,0.051174520670585928,0.048135666194821361,0.051582843741907726,0.047707568096374886
4174,0.109375,0.71875,0.063268627589716908,0.076358896650072214,0.063850143501337359,0.07598630562084098
4175,0.078125,0.71875,0.043787888749823436,0.031991539759400507,0.044068986243607659,0.031499491063029322
4176,0.09375,0.703125,0.058600032272228882,0.055111302825206772,0.059068749460884272,0.054630971119559162
4177,0.234375,0.84375,-0.043046356131248707,0.13668851546053559,-0.042783879581212977,0.13681683507349224
4178,0.21875,0.859375,-0.019611835329406694,0.10751756791436204,-0.019336134717196918,0.10750956302783141
4179,0.21875,0.828125,-0.027156005481087691,0.14899270591367525,-0.026829220363964387,0.14917249242429678
4180,0.203125,0.84375,-0.0064840809078021856,0.11643278359946319,-0.0061565520091731918,0.1164687241751875
4181,0.265625,0.84375,-0.089179490340824036,0.14394303071159351,-0.089022123376130913,0.1441344345988318
4182,0.28125,0.859375,-0.096080387662118211,0.11891897993254104,-0.09591829770869513,0.11900892166840148
4183,0.28125,0.828125,-0.13311613863988395,0.16479997730068455,-0.13308896257474886,0.16512823025848522
4184,0.296875,0.84375,-0.1396602667510751,0.13446393087653272,-0.13962942637244258,0.13467577920308541
4185,0.234375,0.90625,-0.017990641956411767,0.057010858785063886,-0.017746075691646504,0.056748353962166612
4186,0.21875,0.890625,-0.012785993595690619,0.06999445898469929,-0.01255630701014572,0.069812601750006087
4187,0.21875,0.921875,-0.0070486029028483804,0.038436891121025128,-0.0068535665359116538,0.038104246264486934
4188,0.203125,0.90625,-0.0027318932185170885,0.04856157128027911,-0.0025537971768003192,0.048308371423261304
4189,0.265625,0.90625,-0.037239709421291407,0.060029619690465219,-0.036924727899210891,0.059783461686085747
4190,0.28125,0.890625,-0.06257537163112098,0.077408921909948664,-0.062285990599880582,0.077279783711304784
4191,0.28125,0.921875,-0.034403646869621586,0.04249472734113266,-0.033996659098741194,0.042179763181273269
4192,0.296875,0.90625,-0.058297652360345627,0.05606077976452873,-0.057915505706634736,0.055860038175006677
4193,0.265625,0.65625,-0.26041818407241984,0.42065510032254289,-0.26075706646048752,0.42219206930897513
4194,0.28125,0.640625,-0.34756165933420879,0.43053924467043853,-0.34830996651058205,0.43216397395409467
4195,0.28125,0.671875,-0.31874189728936014,0.39481534250001499,-0.31938392520508246,0.39627377191441981
4196,0.296875,0.65625,-0.40793149514978022,0.39300448320510373,-0.40899350575878229,0.39448689703929674
4197,0.234375,0.65625,-0.12562019762658094,0.39942874204097972,-0.12531840297323787,0.4007573985830607
4198,0.21875,0.640625,-0.070786784950342782,0.38919566665029309,-0.070213839258473867,0.39040498850072786
4199,0.21875,0.671875,-0.064928591000375124,0.3569070255277017,-0.064382970001506112,0.35798284084966214
4200,0.203125,0.65625,-0.018795952844251552,0.34023055532851737,-0.018031627520309707,0.34115469983925673
4201,0.265625,0.59375,-0.29768024859628878,0.48089865654374031,-0.2981346128299015,0.48271090515854426
4202,0.28125,0.609375,-0.37151571334551065,0.46023450027784107,-0.37235306058024165,0.46199566678284371
4203,0.28125,0.578125,-0.39000517333684992,0.48315711440557924,-0.3909116991771841,0.48502249775302436
4204,0.296875,0.59375,-0.46631771572455055,0.44929520210768986,-0.46761987554132955,0.45103446071474812
4205,0.234375,0.59375,-0.1435800631264795,0.45662759886385718,-0.14328162807057254,0.45820362600348397
4206,0.21875,0.609375,-0.075654681083430333,0.41603481917849616,-0.075060390591648873,0.41735404867298026
4207,0.21875,0.578125,-0.079411310994882064,0.43675238018594348,-0.078801385544877783,0.43815579422515799
4208,0.203125,0.59375,-0.021460408751034898,0.38894877974497499,-0.020615951981223214,0.39005718257813515
4209,0.34375,0.734375,-0.45723459277097722,0.18902635871406934,-0.45856065311243616,0.18963813995528475
4210,0.359375,0.71875,-0.53370715878883435,0.14605879737710722,-0.53537652019770676,0.14648348599279984
4211,0.328125,0.71875,-0.44113134534915899,0.25078269087126281,-0.44239077481522354,0.25165336941595351
4212,0.34375,0.703125,-0.52347111542712188,0.21643385757071773,-0.52510714830679817,0.21715885760865947
4213,0.34375,0.765625,-0.38702702500226838,0.15997970513888854,-0.38802328498266109,0.16046703776566654
4214,0.359375,0.78125,-0.38166318554182083,0.10440613311057946,-0.38260705292162295,0.10468385949061075
4215,0.328125,0.78125,-0.31546952096291841,0.179304880293473,-0.31615487339958115,0.17984370365606578
4216,0.34375,0.796875,-0.3150452917450236,0.13020273673575883,-0.31570135715169961,0.13055798383148073
4217,0.40625,0.734375,-0.5623344023626855,-0.060771512219852622,-0.56404564369250065,-0.06120958984647392
4218,0.390625,0.71875,-0.59139677071078889,0.010229308192563293,-0.59328354562422914,0.010061809960809848
4219,0.421875,0.71875,-0.6042297543673163,-0.14309846249479141,-0.60608928682067043,-0.14392511516963102
4220,0.40625,0.703125,-0.64380780610045918,-0.069542358147323471,-0.64590033273238168,-0.07009184993007829
4221,0.40625,0.765625,-0.47597740374206232,-0.05147115159424609,-0.47728204756493198,-0.051794590505781744
4222,0.390625,0.78125,-0.42290782279293482,0.0072624626653728869,-0.42399018625763779,0.0071898902363435923
4223,0.421875,0.78125,-0.43207371567406827,-0.1023952060185985,-0.43314164641108244,-0.10285710635506264
4224,0.40625,0.796875,-0.38743874587061955,-0.041932443802499809,-0.38832338832852176,-0.042141341966787635
