iteration,basis,denominator,element,id,level,H,boundary,transition,Q_gradient,Q_energy,mass_rank,mass_condition,stiffness_hermitian_defect,mass_hermitian_defect,eigen_residual,energy_identity_error,patch_elements,patch_diameter_over_H,x,y
0,coarse,element,0,1,3,0.5,0,0,8.4852813742385855,8.5440037453175464,3,4.0000000000000124,0,0,4.5065699989652724e-16,0,1,1,0.41666666666666669,0.25
0,coarse,element,1,2,3,0.5,0,0,8.4852813742385855,8.5440037453175464,3,4.0000000000000124,0,0,4.5065699989652724e-16,0,1,1,0.58333333333333337,0.75
0,coarse,element,2,3,3,0.5,0,0,8.4852813742385855,8.5440037453175464,3,4.0000000000000124,0,0,4.5065699989652724e-16,0,1,1,0.25,0.58333333333333337
0,coarse,element,3,4,3,0.5,0,0,8.4852813742385855,8.5440037453175464,3,4.0000000000000124,0,0,4.5065699989652724e-16,0,1,1,0.75,0.41666666666666669
0,coarse,element,4,5,3,0.5,1,0,8.4852813742385855,8.5440037453175464,3,4.0000000000000124,0,0,4.5065699989652724e-16,0,1,1,0.75,0.083333333333333329
0,coarse,element,5,6,3,0.5,1,0,8.4852813742385855,8.5440037453175464,3,4.0000000000000124,0,0,4.5065699989652724e-16,0,1,1,0.25,0.91666666666666663
0,coarse,element,6,7,3,0.5,1,0,8.4852813742385855,8.5440037453175464,3,4.0000000000000124,0,0,4.5065699989652724e-16,0,1,1,0.083333333333333329,0.25
0,coarse,element,7,8,3,0.5,1,0,8.4852813742385855,8.5440037453175464,3,4.0000000000000124,0,0,4.5065699989652724e-16,0,1,1,0.91666666666666663,0.75
0,coarse,element,8,9,3,0.5,1,0,8.4852813742385855,8.5440037453175464,3,4.0000000000000151,0,0,5.205245956471159e-16,0,1,1,0.25,0.083333333333333329
0,coarse,element,9,10,3,0.5,1,0,8.4852813742385855,8.5440037453175464,3,4.0000000000000151,0,0,5.205245956471159e-16,0,1,1,0.75,0.91666666666666663
0,coarse,element,10,11,3,0.5,1,0,8.4852813742385855,8.5440037453175464,3,4.0000000000000151,0,0,5.205245956471159e-16,0,1,1,0.083333333333333329,0.75
0,coarse,element,11,12,3,0.5,1,0,8.4852813742385855,8.5440037453175464,3,4.0000000000000151,0,0,5.205245956471159e-16,0,1,1,0.91666666666666663,0.25
0,coarse,element,12,13,3,0.5,0,0,8.4852813742385855,8.5440037453175464,3,4.0000000000000151,0,0,5.205245956471159e-16,0,1,1,0.58333333333333337,0.25
0,coarse,element,13,14,3,0.5,0,0,8.4852813742385855,8.5440037453175464,3,4.0000000000000151,0,0,5.205245956471159e-16,0,1,1,0.41666666666666669,0.75
0,coarse,element,14,15,3,0.5,0,0,8.4852813742385855,8.5440037453175464,3,4.0000000000000151,0,0,5.205245956471159e-16,0,1,1,0.25,0.41666666666666669
0,coarse,element,15,16,3,0.5,0,0,8.4852813742385855,8.5440037453175464,3,4.0000000000000151,0,0,5.205245956471159e-16,0,1,1,0.75,0.58333333333333337
0,coarse,patch1,0,1,3,0.5,0,0,3.6044828737838221,3.6308551802159177,11,11.541410268361563,0,0,6.4784951112813268e-16,0,11,2.2360679774997898,0.41666666666666669,0.25
0,coarse,patch1,1,2,3,0.5,0,0,3.6044828737838226,3.6308551802159204,11,11.541410268361586,0,0,5.7075298028305622e-16,0,11,2.2360679774997898,0.58333333333333337,0.75
0,coarse,patch1,2,3,3,0.5,0,0,3.6044828737838221,3.6308551802159181,11,11.541410268361595,0,0,3.3028573562210179e-16,0,11,2.2360679774997898,0.25,0.58333333333333337
0,coarse,patch1,3,4,3,0.5,0,0,3.6044828737838239,3.630855180215919,11,11.541410268361572,0,0,6.5464350352434327e-16,0,11,2.2360679774997898,0.75,0.41666666666666669
0,coarse,patch1,4,5,3,0.5,1,0,4.2811750887123088,4.3161062710517815,7,8.373638996177581,0,0,3.0272790590529103e-16,0,6,2.2360679774997898,0.75,0.083333333333333329
0,coarse,patch1,5,6,3,0.5,1,0,4.2811750887123079,4.3161062710517797,7,8.3736389961775952,0,0,2.3590715352112423e-16,0,6,2.2360679774997898,0.25,0.91666666666666663
0,coarse,patch1,6,7,3,0.5,1,0,4.2811750887123106,4.3161062710517832,7,8.3736389961775757,0,0,6.5890659382209786e-16,0,6,2.2360679774997898,0.083333333333333329,0.25
0,coarse,patch1,7,8,3,0.5,1,0,4.2811750887123088,4.3161062710517815,7,8.373638996177581,0,0,3.0272790590529103e-16,0,6,2.2360679774997898,0.91666666666666663,0.75
0,coarse,patch1,8,9,3,0.5,1,0,4.2811750887123079,4.3161062710517815,7,8.3736389961775863,0,0,4.5868600478875734e-16,0,6,2.2360679774997898,0.25,0.083333333333333329
0,coarse,patch1,9,10,3,0.5,1,0,4.2811750887123079,4.3161062710517824,7,8.3736389961775686,0,0,6.7405644819767056e-16,0,6,2.2360679774997898,0.75,0.91666666666666663
0,coarse,patch1,10,11,3,0.5,1,0,4.2811750887123079,4.3161062710517824,7,8.3736389961775739,0,0,4.7051069812459906e-16,0,6,2.2360679774997898,0.083333333333333329,0.75
0,coarse,patch1,11,12,3,0.5,1,0,4.2811750887123079,4.3161062710517824,7,8.3736389961775686,0,0,6.7405644819767056e-16,0,6,2.2360679774997898,0.91666666666666663,0.25
0,coarse,patch1,12,13,3,0.5,0,0,3.6044828737838208,3.6308551802159172,11,11.54141026836159,0,0,3.2034985733176195e-16,0,11,2.2360679774997898,0.58333333333333337,0.25
0,coarse,patch1,13,14,3,0.5,0,0,3.6044828737838221,3.6308551802159172,11,11.541410268361606,0,0,3.86848522953156e-16,0,11,2.2360679774997898,0.41666666666666669,0.75
0,coarse,patch1,14,15,3,0.5,0,0,3.6044828737838226,3.6308551802159204,11,11.541410268361608,0,0,5.032371181272873e-16,0,11,2.2360679774997898,0.25,0.41666666666666669
0,coarse,patch1,15,16,3,0.5,0,0,3.6044828737838217,3.6308551802159172,11,11.541410268361609,0,0,3.0571705204830343e-16,0,11,2.2360679774997898,0.75,0.58333333333333337
0,coarse,patch3,0,1,3,0.5,0,0,3.5363609081826297,3.5625486560754056,13,7.1624477156883151,0,0,5.1261016017478577e-16,0,16,2.8284271247461903,0.41666666666666669,0.25
0,coarse,patch3,1,2,3,0.5,0,0,3.5363609081826293,3.5625486560754069,13,7.1624477156883151,0,0,5.6736299514592001e-16,0,16,2.8284271247461903,0.58333333333333337,0.75
0,coarse,patch3,2,3,3,0.5,0,0,3.5363609081826284,3.5625486560754052,13,7.1624477156883151,0,0,5.9670562747738394e-16,0,16,2.8284271247461903,0.25,0.58333333333333337
0,coarse,patch3,3,4,3,0.5,0,0,3.5363609081826302,3.5625486560754074,13,7.1624477156883151,0,0,4.3513525621275262e-16,0,16,2.8284271247461903,0.75,0.41666666666666669
0,coarse,patch3,4,5,3,0.5,1,0,4.196033570108356,4.2316796333741875,13,7.1624477156883151,0,0,5.2520947706205914e-16,0,16,2.8284271247461903,0.75,0.083333333333333329
0,coarse,patch3,5,6,3,0.5,1,0,4.1960335701083569,4.2316796333741875,13,7.1624477156883151,0,0,7.534508483069836e-16,0,16,2.8284271247461903,0.25,0.91666666666666663
0,coarse,patch3,6,7,3,0.5,1,0,4.1960335701083551,4.2316796333741875,13,7.1624477156883151,0,0,5.776132523420408e-16,0,16,2.8284271247461903,0.083333333333333329,0.25
0,coarse,patch3,7,8,3,0.5,1,0,4.1960335701083578,4.2316796333741884,13,7.1624477156883151,0,0,7.8843527759445072e-16,0,16,2.8284271247461903,0.91666666666666663,0.75
0,coarse,patch3,8,9,3,0.5,1,0,4.1960335701083569,4.2316796333741875,13,7.1624477156883151,0,0,8.7145242852378146e-16,0,16,2.8284271247461903,0.25,0.083333333333333329
0,coarse,patch3,9,10,3,0.5,1,0,4.1960335701083578,4.2316796333741884,13,7.1624477156883151,0,0,9.8210649387093192e-16,0,16,2.8284271247461903,0.75,0.91666666666666663
0,coarse,patch3,10,11,3,0.5,1,0,4.1960335701083569,4.2316796333741875,13,7.1624477156883151,0,0,7.0237772876122263e-16,0,16,2.8284271247461903,0.083333333333333329,0.75
0,coarse,patch3,11,12,3,0.5,1,0,4.1960335701083578,4.2316796333741866,13,7.1624477156883151,0,0,1.0489143580571986e-15,0,16,2.8284271247461903,0.91666666666666663,0.25
0,coarse,patch3,12,13,3,0.5,0,0,3.536360908182631,3.5625486560754069,13,7.1624477156883151,0,0,4.2783333932460533e-16,0,16,2.8284271247461903,0.58333333333333337,0.25
0,coarse,patch3,13,14,3,0.5,0,0,3.5363609081826288,3.5625486560754052,13,7.1624477156883151,0,0,5.9752407230035158e-16,0,16,2.8284271247461903,0.41666666666666669,0.75
0,coarse,patch3,14,15,3,0.5,0,0,3.5363609081826302,3.5625486560754065,13,7.1624477156883151,0,0,4.1443801573667085e-16,0,16,2.8284271247461903,0.25,0.41666666666666669
0,coarse,patch3,15,16,3,0.5,0,0,3.5363609081826306,3.5625486560754065,13,7.1624477156883151,0,0,4.6794994156723613e-16,0,16,2.8284271247461903,0.75,0.58333333333333337
0,trial,element,0,1,3,0.5,0,0,69.971110659315457,69.978256100907515,13,1438669367.3709919,2.7259530393916312e-16,6.5714680459353754e-18,1.3399949441841423e-15,5.3156789894822168e-12,1,1,0.41666666666666669,0.25
0,trial,element,1,2,3,0.5,0,0,69.971105153149253,69.978250594179642,13,1438669083.6885557,3.5597008276343288e-16,8.11412539009063e-17,2.1134304149235787e-15,2.6805914163665806e-11,1,1,0.58333333333333337,0.75
0,trial,element,2,3,3,0.5,0,0,69.971109182988627,69.978254624430591,13,1438669294.5953405,2.5545098709261641e-16,6.2355706921741909e-18,2.0395741362765818e-15,3.2825308138880101e-12,1,1,0.25,0.58333333333333337
0,trial,element,3,4,3,0.5,0,0,69.971109720777392,69.97825516227428,13,1438669319.4728982,2.2330982897219634e-16,7.9705745590425996e-17,1.5769570359124165e-15,1.4319515778048698e-13,1,1,0.75,0.41666666666666669
0,trial,element,4,5,3,0.5,1,0,53.953472097108303,53.962738544980674,11,46635744918.673782,9.732071594056214e-17,5.495307304451665e-17,2.2159794955250833e-14,2.0433339286159122e-11,1,1,0.75,0.083333333333333329
0,trial,element,5,6,3,0.5,1,0,53.953472444686618,53.962738892872061,11,46635746566.0019,1.3713861512105475e-16,7.8679724972583833e-17,2.044219042259059e-14,6.6179375682356592e-12,1,1,0.25,0.91666666666666663
0,trial,element,6,7,3,0.5,1,0,53.953474939354855,53.962741388072999,11,46635752370.510246,2.4224453115870665e-16,7.8665088885479429e-17,2.1986751753992528e-14,2.9002392696824174e-11,1,1,0.083333333333333329,0.25
0,trial,element,7,8,3,0.5,1,0,53.953471013153468,53.962737460559552,11,46635741219.446854,1.425472556906879e-16,5.4876303477185889e-17,2.6198660713941996e-14,4.4613846676930103e-11,1,1,0.91666666666666663,0.75
0,trial,element,8,9,3,0.5,1,0,53.953474002923215,53.962740451231902,11,46635749438.37352,2.0204845697497166e-16,5.7110128589864398e-17,4.2021345583044171e-14,7.8669404805407254e-12,1,1,0.25,0.083333333333333329
0,trial,element,9,10,3,0.5,1,0,53.953469312196923,53.962735759388629,11,46635737197.090271,2.960097914803456e-16,2.7517312674450181e-17,5.2768229508118627e-14,6.3384663829002738e-11,1,1,0.75,0.91666666666666663
0,trial,element,10,11,3,0.5,1,0,53.953476275313044,53.962742724550587,11,46635757106.224693,2.000031400084769e-16,3.598025465394925e-18,3.223201273553675e-14,5.6755154673460463e-11,1,1,0.083333333333333329,0.75
0,trial,element,11,12,3,0.5,1,0,53.953472801816808,53.962739250003729,11,46635746943.202637,2.7625367433788911e-16,7.9024142591978069e-17,2.6596429940052485e-14,4.290306206192394e-12,1,1,0.91666666666666663,0.25
0,trial,element,12,13,3,0.5,0,0,69.97110759467958,69.978253035958843,13,1438669209.8407435,1.3594155419737013e-16,5.749465694682476e-17,1.576773872668273e-15,1.2567743872142363e-11,1,1,0.58333333333333337,0.25
0,trial,element,13,14,3,0.5,0,0,69.971108491457429,69.978253932828366,13,1438669257.7486467,2.4276759257158409e-16,8.0371816048084882e-17,1.1536698325636947e-15,7.3304408313735111e-12,1,1,0.41666666666666669,0.75
0,trial,element,14,15,3,0.5,0,0,69.971110008549502,69.978255450074158,13,1438669330.9214246,1.5686461563176469e-16,1.2693540719599025e-16,2.1042765557177591e-15,1.4900839707175249e-12,1,1,0.25,0.41666666666666669
0,trial,element,15,16,3,0.5,0,0,69.971110226572378,69.978255668119701,13,1438669346.0027382,2.5133914575967247e-16,2.2307434354827907e-17,2.1300900448822146e-15,2.7741971995393137e-12,1,1,0.75,0.58333333333333337
0,trial,patch1,0,1,3,0.5,0,0,2.7864029513723931,2.8208971438047503,13,4058.2205731478466,2.7259530393916312e-16,2.0025319580826642e-17,1.0314046407885305e-15,0,11,2.2360679774997898,0.41666666666666669,0.25
0,trial,patch1,1,2,3,0.5,0,0,2.7864029513723976,2.8208971438047548,13,4058.2205731477961,3.5597008276343288e-16,6.9157652082941826e-17,9.153274284683592e-16,0,11,2.2360679774997898,0.58333333333333337,0.75
0,trial,patch1,2,3,3,0.5,0,0,2.7864029513724091,2.8208971438047659,13,4058.2205731465565,2.5545098709261641e-16,4.3558054997352143e-17,1.5914675570639736e-15,0,11,2.2360679774997898,0.25,0.58333333333333337
0,trial,patch1,3,4,3,0.5,0,0,2.786402951372398,2.8208971438047561,13,4058.2205731461063,2.2330982897219634e-16,4.5485160729799687e-17,9.7526778664945192e-16,0,11,2.2360679774997898,0.75,0.41666666666666669
0,trial,patch1,4,5,3,0.5,1,0,3.3996483225404912,3.4491208871174703,13,13905395.225183904,9.732071594056214e-17,3.1639424466354093e-17,6.9321140547404251e-16,0,6,2.2360679774997898,0.75,0.083333333333333329
0,trial,patch1,5,6,3,0.5,1,0,3.3996483225389107,3.4491208871158481,13,13905395.205707803,1.3713861512105475e-16,3.787350710739702e-17,9.6269166497954599e-16,0,6,2.2360679774997898,0.25,0.91666666666666663
0,trial,patch1,6,7,3,0.5,1,0,3.3996483225395222,3.4491208871164818,13,13905395.215106737,2.4224453115870665e-16,5.3961124783094874e-17,1.26730019520922e-15,0,6,2.2360679774997898,0.083333333333333329,0.25
0,trial,patch1,7,8,3,0.5,1,0,3.3996483225382557,3.4491208871151655,13,13905395.197768787,1.425472556906879e-16,6.8248430831192783e-17,7.4506869932311113e-16,0,6,2.2360679774997898,0.91666666666666663,0.75
0,trial,patch1,8,9,3,0.5,1,0,3.3996483225397576,3.4491208871167265,13,13905395.218069596,2.0204845697497166e-16,3.1597312542207468e-17,8.2497559127670447e-16,0,6,2.2360679774997898,0.25,0.083333333333333329
0,trial,patch1,9,10,3,0.5,1,0,3.399648322538297,3.4491208871152144,13,13905395.19877647,2.960097914803456e-16,5.7411271338266532e-17,2.7084501953365695e-16,0,6,2.2360679774997898,0.75,0.91666666666666663
0,trial,patch1,10,11,3,0.5,1,0,3.3996483225381025,3.4491208871150207,13,13905395.197320316,2.000031400084769e-16,3.9452186185855279e-17,8.1511765242948042e-16,0,6,2.2360679774997898,0.083333333333333329,0.75
0,trial,patch1,11,12,3,0.5,1,0,3.3996483225382472,3.4491208871151602,13,13905395.198885642,2.7625367433788911e-16,5.405271817252452e-17,1.3816394272653817e-15,0,6,2.2360679774997898,0.91666666666666663,0.25
0,trial,patch1,12,13,3,0.5,0,0,2.7864029513723945,2.8208971438047508,13,4058.2205731448603,1.3594155419737013e-16,3.780528626268207e-17,8.1168934955289721e-16,0,11,2.2360679774997898,0.58333333333333337,0.25
0,trial,patch1,13,14,3,0.5,0,0,2.7864029513723967,2.8208971438047534,13,4058.2205731468025,2.4276759257158409e-16,3.4898177612836469e-17,6.163105273720264e-16,0,11,2.2360679774997898,0.41666666666666669,0.75
0,trial,patch1,14,15,3,0.5,0,0,2.7864029513723931,2.8208971438047499,13,4058.220573148797,1.5686461563176469e-16,3.5011650793249998e-17,1.014251485175672e-15,0,11,2.2360679774997898,0.25,0.41666666666666669
0,trial,patch1,15,16,3,0.5,0,0,2.7864029513723882,2.8208971438047445,13,4058.2205731472391,2.5133914575967247e-16,6.7891826063443292e-17,1.6818845341607291e-15,0,11,2.2360679774997898,0.75,0.58333333333333337
0,trial,patch3,0,1,3,0.5,0,0,2.6934250619136062,2.7270184292368347,13,7.015272446043185,2.7259530393916312e-16,6.2291284544139359e-17,5.3203386422969181e-16,0,16,2.8284271247461903,0.41666666666666669,0.25
0,trial,patch3,1,2,3,0.5,0,0,2.6934250619136018,2.727018429236832,13,7.015272446043185,3.5597008276343288e-16,6.2291284544139359e-17,7.2322531733863019e-16,0,16,2.8284271247461903,0.58333333333333337,0.75
0,trial,patch3,2,3,3,0.5,0,0,2.6934250619136044,2.7270184292368342,13,7.015272446043185,2.5545098709261641e-16,6.2291284544139359e-17,6.769203978830101e-16,0,16,2.8284271247461903,0.25,0.58333333333333337
0,trial,patch3,3,4,3,0.5,0,0,2.6934250619136053,2.7270184292368347,13,7.015272446043185,2.2330982897219634e-16,6.2291284544139359e-17,2.579453241963964e-16,0,16,2.8284271247461903,0.75,0.41666666666666669
0,trial,patch3,4,5,3,0.5,1,0,3.1806029939723257,3.2323731413780288,13,7.015272446043185,9.732071594056214e-17,6.2291284544139359e-17,9.6853157867272229e-16,0,16,2.8284271247461903,0.75,0.083333333333333329
0,trial,patch3,5,6,3,0.5,1,0,3.1806029939723213,3.2323731413780257,13,7.015272446043185,1.3713861512105475e-16,6.2291284544139359e-17,4.9501714944617254e-16,0,16,2.8284271247461903,0.25,0.91666666666666663
0,trial,patch3,6,7,3,0.5,1,0,3.1806029939723164,3.2323731413780203,13,7.015272446043185,2.4224453115870665e-16,6.2291284544139359e-17,6.9698890559286921e-16,0,16,2.8284271247461903,0.083333333333333329,0.25
0,trial,patch3,7,8,3,0.5,1,0,3.1806029939723119,3.2323731413780159,13,7.015272446043185,1.425472556906879e-16,6.2291284544139359e-17,6.3591515699774259e-16,0,16,2.8284271247461903,0.91666666666666663,0.75
0,trial,patch3,8,9,3,0.5,1,0,3.1806029939723173,3.2323731413780208,13,7.015272446043185,2.0204845697497166e-16,6.2291284544139359e-17,3.7446562744927269e-16,0,16,2.8284271247461903,0.25,0.083333333333333329
0,trial,patch3,9,10,3,0.5,1,0,3.1806029939723146,3.2323731413780163,13,7.015272446043185,2.960097914803456e-16,6.2291284544139359e-17,7.4376791691068721e-16,0,16,2.8284271247461903,0.75,0.91666666666666663
0,trial,patch3,10,11,3,0.5,1,0,3.1806029939723239,3.2323731413780279,13,7.015272446043185,2.000031400084769e-16,6.2291284544139359e-17,7.0189629398582524e-16,0,16,2.8284271247461903,0.083333333333333329,0.75
0,trial,patch3,11,12,3,0.5,1,0,3.1806029939723262,3.2323731413780292,13,7.015272446043185,2.7625367433788911e-16,6.2291284544139359e-17,9.7181480821141294e-16,0,16,2.8284271247461903,0.91666666666666663,0.25
0,trial,patch3,12,13,3,0.5,0,0,2.693425061913604,2.727018429236832,13,7.015272446043185,1.3594155419737013e-16,6.2291284544139359e-17,7.1663251424069053e-16,0,16,2.8284271247461903,0.58333333333333337,0.25
0,trial,patch3,13,14,3,0.5,0,0,2.6934250619136,2.7270184292368302,13,7.015272446043185,2.4276759257158409e-16,6.2291284544139359e-17,4.9562293423027629e-16,0,16,2.8284271247461903,0.41666666666666669,0.75
0,trial,patch3,14,15,3,0.5,0,0,2.6934250619136053,2.7270184292368347,13,7.015272446043185,1.5686461563176469e-16,6.2291284544139359e-17,6.4378317190622174e-16,0,16,2.8284271247461903,0.25,0.41666666666666669
0,trial,patch3,15,16,3,0.5,0,0,2.6934250619136013,2.7270184292368311,13,7.015272446043185,2.5133914575967247e-16,6.2291284544139359e-17,5.5237867103125129e-16,0,16,2.8284271247461903,0.75,0.58333333333333337
0,test,element,0,1,3,0.5,0,0,69.971110659315457,69.978256100907515,13,1438669367.3709919,2.7259530393916312e-16,6.5714680459353754e-18,1.3399949441841423e-15,5.3156789894822168e-12,1,1,0.41666666666666669,0.25
0,test,element,1,2,3,0.5,0,0,69.971105153149253,69.978250594179642,13,1438669083.6885557,3.5597008276343288e-16,8.11412539009063e-17,2.1134304149235787e-15,2.6805914163665806e-11,1,1,0.58333333333333337,0.75
0,test,element,2,3,3,0.5,0,0,69.971109182988627,69.978254624430591,13,1438669294.5953405,2.5545098709261641e-16,6.2355706921741909e-18,2.0395741362765818e-15,3.2825308138880101e-12,1,1,0.25,0.58333333333333337
0,test,element,3,4,3,0.5,0,0,69.971109720777392,69.97825516227428,13,1438669319.4728982,2.2330982897219634e-16,7.9705745590425996e-17,1.5769570359124165e-15,1.4319515778048698e-13,1,1,0.75,0.41666666666666669
0,test,element,4,5,3,0.5,1,0,53.953472097108303,53.962738544980674,11,46635744918.673782,9.732071594056214e-17,5.495307304451665e-17,2.2159794955250833e-14,2.0433339286159122e-11,1,1,0.75,0.083333333333333329
0,test,element,5,6,3,0.5,1,0,53.953472444686618,53.962738892872061,11,46635746566.0019,1.3713861512105475e-16,7.8679724972583833e-17,2.044219042259059e-14,6.6179375682356592e-12,1,1,0.25,0.91666666666666663
0,test,element,6,7,3,0.5,1,0,53.953474939354855,53.962741388072999,11,46635752370.510246,2.4224453115870665e-16,7.8665088885479429e-17,2.1986751753992528e-14,2.9002392696824174e-11,1,1,0.083333333333333329,0.25
0,test,element,7,8,3,0.5,1,0,53.953471013153468,53.962737460559552,11,46635741219.446854,1.425472556906879e-16,5.4876303477185889e-17,2.6198660713941996e-14,4.4613846676930103e-11,1,1,0.91666666666666663,0.75
0,test,element,8,9,3,0.5,1,0,53.953474002923215,53.962740451231902,11,46635749438.37352,2.0204845697497166e-16,5.7110128589864398e-17,4.2021345583044171e-14,7.8669404805407254e-12,1,1,0.25,0.083333333333333329
0,test,element,9,10,3,0.5,1,0,53.953469312196923,53.962735759388629,11,46635737197.090271,2.960097914803456e-16,2.7517312674450181e-17,5.2768229508118627e-14,6.3384663829002738e-11,1,1,0.75,0.91666666666666663
0,test,element,10,11,3,0.5,1,0,53.953476275313044,53.962742724550587,11,46635757106.224693,2.000031400084769e-16,3.598025465394925e-18,3.223201273553675e-14,5.6755154673460463e-11,1,1,0.083333333333333329,0.75
0,test,element,11,12,3,0.5,1,0,53.953472801816808,53.962739250003729,11,46635746943.202637,2.7625367433788911e-16,7.9024142591978069e-17,2.6596429940052485e-14,4.290306206192394e-12,1,1,0.91666666666666663,0.25
0,test,element,12,13,3,0.5,0,0,69.97110759467958,69.978253035958843,13,1438669209.8407435,1.3594155419737013e-16,5.749465694682476e-17,1.576773872668273e-15,1.2567743872142363e-11,1,1,0.58333333333333337,0.25
0,test,element,13,14,3,0.5,0,0,69.971108491457429,69.978253932828366,13,1438669257.7486467,2.4276759257158409e-16,8.0371816048084882e-17,1.1536698325636947e-15,7.3304408313735111e-12,1,1,0.41666666666666669,0.75
0,test,element,14,15,3,0.5,0,0,69.971110008549502,69.978255450074158,13,1438669330.9214246,1.5686461563176469e-16,1.2693540719599025e-16,2.1042765557177591e-15,1.4900839707175249e-12,1,1,0.25,0.41666666666666669
0,test,element,15,16,3,0.5,0,0,69.971110226572378,69.978255668119701,13,1438669346.0027382,2.5133914575967247e-16,2.2307434354827907e-17,2.1300900448822146e-15,2.7741971995393137e-12,1,1,0.75,0.58333333333333337
0,test,patch1,0,1,3,0.5,0,0,2.7864029513723931,2.8208971438047503,13,4058.2205731478466,2.7259530393916312e-16,2.0025319580826642e-17,1.0314046407885305e-15,0,11,2.2360679774997898,0.41666666666666669,0.25
0,test,patch1,1,2,3,0.5,0,0,2.7864029513723976,2.8208971438047548,13,4058.2205731477961,3.5597008276343288e-16,6.9157652082941826e-17,9.153274284683592e-16,0,11,2.2360679774997898,0.58333333333333337,0.75
0,test,patch1,2,3,3,0.5,0,0,2.7864029513724091,2.8208971438047659,13,4058.2205731465565,2.5545098709261641e-16,4.3558054997352143e-17,1.5914675570639736e-15,0,11,2.2360679774997898,0.25,0.58333333333333337
0,test,patch1,3,4,3,0.5,0,0,2.786402951372398,2.8208971438047561,13,4058.2205731461063,2.2330982897219634e-16,4.5485160729799687e-17,9.7526778664945192e-16,0,11,2.2360679774997898,0.75,0.41666666666666669
0,test,patch1,4,5,3,0.5,1,0,3.3996483225404912,3.4491208871174703,13,13905395.225183904,9.732071594056214e-17,3.1639424466354093e-17,6.9321140547404251e-16,0,6,2.2360679774997898,0.75,0.083333333333333329
0,test,patch1,5,6,3,0.5,1,0,3.3996483225389107,3.4491208871158481,13,13905395.205707803,1.3713861512105475e-16,3.787350710739702e-17,9.6269166497954599e-16,0,6,2.2360679774997898,0.25,0.91666666666666663
0,test,patch1,6,7,3,0.5,1,0,3.3996483225395222,3.4491208871164818,13,13905395.215106737,2.4224453115870665e-16,5.3961124783094874e-17,1.26730019520922e-15,0,6,2.2360679774997898,0.083333333333333329,0.25
0,test,patch1,7,8,3,0.5,1,0,3.3996483225382557,3.4491208871151655,13,13905395.197768787,1.425472556906879e-16,6.8248430831192783e-17,7.4506869932311113e-16,0,6,2.2360679774997898,0.91666666666666663,0.75
0,test,patch1,8,9,3,0.5,1,0,3.3996483225397576,3.4491208871167265,13,13905395.218069596,2.0204845697497166e-16,3.1597312542207468e-17,8.2497559127670447e-16,0,6,2.2360679774997898,0.25,0.083333333333333329
0,test,patch1,9,10,3,0.5,1,0,3.399648322538297,3.4491208871152144,13,13905395.19877647,2.960097914803456e-16,5.7411271338266532e-17,2.7084501953365695e-16,0,6,2.2360679774997898,0.75,0.91666666666666663
0,test,patch1,10,11,3,0.5,1,0,3.3996483225381025,3.4491208871150207,13,13905395.197320316,2.000031400084769e-16,3.9452186185855279e-17,8.1511765242948042e-16,0,6,2.2360679774997898,0.083333333333333329,0.75
0,test,patch1,11,12,3,0.5,1,0,3.3996483225382472,3.4491208871151602,13,13905395.198885642,2.7625367433788911e-16,5.405271817252452e-17,1.3816394272653817e-15,0,6,2.2360679774997898,0.91666666666666663,0.25
0,test,patch1,12,13,3,0.5,0,0,2.7864029513723945,2.8208971438047508,13,4058.2205731448603,1.3594155419737013e-16,3.780528626268207e-17,8.1168934955289721e-16,0,11,2.2360679774997898,0.58333333333333337,0.25
0,test,patch1,13,14,3,0.5,0,0,2.7864029513723967,2.8208971438047534,13,4058.2205731468025,2.4276759257158409e-16,3.4898177612836469e-17,6.163105273720264e-16,0,11,2.2360679774997898,0.41666666666666669,0.75
0,test,patch1,14,15,3,0.5,0,0,2.7864029513723931,2.8208971438047499,13,4058.220573148797,1.5686461563176469e-16,3.5011650793249998e-17,1.014251485175672e-15,0,11,2.2360679774997898,0.25,0.41666666666666669
0,test,patch1,15,16,3,0.5,0,0,2.7864029513723882,2.8208971438047445,13,4058.2205731472391,2.5133914575967247e-16,6.7891826063443292e-17,1.6818845341607291e-15,0,11,2.2360679774997898,0.75,0.58333333333333337
0,test,patch3,0,1,3,0.5,0,0,2.6934250619136062,2.7270184292368347,13,7.015272446043185,2.7259530393916312e-16,6.2291284544139359e-17,5.3203386422969181e-16,0,16,2.8284271247461903,0.41666666666666669,0.25
0,test,patch3,1,2,3,0.5,0,0,2.6934250619136018,2.727018429236832,13,7.015272446043185,3.5597008276343288e-16,6.2291284544139359e-17,7.2322531733863019e-16,0,16,2.8284271247461903,0.58333333333333337,0.75
0,test,patch3,2,3,3,0.5,0,0,2.6934250619136044,2.7270184292368342,13,7.015272446043185,2.5545098709261641e-16,6.2291284544139359e-17,6.769203978830101e-16,0,16,2.8284271247461903,0.25,0.58333333333333337
0,test,patch3,3,4,3,0.5,0,0,2.6934250619136053,2.7270184292368347,13,7.015272446043185,2.2330982897219634e-16,6.2291284544139359e-17,2.579453241963964e-16,0,16,2.8284271247461903,0.75,0.41666666666666669
0,test,patch3,4,5,3,0.5,1,0,3.1806029939723257,3.2323731413780288,13,7.015272446043185,9.732071594056214e-17,6.2291284544139359e-17,9.6853157867272229e-16,0,16,2.8284271247461903,0.75,0.083333333333333329
0,test,patch3,5,6,3,0.5,1,0,3.1806029939723213,3.2323731413780257,13,7.015272446043185,1.3713861512105475e-16,6.2291284544139359e-17,4.9501714944617254e-16,0,16,2.8284271247461903,0.25,0.91666666666666663
0,test,patch3,6,7,3,0.5,1,0,3.1806029939723164,3.2323731413780203,13,7.015272446043185,2.4224453115870665e-16,6.2291284544139359e-17,6.9698890559286921e-16,0,16,2.8284271247461903,0.083333333333333329,0.25
0,test,patch3,7,8,3,0.5,1,0,3.1806029939723119,3.2323731413780159,13,7.015272446043185,1.425472556906879e-16,6.2291284544139359e-17,6.3591515699774259e-16,0,16,2.8284271247461903,0.91666666666666663,0.75
0,test,patch3,8,9,3,0.5,1,0,3.1806029939723173,3.2323731413780208,13,7.015272446043185,2.0204845697497166e-16,6.2291284544139359e-17,3.7446562744927269e-16,0,16,2.8284271247461903,0.25,0.083333333333333329
0,test,patch3,9,10,3,0.5,1,0,3.1806029939723146,3.2323731413780163,13,7.015272446043185,2.960097914803456e-16,6.2291284544139359e-17,7.4376791691068721e-16,0,16,2.8284271247461903,0.75,0.91666666666666663
0,test,patch3,10,11,3,0.5,1,0,3.1806029939723239,3.2323731413780279,13,7.015272446043185,2.000031400084769e-16,6.2291284544139359e-17,7.0189629398582524e-16,0,16,2.8284271247461903,0.083333333333333329,0.75
0,test,patch3,11,12,3,0.5,1,0,3.1806029939723262,3.2323731413780292,13,7.015272446043185,2.7625367433788911e-16,6.2291284544139359e-17,9.7181480821141294e-16,0,16,2.8284271247461903,0.91666666666666663,0.25
0,test,patch3,12,13,3,0.5,0,0,2.693425061913604,2.727018429236832,13,7.015272446043185,1.3594155419737013e-16,6.2291284544139359e-17,7.1663251424069053e-16,0,16,2.8284271247461903,0.58333333333333337,0.25
0,test,patch3,13,14,3,0.5,0,0,2.6934250619136,2.7270184292368302,13,7.015272446043185,2.4276759257158409e-16,6.2291284544139359e-17,4.9562293423027629e-16,0,16,2.8284271247461903,0.41666666666666669,0.75
0,test,patch3,14,15,3,0.5,0,0,2.6934250619136053,2.7270184292368347,13,7.015272446043185,1.5686461563176469e-16,6.2291284544139359e-17,6.4378317190622174e-16,0,16,2.8284271247461903,0.25,0.41666666666666669
0,test,patch3,15,16,3,0.5,0,0,2.6934250619136013,2.7270184292368311,13,7.015272446043185,2.5133914575967247e-16,6.2291284544139359e-17,5.5237867103125129e-16,0,16,2.8284271247461903,0.75,0.58333333333333337
1,coarse,element,0,1,3,0.5,0,0,8.4852813742385855,8.5440037453175464,3,4.0000000000000124,0,0,4.5065699989652724e-16,0,1,1,0.41666666666666669,0.25
1,coarse,element,1,2,3,0.5,0,0,8.4852813742385855,8.5440037453175464,3,4.0000000000000124,0,0,4.5065699989652724e-16,0,1,1,0.58333333333333337,0.75
1,coarse,element,2,3,3,0.5,0,0,8.4852813742385855,8.5440037453175464,3,4.0000000000000124,0,0,4.5065699989652724e-16,0,1,1,0.25,0.58333333333333337
1,coarse,element,3,4,3,0.5,0,1,8.4852813742385891,8.5440037453175499,3,4.0000000000000142,0,0,1.9107114667995952e-16,1.9466924267399918e-16,1,1,0.75,0.41666666666666669
1,coarse,element,4,5,3,0.5,1,1,8.4852813742385838,8.5440037453175446,3,4.0000000000000151,0,0,4.9363459839489501e-16,0,1,1,0.75,0.083333333333333329
1,coarse,element,5,6,3,0.5,1,0,8.4852813742385855,8.5440037453175464,3,4.0000000000000124,0,0,4.5065699989652724e-16,0,1,1,0.25,0.91666666666666663
1,coarse,element,6,7,3,0.5,1,0,8.4852813742385855,8.5440037453175464,3,4.0000000000000124,0,0,4.5065699989652724e-16,0,1,1,0.083333333333333329,0.25
1,coarse,element,7,8,3,0.5,1,0,8.485281374238582,8.5440037453175428,3,4.0000000000000115,0,0,2.0352740006960438e-16,0,1,1,0.91666666666666663,0.75
1,coarse,element,8,9,3,0.5,1,0,8.4852813742385855,8.5440037453175464,3,4.0000000000000151,0,0,5.205245956471159e-16,0,1,1,0.25,0.083333333333333329
1,coarse,element,9,10,3,0.5,1,0,8.4852813742385855,8.5440037453175464,3,4.0000000000000151,0,0,5.205245956471159e-16,0,1,1,0.75,0.91666666666666663
1,coarse,element,10,11,3,0.5,1,0,8.4852813742385855,8.5440037453175464,3,4.0000000000000151,0,0,5.205245956471159e-16,0,1,1,0.083333333333333329,0.75
1,coarse,element,11,13,3,0.5,0,0,8.4852813742386211,8.5440037453175819,3,4.0000000000000462,0,0,4.1267042242363785e-16,0,1,1,0.58333333333333337,0.25
1,coarse,element,12,14,3,0.5,0,0,8.4852813742385855,8.5440037453175464,3,4.0000000000000151,0,0,5.205245956471159e-16,0,1,1,0.41666666666666669,0.75
1,coarse,element,13,15,3,0.5,0,0,8.4852813742385855,8.5440037453175464,3,4.0000000000000151,0,0,5.205245956471159e-16,0,1,1,0.25,0.41666666666666669
1,coarse,element,14,16,3,0.5,0,0,8.4852813742385624,8.5440037453175233,3,4.0000000000000009,0,0,1.2001972320398004e-16,0,1,1,0.75,0.58333333333333337
1,coarse,element,15,17,4,0.35355339059327379,1,1,8.4852813742385642,8.5146931829631942,3,3.999999999999996,0,0,3.8727945572713663e-16,1.9754313127813157e-16,1,1,0.91666666666666663,0.16666666666666666
1,coarse,element,16,18,4,0.35355339059327379,1,1,8.4852813742385642,8.5146931829631942,3,3.999999999999996,0,0,6.5387437188925429e-17,1.9754313127813157e-16,1,1,0.91666666666666663,0.33333333333333331
1,coarse,patch1,0,1,3,0.5,0,0,3.6044828737838239,3.6308551802159186,11,11.54141026836156,0,9.2093210325882721e-18,8.711056494520558e-16,0,11,2.2360679774997898,0.41666666666666669,0.25
1,coarse,patch1,1,2,3,0.5,0,0,3.604482873783823,3.6308551802159199,11,11.541410268361568,0,0,4.6115476813447179e-16,0,11,2.2360679774997898,0.58333333333333337,0.75
1,coarse,patch1,2,3,3,0.5,0,0,3.6044828737838221,3.6308551802159181,11,11.541410268361606,0,0,6.3309804843700211e-16,0,11,2.2360679774997898,0.25,0.58333333333333337
1,coarse,patch1,3,4,3,0.5,0,1,3.628664377403708,3.6551819812191053,12,11.755245249093184,0,1.3269703217737512e-17,7.7661243539789549e-16,0,12,2.2360679774997898,0.75,0.41666666666666669
1,coarse,patch1,4,5,3,0.5,1,1,4.4636912920212701,4.5062763910388659,8,8.1989442079769432,0,1.4605950104502032e-17,1.2317817580442095e-15,0,7,2.2360679774997898,0.75,0.083333333333333329
1,coarse,patch1,5,6,3,0.5,1,0,4.2811750887123079,4.3161062710517797,7,8.3736389961775952,0,0,2.3590715352112423e-16,0,6,2.2360679774997898,0.25,0.91666666666666663
1,coarse,patch1,6,7,3,0.5,1,0,4.2811750887123106,4.3161062710517832,7,8.3736389961775757,0,0,6.5890659382209786e-16,0,6,2.2360679774997898,0.083333333333333329,0.25
1,coarse,patch1,7,8,3,0.5,1,0,4.309747483791349,4.3445819491053701,7,14.308652136243532,0,0,7.3997780912219852e-16,0,6,1.8027756377319946,0.91666666666666663,0.75
1,coarse,patch1,8,9,3,0.5,1,0,4.2811750887123088,4.3161062710517806,7,8.373638996177581,0,1.4176269004663464e-17,5.3427481277781563e-16,0,6,2.2360679774997898,0.25,0.083333333333333329
1,coarse,patch1,9,10,3,0.5,1,0,4.2811750887123088,4.3161062710517832,7,8.373638996177581,0,0,9.7549230889738168e-16,0,6,2.2360679774997898,0.75,0.91666666666666663
1,coarse,patch1,10,11,3,0.5,1,0,4.2811750887123079,4.3161062710517824,7,8.3736389961775739,0,0,4.7051069812459906e-16,0,6,2.2360679774997898,0.083333333333333329,0.75
1,coarse,patch1,11,13,3,0.5,0,0,3.6138092588610906,3.6401782414131234,12,11.681543891567037,0,1.3227776720462553e-17,3.1196319157332003e-16,0,12,2.2360679774997898,0.58333333333333337,0.25
1,coarse,patch1,12,14,3,0.5,0,0,3.6044828737838217,3.6308551802159177,11,11.541410268361611,0,0,3.5121085260677971e-16,0,11,2.2360679774997898,0.41666666666666669,0.75
1,coarse,patch1,13,15,3,0.5,0,0,3.604482873783823,3.6308551802159195,11,11.541410268361599,0,0,4.5857520891075854e-16,0,11,2.2360679774997898,0.25,0.41666666666666669
1,coarse,patch1,14,16,3,0.5,0,0,3.6712970397463307,3.6982238963166902,11,21.006659564512891,0,0,5.5347966449621285e-16,0,11,2.2360679774997898,0.75,0.58333333333333337
1,coarse,patch1,15,17,4,0.35355339059327379,1,1,4.4688127362837902,4.4875291653874712,6,6.8032118922901654,0,1.9102697246578246e-17,4.5669730229376494e-16,0,5,2,0.91666666666666663,0.16666666666666666
1,coarse,patch1,16,18,4,0.35355339059327379,1,1,4.2284256963341198,4.249711537399727,8,7.8291697587491544,0,1.4835979218054469e-17,1.0033885466468714e-15,0,7,3.1622776601683791,0.91666666666666663,0.33333333333333331
1,coarse,patch3,0,1,3,0.5,0,0,3.5486524538514672,3.5748508198197948,14,11.858127086475227,0,1.0617785202116218e-17,6.2656925314325698e-16,0,17,2.8284271247461903,0.41666666666666669,0.25
1,coarse,patch3,1,2,3,0.5,0,0,3.5427400856576976,3.5690314177338425,14,11.858127086475227,0,1.0617785202116218e-17,1.1922519849848693e-15,0,17,2.8284271247461903,0.58333333333333337,0.75
1,coarse,patch3,2,3,3,0.5,0,0,3.5366955725445521,3.562877774063558,14,11.858127086475227,0,1.0617785202116218e-17,8.830907879905268e-16,0,17,2.8284271247461903,0.25,0.58333333333333337
1,coarse,patch3,3,4,3,0.5,0,1,3.5595883549562468,3.5858231225574544,14,11.858127086475227,0,1.0617785202116218e-17,6.2671539713274097e-16,0,17,2.8284271247461903,0.75,0.41666666666666669
1,coarse,patch3,4,5,3,0.5,1,1,4.333941309197769,4.3773685341231579,14,11.858127086475227,0,1.0617785202116218e-17,3.8582588956670701e-16,0,17,2.8284271247461903,0.75,0.083333333333333329
1,coarse,patch3,5,6,3,0.5,1,0,4.1960563322860907,4.2317022525157038,14,11.858127086475227,0,1.0617785202116218e-17,6.7813725642510573e-16,0,17,2.8284271247461903,0.25,0.91666666666666663
1,coarse,patch3,6,7,3,0.5,1,0,4.1966456339678642,4.2322752419320189,14,11.858127086475227,0,1.0617785202116218e-17,4.2818450489741102e-16,0,17,2.8284271247461903,0.083333333333333329,0.25
1,coarse,patch3,7,8,3,0.5,1,0,4.2231746693566095,4.2587569711900475,14,11.858127086475227,0,1.0617785202116218e-17,3.2514963142598746e-16,0,17,2.8284271247461903,0.91666666666666663,0.75
1,coarse,patch3,8,9,3,0.5,1,0,4.2000386041538986,4.2356753267884484,14,11.858127086475227,0,1.0617785202116218e-17,3.1671376593229814e-16,0,17,2.8284271247461903,0.25,0.083333333333333329
1,coarse,patch3,9,10,3,0.5,1,0,4.1982001415258248,4.2337450468101103,14,11.858127086475227,0,1.0617785202116218e-17,6.3882234532014339e-16,0,17,2.8284271247461903,0.75,0.91666666666666663
1,coarse,patch3,10,11,3,0.5,1,0,4.1960983344247609,4.2317460270414271,14,11.858127086475227,0,1.0617785202116218e-17,5.8610746225623945e-16,0,17,2.8284271247461903,0.083333333333333329,0.75
1,coarse,patch3,11,13,3,0.5,0,0,3.5498236727432597,3.5760301067703182,14,11.858127086475227,0,1.0617785202116218e-17,8.0611750158983618e-16,0,17,2.8284271247461903,0.58333333333333337,0.25
1,coarse,patch3,12,14,3,0.5,0,0,3.5363659311056717,3.5625543637496127,14,11.858127086475227,0,1.0617785202116218e-17,7.5823542364300227e-16,0,17,2.8284271247461903,0.41666666666666669,0.75
1,coarse,patch3,13,15,3,0.5,0,0,3.5387965678549693,3.5649888802886416,14,11.858127086475227,0,1.0617785202116218e-17,6.7435377847773374e-16,0,17,2.8284271247461903,0.25,0.41666666666666669
1,coarse,patch3,14,16,3,0.5,0,0,3.6071138843754258,3.6337813347072254,14,11.858127086475227,0,1.0617785202116218e-17,6.4629749974858167e-16,0,17,2.8284271247461903,0.75,0.58333333333333337
1,coarse,patch3,15,17,4,0.35355339059327379,1,1,4.3758019467700828,4.3946139838218956,14,11.858127086475227,0,1.0617785202116218e-17,9.2803571648086761e-16,0,17,4,0.91666666666666663,0.16666666666666666
1,coarse,patch3,16,18,4,0.35355339059327379,1,1,4.139274611412465,4.1615232210298867,14,11.858127086475227,0,1.0617785202116218e-17,2.1273472211195424e-16,0,17,4,0.91666666666666663,0.33333333333333331
1,trial,element,0,1,3,0.5,0,0,70.248887743559706,70.256004934034934,14,2038260331.6167471,1.7705046540331544e-16,1.1089793428291379e-17,3.0177745277938263e-15,1.6995491692064664e-11,1,1,0.41666666666666669,0.25
1,trial,element,1,2,3,0.5,0,0,83.983512160251976,83.989465496301534,14,20042092788.182316,3.0443235935080472e-16,5.8615400001848024e-17,2.1091454225905407e-15,5.9080285736211173e-11,1,1,0.58333333333333337,0.75
1,trial,element,2,3,3,0.5,0,0,91.259551633925099,91.26503035861559,14,187511560356.07568,1.7486954071025252e-16,9.9459706132519521e-18,1.001379717477961e-14,2.3219031080113904e-10,1,1,0.25,0.58333333333333337
1,trial,element,3,4,3,0.5,0,1,74.84333513316048,74.850015456553393,14,2212890529.3666258,4.1744324536342215e-16,8.2578007144755071e-17,4.0032121704699515e-15,1.4800225740292493e-12,1,1,0.75,0.41666666666666669
1,trial,element,4,5,3,0.5,1,1,97.642519451687818,97.647639996322866,12,462421429362.79596,2.7635571995983643e-16,9.7541084854055166e-17,2.5136076349642424e-14,8.4129080366319317e-10,1,1,0.75,0.083333333333333329
1,trial,element,5,6,3,0.5,1,0,53.992742167145053,54.002001877746785,11,49797579443.501793,4.0872811617414277e-16,5.5418104895512247e-17,2.0697644087567174e-14,2.6185954068421523e-11,1,1,0.25,0.91666666666666663
1,trial,element,6,7,3,0.5,1,0,55.162428675759053,55.171492071102989,11,49509638807.972725,2.268945646572702e-16,3.1637386427999998e-18,2.773980197887642e-14,1.8536980961129685e-11,1,1,0.083333333333333329,0.25
1,trial,element,7,8,3,0.5,1,0,170.6334153596149,170.63634559393785,12,652704157801.01501,4.2308705451000879e-16,5.5516456708976319e-17,1.2866844621292575e-15,1.2602025422564261e-11,1,1,0.91666666666666663,0.75
1,trial,element,8,9,3,0.5,1,0,179.18260872152817,179.18539913982281,12,802398977161.37781,1.5266481739249186e-16,1.1318324166478171e-16,2.0340237464660096e-15,1.0448221463563905e-10,1,1,0.25,0.083333333333333329
1,trial,element,9,10,3,0.5,1,0,52.484553607002617,52.494079354238657,11,41491055248.759621,1.856772585154786e-16,5.6987970765293437e-17,2.3304477616422987e-14,2.8024861965392779e-11,1,1,0.75,0.91666666666666663
1,trial,element,10,11,3,0.5,1,0,54.913718179945015,54.92282261825487,11,50850726858.737038,1.3736287701409314e-16,2.9281236220316567e-17,2.8857920161785633e-14,3.2702736632636453e-12,1,1,0.083333333333333329,0.75
1,trial,element,11,13,3,0.5,0,0,78.117140451791172,78.123540832382417,14,4748850155.328371,1.1075504540325657e-16,1.1829700467118951e-17,3.9039665268544787e-15,2.8828118242119799e-11,1,1,0.58333333333333337,0.25
1,trial,element,12,14,3,0.5,0,0,86.375650612886844,86.381439088420393,14,47744280361.333466,2.4073715515488299e-16,7.9888641128263183e-17,1.1459716905377442e-14,2.5058858858195483e-11,1,1,0.41666666666666669,0.75
1,trial,element,13,15,3,0.5,0,0,82.41788904231548,82.423955463008937,14,14798774967.961086,2.4575659041046449e-16,5.7033564505230038e-17,7.0190974044919196e-15,3.4362543272562431e-12,1,1,0.25,0.41666666666666669
1,trial,element,14,16,3,0.5,0,0,70.492274996420548,70.499367615541999,14,1801007903.1969714,3.5994812266767959e-16,6.422071202896964e-18,1.9448985984455365e-15,4.0951555915369051e-12,1,1,0.75,0.58333333333333337
1,trial,element,15,17,4,0.35355339059327379,1,1,35.898669225514375,35.905632596196661,10,33088729882.759617,1.0285131714217252e-16,1.6084778203326539e-17,2.5209596012785931e-14,2.3140285560076561e-11,1,1,0.91666666666666663,0.16666666666666666
1,trial,element,16,18,4,0.35355339059327379,1,1,49.152013352014933,49.157099350640955,11,50408514470.328163,2.1568412131895755e-16,1.067910638389529e-16,2.6200696557738221e-14,5.0201695607465085e-12,1,1,0.91666666666666663,0.33333333333333331
1,trial,patch1,0,1,3,0.5,0,0,2.7847585850473648,2.8192649215949639,14,4550.5573502209309,1.7705046540331544e-16,4.3517706118369748e-17,2.5459171776859269e-15,0,11,2.2360679774997898,0.41666666666666669,0.25
1,trial,patch1,1,2,3,0.5,0,0,2.8044144957971087,2.8393157070043311,14,8400.1025366988433,3.0443235935080472e-16,4.4554400181955865e-17,1.7865733053125261e-15,0,11,2.2360679774997898,0.58333333333333337,0.75
1,trial,patch1,2,3,3,0.5,0,0,2.7905303630195122,2.8250089232429438,14,7153.9094998139608,1.7486954071025252e-16,5.4896339048284069e-17,4.387848483666004e-16,0,11,2.2360679774997898,0.25,0.58333333333333337
1,trial,patch1,3,4,3,0.5,0,1,2.7374825780374774,2.7713194487926485,14,4034.8803579078472,4.1744324536342215e-16,4.8398715686060865e-17,1.5091159054060998e-15,0,12,2.2360679774997898,0.75,0.41666666666666669
1,trial,patch1,4,5,3,0.5,1,1,3.4402541277620919,3.497544248292157,14,13500765.329321219,2.7635571995983643e-16,6.1768717164809143e-17,3.4940260953290653e-16,0,7,2.2360679774997898,0.75,0.083333333333333329
1,trial,patch1,5,6,3,0.5,1,0,3.3996186746455366,3.4491184346231587,14,25586207.480826106,4.0872811617414277e-16,4.6170020656678197e-17,5.0756929703916591e-16,0,6,2.2360679774997898,0.25,0.91666666666666663
1,trial,patch1,6,7,3,0.5,1,0,3.3997368483257446,3.4492132194915928,14,16472384.54991599,2.268945646572702e-16,9.4253770955384822e-17,7.1081351289126226e-16,0,6,2.2360679774997898,0.083333333333333329,0.25
1,trial,patch1,7,8,3,0.5,1,0,3.4143663441607828,3.4627613459508386,14,19091343.362276182,4.2308705451000879e-16,3.6976981381468902e-17,4.5766236064629105e-16,0,6,1.8027756377319946,0.91666666666666663,0.75
1,trial,patch1,8,9,3,0.5,1,0,3.4036042206570465,3.4529184053390258,14,17890317.356755793,1.5266481739249186e-16,6.9320251586705287e-17,2.2895721169559517e-15,0,6,2.2360679774997898,0.25,0.083333333333333329
1,trial,patch1,9,10,3,0.5,1,0,3.3997905037643155,3.4492453556849809,14,18578833.200059947,1.856772585154786e-16,3.189140961912143e-17,4.0122017426300755e-16,0,6,2.2360679774997898,0.75,0.91666666666666663
1,trial,patch1,10,11,3,0.5,1,0,3.3997753847122136,3.4492687349986921,14,101183426.98731241,1.3736287701409314e-16,4.6342612220831317e-17,6.6835874470175043e-16,0,6,2.2360679774997898,0.083333333333333329,0.75
1,trial,patch1,11,13,3,0.5,0,0,2.6628809875505359,2.6955323289379556,14,4231.2109588216772,1.1075504540325657e-16,3.0247018860262373e-17,1.4869828769030019e-15,0,12,2.2360679774997898,0.58333333333333337,0.25
1,trial,patch1,12,14,3,0.5,0,0,2.7876917685396698,2.8221720559589794,14,8050.6072546710056,2.4073715515488299e-16,6.1255826087095695e-17,1.244431589503902e-15,0,11,2.2360679774997898,0.41666666666666669,0.75
1,trial,patch1,13,15,3,0.5,0,0,2.7942274474984483,2.8289173305591131,14,5351.4384953251338,2.4575659041046449e-16,4.0529181664955081e-17,1.7534845212126313e-15,0,11,2.2360679774997898,0.25,0.41666666666666669
1,trial,patch1,14,16,3,0.5,0,0,2.8732555438078222,2.9094916561091639,14,5668.560081195601,3.5994812266767959e-16,4.5187527022976115e-17,1.0168321538070859e-15,0,11,2.2360679774997898,0.75,0.58333333333333337
1,trial,patch1,15,17,4,0.35355339059327379,1,1,3.880138774584891,3.9050051657261049,14,348961300.17366612,1.0285131714217252e-16,3.9120170069229979e-17,1.1320038637406026e-15,0,5,2,0.91666666666666663,0.16666666666666666
1,trial,patch1,16,18,4,0.35355339059327379,1,1,3.3697763465264492,3.3967466168548097,14,13062940.897085309,2.1568412131895755e-16,4.647105170868087e-17,1.637820693659206e-15,0,7,3.1622776601683791,0.91666666666666663,0.33333333333333331
1,trial,patch3,0,1,3,0.5,0,0,2.6951647511499193,2.7287898586569606,14,11.328234898710077,1.7705046540331544e-16,5.8942140958568181e-17,7.2567393321265881e-16,0,17,2.8284271247461903,0.41666666666666669,0.25
1,trial,patch3,1,2,3,0.5,0,0,2.7017648031605574,2.7357521257934141,14,11.328234898710077,3.0443235935080472e-16,5.8942140958568181e-17,1.1851135915410197e-15,0,17,2.8284271247461903,0.58333333333333337,0.75
1,trial,patch3,2,3,3,0.5,0,0,2.6919316768803445,2.7255530700279023,14,11.328234898710077,1.7486954071025252e-16,5.8942140958568181e-17,4.5132604909607427e-16,0,17,2.8284271247461903,0.25,0.58333333333333337
1,trial,patch3,3,4,3,0.5,0,1,2.6524974674573074,2.6855392807613243,14,11.328234898710077,4.1744324536342215e-16,5.8942140958568181e-17,1.3425087242120077e-15,0,17,2.8284271247461903,0.75,0.41666666666666669
1,trial,patch3,4,5,3,0.5,1,1,3.2693732359805394,3.3303991054312321,14,11.328234898710077,2.7635571995983643e-16,5.8942140958568181e-17,7.0869626149122868e-16,0,17,2.8284271247461903,0.75,0.083333333333333329
1,trial,patch3,5,6,3,0.5,1,0,3.1799263280276975,3.2317252779346819,14,11.328234898710077,4.0872811617414277e-16,5.8942140958568181e-17,4.7251605480272833e-16,0,17,2.8284271247461903,0.25,0.91666666666666663
1,trial,patch3,6,7,3,0.5,1,0,3.1807637149491805,3.2325270874882706,14,11.328234898710077,2.268945646572702e-16,5.8942140958568181e-17,1.2043816948483203e-15,0,17,2.8284271247461903,0.083333333333333329,0.25
1,trial,patch3,7,8,3,0.5,1,0,3.1860200040798272,3.2371100441229452,14,11.328234898710077,4.2308705451000879e-16,5.8942140958568181e-17,3.9966718935514793e-16,0,17,2.8284271247461903,0.91666666666666663,0.75
1,trial,patch3,8,9,3,0.5,1,0,3.1807515829198634,3.2325074528643718,14,11.328234898710077,1.5266481739249186e-16,5.8942140958568181e-17,1.3674991481221955e-15,0,17,2.8284271247461903,0.25,0.083333333333333329
1,trial,patch3,9,10,3,0.5,1,0,3.1842374605040322,3.2357519364832505,14,11.328234898710077,1.856772585154786e-16,5.8942140958568181e-17,8.9990978157048806e-16,0,17,2.8284271247461903,0.75,0.91666666666666663
1,trial,patch3,10,11,3,0.5,1,0,3.1800201276409665,3.2318059124907337,14,11.328234898710077,1.3736287701409314e-16,5.8942140958568181e-17,9.6818866380118653e-16,0,17,2.8284271247461903,0.083333333333333329,0.75
1,trial,patch3,11,13,3,0.5,0,0,2.6257086097190978,2.6582173108996865,14,11.328234898710077,1.1075504540325657e-16,5.8942140958568181e-17,1.8782296767435197e-15,0,17,2.8284271247461903,0.58333333333333337,0.25
1,trial,patch3,12,14,3,0.5,0,0,2.6916794725103501,2.7252990273330622,14,11.328234898710077,2.4073715515488299e-16,5.8942140958568181e-17,1.5919703693542639e-15,0,17,2.8284271247461903,0.41666666666666669,0.75
1,trial,patch3,13,15,3,0.5,0,0,2.6933409036763676,2.7269629594166815,14,11.328234898710077,2.4575659041046449e-16,5.8942140958568181e-17,1.877470361876938e-15,0,17,2.8284271247461903,0.25,0.41666666666666669
1,trial,patch3,14,16,3,0.5,0,0,2.7646557932773304,2.7996261436768695,14,11.328234898710077,3.5994812266767959e-16,5.8942140958568181e-17,9.2604905796906311e-16,0,17,2.8284271247461903,0.75,0.58333333333333337
1,trial,patch3,15,17,4,0.35355339059327379,1,1,3.5242830992771745,3.5470334811547857,14,11.328234898710077,1.0285131714217252e-16,5.8942140958568181e-17,1.7493987220463815e-15,0,17,4,0.91666666666666663,0.16666666666666666
1,trial,patch3,16,18,4,0.35355339059327379,1,1,3.1950578887920096,3.224339656405907,14,11.328234898710077,2.1568412131895755e-16,5.8942140958568181e-17,1.7323481624389885e-15,0,17,4,0.91666666666666663,0.33333333333333331
1,test,element,0,1,3,0.5,0,0,70.248887743559706,70.256004934034934,14,2038260331.6167471,1.7705046540331544e-16,1.1089793428291379e-17,3.0177745277938263e-15,1.6995491692064664e-11,1,1,0.41666666666666669,0.25
1,test,element,1,2,3,0.5,0,0,83.983512160251976,83.989465496301534,14,20042092788.182316,3.0443235935080472e-16,5.8615400001848024e-17,2.1091454225905407e-15,5.9080285736211173e-11,1,1,0.58333333333333337,0.75
1,test,element,2,3,3,0.5,0,0,91.259551633925099,91.26503035861559,14,187511560356.07568,1.7486954071025252e-16,9.9459706132519521e-18,1.001379717477961e-14,2.3219031080113904e-10,1,1,0.25,0.58333333333333337
1,test,element,3,4,3,0.5,0,1,74.84333513316048,74.850015456553393,14,2212890529.3666258,4.1744324536342215e-16,8.2578007144755071e-17,4.0032121704699515e-15,1.4800225740292493e-12,1,1,0.75,0.41666666666666669
1,test,element,4,5,3,0.5,1,1,97.642519451687818,97.647639996322866,12,462421429362.79596,2.7635571995983643e-16,9.7541084854055166e-17,2.5136076349642424e-14,8.4129080366319317e-10,1,1,0.75,0.083333333333333329
1,test,element,5,6,3,0.5,1,0,53.992742167145053,54.002001877746785,11,49797579443.501793,4.0872811617414277e-16,5.5418104895512247e-17,2.0697644087567174e-14,2.6185954068421523e-11,1,1,0.25,0.91666666666666663
1,test,element,6,7,3,0.5,1,0,55.162428675759053,55.171492071102989,11,49509638807.972725,2.268945646572702e-16,3.1637386427999998e-18,2.773980197887642e-14,1.8536980961129685e-11,1,1,0.083333333333333329,0.25
1,test,element,7,8,3,0.5,1,0,170.6334153596149,170.63634559393785,12,652704157801.01501,4.2308705451000879e-16,5.5516456708976319e-17,1.2866844621292575e-15,1.2602025422564261e-11,1,1,0.91666666666666663,0.75
1,test,element,8,9,3,0.5,1,0,179.18260872152817,179.18539913982281,12,802398977161.37781,1.5266481739249186e-16,1.1318324166478171e-16,2.0340237464660096e-15,1.0448221463563905e-10,1,1,0.25,0.083333333333333329
1,test,element,9,10,3,0.5,1,0,52.484553607002617,52.494079354238657,11,41491055248.759621,1.856772585154786e-16,5.6987970765293437e-17,2.3304477616422987e-14,2.8024861965392779e-11,1,1,0.75,0.91666666666666663
1,test,element,10,11,3,0.5,1,0,54.913718179945015,54.92282261825487,11,50850726858.737038,1.3736287701409314e-16,2.9281236220316567e-17,2.8857920161785633e-14,3.2702736632636453e-12,1,1,0.083333333333333329,0.75
1,test,element,11,13,3,0.5,0,0,78.117140451791172,78.123540832382417,14,4748850155.328371,1.1075504540325657e-16,1.1829700467118951e-17,3.9039665268544787e-15,2.8828118242119799e-11,1,1,0.58333333333333337,0.25
1,test,element,12,14,3,0.5,0,0,86.375650612886844,86.381439088420393,14,47744280361.333466,2.4073715515488299e-16,7.9888641128263183e-17,1.1459716905377442e-14,2.5058858858195483e-11,1,1,0.41666666666666669,0.75
1,test,element,13,15,3,0.5,0,0,82.41788904231548,82.423955463008937,14,14798774967.961086,2.4575659041046449e-16,5.7033564505230038e-17,7.0190974044919196e-15,3.4362543272562431e-12,1,1,0.25,0.41666666666666669
1,test,element,14,16,3,0.5,0,0,70.492274996420548,70.499367615541999,14,1801007903.1969714,3.5994812266767959e-16,6.422071202896964e-18,1.9448985984455365e-15,4.0951555915369051e-12,1,1,0.75,0.58333333333333337
1,test,element,15,17,4,0.35355339059327379,1,1,35.898669225514375,35.905632596196661,10,33088729882.759617,1.0285131714217252e-16,1.6084778203326539e-17,2.5209596012785931e-14,2.3140285560076561e-11,1,1,0.91666666666666663,0.16666666666666666
1,test,element,16,18,4,0.35355339059327379,1,1,49.152013352014933,49.157099350640955,11,50408514470.328163,2.1568412131895755e-16,1.067910638389529e-16,2.6200696557738221e-14,5.0201695607465085e-12,1,1,0.91666666666666663,0.33333333333333331
1,test,patch1,0,1,3,0.5,0,0,2.7847585850473648,2.8192649215949639,14,4550.5573502209309,1.7705046540331544e-16,4.3517706118369748e-17,2.5459171776859269e-15,0,11,2.2360679774997898,0.41666666666666669,0.25
1,test,patch1,1,2,3,0.5,0,0,2.8044144957971087,2.8393157070043311,14,8400.1025366988433,3.0443235935080472e-16,4.4554400181955865e-17,1.7865733053125261e-15,0,11,2.2360679774997898,0.58333333333333337,0.75
1,test,patch1,2,3,3,0.5,0,0,2.7905303630195122,2.8250089232429438,14,7153.9094998139608,1.7486954071025252e-16,5.4896339048284069e-17,4.387848483666004e-16,0,11,2.2360679774997898,0.25,0.58333333333333337
1,test,patch1,3,4,3,0.5,0,1,2.7374825780374774,2.7713194487926485,14,4034.8803579078472,4.1744324536342215e-16,4.8398715686060865e-17,1.5091159054060998e-15,0,12,2.2360679774997898,0.75,0.41666666666666669
1,test,patch1,4,5,3,0.5,1,1,3.4402541277620919,3.497544248292157,14,13500765.329321219,2.7635571995983643e-16,6.1768717164809143e-17,3.4940260953290653e-16,0,7,2.2360679774997898,0.75,0.083333333333333329
1,test,patch1,5,6,3,0.5,1,0,3.3996186746455366,3.4491184346231587,14,25586207.480826106,4.0872811617414277e-16,4.6170020656678197e-17,5.0756929703916591e-16,0,6,2.2360679774997898,0.25,0.91666666666666663
1,test,patch1,6,7,3,0.5,1,0,3.3997368483257446,3.4492132194915928,14,16472384.54991599,2.268945646572702e-16,9.4253770955384822e-17,7.1081351289126226e-16,0,6,2.2360679774997898,0.083333333333333329,0.25
1,test,patch1,7,8,3,0.5,1,0,3.4143663441607828,3.4627613459508386,14,19091343.362276182,4.2308705451000879e-16,3.6976981381468902e-17,4.5766236064629105e-16,0,6,1.8027756377319946,0.91666666666666663,0.75
1,test,patch1,8,9,3,0.5,1,0,3.4036042206570465,3.4529184053390258,14,17890317.356755793,1.5266481739249186e-16,6.9320251586705287e-17,2.2895721169559517e-15,0,6,2.2360679774997898,0.25,0.083333333333333329
1,test,patch1,9,10,3,0.5,1,0,3.3997905037643155,3.4492453556849809,14,18578833.200059947,1.856772585154786e-16,3.189140961912143e-17,4.0122017426300755e-16,0,6,2.2360679774997898,0.75,0.91666666666666663
1,test,patch1,10,11,3,0.5,1,0,3.3997753847122136,3.4492687349986921,14,101183426.98731241,1.3736287701409314e-16,4.6342612220831317e-17,6.6835874470175043e-16,0,6,2.2360679774997898,0.083333333333333329,0.75
1,test,patch1,11,13,3,0.5,0,0,2.6628809875505359,2.6955323289379556,14,4231.2109588216772,1.1075504540325657e-16,3.0247018860262373e-17,1.4869828769030019e-15,0,12,2.2360679774997898,0.58333333333333337,0.25
1,test,patch1,12,14,3,0.5,0,0,2.7876917685396698,2.8221720559589794,14,8050.6072546710056,2.4073715515488299e-16,6.1255826087095695e-17,1.244431589503902e-15,0,11,2.2360679774997898,0.41666666666666669,0.75
1,test,patch1,13,15,3,0.5,0,0,2.7942274474984483,2.8289173305591131,14,5351.4384953251338,2.4575659041046449e-16,4.0529181664955081e-17,1.7534845212126313e-15,0,11,2.2360679774997898,0.25,0.41666666666666669
1,test,patch1,14,16,3,0.5,0,0,2.8732555438078222,2.9094916561091639,14,5668.560081195601,3.5994812266767959e-16,4.5187527022976115e-17,1.0168321538070859e-15,0,11,2.2360679774997898,0.75,0.58333333333333337
1,test,patch1,15,17,4,0.35355339059327379,1,1,3.880138774584891,3.9050051657261049,14,348961300.17366612,1.0285131714217252e-16,3.9120170069229979e-17,1.1320038637406026e-15,0,5,2,0.91666666666666663,0.16666666666666666
1,test,patch1,16,18,4,0.35355339059327379,1,1,3.3697763465264492,3.3967466168548097,14,13062940.897085309,2.1568412131895755e-16,4.647105170868087e-17,1.637820693659206e-15,0,7,3.1622776601683791,0.91666666666666663,0.33333333333333331
1,test,patch3,0,1,3,0.5,0,0,2.6951647511499193,2.7287898586569606,14,11.328234898710077,1.7705046540331544e-16,5.8942140958568181e-17,7.2567393321265881e-16,0,17,2.8284271247461903,0.41666666666666669,0.25
1,test,patch3,1,2,3,0.5,0,0,2.7017648031605574,2.7357521257934141,14,11.328234898710077,3.0443235935080472e-16,5.8942140958568181e-17,1.1851135915410197e-15,0,17,2.8284271247461903,0.58333333333333337,0.75
1,test,patch3,2,3,3,0.5,0,0,2.6919316768803445,2.7255530700279023,14,11.328234898710077,1.7486954071025252e-16,5.8942140958568181e-17,4.5132604909607427e-16,0,17,2.8284271247461903,0.25,0.58333333333333337
1,test,patch3,3,4,3,0.5,0,1,2.6524974674573074,2.6855392807613243,14,11.328234898710077,4.1744324536342215e-16,5.8942140958568181e-17,1.3425087242120077e-15,0,17,2.8284271247461903,0.75,0.41666666666666669
1,test,patch3,4,5,3,0.5,1,1,3.2693732359805394,3.3303991054312321,14,11.328234898710077,2.7635571995983643e-16,5.8942140958568181e-17,7.0869626149122868e-16,0,17,2.8284271247461903,0.75,0.083333333333333329
1,test,patch3,5,6,3,0.5,1,0,3.1799263280276975,3.2317252779346819,14,11.328234898710077,4.0872811617414277e-16,5.8942140958568181e-17,4.7251605480272833e-16,0,17,2.8284271247461903,0.25,0.91666666666666663
1,test,patch3,6,7,3,0.5,1,0,3.1807637149491805,3.2325270874882706,14,11.328234898710077,2.268945646572702e-16,5.8942140958568181e-17,1.2043816948483203e-15,0,17,2.8284271247461903,0.083333333333333329,0.25
1,test,patch3,7,8,3,0.5,1,0,3.1860200040798272,3.2371100441229452,14,11.328234898710077,4.2308705451000879e-16,5.8942140958568181e-17,3.9966718935514793e-16,0,17,2.8284271247461903,0.91666666666666663,0.75
1,test,patch3,8,9,3,0.5,1,0,3.1807515829198634,3.2325074528643718,14,11.328234898710077,1.5266481739249186e-16,5.8942140958568181e-17,1.3674991481221955e-15,0,17,2.8284271247461903,0.25,0.083333333333333329
1,test,patch3,9,10,3,0.5,1,0,3.1842374605040322,3.2357519364832505,14,11.328234898710077,1.856772585154786e-16,5.8942140958568181e-17,8.9990978157048806e-16,0,17,2.8284271247461903,0.75,0.91666666666666663
1,test,patch3,10,11,3,0.5,1,0,3.1800201276409665,3.2318059124907337,14,11.328234898710077,1.3736287701409314e-16,5.8942140958568181e-17,9.6818866380118653e-16,0,17,2.8284271247461903,0.083333333333333329,0.75
1,test,patch3,11,13,3,0.5,0,0,2.6257086097190978,2.6582173108996865,14,11.328234898710077,1.1075504540325657e-16,5.8942140958568181e-17,1.8782296767435197e-15,0,17,2.8284271247461903,0.58333333333333337,0.25
1,test,patch3,12,14,3,0.5,0,0,2.6916794725103501,2.7252990273330622,14,11.328234898710077,2.4073715515488299e-16,5.8942140958568181e-17,1.5919703693542639e-15,0,17,2.8284271247461903,0.41666666666666669,0.75
1,test,patch3,13,15,3,0.5,0,0,2.6933409036763676,2.7269629594166815,14,11.328234898710077,2.4575659041046449e-16,5.8942140958568181e-17,1.877470361876938e-15,0,17,2.8284271247461903,0.25,0.41666666666666669
1,test,patch3,14,16,3,0.5,0,0,2.7646557932773304,2.7996261436768695,14,11.328234898710077,3.5994812266767959e-16,5.8942140958568181e-17,9.2604905796906311e-16,0,17,2.8284271247461903,0.75,0.58333333333333337
1,test,patch3,15,17,4,0.35355339059327379,1,1,3.5242830992771745,3.5470334811547857,14,11.328234898710077,1.0285131714217252e-16,5.8942140958568181e-17,1.7493987220463815e-15,0,17,4,0.91666666666666663,0.16666666666666666
1,test,patch3,16,18,4,0.35355339059327379,1,1,3.1950578887920096,3.224339656405907,14,11.328234898710077,2.1568412131895755e-16,5.8942140958568181e-17,1.7323481624389885e-15,0,17,4,0.91666666666666663,0.33333333333333331
2,coarse,element,0,1,3,0.5,0,0,8.485281374238566,8.5440037453175268,3,3.9999999999999996,0,0,9.9596108117591121e-17,0,1,1,0.41666666666666669,0.25
2,coarse,element,1,2,3,0.5,0,0,8.4852813742385855,8.5440037453175464,3,4.0000000000000124,0,0,4.5065699989652724e-16,0,1,1,0.58333333333333337,0.75
2,coarse,element,2,3,3,0.5,0,0,8.4852813742385855,8.5440037453175464,3,4.0000000000000124,0,0,4.5065699989652724e-16,0,1,1,0.25,0.58333333333333337
2,coarse,element,3,4,3,0.5,0,1,8.4852813742386441,8.544003745317605,3,4.0000000000000577,0,0,8.4892047161714268e-17,1.9466924267399669e-16,1,1,0.75,0.41666666666666669
2,coarse,element,4,6,3,0.5,1,0,8.4852813742385855,8.5440037453175464,3,4.0000000000000124,0,0,4.5065699989652724e-16,0,1,1,0.25,0.91666666666666663
2,coarse,element,5,7,3,0.5,1,0,8.4852813742385855,8.5440037453175464,3,4.0000000000000124,0,0,4.5065699989652724e-16,0,1,1,0.083333333333333329,0.25
2,coarse,element,6,8,3,0.5,1,0,8.485281374238582,8.5440037453175428,3,4.0000000000000115,0,0,2.0352740006960438e-16,0,1,1,0.91666666666666663,0.75
2,coarse,element,7,9,3,0.5,1,0,8.4852813742385891,8.5440037453175499,3,4.000000000000016,0,0,8.7024604220412935e-17,1.9466924267399918e-16,1,1,0.25,0.083333333333333329
2,coarse,element,8,10,3,0.5,1,0,8.4852813742385855,8.5440037453175464,3,4.0000000000000151,0,0,5.205245956471159e-16,0,1,1,0.75,0.91666666666666663
2,coarse,element,9,11,3,0.5,1,0,8.4852813742385855,8.5440037453175464,3,4.0000000000000151,0,0,5.205245956471159e-16,0,1,1,0.083333333333333329,0.75
2,coarse,element,10,13,3,0.5,0,1,8.4852813742386477,8.5440037453176085,3,4.0000000000000622,0,0,1.8312739885612137e-16,1.9466924267399651e-16,1,1,0.58333333333333337,0.25
2,coarse,element,11,14,3,0.5,0,0,8.4852813742385855,8.5440037453175464,3,4.0000000000000151,0,0,5.205245956471159e-16,0,1,1,0.41666666666666669,0.75
2,coarse,element,12,15,3,0.5,0,0,8.4852813742385855,8.5440037453175464,3,4.0000000000000151,0,0,5.205245956471159e-16,0,1,1,0.25,0.41666666666666669
2,coarse,element,13,16,3,0.5,0,0,8.4852813742385624,8.5440037453175233,3,4.0000000000000009,0,0,1.2001972320398004e-16,0,1,1,0.75,0.58333333333333337
2,coarse,element,14,18,4,0.35355339059327379,1,1,8.4852813742385642,8.5146931829631942,3,3.999999999999996,0,0,8.2576795746955776e-17,1.9754313127813157e-16,1,1,0.91666666666666663,0.33333333333333331
2,coarse,element,15,19,4,0.35355339059327379,1,1,8.4852813742385642,8.5146931829631942,3,3.999999999999996,0,5.5511151231257802e-17,2.4297528525827352e-16,1.9754313127813157e-16,1,1,0.66666666666666663,0.083333333333333329
2,coarse,element,16,20,5,0.25,0,1,8.4852813742385695,8.5,3,4.0000000000000018,0,0,3.0975597191470999e-16,1.9669003066023535e-16,1,1,0.875,0.20833333333333334
2,coarse,element,17,21,5,0.25,1,0,8.4852813742385695,8.5,3,4.0000000000000018,0,0,3.0975597191470999e-16,1.9669003066023535e-16,1,1,0.95833333333333337,0.125
2,coarse,element,18,22,5,0.25,1,0,8.4852813742385695,8.5,3,4.0000000000000018,0,0,3.0975597191470999e-16,1.9669003066023535e-16,1,1,0.875,0.041666666666666664
2,coarse,element,19,23,5,0.25,0,1,8.4852813742385695,8.5,3,4.0000000000000018,0,0,3.0975597191470999e-16,1.9669003066023535e-16,1,1,0.79166666666666663,0.125
2,coarse,patch1,0,1,3,0.5,0,0,3.6712970397463289,3.6982238963166885,11,21.006659564512908,0,4.7349635382236496e-18,5.8917619370353139e-16,0,11,2.2360679774997898,0.41666666666666669,0.25
2,coarse,patch1,1,2,3,0.5,0,0,3.6044828737838248,3.6308551802159212,11,11.5414102683616,0,0,3.5676320415130574e-16,0,11,2.2360679774997898,0.58333333333333337,0.75
2,coarse,patch1,2,3,3,0.5,0,0,3.604482873783823,3.6308551802159181,11,11.541410268361597,0,0,3.434595615899772e-16,0,11,2.2360679774997898,0.25,0.58333333333333337
2,coarse,patch1,3,4,3,0.5,0,1,3.8015108866835816,3.8295602520366314,13,23.582488168925309,0,4.8582801614314452e-18,4.5001497321909768e-16,0,13,2.2360679774997898,0.75,0.41666666666666669
2,coarse,patch1,4,6,3,0.5,1,0,4.2811750887123079,4.3161062710517797,7,8.3736389961775952,0,0,2.3590715352112423e-16,0,6,2.2360679774997898,0.25,0.91666666666666663
2,coarse,patch1,5,7,3,0.5,1,0,4.2811750887123079,4.3161062710517806,7,8.3736389961775775,0,0,2.1873201795352966e-16,0,6,2.2360679774997898,0.083333333333333329,0.25
2,coarse,patch1,6,8,3,0.5,1,0,4.3097474837913516,4.3445819491053719,7,14.308652136243557,0,0,3.2069213664225103e-16,0,6,1.8027756377319946,0.91666666666666663,0.75
2,coarse,patch1,7,9,3,0.5,1,0,4.309747483791349,4.3445819491053674,7,14.308652136243557,0,7.5309030952342581e-18,4.1591319804842715e-16,0,6,1.8027756377319946,0.25,0.083333333333333329
2,coarse,patch1,8,10,3,0.5,1,0,4.2811750887123088,4.3161062710517832,7,8.373638996177581,0,0,9.7549230889738168e-16,0,6,2.2360679774997898,0.75,0.91666666666666663
2,coarse,patch1,9,11,3,0.5,1,0,4.2811750887123079,4.3161062710517824,7,8.3736389961775739,0,0,4.7051069812459906e-16,0,6,2.2360679774997898,0.083333333333333329,0.75
2,coarse,patch1,10,13,3,0.5,0,1,3.8015108866835821,3.8295602520366319,13,23.582488168925266,0,4.8582801614314452e-18,2.4557885832238473e-16,0,13,2.2360679774997898,0.58333333333333337,0.25
2,coarse,patch1,11,14,3,0.5,0,0,3.604482873783823,3.6308551802159195,11,11.541410268361634,0,0,4.6037029111247972e-16,0,11,2.2360679774997898,0.41666666666666669,0.75
2,coarse,patch1,12,15,3,0.5,0,0,3.6044828737838217,3.6308551802159181,11,11.541410268361568,0,0,5.803700253974648e-16,0,11,2.2360679774997898,0.25,0.41666666666666669
2,coarse,patch1,13,16,3,0.5,0,0,3.6712970397463303,3.6982238963166889,11,21.006659564512912,0,0,5.3988654404035822e-16,0,11,2.2360679774997898,0.75,0.58333333333333337
2,coarse,patch1,14,18,4,0.35355339059327379,1,1,4.3443405728595366,4.3666323218660521,10,26.545362675677744,0,7.9869633858503872e-18,1.011768723400459e-15,0,9,3.1622776601683791,0.91666666666666663,0.33333333333333331
2,coarse,patch1,15,19,4,0.35355339059327379,1,1,4.3443405728595339,4.3666323218660485,10,26.545362675677932,0,7.9869633858503842e-18,9.2495656951556227e-16,0,9,3.1622776601683791,0.66666666666666663,0.083333333333333329
2,coarse,patch1,16,20,5,0.25,0,1,3.4425326864686223,3.4493121946384226,8,11.961842479214289,0,1.0639432085345379e-17,4.5406893700500595e-16,0,8,2.8284271247461903,0.875,0.20833333333333334
2,coarse,patch1,17,21,5,0.25,1,0,4.2489775925472397,4.257694011835925,6,5.3754781406164378,0,0,6.413859603288195e-16,0,5,2.2360679774997898,0.95833333333333337,0.125
2,coarse,patch1,18,22,5,0.25,1,0,4.2489775925472406,4.2576940118359223,6,5.3754781406164378,0,2.6666694486768933e-17,1.1051294889894668e-15,0,5,2.2360679774997898,0.875,0.041666666666666664
2,coarse,patch1,19,23,5,0.25,0,1,3.4425326864686223,3.4493121946384222,8,11.961842479214289,0,1.0639432085345379e-17,4.8213603645654016e-16,0,8,2.8284271247461903,0.79166666666666663,0.125
2,coarse,patch3,0,1,3,0.5,0,0,3.6131031578167221,3.639787028486881,16,25.706458603856145,0,3.8275967916926963e-18,7.7215640016469578e-16,0,20,2.8284271247461903,0.41666666666666669,0.25
2,coarse,patch3,1,2,3,0.5,0,0,3.5445128144532791,3.5707970067282613,16,25.706458603856145,0,3.8275967916926963e-18,3.1224178373907472e-16,0,20,2.8284271247461903,0.58333333333333337,0.75
2,coarse,patch3,2,3,3,0.5,0,0,3.5371608908205281,3.5633380469028504,16,25.706458603856145,0,3.8275967916926963e-18,3.484200153539252e-16,0,20,2.8284271247461903,0.25,0.58333333333333337
2,coarse,patch3,3,4,3,0.5,0,1,3.6904870687472044,3.7179497994872817,16,25.706458603856145,0,3.8275967916926963e-18,7.4351847482747472e-16,0,20,2.8284271247461903,0.75,0.41666666666666669
2,coarse,patch3,4,6,3,0.5,1,0,4.1962454008406542,4.2318928245858638,15,24.756546475688697,0,3.8459253727671402e-18,4.6929680308483301e-16,0,18,2.8284271247461903,0.25,0.91666666666666663
2,coarse,patch3,5,7,3,0.5,1,0,4.1987076047259304,4.2342431775512726,16,47.218161854060554,0,3.8380016819948492e-18,5.2767670727481534e-16,0,19,2.8284271247461903,0.083333333333333329,0.25
2,coarse,patch3,6,8,3,0.5,1,0,4.2251771411960455,4.2607595935563252,16,25.706458603856145,0,3.8275967916926963e-18,5.507117333398381e-16,0,20,2.8284271247461903,0.91666666666666663,0.75
2,coarse,patch3,7,9,3,0.5,1,0,4.2251771411960446,4.2607595935563243,16,25.706458603856145,0,3.8275967916926963e-18,5.6363951489028179e-16,0,20,2.8284271247461903,0.25,0.083333333333333329
2,coarse,patch3,8,10,3,0.5,1,0,4.1987076047259322,4.2342431775512752,16,47.218161854060554,0,3.8380016819948492e-18,6.7022570307938119e-16,0,19,2.8284271247461903,0.75,0.91666666666666663
2,coarse,patch3,9,11,3,0.5,1,0,4.1962454008406542,4.2318928245858665,15,24.756546475688697,0,3.8459253727671402e-18,1.1564564714019479e-15,0,18,2.8284271247461903,0.083333333333333329,0.75
2,coarse,patch3,10,13,3,0.5,0,1,3.6904870687472067,3.7179497994872808,16,25.706458603856145,0,3.8275967916926963e-18,4.0738605125831614e-16,0,20,2.8284271247461903,0.58333333333333337,0.25
2,coarse,patch3,11,14,3,0.5,0,0,3.5371608908205285,3.5633380469028499,16,25.706458603856145,0,3.8275967916926963e-18,8.1259503429117844e-16,0,20,2.8284271247461903,0.41666666666666669,0.75
2,coarse,patch3,12,15,3,0.5,0,0,3.5445128144532765,3.5707970067282577,16,25.706458603856145,0,3.8275967916926963e-18,2.3035593811175098e-16,0,20,2.8284271247461903,0.25,0.41666666666666669
2,coarse,patch3,13,16,3,0.5,0,0,3.6131031578167265,3.639787028486885,16,25.706458603856145,0,3.8275967916926963e-18,4.8350777830943878e-16,0,20,2.8284271247461903,0.75,0.58333333333333337
2,coarse,patch3,14,18,4,0.35355339059327379,1,1,4.1973821967845248,4.2200076784715135,16,25.706458603856145,0,3.8275967916926963e-18,8.5743618327597317e-16,0,20,4,0.91666666666666663,0.33333333333333331
2,coarse,patch3,15,19,4,0.35355339059327379,1,1,4.197382196784524,4.2200076784715135,16,25.706458603856145,0,3.8275967916926963e-18,4.9117825153513382e-16,0,20,4,0.66666666666666663,0.083333333333333329
2,coarse,patch3,16,20,5,0.25,0,1,3.3997065114324654,3.4065802448659697,16,25.706458603856145,0,3.8275967916926963e-18,8.8665738205796216e-16,0,20,5.6568542494923806,0.875,0.20833333333333334
2,coarse,patch3,17,21,5,0.25,1,0,4.1616315306262024,4.1705625469483296,15,24.893021636087528,0,4.3628643786229327e-18,3.8882923336230079e-16,0,17,5.6568542494923806,0.95833333333333337,0.125
2,coarse,patch3,18,22,5,0.25,1,0,4.1616315306262042,4.1705625469483314,15,24.893021636087603,0,4.3628643786229319e-18,2.6243086037823607e-16,0,17,5.6568542494923806,0.875,0.041666666666666664
2,coarse,patch3,19,23,5,0.25,0,1,3.3997065114324627,3.4065802448659697,16,25.706458603856145,0,3.8275967916926963e-18,7.809474065166536e-16,0,20,5.6568542494923806,0.79166666666666663,0.125
2,trial,element,0,1,3,0.5,0,0,75.912993548233644,75.919579711964062,16,463424442554.1795,1.9176697985890016e-16,2.9970781088864508e-17,5.6418769526772189e-14,1.0085213941478996e-09,1,1,0.41666666666666669,0.25
2,trial,element,1,2,3,0.5,0,0,88.96871863510043,88.974338419443384,16,339369228624.03741,1.4607998336316586e-16,5.6915685387627473e-17,6.6873057377573727e-14,2.0286573919389529e-10,1,1,0.58333333333333337,0.75
2,trial,element,2,3,3,0.5,0,0,91.075711382663428,91.081201165660332,16,206156274358.97928,3.4465102996339483e-16,8.1238626584740417e-18,6.4033261440338742e-14,2.3159649967160899e-10,1,1,0.25,0.58333333333333337
2,trial,element,3,4,3,0.5,0,1,83.510339399277825,83.516326467262985,16,5287692735.0586205,2.1367495285138266e-16,6.2860975277171058e-17,2.8151577147333258e-15,5.5586936448507955e-13,1,1,0.75,0.41666666666666669
2,trial,element,4,6,3,0.5,1,0,54.794919411459652,54.804043585639079,11,55001481929.806931,2.2963210975862687e-16,7.7375032523359312e-17,2.9737693539823696e-14,9.4123462644724944e-12,1,1,0.25,0.91666666666666663
2,trial,element,5,7,3,0.5,1,0,54.583974056904815,54.593133486165044,11,46450847041.946548,1.7584036103908492e-16,5.5285147142900805e-17,3.7448199163090754e-14,2.2220047488685247e-12,1,1,0.083333333333333329,0.25
2,trial,element,6,8,3,0.5,1,0,184.11848798927161,184.12120361472793,13,724631938304.57104,3.4736199308387927e-16,9.6498492985488867e-17,5.319908166786685e-14,3.1873908653221721e-11,1,1,0.91666666666666663,0.75
2,trial,element,7,9,3,0.5,1,0,184.11831654079839,184.1210321635721,13,724629479367.02087,3.9777277560960769e-16,5.829753118845108e-18,2.1337669844320765e-14,2.4733773359574267e-11,1,1,0.25,0.083333333333333329
2,trial,element,8,10,3,0.5,1,0,54.583973736386085,54.593133165432945,11,46450845822.0056,2.7803486392693757e-16,7.8279664023204717e-17,1.5122227657133452e-14,1.2008865468489883e-11,1,1,0.75,0.91666666666666663
2,trial,element,9,11,3,0.5,1,0,54.794912521135863,54.804036693845248,11,55001464125.7854,2.9293376459625569e-16,6.209385219557203e-17,1.8106692355995013e-14,8.6098628635719412e-11,1,1,0.083333333333333329,0.75
2,trial,element,10,13,3,0.5,0,1,83.510338245079325,83.516325312984023,16,5287692503.427784,1.9172663822552265e-16,6.1514129516576308e-17,3.6761489269895023e-15,3.352428279593325e-12,1,1,0.58333333333333337,0.25
2,trial,element,11,14,3,0.5,0,0,91.075562577870144,91.081052351895821,16,206151781304.93414,2.393212624987772e-16,8.0219523404905068e-17,7.3700702427542129e-14,1.6234230235412075e-10,1,1,0.41666666666666669,0.75
2,trial,element,12,15,3,0.5,0,0,88.968604718956129,88.97422449610292,16,339342187804.66931,3.0097985508643134e-16,1.2965671278222467e-17,1.145373825367951e-13,1.2062814271806319e-10,1,1,0.25,0.41666666666666669
2,trial,element,13,16,3,0.5,0,0,75.913018160248996,75.91960432611701,16,463426065279.31604,1.21581116072936e-16,1.2506200611449264e-17,2.0265061862735168e-14,8.9596123351902658e-10,1,1,0.75,0.58333333333333337
2,trial,element,14,18,4,0.35355339059327379,1,1,85.799323368421526,85.802237091026726,15,497552124204.47284,1.255135674710806e-16,5.6032046823392889e-17,1.2290479696718086e-13,8.8861618464964201e-11,1,1,0.91666666666666663,0.33333333333333331
2,trial,element,15,19,4,0.35355339059327379,1,1,85.799151013316632,85.802064730532635,15,497548222297.9917,8.4011329084280428e-17,5.59554407832734e-17,1.0968351658754064e-13,3.5091030788874977e-10,1,1,0.66666666666666663,0.083333333333333329
2,trial,element,16,20,5,0.25,0,1,49.153270564043176,49.155813562617396,14,853773452918.82568,1.6851262005353057e-16,5.3889249745122584e-17,1.6955724185960128e-13,5.7622615145682721e-11,1,1,0.875,0.20833333333333334
2,trial,element,17,21,5,0.25,1,0,37.134331953276067,37.137697958508952,11,362137478234.79266,2.788665320975323e-16,1.4060919720798776e-17,1.1425531790831291e-13,2.9973670778475649e-11,1,1,0.95833333333333337,0.125
2,trial,element,18,22,5,0.25,1,0,37.13432186809483,37.137687872454563,11,362137231759.99048,1.1964909431453719e-16,7.2274178744301251e-18,4.298936367169716e-13,6.6274960158872058e-11,1,1,0.875,0.041666666666666664
2,trial,element,19,23,5,0.25,0,1,49.153274524856513,49.155817523509796,14,853772322886.49854,3.8900007054177986e-16,4.3460418011471802e-18,3.0220139789666288e-13,4.6068800720062062e-11,1,1,0.79166666666666663,0.125
2,trial,patch1,0,1,3,0.5,0,0,2.8809063905021723,2.9169483835048711,16,628963.21963374002,1.9176697985890016e-16,3.7319947030535926e-17,8.4507548711610502e-16,0,11,2.2360679774997898,0.41666666666666669,0.25
2,trial,patch1,1,2,3,0.5,0,0,2.8095880759814826,2.8445515303938942,16,14398142.537621146,1.4607998336316586e-16,3.8865195008599878e-17,6.5134942736458722e-16,0,11,2.2360679774997898,0.58333333333333337,0.75
2,trial,patch1,2,3,3,0.5,0,0,2.8053124575388075,2.8402471977765784,16,14783867.006617924,3.4465102996339483e-16,6.699531806562484e-17,1.8695262394263602e-15,0,11,2.2360679774997898,0.25,0.58333333333333337
2,trial,patch1,3,4,3,0.5,0,1,2.8508661568440306,2.8860971424443398,16,17321.051777331213,2.1367495285138266e-16,3.798059613381399e-17,1.5735155849016369e-15,0,13,2.2360679774997898,0.75,0.41666666666666669
2,trial,patch1,4,6,3,0.5,1,0,4.2882378057429795,4.3328102754067483,16,2637446769.5720334,2.2963210975862687e-16,5.9102757600641048e-17,1.2786118717104882e-15,0,6,2.2360679774997898,0.25,0.91666666666666663
2,trial,patch1,5,7,3,0.5,1,0,4.1439880506380407,4.1855060149973937,16,884552938.8145715,1.7584036103908492e-16,3.1231775413890029e-17,3.2219310733089055e-16,0,6,2.2360679774997898,0.083333333333333329,0.25
2,trial,patch1,6,8,3,0.5,1,0,3.4147303922662342,3.4631042241749137,16,32072314.160363156,3.4736199308387927e-16,5.4543263169801795e-17,1.8108015940343082e-16,0,6,1.8027756377319946,0.91666666666666663,0.75
2,trial,patch1,7,9,3,0.5,1,0,3.4147303922707408,3.4631042241794772,16,32072314.265137207,3.9777277560960769e-16,4.8399863469764184e-17,5.0298885290599251e-16,0,6,1.8027756377319946,0.25,0.083333333333333329
2,trial,patch1,8,10,3,0.5,1,0,4.1439879542254809,4.1855059192127362,16,884552852.2461077,2.7803486392693757e-16,4.4180123260937725e-17,6.9741637794017498e-16,0,6,2.2360679774997898,0.75,0.91666666666666663
2,trial,patch1,9,11,3,0.5,1,0,4.2882378116745556,4.3328102815844396,16,2637447729.9432311,2.9293376459625569e-16,3.7274045007806961e-17,5.9283415264398886e-16,0,6,2.2360679774997898,0.083333333333333329,0.75
2,trial,patch1,10,13,3,0.5,0,1,2.8508661568439977,2.8860971424443038,16,17321.051777284116,1.9172663822552265e-16,3.8724971118079724e-17,3.3699703919341092e-15,0,13,2.2360679774997898,0.58333333333333337,0.25
2,trial,patch1,11,14,3,0.5,0,0,2.8053124575447028,2.8402471977826647,16,14783867.0127753,2.393212624987772e-16,7.2544446486064597e-17,8.7196444534681724e-16,0,11,2.2360679774997898,0.41666666666666669,0.75
2,trial,patch1,12,15,3,0.5,0,0,2.8095880759727079,2.8445515303849223,16,14398142.511998976,3.0097985508643134e-16,5.0375966492237913e-17,1.1120002633341733e-15,0,11,2.2360679774997898,0.25,0.41666666666666669
2,trial,patch1,13,16,3,0.5,0,0,2.8809063905022252,2.916948383504923,16,628963.2196371468,1.21581116072936e-16,6.1352747427123057e-17,1.3293830749035165e-15,0,11,2.2360679774997898,0.75,0.58333333333333337
2,trial,patch1,14,18,4,0.35355339059327379,1,1,3.1973064085279699,3.2230556635156926,16,12024243.389777234,1.255135674710806e-16,4.8007894334972427e-17,8.5307095507966125e-16,0,9,3.1622776601683791,0.91666666666666663,0.33333333333333331
2,trial,patch1,15,19,4,0.35355339059327379,1,1,3.197306408528398,3.2230556635161083,16,12024243.394658241,8.4011329084280428e-17,4.1087726797832734e-17,1.5008893810505193e-15,0,9,3.1622776601683791,0.66666666666666663,0.083333333333333329
2,trial,patch1,16,20,5,0.25,0,1,2.8328307025334842,2.8419083743104827,16,250979967.07494938,1.6851262005353057e-16,5.4539661334955901e-17,6.529557348573589e-16,0,8,2.8284271247461903,0.875,0.20833333333333334
2,trial,patch1,17,21,5,0.25,1,0,9.4797368048963246,9.4838350521246113,16,36666606931.306015,2.788665320975323e-16,2.6684539653244016e-17,1.2991575541308597e-15,0,5,2.2360679774997898,0.95833333333333337,0.125
2,trial,patch1,18,22,5,0.25,1,0,9.4797353043937953,9.4838335509937526,16,36666590016.625977,1.1964909431453719e-16,2.669897490660625e-17,3.6338093707766043e-15,0,5,2.2360679774997898,0.875,0.041666666666666664
2,trial,patch1,19,23,5,0.25,0,1,2.8328307025359858,2.8419083743129923,16,250979967.07494938,3.8900007054177986e-16,5.4539661334955901e-17,1.5566478726385618e-15,0,8,2.8284271247461903,0.79166666666666663,0.125
2,trial,patch3,0,1,3,0.5,0,0,2.7620900671573425,2.7970178574173254,16,26.331498984554329,1.9176697985890016e-16,3.4362112110832236e-17,1.9455888385952974e-15,0,20,2.8284271247461903,0.41666666666666669,0.25
2,trial,patch3,1,2,3,0.5,0,0,2.702834966806634,2.7367724434544791,16,26.331498984554329,1.4607998336316586e-16,3.4362112110832236e-17,6.360388429664e-16,0,20,2.8284271247461903,0.58333333333333337,0.75
2,trial,patch3,2,3,3,0.5,0,0,2.6922680733043927,2.7258680339660639,16,26.331498984554329,3.4465102996339483e-16,3.4362112110832236e-17,1.3975250845138853e-15,0,20,2.8284271247461903,0.25,0.58333333333333337
2,trial,patch3,3,4,3,0.5,0,1,2.7432875039197353,2.7774578862473338,16,26.331498984554329,2.1367495285138266e-16,3.4362112110832236e-17,2.1172597222054639e-15,0,20,2.8284271247461903,0.75,0.41666666666666669
2,trial,patch3,4,6,3,0.5,1,0,3.1806858068520079,3.2324846839031425,16,18481.35118358543,2.2963210975862687e-16,3.535474448727697e-17,5.2472169376380779e-16,0,18,2.8284271247461903,0.25,0.91666666666666663
2,trial,patch3,5,7,3,0.5,1,0,3.1844018301632393,3.235910855548584,16,48.121102753873238,1.7584036103908492e-16,3.5120287235011498e-17,4.8095157066916119e-16,0,19,2.8284271247461903,0.083333333333333329,0.25
2,trial,patch3,6,8,3,0.5,1,0,3.1862579800341391,3.2373368839239833,16,26.331498984554329,3.4736199308387927e-16,3.4362112110832236e-17,6.7403930923843046e-16,0,20,2.8284271247461903,0.91666666666666663,0.75
2,trial,patch3,7,9,3,0.5,1,0,3.1862579800341315,3.2373368839239745,16,26.331498984554329,3.9777277560960769e-16,3.4362112110832236e-17,9.8555334152268713e-16,0,20,2.8284271247461903,0.25,0.083333333333333329
2,trial,patch3,8,10,3,0.5,1,0,3.1844018301632513,3.2359108555485965,16,48.121102753873046,2.7803486392693757e-16,3.424914950092469e-17,6.3455129734061193e-16,0,19,2.8284271247461903,0.75,0.91666666666666663
2,trial,patch3,9,11,3,0.5,1,0,3.1806858068520047,3.2324846839031411,16,18481.35118358543,2.9293376459625569e-16,3.535474448727697e-17,5.4568193662569192e-16,0,18,2.8284271247461903,0.083333333333333329,0.75
2,trial,patch3,10,13,3,0.5,0,1,2.7432875039197349,2.7774578862473334,16,26.331498984554329,1.9172663822552265e-16,3.4362112110832236e-17,2.0478434892503983e-15,0,20,2.8284271247461903,0.58333333333333337,0.25
2,trial,patch3,11,14,3,0.5,0,0,2.6922680733043958,2.7258680339660679,16,26.331498984554329,2.393212624987772e-16,3.4362112110832236e-17,1.1742224203538025e-15,0,20,2.8284271247461903,0.41666666666666669,0.75
2,trial,patch3,12,15,3,0.5,0,0,2.7028349668066336,2.7367724434544778,16,26.331498984554329,3.0097985508643134e-16,3.4362112110832236e-17,7.0013793829575037e-16,0,20,2.8284271247461903,0.25,0.41666666666666669
2,trial,patch3,13,16,3,0.5,0,0,2.7620900671573527,2.7970178574173343,16,26.331498984554329,1.21581116072936e-16,3.4362112110832236e-17,1.8235873683520283e-15,0,20,2.8284271247461903,0.75,0.58333333333333337
2,trial,patch3,14,18,4,0.35355339059327379,1,1,3.0553150877229243,3.0826852096543869,16,26.331498984554329,1.255135674710806e-16,3.4362112110832236e-17,8.7080099764388496e-16,0,20,4,0.91666666666666663,0.33333333333333331
2,trial,patch3,15,19,4,0.35355339059327379,1,1,3.055315087722926,3.0826852096543891,16,26.331498984554329,8.4011329084280428e-17,3.4362112110832236e-17,9.6332979732054682e-16,0,20,4,0.66666666666666663,0.083333333333333329
2,trial,patch3,16,20,5,0.25,0,1,2.6726852514349271,2.6817231593289081,16,26.331498984554329,1.6851262005353057e-16,3.4362112110832236e-17,1.449455255096435e-15,0,20,5.6568542494923806,0.875,0.20833333333333334
2,trial,patch3,17,21,5,0.25,1,0,3.1801886510490509,3.19289021646326,16,3066.6902671589783,2.788665320975323e-16,3.3291923830594658e-17,6.1356418179492982e-16,0,17,5.6568542494923806,0.95833333333333337,0.125
2,trial,patch3,18,22,5,0.25,1,0,3.180188651049042,3.1928902164632502,16,3066.6902671586158,1.1964909431453719e-16,3.6837531067364722e-17,1.0190583174887429e-15,0,17,5.6568542494923806,0.875,0.041666666666666664
2,trial,patch3,19,23,5,0.25,0,1,2.6726852514349302,2.6817231593289108,16,26.331498984554329,3.8900007054177986e-16,3.4362112110832236e-17,1.8004865032699338e-15,0,20,5.6568542494923806,0.79166666666666663,0.125
2,test,element,0,1,3,0.5,0,0,75.912993548233644,75.919579711964062,16,463424442554.1795,1.9176697985890016e-16,2.9970781088864508e-17,5.6418769526772189e-14,1.0085213941478996e-09,1,1,0.41666666666666669,0.25
2,test,element,1,2,3,0.5,0,0,88.96871863510043,88.974338419443384,16,339369228624.03741,1.4607998336316586e-16,5.6915685387627473e-17,6.6873057377573727e-14,2.0286573919389529e-10,1,1,0.58333333333333337,0.75
2,test,element,2,3,3,0.5,0,0,91.075711382663428,91.081201165660332,16,206156274358.97928,3.4465102996339483e-16,8.1238626584740417e-18,6.4033261440338742e-14,2.3159649967160899e-10,1,1,0.25,0.58333333333333337
2,test,element,3,4,3,0.5,0,1,83.510339399277825,83.516326467262985,16,5287692735.0586205,2.1367495285138266e-16,6.2860975277171058e-17,2.8151577147333258e-15,5.5586936448507955e-13,1,1,0.75,0.41666666666666669
2,test,element,4,6,3,0.5,1,0,54.794919411459652,54.804043585639079,11,55001481929.806931,2.2963210975862687e-16,7.7375032523359312e-17,2.9737693539823696e-14,9.4123462644724944e-12,1,1,0.25,0.91666666666666663
2,test,element,5,7,3,0.5,1,0,54.583974056904815,54.593133486165044,11,46450847041.946548,1.7584036103908492e-16,5.5285147142900805e-17,3.7448199163090754e-14,2.2220047488685247e-12,1,1,0.083333333333333329,0.25
2,test,element,6,8,3,0.5,1,0,184.11848798927161,184.12120361472793,13,724631938304.57104,3.4736199308387927e-16,9.6498492985488867e-17,5.319908166786685e-14,3.1873908653221721e-11,1,1,0.91666666666666663,0.75
2,test,element,7,9,3,0.5,1,0,184.11831654079839,184.1210321635721,13,724629479367.02087,3.9777277560960769e-16,5.829753118845108e-18,2.1337669844320765e-14,2.4733773359574267e-11,1,1,0.25,0.083333333333333329
2,test,element,8,10,3,0.5,1,0,54.583973736386085,54.593133165432945,11,46450845822.0056,2.7803486392693757e-16,7.8279664023204717e-17,1.5122227657133452e-14,1.2008865468489883e-11,1,1,0.75,0.91666666666666663
2,test,element,9,11,3,0.5,1,0,54.794912521135863,54.804036693845248,11,55001464125.7854,2.9293376459625569e-16,6.209385219557203e-17,1.8106692355995013e-14,8.6098628635719412e-11,1,1,0.083333333333333329,0.75
2,test,element,10,13,3,0.5,0,1,83.510338245079325,83.516325312984023,16,5287692503.427784,1.9172663822552265e-16,6.1514129516576308e-17,3.6761489269895023e-15,3.352428279593325e-12,1,1,0.58333333333333337,0.25
2,test,element,11,14,3,0.5,0,0,91.075562577870144,91.081052351895821,16,206151781304.93414,2.393212624987772e-16,8.0219523404905068e-17,7.3700702427542129e-14,1.6234230235412075e-10,1,1,0.41666666666666669,0.75
2,test,element,12,15,3,0.5,0,0,88.968604718956129,88.97422449610292,16,339342187804.66931,3.0097985508643134e-16,1.2965671278222467e-17,1.145373825367951e-13,1.2062814271806319e-10,1,1,0.25,0.41666666666666669
2,test,element,13,16,3,0.5,0,0,75.913018160248996,75.91960432611701,16,463426065279.31604,1.21581116072936e-16,1.2506200611449264e-17,2.0265061862735168e-14,8.9596123351902658e-10,1,1,0.75,0.58333333333333337
2,test,element,14,18,4,0.35355339059327379,1,1,85.799323368421526,85.802237091026726,15,497552124204.47284,1.255135674710806e-16,5.6032046823392889e-17,1.2290479696718086e-13,8.8861618464964201e-11,1,1,0.91666666666666663,0.33333333333333331
2,test,element,15,19,4,0.35355339059327379,1,1,85.799151013316632,85.802064730532635,15,497548222297.9917,8.4011329084280428e-17,5.59554407832734e-17,1.0968351658754064e-13,3.5091030788874977e-10,1,1,0.66666666666666663,0.083333333333333329
2,test,element,16,20,5,0.25,0,1,49.153270564043176,49.155813562617396,14,853773452918.82568,1.6851262005353057e-16,5.3889249745122584e-17,1.6955724185960128e-13,5.7622615145682721e-11,1,1,0.875,0.20833333333333334
2,test,element,17,21,5,0.25,1,0,37.134331953276067,37.137697958508952,11,362137478234.79266,2.788665320975323e-16,1.4060919720798776e-17,1.1425531790831291e-13,2.9973670778475649e-11,1,1,0.95833333333333337,0.125
2,test,element,18,22,5,0.25,1,0,37.13432186809483,37.137687872454563,11,362137231759.99048,1.1964909431453719e-16,7.2274178744301251e-18,4.298936367169716e-13,6.6274960158872058e-11,1,1,0.875,0.041666666666666664
2,test,element,19,23,5,0.25,0,1,49.153274524856513,49.155817523509796,14,853772322886.49854,3.8900007054177986e-16,4.3460418011471802e-18,3.0220139789666288e-13,4.6068800720062062e-11,1,1,0.79166666666666663,0.125
2,test,patch1,0,1,3,0.5,0,0,2.8809063905021723,2.9169483835048711,16,628963.21963374002,1.9176697985890016e-16,3.7319947030535926e-17,8.4507548711610502e-16,0,11,2.2360679774997898,0.41666666666666669,0.25
2,test,patch1,1,2,3,0.5,0,0,2.8095880759814826,2.8445515303938942,16,14398142.537621146,1.4607998336316586e-16,3.8865195008599878e-17,6.5134942736458722e-16,0,11,2.2360679774997898,0.58333333333333337,0.75
2,test,patch1,2,3,3,0.5,0,0,2.8053124575388075,2.8402471977765784,16,14783867.006617924,3.4465102996339483e-16,6.699531806562484e-17,1.8695262394263602e-15,0,11,2.2360679774997898,0.25,0.58333333333333337
2,test,patch1,3,4,3,0.5,0,1,2.8508661568440306,2.8860971424443398,16,17321.051777331213,2.1367495285138266e-16,3.798059613381399e-17,1.5735155849016369e-15,0,13,2.2360679774997898,0.75,0.41666666666666669
2,test,patch1,4,6,3,0.5,1,0,4.2882378057429795,4.3328102754067483,16,2637446769.5720334,2.2963210975862687e-16,5.9102757600641048e-17,1.2786118717104882e-15,0,6,2.2360679774997898,0.25,0.91666666666666663
2,test,patch1,5,7,3,0.5,1,0,4.1439880506380407,4.1855060149973937,16,884552938.8145715,1.7584036103908492e-16,3.1231775413890029e-17,3.2219310733089055e-16,0,6,2.2360679774997898,0.083333333333333329,0.25
2,test,patch1,6,8,3,0.5,1,0,3.4147303922662342,3.4631042241749137,16,32072314.160363156,3.4736199308387927e-16,5.4543263169801795e-17,1.8108015940343082e-16,0,6,1.8027756377319946,0.91666666666666663,0.75
2,test,patch1,7,9,3,0.5,1,0,3.4147303922707408,3.4631042241794772,16,32072314.265137207,3.9777277560960769e-16,4.8399863469764184e-17,5.0298885290599251e-16,0,6,1.8027756377319946,0.25,0.083333333333333329
2,test,patch1,8,10,3,0.5,1,0,4.1439879542254809,4.1855059192127362,16,884552852.2461077,2.7803486392693757e-16,4.4180123260937725e-17,6.9741637794017498e-16,0,6,2.2360679774997898,0.75,0.91666666666666663
2,test,patch1,9,11,3,0.5,1,0,4.2882378116745556,4.3328102815844396,16,2637447729.9432311,2.9293376459625569e-16,3.7274045007806961e-17,5.9283415264398886e-16,0,6,2.2360679774997898,0.083333333333333329,0.75
2,test,patch1,10,13,3,0.5,0,1,2.8508661568439977,2.8860971424443038,16,17321.051777284116,1.9172663822552265e-16,3.8724971118079724e-17,3.3699703919341092e-15,0,13,2.2360679774997898,0.58333333333333337,0.25
2,test,patch1,11,14,3,0.5,0,0,2.8053124575447028,2.8402471977826647,16,14783867.0127753,2.393212624987772e-16,7.2544446486064597e-17,8.7196444534681724e-16,0,11,2.2360679774997898,0.41666666666666669,0.75
2,test,patch1,12,15,3,0.5,0,0,2.8095880759727079,2.8445515303849223,16,14398142.511998976,3.0097985508643134e-16,5.0375966492237913e-17,1.1120002633341733e-15,0,11,2.2360679774997898,0.25,0.41666666666666669
2,test,patch1,13,16,3,0.5,0,0,2.8809063905022252,2.916948383504923,16,628963.2196371468,1.21581116072936e-16,6.1352747427123057e-17,1.3293830749035165e-15,0,11,2.2360679774997898,0.75,0.58333333333333337
2,test,patch1,14,18,4,0.35355339059327379,1,1,3.1973064085279699,3.2230556635156926,16,12024243.389777234,1.255135674710806e-16,4.8007894334972427e-17,8.5307095507966125e-16,0,9,3.1622776601683791,0.91666666666666663,0.33333333333333331
2,test,patch1,15,19,4,0.35355339059327379,1,1,3.197306408528398,3.2230556635161083,16,12024243.394658241,8.4011329084280428e-17,4.1087726797832734e-17,1.5008893810505193e-15,0,9,3.1622776601683791,0.66666666666666663,0.083333333333333329
2,test,patch1,16,20,5,0.25,0,1,2.8328307025334842,2.8419083743104827,16,250979967.07494938,1.6851262005353057e-16,5.4539661334955901e-17,6.529557348573589e-16,0,8,2.8284271247461903,0.875,0.20833333333333334
2,test,patch1,17,21,5,0.25,1,0,9.4797368048963246,9.4838350521246113,16,36666606931.306015,2.788665320975323e-16,2.6684539653244016e-17,1.2991575541308597e-15,0,5,2.2360679774997898,0.95833333333333337,0.125
2,test,patch1,18,22,5,0.25,1,0,9.4797353043937953,9.4838335509937526,16,36666590016.625977,1.1964909431453719e-16,2.669897490660625e-17,3.6338093707766043e-15,0,5,2.2360679774997898,0.875,0.041666666666666664
2,test,patch1,19,23,5,0.25,0,1,2.8328307025359858,2.8419083743129923,16,250979967.07494938,3.8900007054177986e-16,5.4539661334955901e-17,1.5566478726385618e-15,0,8,2.8284271247461903,0.79166666666666663,0.125
2,test,patch3,0,1,3,0.5,0,0,2.7620900671573425,2.7970178574173254,16,26.331498984554329,1.9176697985890016e-16,3.4362112110832236e-17,1.9455888385952974e-15,0,20,2.8284271247461903,0.41666666666666669,0.25
2,test,patch3,1,2,3,0.5,0,0,2.702834966806634,2.7367724434544791,16,26.331498984554329,1.4607998336316586e-16,3.4362112110832236e-17,6.360388429664e-16,0,20,2.8284271247461903,0.58333333333333337,0.75
2,test,patch3,2,3,3,0.5,0,0,2.6922680733043927,2.7258680339660639,16,26.331498984554329,3.4465102996339483e-16,3.4362112110832236e-17,1.3975250845138853e-15,0,20,2.8284271247461903,0.25,0.58333333333333337
2,test,patch3,3,4,3,0.5,0,1,2.7432875039197353,2.7774578862473338,16,26.331498984554329,2.1367495285138266e-16,3.4362112110832236e-17,2.1172597222054639e-15,0,20,2.8284271247461903,0.75,0.41666666666666669
2,test,patch3,4,6,3,0.5,1,0,3.1806858068520079,3.2324846839031425,16,18481.35118358543,2.2963210975862687e-16,3.535474448727697e-17,5.2472169376380779e-16,0,18,2.8284271247461903,0.25,0.91666666666666663
2,test,patch3,5,7,3,0.5,1,0,3.1844018301632393,3.235910855548584,16,48.121102753873238,1.7584036103908492e-16,3.5120287235011498e-17,4.8095157066916119e-16,0,19,2.8284271247461903,0.083333333333333329,0.25
2,test,patch3,6,8,3,0.5,1,0,3.1862579800341391,3.2373368839239833,16,26.331498984554329,3.4736199308387927e-16,3.4362112110832236e-17,6.7403930923843046e-16,0,20,2.8284271247461903,0.91666666666666663,0.75
2,test,patch3,7,9,3,0.5,1,0,3.1862579800341315,3.2373368839239745,16,26.331498984554329,3.9777277560960769e-16,3.4362112110832236e-17,9.8555334152268713e-16,0,20,2.8284271247461903,0.25,0.083333333333333329
2,test,patch3,8,10,3,0.5,1,0,3.1844018301632513,3.2359108555485965,16,48.121102753873046,2.7803486392693757e-16,3.424914950092469e-17,6.3455129734061193e-16,0,19,2.8284271247461903,0.75,0.91666666666666663
2,test,patch3,9,11,3,0.5,1,0,3.1806858068520047,3.2324846839031411,16,18481.35118358543,2.9293376459625569e-16,3.535474448727697e-17,5.4568193662569192e-16,0,18,2.8284271247461903,0.083333333333333329,0.75
2,test,patch3,10,13,3,0.5,0,1,2.7432875039197349,2.7774578862473334,16,26.331498984554329,1.9172663822552265e-16,3.4362112110832236e-17,2.0478434892503983e-15,0,20,2.8284271247461903,0.58333333333333337,0.25
2,test,patch3,11,14,3,0.5,0,0,2.6922680733043958,2.7258680339660679,16,26.331498984554329,2.393212624987772e-16,3.4362112110832236e-17,1.1742224203538025e-15,0,20,2.8284271247461903,0.41666666666666669,0.75
2,test,patch3,12,15,3,0.5,0,0,2.7028349668066336,2.7367724434544778,16,26.331498984554329,3.0097985508643134e-16,3.4362112110832236e-17,7.0013793829575037e-16,0,20,2.8284271247461903,0.25,0.41666666666666669
2,test,patch3,13,16,3,0.5,0,0,2.7620900671573527,2.7970178574173343,16,26.331498984554329,1.21581116072936e-16,3.4362112110832236e-17,1.8235873683520283e-15,0,20,2.8284271247461903,0.75,0.58333333333333337
2,test,patch3,14,18,4,0.35355339059327379,1,1,3.0553150877229243,3.0826852096543869,16,26.331498984554329,1.255135674710806e-16,3.4362112110832236e-17,8.7080099764388496e-16,0,20,4,0.91666666666666663,0.33333333333333331
2,test,patch3,15,19,4,0.35355339059327379,1,1,3.055315087722926,3.0826852096543891,16,26.331498984554329,8.4011329084280428e-17,3.4362112110832236e-17,9.6332979732054682e-16,0,20,4,0.66666666666666663,0.083333333333333329
2,test,patch3,16,20,5,0.25,0,1,2.6726852514349271,2.6817231593289081,16,26.331498984554329,1.6851262005353057e-16,3.4362112110832236e-17,1.449455255096435e-15,0,20,5.6568542494923806,0.875,0.20833333333333334
2,test,patch3,17,21,5,0.25,1,0,3.1801886510490509,3.19289021646326,16,3066.6902671589783,2.788665320975323e-16,3.3291923830594658e-17,6.1356418179492982e-16,0,17,5.6568542494923806,0.95833333333333337,0.125
2,test,patch3,18,22,5,0.25,1,0,3.180188651049042,3.1928902164632502,16,3066.6902671586158,1.1964909431453719e-16,3.6837531067364722e-17,1.0190583174887429e-15,0,17,5.6568542494923806,0.875,0.041666666666666664
2,test,patch3,19,23,5,0.25,0,1,2.6726852514349302,2.6817231593289108,16,26.331498984554329,3.8900007054177986e-16,3.4362112110832236e-17,1.8004865032699338e-15,0,20,5.6568542494923806,0.79166666666666663,0.125
3,coarse,element,0,1,3,0.5,0,0,8.485281374238566,8.5440037453175268,3,3.9999999999999996,0,0,9.9596108117591121e-17,0,1,1,0.41666666666666669,0.25
3,coarse,element,1,2,3,0.5,0,0,8.4852813742386211,8.5440037453175819,3,4.0000000000000471,0,0,2.3158500214277267e-16,0,1,1,0.58333333333333337,0.75
3,coarse,element,2,3,3,0.5,0,0,8.4852813742385855,8.5440037453175464,3,4.0000000000000124,0,0,4.5065699989652724e-16,0,1,1,0.25,0.58333333333333337
3,coarse,element,3,4,3,0.5,0,1,8.4852813742386441,8.544003745317605,3,4.0000000000000577,0,0,8.4892047161714268e-17,1.9466924267399669e-16,1,1,0.75,0.41666666666666669
3,coarse,element,4,6,3,0.5,1,0,8.4852813742385855,8.5440037453175464,3,4.0000000000000124,0,0,4.5065699989652724e-16,0,1,1,0.25,0.91666666666666663
3,coarse,element,5,7,3,0.5,1,0,8.4852813742385855,8.5440037453175464,3,4.0000000000000124,0,0,4.5065699989652724e-16,0,1,1,0.083333333333333329,0.25
3,coarse,element,6,9,3,0.5,1,0,8.4852813742385891,8.5440037453175499,3,4.000000000000016,0,0,8.7024604220412935e-17,1.9466924267399918e-16,1,1,0.25,0.083333333333333329
3,coarse,element,7,10,3,0.5,1,1,8.4852813742385873,8.5440037453175499,3,4.0000000000000151,0,0,1.4193519595850167e-16,5.8400772802199756e-16,1,1,0.75,0.91666666666666663
3,coarse,element,8,11,3,0.5,1,0,8.4852813742385855,8.5440037453175464,3,4.0000000000000151,0,0,5.205245956471159e-16,0,1,1,0.083333333333333329,0.75
3,coarse,element,9,13,3,0.5,0,1,8.4852813742386477,8.5440037453176085,3,4.0000000000000622,0,0,1.8312739885612137e-16,1.9466924267399651e-16,1,1,0.58333333333333337,0.25
3,coarse,element,10,14,3,0.5,0,0,8.4852813742385855,8.5440037453175464,3,4.0000000000000151,0,0,5.205245956471159e-16,0,1,1,0.41666666666666669,0.75
3,coarse,element,11,15,3,0.5,0,0,8.4852813742385855,8.5440037453175464,3,4.0000000000000151,0,0,5.205245956471159e-16,0,1,1,0.25,0.41666666666666669
3,coarse,element,12,16,3,0.5,0,1,8.4852813742385838,8.5440037453175464,3,4.0000000000000151,0,5.5511151231257876e-17,3.7247997966214896e-16,3.8933848534799875e-16,1,1,0.75,0.58333333333333337
3,coarse,element,13,18,4,0.35355339059327379,1,1,8.4852813742385642,8.5146931829631942,3,3.999999999999996,0,0,8.2576795746955776e-17,1.9754313127813157e-16,1,1,0.91666666666666663,0.33333333333333331
3,coarse,element,14,19,4,0.35355339059327379,1,1,8.4852813742385642,8.5146931829631942,3,3.999999999999996,0,5.5511151231257802e-17,2.4297528525827352e-16,1.9754313127813157e-16,1,1,0.66666666666666663,0.083333333333333329
3,coarse,element,15,20,5,0.25,0,1,8.4852813742385695,8.5,3,4.0000000000000018,0,0,3.0975597191470999e-16,1.9669003066023535e-16,1,1,0.875,0.20833333333333334
3,coarse,element,16,21,5,0.25,1,0,8.4852813742385695,8.5,3,4.0000000000000018,0,0,3.0975597191470999e-16,1.9669003066023535e-16,1,1,0.95833333333333337,0.125
3,coarse,element,17,22,5,0.25,1,0,8.4852813742385695,8.5,3,4.0000000000000018,0,0,3.0975597191470999e-16,1.9669003066023535e-16,1,1,0.875,0.041666666666666664
3,coarse,element,18,23,5,0.25,0,1,8.4852813742385695,8.5,3,4.0000000000000018,0,0,3.0975597191470999e-16,1.9669003066023535e-16,1,1,0.79166666666666663,0.125
3,coarse,element,19,24,4,0.35355339059327379,1,1,8.4852813742385642,8.5146931829631942,3,3.999999999999996,0,0,3.8727945572713663e-16,1.9754313127813157e-16,1,1,0.91666666666666663,0.66666666666666663
3,coarse,element,20,25,4,0.35355339059327379,1,1,8.4852813742385642,8.5146931829631942,3,3.999999999999996,0,0,6.5387437188925429e-17,1.9754313127813157e-16,1,1,0.91666666666666663,0.83333333333333337
3,coarse,patch1,0,1,3,0.5,0,0,3.6712970397463289,3.6982238963166876,11,21.006659564512919,0,1.0587700342451003e-17,4.9575476106029685e-16,0,11,2.2360679774997898,0.41666666666666669,0.25
3,coarse,patch1,1,2,3,0.5,0,0,3.6138092588610964,3.6401782414131287,12,11.681543891567069,0,1.3227776720462553e-17,6.3196345722886613e-16,0,12,2.2360679774997898,0.58333333333333337,0.75
3,coarse,patch1,2,3,3,0.5,0,0,3.6044828737838226,3.6308551802159172,11,11.541410268361597,0,9.2093210325882705e-18,5.8260419459516228e-16,0,11,2.2360679774997898,0.25,0.58333333333333337
3,coarse,patch1,3,4,3,0.5,0,1,3.8824911502020463,3.9111887528244091,13,23.529388885145728,0,1.1187076575529043e-17,2.5937087339419849e-16,0,13,2.0615528128088303,0.75,0.41666666666666669
3,coarse,patch1,4,6,3,0.5,1,0,4.2811750887123106,4.3161062710517841,7,8.3736389961775934,0,0,6.079488925603908e-16,0,6,2.2360679774997898,0.25,0.91666666666666663
3,coarse,patch1,5,7,3,0.5,1,0,4.2811750887123079,4.3161062710517806,7,8.3736389961775775,0,0,2.1873201795352966e-16,0,6,2.2360679774997898,0.083333333333333329,0.25
3,coarse,patch1,6,9,3,0.5,1,0,4.309747483791349,4.3445819491053674,7,14.308652136243557,0,7.5309030952342581e-18,4.1591319804842715e-16,0,6,1.8027756377319946,0.25,0.083333333333333329
3,coarse,patch1,7,10,3,0.5,1,1,4.463691292021271,4.5062763910388659,8,8.1989442079769574,0,1.4605950104502035e-17,4.2696274119524116e-16,0,7,2.2360679774997898,0.75,0.91666666666666663
3,coarse,patch1,8,11,3,0.5,1,0,4.2811750887123079,4.3161062710517824,7,8.3736389961775739,0,0,4.7051069812459906e-16,0,6,2.2360679774997898,0.083333333333333329,0.75
3,coarse,patch1,9,13,3,0.5,0,1,3.8015108866835816,3.8295602520366328,13,23.58248816892532,0,1.0863444694699363e-17,7.9112295816137535e-16,0,13,2.2360679774997898,0.58333333333333337,0.25
3,coarse,patch1,10,14,3,0.5,0,0,3.6044828737838217,3.6308551802159181,11,11.541410268361609,0,9.2093210325882705e-18,3.4330637094233115e-16,0,11,2.2360679774997898,0.41666666666666669,0.75
3,coarse,patch1,11,15,3,0.5,0,0,3.6044828737838217,3.6308551802159177,11,11.541410268361595,0,9.2093210325882705e-18,3.107325053589336e-16,0,11,2.2360679774997898,0.25,0.41666666666666669
3,coarse,patch1,12,16,3,0.5,0,1,3.7090178772886495,3.7365188845758954,12,20.983410583389194,0,1.3637232993396625e-17,3.6788211355869234e-16,0,12,2.2360679774997898,0.75,0.58333333333333337
3,coarse,patch1,13,18,4,0.35355339059327379,1,1,4.3777153101999557,4.3995315340030272,10,25.370540659086437,0,1.9210426033421852e-17,2.6583135830733812e-16,0,9,2.5495097567963922,0.91666666666666663,0.33333333333333331
3,coarse,patch1,14,19,4,0.35355339059327379,1,1,4.3443405728595339,4.3666323218660485,10,26.545362675677932,0,7.9869633858503842e-18,9.2495656951556227e-16,0,9,3.1622776601683791,0.66666666666666663,0.083333333333333329
3,coarse,patch1,15,20,5,0.25,0,1,3.4425326864686223,3.4493121946384226,8,11.961842479214289,0,1.0639432085345379e-17,4.5406893700500595e-16,0,8,2.8284271247461903,0.875,0.20833333333333334
3,coarse,patch1,16,21,5,0.25,1,0,4.2489775925472397,4.257694011835925,6,5.3754781406164378,0,0,6.413859603288195e-16,0,5,2.2360679774997898,0.95833333333333337,0.125
3,coarse,patch1,17,22,5,0.25,1,0,4.2489775925472406,4.2576940118359223,6,5.3754781406164378,0,2.6666694486768933e-17,1.1051294889894668e-15,0,5,2.2360679774997898,0.875,0.041666666666666664
3,coarse,patch1,18,23,5,0.25,0,1,3.4425326864686223,3.4493121946384222,8,11.961842479214289,0,1.0639432085345379e-17,4.8213603645654016e-16,0,8,2.8284271247461903,0.79166666666666663,0.125
3,coarse,patch1,19,24,4,0.35355339059327379,1,1,4.2597408601108677,4.2805438553060924,8,13.433984155263287,0,1.5788885636912989e-17,3.7253341347419287e-16,0,7,2.5495097567963922,0.91666666666666663,0.66666666666666663
3,coarse,patch1,20,25,4,0.35355339059327379,1,1,4.4688127362837919,4.4875291653874729,6,6.8032118922901583,0,1.9102697246578258e-17,4.3394045322413307e-16,0,5,2,0.91666666666666663,0.83333333333333337
3,coarse,patch3,0,1,3,0.5,0,0,3.6131510328649199,3.6398323302882929,17,25.600407484976614,0,1.1618613048402823e-17,4.9754661622297509e-16,0,21,2.8284271247461903,0.41666666666666669,0.25
3,coarse,patch3,1,2,3,0.5,0,0,3.5556845873424905,3.581965779142001,17,25.600407484976614,0,1.1618613048402823e-17,6.2000558440859374e-16,0,21,2.8284271247461903,0.58333333333333337,0.75
3,coarse,patch3,2,3,3,0.5,0,0,3.5398346777041034,3.5660146554934733,17,25.600407484976614,0,1.1618613048402823e-17,8.2864235037891204e-16,0,21,2.8284271247461903,0.25,0.58333333333333337
3,coarse,patch3,3,4,3,0.5,0,1,3.776533919960789,3.8046361392677959,17,25.600407484976614,0,1.1618613048402823e-17,9.2146809211134747e-16,0,21,2.8284271247461903,0.75,0.41666666666666669
3,coarse,patch3,4,6,3,0.5,1,0,4.2002154576325301,4.2358538770130671,16,24.686009615415649,0,1.1675582890090238e-17,5.710742435595006e-16,0,19,2.8284271247461903,0.25,0.91666666666666663
3,coarse,patch3,5,7,3,0.5,1,0,4.1988219483758256,4.2343590578083239,17,47.029081602551869,0,1.1650951669379738e-17,5.6840892022293801e-16,0,20,2.8284271247461903,0.083333333333333329,0.25
3,coarse,patch3,6,9,3,0.5,1,0,4.2251774073035282,4.260759845421302,17,25.600407484976614,0,1.1618613048402823e-17,4.6692071036968297e-16,0,21,2.8284271247461903,0.25,0.083333333333333329
3,coarse,patch3,7,10,3,0.5,1,1,4.343336319812769,4.3867141547403126,17,47.023254347017655,0,1.1650951669379738e-17,9.9855883528732209e-16,0,20,2.8284271247461903,0.75,0.91666666666666663
3,coarse,patch3,8,11,3,0.5,1,0,4.1969105202556207,4.2325413745798679,16,24.686009615415649,0,1.1675582890090238e-17,2.1471151682249375e-16,0,19,2.8284271247461903,0.083333333333333329,0.75
3,coarse,patch3,9,13,3,0.5,0,1,3.69604759749439,3.723612023185126,17,25.600407484976614,0,1.1618613048402823e-17,3.9329487452903785e-16,0,21,2.8284271247461903,0.58333333333333337,0.25
3,coarse,patch3,10,14,3,0.5,0,0,3.5495158804580349,3.5756998346618292,17,25.600407484976614,0,1.1618613048402823e-17,3.2742551498521492e-16,0,21,2.8284271247461903,0.41666666666666669,0.75
3,coarse,patch3,11,15,3,0.5,0,0,3.5450584643198457,3.5713353420688883,17,25.600407484976614,0,1.1618613048402823e-17,3.2533978688818617e-16,0,21,2.8284271247461903,0.25,0.41666666666666669
3,coarse,patch3,12,16,3,0.5,0,1,3.6513650399312878,3.6785451734259755,17,25.600407484976614,0,1.1618613048402823e-17,7.6544980754342411e-16,0,21,2.8284271247461903,0.75,0.58333333333333337
3,coarse,patch3,13,18,4,0.35355339059327379,1,1,4.2239896187581554,4.2461585413843084,17,25.600407484976614,0,1.1618613048402823e-17,2.3409404763528219e-16,0,21,4,0.91666666666666663,0.33333333333333331
3,coarse,patch3,14,19,4,0.35355339059327379,1,1,4.1980606593115635,4.2206758230642212,17,25.600407484976614,0,1.1618613048402823e-17,2.2526371314714955e-16,0,21,4,0.66666666666666663,0.083333333333333329
3,coarse,patch3,15,20,5,0.25,0,1,3.4033155938369029,3.4101813816528828,17,25.600407484976614,0,1.1618613048402823e-17,7.5222609650040911e-16,0,21,5.6568542494923806,0.875,0.20833333333333334
3,coarse,patch3,16,21,5,0.25,1,0,4.1626410179665081,4.1715715975008614,16,24.76549196827542,0,1.3290816521809657e-17,4.9041060315910956e-16,0,18,5.6568542494923806,0.95833333333333337,0.125
3,coarse,patch3,17,22,5,0.25,1,0,4.1618499124496724,4.170779961845283,15,24.776004528910192,0,9.9880128152218832e-18,7.3393098798391331e-16,0,17,5,0.875,0.041666666666666664
3,coarse,patch3,18,23,5,0.25,0,1,3.4006559965352063,3.4075274499781325,17,25.600407484976614,0,1.1618613048402823e-17,8.270747212979928e-16,0,21,5.6568542494923806,0.79166666666666663,0.125
3,coarse,patch3,19,24,4,0.35355339059327379,1,1,4.1668961597493022,4.1886495138140916,17,25.600407484976614,0,1.1618613048402823e-17,7.9678096298067999e-16,0,21,4,0.91666666666666663,0.66666666666666663
3,coarse,patch3,20,25,4,0.35355339059327379,1,1,4.3778375433261685,4.3966840314062701,17,47.023254347017655,0,1.1650951669379738e-17,1.133994004461984e-15,0,20,4,0.91666666666666663,0.83333333333333337
3,trial,element,0,1,3,0.5,0,0,112.86935671060165,112.87378652664479,17,651512136976.17615,5.1069684350006675e-16,1.1162361227131068e-17,2.4293088928328595e-13,4.6900988739200774e-11,1,1,0.41666666666666669,0.25
3,trial,element,1,2,3,0.5,0,0,90.070178918796373,90.07572997461763,17,408522932469.70013,1.3607049107261126e-16,1.7375574611967659e-17,5.6108984769432839e-14,4.6362316012494808e-13,1,1,0.58333333333333337,0.75
3,trial,element,2,3,3,0.5,0,0,85.804245695471181,85.810072715096098,16,161785811688.77765,2.4945936613426398e-16,5.8882030995462429e-17,9.4922920000101749e-14,1.7588695192485456e-13,1,1,0.25,0.58333333333333337
3,trial,element,3,4,3,0.5,0,1,89.815771569616359,89.821338348150533,17,8404950863.3340893,2.6144075058004748e-16,6.0153992319421453e-17,3.6726570122607126e-15,9.2112027191610122e-13,1,1,0.75,0.41666666666666669
3,trial,element,4,6,3,0.5,1,0,180.81491580293675,180.81768103724423,12,934505505966.27466,3.3495007178190582e-16,6.232933065396832e-17,2.4401754405848944e-15,3.4761104730147941e-11,1,1,0.25,0.91666666666666663
3,trial,element,5,7,3,0.5,1,0,55.205734493505481,55.214790780635646,11,49221630660.950134,2.4865502814799667e-16,5.700490412127007e-17,1.1973996599476192e-14,5.9218958088279886e-12,1,1,0.083333333333333329,0.25
3,trial,element,6,9,3,0.5,1,0,184.56633205393817,184.56904108660839,13,776225983860.94885,1.335421352239695e-16,5.5676738441183655e-17,3.7433580042010633e-14,6.2943745826020558e-12,1,1,0.25,0.083333333333333329
3,trial,element,7,10,3,0.5,1,1,99.119371416663881,99.124415711807302,12,289961631026.55988,2.7052406048437407e-16,6.0398370817198505e-17,1.2400940086211569e-14,1.7568702027010191e-11,1,1,0.75,0.91666666666666663
3,trial,element,8,11,3,0.5,1,0,55.700154557428846,55.709130470150029,11,56710908059.153183,1.6661136368522726e-16,1.104890042479084e-16,5.2229165088645897e-14,6.0373486459033246e-12,1,1,0.083333333333333329,0.75
3,trial,element,9,13,3,0.5,0,1,84.382864295266202,84.388789463298238,17,34087337712.565434,3.794531232768692e-16,1.2860700219847989e-17,2.2995671054098888e-14,5.7230291203809366e-11,1,1,0.58333333333333337,0.25
3,trial,element,10,14,3,0.5,0,0,97.870131308183048,97.875239986706021,17,319303445395.96924,1.7701593188233881e-16,5.7402515823096368e-17,1.7962027113530919e-13,1.8195471633548949e-11,1,1,0.41666666666666669,0.75
3,trial,element,11,15,3,0.5,0,0,88.049281863006684,88.054960318409258,16,312223082250.16132,3.8194919662384643e-16,5.7220488644705022e-17,3.1277047386195624e-14,1.1018201613986188e-11,1,1,0.25,0.41666666666666669
3,trial,element,12,16,3,0.5,0,1,76.514458945402737,76.52099337893803,16,3123366080.5669575,1.5834280222466739e-16,3.2795795435709606e-17,3.3387688548274728e-15,1.4077027363652466e-12,1,1,0.75,0.58333333333333337
3,trial,element,13,18,4,0.35355339059327379,1,1,133.27763631353238,133.27951208528381,16,481771813719.24194,1.1277181142682512e-16,5.595767460594507e-17,2.2860071127443798e-13,2.0778967020200338e-11,1,1,0.91666666666666663,0.33333333333333331
3,trial,element,14,19,4,0.35355339059327379,1,1,83.593229486317355,83.59622010484992,15,228034121009.28647,1.4759247490881204e-16,1.3456055498513892e-17,1.2971881100723689e-13,1.9118144140027314e-11,1,1,0.66666666666666663,0.083333333333333329
3,trial,element,15,20,5,0.25,0,1,48.832992918956549,48.835552606010616,14,143870979022.58774,1.032162498331119e-16,1.0159075731667121e-17,3.0054139006844203e-14,3.8222375515350154e-10,1,1,0.875,0.20833333333333334
3,trial,element,16,21,5,0.25,1,0,43.989167794587857,43.992009311797673,11,269613783595.06265,3.2135391728576127e-16,7.5907198725024934e-18,2.8114851808781272e-14,1.4926701086961342e-11,1,1,0.95833333333333337,0.125
3,trial,element,17,22,5,0.25,1,0,37.03122234321188,37.034597723845735,11,393143786589.25787,1.7874741950234169e-16,4.1553063718147548e-18,3.6930009644841326e-13,2.4401747405151038e-10,1,1,0.875,0.041666666666666664
3,trial,element,18,23,5,0.25,0,1,47.101012824441774,47.103666619884663,14,185597991134.53479,1.0415858862072269e-16,1.6761201220752888e-18,1.2036988029035273e-13,2.298213211818397e-11,1,1,0.79166666666666663,0.125
3,trial,element,19,24,4,0.35355339059327379,1,1,132.53679395246962,132.53868020847472,13,367838590973.98969,2.0793453880336928e-16,7.9062730833803684e-18,6.281925148681709e-14,1.1666424136637887e-11,1,1,0.91666666666666663,0.66666666666666663
3,trial,element,20,25,4,0.35355339059327379,1,1,35.722429968096328,35.729427687104298,10,6244638081.691987,2.845748999462879e-16,4.2627327673029732e-18,2.7542590074649061e-14,1.7600464125421915e-11,1,1,0.91666666666666663,0.83333333333333337
3,trial,patch1,0,1,3,0.5,0,0,2.8853591000971317,2.921451163277164,17,631342.8881716578,5.1069684350006675e-16,3.8760940114591054e-17,1.761268293857196e-15,0,11,2.2360679774997898,0.41666666666666669,0.25
3,trial,patch1,1,2,3,0.5,0,0,2.6656672257114735,2.6983535414082684,17,14737542.993283873,1.3607049107261126e-16,4.0471527259700066e-17,1.6756025956016088e-15,0,12,2.2360679774997898,0.58333333333333337,0.75
3,trial,patch1,2,3,3,0.5,0,0,2.811641990883524,2.8466732306402709,17,15476713.528286923,2.4945936613426398e-16,5.050600542108208e-17,2.0408895398431634e-15,0,11,2.2360679774997898,0.25,0.58333333333333337
3,trial,patch1,3,4,3,0.5,0,1,2.9347836898906565,2.9715365273875962,17,17250.149522844567,2.6144075058004748e-16,3.1432144075082352e-17,9.8495838308155776e-16,0,13,2.0615528128088303,0.75,0.41666666666666669
3,trial,patch1,4,6,3,0.5,1,0,4.4133912829495747,4.4526200216915335,17,7942086782.9434948,3.3495007178190582e-16,9.7047844755828784e-18,7.0198038715589961e-16,0,6,2.2360679774997898,0.25,0.91666666666666663
3,trial,patch1,5,7,3,0.5,1,0,4.4394440209326627,4.4788574453436896,17,1295063212.8090017,2.4865502814799667e-16,4.6494961553044114e-17,5.0683100075800916e-16,0,6,2.2360679774997898,0.083333333333333329,0.25
3,trial,patch1,6,9,3,0.5,1,0,3.414805369374232,3.463169672541984,17,96578836.15723303,1.335421352239695e-16,5.1608266806346224e-17,1.2066734916141067e-15,0,6,1.8027756377319946,0.25,0.083333333333333329
3,trial,patch1,7,10,3,0.5,1,1,3.6269775237208295,3.6700356368079938,17,730441626.13511729,2.7052406048437407e-16,3.731358325584689e-17,5.0777107460785633e-16,0,7,2.2360679774997898,0.75,0.91666666666666663
3,trial,patch1,8,11,3,0.5,1,0,4.308326077272282,4.3529388867712591,17,2887859917.4443965,1.6661136368522726e-16,7.3825333697545654e-17,6.2499807654184831e-16,0,6,2.2360679774997898,0.083333333333333329,0.75
3,trial,patch1,9,13,3,0.5,0,1,2.8511851699509028,2.8864666730627242,17,17433.586154954315,3.794531232768692e-16,5.2398236781620016e-17,1.3031427668280071e-15,0,13,2.2360679774997898,0.58333333333333337,0.25
3,trial,patch1,10,14,3,0.5,0,0,2.8046718546159348,2.839675076611182,17,15253916.300949236,1.7701593188233881e-16,5.5866933772923071e-17,1.9279911773695963e-15,0,11,2.2360679774997898,0.41666666666666669,0.75
3,trial,patch1,11,15,3,0.5,0,0,2.8137421466689334,2.8486311672581679,17,14925880.20176518,3.8194919662384643e-16,3.9949948486689037e-17,2.0489315867180835e-15,0,11,2.2360679774997898,0.25,0.41666666666666669
3,trial,patch1,12,16,3,0.5,0,1,2.8280017136895981,2.8637763512468104,17,627257.74670013983,1.5834280222466739e-16,5.0483272789591885e-17,1.4272544021484829e-15,0,12,2.2360679774997898,0.75,0.58333333333333337
3,trial,patch1,13,18,4,0.35355339059327379,1,1,3.2466951456605866,3.2717064693073006,17,16028529.48450578,1.1277181142682512e-16,8.7322028522687745e-17,1.130892883085774e-15,0,9,2.5495097567963922,0.91666666666666663,0.33333333333333331
3,trial,patch1,14,19,4,0.35355339059327379,1,1,3.1986622321114866,3.2244484303980374,17,15951454.289664365,1.4759247490881204e-16,5.1542362434047002e-17,7.4336303315539024e-16,0,9,3.1622776601683791,0.66666666666666663,0.083333333333333329
3,trial,patch1,15,20,5,0.25,0,1,2.8338587175652541,2.8429610631273934,17,314442709.22954202,1.032162498331119e-16,5.0757997003279582e-17,1.5680877188419573e-15,0,8,2.8284271247461903,0.875,0.20833333333333334
3,trial,patch1,16,21,5,0.25,1,0,8.7243833540198779,8.7310472057591184,17,48429510987.564148,3.2135391728576127e-16,3.7117026127329983e-17,2.192939869579596e-15,0,5,2.2360679774997898,0.95833333333333337,0.125
3,trial,patch1,17,22,5,0.25,1,0,11.140673991500449,11.146218125455492,17,46664357444.412239,1.7874741950234169e-16,2.7034461361289088e-17,9.7127060306413399e-15,0,5,2.2360679774997898,0.875,0.041666666666666664
3,trial,patch1,18,23,5,0.25,0,1,2.8441622993321096,2.8532251845920373,17,314442709.22954202,1.0415858862072269e-16,5.0757997003279582e-17,7.3892617946150368e-16,0,8,2.8284271247461903,0.79166666666666663,0.125
3,trial,patch1,19,24,4,0.35355339059327379,1,1,3.4127757761119257,3.4389918055281581,17,29990685.737674259,2.0793453880336928e-16,3.6308336322983404e-17,2.1460191107400642e-15,0,7,2.5495097567963922,0.91666666666666663,0.66666666666666663
3,trial,patch1,20,25,4,0.35355339059327379,1,1,4.4779627930314048,4.5076783712848902,17,5069930236.3845835,2.845748999462879e-16,4.705620931452085e-17,1.3120705705225416e-15,0,5,2,0.91666666666666663,0.83333333333333337
3,trial,patch3,0,1,3,0.5,0,0,2.7615718526722657,2.7965059486261814,17,26.243333640872454,5.1069684350006675e-16,5.4463440456588943e-17,8.2020277841357951e-16,0,21,2.8284271247461903,0.41666666666666669,0.25
3,trial,patch3,1,2,3,0.5,0,0,2.626073847562016,2.6586611447724668,17,26.243333640872454,1.3607049107261126e-16,5.4463440456588943e-17,4.9180233514678256e-16,0,21,2.8284271247461903,0.58333333333333337,0.75
3,trial,patch3,2,3,3,0.5,0,0,2.6927885235558033,2.7264090552123434,17,26.243333640872454,2.4945936613426398e-16,5.4463440456588943e-17,1.6888766206333807e-15,0,21,2.8284271247461903,0.25,0.58333333333333337
3,trial,patch3,3,4,3,0.5,0,1,2.8160508336552268,2.8515668359347419,17,26.243333640872454,2.6144075058004748e-16,5.4463440456588943e-17,7.978934870469271e-16,0,21,2.8284271247461903,0.75,0.41666666666666669
3,trial,patch3,4,6,3,0.5,1,0,3.1810834880581735,3.2328571421631467,17,18426.839019793912,3.3495007178190582e-16,5.5087476562295245e-17,5.6523135034432947e-16,0,19,2.8284271247461903,0.25,0.91666666666666663
3,trial,patch3,5,7,3,0.5,1,0,3.184165499092793,3.2356775917989298,17,47.953444818653054,2.4865502814799667e-16,5.499779614359869e-17,4.5655319597456321e-16,0,20,2.8284271247461903,0.083333333333333329,0.25
3,trial,patch3,6,9,3,0.5,1,0,3.1859164927428303,3.2370071318797389,17,26.243333640872454,1.335421352239695e-16,5.4463440456588943e-17,6.8589194910999582e-16,0,21,2.8284271247461903,0.25,0.083333333333333329
3,trial,patch3,7,10,3,0.5,1,1,3.2753330638523783,3.3362862445989361,17,47.968244058605684,2.7052406048437407e-16,5.4727648854342973e-17,7.6285607873195535e-16,0,20,2.8284271247461903,0.75,0.91666666666666663
3,trial,patch3,8,11,3,0.5,1,0,3.1810727233373881,3.232856695460038,17,18426.839019793912,1.6661136368522726e-16,5.5087476562295245e-17,9.3035921706880857e-16,0,19,2.8284271247461903,0.083333333333333329,0.75
3,trial,patch3,9,13,3,0.5,0,1,2.7437509357424017,2.7780614252355531,17,26.243333640872454,3.794531232768692e-16,5.4463440456588943e-17,1.2574441527679591e-15,0,21,2.8284271247461903,0.58333333333333337,0.25
3,trial,patch3,10,14,3,0.5,0,0,2.6947190925638416,2.7283360848245133,17,26.243333640872454,1.7701593188233881e-16,5.4463440456588943e-17,1.3675329776160444e-15,0,21,2.8284271247461903,0.41666666666666669,0.75
3,trial,patch3,11,15,3,0.5,0,0,2.7021965722866899,2.7361524534544426,17,26.243333640872454,3.8194919662384643e-16,5.4463440456588943e-17,1.506664126685533e-15,0,21,2.8284271247461903,0.25,0.41666666666666669
3,trial,patch3,12,16,3,0.5,0,1,2.7220031357809678,2.7566973776937722,17,26.243333640872454,1.5834280222466739e-16,5.4463440456588943e-17,1.842068084907446e-15,0,21,2.8284271247461903,0.75,0.58333333333333337
3,trial,patch3,13,18,4,0.35355339059327379,1,1,3.1124770813734908,3.1387713951917413,17,26.243333640872454,1.1277181142682512e-16,5.4463440456588943e-17,2.5018180587056319e-15,0,21,4,0.91666666666666663,0.33333333333333331
3,trial,patch3,14,19,4,0.35355339059327379,1,1,3.0555781401738105,3.0829414835230526,17,26.243333640872454,1.4759247490881204e-16,5.4463440456588943e-17,5.1409495960309068e-16,0,21,4,0.66666666666666663,0.083333333333333329
3,trial,patch3,15,20,5,0.25,0,1,2.6800173360267041,2.6890491590653989,17,26.243333640872454,1.032162498331119e-16,5.4463440456588943e-17,1.891419399574167e-15,0,21,5.6568542494923806,0.875,0.20833333333333334
3,trial,patch3,16,21,5,0.25,1,0,3.1808122887801793,3.1934962317353199,17,3061.8147550778867,3.2135391728576127e-16,5.7141048509088694e-17,9.4797625097408481e-16,0,18,5.6568542494923806,0.95833333333333337,0.125
3,trial,patch3,17,22,5,0.25,1,0,3.1806885487993188,3.1933845447803648,17,5279.1763874178396,1.7874741950234169e-16,4.6290437942171197e-17,6.3681492440980956e-16,0,17,5,0.875,0.041666666666666664
3,trial,patch3,18,23,5,0.25,0,1,2.6736905765743044,2.6827256647918238,17,26.243333640872454,1.0415858862072269e-16,5.4463440456588943e-17,7.2068931247936607e-16,0,21,5.6568542494923806,0.79166666666666663,0.125
3,trial,patch3,19,24,4,0.35355339059327379,1,1,3.2496272105941886,3.2778079356287044,17,26.243333640872454,2.0793453880336928e-16,5.4463440456588943e-17,1.1172590481699907e-15,0,21,4,0.91666666666666663,0.66666666666666663
3,trial,patch3,20,25,4,0.35355339059327379,1,1,3.5413941359727268,3.5643766444617517,17,47.968244058605684,2.845748999462879e-16,5.4727648854342973e-17,1.2550486914564962e-15,0,20,4,0.91666666666666663,0.83333333333333337
3,test,element,0,1,3,0.5,0,0,112.86935671060165,112.87378652664479,17,651512136976.17615,5.1069684350006675e-16,1.1162361227131068e-17,2.4293088928328595e-13,4.6900988739200774e-11,1,1,0.41666666666666669,0.25
3,test,element,1,2,3,0.5,0,0,90.070178918796373,90.07572997461763,17,408522932469.70013,1.3607049107261126e-16,1.7375574611967659e-17,5.6108984769432839e-14,4.6362316012494808e-13,1,1,0.58333333333333337,0.75
3,test,element,2,3,3,0.5,0,0,85.804245695471181,85.810072715096098,16,161785811688.77765,2.4945936613426398e-16,5.8882030995462429e-17,9.4922920000101749e-14,1.7588695192485456e-13,1,1,0.25,0.58333333333333337
3,test,element,3,4,3,0.5,0,1,89.815771569616359,89.821338348150533,17,8404950863.3340893,2.6144075058004748e-16,6.0153992319421453e-17,3.6726570122607126e-15,9.2112027191610122e-13,1,1,0.75,0.41666666666666669
3,test,element,4,6,3,0.5,1,0,180.81491580293675,180.81768103724423,12,934505505966.27466,3.3495007178190582e-16,6.232933065396832e-17,2.4401754405848944e-15,3.4761104730147941e-11,1,1,0.25,0.91666666666666663
3,test,element,5,7,3,0.5,1,0,55.205734493505481,55.214790780635646,11,49221630660.950134,2.4865502814799667e-16,5.700490412127007e-17,1.1973996599476192e-14,5.9218958088279886e-12,1,1,0.083333333333333329,0.25
3,test,element,6,9,3,0.5,1,0,184.56633205393817,184.56904108660839,13,776225983860.94885,1.335421352239695e-16,5.5676738441183655e-17,3.7433580042010633e-14,6.2943745826020558e-12,1,1,0.25,0.083333333333333329
3,test,element,7,10,3,0.5,1,1,99.119371416663881,99.124415711807302,12,289961631026.55988,2.7052406048437407e-16,6.0398370817198505e-17,1.2400940086211569e-14,1.7568702027010191e-11,1,1,0.75,0.91666666666666663
3,test,element,8,11,3,0.5,1,0,55.700154557428846,55.709130470150029,11,56710908059.153183,1.6661136368522726e-16,1.104890042479084e-16,5.2229165088645897e-14,6.0373486459033246e-12,1,1,0.083333333333333329,0.75
3,test,element,9,13,3,0.5,0,1,84.382864295266202,84.388789463298238,17,34087337712.565434,3.794531232768692e-16,1.2860700219847989e-17,2.2995671054098888e-14,5.7230291203809366e-11,1,1,0.58333333333333337,0.25
3,test,element,10,14,3,0.5,0,0,97.870131308183048,97.875239986706021,17,319303445395.96924,1.7701593188233881e-16,5.7402515823096368e-17,1.7962027113530919e-13,1.8195471633548949e-11,1,1,0.41666666666666669,0.75
3,test,element,11,15,3,0.5,0,0,88.049281863006684,88.054960318409258,16,312223082250.16132,3.8194919662384643e-16,5.7220488644705022e-17,3.1277047386195624e-14,1.1018201613986188e-11,1,1,0.25,0.41666666666666669
3,test,element,12,16,3,0.5,0,1,76.514458945402737,76.52099337893803,16,3123366080.5669575,1.5834280222466739e-16,3.2795795435709606e-17,3.3387688548274728e-15,1.4077027363652466e-12,1,1,0.75,0.58333333333333337
3,test,element,13,18,4,0.35355339059327379,1,1,133.27763631353238,133.27951208528381,16,481771813719.24194,1.1277181142682512e-16,5.595767460594507e-17,2.2860071127443798e-13,2.0778967020200338e-11,1,1,0.91666666666666663,0.33333333333333331
3,test,element,14,19,4,0.35355339059327379,1,1,83.593229486317355,83.59622010484992,15,228034121009.28647,1.4759247490881204e-16,1.3456055498513892e-17,1.2971881100723689e-13,1.9118144140027314e-11,1,1,0.66666666666666663,0.083333333333333329
3,test,element,15,20,5,0.25,0,1,48.832992918956549,48.835552606010616,14,143870979022.58774,1.032162498331119e-16,1.0159075731667121e-17,3.0054139006844203e-14,3.8222375515350154e-10,1,1,0.875,0.20833333333333334
3,test,element,16,21,5,0.25,1,0,43.989167794587857,43.992009311797673,11,269613783595.06265,3.2135391728576127e-16,7.5907198725024934e-18,2.8114851808781272e-14,1.4926701086961342e-11,1,1,0.95833333333333337,0.125
3,test,element,17,22,5,0.25,1,0,37.03122234321188,37.034597723845735,11,393143786589.25787,1.7874741950234169e-16,4.1553063718147548e-18,3.6930009644841326e-13,2.4401747405151038e-10,1,1,0.875,0.041666666666666664
3,test,element,18,23,5,0.25,0,1,47.101012824441774,47.103666619884663,14,185597991134.53479,1.0415858862072269e-16,1.6761201220752888e-18,1.2036988029035273e-13,2.298213211818397e-11,1,1,0.79166666666666663,0.125
3,test,element,19,24,4,0.35355339059327379,1,1,132.53679395246962,132.53868020847472,13,367838590973.98969,2.0793453880336928e-16,7.9062730833803684e-18,6.281925148681709e-14,1.1666424136637887e-11,1,1,0.91666666666666663,0.66666666666666663
3,test,element,20,25,4,0.35355339059327379,1,1,35.722429968096328,35.729427687104298,10,6244638081.691987,2.845748999462879e-16,4.2627327673029732e-18,2.7542590074649061e-14,1.7600464125421915e-11,1,1,0.91666666666666663,0.83333333333333337
3,test,patch1,0,1,3,0.5,0,0,2.8853591000971317,2.921451163277164,17,631342.8881716578,5.1069684350006675e-16,3.8760940114591054e-17,1.761268293857196e-15,0,11,2.2360679774997898,0.41666666666666669,0.25
3,test,patch1,1,2,3,0.5,0,0,2.6656672257114735,2.6983535414082684,17,14737542.993283873,1.3607049107261126e-16,4.0471527259700066e-17,1.6756025956016088e-15,0,12,2.2360679774997898,0.58333333333333337,0.75
3,test,patch1,2,3,3,0.5,0,0,2.811641990883524,2.8466732306402709,17,15476713.528286923,2.4945936613426398e-16,5.050600542108208e-17,2.0408895398431634e-15,0,11,2.2360679774997898,0.25,0.58333333333333337
3,test,patch1,3,4,3,0.5,0,1,2.9347836898906565,2.9715365273875962,17,17250.149522844567,2.6144075058004748e-16,3.1432144075082352e-17,9.8495838308155776e-16,0,13,2.0615528128088303,0.75,0.41666666666666669
3,test,patch1,4,6,3,0.5,1,0,4.4133912829495747,4.4526200216915335,17,7942086782.9434948,3.3495007178190582e-16,9.7047844755828784e-18,7.0198038715589961e-16,0,6,2.2360679774997898,0.25,0.91666666666666663
3,test,patch1,5,7,3,0.5,1,0,4.4394440209326627,4.4788574453436896,17,1295063212.8090017,2.4865502814799667e-16,4.6494961553044114e-17,5.0683100075800916e-16,0,6,2.2360679774997898,0.083333333333333329,0.25
3,test,patch1,6,9,3,0.5,1,0,3.414805369374232,3.463169672541984,17,96578836.15723303,1.335421352239695e-16,5.1608266806346224e-17,1.2066734916141067e-15,0,6,1.8027756377319946,0.25,0.083333333333333329
3,test,patch1,7,10,3,0.5,1,1,3.6269775237208295,3.6700356368079938,17,730441626.13511729,2.7052406048437407e-16,3.731358325584689e-17,5.0777107460785633e-16,0,7,2.2360679774997898,0.75,0.91666666666666663
3,test,patch1,8,11,3,0.5,1,0,4.308326077272282,4.3529388867712591,17,2887859917.4443965,1.6661136368522726e-16,7.3825333697545654e-17,6.2499807654184831e-16,0,6,2.2360679774997898,0.083333333333333329,0.75
3,test,patch1,9,13,3,0.5,0,1,2.8511851699509028,2.8864666730627242,17,17433.586154954315,3.794531232768692e-16,5.2398236781620016e-17,1.3031427668280071e-15,0,13,2.2360679774997898,0.58333333333333337,0.25
3,test,patch1,10,14,3,0.5,0,0,2.8046718546159348,2.839675076611182,17,15253916.300949236,1.7701593188233881e-16,5.5866933772923071e-17,1.9279911773695963e-15,0,11,2.2360679774997898,0.41666666666666669,0.75
3,test,patch1,11,15,3,0.5,0,0,2.8137421466689334,2.8486311672581679,17,14925880.20176518,3.8194919662384643e-16,3.9949948486689037e-17,2.0489315867180835e-15,0,11,2.2360679774997898,0.25,0.41666666666666669
3,test,patch1,12,16,3,0.5,0,1,2.8280017136895981,2.8637763512468104,17,627257.74670013983,1.5834280222466739e-16,5.0483272789591885e-17,1.4272544021484829e-15,0,12,2.2360679774997898,0.75,0.58333333333333337
3,test,patch1,13,18,4,0.35355339059327379,1,1,3.2466951456605866,3.2717064693073006,17,16028529.48450578,1.1277181142682512e-16,8.7322028522687745e-17,1.130892883085774e-15,0,9,2.5495097567963922,0.91666666666666663,0.33333333333333331
3,test,patch1,14,19,4,0.35355339059327379,1,1,3.1986622321114866,3.2244484303980374,17,15951454.289664365,1.4759247490881204e-16,5.1542362434047002e-17,7.4336303315539024e-16,0,9,3.1622776601683791,0.66666666666666663,0.083333333333333329
3,test,patch1,15,20,5,0.25,0,1,2.8338587175652541,2.8429610631273934,17,314442709.22954202,1.032162498331119e-16,5.0757997003279582e-17,1.5680877188419573e-15,0,8,2.8284271247461903,0.875,0.20833333333333334
3,test,patch1,16,21,5,0.25,1,0,8.7243833540198779,8.7310472057591184,17,48429510987.564148,3.2135391728576127e-16,3.7117026127329983e-17,2.192939869579596e-15,0,5,2.2360679774997898,0.95833333333333337,0.125
3,test,patch1,17,22,5,0.25,1,0,11.140673991500449,11.146218125455492,17,46664357444.412239,1.7874741950234169e-16,2.7034461361289088e-17,9.7127060306413399e-15,0,5,2.2360679774997898,0.875,0.041666666666666664
3,test,patch1,18,23,5,0.25,0,1,2.8441622993321096,2.8532251845920373,17,314442709.22954202,1.0415858862072269e-16,5.0757997003279582e-17,7.3892617946150368e-16,0,8,2.8284271247461903,0.79166666666666663,0.125
3,test,patch1,19,24,4,0.35355339059327379,1,1,3.4127757761119257,3.4389918055281581,17,29990685.737674259,2.0793453880336928e-16,3.6308336322983404e-17,2.1460191107400642e-15,0,7,2.5495097567963922,0.91666666666666663,0.66666666666666663
3,test,patch1,20,25,4,0.35355339059327379,1,1,4.4779627930314048,4.5076783712848902,17,5069930236.3845835,2.845748999462879e-16,4.705620931452085e-17,1.3120705705225416e-15,0,5,2,0.91666666666666663,0.83333333333333337
3,test,patch3,0,1,3,0.5,0,0,2.7615718526722657,2.7965059486261814,17,26.243333640872454,5.1069684350006675e-16,5.4463440456588943e-17,8.2020277841357951e-16,0,21,2.8284271247461903,0.41666666666666669,0.25
3,test,patch3,1,2,3,0.5,0,0,2.626073847562016,2.6586611447724668,17,26.243333640872454,1.3607049107261126e-16,5.4463440456588943e-17,4.9180233514678256e-16,0,21,2.8284271247461903,0.58333333333333337,0.75
3,test,patch3,2,3,3,0.5,0,0,2.6927885235558033,2.7264090552123434,17,26.243333640872454,2.4945936613426398e-16,5.4463440456588943e-17,1.6888766206333807e-15,0,21,2.8284271247461903,0.25,0.58333333333333337
3,test,patch3,3,4,3,0.5,0,1,2.8160508336552268,2.8515668359347419,17,26.243333640872454,2.6144075058004748e-16,5.4463440456588943e-17,7.978934870469271e-16,0,21,2.8284271247461903,0.75,0.41666666666666669
3,test,patch3,4,6,3,0.5,1,0,3.1810834880581735,3.2328571421631467,17,18426.839019793912,3.3495007178190582e-16,5.5087476562295245e-17,5.6523135034432947e-16,0,19,2.8284271247461903,0.25,0.91666666666666663
3,test,patch3,5,7,3,0.5,1,0,3.184165499092793,3.2356775917989298,17,47.953444818653054,2.4865502814799667e-16,5.499779614359869e-17,4.5655319597456321e-16,0,20,2.8284271247461903,0.083333333333333329,0.25
3,test,patch3,6,9,3,0.5,1,0,3.1859164927428303,3.2370071318797389,17,26.243333640872454,1.335421352239695e-16,5.4463440456588943e-17,6.8589194910999582e-16,0,21,2.8284271247461903,0.25,0.083333333333333329
3,test,patch3,7,10,3,0.5,1,1,3.2753330638523783,3.3362862445989361,17,47.968244058605684,2.7052406048437407e-16,5.4727648854342973e-17,7.6285607873195535e-16,0,20,2.8284271247461903,0.75,0.91666666666666663
3,test,patch3,8,11,3,0.5,1,0,3.1810727233373881,3.232856695460038,17,18426.839019793912,1.6661136368522726e-16,5.5087476562295245e-17,9.3035921706880857e-16,0,19,2.8284271247461903,0.083333333333333329,0.75
3,test,patch3,9,13,3,0.5,0,1,2.7437509357424017,2.7780614252355531,17,26.243333640872454,3.794531232768692e-16,5.4463440456588943e-17,1.2574441527679591e-15,0,21,2.8284271247461903,0.58333333333333337,0.25
3,test,patch3,10,14,3,0.5,0,0,2.6947190925638416,2.7283360848245133,17,26.243333640872454,1.7701593188233881e-16,5.4463440456588943e-17,1.3675329776160444e-15,0,21,2.8284271247461903,0.41666666666666669,0.75
3,test,patch3,11,15,3,0.5,0,0,2.7021965722866899,2.7361524534544426,17,26.243333640872454,3.8194919662384643e-16,5.4463440456588943e-17,1.506664126685533e-15,0,21,2.8284271247461903,0.25,0.41666666666666669
3,test,patch3,12,16,3,0.5,0,1,2.7220031357809678,2.7566973776937722,17,26.243333640872454,1.5834280222466739e-16,5.4463440456588943e-17,1.842068084907446e-15,0,21,2.8284271247461903,0.75,0.58333333333333337
3,test,patch3,13,18,4,0.35355339059327379,1,1,3.1124770813734908,3.1387713951917413,17,26.243333640872454,1.1277181142682512e-16,5.4463440456588943e-17,2.5018180587056319e-15,0,21,4,0.91666666666666663,0.33333333333333331
3,test,patch3,14,19,4,0.35355339059327379,1,1,3.0555781401738105,3.0829414835230526,17,26.243333640872454,1.4759247490881204e-16,5.4463440456588943e-17,5.1409495960309068e-16,0,21,4,0.66666666666666663,0.083333333333333329
3,test,patch3,15,20,5,0.25,0,1,2.6800173360267041,2.6890491590653989,17,26.243333640872454,1.032162498331119e-16,5.4463440456588943e-17,1.891419399574167e-15,0,21,5.6568542494923806,0.875,0.20833333333333334
3,test,patch3,16,21,5,0.25,1,0,3.1808122887801793,3.1934962317353199,17,3061.8147550778867,3.2135391728576127e-16,5.7141048509088694e-17,9.4797625097408481e-16,0,18,5.6568542494923806,0.95833333333333337,0.125
3,test,patch3,17,22,5,0.25,1,0,3.1806885487993188,3.1933845447803648,17,5279.1763874178396,1.7874741950234169e-16,4.6290437942171197e-17,6.3681492440980956e-16,0,17,5,0.875,0.041666666666666664
3,test,patch3,18,23,5,0.25,0,1,2.6736905765743044,2.6827256647918238,17,26.243333640872454,1.0415858862072269e-16,5.4463440456588943e-17,7.2068931247936607e-16,0,21,5.6568542494923806,0.79166666666666663,0.125
3,test,patch3,19,24,4,0.35355339059327379,1,1,3.2496272105941886,3.2778079356287044,17,26.243333640872454,2.0793453880336928e-16,5.4463440456588943e-17,1.1172590481699907e-15,0,21,4,0.91666666666666663,0.66666666666666663
3,test,patch3,20,25,4,0.35355339059327379,1,1,3.5413941359727268,3.5643766444617517,17,47.968244058605684,2.845748999462879e-16,5.4727648854342973e-17,1.2550486914564962e-15,0,20,4,0.91666666666666663,0.83333333333333337
