iteration,basis,denominator,element,id,level,H,boundary,transition,Q_gradient,Q_energy,mass_rank,mass_condition,stiffness_hermitian_defect,mass_hermitian_defect,eigen_residual,energy_identity_error,patch_elements,patch_diameter_over_H,x,y
0,coarse,element,0,1,3,0.5,0,0,8.485281374238566,8.544003745317525,3,3.999999999999996,0,0,4.2414822972606285e-16,3.8933848534800047e-16,1,1,0.41666666666666669,0.25
0,coarse,element,1,2,3,0.5,0,0,8.485281374238566,8.544003745317525,3,3.999999999999996,0,0,4.2414822972606285e-16,3.8933848534800047e-16,1,1,0.58333333333333337,0.75
0,coarse,element,2,3,3,0.5,0,0,8.485281374238566,8.544003745317525,3,3.999999999999996,0,0,4.2414822972606285e-16,3.8933848534800047e-16,1,1,0.25,0.58333333333333337
0,coarse,element,3,4,3,0.5,0,0,8.485281374238566,8.544003745317525,3,3.999999999999996,0,0,4.2414822972606285e-16,3.8933848534800047e-16,1,1,0.75,0.41666666666666669
0,coarse,element,4,5,3,0.5,1,0,8.485281374238566,8.544003745317525,3,3.999999999999996,0,0,4.2414822972606285e-16,3.8933848534800047e-16,1,1,0.75,0.083333333333333329
0,coarse,element,5,6,3,0.5,1,0,8.485281374238566,8.544003745317525,3,3.999999999999996,0,0,4.2414822972606285e-16,3.8933848534800047e-16,1,1,0.25,0.91666666666666663
0,coarse,element,6,7,3,0.5,1,0,8.485281374238566,8.544003745317525,3,3.999999999999996,0,0,4.2414822972606285e-16,3.8933848534800047e-16,1,1,0.083333333333333329,0.25
0,coarse,element,7,8,3,0.5,1,0,8.485281374238566,8.544003745317525,3,3.999999999999996,0,0,4.2414822972606285e-16,3.8933848534800047e-16,1,1,0.91666666666666663,0.75
0,coarse,element,8,9,3,0.5,1,0,8.4852813742385642,8.544003745317525,3,3.999999999999996,0,0,7.3477849641193143e-17,0,1,1,0.25,0.083333333333333329
0,coarse,element,9,10,3,0.5,1,0,8.4852813742385642,8.544003745317525,3,3.999999999999996,0,0,7.3477849641193143e-17,0,1,1,0.75,0.91666666666666663
0,coarse,element,10,11,3,0.5,1,0,8.4852813742385642,8.544003745317525,3,3.999999999999996,0,0,7.3477849641193143e-17,0,1,1,0.083333333333333329,0.75
0,coarse,element,11,12,3,0.5,1,0,8.4852813742385642,8.544003745317525,3,3.999999999999996,0,0,7.3477849641193143e-17,0,1,1,0.91666666666666663,0.25
0,coarse,element,12,13,3,0.5,0,0,8.4852813742385642,8.544003745317525,3,3.999999999999996,0,0,7.3477849641193143e-17,0,1,1,0.58333333333333337,0.25
0,coarse,element,13,14,3,0.5,0,0,8.4852813742385642,8.544003745317525,3,3.999999999999996,0,0,7.3477849641193143e-17,0,1,1,0.41666666666666669,0.75
0,coarse,element,14,15,3,0.5,0,0,8.4852813742385642,8.544003745317525,3,3.999999999999996,0,0,7.3477849641193143e-17,0,1,1,0.25,0.41666666666666669
0,coarse,element,15,16,3,0.5,0,0,8.4852813742385642,8.544003745317525,3,3.999999999999996,0,0,7.3477849641193143e-17,0,1,1,0.75,0.58333333333333337
0,coarse,patch1,0,1,3,0.5,0,0,3.6044828737838022,3.6308551802158981,11,11.541410268361536,0,3.1902023863311288e-17,3.8434489894536175e-16,0,11,2.2360679774997898,0.41666666666666669,0.25
0,coarse,patch1,1,2,3,0.5,0,0,3.6044828737838008,3.6308551802158977,11,11.541410268361563,0,3.1902023863311281e-17,3.6430084826629206e-16,0,11,2.2360679774997898,0.58333333333333337,0.75
0,coarse,patch1,2,3,3,0.5,0,0,3.6044828737838013,3.630855180215899,11,11.541410268361533,0,3.1902023863311281e-17,1.0813218122083256e-15,0,11,2.2360679774997898,0.25,0.58333333333333337
0,coarse,patch1,3,4,3,0.5,0,0,3.6044828737838017,3.630855180215899,11,11.541410268361561,0,3.1902023863311288e-17,9.365578271627931e-16,0,11,2.2360679774997898,0.75,0.41666666666666669
0,coarse,patch1,4,5,3,0.5,1,0,4.2811750887122884,4.3161062710517619,7,8.373638996177629,0,0,4.1089004785077691e-16,0,6,2.2360679774997898,0.75,0.083333333333333329
0,coarse,patch1,5,6,3,0.5,1,0,4.2811750887122875,4.3161062710517593,7,8.3736389961776183,0,0,1.802389067865696e-16,0,6,2.2360679774997898,0.25,0.91666666666666663
0,coarse,patch1,6,7,3,0.5,1,0,4.2811750887122866,4.3161062710517584,7,8.3736389961775952,0,0,3.9350691450210617e-16,0,6,2.2360679774997898,0.083333333333333329,0.25
0,coarse,patch1,7,8,3,0.5,1,0,4.2811750887122884,4.3161062710517619,7,8.373638996177629,0,0,4.1089004785077691e-16,0,6,2.2360679774997898,0.91666666666666663,0.75
0,coarse,patch1,8,9,3,0.5,1,0,4.2811750887122875,4.3161062710517575,7,8.3736389961776077,0,0,7.1480348351286532e-16,0,6,2.2360679774997898,0.25,0.083333333333333329
0,coarse,patch1,9,10,3,0.5,1,0,4.2811750887122875,4.3161062710517593,7,8.3736389961776094,0,0,2.68587689827755e-16,0,6,2.2360679774997898,0.75,0.91666666666666663
0,coarse,patch1,10,11,3,0.5,1,0,4.2811750887122892,4.316106271051761,7,8.3736389961776165,0,0,4.9043135335700943e-16,0,6,2.2360679774997898,0.083333333333333329,0.75
0,coarse,patch1,11,12,3,0.5,1,0,4.2811750887122875,4.3161062710517593,7,8.3736389961776094,0,0,2.68587689827755e-16,0,6,2.2360679774997898,0.91666666666666663,0.25
0,coarse,patch1,12,13,3,0.5,0,0,3.6044828737838026,3.6308551802158981,11,11.541410268361528,0,3.1902023863311288e-17,6.1880581613293625e-16,0,11,2.2360679774997898,0.58333333333333337,0.25
0,coarse,patch1,13,14,3,0.5,0,0,3.6044828737838013,3.6308551802158986,11,11.541410268361558,0,3.1902023863311281e-17,5.7892100643717634e-16,0,11,2.2360679774997898,0.41666666666666669,0.75
0,coarse,patch1,14,15,3,0.5,0,0,3.6044828737838022,3.6308551802158986,11,11.541410268361529,0,3.1902023863311288e-17,6.1254171797718519e-16,0,11,2.2360679774997898,0.25,0.41666666666666669
0,coarse,patch1,15,16,3,0.5,0,0,3.6044828737838017,3.630855180215899,11,11.541410268361551,0,3.1902023863311288e-17,1.0905298135603427e-15,0,11,2.2360679774997898,0.75,0.58333333333333337
0,trial,element,0,1,3,0.5,0,0,64.224017606829634,64.231802384154619,13,1376324055.7225809,3.7037237525855272e-16,8.5374152996913849e-18,1.6083583220611291e-15,1.0973083262172362e-11,1,1,0.41666666666666669,0.25
0,trial,element,1,2,3,0.5,0,0,64.224013617422372,64.23179839426416,13,1376323824.0673389,3.8219419493473121e-16,4.9036436199972008e-18,2.9949827103764258e-15,4.1073730307429825e-11,1,1,0.58333333333333337,0.75
0,trial,element,2,3,3,0.5,0,0,64.224019891548352,64.231804669150208,13,1376324184.7003155,3.0963536795529037e-16,1.1273824929584974e-16,2.989946523261817e-15,6.269891956947273e-12,1,1,0.25,0.58333333333333337
0,trial,element,3,4,3,0.5,0,0,64.224018818421811,64.231803595892856,13,1376324123.8676271,3.348224188090093e-16,5.7817652345363528e-17,1.8283802236992381e-15,1.853059333074346e-12,1,1,0.75,0.41666666666666669
0,trial,element,4,5,3,0.5,1,0,41.82728480054616,41.839237011609164,11,50871682130.30442,2.1162828893392766e-16,8.7540128548130327e-18,7.5248275681658125e-14,4.1355516857459277e-11,1,1,0.75,0.083333333333333329
0,trial,element,5,6,3,0.5,1,0,41.827285676131716,41.839237887470453,11,50871684883.605537,2.8404455888330373e-16,2.7535032175353687e-17,7.0805847998636741e-14,1.6218210721380491e-11,1,1,0.25,0.91666666666666663
0,trial,element,6,7,3,0.5,1,0,41.827281128247037,41.839233338079175,11,50871665790.357407,3.2196981034851413e-16,7.9171975442826245e-17,1.1040886039160108e-13,1.5034093149659806e-10,1,1,0.083333333333333329,0.25
0,trial,element,7,8,3,0.5,1,0,41.827285315042666,41.83923752632154,11,50871684074.645996,1.6444217808477768e-16,5.6897149876097161e-17,4.4832690769088086e-14,2.4010646911263171e-11,1,1,0.91666666666666663,0.75
0,trial,element,8,9,3,0.5,1,0,41.827286257052229,41.839238468599099,11,50871687699.416718,3.8103658082430852e-16,1.575020340595276e-17,6.4817857170170584e-14,1.6637492220429216e-12,1,1,0.25,0.083333333333333329
0,trial,element,9,10,3,0.5,1,0,41.827285159092689,41.839237370224708,11,50871683334.679153,1.7912043000451649e-16,7.608719240625162e-18,9.464409409887928e-14,3.3160294123437332e-11,1,1,0.75,0.91666666666666663
0,trial,element,10,11,3,0.5,1,0,41.827287005818647,41.839239217620744,11,50871691003.158585,1.0903431556842889e-16,6.1883583618498689e-17,7.3970187520959284e-14,2.4088968082901207e-11,1,1,0.083333333333333329,0.75
0,trial,element,11,12,3,0.5,1,0,41.827285240172174,41.839237451347067,11,50871683623.47155,1.0927266093426051e-16,5.4792887250437323e-17,2.6755439418001142e-14,3.0003599537284345e-11,1,1,0.91666666666666663,0.25
0,trial,element,12,13,3,0.5,0,0,64.224018103075764,64.231802880459668,13,1376324082.1719992,1.9823310946116294e-16,1.1280926193417101e-16,1.4240824653134263e-15,7.2658621197221356e-12,1,1,0.58333333333333337,0.25
0,trial,element,13,14,3,0.5,0,0,64.224019259273348,64.23180403679649,13,1376324146.9639573,8.8848678009419042e-17,1.0558087436499484e-17,1.9967198513014409e-15,1.4331118913817292e-12,1,1,0.41666666666666669,0.75
0,trial,element,14,15,3,0.5,0,0,64.224019734577254,64.231804512158178,13,1376324162.4696925,1.7667074109898218e-16,4.2152704181221945e-18,2.1191644380679979e-15,5.025921785570965e-12,1,1,0.25,0.41666666666666669
0,trial,element,15,16,3,0.5,0,0,64.224019546495086,64.231804324055105,13,1376324164.5257878,1.9708542039315521e-16,5.7883235267701317e-17,1.1922935065872278e-15,3.6651158426387162e-12,1,1,0.75,0.58333333333333337
0,trial,patch1,0,1,3,0.5,0,0,2.7871341947107271,2.8216150640900186,13,4046.9663323961818,3.7037237525855272e-16,3.486627844902872e-17,8.0640913191000785e-16,0,11,2.2360679774997898,0.41666666666666669,0.25
0,trial,patch1,1,2,3,0.5,0,0,2.7871341947107275,2.8216150640900199,13,4046.96633239934,3.8219419493473121e-16,4.6270294998562332e-17,1.6255303844927089e-15,0,11,2.2360679774997898,0.58333333333333337,0.75
0,trial,patch1,2,3,3,0.5,0,0,2.7871341947107382,2.8216150640900302,13,4046.9663323976888,3.0963536795529037e-16,3.6059494447895948e-17,1.272903496667579e-15,0,11,2.2360679774997898,0.25,0.58333333333333337
0,trial,patch1,3,4,3,0.5,0,0,2.7871341947107413,2.8216150640900324,13,4046.9663323976856,3.348224188090093e-16,3.0936101363129393e-17,7.8018803421408778e-16,0,11,2.2360679774997898,0.75,0.41666666666666669
0,trial,patch1,4,5,3,0.5,1,0,3.4017874377957784,3.4512364551118391,13,13543633.623104332,2.1162828893392766e-16,3.1549480695022952e-17,7.6141322204153139e-16,0,6,2.2360679774997898,0.75,0.083333333333333329
0,trial,patch1,5,6,3,0.5,1,0,3.4017874377958464,3.4512364551119186,13,13543633.625962308,2.8404455888330373e-16,6.827210694672035e-17,9.1354321921821386e-16,0,6,2.2360679774997898,0.25,0.91666666666666663
0,trial,patch1,6,7,3,0.5,1,0,3.4017874377954471,3.4512364551115047,13,13543633.61884943,3.2196981034851413e-16,5.0257750261325799e-17,1.4616716569711351e-15,0,6,2.2360679774997898,0.083333333333333329,0.25
0,trial,patch1,7,8,3,0.5,1,0,3.4017874377964827,3.4512364551125811,13,13543633.634237291,1.6444217808477768e-16,3.1500692457934158e-17,8.5149170164795069e-16,0,6,2.2360679774997898,0.91666666666666663,0.75
0,trial,patch1,8,9,3,0.5,1,0,3.4017874377964255,3.4512364551125119,13,13543633.63274678,3.8103658082430852e-16,2.9391645619473883e-17,1.0181669784190138e-15,0,6,2.2360679774997898,0.25,0.083333333333333329
0,trial,patch1,9,10,3,0.5,1,0,3.4017874377964699,3.4512364551125665,13,13543633.634369353,1.7912043000451649e-16,5.7284570131150622e-17,4.1154373317244209e-16,0,6,2.2360679774997898,0.75,0.91666666666666663
0,trial,patch1,10,11,3,0.5,1,0,3.4017874377977031,3.4512364551138393,13,13543633.649908543,1.0903431556842889e-16,5.9055688196304649e-17,7.1313325746343523e-16,0,6,2.2360679774997898,0.083333333333333329,0.75
0,trial,patch1,11,12,3,0.5,1,0,3.4017874377963793,3.4512364551124701,13,13543633.632087588,1.0927266093426051e-16,5.0305347551842081e-17,1.1786240726020578e-15,0,6,2.2360679774997898,0.91666666666666663,0.25
0,trial,patch1,12,13,3,0.5,0,0,2.7871341947107666,2.821615064090059,13,4046.966332400696,1.9823310946116294e-16,4.5428596861182521e-17,1.3134669971016088e-15,0,11,2.2360679774997898,0.58333333333333337,0.25
0,trial,patch1,13,14,3,0.5,0,0,2.7871341947107395,2.821615064090031,13,4046.9663323985305,8.8848678009419042e-17,3.4987679771362923e-17,1.3926958748693192e-15,0,11,2.2360679774997898,0.41666666666666669,0.75
0,trial,patch1,14,15,3,0.5,0,0,2.7871341947107311,2.8216150640900226,13,4046.9663323976497,1.7667074109898218e-16,3.4014278439360945e-17,9.1839348791593074e-16,0,11,2.2360679774997898,0.25,0.41666666666666669
0,trial,patch1,15,16,3,0.5,0,0,2.7871341947107351,2.8216150640900266,13,4046.9663323978607,1.9708542039315521e-16,4.9876741090191304e-17,1.2545408343245774e-15,0,11,2.2360679774997898,0.75,0.58333333333333337
0,test,element,0,1,3,0.5,0,0,64.224017606829634,64.231802384154619,13,1376324055.7225809,3.7037237525855272e-16,8.5374152996913849e-18,1.6083583220611291e-15,1.0973083262172362e-11,1,1,0.41666666666666669,0.25
0,test,element,1,2,3,0.5,0,0,64.224013617422372,64.23179839426416,13,1376323824.0673389,3.8219419493473121e-16,4.9036436199972008e-18,2.9949827103764258e-15,4.1073730307429825e-11,1,1,0.58333333333333337,0.75
0,test,element,2,3,3,0.5,0,0,64.224019891548352,64.231804669150208,13,1376324184.7003155,3.0963536795529037e-16,1.1273824929584974e-16,2.989946523261817e-15,6.269891956947273e-12,1,1,0.25,0.58333333333333337
0,test,element,3,4,3,0.5,0,0,64.224018818421811,64.231803595892856,13,1376324123.8676271,3.348224188090093e-16,5.7817652345363528e-17,1.8283802236992381e-15,1.853059333074346e-12,1,1,0.75,0.41666666666666669
0,test,element,4,5,3,0.5,1,0,41.82728480054616,41.839237011609164,11,50871682130.30442,2.1162828893392766e-16,8.7540128548130327e-18,7.5248275681658125e-14,4.1355516857459277e-11,1,1,0.75,0.083333333333333329
0,test,element,5,6,3,0.5,1,0,41.827285676131716,41.839237887470453,11,50871684883.605537,2.8404455888330373e-16,2.7535032175353687e-17,7.0805847998636741e-14,1.6218210721380491e-11,1,1,0.25,0.91666666666666663
0,test,element,6,7,3,0.5,1,0,41.827281128247037,41.839233338079175,11,50871665790.357407,3.2196981034851413e-16,7.9171975442826245e-17,1.1040886039160108e-13,1.5034093149659806e-10,1,1,0.083333333333333329,0.25
0,test,element,7,8,3,0.5,1,0,41.827285315042666,41.83923752632154,11,50871684074.645996,1.6444217808477768e-16,5.6897149876097161e-17,4.4832690769088086e-14,2.4010646911263171e-11,1,1,0.91666666666666663,0.75
0,test,element,8,9,3,0.5,1,0,41.827286257052229,41.839238468599099,11,50871687699.416718,3.8103658082430852e-16,1.575020340595276e-17,6.4817857170170584e-14,1.6637492220429216e-12,1,1,0.25,0.083333333333333329
0,test,element,9,10,3,0.5,1,0,41.827285159092689,41.839237370224708,11,50871683334.679153,1.7912043000451649e-16,7.608719240625162e-18,9.464409409887928e-14,3.3160294123437332e-11,1,1,0.75,0.91666666666666663
0,test,element,10,11,3,0.5,1,0,41.827287005818647,41.839239217620744,11,50871691003.158585,1.0903431556842889e-16,6.1883583618498689e-17,7.3970187520959284e-14,2.4088968082901207e-11,1,1,0.083333333333333329,0.75
0,test,element,11,12,3,0.5,1,0,41.827285240172174,41.839237451347067,11,50871683623.47155,1.0927266093426051e-16,5.4792887250437323e-17,2.6755439418001142e-14,3.0003599537284345e-11,1,1,0.91666666666666663,0.25
0,test,element,12,13,3,0.5,0,0,64.224018103075764,64.231802880459668,13,1376324082.1719992,1.9823310946116294e-16,1.1280926193417101e-16,1.4240824653134263e-15,7.2658621197221356e-12,1,1,0.58333333333333337,0.25
0,test,element,13,14,3,0.5,0,0,64.224019259273348,64.23180403679649,13,1376324146.9639573,8.8848678009419042e-17,1.0558087436499484e-17,1.9967198513014409e-15,1.4331118913817292e-12,1,1,0.41666666666666669,0.75
0,test,element,14,15,3,0.5,0,0,64.224019734577254,64.231804512158178,13,1376324162.4696925,1.7667074109898218e-16,4.2152704181221945e-18,2.1191644380679979e-15,5.025921785570965e-12,1,1,0.25,0.41666666666666669
0,test,element,15,16,3,0.5,0,0,64.224019546495086,64.231804324055105,13,1376324164.5257878,1.9708542039315521e-16,5.7883235267701317e-17,1.1922935065872278e-15,3.6651158426387162e-12,1,1,0.75,0.58333333333333337
0,test,patch1,0,1,3,0.5,0,0,2.7871341947107271,2.8216150640900186,13,4046.9663323961818,3.7037237525855272e-16,3.486627844902872e-17,8.0640913191000785e-16,0,11,2.2360679774997898,0.41666666666666669,0.25
0,test,patch1,1,2,3,0.5,0,0,2.7871341947107275,2.8216150640900199,13,4046.96633239934,3.8219419493473121e-16,4.6270294998562332e-17,1.6255303844927089e-15,0,11,2.2360679774997898,0.58333333333333337,0.75
0,test,patch1,2,3,3,0.5,0,0,2.7871341947107382,2.8216150640900302,13,4046.9663323976888,3.0963536795529037e-16,3.6059494447895948e-17,1.272903496667579e-15,0,11,2.2360679774997898,0.25,0.58333333333333337
0,test,patch1,3,4,3,0.5,0,0,2.7871341947107413,2.8216150640900324,13,4046.9663323976856,3.348224188090093e-16,3.0936101363129393e-17,7.8018803421408778e-16,0,11,2.2360679774997898,0.75,0.41666666666666669
0,test,patch1,4,5,3,0.5,1,0,3.4017874377957784,3.4512364551118391,13,13543633.623104332,2.1162828893392766e-16,3.1549480695022952e-17,7.6141322204153139e-16,0,6,2.2360679774997898,0.75,0.083333333333333329
0,test,patch1,5,6,3,0.5,1,0,3.4017874377958464,3.4512364551119186,13,13543633.625962308,2.8404455888330373e-16,6.827210694672035e-17,9.1354321921821386e-16,0,6,2.2360679774997898,0.25,0.91666666666666663
0,test,patch1,6,7,3,0.5,1,0,3.4017874377954471,3.4512364551115047,13,13543633.61884943,3.2196981034851413e-16,5.0257750261325799e-17,1.4616716569711351e-15,0,6,2.2360679774997898,0.083333333333333329,0.25
0,test,patch1,7,8,3,0.5,1,0,3.4017874377964827,3.4512364551125811,13,13543633.634237291,1.6444217808477768e-16,3.1500692457934158e-17,8.5149170164795069e-16,0,6,2.2360679774997898,0.91666666666666663,0.75
0,test,patch1,8,9,3,0.5,1,0,3.4017874377964255,3.4512364551125119,13,13543633.63274678,3.8103658082430852e-16,2.9391645619473883e-17,1.0181669784190138e-15,0,6,2.2360679774997898,0.25,0.083333333333333329
0,test,patch1,9,10,3,0.5,1,0,3.4017874377964699,3.4512364551125665,13,13543633.634369353,1.7912043000451649e-16,5.7284570131150622e-17,4.1154373317244209e-16,0,6,2.2360679774997898,0.75,0.91666666666666663
0,test,patch1,10,11,3,0.5,1,0,3.4017874377977031,3.4512364551138393,13,13543633.649908543,1.0903431556842889e-16,5.9055688196304649e-17,7.1313325746343523e-16,0,6,2.2360679774997898,0.083333333333333329,0.75
0,test,patch1,11,12,3,0.5,1,0,3.4017874377963793,3.4512364551124701,13,13543633.632087588,1.0927266093426051e-16,5.0305347551842081e-17,1.1786240726020578e-15,0,6,2.2360679774997898,0.91666666666666663,0.25
0,test,patch1,12,13,3,0.5,0,0,2.7871341947107666,2.821615064090059,13,4046.966332400696,1.9823310946116294e-16,4.5428596861182521e-17,1.3134669971016088e-15,0,11,2.2360679774997898,0.58333333333333337,0.25
0,test,patch1,13,14,3,0.5,0,0,2.7871341947107395,2.821615064090031,13,4046.9663323985305,8.8848678009419042e-17,3.4987679771362923e-17,1.3926958748693192e-15,0,11,2.2360679774997898,0.41666666666666669,0.75
0,test,patch1,14,15,3,0.5,0,0,2.7871341947107311,2.8216150640900226,13,4046.9663323976497,1.7667074109898218e-16,3.4014278439360945e-17,9.1839348791593074e-16,0,11,2.2360679774997898,0.25,0.41666666666666669
0,test,patch1,15,16,3,0.5,0,0,2.7871341947107351,2.8216150640900266,13,4046.9663323978607,1.9708542039315521e-16,4.9876741090191304e-17,1.2545408343245774e-15,0,11,2.2360679774997898,0.75,0.58333333333333337
1,coarse,element,0,1,3,0.5,0,1,8.4852813742385642,8.544003745317525,3,3.9999999999999996,0,0,2.9687347692919425e-16,0,1,1,0.41666666666666669,0.25
1,coarse,element,1,2,3,0.5,0,0,8.4852813742385624,8.5440037453175233,3,4.0000000000000027,0,0,2.064740224359067e-16,0,1,1,0.58333333333333337,0.75
1,coarse,element,2,4,3,0.5,0,0,8.4852813742385553,8.5440037453175162,3,4.0000000000000009,0,0,1.8436636219800952e-16,0,1,1,0.75,0.41666666666666669
1,coarse,element,3,5,3,0.5,1,0,8.485281374238566,8.544003745317525,3,3.999999999999996,0,0,4.2414822972606285e-16,3.8933848534800047e-16,1,1,0.75,0.083333333333333329
1,coarse,element,4,6,3,0.5,1,0,8.4852813742385766,8.5440037453175375,3,4.0000000000000071,0,5.5511151231257839e-17,1.1645185369284679e-16,0,1,1,0.25,0.91666666666666663
1,coarse,element,5,7,3,0.5,1,1,8.4852813742385624,8.5440037453175233,3,3.999999999999996,0,5.5511151231257802e-17,2.6637378774710105e-16,0,1,1,0.083333333333333329,0.25
1,coarse,element,6,8,3,0.5,1,0,8.485281374238566,8.544003745317525,3,3.999999999999996,0,0,4.2414822972606285e-16,3.8933848534800047e-16,1,1,0.91666666666666663,0.75
1,coarse,element,7,9,3,0.5,1,0,8.4852813742385766,8.5440037453175393,3,4.0000000000000071,0,5.5511151231257839e-17,3.416824233655174e-16,3.8933848534799934e-16,1,1,0.25,0.083333333333333329
1,coarse,element,8,10,3,0.5,1,0,8.4852813742385642,8.544003745317525,3,3.999999999999996,0,0,7.3477849641193143e-17,0,1,1,0.75,0.91666666666666663
1,coarse,element,9,11,3,0.5,1,1,8.4852813742385642,8.5440037453175268,3,3.999999999999996,0,0,1.4591220689383054e-16,3.8933848534800047e-16,1,1,0.083333333333333329,0.75
1,coarse,element,10,12,3,0.5,1,0,8.4852813742385642,8.544003745317525,3,3.999999999999996,0,0,7.3477849641193143e-17,0,1,1,0.91666666666666663,0.25
1,coarse,element,11,13,3,0.5,0,0,8.4852813742385642,8.5440037453175233,3,4.0000000000000009,0,5.5511151231257765e-17,2.2806828530622085e-16,3.8933848534800062e-16,1,1,0.58333333333333337,0.25
1,coarse,element,12,14,3,0.5,0,1,8.4852813742385642,8.5440037453175268,3,3.999999999999996,0,5.5511151231257802e-17,2.3830583716764445e-16,3.8933848534800047e-16,1,1,0.41666666666666669,0.75
1,coarse,element,13,16,3,0.5,0,0,8.4852813742385571,8.5440037453175179,3,4.0000000000000036,0,0,2.4289458109990871e-16,0,1,1,0.75,0.58333333333333337
1,coarse,element,14,17,4,0.35355339059327379,0,1,8.4852813742385713,8.5146931829632013,3,4.0000000000000018,0,0,1.5933109831828975e-16,1.5313421029312502e-18,1,1,0.16666666666666666,0.58333333333333337
1,coarse,element,15,18,4,0.35355339059327379,0,1,8.4852813742385713,8.5146931829632013,3,4.0000000000000018,0,0,1.5933109831828975e-16,1.5313421029312502e-18,1,1,0.33333333333333331,0.41666666666666669
1,coarse,element,16,19,4,0.35355339059327379,0,1,8.4852813742385713,8.5146931829632013,3,4.0000000000000018,0,0,1.5933109831828975e-16,1.5313421029312502e-18,1,1,0.33333333333333331,0.58333333333333337
1,coarse,element,17,20,4,0.35355339059327379,0,1,8.4852813742385713,8.5146931829632013,3,4.0000000000000018,0,0,1.5933109831828975e-16,1.5313421029312502e-18,1,1,0.16666666666666666,0.41666666666666669
1,coarse,patch1,0,1,3,0.5,0,1,3.6465683011113916,3.6731797777542647,12,10.29524907945431,0,2.238425663007875e-17,3.3845010896949856e-16,0,12,2.2360679774997898,0.41666666666666669,0.25
1,coarse,patch1,1,2,3,0.5,0,0,3.6313221071986552,3.6575364401078398,11,11.184215450817417,0,2.8455826285858804e-17,7.1857818205754632e-16,0,11,2.2360679774997898,0.58333333333333337,0.75
1,coarse,patch1,2,4,3,0.5,0,0,3.6267388119816983,3.6529170968472111,11,11.296390817122937,0,2.2414649388992157e-17,6.6292009837344406e-16,0,11,2.2360679774997898,0.75,0.41666666666666669
1,coarse,patch1,3,5,3,0.5,1,0,4.2811750887122866,4.3161062710517601,7,8.3736389961776343,0,1.4176269004663452e-17,3.1624614728487183e-16,0,6,2.2360679774997898,0.75,0.083333333333333329
1,coarse,patch1,4,6,3,0.5,1,0,4.3164129776306233,4.3521109734084256,8,8.1373094066368061,0,0,1.2796993814893909e-15,0,7,2.2360679774997898,0.25,0.91666666666666663
1,coarse,patch1,5,7,3,0.5,1,1,4.3609854894208624,4.3962074242453388,8,8.271941244389069,0,0,2.9029937822911708e-16,0,7,2.2360679774997898,0.083333333333333329,0.25
1,coarse,patch1,6,8,3,0.5,1,0,4.2811750887122866,4.3161062710517593,7,8.3736389961776236,0,0,3.6887690099803724e-16,0,6,2.2360679774997898,0.91666666666666663,0.75
1,coarse,patch1,7,9,3,0.5,1,0,4.3164129776306197,4.3521109734084185,8,8.1373094066368132,0,0,9.618296848207388e-16,0,7,2.2360679774997898,0.25,0.083333333333333329
1,coarse,patch1,8,10,3,0.5,1,0,4.2811750887122875,4.3161062710517584,7,8.3736389961776272,0,0,6.5986344674528722e-16,0,6,2.2360679774997898,0.75,0.91666666666666663
1,coarse,patch1,9,11,3,0.5,1,1,4.3609854894208677,4.3962074242453442,8,8.2719412443890761,0,1.6349611453819181e-17,4.7439301027657488e-16,0,7,2.2360679774997898,0.083333333333333329,0.75
1,coarse,patch1,10,12,3,0.5,1,0,4.2811750887122875,4.3161062710517584,7,8.3736389961776183,0,1.4176269004663439e-17,5.5113621981194336e-16,0,6,2.2360679774997898,0.91666666666666663,0.25
1,coarse,patch1,11,13,3,0.5,0,0,3.6313221071986561,3.6575364401078394,11,11.184215450817403,0,2.4643468449230719e-17,4.0663672834204249e-16,0,11,2.2360679774997898,0.58333333333333337,0.25
1,coarse,patch1,12,14,3,0.5,0,1,3.6465683011113907,3.6731797777542634,12,10.29524907945428,0,2.8314093872309581e-17,3.0658080168787139e-16,0,12,2.2360679774997898,0.41666666666666669,0.75
1,coarse,patch1,13,16,3,0.5,0,0,3.6267388119817001,3.6529170968472111,11,11.29639081712296,0,3.0072407835366346e-17,2.7720213613611768e-16,0,11,2.2360679774997898,0.75,0.58333333333333337
1,coarse,patch1,14,17,4,0.35355339059327379,0,1,3.2730535981325954,3.2856946674966578,8,7.6058862214629679,0,1.5462243000728855e-17,3.1274136381574025e-16,0,8,3.1622776601683791,0.16666666666666666,0.58333333333333337
1,coarse,patch1,15,18,4,0.35355339059327379,0,1,3.1129920448406994,3.1268739761662454,11,7.8092339795978019,0,2.3183373820250018e-17,8.0862755820924663e-16,0,12,3.1622776601683791,0.33333333333333331,0.41666666666666669
1,coarse,patch1,16,19,4,0.35355339059327379,0,1,3.1129920448407007,3.1268739761662458,11,7.8092339795978045,0,2.0735839923947214e-17,5.2946110930527429e-16,0,12,3.1622776601683791,0.33333333333333331,0.58333333333333337
1,coarse,patch1,17,20,4,0.35355339059327379,0,1,3.2730535981325937,3.2856946674966574,8,7.6058862214629688,0,0,5.2933027813738316e-16,0,8,3.1622776601683791,0.16666666666666666,0.41666666666666669
1,trial,element,0,1,3,0.5,0,1,68.931463527895957,68.938716727453638,14,3387226818.1677437,1.8730539888969176e-16,1.4339296641178376e-17,5.8633082127482278e-15,1.4635209652590028e-11,1,1,0.41666666666666669,0.25
1,trial,element,1,2,3,0.5,0,0,68.245478766031951,68.252804865748303,14,3327763487.1571689,6.9751051296442418e-17,2.9091133165053785e-17,1.0124671807637423e-14,7.941991805992581e-12,1,1,0.58333333333333337,0.75
1,trial,element,2,4,3,0.5,0,0,84.095273874451564,84.10121930204626,14,26873130626.442944,7.6869381191268497e-17,1.8038782167656321e-17,3.0324242744024411e-15,1.0160138706177013e-11,1,1,0.75,0.41666666666666669
1,trial,element,3,5,3,0.5,1,0,42.46108243438745,42.472856291125424,11,7907762348.082037,2.6727217889113136e-16,3.2395083941549872e-17,4.2910955145403828e-14,1.4826513411810578e-11,1,1,0.75,0.083333333333333329
1,trial,element,4,6,3,0.5,1,0,51.304355902049345,51.314100737418755,13,746292922358.10645,2.0779622774740037e-16,1.0331985367043208e-17,4.7102913725069487e-14,1.2982853893646017e-11,1,1,0.25,0.91666666666666663
1,trial,element,5,7,3,0.5,1,1,45.438291949436532,45.449294552084531,12,6071596214.167141,2.3088882150059819e-16,1.109121467256347e-16,2.7734316365361479e-14,4.2708824123157752e-14,1,1,0.083333333333333329,0.25
1,trial,element,6,8,3,0.5,1,0,42.173769577799774,42.185623621938795,11,23469123427.329601,1.4606781342381933e-16,4.4770922870509441e-18,5.1168816470432389e-14,1.6559213023852206e-11,1,1,0.91666666666666663,0.75
1,trial,element,7,9,3,0.5,1,0,51.304355487705465,51.314100322870104,13,746292931134.93921,2.0219136441684531e-16,1.1339259806304358e-16,1.8055454521248576e-13,2.4030757792533016e-11,1,1,0.25,0.083333333333333329
1,trial,element,8,10,3,0.5,1,0,42.461080828724043,42.47285468501714,11,7907760861.1102419,9.1650029028849329e-17,3.4177296728713984e-18,5.9513004693800306e-14,2.7081760467332634e-11,1,1,0.75,0.91666666666666663
1,trial,element,9,11,3,0.5,1,1,45.438291666313482,45.449294268899905,12,6071596095.9703541,3.5649488027073441e-16,6.2229714625313557e-17,1.3999504565411865e-14,5.7683331114111687e-12,1,1,0.083333333333333329,0.75
1,trial,element,10,12,3,0.5,1,0,42.173771678202385,42.18562572296041,11,23469127300.072739,2.4499710027506817e-16,1.6123753929902203e-17,4.2278928769930611e-14,4.0768850719357782e-11,1,1,0.91666666666666663,0.25
1,trial,element,11,13,3,0.5,0,0,68.24547816167923,68.252804261331804,14,3327763580.1207614,1.9195006856367126e-16,5.8590750552911062e-17,8.2508081874387414e-15,4.1721863344722759e-12,1,1,0.58333333333333337,0.25
1,trial,element,12,14,3,0.5,0,1,68.931466644751353,68.938719844641355,14,3387227325.5679951,1.8767397338402642e-16,3.1507373863716011e-17,2.6574131102139392e-15,4.5195841193686545e-12,1,1,0.41666666666666669,0.75
1,trial,element,13,16,3,0.5,0,0,84.095270873564829,84.101216300944202,14,26873127894.006317,1.4456923943844482e-16,1.498726874998854e-17,2.9364580872434793e-15,5.4006360406301311e-15,1,1,0.75,0.58333333333333337
1,trial,element,14,17,4,0.35355339059327379,0,1,45.188454523412986,45.193986574278597,13,286935260660.99261,1.0250681125721859e-16,6.9895163182895976e-18,5.9259432641209588e-14,1.2803470263994684e-10,1,1,0.16666666666666666,0.58333333333333337
1,trial,element,15,18,4,0.35355339059327379,0,1,54.082073386732567,54.086695793242129,14,3302711488.2198124,2.3867916856621608e-16,1.1612361161017354e-16,4.0473928456539418e-14,7.7900397995000486e-12,1,1,0.33333333333333331,0.41666666666666669
1,trial,element,16,19,4,0.35355339059327379,0,1,54.082073510837887,54.086695917359435,14,3302712055.0881963,2.2987719066540685e-16,1.0426066345900028e-16,2.6552225514718505e-14,8.6255807198688946e-12,1,1,0.33333333333333331,0.58333333333333337
1,trial,element,17,20,4,0.35355339059327379,0,1,45.188477398268553,45.194009451010636,13,286936189331.79388,1.0037530443115048e-16,7.6851142035575556e-17,7.9850075249791809e-14,3.3498718404596371e-10,1,1,0.16666666666666666,0.41666666666666669
1,trial,patch1,0,1,3,0.5,0,1,2.7346042439155922,2.7686218829859564,14,4269.3202136571717,1.8730539888969176e-16,4.636430382025319e-17,1.1722756183438711e-15,0,12,2.2360679774997898,0.41666666666666669,0.25
1,trial,patch1,1,2,3,0.5,0,0,2.8048367608345099,2.8390787110297717,14,4126.3955285154079,6.9751051296442418e-17,4.2324408785221343e-17,1.1210112868077665e-15,0,11,2.2360679774997898,0.58333333333333337,0.75
1,trial,patch1,2,4,3,0.5,0,0,2.8176399307851767,2.8516055342132463,14,4582.0454071765171,7.6869381191268497e-17,3.3990422456893869e-17,9.3862734263696195e-16,0,11,2.2360679774997898,0.75,0.41666666666666669
1,trial,patch1,3,5,3,0.5,1,0,3.3994936501752524,3.4490425300501015,14,42326047.052026965,2.6727217889113136e-16,8.0353463823977731e-17,1.4068510241816217e-15,0,6,2.2360679774997898,0.75,0.083333333333333329
1,trial,patch1,4,6,3,0.5,1,0,3.2545441144061713,3.305142655377201,14,12353909.825658128,2.0779622774740037e-16,3.5622804146393423e-17,9.7054558754991771e-16,0,7,2.2360679774997898,0.25,0.91666666666666663
1,trial,patch1,5,7,3,0.5,1,1,3.3200597459485812,3.3708279225419262,14,44938382.423532985,2.3088882150059819e-16,4.95424618294363e-17,3.9866066982371649e-16,0,7,2.2360679774997898,0.083333333333333329,0.25
1,trial,patch1,6,8,3,0.5,1,0,3.4020024296005169,3.4514861820381144,14,49726918.57356333,1.4606781342381933e-16,1.4305486519351734e-17,4.3881471809498958e-16,0,6,2.2360679774997898,0.91666666666666663,0.75
1,trial,patch1,7,9,3,0.5,1,0,3.2545441144062575,3.3051426553772902,14,12353909.844288584,2.0219136441684531e-16,6.035597394331805e-17,3.6620745117597596e-16,0,7,2.2360679774997898,0.25,0.083333333333333329
1,trial,patch1,8,10,3,0.5,1,0,3.3994936501802986,3.44904253005532,14,42326047.220114164,9.1650029028849329e-17,1.4834366890338672e-17,1.551464266579211e-15,0,6,2.2360679774997898,0.75,0.91666666666666663
1,trial,patch1,9,11,3,0.5,1,1,3.3200597459520682,3.3708279225457196,14,44938382.708624028,3.5649488027073441e-16,5.3468401457147504e-17,6.0936373521962689e-16,0,7,2.2360679774997898,0.083333333333333329,0.75
1,trial,patch1,10,12,3,0.5,1,0,3.402002429599583,3.4514861820371645,14,49726918.524848536,2.4499710027506817e-16,4.0963935011689364e-17,6.0260860656567255e-16,0,6,2.2360679774997898,0.91666666666666663,0.25
1,trial,patch1,11,13,3,0.5,0,0,2.8048367608345131,2.8390787110297753,14,4126.3955285160009,1.9195006856367126e-16,3.8289666338486522e-17,3.9762257529703726e-16,0,11,2.2360679774997898,0.58333333333333337,0.25
1,trial,patch1,12,14,3,0.5,0,1,2.7346042439155975,2.7686218829859608,14,4269.3202136571017,1.8767397338402642e-16,3.2170477067066067e-17,1.415771951420815e-15,0,12,2.2360679774997898,0.41666666666666669,0.75
1,trial,patch1,13,16,3,0.5,0,0,2.8176399307851661,2.8516055342132329,14,4582.0454071773092,1.4456923943844482e-16,4.0611647564827561e-17,1.8474784568757196e-15,0,11,2.2360679774997898,0.75,0.58333333333333337
1,trial,patch1,14,17,4,0.35355339059327379,0,1,2.8196916768126741,2.8369419491226564,14,11392373.68128778,1.0250681125721859e-16,2.6607857480721796e-17,7.8551772711290803e-16,0,8,3.1622776601683791,0.16666666666666666,0.58333333333333337
1,trial,patch1,15,18,4,0.35355339059327379,0,1,2.4320587345236109,2.45026774180337,14,3874.0188990372731,2.3867916856621608e-16,4.2170341216593247e-17,8.7416348212678237e-16,0,12,3.1622776601683791,0.33333333333333331,0.41666666666666669
1,trial,patch1,16,19,4,0.35355339059327379,0,1,2.4320587345236055,2.4502677418033643,14,3874.0188990391684,2.2987719066540685e-16,2.4251361685904973e-17,8.865836521269839e-16,0,12,3.1622776601683791,0.33333333333333331,0.58333333333333337
1,trial,patch1,17,20,4,0.35355339059327379,0,1,2.81969167681698,2.836941949126988,14,11392373.682832414,1.0037530443115048e-16,5.3002864933909566e-17,1.8984089026255451e-15,0,8,3.1622776601683791,0.16666666666666666,0.41666666666666669
1,test,element,0,1,3,0.5,0,1,68.931463527895957,68.938716727453638,14,3387226818.1677437,1.8730539888969176e-16,1.4339296641178376e-17,5.8633082127482278e-15,1.4635209652590028e-11,1,1,0.41666666666666669,0.25
1,test,element,1,2,3,0.5,0,0,68.245478766031951,68.252804865748303,14,3327763487.1571689,6.9751051296442418e-17,2.9091133165053785e-17,1.0124671807637423e-14,7.941991805992581e-12,1,1,0.58333333333333337,0.75
1,test,element,2,4,3,0.5,0,0,84.095273874451564,84.10121930204626,14,26873130626.442944,7.6869381191268497e-17,1.8038782167656321e-17,3.0324242744024411e-15,1.0160138706177013e-11,1,1,0.75,0.41666666666666669
1,test,element,3,5,3,0.5,1,0,42.46108243438745,42.472856291125424,11,7907762348.082037,2.6727217889113136e-16,3.2395083941549872e-17,4.2910955145403828e-14,1.4826513411810578e-11,1,1,0.75,0.083333333333333329
1,test,element,4,6,3,0.5,1,0,51.304355902049345,51.314100737418755,13,746292922358.10645,2.0779622774740037e-16,1.0331985367043208e-17,4.7102913725069487e-14,1.2982853893646017e-11,1,1,0.25,0.91666666666666663
1,test,element,5,7,3,0.5,1,1,45.438291949436532,45.449294552084531,12,6071596214.167141,2.3088882150059819e-16,1.109121467256347e-16,2.7734316365361479e-14,4.2708824123157752e-14,1,1,0.083333333333333329,0.25
1,test,element,6,8,3,0.5,1,0,42.173769577799774,42.185623621938795,11,23469123427.329601,1.4606781342381933e-16,4.4770922870509441e-18,5.1168816470432389e-14,1.6559213023852206e-11,1,1,0.91666666666666663,0.75
1,test,element,7,9,3,0.5,1,0,51.304355487705465,51.314100322870104,13,746292931134.93921,2.0219136441684531e-16,1.1339259806304358e-16,1.8055454521248576e-13,2.4030757792533016e-11,1,1,0.25,0.083333333333333329
1,test,element,8,10,3,0.5,1,0,42.461080828724043,42.47285468501714,11,7907760861.1102419,9.1650029028849329e-17,3.4177296728713984e-18,5.9513004693800306e-14,2.7081760467332634e-11,1,1,0.75,0.91666666666666663
1,test,element,9,11,3,0.5,1,1,45.438291666313482,45.449294268899905,12,6071596095.9703541,3.5649488027073441e-16,6.2229714625313557e-17,1.3999504565411865e-14,5.7683331114111687e-12,1,1,0.083333333333333329,0.75
1,test,element,10,12,3,0.5,1,0,42.173771678202385,42.18562572296041,11,23469127300.072739,2.4499710027506817e-16,1.6123753929902203e-17,4.2278928769930611e-14,4.0768850719357782e-11,1,1,0.91666666666666663,0.25
1,test,element,11,13,3,0.5,0,0,68.24547816167923,68.252804261331804,14,3327763580.1207614,1.9195006856367126e-16,5.8590750552911062e-17,8.2508081874387414e-15,4.1721863344722759e-12,1,1,0.58333333333333337,0.25
1,test,element,12,14,3,0.5,0,1,68.931466644751353,68.938719844641355,14,3387227325.5679951,1.8767397338402642e-16,3.1507373863716011e-17,2.6574131102139392e-15,4.5195841193686545e-12,1,1,0.41666666666666669,0.75
1,test,element,13,16,3,0.5,0,0,84.095270873564829,84.101216300944202,14,26873127894.006317,1.4456923943844482e-16,1.498726874998854e-17,2.9364580872434793e-15,5.4006360406301311e-15,1,1,0.75,0.58333333333333337
1,test,element,14,17,4,0.35355339059327379,0,1,45.188454523412986,45.193986574278597,13,286935260660.99261,1.0250681125721859e-16,6.9895163182895976e-18,5.9259432641209588e-14,1.2803470263994684e-10,1,1,0.16666666666666666,0.58333333333333337
1,test,element,15,18,4,0.35355339059327379,0,1,54.082073386732567,54.086695793242129,14,3302711488.2198124,2.3867916856621608e-16,1.1612361161017354e-16,4.0473928456539418e-14,7.7900397995000486e-12,1,1,0.33333333333333331,0.41666666666666669
1,test,element,16,19,4,0.35355339059327379,0,1,54.082073510837887,54.086695917359435,14,3302712055.0881963,2.2987719066540685e-16,1.0426066345900028e-16,2.6552225514718505e-14,8.6255807198688946e-12,1,1,0.33333333333333331,0.58333333333333337
1,test,element,17,20,4,0.35355339059327379,0,1,45.188477398268553,45.194009451010636,13,286936189331.79388,1.0037530443115048e-16,7.6851142035575556e-17,7.9850075249791809e-14,3.3498718404596371e-10,1,1,0.16666666666666666,0.41666666666666669
1,test,patch1,0,1,3,0.5,0,1,2.7346042439155922,2.7686218829859564,14,4269.3202136571717,1.8730539888969176e-16,4.636430382025319e-17,1.1722756183438711e-15,0,12,2.2360679774997898,0.41666666666666669,0.25
1,test,patch1,1,2,3,0.5,0,0,2.8048367608345099,2.8390787110297717,14,4126.3955285154079,6.9751051296442418e-17,4.2324408785221343e-17,1.1210112868077665e-15,0,11,2.2360679774997898,0.58333333333333337,0.75
1,test,patch1,2,4,3,0.5,0,0,2.8176399307851767,2.8516055342132463,14,4582.0454071765171,7.6869381191268497e-17,3.3990422456893869e-17,9.3862734263696195e-16,0,11,2.2360679774997898,0.75,0.41666666666666669
1,test,patch1,3,5,3,0.5,1,0,3.3994936501752524,3.4490425300501015,14,42326047.052026965,2.6727217889113136e-16,8.0353463823977731e-17,1.4068510241816217e-15,0,6,2.2360679774997898,0.75,0.083333333333333329
1,test,patch1,4,6,3,0.5,1,0,3.2545441144061713,3.305142655377201,14,12353909.825658128,2.0779622774740037e-16,3.5622804146393423e-17,9.7054558754991771e-16,0,7,2.2360679774997898,0.25,0.91666666666666663
1,test,patch1,5,7,3,0.5,1,1,3.3200597459485812,3.3708279225419262,14,44938382.423532985,2.3088882150059819e-16,4.95424618294363e-17,3.9866066982371649e-16,0,7,2.2360679774997898,0.083333333333333329,0.25
1,test,patch1,6,8,3,0.5,1,0,3.4020024296005169,3.4514861820381144,14,49726918.57356333,1.4606781342381933e-16,1.4305486519351734e-17,4.3881471809498958e-16,0,6,2.2360679774997898,0.91666666666666663,0.75
1,test,patch1,7,9,3,0.5,1,0,3.2545441144062575,3.3051426553772902,14,12353909.844288584,2.0219136441684531e-16,6.035597394331805e-17,3.6620745117597596e-16,0,7,2.2360679774997898,0.25,0.083333333333333329
1,test,patch1,8,10,3,0.5,1,0,3.3994936501802986,3.44904253005532,14,42326047.220114164,9.1650029028849329e-17,1.4834366890338672e-17,1.551464266579211e-15,0,6,2.2360679774997898,0.75,0.91666666666666663
1,test,patch1,9,11,3,0.5,1,1,3.3200597459520682,3.3708279225457196,14,44938382.708624028,3.5649488027073441e-16,5.3468401457147504e-17,6.0936373521962689e-16,0,7,2.2360679774997898,0.083333333333333329,0.75
1,test,patch1,10,12,3,0.5,1,0,3.402002429599583,3.4514861820371645,14,49726918.524848536,2.4499710027506817e-16,4.0963935011689364e-17,6.0260860656567255e-16,0,6,2.2360679774997898,0.91666666666666663,0.25
1,test,patch1,11,13,3,0.5,0,0,2.8048367608345131,2.8390787110297753,14,4126.3955285160009,1.9195006856367126e-16,3.8289666338486522e-17,3.9762257529703726e-16,0,11,2.2360679774997898,0.58333333333333337,0.25
1,test,patch1,12,14,3,0.5,0,1,2.7346042439155975,2.7686218829859608,14,4269.3202136571017,1.8767397338402642e-16,3.2170477067066067e-17,1.415771951420815e-15,0,12,2.2360679774997898,0.41666666666666669,0.75
1,test,patch1,13,16,3,0.5,0,0,2.8176399307851661,2.8516055342132329,14,4582.0454071773092,1.4456923943844482e-16,4.0611647564827561e-17,1.8474784568757196e-15,0,11,2.2360679774997898,0.75,0.58333333333333337
1,test,patch1,14,17,4,0.35355339059327379,0,1,2.8196916768126741,2.8369419491226564,14,11392373.68128778,1.0250681125721859e-16,2.6607857480721796e-17,7.8551772711290803e-16,0,8,3.1622776601683791,0.16666666666666666,0.58333333333333337
1,test,patch1,15,18,4,0.35355339059327379,0,1,2.4320587345236109,2.45026774180337,14,3874.0188990372731,2.3867916856621608e-16,4.2170341216593247e-17,8.7416348212678237e-16,0,12,3.1622776601683791,0.33333333333333331,0.41666666666666669
1,test,patch1,16,19,4,0.35355339059327379,0,1,2.4320587345236055,2.4502677418033643,14,3874.0188990391684,2.2987719066540685e-16,2.4251361685904973e-17,8.865836521269839e-16,0,12,3.1622776601683791,0.33333333333333331,0.58333333333333337
1,test,patch1,17,20,4,0.35355339059327379,0,1,2.81969167681698,2.836941949126988,14,11392373.682832414,1.0037530443115048e-16,5.3002864933909566e-17,1.8984089026255451e-15,0,8,3.1622776601683791,0.16666666666666666,0.41666666666666669
2,coarse,element,0,1,3,0.5,0,1,8.4852813742385642,8.544003745317525,3,3.9999999999999996,0,0,2.9687347692919425e-16,0,1,1,0.41666666666666669,0.25
2,coarse,element,1,2,3,0.5,0,1,8.4852813742385642,8.544003745317525,3,3.9999999999999996,0,0,2.9687347692919425e-16,0,1,1,0.58333333333333337,0.75
2,coarse,element,2,5,3,0.5,1,0,8.4852813742385766,8.5440037453175375,3,4.0000000000000071,0,5.5511151231257839e-17,1.1645185369284679e-16,0,1,1,0.75,0.083333333333333329
2,coarse,element,3,6,3,0.5,1,0,8.4852813742385766,8.5440037453175375,3,4.0000000000000071,0,5.5511151231257839e-17,1.1645185369284679e-16,0,1,1,0.25,0.91666666666666663
2,coarse,element,4,7,3,0.5,1,1,8.4852813742385624,8.5440037453175233,3,3.999999999999996,0,5.5511151231257802e-17,2.6637378774710105e-16,0,1,1,0.083333333333333329,0.25
2,coarse,element,5,8,3,0.5,1,1,8.4852813742385624,8.5440037453175233,3,3.999999999999996,0,5.5511151231257802e-17,2.6637378774710105e-16,0,1,1,0.91666666666666663,0.75
2,coarse,element,6,9,3,0.5,1,0,8.4852813742385766,8.5440037453175393,3,4.0000000000000071,0,5.5511151231257839e-17,3.416824233655174e-16,3.8933848534799934e-16,1,1,0.25,0.083333333333333329
2,coarse,element,7,10,3,0.5,1,0,8.4852813742385766,8.5440037453175393,3,4.0000000000000071,0,5.5511151231257839e-17,3.416824233655174e-16,3.8933848534799934e-16,1,1,0.75,0.91666666666666663
2,coarse,element,8,11,3,0.5,1,1,8.4852813742385642,8.5440037453175268,3,3.999999999999996,0,0,1.4591220689383054e-16,3.8933848534800047e-16,1,1,0.083333333333333329,0.75
2,coarse,element,9,12,3,0.5,1,1,8.4852813742385642,8.5440037453175268,3,3.999999999999996,0,0,1.4591220689383054e-16,3.8933848534800047e-16,1,1,0.91666666666666663,0.25
2,coarse,element,10,13,3,0.5,0,1,8.4852813742385642,8.5440037453175268,3,3.999999999999996,0,5.5511151231257802e-17,2.3830583716764445e-16,3.8933848534800047e-16,1,1,0.58333333333333337,0.25
2,coarse,element,11,14,3,0.5,0,1,8.4852813742385642,8.5440037453175268,3,3.999999999999996,0,5.5511151231257802e-17,2.3830583716764445e-16,3.8933848534800047e-16,1,1,0.41666666666666669,0.75
2,coarse,element,12,17,4,0.35355339059327379,0,1,8.4852813742385713,8.5146931829632013,3,4.0000000000000018,0,0,1.5933109831828975e-16,1.5313421029312502e-18,1,1,0.16666666666666666,0.58333333333333337
2,coarse,element,13,18,4,0.35355339059327379,0,1,8.4852813742385713,8.5146931829632013,3,4.0000000000000018,0,0,1.5933109831828975e-16,1.5313421029312502e-18,1,1,0.33333333333333331,0.41666666666666669
2,coarse,element,14,19,4,0.35355339059327379,0,1,8.4852813742385713,8.5146931829632013,3,4.0000000000000018,0,0,1.5933109831828975e-16,1.5313421029312502e-18,1,1,0.33333333333333331,0.58333333333333337
2,coarse,element,15,20,4,0.35355339059327379,0,1,8.4852813742385713,8.5146931829632013,3,4.0000000000000018,0,0,1.5933109831828975e-16,1.5313421029312502e-18,1,1,0.16666666666666666,0.41666666666666669
2,coarse,element,16,21,4,0.35355339059327379,0,1,8.4852813742385713,8.5146931829632013,3,4.0000000000000018,0,0,1.5933109831828975e-16,1.5313421029312502e-18,1,1,0.83333333333333337,0.41666666666666669
2,coarse,element,17,22,4,0.35355339059327379,0,1,8.4852813742385713,8.5146931829632013,3,4.0000000000000018,0,0,1.5933109831828975e-16,1.5313421029312502e-18,1,1,0.66666666666666663,0.58333333333333337
2,coarse,element,18,23,4,0.35355339059327379,0,1,8.4852813742385713,8.5146931829632013,3,4.0000000000000018,0,0,1.5933109831828975e-16,1.5313421029312502e-18,1,1,0.66666666666666663,0.41666666666666669
2,coarse,element,19,24,4,0.35355339059327379,0,1,8.4852813742385713,8.5146931829632013,3,4.0000000000000018,0,0,1.5933109831828975e-16,1.5313421029312502e-18,1,1,0.83333333333333337,0.58333333333333337
2,coarse,patch1,0,1,3,0.5,0,1,3.6761822927348291,3.7025808801893771,12,9.874065027187795,0,1.1034998946655772e-17,4.5501424315552832e-16,0,12,2.2360679774997898,0.41666666666666669,0.25
2,coarse,patch1,1,2,3,0.5,0,1,3.6761822927348291,3.7025808801893771,12,9.8740650271877861,0,1.1034998946655773e-17,4.0779000700819938e-16,0,12,2.2360679774997898,0.58333333333333337,0.75
2,coarse,patch1,2,5,3,0.5,1,0,4.3164129776306197,4.3521109734084211,8,8.1373094066368115,0,1.4719616800160371e-17,6.5852497050484484e-16,0,7,2.2360679774997898,0.75,0.083333333333333329
2,coarse,patch1,3,6,3,0.5,1,0,4.3164129776306224,4.3521109734084229,8,8.1373094066368168,0,1.4719616800160371e-17,7.6830996070309315e-16,0,7,2.2360679774997898,0.25,0.91666666666666663
2,coarse,patch1,4,7,3,0.5,1,1,4.3609854894208624,4.3962074242453388,8,8.271941244389069,0,0,2.9029937822911708e-16,0,7,2.2360679774997898,0.083333333333333329,0.25
2,coarse,patch1,5,8,3,0.5,1,1,4.3609854894208615,4.3962074242453371,8,8.2719412443890707,0,0,5.3165340769178643e-16,0,7,2.2360679774997898,0.91666666666666663,0.75
2,coarse,patch1,6,9,3,0.5,1,0,4.3164129776306153,4.3521109734084167,8,8.137309406636831,0,0,4.4068518010080469e-16,0,7,2.2360679774997898,0.25,0.083333333333333329
2,coarse,patch1,7,10,3,0.5,1,0,4.316412977630617,4.3521109734084185,8,8.1373094066368203,0,0,3.8163924583799334e-16,0,7,2.2360679774997898,0.75,0.91666666666666663
2,coarse,patch1,8,11,3,0.5,1,1,4.3609854894208677,4.3962074242453442,8,8.2719412443890761,0,1.6349611453819181e-17,4.7439301027657488e-16,0,7,2.2360679774997898,0.083333333333333329,0.75
2,coarse,patch1,9,12,3,0.5,1,1,4.3609854894208704,4.3962074242453477,8,8.2719412443890548,0,1.6349611453819181e-17,8.2801862474371787e-16,0,7,2.2360679774997898,0.91666666666666663,0.25
2,coarse,patch1,10,13,3,0.5,0,1,3.6761822927348304,3.7025808801893785,12,9.874065027187811,0,1.5605845171133413e-17,4.6045183261348739e-16,0,12,2.2360679774997898,0.58333333333333337,0.25
2,coarse,patch1,11,14,3,0.5,0,1,3.6761822927348304,3.7025808801893798,12,9.8740650271878003,0,1.5605845171133413e-17,4.0987983779930886e-16,0,12,2.2360679774997898,0.41666666666666669,0.75
2,coarse,patch1,12,17,4,0.35355339059327379,0,1,3.2730535981325954,3.2856946674966578,8,7.6058862214629679,0,1.5462243000728855e-17,3.1274136381574025e-16,0,8,3.1622776601683791,0.16666666666666666,0.58333333333333337
2,coarse,patch1,13,18,4,0.35355339059327379,0,1,3.1318942714219,3.1455404956915349,11,9.6588294987791592,0,1.621344337158998e-17,6.3481983626949143e-16,0,12,3.1622776601683791,0.33333333333333331,0.41666666666666669
2,coarse,patch1,14,19,4,0.35355339059327379,0,1,3.1318942714219,3.1455404956915354,11,9.6588294987791379,0,1.146463575443536e-17,2.4285415024191902e-16,0,12,3.1622776601683791,0.33333333333333331,0.58333333333333337
2,coarse,patch1,15,20,4,0.35355339059327379,0,1,3.2730535981325937,3.2856946674966574,8,7.6058862214629688,0,0,5.2933027813738316e-16,0,8,3.1622776601683791,0.16666666666666666,0.41666666666666669
2,coarse,patch1,16,21,4,0.35355339059327379,0,1,3.273053598132595,3.2856946674966574,8,7.605886221462975,0,1.5462243000728852e-17,3.4264818073653358e-16,0,8,3.1622776601683791,0.83333333333333337,0.41666666666666669
2,coarse,patch1,17,22,4,0.35355339059327379,0,1,3.1318942714218991,3.145540495691534,11,9.6588294987791574,0,1.621344337158998e-17,7.6030391267565599e-16,0,12,3.1622776601683791,0.66666666666666663,0.58333333333333337
2,coarse,patch1,18,23,4,0.35355339059327379,0,1,3.1318942714219,3.1455404956915363,11,9.6588294987791503,0,1.1464635754435359e-17,4.2923602326162965e-16,0,12,3.1622776601683791,0.66666666666666663,0.41666666666666669
2,coarse,patch1,19,24,4,0.35355339059327379,0,1,3.273053598132595,3.2856946674966561,8,7.605886221462975,0,0,6.3121668703803402e-16,0,8,3.1622776601683791,0.83333333333333337,0.58333333333333337
2,trial,element,0,1,3,0.5,0,1,79.073785198907188,79.080108157168254,15,9827279568.4393482,3.4635058341376105e-16,1.8440032870858772e-17,8.0223495503895e-15,7.4598721593185264e-11,1,1,0.41666666666666669,0.25
2,trial,element,1,2,3,0.5,0,1,79.073762430741567,79.080085387191303,15,9827266321.8387909,1.4330418258194368e-16,5.9155565754914784e-17,6.5036332314798066e-15,1.725210686822892e-11,1,1,0.58333333333333337,0.75
2,trial,element,2,5,3,0.5,1,0,51.845103570947202,51.854746786480725,13,28415158663.852745,3.7980782317863431e-16,1.1256080125983986e-16,1.2913429117174811e-13,2.8973516449279968e-12,1,1,0.75,0.083333333333333329
2,trial,element,3,6,3,0.5,1,0,51.845103401614786,51.85474661705986,13,28415157818.496906,1.2525539199036832e-16,8.0542848336832169e-17,9.1583619930440155e-14,1.7285682556775427e-12,1,1,0.25,0.91666666666666663
2,trial,element,4,7,3,0.5,1,1,49.495668242889856,49.505769076777966,13,851484915766.08923,2.782148102885037e-16,6.2732749795424796e-17,7.6917624395221876e-14,1.1942731589301573e-09,1,1,0.083333333333333329,0.25
2,trial,element,5,8,3,0.5,1,1,49.49569153477151,49.505792373496455,13,851486593789.61572,2.7057890992632493e-16,1.1095059764827597e-16,8.3893058852304786e-14,8.0687676073178399e-10,1,1,0.91666666666666663,0.75
2,trial,element,6,9,3,0.5,1,0,51.845103009310982,51.854746224716173,13,28415157850.873554,3.6725213495717443e-16,5.8147108568486775e-17,1.9181946581712454e-13,6.0806841378637239e-12,1,1,0.25,0.083333333333333329
2,trial,element,7,10,3,0.5,1,0,51.845105869708526,51.854749085598527,13,28415159213.229504,2.5414384134724611e-16,5.6766193310522327e-17,1.1846360244313495e-13,3.3134524477199804e-11,1,1,0.75,0.91666666666666663
2,trial,element,8,11,3,0.5,1,1,49.495772610639548,49.505873465738468,13,851492110512.29541,1.5048238130971208e-16,1.1466005797206863e-16,1.144403071241926e-13,5.2291302310061499e-10,1,1,0.083333333333333329,0.75
2,trial,element,9,12,3,0.5,1,1,49.495740415134115,49.505841263802552,13,851489930632.03223,3.3451011974489532e-16,6.4083191928934048e-18,1.4593214779616696e-13,2.254413444585387e-12,1,1,0.91666666666666663,0.25
2,trial,element,10,13,3,0.5,0,1,79.073768835071192,79.080091792028171,15,9827268775.1785812,1.5919965273876593e-16,6.6684007671422247e-17,1.8417400655486952e-14,8.5269387899758801e-12,1,1,0.58333333333333337,0.25
2,trial,element,11,14,3,0.5,0,1,79.073766891655481,79.080089848463345,15,9827268037.1310177,2.7138975686121653e-16,2.0196205263117698e-17,5.2985628660870213e-15,8.2591952667610461e-13,1,1,0.41666666666666669,0.75
2,trial,element,12,17,4,0.35355339059327379,0,1,44.202954481259965,44.208609849764244,13,109905997351.08817,1.9545560348820515e-16,7.5711971784453132e-17,5.6365751332343987e-14,1.2110340005668562e-11,1,1,0.16666666666666666,0.58333333333333337
2,trial,element,13,18,4,0.35355339059327379,0,1,75.132152770805646,75.135480188234325,15,118394381634.38824,1.4673092714071732e-16,1.1692151949311046e-16,4.4987800747643981e-15,5.5636566552159128e-10,1,1,0.33333333333333331,0.41666666666666669
2,trial,element,14,19,4,0.35355339059327379,0,1,75.131696890696503,75.135024287930875,15,118392019034.07967,1.6619608642758756e-16,5.2848514680412646e-17,7.8882981392497652e-15,5.1858130862715297e-10,1,1,0.33333333333333331,0.58333333333333337
2,trial,element,15,20,4,0.35355339059327379,0,1,44.20295705182648,44.208612420530073,13,109906816420.13774,1.7285732999985404e-16,7.9663465396440509e-18,8.3471197552170728e-14,1.1783425074855553e-11,1,1,0.16666666666666666,0.41666666666666669
2,trial,element,16,21,4,0.35355339059327379,0,1,44.202955660216396,44.208611028821373,13,109906453027.61929,1.0865559886546194e-16,9.3026683591446882e-18,1.0431853352967242e-13,7.3177424592240171e-13,1,1,0.83333333333333337,0.41666666666666669
2,trial,element,17,22,4,0.35355339059327379,0,1,75.131922227342613,75.135249634564559,15,118393175695.68137,3.2149134747784009e-16,5.7736112505199226e-18,6.5717880072013225e-15,1.2908969902539716e-11,1,1,0.66666666666666663,0.58333333333333337
2,trial,element,18,23,4,0.35355339059327379,0,1,75.131927616311742,75.135255023766931,15,118393185322.9946,3.2824011513641768e-16,3.9456642409730884e-18,5.4989034470925581e-15,2.5470107523175702e-11,1,1,0.66666666666666663,0.41666666666666669
2,trial,element,19,24,4,0.35355339059327379,0,1,44.202955914449355,44.208611283093447,13,109906490073.26193,1.4318789416399906e-16,5.356211846919639e-17,1.4551406325934246e-13,2.5092059096980659e-12,1,1,0.83333333333333337,0.58333333333333337
2,trial,patch1,0,1,3,0.5,0,1,2.7443291817332458,2.7781287031322788,15,4502.7799333003268,3.4635058341376105e-16,3.2805888144841107e-17,8.8338163677047718e-16,0,12,2.2360679774997898,0.41666666666666669,0.25
2,trial,patch1,1,2,3,0.5,0,1,2.7443291817332467,2.778128703132281,15,4502.7799332984541,1.4330418258194368e-16,3.7753415876633734e-17,1.7642261445750976e-15,0,12,2.2360679774997898,0.58333333333333337,0.75
2,trial,patch1,2,5,3,0.5,1,0,3.2539103949509447,3.3046996110391071,15,41872253.023981377,3.7980782317863431e-16,4.754503761538633e-17,3.9006965499058841e-16,0,7,2.2360679774997898,0.75,0.083333333333333329
2,trial,patch1,3,6,3,0.5,1,0,3.2539103949495827,3.3046996110376923,15,41872252.994106986,1.2525539199036832e-16,2.1639031024541939e-17,1.542565250117361e-15,0,7,2.2360679774997898,0.25,0.91666666666666663
2,trial,patch1,4,7,3,0.5,1,1,3.3198339525970813,3.3706141269380785,15,60446726.67766469,2.782148102885037e-16,4.6702250557472934e-17,4.6605506886962486e-16,0,7,2.2360679774997898,0.083333333333333329,0.25
2,trial,patch1,5,8,3,0.5,1,1,3.3198339525989642,3.3706141269400733,15,60446726.836900502,2.7057890992632493e-16,2.9394447276431854e-17,7.4831695383267731e-16,0,7,2.2360679774997898,0.91666666666666663,0.75
2,trial,patch1,6,9,3,0.5,1,0,3.2539103949441635,3.3046996110320728,15,41872252.867370091,3.6725213495717443e-16,5.3233540939367839e-17,9.9008252093774149e-16,0,7,2.2360679774997898,0.25,0.083333333333333329
2,trial,patch1,7,10,3,0.5,1,0,3.253910394951697,3.3046996110398856,15,41872253.041158542,2.5414384134724611e-16,2.6724752715773312e-17,8.2633832774564038e-16,0,7,2.2360679774997898,0.75,0.91666666666666663
2,trial,patch1,8,11,3,0.5,1,1,3.3198339525979219,3.3706141269389787,15,60446726.81445162,1.5048238130971208e-16,5.2043954564599989e-17,8.2812001332606391e-16,0,7,2.2360679774997898,0.083333333333333329,0.75
2,trial,patch1,9,12,3,0.5,1,1,3.3198339525985263,3.370614126939611,15,60446726.827137299,3.3451011974489532e-16,5.1134402800375763e-17,1.2465518013780031e-15,0,7,2.2360679774997898,0.91666666666666663,0.25
2,trial,patch1,10,13,3,0.5,0,1,2.7443291817332387,2.778128703132273,15,4502.7799332996101,1.5919965273876593e-16,4.4378706429831387e-17,1.3943075636130451e-15,0,12,2.2360679774997898,0.58333333333333337,0.25
2,trial,patch1,11,14,3,0.5,0,1,2.7443291817332391,2.778128703132273,15,4502.7799332991808,2.7138975686121653e-16,3.7040533935790483e-17,6.9787709160030872e-16,0,12,2.2360679774997898,0.41666666666666669,0.75
2,trial,patch1,12,17,4,0.35355339059327379,0,1,2.8145374860659369,2.8317785464872989,15,43728933.335033745,1.9545560348820515e-16,4.5902606207602236e-17,1.746004469134999e-15,0,8,3.1622776601683791,0.16666666666666666,0.58333333333333337
2,trial,patch1,13,18,4,0.35355339059327379,0,1,2.4577253269302517,2.4755704130895819,15,3909.7731906324279,1.4673092714071732e-16,4.0403175877212238e-17,1.4513415142088723e-15,0,12,3.1622776601683791,0.33333333333333331,0.41666666666666669
2,trial,patch1,14,19,4,0.35355339059327379,0,1,2.457725326930253,2.475570413089581,15,3909.7731906330114,1.6619608642758756e-16,3.6858957066137367e-17,1.1295906546344854e-15,0,12,3.1622776601683791,0.33333333333333331,0.58333333333333337
2,trial,patch1,15,20,4,0.35355339059327379,0,1,2.8145374860716159,2.8317785464929552,15,43728933.374353535,1.7285732999985404e-16,4.6253634190477513e-17,1.301716204048453e-15,0,8,3.1622776601683791,0.16666666666666666,0.41666666666666669
2,trial,patch1,16,21,4,0.35355339059327379,0,1,2.8145374860803192,2.8317785465015923,15,43728933.533434443,1.0865559886546194e-16,3.7505077073392414e-17,9.8994046255356818e-16,0,8,3.1622776601683791,0.83333333333333337,0.41666666666666669
2,trial,patch1,17,22,4,0.35355339059327379,0,1,2.4577253269302459,2.4755704130895757,15,3909.7731906316703,3.2149134747784009e-16,3.1856857521269447e-17,1.1514032257595016e-15,0,12,3.1622776601683791,0.66666666666666663,0.58333333333333337
2,trial,patch1,18,23,4,0.35355339059327379,0,1,2.4577253269302468,2.4755704130895748,15,3909.7731906324857,3.2824011513641768e-16,5.8296210454313042e-17,1.5590362461126217e-15,0,12,3.1622776601683791,0.66666666666666663,0.41666666666666669
2,trial,patch1,19,24,4,0.35355339059327379,0,1,2.814537486082493,2.8317785465037528,15,43728933.521551959,1.4318789416399906e-16,2.692644436236911e-17,6.2706559300479018e-16,0,8,3.1622776601683791,0.83333333333333337,0.58333333333333337
2,test,element,0,1,3,0.5,0,1,79.073785198907188,79.080108157168254,15,9827279568.4393482,3.4635058341376105e-16,1.8440032870858772e-17,8.0223495503895e-15,7.4598721593185264e-11,1,1,0.41666666666666669,0.25
2,test,element,1,2,3,0.5,0,1,79.073762430741567,79.080085387191303,15,9827266321.8387909,1.4330418258194368e-16,5.9155565754914784e-17,6.5036332314798066e-15,1.725210686822892e-11,1,1,0.58333333333333337,0.75
2,test,element,2,5,3,0.5,1,0,51.845103570947202,51.854746786480725,13,28415158663.852745,3.7980782317863431e-16,1.1256080125983986e-16,1.2913429117174811e-13,2.8973516449279968e-12,1,1,0.75,0.083333333333333329
2,test,element,3,6,3,0.5,1,0,51.845103401614786,51.85474661705986,13,28415157818.496906,1.2525539199036832e-16,8.0542848336832169e-17,9.1583619930440155e-14,1.7285682556775427e-12,1,1,0.25,0.91666666666666663
2,test,element,4,7,3,0.5,1,1,49.495668242889856,49.505769076777966,13,851484915766.08923,2.782148102885037e-16,6.2732749795424796e-17,7.6917624395221876e-14,1.1942731589301573e-09,1,1,0.083333333333333329,0.25
2,test,element,5,8,3,0.5,1,1,49.49569153477151,49.505792373496455,13,851486593789.61572,2.7057890992632493e-16,1.1095059764827597e-16,8.3893058852304786e-14,8.0687676073178399e-10,1,1,0.91666666666666663,0.75
2,test,element,6,9,3,0.5,1,0,51.845103009310982,51.854746224716173,13,28415157850.873554,3.6725213495717443e-16,5.8147108568486775e-17,1.9181946581712454e-13,6.0806841378637239e-12,1,1,0.25,0.083333333333333329
2,test,element,7,10,3,0.5,1,0,51.845105869708526,51.854749085598527,13,28415159213.229504,2.5414384134724611e-16,5.6766193310522327e-17,1.1846360244313495e-13,3.3134524477199804e-11,1,1,0.75,0.91666666666666663
2,test,element,8,11,3,0.5,1,1,49.495772610639548,49.505873465738468,13,851492110512.29541,1.5048238130971208e-16,1.1466005797206863e-16,1.144403071241926e-13,5.2291302310061499e-10,1,1,0.083333333333333329,0.75
2,test,element,9,12,3,0.5,1,1,49.495740415134115,49.505841263802552,13,851489930632.03223,3.3451011974489532e-16,6.4083191928934048e-18,1.4593214779616696e-13,2.254413444585387e-12,1,1,0.91666666666666663,0.25
2,test,element,10,13,3,0.5,0,1,79.073768835071192,79.080091792028171,15,9827268775.1785812,1.5919965273876593e-16,6.6684007671422247e-17,1.8417400655486952e-14,8.5269387899758801e-12,1,1,0.58333333333333337,0.25
2,test,element,11,14,3,0.5,0,1,79.073766891655481,79.080089848463345,15,9827268037.1310177,2.7138975686121653e-16,2.0196205263117698e-17,5.2985628660870213e-15,8.2591952667610461e-13,1,1,0.41666666666666669,0.75
2,test,element,12,17,4,0.35355339059327379,0,1,44.202954481259965,44.208609849764244,13,109905997351.08817,1.9545560348820515e-16,7.5711971784453132e-17,5.6365751332343987e-14,1.2110340005668562e-11,1,1,0.16666666666666666,0.58333333333333337
2,test,element,13,18,4,0.35355339059327379,0,1,75.132152770805646,75.135480188234325,15,118394381634.38824,1.4673092714071732e-16,1.1692151949311046e-16,4.4987800747643981e-15,5.5636566552159128e-10,1,1,0.33333333333333331,0.41666666666666669
2,test,element,14,19,4,0.35355339059327379,0,1,75.131696890696503,75.135024287930875,15,118392019034.07967,1.6619608642758756e-16,5.2848514680412646e-17,7.8882981392497652e-15,5.1858130862715297e-10,1,1,0.33333333333333331,0.58333333333333337
2,test,element,15,20,4,0.35355339059327379,0,1,44.20295705182648,44.208612420530073,13,109906816420.13774,1.7285732999985404e-16,7.9663465396440509e-18,8.3471197552170728e-14,1.1783425074855553e-11,1,1,0.16666666666666666,0.41666666666666669
2,test,element,16,21,4,0.35355339059327379,0,1,44.202955660216396,44.208611028821373,13,109906453027.61929,1.0865559886546194e-16,9.3026683591446882e-18,1.0431853352967242e-13,7.3177424592240171e-13,1,1,0.83333333333333337,0.41666666666666669
2,test,element,17,22,4,0.35355339059327379,0,1,75.131922227342613,75.135249634564559,15,118393175695.68137,3.2149134747784009e-16,5.7736112505199226e-18,6.5717880072013225e-15,1.2908969902539716e-11,1,1,0.66666666666666663,0.58333333333333337
2,test,element,18,23,4,0.35355339059327379,0,1,75.131927616311742,75.135255023766931,15,118393185322.9946,3.2824011513641768e-16,3.9456642409730884e-18,5.4989034470925581e-15,2.5470107523175702e-11,1,1,0.66666666666666663,0.41666666666666669
2,test,element,19,24,4,0.35355339059327379,0,1,44.202955914449355,44.208611283093447,13,109906490073.26193,1.4318789416399906e-16,5.356211846919639e-17,1.4551406325934246e-13,2.5092059096980659e-12,1,1,0.83333333333333337,0.58333333333333337
2,test,patch1,0,1,3,0.5,0,1,2.7443291817332458,2.7781287031322788,15,4502.7799333003268,3.4635058341376105e-16,3.2805888144841107e-17,8.8338163677047718e-16,0,12,2.2360679774997898,0.41666666666666669,0.25
2,test,patch1,1,2,3,0.5,0,1,2.7443291817332467,2.778128703132281,15,4502.7799332984541,1.4330418258194368e-16,3.7753415876633734e-17,1.7642261445750976e-15,0,12,2.2360679774997898,0.58333333333333337,0.75
2,test,patch1,2,5,3,0.5,1,0,3.2539103949509447,3.3046996110391071,15,41872253.023981377,3.7980782317863431e-16,4.754503761538633e-17,3.9006965499058841e-16,0,7,2.2360679774997898,0.75,0.083333333333333329
2,test,patch1,3,6,3,0.5,1,0,3.2539103949495827,3.3046996110376923,15,41872252.994106986,1.2525539199036832e-16,2.1639031024541939e-17,1.542565250117361e-15,0,7,2.2360679774997898,0.25,0.91666666666666663
2,test,patch1,4,7,3,0.5,1,1,3.3198339525970813,3.3706141269380785,15,60446726.67766469,2.782148102885037e-16,4.6702250557472934e-17,4.6605506886962486e-16,0,7,2.2360679774997898,0.083333333333333329,0.25
2,test,patch1,5,8,3,0.5,1,1,3.3198339525989642,3.3706141269400733,15,60446726.836900502,2.7057890992632493e-16,2.9394447276431854e-17,7.4831695383267731e-16,0,7,2.2360679774997898,0.91666666666666663,0.75
2,test,patch1,6,9,3,0.5,1,0,3.2539103949441635,3.3046996110320728,15,41872252.867370091,3.6725213495717443e-16,5.3233540939367839e-17,9.9008252093774149e-16,0,7,2.2360679774997898,0.25,0.083333333333333329
2,test,patch1,7,10,3,0.5,1,0,3.253910394951697,3.3046996110398856,15,41872253.041158542,2.5414384134724611e-16,2.6724752715773312e-17,8.2633832774564038e-16,0,7,2.2360679774997898,0.75,0.91666666666666663
2,test,patch1,8,11,3,0.5,1,1,3.3198339525979219,3.3706141269389787,15,60446726.81445162,1.5048238130971208e-16,5.2043954564599989e-17,8.2812001332606391e-16,0,7,2.2360679774997898,0.083333333333333329,0.75
2,test,patch1,9,12,3,0.5,1,1,3.3198339525985263,3.370614126939611,15,60446726.827137299,3.3451011974489532e-16,5.1134402800375763e-17,1.2465518013780031e-15,0,7,2.2360679774997898,0.91666666666666663,0.25
2,test,patch1,10,13,3,0.5,0,1,2.7443291817332387,2.778128703132273,15,4502.7799332996101,1.5919965273876593e-16,4.4378706429831387e-17,1.3943075636130451e-15,0,12,2.2360679774997898,0.58333333333333337,0.25
2,test,patch1,11,14,3,0.5,0,1,2.7443291817332391,2.778128703132273,15,4502.7799332991808,2.7138975686121653e-16,3.7040533935790483e-17,6.9787709160030872e-16,0,12,2.2360679774997898,0.41666666666666669,0.75
2,test,patch1,12,17,4,0.35355339059327379,0,1,2.8145374860659369,2.8317785464872989,15,43728933.335033745,1.9545560348820515e-16,4.5902606207602236e-17,1.746004469134999e-15,0,8,3.1622776601683791,0.16666666666666666,0.58333333333333337
2,test,patch1,13,18,4,0.35355339059327379,0,1,2.4577253269302517,2.4755704130895819,15,3909.7731906324279,1.4673092714071732e-16,4.0403175877212238e-17,1.4513415142088723e-15,0,12,3.1622776601683791,0.33333333333333331,0.41666666666666669
2,test,patch1,14,19,4,0.35355339059327379,0,1,2.457725326930253,2.475570413089581,15,3909.7731906330114,1.6619608642758756e-16,3.6858957066137367e-17,1.1295906546344854e-15,0,12,3.1622776601683791,0.33333333333333331,0.58333333333333337
2,test,patch1,15,20,4,0.35355339059327379,0,1,2.8145374860716159,2.8317785464929552,15,43728933.374353535,1.7285732999985404e-16,4.6253634190477513e-17,1.301716204048453e-15,0,8,3.1622776601683791,0.16666666666666666,0.41666666666666669
2,test,patch1,16,21,4,0.35355339059327379,0,1,2.8145374860803192,2.8317785465015923,15,43728933.533434443,1.0865559886546194e-16,3.7505077073392414e-17,9.8994046255356818e-16,0,8,3.1622776601683791,0.83333333333333337,0.41666666666666669
2,test,patch1,17,22,4,0.35355339059327379,0,1,2.4577253269302459,2.4755704130895757,15,3909.7731906316703,3.2149134747784009e-16,3.1856857521269447e-17,1.1514032257595016e-15,0,12,3.1622776601683791,0.66666666666666663,0.58333333333333337
2,test,patch1,18,23,4,0.35355339059327379,0,1,2.4577253269302468,2.4755704130895748,15,3909.7731906324857,3.2824011513641768e-16,5.8296210454313042e-17,1.5590362461126217e-15,0,12,3.1622776601683791,0.66666666666666663,0.41666666666666669
2,test,patch1,19,24,4,0.35355339059327379,0,1,2.814537486082493,2.8317785465037528,15,43728933.521551959,1.4318789416399906e-16,2.692644436236911e-17,6.2706559300479018e-16,0,8,3.1622776601683791,0.83333333333333337,0.58333333333333337
3,coarse,element,0,2,3,0.5,0,1,8.4852813742385642,8.544003745317525,3,3.9999999999999996,0,0,2.9687347692919425e-16,0,1,1,0.58333333333333337,0.75
3,coarse,element,1,5,3,0.5,1,1,8.4852813742385624,8.5440037453175233,3,3.999999999999996,0,5.5511151231257802e-17,2.6637378774710105e-16,0,1,1,0.75,0.083333333333333329
3,coarse,element,2,6,3,0.5,1,0,8.4852813742385766,8.5440037453175375,3,4.0000000000000071,0,5.5511151231257839e-17,1.1645185369284679e-16,0,1,1,0.25,0.91666666666666663
3,coarse,element,3,7,3,0.5,1,1,8.4852813742385624,8.5440037453175233,3,3.999999999999996,0,5.5511151231257802e-17,2.6637378774710105e-16,0,1,1,0.083333333333333329,0.25
3,coarse,element,4,8,3,0.5,1,1,8.4852813742385624,8.5440037453175233,3,3.999999999999996,0,5.5511151231257802e-17,2.6637378774710105e-16,0,1,1,0.91666666666666663,0.75
3,coarse,element,5,9,3,0.5,1,1,8.4852813742385642,8.5440037453175268,3,3.999999999999996,0,0,1.4591220689383054e-16,3.8933848534800047e-16,1,1,0.25,0.083333333333333329
3,coarse,element,6,10,3,0.5,1,0,8.4852813742385766,8.5440037453175393,3,4.0000000000000071,0,5.5511151231257839e-17,3.416824233655174e-16,3.8933848534799934e-16,1,1,0.75,0.91666666666666663
3,coarse,element,7,11,3,0.5,1,1,8.4852813742385642,8.5440037453175268,3,3.999999999999996,0,0,1.4591220689383054e-16,3.8933848534800047e-16,1,1,0.083333333333333329,0.75
3,coarse,element,8,12,3,0.5,1,1,8.4852813742385642,8.5440037453175268,3,3.999999999999996,0,0,1.4591220689383054e-16,3.8933848534800047e-16,1,1,0.91666666666666663,0.25
3,coarse,element,9,14,3,0.5,0,1,8.4852813742385642,8.5440037453175268,3,3.999999999999996,0,5.5511151231257802e-17,2.3830583716764445e-16,3.8933848534800047e-16,1,1,0.41666666666666669,0.75
3,coarse,element,10,17,4,0.35355339059327379,0,1,8.4852813742385713,8.5146931829632013,3,4.0000000000000018,0,0,1.5933109831828975e-16,1.5313421029312502e-18,1,1,0.16666666666666666,0.58333333333333337
3,coarse,element,11,18,4,0.35355339059327379,0,0,8.4852813742385713,8.5146931829632013,3,4.0000000000000018,0,0,1.5933109831828975e-16,1.5313421029312502e-18,1,1,0.33333333333333331,0.41666666666666669
3,coarse,element,12,19,4,0.35355339059327379,0,1,8.4852813742385713,8.5146931829632013,3,4.0000000000000018,0,0,1.5933109831828975e-16,1.5313421029312502e-18,1,1,0.33333333333333331,0.58333333333333337
3,coarse,element,13,20,4,0.35355339059327379,0,1,8.4852813742385713,8.5146931829632013,3,4.0000000000000018,0,0,1.5933109831828975e-16,1.5313421029312502e-18,1,1,0.16666666666666666,0.41666666666666669
3,coarse,element,14,21,4,0.35355339059327379,0,1,8.4852813742385713,8.5146931829632013,3,4.0000000000000018,0,0,1.5933109831828975e-16,1.5313421029312502e-18,1,1,0.83333333333333337,0.41666666666666669
3,coarse,element,15,22,4,0.35355339059327379,0,1,8.4852813742385713,8.5146931829632013,3,4.0000000000000018,0,0,1.5933109831828975e-16,1.5313421029312502e-18,1,1,0.66666666666666663,0.58333333333333337
3,coarse,element,16,23,4,0.35355339059327379,0,0,8.4852813742385713,8.5146931829632013,3,4.0000000000000018,0,0,1.5933109831828975e-16,1.5313421029312502e-18,1,1,0.66666666666666663,0.41666666666666669
3,coarse,element,17,24,4,0.35355339059327379,0,1,8.4852813742385713,8.5146931829632013,3,4.0000000000000018,0,0,1.5933109831828975e-16,1.5313421029312502e-18,1,1,0.83333333333333337,0.58333333333333337
3,coarse,element,18,25,4,0.35355339059327379,0,1,8.4852813742385713,8.5146931829632013,3,4.0000000000000018,0,0,1.5933109831828975e-16,1.5313421029312502e-18,1,1,0.41666666666666669,0.16666666666666666
3,coarse,element,19,26,4,0.35355339059327379,0,0,8.4852813742385713,8.5146931829632013,3,4.0000000000000018,0,0,1.5933109831828975e-16,1.5313421029312502e-18,1,1,0.58333333333333337,0.33333333333333331
3,coarse,element,20,27,4,0.35355339059327379,0,0,8.4852813742385713,8.5146931829632013,3,4.0000000000000018,0,0,1.5933109831828975e-16,1.5313421029312502e-18,1,1,0.41666666666666669,0.33333333333333331
3,coarse,element,21,28,4,0.35355339059327379,0,1,8.4852813742385713,8.5146931829632013,3,4.0000000000000018,0,0,1.5933109831828975e-16,1.5313421029312502e-18,1,1,0.58333333333333337,0.16666666666666666
3,coarse,patch1,0,2,3,0.5,0,1,3.710013937422767,3.7361760727989042,12,11.892922234025935,0,0,3.3437635254374011e-16,0,12,2.2360679774997898,0.58333333333333337,0.75
3,coarse,patch1,1,5,3,0.5,1,1,4.3669970062358603,4.4025231880189875,9,8.4389712503745677,0,0,5.5049851199068127e-16,0,8,2.2360679774997898,0.75,0.083333333333333329
3,coarse,patch1,2,6,3,0.5,1,0,4.3164129776306224,4.3521109734084229,8,8.1373094066368168,0,1.4719616800160371e-17,7.6830996070309315e-16,0,7,2.2360679774997898,0.25,0.91666666666666663
3,coarse,patch1,3,7,3,0.5,1,1,4.3669970062358612,4.4025231880189892,9,8.4389712503746086,0,0,3.1364992880740851e-16,0,8,2.2360679774997898,0.083333333333333329,0.25
3,coarse,patch1,4,8,3,0.5,1,1,4.3609854894208615,4.3962074242453371,8,8.2719412443890707,0,0,5.3165340769178643e-16,0,7,2.2360679774997898,0.91666666666666663,0.75
3,coarse,patch1,5,9,3,0.5,1,1,4.3669970062358603,4.4025231880189875,9,8.4389712503746122,0,1.6887162553771229e-17,6.4052580304279778e-16,0,8,2.2360679774997898,0.25,0.083333333333333329
3,coarse,patch1,6,10,3,0.5,1,0,4.316412977630617,4.3521109734084185,8,8.1373094066368203,0,0,3.8163924583799334e-16,0,7,2.2360679774997898,0.75,0.91666666666666663
3,coarse,patch1,7,11,3,0.5,1,1,4.3609854894208677,4.3962074242453442,8,8.2719412443890761,0,1.6349611453819181e-17,4.7439301027657488e-16,0,7,2.2360679774997898,0.083333333333333329,0.75
3,coarse,patch1,8,12,3,0.5,1,1,4.3669970062358594,4.4025231880189883,9,8.4389712503746086,0,1.6887162553771229e-17,7.0876234829516082e-16,0,8,2.2360679774997898,0.91666666666666663,0.25
3,coarse,patch1,9,14,3,0.5,0,1,3.7100139374227687,3.7361760727989064,12,11.892922234025969,0,1.215378406530786e-17,6.3096210435546575e-16,0,12,2.2360679774997898,0.41666666666666669,0.75
3,coarse,patch1,10,17,4,0.35355339059327379,0,1,3.2730535981325954,3.2856946674966578,8,7.6058862214629679,0,1.5462243000728855e-17,3.1274136381574025e-16,0,8,3.1622776601683791,0.16666666666666666,0.58333333333333337
3,coarse,patch1,11,18,4,0.35355339059327379,0,0,3.1946779712391038,3.2077584734172233,12,9.4372210794753286,0,1.2744451024394275e-17,2.0370825637455668e-16,0,13,3.1622776601683791,0.33333333333333331,0.41666666666666669
3,coarse,patch1,12,19,4,0.35355339059327379,0,1,3.1885267443351797,3.2020806989268462,11,10.907326851035487,0,0,9.8798961896517717e-16,0,12,2.9999999999999996,0.33333333333333331,0.58333333333333337
3,coarse,patch1,13,20,4,0.35355339059327379,0,1,3.3141379638813233,3.326961775216998,9,7.4329556066482798,0,0,2.3072541859263264e-16,0,9,3.1622776601683791,0.16666666666666666,0.41666666666666669
3,coarse,patch1,14,21,4,0.35355339059327379,0,1,3.3141379638813229,3.326961775216998,9,7.4329556066482834,0,1.598772316992968e-17,6.6081851840978296e-16,0,9,3.1622776601683791,0.83333333333333337,0.41666666666666669
3,coarse,patch1,15,22,4,0.35355339059327379,0,1,3.1885267443351797,3.2020806989268462,11,10.907326851035483,0,1.2772532845495921e-17,8.0035119807505136e-16,0,12,2.9999999999999996,0.66666666666666663,0.58333333333333337
3,coarse,patch1,16,23,4,0.35355339059327379,0,0,3.1946779712391029,3.2077584734172229,12,9.4372210794753197,0,1.2744451024394275e-17,5.2710995200256651e-16,0,13,3.1622776601683791,0.66666666666666663,0.41666666666666669
3,coarse,patch1,17,24,4,0.35355339059327379,0,1,3.273053598132595,3.2856946674966561,8,7.605886221462975,0,0,6.3121668703803402e-16,0,8,3.1622776601683791,0.83333333333333337,0.58333333333333337
3,coarse,patch1,18,25,4,0.35355339059327379,0,1,3.3141379638813229,3.3269617752169971,9,7.4329556066482754,0,1.5987723169929677e-17,1.8917740253794231e-16,0,9,3.1622776601683791,0.41666666666666669,0.16666666666666666
3,coarse,patch1,19,26,4,0.35355339059327379,0,0,3.2252731988477867,3.2385469352662883,12,8.2930145997475293,0,1.278193478482242e-17,6.8368647476229394e-16,0,13,3.1622776601683791,0.58333333333333337,0.33333333333333331
3,coarse,patch1,20,27,4,0.35355339059327379,0,0,3.225273198847785,3.2385469352662866,12,8.2930145997475382,0,1.278193478482242e-17,4.5452067599344963e-16,0,13,3.1622776601683791,0.41666666666666669,0.33333333333333331
3,coarse,patch1,21,28,4,0.35355339059327379,0,1,3.3141379638813246,3.326961775216998,9,7.4329556066482843,0,0,5.0815023815975074e-16,0,9,3.1622776601683791,0.58333333333333337,0.16666666666666666
3,trial,element,0,2,3,0.5,0,1,101.71241295345338,101.71732865561319,16,79980405842.091003,1.3848133534814884e-16,8.4920165208926802e-18,7.4769385303347506e-15,1.9520036116322231e-12,1,1,0.58333333333333337,0.75
3,trial,element,1,5,3,0.5,1,1,51.910765002137559,51.92039602125481,13,11776740909.128174,1.5627627672118714e-16,9.3758179473451796e-18,3.2478748207791935e-14,3.8289346131888406e-11,1,1,0.75,0.083333333333333329
3,trial,element,2,6,3,0.5,1,0,51.819359079267976,51.829007084725482,13,20960095980.454033,2.339491596740541e-16,5.7507947698683281e-17,5.6702935857868566e-14,8.9773059647009024e-13,1,1,0.25,0.91666666666666663
3,trial,element,3,7,3,0.5,1,1,52.095048716517162,52.104645675130847,13,19305212419.54718,1.5653754005089415e-16,5.7356781647942458e-17,8.4393198669174922e-15,5.69580292750699e-11,1,1,0.083333333333333329,0.25
3,trial,element,4,8,3,0.5,1,1,50.238718090268172,50.248669580098614,13,212835949829.56995,1.8784759776006589e-16,6.2568221468075099e-17,2.3861669796519508e-13,3.1030997295072825e-10,1,1,0.91666666666666663,0.75
3,trial,element,5,9,3,0.5,1,1,51.910768205413724,51.920399225132748,13,11776742257.217888,1.1200233678591761e-16,1.1335109889041873e-16,2.2151991502231937e-14,7.779899974401891e-12,1,1,0.25,0.083333333333333329
3,trial,element,6,10,3,0.5,1,0,51.819359028345481,51.829007033783434,13,20960096032.752007,2.8043586246752643e-16,7.955718543115912e-17,5.4401828654396111e-14,2.2261281098972896e-13,1,1,0.75,0.91666666666666663
3,trial,element,7,11,3,0.5,1,1,50.238710844884409,50.248662333293076,13,212835814865.82257,2.0359675033256028e-16,6.2227835318950994e-17,9.2361270660158131e-14,4.2401220587220857e-10,1,1,0.083333333333333329,0.75
3,trial,element,8,12,3,0.5,1,1,52.095046189500167,52.104643147610624,13,19305210056.238895,2.1178378721412923e-16,5.7721523547940121e-17,6.9033144096232248e-15,1.9776337009834971e-11,1,1,0.91666666666666663,0.25
3,trial,element,9,14,3,0.5,0,1,101.71265405629427,101.71756977009132,16,79980978897.774048,1.1204661407048131e-16,1.2324289759330541e-16,7.111382475082785e-15,4.5986722656966298e-10,1,1,0.41666666666666669,0.75
3,trial,element,10,17,4,0.35355339059327379,0,1,53.211261258324178,53.215959305490664,14,259499820785.92801,1.4311832359178184e-16,5.3849843653008793e-17,1.6881124440351239e-13,3.6020082432461822e-11,1,1,0.16666666666666666,0.58333333333333337
3,trial,element,11,18,4,0.35355339059327379,0,0,77.792439522344523,77.795653129379261,16,240416167343.97824,3.7229488566574648e-16,7.0886280455870896e-18,5.2619658361601235e-14,1.6703653832796145e-10,1,1,0.33333333333333331,0.41666666666666669
3,trial,element,12,19,4,0.35355339059327379,0,1,75.737448239024317,75.740749065935105,16,243379094583.52042,4.6686779828778049e-16,1.0561882372850653e-16,3.6836679452464402e-14,5.7700138842059577e-10,1,1,0.33333333333333331,0.58333333333333337
3,trial,element,13,20,4,0.35355339059327379,0,1,51.594173110641201,51.599018405931247,14,283690293931.79028,8.1686699299999066e-17,9.123761176479954e-18,2.8073360116584325e-14,5.5768757328375441e-10,1,1,0.16666666666666666,0.41666666666666669
3,trial,element,14,21,4,0.35355339059327379,0,1,51.594088499556257,51.598933788351786,14,283686845821.49982,1.8169552326817006e-16,9.1547596974200872e-18,1.6879030176457652e-14,2.0026339890138902e-12,1,1,0.83333333333333337,0.41666666666666669
3,trial,element,15,22,4,0.35355339059327379,0,1,75.737196595933767,75.740497411866912,16,243373649531.9856,8.9871844576295333e-17,7.4828133885209653e-17,2.941749954462662e-14,2.4583496395054195e-12,1,1,0.66666666666666663,0.58333333333333337
3,trial,element,16,23,4,0.35355339059327379,0,0,77.792417387660677,77.795630993733894,16,240415569703.44992,1.1488123857517751e-16,5.4948722894580484e-17,1.8467255123346747e-14,2.1526216995097245e-10,1,1,0.66666666666666663,0.41666666666666669
3,trial,element,17,24,4,0.35355339059327379,0,1,53.211249979354349,53.215948025500523,14,259499050935.69028,1.5802644428037966e-16,7.5957876339423306e-17,2.8440096532038416e-13,3.974840230368046e-11,1,1,0.83333333333333337,0.58333333333333337
3,trial,element,18,25,4,0.35355339059327379,0,1,50.522686351145317,50.527634394547576,14,303024889786.8764,8.2210990354010307e-17,7.7365474310765339e-17,6.2870752353916431e-15,5.3773571917798514e-10,1,1,0.41666666666666669,0.16666666666666666
3,trial,element,19,26,4,0.35355339059327379,0,0,72.075830747452031,72.07929923297165,16,25116093791.108624,1.2062965171677641e-16,1.0849726672875372e-17,2.4790011916363962e-14,3.6732175038779137e-12,1,1,0.58333333333333337,0.33333333333333331
3,trial,element,20,27,4,0.35355339059327379,0,0,72.075830982589196,72.079299468151731,16,25116099675.172504,1.0348186387158951e-16,7.7049570085830759e-17,3.9922871705990016e-14,2.1684289714234743e-12,1,1,0.41666666666666669,0.33333333333333331
3,trial,element,21,28,4,0.35355339059327379,0,1,50.522606837055157,50.527554873445183,14,303022286485.36914,1.5141494737088802e-16,6.3364288646735172e-18,1.509641303818518e-14,4.8036394722788392e-11,1,1,0.58333333333333337,0.16666666666666666
3,trial,patch1,0,2,3,0.5,0,1,2.7803889200333516,2.8136017453171784,16,16785.796891074089,1.3848133534814884e-16,6.3296818813954156e-17,9.9983765866201649e-16,0,12,2.2360679774997898,0.58333333333333337,0.75
3,trial,patch1,1,5,3,0.5,1,1,3.2187112480049986,3.2707677333989933,16,79729938.014370188,1.5627627672118714e-16,3.608026059526487e-17,4.754251522252364e-16,0,8,2.2360679774997898,0.75,0.083333333333333329
3,trial,patch1,2,6,3,0.5,1,0,3.2530911276559662,3.3037221877240386,16,47411198.254684567,2.339491596740541e-16,3.7046098923707965e-17,1.536135619332232e-15,0,7,2.2360679774997898,0.25,0.91666666666666663
3,trial,patch1,3,7,3,0.5,1,1,3.2177737880108417,3.2697091069088864,16,58329649.154794917,1.5653754005089415e-16,1.8099349224756714e-17,8.1331441693659218e-16,0,8,2.2360679774997898,0.083333333333333329,0.25
3,trial,patch1,4,8,3,0.5,1,1,3.3243542922949718,3.3749858153143268,16,105009091.5576802,1.8784759776006589e-16,4.0785218840102476e-17,4.9803320955311833e-16,0,7,2.2360679774997898,0.91666666666666663,0.75
3,trial,patch1,5,9,3,0.5,1,1,3.2187112480050235,3.2707677333990537,16,79729937.980472818,1.1200233678591761e-16,5.309627869162732e-17,7.0025445068883007e-16,0,8,2.2360679774997898,0.25,0.083333333333333329
3,trial,patch1,6,10,3,0.5,1,0,3.2530911276517127,3.3037221877198526,16,47411198.120378591,2.8043586246752643e-16,5.5498029064604668e-17,1.6203555163985857e-15,0,7,2.2360679774997898,0.75,0.91666666666666663
3,trial,patch1,7,11,3,0.5,1,1,3.3243542922991982,3.3749858153183236,16,105009092.17952353,2.0359675033256028e-16,5.1640097460911431e-17,7.8965862087582784e-16,0,7,2.2360679774997898,0.083333333333333329,0.75
3,trial,patch1,8,12,3,0.5,1,1,3.217773788010875,3.2697091069089028,16,58329649.293557957,2.1178378721412923e-16,4.1902628430973928e-17,1.6375948391258421e-15,0,8,2.2360679774997898,0.91666666666666663,0.25
3,trial,patch1,9,14,3,0.5,0,1,2.7803889200333014,2.81360174531713,16,16785.796891058882,1.1204661407048131e-16,3.7841671309207151e-17,9.4915847349592043e-16,0,12,2.2360679774997898,0.41666666666666669,0.75
3,trial,patch1,10,17,4,0.35355339059327379,0,1,2.8422241998308704,2.8597124273759773,16,44837794.731589042,1.4311832359178184e-16,5.3588801403282304e-17,1.7658615048523209e-15,0,8,3.1622776601683791,0.16666666666666666,0.58333333333333337
3,trial,patch1,11,18,4,0.35355339059327379,0,0,2.4685995629684396,2.4863502544928129,16,9495.4222316937212,3.7229488566574648e-16,4.3742742396395233e-17,1.3936021762870193e-15,0,13,3.1622776601683791,0.33333333333333331,0.41666666666666669
3,trial,patch1,12,19,4,0.35355339059327379,0,1,2.5372789189910523,2.5549622912136161,16,16225.800775205988,4.6686779828778049e-16,4.4333219816749156e-17,1.0095553659055621e-15,0,12,2.9999999999999996,0.33333333333333331,0.58333333333333337
3,trial,patch1,13,20,4,0.35355339059327379,0,1,2.7977653947727439,2.8153199221631175,16,42439419.883438937,8.1686699299999066e-17,1.8722990822905322e-17,1.3222219185180667e-15,0,9,3.1622776601683791,0.16666666666666666,0.41666666666666669
3,trial,patch1,14,21,4,0.35355339059327379,0,1,2.7977653947765626,2.8153199221669345,16,42439419.867460042,1.8169552326817006e-16,4.1673953892163315e-17,9.6845392747743214e-16,0,9,3.1622776601683791,0.83333333333333337,0.41666666666666669
3,trial,patch1,15,22,4,0.35355339059327379,0,1,2.537278918991059,2.5549622912136223,16,16225.800775195181,8.9871844576295333e-17,6.1348663734290656e-17,1.0443168905765579e-15,0,12,2.9999999999999996,0.66666666666666663,0.58333333333333337
3,trial,patch1,16,23,4,0.35355339059327379,0,0,2.4685995629684481,2.4863502544928218,16,9495.4222317058448,1.1488123857517751e-16,5.4782291019699491e-17,1.5170631189761679e-15,0,13,3.1622776601683791,0.66666666666666663,0.41666666666666669
3,trial,patch1,17,24,4,0.35355339059327379,0,1,2.8422241998361075,2.8597124273813113,16,44837794.906145543,1.5802644428037966e-16,2.7186840347100499e-17,1.1163174982464837e-15,0,8,3.1622776601683791,0.83333333333333337,0.58333333333333337
3,trial,patch1,18,25,4,0.35355339059327379,0,1,2.8212315991334709,2.839011261002188,16,39455946.21912273,8.2210990354010307e-17,5.4987058664638964e-17,6.1816740469304793e-16,0,9,3.1622776601683791,0.41666666666666669,0.16666666666666666
3,trial,patch1,19,26,4,0.35355339059327379,0,0,2.5173090701829257,2.5352420619525176,16,3739.9180506877024,1.2062965171677641e-16,6.0969160783626947e-17,2.3980495638364085e-15,0,13,3.1622776601683791,0.58333333333333337,0.33333333333333331
3,trial,patch1,20,27,4,0.35355339059327379,0,0,2.5173090701829337,2.5352420619525264,16,3739.9180506879775,1.0348186387158951e-16,3.4278104768986276e-17,2.239258949856508e-15,0,13,3.1622776601683791,0.41666666666666669,0.33333333333333331
3,trial,patch1,21,28,4,0.35355339059327379,0,1,2.8212315991407069,2.8390112610095524,16,39455946.324658677,1.5141494737088802e-16,3.4092768872266831e-17,1.7933992776823255e-15,0,9,3.1622776601683791,0.58333333333333337,0.16666666666666666
3,test,element,0,2,3,0.5,0,1,101.71241295345338,101.71732865561319,16,79980405842.091003,1.3848133534814884e-16,8.4920165208926802e-18,7.4769385303347506e-15,1.9520036116322231e-12,1,1,0.58333333333333337,0.75
3,test,element,1,5,3,0.5,1,1,51.910765002137559,51.92039602125481,13,11776740909.128174,1.5627627672118714e-16,9.3758179473451796e-18,3.2478748207791935e-14,3.8289346131888406e-11,1,1,0.75,0.083333333333333329
3,test,element,2,6,3,0.5,1,0,51.819359079267976,51.829007084725482,13,20960095980.454033,2.339491596740541e-16,5.7507947698683281e-17,5.6702935857868566e-14,8.9773059647009024e-13,1,1,0.25,0.91666666666666663
3,test,element,3,7,3,0.5,1,1,52.095048716517162,52.104645675130847,13,19305212419.54718,1.5653754005089415e-16,5.7356781647942458e-17,8.4393198669174922e-15,5.69580292750699e-11,1,1,0.083333333333333329,0.25
3,test,element,4,8,3,0.5,1,1,50.238718090268172,50.248669580098614,13,212835949829.56995,1.8784759776006589e-16,6.2568221468075099e-17,2.3861669796519508e-13,3.1030997295072825e-10,1,1,0.91666666666666663,0.75
3,test,element,5,9,3,0.5,1,1,51.910768205413724,51.920399225132748,13,11776742257.217888,1.1200233678591761e-16,1.1335109889041873e-16,2.2151991502231937e-14,7.779899974401891e-12,1,1,0.25,0.083333333333333329
3,test,element,6,10,3,0.5,1,0,51.819359028345481,51.829007033783434,13,20960096032.752007,2.8043586246752643e-16,7.955718543115912e-17,5.4401828654396111e-14,2.2261281098972896e-13,1,1,0.75,0.91666666666666663
3,test,element,7,11,3,0.5,1,1,50.238710844884409,50.248662333293076,13,212835814865.82257,2.0359675033256028e-16,6.2227835318950994e-17,9.2361270660158131e-14,4.2401220587220857e-10,1,1,0.083333333333333329,0.75
3,test,element,8,12,3,0.5,1,1,52.095046189500167,52.104643147610624,13,19305210056.238895,2.1178378721412923e-16,5.7721523547940121e-17,6.9033144096232248e-15,1.9776337009834971e-11,1,1,0.91666666666666663,0.25
3,test,element,9,14,3,0.5,0,1,101.71265405629427,101.71756977009132,16,79980978897.774048,1.1204661407048131e-16,1.2324289759330541e-16,7.111382475082785e-15,4.5986722656966298e-10,1,1,0.41666666666666669,0.75
3,test,element,10,17,4,0.35355339059327379,0,1,53.211261258324178,53.215959305490664,14,259499820785.92801,1.4311832359178184e-16,5.3849843653008793e-17,1.6881124440351239e-13,3.6020082432461822e-11,1,1,0.16666666666666666,0.58333333333333337
3,test,element,11,18,4,0.35355339059327379,0,0,77.792439522344523,77.795653129379261,16,240416167343.97824,3.7229488566574648e-16,7.0886280455870896e-18,5.2619658361601235e-14,1.6703653832796145e-10,1,1,0.33333333333333331,0.41666666666666669
3,test,element,12,19,4,0.35355339059327379,0,1,75.737448239024317,75.740749065935105,16,243379094583.52042,4.6686779828778049e-16,1.0561882372850653e-16,3.6836679452464402e-14,5.7700138842059577e-10,1,1,0.33333333333333331,0.58333333333333337
3,test,element,13,20,4,0.35355339059327379,0,1,51.594173110641201,51.599018405931247,14,283690293931.79028,8.1686699299999066e-17,9.123761176479954e-18,2.8073360116584325e-14,5.5768757328375441e-10,1,1,0.16666666666666666,0.41666666666666669
3,test,element,14,21,4,0.35355339059327379,0,1,51.594088499556257,51.598933788351786,14,283686845821.49982,1.8169552326817006e-16,9.1547596974200872e-18,1.6879030176457652e-14,2.0026339890138902e-12,1,1,0.83333333333333337,0.41666666666666669
3,test,element,15,22,4,0.35355339059327379,0,1,75.737196595933767,75.740497411866912,16,243373649531.9856,8.9871844576295333e-17,7.4828133885209653e-17,2.941749954462662e-14,2.4583496395054195e-12,1,1,0.66666666666666663,0.58333333333333337
3,test,element,16,23,4,0.35355339059327379,0,0,77.792417387660677,77.795630993733894,16,240415569703.44992,1.1488123857517751e-16,5.4948722894580484e-17,1.8467255123346747e-14,2.1526216995097245e-10,1,1,0.66666666666666663,0.41666666666666669
3,test,element,17,24,4,0.35355339059327379,0,1,53.211249979354349,53.215948025500523,14,259499050935.69028,1.5802644428037966e-16,7.5957876339423306e-17,2.8440096532038416e-13,3.974840230368046e-11,1,1,0.83333333333333337,0.58333333333333337
3,test,element,18,25,4,0.35355339059327379,0,1,50.522686351145317,50.527634394547576,14,303024889786.8764,8.2210990354010307e-17,7.7365474310765339e-17,6.2870752353916431e-15,5.3773571917798514e-10,1,1,0.41666666666666669,0.16666666666666666
3,test,element,19,26,4,0.35355339059327379,0,0,72.075830747452031,72.07929923297165,16,25116093791.108624,1.2062965171677641e-16,1.0849726672875372e-17,2.4790011916363962e-14,3.6732175038779137e-12,1,1,0.58333333333333337,0.33333333333333331
3,test,element,20,27,4,0.35355339059327379,0,0,72.075830982589196,72.079299468151731,16,25116099675.172504,1.0348186387158951e-16,7.7049570085830759e-17,3.9922871705990016e-14,2.1684289714234743e-12,1,1,0.41666666666666669,0.33333333333333331
3,test,element,21,28,4,0.35355339059327379,0,1,50.522606837055157,50.527554873445183,14,303022286485.36914,1.5141494737088802e-16,6.3364288646735172e-18,1.509641303818518e-14,4.8036394722788392e-11,1,1,0.58333333333333337,0.16666666666666666
3,test,patch1,0,2,3,0.5,0,1,2.7803889200333516,2.8136017453171784,16,16785.796891074089,1.3848133534814884e-16,6.3296818813954156e-17,9.9983765866201649e-16,0,12,2.2360679774997898,0.58333333333333337,0.75
3,test,patch1,1,5,3,0.5,1,1,3.2187112480049986,3.2707677333989933,16,79729938.014370188,1.5627627672118714e-16,3.608026059526487e-17,4.754251522252364e-16,0,8,2.2360679774997898,0.75,0.083333333333333329
3,test,patch1,2,6,3,0.5,1,0,3.2530911276559662,3.3037221877240386,16,47411198.254684567,2.339491596740541e-16,3.7046098923707965e-17,1.536135619332232e-15,0,7,2.2360679774997898,0.25,0.91666666666666663
3,test,patch1,3,7,3,0.5,1,1,3.2177737880108417,3.2697091069088864,16,58329649.154794917,1.5653754005089415e-16,1.8099349224756714e-17,8.1331441693659218e-16,0,8,2.2360679774997898,0.083333333333333329,0.25
3,test,patch1,4,8,3,0.5,1,1,3.3243542922949718,3.3749858153143268,16,105009091.5576802,1.8784759776006589e-16,4.0785218840102476e-17,4.9803320955311833e-16,0,7,2.2360679774997898,0.91666666666666663,0.75
3,test,patch1,5,9,3,0.5,1,1,3.2187112480050235,3.2707677333990537,16,79729937.980472818,1.1200233678591761e-16,5.309627869162732e-17,7.0025445068883007e-16,0,8,2.2360679774997898,0.25,0.083333333333333329
3,test,patch1,6,10,3,0.5,1,0,3.2530911276517127,3.3037221877198526,16,47411198.120378591,2.8043586246752643e-16,5.5498029064604668e-17,1.6203555163985857e-15,0,7,2.2360679774997898,0.75,0.91666666666666663
3,test,patch1,7,11,3,0.5,1,1,3.3243542922991982,3.3749858153183236,16,105009092.17952353,2.0359675033256028e-16,5.1640097460911431e-17,7.8965862087582784e-16,0,7,2.2360679774997898,0.083333333333333329,0.75
3,test,patch1,8,12,3,0.5,1,1,3.217773788010875,3.2697091069089028,16,58329649.293557957,2.1178378721412923e-16,4.1902628430973928e-17,1.6375948391258421e-15,0,8,2.2360679774997898,0.91666666666666663,0.25
3,test,patch1,9,14,3,0.5,0,1,2.7803889200333014,2.81360174531713,16,16785.796891058882,1.1204661407048131e-16,3.7841671309207151e-17,9.4915847349592043e-16,0,12,2.2360679774997898,0.41666666666666669,0.75
3,test,patch1,10,17,4,0.35355339059327379,0,1,2.8422241998308704,2.8597124273759773,16,44837794.731589042,1.4311832359178184e-16,5.3588801403282304e-17,1.7658615048523209e-15,0,8,3.1622776601683791,0.16666666666666666,0.58333333333333337
3,test,patch1,11,18,4,0.35355339059327379,0,0,2.4685995629684396,2.4863502544928129,16,9495.4222316937212,3.7229488566574648e-16,4.3742742396395233e-17,1.3936021762870193e-15,0,13,3.1622776601683791,0.33333333333333331,0.41666666666666669
3,test,patch1,12,19,4,0.35355339059327379,0,1,2.5372789189910523,2.5549622912136161,16,16225.800775205988,4.6686779828778049e-16,4.4333219816749156e-17,1.0095553659055621e-15,0,12,2.9999999999999996,0.33333333333333331,0.58333333333333337
3,test,patch1,13,20,4,0.35355339059327379,0,1,2.7977653947727439,2.8153199221631175,16,42439419.883438937,8.1686699299999066e-17,1.8722990822905322e-17,1.3222219185180667e-15,0,9,3.1622776601683791,0.16666666666666666,0.41666666666666669
3,test,patch1,14,21,4,0.35355339059327379,0,1,2.7977653947765626,2.8153199221669345,16,42439419.867460042,1.8169552326817006e-16,4.1673953892163315e-17,9.6845392747743214e-16,0,9,3.1622776601683791,0.83333333333333337,0.41666666666666669
3,test,patch1,15,22,4,0.35355339059327379,0,1,2.537278918991059,2.5549622912136223,16,16225.800775195181,8.9871844576295333e-17,6.1348663734290656e-17,1.0443168905765579e-15,0,12,2.9999999999999996,0.66666666666666663,0.58333333333333337
3,test,patch1,16,23,4,0.35355339059327379,0,0,2.4685995629684481,2.4863502544928218,16,9495.4222317058448,1.1488123857517751e-16,5.4782291019699491e-17,1.5170631189761679e-15,0,13,3.1622776601683791,0.66666666666666663,0.41666666666666669
3,test,patch1,17,24,4,0.35355339059327379,0,1,2.8422241998361075,2.8597124273813113,16,44837794.906145543,1.5802644428037966e-16,2.7186840347100499e-17,1.1163174982464837e-15,0,8,3.1622776601683791,0.83333333333333337,0.58333333333333337
3,test,patch1,18,25,4,0.35355339059327379,0,1,2.8212315991334709,2.839011261002188,16,39455946.21912273,8.2210990354010307e-17,5.4987058664638964e-17,6.1816740469304793e-16,0,9,3.1622776601683791,0.41666666666666669,0.16666666666666666
3,test,patch1,19,26,4,0.35355339059327379,0,0,2.5173090701829257,2.5352420619525176,16,3739.9180506877024,1.2062965171677641e-16,6.0969160783626947e-17,2.3980495638364085e-15,0,13,3.1622776601683791,0.58333333333333337,0.33333333333333331
3,test,patch1,20,27,4,0.35355339059327379,0,0,2.5173090701829337,2.5352420619525264,16,3739.9180506879775,1.0348186387158951e-16,3.4278104768986276e-17,2.239258949856508e-15,0,13,3.1622776601683791,0.41666666666666669,0.33333333333333331
3,test,patch1,21,28,4,0.35355339059327379,0,1,2.8212315991407069,2.8390112610095524,16,39455946.324658677,1.5141494737088802e-16,3.4092768872266831e-17,1.7933992776823255e-15,0,9,3.1622776601683791,0.58333333333333337,0.16666666666666666
4,coarse,element,0,5,3,0.5,1,1,8.4852813742385624,8.5440037453175233,3,3.999999999999996,0,5.5511151231257802e-17,2.6637378774710105e-16,0,1,1,0.75,0.083333333333333329
4,coarse,element,1,6,3,0.5,1,1,8.4852813742385624,8.5440037453175233,3,3.999999999999996,0,5.5511151231257802e-17,2.6637378774710105e-16,0,1,1,0.25,0.91666666666666663
4,coarse,element,2,7,3,0.5,1,1,8.4852813742385624,8.5440037453175233,3,3.999999999999996,0,5.5511151231257802e-17,2.6637378774710105e-16,0,1,1,0.083333333333333329,0.25
4,coarse,element,3,8,3,0.5,1,1,8.4852813742385624,8.5440037453175233,3,3.999999999999996,0,5.5511151231257802e-17,2.6637378774710105e-16,0,1,1,0.91666666666666663,0.75
4,coarse,element,4,9,3,0.5,1,1,8.4852813742385642,8.5440037453175268,3,3.999999999999996,0,0,1.4591220689383054e-16,3.8933848534800047e-16,1,1,0.25,0.083333333333333329
4,coarse,element,5,10,3,0.5,1,1,8.4852813742385642,8.5440037453175268,3,3.999999999999996,0,0,1.4591220689383054e-16,3.8933848534800047e-16,1,1,0.75,0.91666666666666663
4,coarse,element,6,11,3,0.5,1,1,8.4852813742385642,8.5440037453175268,3,3.999999999999996,0,0,1.4591220689383054e-16,3.8933848534800047e-16,1,1,0.083333333333333329,0.75
4,coarse,element,7,12,3,0.5,1,1,8.4852813742385642,8.5440037453175268,3,3.999999999999996,0,0,1.4591220689383054e-16,3.8933848534800047e-16,1,1,0.91666666666666663,0.25
4,coarse,element,8,17,4,0.35355339059327379,0,1,8.4852813742385713,8.5146931829632013,3,4.0000000000000018,0,0,1.5933109831828975e-16,1.5313421029312502e-18,1,1,0.16666666666666666,0.58333333333333337
4,coarse,element,9,18,4,0.35355339059327379,0,0,8.4852813742385713,8.5146931829632013,3,4.0000000000000018,0,0,1.5933109831828975e-16,1.5313421029312502e-18,1,1,0.33333333333333331,0.41666666666666669
4,coarse,element,10,19,4,0.35355339059327379,0,0,8.4852813742385713,8.5146931829632013,3,4.0000000000000018,0,0,1.5933109831828975e-16,1.5313421029312502e-18,1,1,0.33333333333333331,0.58333333333333337
4,coarse,element,11,20,4,0.35355339059327379,0,1,8.4852813742385713,8.5146931829632013,3,4.0000000000000018,0,0,1.5933109831828975e-16,1.5313421029312502e-18,1,1,0.16666666666666666,0.41666666666666669
4,coarse,element,12,21,4,0.35355339059327379,0,1,8.4852813742385713,8.5146931829632013,3,4.0000000000000018,0,0,1.5933109831828975e-16,1.5313421029312502e-18,1,1,0.83333333333333337,0.41666666666666669
4,coarse,element,13,22,4,0.35355339059327379,0,0,8.4852813742385713,8.5146931829632013,3,4.0000000000000018,0,0,1.5933109831828975e-16,1.5313421029312502e-18,1,1,0.66666666666666663,0.58333333333333337
4,coarse,element,14,23,4,0.35355339059327379,0,0,8.4852813742385713,8.5146931829632013,3,4.0000000000000018,0,0,1.5933109831828975e-16,1.5313421029312502e-18,1,1,0.66666666666666663,0.41666666666666669
4,coarse,element,15,24,4,0.35355339059327379,0,1,8.4852813742385713,8.5146931829632013,3,4.0000000000000018,0,0,1.5933109831828975e-16,1.5313421029312502e-18,1,1,0.83333333333333337,0.58333333333333337
4,coarse,element,16,25,4,0.35355339059327379,0,1,8.4852813742385713,8.5146931829632013,3,4.0000000000000018,0,0,1.5933109831828975e-16,1.5313421029312502e-18,1,1,0.41666666666666669,0.16666666666666666
4,coarse,element,17,26,4,0.35355339059327379,0,0,8.4852813742385713,8.5146931829632013,3,4.0000000000000018,0,0,1.5933109831828975e-16,1.5313421029312502e-18,1,1,0.58333333333333337,0.33333333333333331
4,coarse,element,18,27,4,0.35355339059327379,0,0,8.4852813742385713,8.5146931829632013,3,4.0000000000000018,0,0,1.5933109831828975e-16,1.5313421029312502e-18,1,1,0.41666666666666669,0.33333333333333331
4,coarse,element,19,28,4,0.35355339059327379,0,1,8.4852813742385713,8.5146931829632013,3,4.0000000000000018,0,0,1.5933109831828975e-16,1.5313421029312502e-18,1,1,0.58333333333333337,0.16666666666666666
4,coarse,element,20,29,4,0.35355339059327379,0,1,8.4852813742385713,8.5146931829632013,3,4.0000000000000018,0,0,1.5933109831828975e-16,1.5313421029312502e-18,1,1,0.58333333333333337,0.83333333333333337
4,coarse,element,21,30,4,0.35355339059327379,0,0,8.4852813742385713,8.5146931829632013,3,4.0000000000000018,0,0,1.5933109831828975e-16,1.5313421029312502e-18,1,1,0.41666666666666669,0.66666666666666663
4,coarse,element,22,31,4,0.35355339059327379,0,0,8.4852813742385713,8.5146931829632013,3,4.0000000000000018,0,0,1.5933109831828975e-16,1.5313421029312502e-18,1,1,0.58333333333333337,0.66666666666666663
4,coarse,element,23,32,4,0.35355339059327379,0,1,8.4852813742385713,8.5146931829632013,3,4.0000000000000018,0,0,1.5933109831828975e-16,1.5313421029312502e-18,1,1,0.41666666666666669,0.83333333333333337
4,coarse,patch1,0,5,3,0.5,1,1,4.3669970062358603,4.4025231880189875,9,8.4389712503745677,0,0,5.5049851199068127e-16,0,8,2.2360679774997898,0.75,0.083333333333333329
4,coarse,patch1,1,6,3,0.5,1,1,4.3669970062358585,4.4025231880189892,9,8.438971250374582,0,0,5.5906274105885985e-16,0,8,2.2360679774997898,0.25,0.91666666666666663
4,coarse,patch1,2,7,3,0.5,1,1,4.3669970062358612,4.4025231880189892,9,8.4389712503746086,0,0,3.1364992880740851e-16,0,8,2.2360679774997898,0.083333333333333329,0.25
4,coarse,patch1,3,8,3,0.5,1,1,4.3669970062358612,4.4025231880189883,9,8.4389712503745873,0,0,4.0168019462971393e-16,0,8,2.2360679774997898,0.91666666666666663,0.75
4,coarse,patch1,4,9,3,0.5,1,1,4.3669970062358603,4.4025231880189875,9,8.4389712503746122,0,1.6887162553771229e-17,6.4052580304279778e-16,0,8,2.2360679774997898,0.25,0.083333333333333329
4,coarse,patch1,5,10,3,0.5,1,1,4.366997006235863,4.4025231880189901,9,8.4389712503746015,0,1.6887162553771229e-17,4.7695019916763761e-16,0,8,2.2360679774997898,0.75,0.91666666666666663
4,coarse,patch1,6,11,3,0.5,1,1,4.3669970062358612,4.4025231880189883,9,8.4389712503745802,0,1.6887162553771229e-17,6.0528267871826793e-16,0,8,2.2360679774997898,0.083333333333333329,0.75
4,coarse,patch1,7,12,3,0.5,1,1,4.3669970062358594,4.4025231880189883,9,8.4389712503746086,0,1.6887162553771229e-17,7.0876234829516082e-16,0,8,2.2360679774997898,0.91666666666666663,0.25
4,coarse,patch1,8,17,4,0.35355339059327379,0,1,3.314137963881326,3.3269617752169984,9,7.4329556066482798,0,1.5987723169929677e-17,7.7371410935760853e-16,0,9,3.1622776601683791,0.16666666666666666,0.58333333333333337
4,coarse,patch1,9,18,4,0.35355339059327379,0,0,3.2724392777393359,3.2853728844144956,12,9.5788391806632767,0,0,1.0612126656871719e-15,0,13,2.9999999999999996,0.33333333333333331,0.41666666666666669
4,coarse,patch1,10,19,4,0.35355339059327379,0,0,3.2724392777393367,3.2853728844144943,12,9.5788391806632731,0,0,5.1300839988301145e-16,0,13,2.9999999999999996,0.33333333333333331,0.58333333333333337
4,coarse,patch1,11,20,4,0.35355339059327379,0,1,3.3141379638813233,3.326961775216998,9,7.4329556066482798,0,0,2.3072541859263264e-16,0,9,3.1622776601683791,0.16666666666666666,0.41666666666666669
4,coarse,patch1,12,21,4,0.35355339059327379,0,1,3.3141379638813229,3.326961775216998,9,7.4329556066482834,0,1.598772316992968e-17,6.6081851840978296e-16,0,9,3.1622776601683791,0.83333333333333337,0.41666666666666669
4,coarse,patch1,13,22,4,0.35355339059327379,0,0,3.2724392777393372,3.2853728844144956,12,9.5788391806632713,0,0,7.5372418670879725e-16,0,13,2.9999999999999996,0.66666666666666663,0.58333333333333337
4,coarse,patch1,14,23,4,0.35355339059327379,0,0,3.2724392777393381,3.2853728844144956,12,9.5788391806632678,0,0,3.3237342288540469e-16,0,13,2.9999999999999996,0.66666666666666663,0.41666666666666669
4,coarse,patch1,15,24,4,0.35355339059327379,0,1,3.3141379638813246,3.3269617752169984,9,7.4329556066482834,0,0,3.2301013215178898e-16,0,9,3.1622776601683791,0.83333333333333337,0.58333333333333337
4,coarse,patch1,16,25,4,0.35355339059327379,0,1,3.3141379638813229,3.3269617752169971,9,7.4329556066482754,0,1.5987723169929677e-17,1.8917740253794231e-16,0,9,3.1622776601683791,0.41666666666666669,0.16666666666666666
4,coarse,patch1,17,26,4,0.35355339059327379,0,0,3.2724392777393367,3.2853728844144943,12,9.5788391806632678,0,0,3.9116108966502563e-16,0,13,2.9999999999999996,0.58333333333333337,0.33333333333333331
4,coarse,patch1,18,27,4,0.35355339059327379,0,0,3.2724392777393354,3.2853728844144938,12,9.5788391806632625,0,0,7.5590599633922118e-16,0,13,2.9999999999999996,0.41666666666666669,0.33333333333333331
4,coarse,patch1,19,28,4,0.35355339059327379,0,1,3.3141379638813246,3.326961775216998,9,7.4329556066482843,0,0,5.0815023815975074e-16,0,9,3.1622776601683791,0.58333333333333337,0.16666666666666666
4,coarse,patch1,20,29,4,0.35355339059327379,0,1,3.3141379638813233,3.326961775216998,9,7.4329556066482771,0,1.5987723169929677e-17,3.1757973622977121e-16,0,9,3.1622776601683791,0.58333333333333337,0.83333333333333337
4,coarse,patch1,21,30,4,0.35355339059327379,0,0,3.2724392777393359,3.2853728844144943,12,9.5788391806632802,0,0,7.9908667636796502e-16,0,13,2.9999999999999996,0.41666666666666669,0.66666666666666663
4,coarse,patch1,22,31,4,0.35355339059327379,0,0,3.2724392777393367,3.2853728844144938,12,9.5788391806632838,0,0,3.2258457352023122e-16,0,13,2.9999999999999996,0.58333333333333337,0.66666666666666663
4,coarse,patch1,23,32,4,0.35355339059327379,0,1,3.3141379638813233,3.3269617752169984,9,7.4329556066482843,0,0,2.0122237812701035e-16,0,9,3.1622776601683791,0.41666666666666669,0.83333333333333337
4,trial,element,0,5,3,0.5,1,1,51.75810179092084,51.767761212883116,13,10344189850.262022,5.0050920631672202e-16,5.7130935614908923e-17,1.2966564644931675e-14,1.9544676426891832e-12,1,1,0.75,0.083333333333333329
4,trial,element,1,6,3,0.5,1,1,51.758103326149637,51.767762748417738,13,10344190668.388071,2.8832364338613697e-16,5.7685419635266357e-17,2.4119003643077863e-15,2.0928142340353531e-11,1,1,0.25,0.91666666666666663
4,trial,element,2,7,3,0.5,1,1,51.758102293654055,51.767761715728156,13,10344190070.480236,6.9307279567676954e-17,6.3857952162577335e-17,3.7227379580124972e-14,5.9899901412349924e-12,1,1,0.083333333333333329,0.25
4,trial,element,3,8,3,0.5,1,1,51.758102125930449,51.767761547969471,13,10344190074.916838,2.6399618002461591e-16,6.2467783321883177e-18,1.6152281433265288e-14,3.4256635058072936e-12,1,1,0.91666666666666663,0.75
4,trial,element,4,9,3,0.5,1,1,51.758104056508266,51.76776347891753,13,10344191073.739723,1.3391630408680899e-16,3.1457012791641925e-17,1.6562300795686363e-14,3.1646829610258009e-11,1,1,0.25,0.083333333333333329
4,trial,element,5,10,3,0.5,1,1,51.758102660364862,51.767762082501925,13,10344190218.017843,1.0100335208652116e-16,3.239464137848422e-17,1.6909497575403127e-14,1.1066039986834759e-11,1,1,0.75,0.91666666666666663
4,trial,element,6,11,3,0.5,1,1,51.758100924312181,51.767760346142595,13,10344189409.389788,2.9931642504670244e-16,5.7321928231551687e-17,2.1927682259496611e-14,1.3296081935836408e-11,1,1,0.083333333333333329,0.75
4,trial,element,7,12,3,0.5,1,1,51.758102271109088,51.767761693180333,13,10344190089.871223,2.2140399823557589e-16,6.3268275073756738e-17,1.2347384984348155e-14,5.7171316717930055e-12,1,1,0.91666666666666663,0.25
4,trial,element,8,17,4,0.35355339059327379,0,1,53.882130190396438,53.886769746383884,15,623272215182.08691,8.3986571200976151e-17,7.0967323696530911e-18,1.6402989485249968e-13,5.3391686987466935e-11,1,1,0.16666666666666666,0.58333333333333337
4,trial,element,9,18,4,0.35355339059327379,0,0,80.320757377637065,80.323869816649719,17,445448575336.71857,3.2631425431117247e-16,8.2222091791484622e-18,2.4731049580143241e-14,5.262223199981263e-10,1,1,0.33333333333333331,0.41666666666666669
4,trial,element,10,19,4,0.35355339059327379,0,0,80.322096855379613,80.32520934626352,17,445485499451.42224,1.1417238478052495e-16,5.7205916540548754e-17,5.1426472702139683e-14,2.0576240595993919e-09,1,1,0.33333333333333331,0.58333333333333337
4,trial,element,11,20,4,0.35355339059327379,0,1,53.882136418277994,53.886775974715484,15,623275304136.74414,2.5635730252491753e-16,7.7758169612772651e-17,2.750472338509578e-13,1.6786965698129202e-11,1,1,0.16666666666666666,0.41666666666666669
4,trial,element,12,21,4,0.35355339059327379,0,1,53.88213773352539,53.886777290353933,15,623280222131.79968,2.1417793369844753e-16,5.4849717987644767e-17,1.2002928361364311e-13,1.9298439602472645e-12,1,1,0.83333333333333337,0.41666666666666669
4,trial,element,13,22,4,0.35355339059327379,0,0,80.321032806947656,80.324145256640264,17,445456437009.5224,1.228741924721838e-16,1.0073621878287742e-17,6.2882938274511195e-14,5.4375419752469383e-12,1,1,0.66666666666666663,0.58333333333333337
4,trial,element,14,23,4,0.35355339059327379,0,0,80.320963890778401,80.324076337808549,17,445454592340.71039,2.2740467482120123e-16,5.5291219602816796e-17,4.5346376803106124e-14,1.2734631300430073e-10,1,1,0.66666666666666663,0.41666666666666669
4,trial,element,15,24,4,0.35355339059327379,0,1,53.882139974658955,53.886779531691985,15,623283391858.86487,1.6846535857761691e-16,9.4745405805811295e-17,9.443729011441758e-14,1.6680785192514589e-11,1,1,0.83333333333333337,0.58333333333333337
4,trial,element,16,25,4,0.35355339059327379,0,1,53.882146869752837,53.886786427353627,15,623290350070.57812,2.875764564637521e-16,1.2260392998579988e-16,1.4179705615276895e-13,5.978661879828088e-11,1,1,0.41666666666666669,0.16666666666666666
4,trial,element,17,26,4,0.35355339059327379,0,0,80.321125905787568,80.324238359090913,17,445458973517.26508,1.6200867666131783e-16,9.7632362215163499e-18,3.327518853203141e-14,1.8516370583241811e-10,1,1,0.58333333333333337,0.33333333333333331
4,trial,element,18,27,4,0.35355339059327379,0,0,80.32110506487372,80.324217517318999,17,445458318853.22571,1.1656326130180755e-16,1.0972980229210621e-16,4.570321896698822e-14,1.4369130649345262e-10,1,1,0.41666666666666669,0.33333333333333331
4,trial,element,19,28,4,0.35355339059327379,0,1,53.882142243994629,53.886781801266906,15,623285453820.90173,2.2869065412603531e-16,5.3882736421127581e-18,1.6609597163638739e-13,3.2812197198929573e-11,1,1,0.58333333333333337,0.16666666666666666
4,trial,element,20,29,4,0.35355339059327379,0,1,53.8821249411438,53.886764496706064,15,623266044755.83472,2.5303883378858908e-16,7.7783610222788181e-17,2.684004767402763e-13,8.594630027162358e-11,1,1,0.58333333333333337,0.83333333333333337
4,trial,element,21,30,4,0.35355339059327379,0,0,80.321184723619965,80.324297179196705,17,445460536274.29846,2.3865846328605113e-16,9.5095219562835638e-17,5.5569873966056793e-14,2.9851645844596613e-10,1,1,0.41666666666666669,0.66666666666666663
4,trial,element,22,31,4,0.35355339059327379,0,0,80.321031480099137,80.324143929733253,17,445456406910.51843,1.5667816394031459e-16,7.8939276643541864e-17,2.1185590599511482e-14,2.7010096151793731e-12,1,1,0.58333333333333337,0.66666666666666663
4,trial,element,23,32,4,0.35355339059327379,0,1,53.882136744333877,53.88677630099032,15,623280200473.703,4.2700555794651995e-16,5.5227967682688786e-17,1.8472443829275165e-13,7.6186792664124932e-12,1,1,0.41666666666666669,0.83333333333333337
4,trial,patch1,0,5,3,0.5,1,1,3.2192659819287375,3.2711698987824187,17,103645155.36286168,5.0050920631672202e-16,2.9614719743317723e-17,6.2901430870709706e-16,0,8,2.2360679774997898,0.75,0.083333333333333329
4,trial,patch1,1,6,3,0.5,1,1,3.2192659819426157,3.271169898795891,17,103645156.23303676,2.8832364338613697e-16,4.6167871511491657e-17,5.6800088287865008e-16,0,8,2.2360679774997898,0.25,0.91666666666666663
4,trial,patch1,2,7,3,0.5,1,1,3.2192659819401697,3.2711698987935578,17,103645156.21363452,6.9307279567676954e-17,5.124251705606885e-17,6.2861869999246449e-16,0,8,2.2360679774997898,0.083333333333333329,0.25
4,trial,patch1,3,8,3,0.5,1,1,3.2192659819282614,3.2711698987819977,17,103645155.42245351,2.6399618002461591e-16,3.9172047348571023e-17,5.711993695385361e-16,0,8,2.2360679774997898,0.91666666666666663,0.75
4,trial,patch1,4,9,3,0.5,1,1,3.2192659819190617,3.2711698987730999,17,103645154.86426872,1.3391630408680899e-16,4.3076921603455879e-17,6.2677882020498049e-16,0,8,2.2360679774997898,0.25,0.083333333333333329
4,trial,patch1,5,10,3,0.5,1,1,3.2192659819290337,3.271169898782738,17,103645155.41195951,1.0100335208652116e-16,5.380720224713861e-17,3.7880384417406703e-16,0,8,2.2360679774997898,0.75,0.91666666666666663
4,trial,patch1,6,11,3,0.5,1,1,3.2192659819324274,3.2711698987860487,17,103645155.69331332,2.9931642504670244e-16,3.5697870240683676e-17,1.0189903829205794e-15,0,8,2.2360679774997898,0.083333333333333329,0.75
4,trial,patch1,7,12,3,0.5,1,1,3.2192659819280203,3.271169898781809,17,103645155.44325399,2.2140399823557589e-16,4.6112644056178818e-17,7.5722585363049609e-16,0,8,2.2360679774997898,0.91666666666666663,0.25
4,trial,patch1,8,17,4,0.35355339059327379,0,1,2.8222925388628233,2.8400621860047863,17,43290435.905299701,8.3986571200976151e-17,4.8852286777899718e-17,1.8108578815194072e-15,0,9,3.1622776601683791,0.16666666666666666,0.58333333333333337
4,trial,patch1,9,18,4,0.35355339059327379,0,0,2.5621768375000777,2.5796758163544746,17,13928.07252185066,3.2631425431117247e-16,2.3566021528875939e-17,1.6322784288045407e-15,0,13,2.9999999999999996,0.33333333333333331,0.41666666666666669
4,trial,patch1,10,19,4,0.35355339059327379,0,0,2.5621768375000857,2.5796758163544813,17,13928.072521843418,1.1417238478052495e-16,5.5081001255141214e-17,1.8966061422441446e-15,0,13,2.9999999999999996,0.33333333333333331,0.58333333333333337
4,trial,patch1,11,20,4,0.35355339059327379,0,1,2.822292538862083,2.8400621860040589,17,43290435.839181982,2.5635730252491753e-16,4.2833848780205153e-17,1.5974172444145472e-15,0,9,3.1622776601683791,0.16666666666666666,0.41666666666666669
4,trial,patch1,12,21,4,0.35355339059327379,0,1,2.822292538862023,2.8400621860040038,17,43290435.868679129,2.1417793369844753e-16,4.8330376744413039e-17,1.9279716803664982e-15,0,9,3.1622776601683791,0.83333333333333337,0.41666666666666669
4,trial,patch1,13,22,4,0.35355339059327379,0,0,2.5621768375000857,2.579675816354484,17,13928.072521856342,1.228741924721838e-16,4.867618427565005e-17,1.7590157220390182e-15,0,13,2.9999999999999996,0.66666666666666663,0.58333333333333337
4,trial,patch1,14,23,4,0.35355339059327379,0,0,2.5621768375000764,2.5796758163544746,17,13928.072521861808,2.2740467482120123e-16,4.0021368498307711e-17,1.0377009966978266e-15,0,13,2.9999999999999996,0.66666666666666663,0.41666666666666669
4,trial,patch1,15,24,4,0.35355339059327379,0,1,2.822292538861396,2.8400621860033435,17,43290435.779331602,1.6846535857761691e-16,3.9187993677466778e-17,1.1159588566335206e-15,0,9,3.1622776601683791,0.83333333333333337,0.58333333333333337
4,trial,patch1,16,25,4,0.35355339059327379,0,1,2.8222925388610798,2.8400621860029971,17,43290435.692920946,2.875764564637521e-16,3.2870625964476063e-17,1.5048857988505205e-15,0,9,3.1622776601683791,0.41666666666666669,0.16666666666666666
4,trial,patch1,17,26,4,0.35355339059327379,0,0,2.562176837500084,2.57967581635448,17,13928.072521852024,1.6200867666131783e-16,4.6909116258942662e-17,8.7212693293153807e-16,0,13,2.9999999999999996,0.58333333333333337,0.33333333333333331
4,trial,patch1,18,27,4,0.35355339059327379,0,0,2.5621768375000848,2.57967581635448,17,13928.072521865202,1.1656326130180755e-16,6.1662050168357771e-17,1.8519324462753109e-15,0,13,2.9999999999999996,0.41666666666666669,0.33333333333333331
4,trial,patch1,19,28,4,0.35355339059327379,0,1,2.8222925388616935,2.8400621860036286,17,43290435.693263821,2.2869065412603531e-16,2.8006143432009475e-17,1.8129712354278542e-15,0,9,3.1622776601683791,0.58333333333333337,0.16666666666666666
4,trial,patch1,20,29,4,0.35355339059327379,0,1,2.822292538863175,2.8400621860051261,17,43290435.818662606,2.5303883378858908e-16,4.2725640004686674e-17,1.9348002387604871e-15,0,9,3.1622776601683791,0.58333333333333337,0.83333333333333337
4,trial,patch1,21,30,4,0.35355339059327379,0,0,2.5621768375000786,2.5796758163544742,17,13928.072521861497,2.3865846328605113e-16,5.6194839241332621e-17,9.2364547396375188e-16,0,13,2.9999999999999996,0.41666666666666669,0.66666666666666663
4,trial,patch1,22,31,4,0.35355339059327379,0,0,2.5621768375000755,2.5796758163544715,17,13928.072521846143,1.5667816394031459e-16,5.1251529948310459e-17,2.0178220928701084e-15,0,13,2.9999999999999996,0.58333333333333337,0.66666666666666663
4,trial,patch1,23,32,4,0.35355339059327379,0,1,2.8222925388599935,2.8400621860018895,17,43290435.674891919,4.2700555794651995e-16,4.2895255014754949e-17,2.0162263159154063e-15,0,9,3.1622776601683791,0.41666666666666669,0.83333333333333337
4,test,element,0,5,3,0.5,1,1,51.75810179092084,51.767761212883116,13,10344189850.262022,5.0050920631672202e-16,5.7130935614908923e-17,1.2966564644931675e-14,1.9544676426891832e-12,1,1,0.75,0.083333333333333329
4,test,element,1,6,3,0.5,1,1,51.758103326149637,51.767762748417738,13,10344190668.388071,2.8832364338613697e-16,5.7685419635266357e-17,2.4119003643077863e-15,2.0928142340353531e-11,1,1,0.25,0.91666666666666663
4,test,element,2,7,3,0.5,1,1,51.758102293654055,51.767761715728156,13,10344190070.480236,6.9307279567676954e-17,6.3857952162577335e-17,3.7227379580124972e-14,5.9899901412349924e-12,1,1,0.083333333333333329,0.25
4,test,element,3,8,3,0.5,1,1,51.758102125930449,51.767761547969471,13,10344190074.916838,2.6399618002461591e-16,6.2467783321883177e-18,1.6152281433265288e-14,3.4256635058072936e-12,1,1,0.91666666666666663,0.75
4,test,element,4,9,3,0.5,1,1,51.758104056508266,51.76776347891753,13,10344191073.739723,1.3391630408680899e-16,3.1457012791641925e-17,1.6562300795686363e-14,3.1646829610258009e-11,1,1,0.25,0.083333333333333329
4,test,element,5,10,3,0.5,1,1,51.758102660364862,51.767762082501925,13,10344190218.017843,1.0100335208652116e-16,3.239464137848422e-17,1.6909497575403127e-14,1.1066039986834759e-11,1,1,0.75,0.91666666666666663
4,test,element,6,11,3,0.5,1,1,51.758100924312181,51.767760346142595,13,10344189409.389788,2.9931642504670244e-16,5.7321928231551687e-17,2.1927682259496611e-14,1.3296081935836408e-11,1,1,0.083333333333333329,0.75
4,test,element,7,12,3,0.5,1,1,51.758102271109088,51.767761693180333,13,10344190089.871223,2.2140399823557589e-16,6.3268275073756738e-17,1.2347384984348155e-14,5.7171316717930055e-12,1,1,0.91666666666666663,0.25
4,test,element,8,17,4,0.35355339059327379,0,1,53.882130190396438,53.886769746383884,15,623272215182.08691,8.3986571200976151e-17,7.0967323696530911e-18,1.6402989485249968e-13,5.3391686987466935e-11,1,1,0.16666666666666666,0.58333333333333337
4,test,element,9,18,4,0.35355339059327379,0,0,80.320757377637065,80.323869816649719,17,445448575336.71857,3.2631425431117247e-16,8.2222091791484622e-18,2.4731049580143241e-14,5.262223199981263e-10,1,1,0.33333333333333331,0.41666666666666669
4,test,element,10,19,4,0.35355339059327379,0,0,80.322096855379613,80.32520934626352,17,445485499451.42224,1.1417238478052495e-16,5.7205916540548754e-17,5.1426472702139683e-14,2.0576240595993919e-09,1,1,0.33333333333333331,0.58333333333333337
4,test,element,11,20,4,0.35355339059327379,0,1,53.882136418277994,53.886775974715484,15,623275304136.74414,2.5635730252491753e-16,7.7758169612772651e-17,2.750472338509578e-13,1.6786965698129202e-11,1,1,0.16666666666666666,0.41666666666666669
4,test,element,12,21,4,0.35355339059327379,0,1,53.88213773352539,53.886777290353933,15,623280222131.79968,2.1417793369844753e-16,5.4849717987644767e-17,1.2002928361364311e-13,1.9298439602472645e-12,1,1,0.83333333333333337,0.41666666666666669
4,test,element,13,22,4,0.35355339059327379,0,0,80.321032806947656,80.324145256640264,17,445456437009.5224,1.228741924721838e-16,1.0073621878287742e-17,6.2882938274511195e-14,5.4375419752469383e-12,1,1,0.66666666666666663,0.58333333333333337
4,test,element,14,23,4,0.35355339059327379,0,0,80.320963890778401,80.324076337808549,17,445454592340.71039,2.2740467482120123e-16,5.5291219602816796e-17,4.5346376803106124e-14,1.2734631300430073e-10,1,1,0.66666666666666663,0.41666666666666669
4,test,element,15,24,4,0.35355339059327379,0,1,53.882139974658955,53.886779531691985,15,623283391858.86487,1.6846535857761691e-16,9.4745405805811295e-17,9.443729011441758e-14,1.6680785192514589e-11,1,1,0.83333333333333337,0.58333333333333337
4,test,element,16,25,4,0.35355339059327379,0,1,53.882146869752837,53.886786427353627,15,623290350070.57812,2.875764564637521e-16,1.2260392998579988e-16,1.4179705615276895e-13,5.978661879828088e-11,1,1,0.41666666666666669,0.16666666666666666
4,test,element,17,26,4,0.35355339059327379,0,0,80.321125905787568,80.324238359090913,17,445458973517.26508,1.6200867666131783e-16,9.7632362215163499e-18,3.327518853203141e-14,1.8516370583241811e-10,1,1,0.58333333333333337,0.33333333333333331
4,test,element,18,27,4,0.35355339059327379,0,0,80.32110506487372,80.324217517318999,17,445458318853.22571,1.1656326130180755e-16,1.0972980229210621e-16,4.570321896698822e-14,1.4369130649345262e-10,1,1,0.41666666666666669,0.33333333333333331
4,test,element,19,28,4,0.35355339059327379,0,1,53.882142243994629,53.886781801266906,15,623285453820.90173,2.2869065412603531e-16,5.3882736421127581e-18,1.6609597163638739e-13,3.2812197198929573e-11,1,1,0.58333333333333337,0.16666666666666666
4,test,element,20,29,4,0.35355339059327379,0,1,53.8821249411438,53.886764496706064,15,623266044755.83472,2.5303883378858908e-16,7.7783610222788181e-17,2.684004767402763e-13,8.594630027162358e-11,1,1,0.58333333333333337,0.83333333333333337
4,test,element,21,30,4,0.35355339059327379,0,0,80.321184723619965,80.324297179196705,17,445460536274.29846,2.3865846328605113e-16,9.5095219562835638e-17,5.5569873966056793e-14,2.9851645844596613e-10,1,1,0.41666666666666669,0.66666666666666663
4,test,element,22,31,4,0.35355339059327379,0,0,80.321031480099137,80.324143929733253,17,445456406910.51843,1.5667816394031459e-16,7.8939276643541864e-17,2.1185590599511482e-14,2.7010096151793731e-12,1,1,0.58333333333333337,0.66666666666666663
4,test,element,23,32,4,0.35355339059327379,0,1,53.882136744333877,53.88677630099032,15,623280200473.703,4.2700555794651995e-16,5.5227967682688786e-17,1.8472443829275165e-13,7.6186792664124932e-12,1,1,0.41666666666666669,0.83333333333333337
4,test,patch1,0,5,3,0.5,1,1,3.2192659819287375,3.2711698987824187,17,103645155.36286168,5.0050920631672202e-16,2.9614719743317723e-17,6.2901430870709706e-16,0,8,2.2360679774997898,0.75,0.083333333333333329
4,test,patch1,1,6,3,0.5,1,1,3.2192659819426157,3.271169898795891,17,103645156.23303676,2.8832364338613697e-16,4.6167871511491657e-17,5.6800088287865008e-16,0,8,2.2360679774997898,0.25,0.91666666666666663
4,test,patch1,2,7,3,0.5,1,1,3.2192659819401697,3.2711698987935578,17,103645156.21363452,6.9307279567676954e-17,5.124251705606885e-17,6.2861869999246449e-16,0,8,2.2360679774997898,0.083333333333333329,0.25
4,test,patch1,3,8,3,0.5,1,1,3.2192659819282614,3.2711698987819977,17,103645155.42245351,2.6399618002461591e-16,3.9172047348571023e-17,5.711993695385361e-16,0,8,2.2360679774997898,0.91666666666666663,0.75
4,test,patch1,4,9,3,0.5,1,1,3.2192659819190617,3.2711698987730999,17,103645154.86426872,1.3391630408680899e-16,4.3076921603455879e-17,6.2677882020498049e-16,0,8,2.2360679774997898,0.25,0.083333333333333329
4,test,patch1,5,10,3,0.5,1,1,3.2192659819290337,3.271169898782738,17,103645155.41195951,1.0100335208652116e-16,5.380720224713861e-17,3.7880384417406703e-16,0,8,2.2360679774997898,0.75,0.91666666666666663
4,test,patch1,6,11,3,0.5,1,1,3.2192659819324274,3.2711698987860487,17,103645155.69331332,2.9931642504670244e-16,3.5697870240683676e-17,1.0189903829205794e-15,0,8,2.2360679774997898,0.083333333333333329,0.75
4,test,patch1,7,12,3,0.5,1,1,3.2192659819280203,3.271169898781809,17,103645155.44325399,2.2140399823557589e-16,4.6112644056178818e-17,7.5722585363049609e-16,0,8,2.2360679774997898,0.91666666666666663,0.25
4,test,patch1,8,17,4,0.35355339059327379,0,1,2.8222925388628233,2.8400621860047863,17,43290435.905299701,8.3986571200976151e-17,4.8852286777899718e-17,1.8108578815194072e-15,0,9,3.1622776601683791,0.16666666666666666,0.58333333333333337
4,test,patch1,9,18,4,0.35355339059327379,0,0,2.5621768375000777,2.5796758163544746,17,13928.07252185066,3.2631425431117247e-16,2.3566021528875939e-17,1.6322784288045407e-15,0,13,2.9999999999999996,0.33333333333333331,0.41666666666666669
4,test,patch1,10,19,4,0.35355339059327379,0,0,2.5621768375000857,2.5796758163544813,17,13928.072521843418,1.1417238478052495e-16,5.5081001255141214e-17,1.8966061422441446e-15,0,13,2.9999999999999996,0.33333333333333331,0.58333333333333337
4,test,patch1,11,20,4,0.35355339059327379,0,1,2.822292538862083,2.8400621860040589,17,43290435.839181982,2.5635730252491753e-16,4.2833848780205153e-17,1.5974172444145472e-15,0,9,3.1622776601683791,0.16666666666666666,0.41666666666666669
4,test,patch1,12,21,4,0.35355339059327379,0,1,2.822292538862023,2.8400621860040038,17,43290435.868679129,2.1417793369844753e-16,4.8330376744413039e-17,1.9279716803664982e-15,0,9,3.1622776601683791,0.83333333333333337,0.41666666666666669
4,test,patch1,13,22,4,0.35355339059327379,0,0,2.5621768375000857,2.579675816354484,17,13928.072521856342,1.228741924721838e-16,4.867618427565005e-17,1.7590157220390182e-15,0,13,2.9999999999999996,0.66666666666666663,0.58333333333333337
4,test,patch1,14,23,4,0.35355339059327379,0,0,2.5621768375000764,2.5796758163544746,17,13928.072521861808,2.2740467482120123e-16,4.0021368498307711e-17,1.0377009966978266e-15,0,13,2.9999999999999996,0.66666666666666663,0.41666666666666669
4,test,patch1,15,24,4,0.35355339059327379,0,1,2.822292538861396,2.8400621860033435,17,43290435.779331602,1.6846535857761691e-16,3.9187993677466778e-17,1.1159588566335206e-15,0,9,3.1622776601683791,0.83333333333333337,0.58333333333333337
4,test,patch1,16,25,4,0.35355339059327379,0,1,2.8222925388610798,2.8400621860029971,17,43290435.692920946,2.875764564637521e-16,3.2870625964476063e-17,1.5048857988505205e-15,0,9,3.1622776601683791,0.41666666666666669,0.16666666666666666
4,test,patch1,17,26,4,0.35355339059327379,0,0,2.562176837500084,2.57967581635448,17,13928.072521852024,1.6200867666131783e-16,4.6909116258942662e-17,8.7212693293153807e-16,0,13,2.9999999999999996,0.58333333333333337,0.33333333333333331
4,test,patch1,18,27,4,0.35355339059327379,0,0,2.5621768375000848,2.57967581635448,17,13928.072521865202,1.1656326130180755e-16,6.1662050168357771e-17,1.8519324462753109e-15,0,13,2.9999999999999996,0.41666666666666669,0.33333333333333331
4,test,patch1,19,28,4,0.35355339059327379,0,1,2.8222925388616935,2.8400621860036286,17,43290435.693263821,2.2869065412603531e-16,2.8006143432009475e-17,1.8129712354278542e-15,0,9,3.1622776601683791,0.58333333333333337,0.16666666666666666
4,test,patch1,20,29,4,0.35355339059327379,0,1,2.822292538863175,2.8400621860051261,17,43290435.818662606,2.5303883378858908e-16,4.2725640004686674e-17,1.9348002387604871e-15,0,9,3.1622776601683791,0.58333333333333337,0.83333333333333337
4,test,patch1,21,30,4,0.35355339059327379,0,0,2.5621768375000786,2.5796758163544742,17,13928.072521861497,2.3865846328605113e-16,5.6194839241332621e-17,9.2364547396375188e-16,0,13,2.9999999999999996,0.41666666666666669,0.66666666666666663
4,test,patch1,22,31,4,0.35355339059327379,0,0,2.5621768375000755,2.5796758163544715,17,13928.072521846143,1.5667816394031459e-16,5.1251529948310459e-17,2.0178220928701084e-15,0,13,2.9999999999999996,0.58333333333333337,0.66666666666666663
4,test,patch1,23,32,4,0.35355339059327379,0,1,2.8222925388599935,2.8400621860018895,17,43290435.674891919,4.2700555794651995e-16,4.2895255014754949e-17,2.0162263159154063e-15,0,9,3.1622776601683791,0.41666666666666669,0.83333333333333337
5,coarse,element,0,5,3,0.5,1,1,8.4852813742385624,8.5440037453175233,3,3.999999999999996,0,5.5511151231257802e-17,2.6637378774710105e-16,0,1,1,0.75,0.083333333333333329
5,coarse,element,1,6,3,0.5,1,1,8.4852813742385731,8.5440037453175339,3,4.0000000000000044,0,0,7.5517706546929672e-16,0,1,1,0.25,0.91666666666666663
5,coarse,element,2,7,3,0.5,1,1,8.4852813742385624,8.5440037453175233,3,3.999999999999996,0,5.5511151231257802e-17,2.6637378774710105e-16,0,1,1,0.083333333333333329,0.25
5,coarse,element,3,8,3,0.5,1,1,8.4852813742385624,8.5440037453175233,3,3.999999999999996,0,5.5511151231257802e-17,2.6637378774710105e-16,0,1,1,0.91666666666666663,0.75
5,coarse,element,4,9,3,0.5,1,1,8.4852813742385642,8.5440037453175268,3,3.999999999999996,0,0,1.4591220689383054e-16,3.8933848534800047e-16,1,1,0.25,0.083333333333333329
5,coarse,element,5,10,3,0.5,1,1,8.4852813742385642,8.5440037453175268,3,3.999999999999996,0,0,1.4591220689383054e-16,3.8933848534800047e-16,1,1,0.75,0.91666666666666663
5,coarse,element,6,11,3,0.5,1,1,8.4852813742385678,8.5440037453175304,3,4.0000000000000027,0,0,4.3076065927995696e-16,3.8933848534800018e-16,1,1,0.083333333333333329,0.75
5,coarse,element,7,12,3,0.5,1,1,8.4852813742385642,8.5440037453175268,3,3.999999999999996,0,0,1.4591220689383054e-16,3.8933848534800047e-16,1,1,0.91666666666666663,0.25
5,coarse,element,8,17,4,0.35355339059327379,0,1,8.4852813742385766,8.5146931829632084,3,4.0000000000000044,0,0,4.9297966020677862e-16,1.9448044707226845e-16,1,1,0.16666666666666666,0.58333333333333337
5,coarse,element,9,18,4,0.35355339059327379,0,1,8.4852813742385713,8.5146931829632031,3,4.0000000000000018,0,0,2.0716489044500591e-16,3.9049223624746865e-16,1,1,0.33333333333333331,0.41666666666666669
5,coarse,element,10,20,4,0.35355339059327379,0,1,8.4852813742385944,8.5146931829632244,3,4.0000000000000213,0,0,5.9651790404837639e-17,1.5313421029312417e-18,1,1,0.16666666666666666,0.41666666666666669
5,coarse,element,11,21,4,0.35355339059327379,0,1,8.4852813742385713,8.5146931829632013,3,4.0000000000000018,0,0,1.5933109831828975e-16,1.5313421029312502e-18,1,1,0.83333333333333337,0.41666666666666669
5,coarse,element,12,22,4,0.35355339059327379,0,0,8.4852813742385695,8.5146931829631995,3,3.9999999999999996,0,0,2.5836005436118084e-16,1.5313421029312508e-18,1,1,0.66666666666666663,0.58333333333333337
5,coarse,element,13,23,4,0.35355339059327379,0,0,8.4852813742385766,8.5146931829632067,3,4.0000000000000027,0,0,5.5911055698149605e-17,1.9754313127813098e-16,1,1,0.66666666666666663,0.41666666666666669
5,coarse,element,14,24,4,0.35355339059327379,0,1,8.4852813742385713,8.5146931829632013,3,4.0000000000000018,0,0,1.5933109831828975e-16,1.5313421029312502e-18,1,1,0.83333333333333337,0.58333333333333337
5,coarse,element,15,25,4,0.35355339059327379,0,1,8.4852813742385713,8.5146931829632013,3,4.0000000000000018,0,0,1.5933109831828975e-16,1.5313421029312502e-18,1,1,0.41666666666666669,0.16666666666666666
5,coarse,element,16,26,4,0.35355339059327379,0,0,8.4852813742385731,8.5146931829632031,3,4.0000000000000018,0,0,1.4690742550249059e-16,1.5313421029312494e-18,1,1,0.58333333333333337,0.33333333333333331
5,coarse,element,17,27,4,0.35355339059327379,0,0,8.4852813742385713,8.5146931829632013,3,4.0000000000000044,0,0,1.2540149943774358e-16,1.5313421029312502e-18,1,1,0.41666666666666669,0.33333333333333331
5,coarse,element,18,28,4,0.35355339059327379,0,1,8.4852813742385713,8.5146931829632013,3,4.0000000000000018,0,0,1.5933109831828975e-16,1.5313421029312502e-18,1,1,0.58333333333333337,0.16666666666666666
5,coarse,element,19,29,4,0.35355339059327379,0,1,8.4852813742385944,8.5146931829632244,3,4.0000000000000195,0,0,1.9204287646091331e-16,1.5313421029312417e-18,1,1,0.58333333333333337,0.83333333333333337
5,coarse,element,20,31,4,0.35355339059327379,0,1,8.4852813742385713,8.5146931829632031,3,4.0000000000000027,0,0,3.0184831010832339e-16,3.9049223624746865e-16,1,1,0.58333333333333337,0.66666666666666663
5,coarse,element,21,32,4,0.35355339059327379,0,1,8.4852813742385713,8.5146931829632013,3,4.0000000000000018,0,0,2.2145372609801431e-16,1.5313421029312502e-18,1,1,0.41666666666666669,0.83333333333333337
5,coarse,element,22,33,5,0.25,0,1,8.485281374238566,8.4999999999999982,3,3.9999999999999982,0,0,3.5884198578344712e-16,5.900700919807063e-16,1,1,0.375,0.54166666666666663
5,coarse,element,23,34,5,0.25,0,1,8.485281374238566,8.4999999999999982,3,3.9999999999999982,0,0,3.5884198578344712e-16,5.900700919807063e-16,1,1,0.375,0.70833333333333337
5,coarse,element,24,35,5,0.25,0,1,8.485281374238566,8.4999999999999964,3,3.9999999999999982,0,0,2.8599361857724526e-16,1.966900306602355e-16,1,1,0.29166666666666669,0.625
5,coarse,element,25,36,5,0.25,0,1,8.485281374238566,8.4999999999999964,3,3.9999999999999982,0,0,2.8599361857724526e-16,1.966900306602355e-16,1,1,0.45833333333333331,0.625
5,coarse,patch1,0,5,3,0.5,1,1,4.3669970062358612,4.4025231880189875,9,8.4389712503745891,0,0,1.2213903775871165e-15,0,8,2.2360679774997898,0.75,0.083333333333333329
5,coarse,patch1,1,6,3,0.5,1,1,4.5863331715548972,4.6218490896152549,9,11.862067274978296,0,0,6.0413719096057729e-16,0,8,2.2360679774997898,0.25,0.91666666666666663
5,coarse,patch1,2,7,3,0.5,1,1,4.3669970062358621,4.4025231880189901,9,8.4389712503746228,0,0,4.5521964976096834e-16,0,8,2.2360679774997898,0.083333333333333329,0.25
5,coarse,patch1,3,8,3,0.5,1,1,4.3669970062358612,4.4025231880189892,9,8.4389712503745979,0,0,3.2675808608185929e-16,0,8,2.2360679774997898,0.91666666666666663,0.75
5,coarse,patch1,4,9,3,0.5,1,1,4.3669970062358612,4.4025231880189892,9,8.4389712503746015,0,1.6887162553771229e-17,3.768955395960819e-16,0,8,2.2360679774997898,0.25,0.083333333333333329
5,coarse,patch1,5,10,3,0.5,1,1,4.3669970062358621,4.4025231880189901,9,8.438971250374605,0,0,7.9020560996420995e-16,0,8,2.2360679774997898,0.75,0.91666666666666663
5,coarse,patch1,6,11,3,0.5,1,1,4.5863331715549007,4.6218490896152549,9,11.862067274978315,0,1.8170289459384246e-17,6.7670072295355725e-16,0,8,2.2360679774997898,0.083333333333333329,0.75
5,coarse,patch1,7,12,3,0.5,1,1,4.3669970062358612,4.4025231880189883,9,8.4389712503746086,0,1.6887162553771229e-17,7.4322510559152897e-16,0,8,2.2360679774997898,0.91666666666666663,0.25
5,coarse,patch1,8,17,4,0.35355339059327379,0,1,3.3652872467504951,3.3782077430668118,10,9.3227766146003983,0,1.7002284942951475e-17,4.2231152900387326e-16,0,10,3.1622776601683791,0.16666666666666666,0.58333333333333337
5,coarse,patch1,9,18,4,0.35355339059327379,0,1,3.328391816667676,3.3413798471126004,13,10.929076301444406,0,0,5.2981655811665812e-16,0,14,2.9999999999999996,0.33333333333333331,0.41666666666666669
5,coarse,patch1,10,20,4,0.35355339059327379,0,1,3.3418007033053443,3.3546294024759695,10,12.09340202603908,0,0,4.0435915859462327e-16,0,10,3.1622776601683791,0.16666666666666666,0.41666666666666669
5,coarse,patch1,11,21,4,0.35355339059327379,0,1,3.3141379638813246,3.3269617752169989,9,7.4329556066482922,0,1.598772316992968e-17,6.7407343134869695e-16,0,9,3.1622776601683791,0.83333333333333337,0.41666666666666669
5,coarse,patch1,12,22,4,0.35355339059327379,0,0,3.3073471613773253,3.3201021478709394,12,13.193325774273763,0,0,6.3239241750250509e-16,0,13,2.9999999999999996,0.66666666666666663,0.58333333333333337
5,coarse,patch1,13,23,4,0.35355339059327379,0,0,3.3081292324387954,3.3209021478181504,12,13.866777964877754,0,0,5.0135866580925125e-16,0,13,2.5495097567963922,0.66666666666666663,0.41666666666666669
5,coarse,patch1,14,24,4,0.35355339059327379,0,1,3.3141379638813273,3.3269617752170011,9,7.4329556066482896,0,0,3.4451507344112814e-16,0,9,3.1622776601683791,0.83333333333333337,0.58333333333333337
5,coarse,patch1,15,25,4,0.35355339059327379,0,1,3.3141379638813246,3.3269617752169971,9,7.4329556066482638,0,1.5987723169929677e-17,6.5638911356926947e-16,0,9,3.1622776601683791,0.41666666666666669,0.16666666666666666
5,coarse,patch1,16,26,4,0.35355339059327379,0,0,3.3081292324387928,3.3209021478181486,12,13.866777964877764,0,0,4.6521798729890847e-16,0,13,2.5495097567963922,0.58333333333333337,0.33333333333333331
5,coarse,patch1,17,27,4,0.35355339059327379,0,0,3.3073471613773231,3.3201021478709372,12,13.193325774273772,0,0,6.2944240388377778e-16,0,13,2.9999999999999996,0.41666666666666669,0.33333333333333331
5,coarse,patch1,18,28,4,0.35355339059327379,0,1,3.3141379638813255,3.3269617752170002,9,7.4329556066482843,0,0,2.3051138700301045e-16,0,9,3.1622776601683791,0.58333333333333337,0.16666666666666666
5,coarse,patch1,19,29,4,0.35355339059327379,0,1,3.3418007033053443,3.3546294024759695,10,12.093402026039051,0,0,1.0173488765339444e-15,0,10,3.1622776601683791,0.58333333333333337,0.83333333333333337
5,coarse,patch1,20,31,4,0.35355339059327379,0,1,3.3283918166676769,3.3413798471126022,13,10.929076301444429,0,0,5.0792287513763094e-16,0,14,2.9999999999999996,0.58333333333333337,0.66666666666666663
5,coarse,patch1,21,32,4,0.35355339059327379,0,1,3.3652872467504937,3.3782077430668132,10,9.3227766146003894,0,0,8.2806279108682282e-16,0,10,3.1622776601683791,0.41666666666666669,0.83333333333333337
5,coarse,patch1,22,33,5,0.25,0,1,3.1129920448406976,3.1199314141378922,11,7.8092339795977184,0,0,7.4250516090236438e-16,0,12,3.1622776601683795,0.375,0.54166666666666663
5,coarse,patch1,23,34,5,0.25,0,1,3.1083978413075615,3.1153481148458071,9,7.7238421980013907,0,0,4.0010033219840484e-16,0,10,3.1622776601683795,0.375,0.70833333333333337
5,coarse,patch1,24,35,5,0.25,0,1,3.1083978413075606,3.1153481148458062,9,7.7238421980013872,0,0,3.8617910853461377e-16,0,10,3.1622776601683795,0.29166666666666669,0.625
5,coarse,patch1,25,36,5,0.25,0,1,3.112992044840698,3.1199314141378931,11,7.8092339795977237,0,0,7.160308390242022e-16,0,12,3.1622776601683795,0.45833333333333331,0.625
5,trial,element,0,5,3,0.5,1,1,53.188566132908214,53.197965815890953,14,916412922408.5481,1.9774405853269159e-16,8.5141430957860047e-17,2.0978694829659646e-13,1.1521048707426894e-10,1,1,0.75,0.083333333333333329
5,trial,element,1,6,3,0.5,1,1,54.091659087180794,54.100901866491746,14,180124879349.7655,1.9607599339712053e-16,8.6962205352708139e-17,6.1357575341929126e-14,1.23059109001519e-11,1,1,0.25,0.91666666666666663
5,trial,element,2,7,3,0.5,1,1,51.806903554453847,51.816553879041827,13,4328643776.9466686,2.3928616957605228e-16,8.5957655404947794e-18,2.5496415025826644e-14,3.121464932579187e-13,1,1,0.083333333333333329,0.25
5,trial,element,3,8,3,0.5,1,1,51.635668793278633,51.645351114211493,13,9875910227.0665684,1.2654242038166184e-16,2.8990965427373601e-17,1.9597095833525552e-14,7.1169082489867603e-12,1,1,0.91666666666666663,0.75
5,trial,element,4,9,3,0.5,1,1,51.635668511133176,51.645350832020412,13,9875910002.9917259,2.0545215426807809e-16,6.3646059474528464e-17,5.7788699406203286e-14,1.0932210881308816e-11,1,1,0.25,0.083333333333333329
5,trial,element,5,10,3,0.5,1,1,51.806903815326976,51.816554139965547,13,4328643722.1734257,2.4286525671448288e-16,5.8904736833283487e-18,3.4557808659536257e-14,3.5159245731330607e-12,1,1,0.75,0.91666666666666663
5,trial,element,6,11,3,0.5,1,1,54.091689927797788,54.100932712863319,14,180125185747.14819,7.7001759753843422e-17,5.9010207415515643e-17,7.9427699214799441e-14,3.9520984790427911e-10,1,1,0.083333333333333329,0.75
5,trial,element,7,12,3,0.5,1,1,53.188579664534956,53.197979348969589,14,916417094379.59705,1.7930385841240598e-16,1.7355209200152465e-17,1.7063541275725385e-13,2.9262492424344722e-11,1,1,0.91666666666666663,0.25
5,trial,element,8,17,4,0.35355339059327379,0,1,62.624880984347797,62.628872870322574,17,725351230112.70935,1.1935788369014815e-16,6.4469018156302501e-18,2.1557151388095783e-14,3.3059029306828399e-10,1,1,0.16666666666666666,0.58333333333333337
5,trial,element,9,18,4,0.35355339059327379,0,1,80.368247525518711,80.371358143145287,18,406430771128.9762,1.0873949026171416e-16,5.7505143520435334e-17,5.7171002951161798e-14,8.5039667777646782e-11,1,1,0.33333333333333331,0.41666666666666669
5,trial,element,10,20,4,0.35355339059327379,0,1,56.721075438774747,56.725482802154275,16,351718113713.09216,1.403005835553521e-16,9.1749106601103777e-18,6.8755713651536236e-14,6.4120077930016811e-11,1,1,0.16666666666666666,0.41666666666666669
5,trial,element,11,21,4,0.35355339059327379,0,1,53.897053303034753,53.901691575962744,15,466756091127.87744,1.898706014971382e-16,1.2231599083232353e-16,3.1688095185432154e-14,1.5025727795911172e-14,1,1,0.83333333333333337,0.41666666666666669
5,trial,element,12,22,4,0.35355339059327379,0,0,86.548656290527504,86.551544790601568,18,287269606761.54828,2.3951986942130591e-16,1.1414430478965657e-17,2.9809568460601541e-14,7.523102534829869e-12,1,1,0.66666666666666663,0.58333333333333337
5,trial,element,13,23,4,0.35355339059327379,0,0,77.147822760331849,77.151063224441316,17,135121116150.61183,1.7671682376755622e-16,1.7803892287886593e-17,2.2524126805929659e-14,3.6365810997030555e-13,1,1,0.66666666666666663,0.41666666666666669
5,trial,element,14,24,4,0.35355339059327379,0,1,55.109674647461937,55.114210869328417,14,6012652920.9208221,1.5275505095646041e-16,7.2905417723643583e-18,7.0342708285427748e-15,1.0210041817830622e-13,1,1,0.83333333333333337,0.58333333333333337
5,trial,element,15,25,4,0.35355339059327379,0,1,55.109674637482406,55.114210859348624,14,6012652908.6847,7.2888854241075093e-17,5.0142689228422214e-18,3.9022619512577173e-15,1.4147343929748325e-13,1,1,0.41666666666666669,0.16666666666666666
5,trial,element,16,26,4,0.35355339059327379,0,0,77.147842474309613,77.151082939251509,17,135121409673.95091,1.6742270348630564e-16,1.1005042831080335e-17,1.7197837354662659e-14,4.3407617766666389e-11,1,1,0.58333333333333337,0.33333333333333331
5,trial,element,17,27,4,0.35355339059327379,0,0,86.548652226408763,86.551540726342253,18,287269742715.10486,3.2205117205598975e-16,6.2329226537956871e-17,5.3117806924749412e-14,1.390556974041959e-11,1,1,0.41666666666666669,0.33333333333333331
5,trial,element,18,28,4,0.35355339059327379,0,1,53.897055109495724,53.901693382605153,15,466757824198.20825,7.5747634056223569e-17,5.4831055505880915e-17,2.1264051733980078e-14,1.2514897023901336e-11,1,1,0.58333333333333337,0.16666666666666666
5,trial,element,19,29,4,0.35355339059327379,0,1,56.721045374939756,56.725452736350704,16,351717964364.0014,8.5343431142244049e-17,5.6443220365716616e-17,1.0191625791232379e-13,8.7643434503342219e-11,1,1,0.58333333333333337,0.83333333333333337
5,trial,element,20,31,4,0.35355339059327379,0,1,80.368213515076633,80.371324131375545,18,406429359790.96362,2.4259952011717644e-16,4.8924981715206186e-18,3.6010145915254612e-14,1.5083359621589747e-10,1,1,0.58333333333333337,0.66666666666666663
5,trial,element,21,32,4,0.35355339059327379,0,1,62.624954849469738,62.628946740404039,17,725349823928.6709,1.6110230302168851e-16,1.250911043605422e-16,2.686694959674108e-14,2.1863525812490778e-11,1,1,0.41666666666666669,0.83333333333333337
5,trial,element,22,33,5,0.25,0,1,69.031024681393049,69.032835448538194,17,104362470288.89807,2.4835264128096264e-16,1.4357442225548973e-17,1.5479226620804107e-13,3.1514946303472059e-10,1,1,0.375,0.54166666666666663
5,trial,element,23,34,5,0.25,0,1,45.419650591111761,45.42240262045496,15,258895069825.98032,2.1900585097669331e-16,5.4810901867804873e-18,6.5330701922114811e-15,1.9219693502301232e-12,1,1,0.375,0.70833333333333337
5,trial,element,24,35,5,0.25,0,1,45.419656593242735,45.422408622841907,15,258895199718.25449,1.4192384467880603e-16,5.1971932127860088e-17,7.626970686551396e-15,2.5360951937895962e-11,1,1,0.29166666666666669,0.625
5,trial,element,25,36,5,0.25,0,1,69.030705786817776,69.032516545729081,17,104361163723.16605,1.48183035124351e-16,5.2010494590477816e-17,1.5044061574405723e-13,1.6574123872318508e-10,1,1,0.45833333333333331,0.625
5,trial,patch1,0,5,3,0.5,1,1,3.9796012112331161,3.9953790809812393,18,488587405.4028914,1.9774405853269159e-16,4.868154638658606e-17,1.1993360254536692e-15,0,8,2.2360679774997898,0.75,0.083333333333333329
5,trial,patch1,1,6,3,0.5,1,1,3.4441738520414509,3.4920235171955878,18,323678030.55137056,1.9607599339712053e-16,4.1759865966028125e-17,1.0282539875777185e-15,0,8,2.2360679774997898,0.25,0.91666666666666663
5,trial,patch1,2,7,3,0.5,1,1,3.2187923854093468,3.2705142636035203,18,172708511.87583616,2.3928616957605228e-16,4.8557547681022104e-17,1.1531063051967871e-15,0,8,2.2360679774997898,0.083333333333333329,0.25
5,trial,patch1,3,8,3,0.5,1,1,3.2267479919150364,3.2784110501613615,18,225082291.24426928,1.2654242038166184e-16,1.753917359078806e-17,6.8896128265943157e-16,0,8,2.2360679774997898,0.91666666666666663,0.75
5,trial,patch1,4,9,3,0.5,1,1,3.2267479919420667,3.2784110501852552,18,225082293.57305896,2.0545215426807809e-16,5.1054933617178002e-17,7.2034509499394653e-16,0,8,2.2360679774997898,0.25,0.083333333333333329
5,trial,patch1,5,10,3,0.5,1,1,3.2187923854029608,3.2705142635977205,18,172708511.16314253,2.4286525671448288e-16,3.7748698226092837e-17,7.1965393468022996e-16,0,8,2.2360679774997898,0.75,0.91666666666666663
5,trial,patch1,6,11,3,0.5,1,1,3.4441738518538521,3.4920235170261047,18,323678022.23283148,7.7001759753843422e-17,4.6358240006429992e-17,3.7881897474459262e-16,0,8,2.2360679774997898,0.083333333333333329,0.75
5,trial,patch1,7,12,3,0.5,1,1,3.9796012792155628,3.9953791490042092,18,488587424.10844386,1.7930385841240598e-16,1.9236536010826893e-17,1.0847560822366629e-15,0,8,2.2360679774997898,0.91666666666666663,0.25
5,trial,patch1,8,17,4,0.35355339059327379,0,1,2.7568707606694298,2.774174748520426,18,55174219.985381149,1.1935788369014815e-16,6.0530472317102706e-17,1.3908491154509384e-15,0,10,3.1622776601683791,0.16666666666666666,0.58333333333333337
5,trial,patch1,9,18,4,0.35355339059327379,0,1,2.5503044402932855,2.5676700395965009,18,14657.746158020163,1.0873949026171416e-16,3.857854448757495e-17,1.6439152487613517e-15,0,14,2.9999999999999996,0.33333333333333331,0.41666666666666669
5,trial,patch1,10,20,4,0.35355339059327379,0,1,2.6821720501178188,2.6982831830395488,18,45445141.011850454,1.403005835553521e-16,4.6740982182707089e-17,3.1684330763961003e-15,0,10,3.1622776601683791,0.16666666666666666,0.41666666666666669
5,trial,patch1,11,21,4,0.35355339059327379,0,1,2.8555870061284088,2.8734357899118561,18,199088917.87191156,1.898706014971382e-16,4.7612988282303644e-17,1.2171326574024647e-15,0,9,3.1622776601683791,0.83333333333333337,0.41666666666666669
5,trial,patch1,12,22,4,0.35355339059327379,0,0,2.6046291659747438,2.6218654486668478,18,95438.25957524433,2.3951986942130591e-16,2.8042425877409602e-17,2.1225817564576974e-15,0,13,2.9999999999999996,0.66666666666666663,0.58333333333333337
5,trial,patch1,13,23,4,0.35355339059327379,0,0,2.6088665266972599,2.6261095726717505,18,2155446.1776529341,1.7671682376755622e-16,7.8408939540524632e-17,7.4206741520027977e-16,0,13,2.5495097567963922,0.66666666666666663,0.41666666666666669
5,trial,patch1,14,24,4,0.35355339059327379,0,1,2.8216743540923663,2.8394151892150914,18,73627488.019024074,1.5275505095646041e-16,1.0344162582743777e-17,1.3547821062900677e-15,0,9,3.1622776601683791,0.83333333333333337,0.58333333333333337
5,trial,patch1,15,25,4,0.35355339059327379,0,1,2.8216743540907241,2.8394151892134798,18,73627487.809395224,7.2888854241075093e-17,4.8233599031115547e-17,2.1332675213346423e-15,0,9,3.1622776601683791,0.41666666666666669,0.16666666666666666
5,trial,patch1,16,26,4,0.35355339059327379,0,0,2.6088665266970748,2.6261095726715622,18,2155446.1774553307,1.6742270348630564e-16,4.8587911279547597e-17,1.2514862031508476e-15,0,13,2.5495097567963922,0.58333333333333337,0.33333333333333331
5,trial,patch1,17,27,4,0.35355339059327379,0,0,2.6046291659747332,2.6218654486668367,18,95438.259575559263,3.2205117205598975e-16,3.0474999461214527e-17,1.5215680452519598e-15,0,13,2.9999999999999996,0.41666666666666669,0.33333333333333331
5,trial,patch1,18,28,4,0.35355339059327379,0,1,2.8555870073890857,2.8734357911782133,18,199088925.56214154,7.5747634056223569e-17,5.5181870736437869e-17,1.103184869313607e-15,0,9,3.1622776601683791,0.58333333333333337,0.16666666666666666
5,trial,patch1,19,29,4,0.35355339059327379,0,1,2.682172050124858,2.6982831830467542,18,45445141.120281897,8.5343431142244049e-17,3.7138709580185473e-17,1.3281456513892116e-15,0,10,3.1622776601683791,0.58333333333333337,0.83333333333333337
5,trial,patch1,20,31,4,0.35355339059327379,0,1,2.5503044402932895,2.5676700395965062,18,14657.746158020129,2.4259952011717644e-16,2.9913999202721354e-17,2.202393215899849e-15,0,14,2.9999999999999996,0.58333333333333337,0.66666666666666663
5,trial,patch1,21,32,4,0.35355339059327379,0,1,2.7568707606635479,2.7741747485146337,18,55174219.818564497,1.6110230302168851e-16,4.4052091734323693e-17,2.929494691617395e-15,0,10,3.1622776601683791,0.41666666666666669,0.83333333333333337
5,trial,patch1,22,33,5,0.25,0,1,2.5465321570208834,2.5556852533809695,18,11369.879447383646,2.4835264128096264e-16,3.7979655033998713e-17,7.5487875073538075e-16,0,12,3.1622776601683795,0.375,0.54166666666666663
5,trial,patch1,23,34,5,0.25,0,1,2.6289883487037469,2.6384823058417433,18,93721897.19521831,2.1900585097669331e-16,5.9932435075837501e-17,1.4088040440354807e-15,0,10,3.1622776601683795,0.375,0.70833333333333337
5,trial,patch1,24,35,5,0.25,0,1,2.6289883487114905,2.6384823058495557,18,93721897.366103336,1.4192384467880603e-16,4.3776910632621883e-17,1.5892079041430573e-15,0,10,3.1622776601683795,0.29166666666666669,0.625
5,trial,patch1,25,36,5,0.25,0,1,2.5465321570208888,2.5556852533809753,18,11369.879447390924,1.48183035124351e-16,5.1884121382926399e-17,1.5146621953964646e-15,0,12,3.1622776601683795,0.45833333333333331,0.625
5,test,element,0,5,3,0.5,1,1,53.188566132908214,53.197965815890953,14,916412922408.5481,1.9774405853269159e-16,8.5141430957860047e-17,2.0978694829659646e-13,1.1521048707426894e-10,1,1,0.75,0.083333333333333329
5,test,element,1,6,3,0.5,1,1,54.091659087180794,54.100901866491746,14,180124879349.7655,1.9607599339712053e-16,8.6962205352708139e-17,6.1357575341929126e-14,1.23059109001519e-11,1,1,0.25,0.91666666666666663
5,test,element,2,7,3,0.5,1,1,51.806903554453847,51.816553879041827,13,4328643776.9466686,2.3928616957605228e-16,8.5957655404947794e-18,2.5496415025826644e-14,3.121464932579187e-13,1,1,0.083333333333333329,0.25
5,test,element,3,8,3,0.5,1,1,51.635668793278633,51.645351114211493,13,9875910227.0665684,1.2654242038166184e-16,2.8990965427373601e-17,1.9597095833525552e-14,7.1169082489867603e-12,1,1,0.91666666666666663,0.75
5,test,element,4,9,3,0.5,1,1,51.635668511133176,51.645350832020412,13,9875910002.9917259,2.0545215426807809e-16,6.3646059474528464e-17,5.7788699406203286e-14,1.0932210881308816e-11,1,1,0.25,0.083333333333333329
5,test,element,5,10,3,0.5,1,1,51.806903815326976,51.816554139965547,13,4328643722.1734257,2.4286525671448288e-16,5.8904736833283487e-18,3.4557808659536257e-14,3.5159245731330607e-12,1,1,0.75,0.91666666666666663
5,test,element,6,11,3,0.5,1,1,54.091689927797788,54.100932712863319,14,180125185747.14819,7.7001759753843422e-17,5.9010207415515643e-17,7.9427699214799441e-14,3.9520984790427911e-10,1,1,0.083333333333333329,0.75
5,test,element,7,12,3,0.5,1,1,53.188579664534956,53.197979348969589,14,916417094379.59705,1.7930385841240598e-16,1.7355209200152465e-17,1.7063541275725385e-13,2.9262492424344722e-11,1,1,0.91666666666666663,0.25
5,test,element,8,17,4,0.35355339059327379,0,1,62.624880984347797,62.628872870322574,17,725351230112.70935,1.1935788369014815e-16,6.4469018156302501e-18,2.1557151388095783e-14,3.3059029306828399e-10,1,1,0.16666666666666666,0.58333333333333337
5,test,element,9,18,4,0.35355339059327379,0,1,80.368247525518711,80.371358143145287,18,406430771128.9762,1.0873949026171416e-16,5.7505143520435334e-17,5.7171002951161798e-14,8.5039667777646782e-11,1,1,0.33333333333333331,0.41666666666666669
5,test,element,10,20,4,0.35355339059327379,0,1,56.721075438774747,56.725482802154275,16,351718113713.09216,1.403005835553521e-16,9.1749106601103777e-18,6.8755713651536236e-14,6.4120077930016811e-11,1,1,0.16666666666666666,0.41666666666666669
5,test,element,11,21,4,0.35355339059327379,0,1,53.897053303034753,53.901691575962744,15,466756091127.87744,1.898706014971382e-16,1.2231599083232353e-16,3.1688095185432154e-14,1.5025727795911172e-14,1,1,0.83333333333333337,0.41666666666666669
5,test,element,12,22,4,0.35355339059327379,0,0,86.548656290527504,86.551544790601568,18,287269606761.54828,2.3951986942130591e-16,1.1414430478965657e-17,2.9809568460601541e-14,7.523102534829869e-12,1,1,0.66666666666666663,0.58333333333333337
5,test,element,13,23,4,0.35355339059327379,0,0,77.147822760331849,77.151063224441316,17,135121116150.61183,1.7671682376755622e-16,1.7803892287886593e-17,2.2524126805929659e-14,3.6365810997030555e-13,1,1,0.66666666666666663,0.41666666666666669
5,test,element,14,24,4,0.35355339059327379,0,1,55.109674647461937,55.114210869328417,14,6012652920.9208221,1.5275505095646041e-16,7.2905417723643583e-18,7.0342708285427748e-15,1.0210041817830622e-13,1,1,0.83333333333333337,0.58333333333333337
5,test,element,15,25,4,0.35355339059327379,0,1,55.109674637482406,55.114210859348624,14,6012652908.6847,7.2888854241075093e-17,5.0142689228422214e-18,3.9022619512577173e-15,1.4147343929748325e-13,1,1,0.41666666666666669,0.16666666666666666
5,test,element,16,26,4,0.35355339059327379,0,0,77.147842474309613,77.151082939251509,17,135121409673.95091,1.6742270348630564e-16,1.1005042831080335e-17,1.7197837354662659e-14,4.3407617766666389e-11,1,1,0.58333333333333337,0.33333333333333331
5,test,element,17,27,4,0.35355339059327379,0,0,86.548652226408763,86.551540726342253,18,287269742715.10486,3.2205117205598975e-16,6.2329226537956871e-17,5.3117806924749412e-14,1.390556974041959e-11,1,1,0.41666666666666669,0.33333333333333331
5,test,element,18,28,4,0.35355339059327379,0,1,53.897055109495724,53.901693382605153,15,466757824198.20825,7.5747634056223569e-17,5.4831055505880915e-17,2.1264051733980078e-14,1.2514897023901336e-11,1,1,0.58333333333333337,0.16666666666666666
5,test,element,19,29,4,0.35355339059327379,0,1,56.721045374939756,56.725452736350704,16,351717964364.0014,8.5343431142244049e-17,5.6443220365716616e-17,1.0191625791232379e-13,8.7643434503342219e-11,1,1,0.58333333333333337,0.83333333333333337
5,test,element,20,31,4,0.35355339059327379,0,1,80.368213515076633,80.371324131375545,18,406429359790.96362,2.4259952011717644e-16,4.8924981715206186e-18,3.6010145915254612e-14,1.5083359621589747e-10,1,1,0.58333333333333337,0.66666666666666663
5,test,element,21,32,4,0.35355339059327379,0,1,62.624954849469738,62.628946740404039,17,725349823928.6709,1.6110230302168851e-16,1.250911043605422e-16,2.686694959674108e-14,2.1863525812490778e-11,1,1,0.41666666666666669,0.83333333333333337
5,test,element,22,33,5,0.25,0,1,69.031024681393049,69.032835448538194,17,104362470288.89807,2.4835264128096264e-16,1.4357442225548973e-17,1.5479226620804107e-13,3.1514946303472059e-10,1,1,0.375,0.54166666666666663
5,test,element,23,34,5,0.25,0,1,45.419650591111761,45.42240262045496,15,258895069825.98032,2.1900585097669331e-16,5.4810901867804873e-18,6.5330701922114811e-15,1.9219693502301232e-12,1,1,0.375,0.70833333333333337
5,test,element,24,35,5,0.25,0,1,45.419656593242735,45.422408622841907,15,258895199718.25449,1.4192384467880603e-16,5.1971932127860088e-17,7.626970686551396e-15,2.5360951937895962e-11,1,1,0.29166666666666669,0.625
5,test,element,25,36,5,0.25,0,1,69.030705786817776,69.032516545729081,17,104361163723.16605,1.48183035124351e-16,5.2010494590477816e-17,1.5044061574405723e-13,1.6574123872318508e-10,1,1,0.45833333333333331,0.625
5,test,patch1,0,5,3,0.5,1,1,3.9796012112331161,3.9953790809812393,18,488587405.4028914,1.9774405853269159e-16,4.868154638658606e-17,1.1993360254536692e-15,0,8,2.2360679774997898,0.75,0.083333333333333329
5,test,patch1,1,6,3,0.5,1,1,3.4441738520414509,3.4920235171955878,18,323678030.55137056,1.9607599339712053e-16,4.1759865966028125e-17,1.0282539875777185e-15,0,8,2.2360679774997898,0.25,0.91666666666666663
5,test,patch1,2,7,3,0.5,1,1,3.2187923854093468,3.2705142636035203,18,172708511.87583616,2.3928616957605228e-16,4.8557547681022104e-17,1.1531063051967871e-15,0,8,2.2360679774997898,0.083333333333333329,0.25
5,test,patch1,3,8,3,0.5,1,1,3.2267479919150364,3.2784110501613615,18,225082291.24426928,1.2654242038166184e-16,1.753917359078806e-17,6.8896128265943157e-16,0,8,2.2360679774997898,0.91666666666666663,0.75
5,test,patch1,4,9,3,0.5,1,1,3.2267479919420667,3.2784110501852552,18,225082293.57305896,2.0545215426807809e-16,5.1054933617178002e-17,7.2034509499394653e-16,0,8,2.2360679774997898,0.25,0.083333333333333329
5,test,patch1,5,10,3,0.5,1,1,3.2187923854029608,3.2705142635977205,18,172708511.16314253,2.4286525671448288e-16,3.7748698226092837e-17,7.1965393468022996e-16,0,8,2.2360679774997898,0.75,0.91666666666666663
5,test,patch1,6,11,3,0.5,1,1,3.4441738518538521,3.4920235170261047,18,323678022.23283148,7.7001759753843422e-17,4.6358240006429992e-17,3.7881897474459262e-16,0,8,2.2360679774997898,0.083333333333333329,0.75
5,test,patch1,7,12,3,0.5,1,1,3.9796012792155628,3.9953791490042092,18,488587424.10844386,1.7930385841240598e-16,1.9236536010826893e-17,1.0847560822366629e-15,0,8,2.2360679774997898,0.91666666666666663,0.25
5,test,patch1,8,17,4,0.35355339059327379,0,1,2.7568707606694298,2.774174748520426,18,55174219.985381149,1.1935788369014815e-16,6.0530472317102706e-17,1.3908491154509384e-15,0,10,3.1622776601683791,0.16666666666666666,0.58333333333333337
5,test,patch1,9,18,4,0.35355339059327379,0,1,2.5503044402932855,2.5676700395965009,18,14657.746158020163,1.0873949026171416e-16,3.857854448757495e-17,1.6439152487613517e-15,0,14,2.9999999999999996,0.33333333333333331,0.41666666666666669
5,test,patch1,10,20,4,0.35355339059327379,0,1,2.6821720501178188,2.6982831830395488,18,45445141.011850454,1.403005835553521e-16,4.6740982182707089e-17,3.1684330763961003e-15,0,10,3.1622776601683791,0.16666666666666666,0.41666666666666669
5,test,patch1,11,21,4,0.35355339059327379,0,1,2.8555870061284088,2.8734357899118561,18,199088917.87191156,1.898706014971382e-16,4.7612988282303644e-17,1.2171326574024647e-15,0,9,3.1622776601683791,0.83333333333333337,0.41666666666666669
5,test,patch1,12,22,4,0.35355339059327379,0,0,2.6046291659747438,2.6218654486668478,18,95438.25957524433,2.3951986942130591e-16,2.8042425877409602e-17,2.1225817564576974e-15,0,13,2.9999999999999996,0.66666666666666663,0.58333333333333337
5,test,patch1,13,23,4,0.35355339059327379,0,0,2.6088665266972599,2.6261095726717505,18,2155446.1776529341,1.7671682376755622e-16,7.8408939540524632e-17,7.4206741520027977e-16,0,13,2.5495097567963922,0.66666666666666663,0.41666666666666669
5,test,patch1,14,24,4,0.35355339059327379,0,1,2.8216743540923663,2.8394151892150914,18,73627488.019024074,1.5275505095646041e-16,1.0344162582743777e-17,1.3547821062900677e-15,0,9,3.1622776601683791,0.83333333333333337,0.58333333333333337
5,test,patch1,15,25,4,0.35355339059327379,0,1,2.8216743540907241,2.8394151892134798,18,73627487.809395224,7.2888854241075093e-17,4.8233599031115547e-17,2.1332675213346423e-15,0,9,3.1622776601683791,0.41666666666666669,0.16666666666666666
5,test,patch1,16,26,4,0.35355339059327379,0,0,2.6088665266970748,2.6261095726715622,18,2155446.1774553307,1.6742270348630564e-16,4.8587911279547597e-17,1.2514862031508476e-15,0,13,2.5495097567963922,0.58333333333333337,0.33333333333333331
5,test,patch1,17,27,4,0.35355339059327379,0,0,2.6046291659747332,2.6218654486668367,18,95438.259575559263,3.2205117205598975e-16,3.0474999461214527e-17,1.5215680452519598e-15,0,13,2.9999999999999996,0.41666666666666669,0.33333333333333331
5,test,patch1,18,28,4,0.35355339059327379,0,1,2.8555870073890857,2.8734357911782133,18,199088925.56214154,7.5747634056223569e-17,5.5181870736437869e-17,1.103184869313607e-15,0,9,3.1622776601683791,0.58333333333333337,0.16666666666666666
5,test,patch1,19,29,4,0.35355339059327379,0,1,2.682172050124858,2.6982831830467542,18,45445141.120281897,8.5343431142244049e-17,3.7138709580185473e-17,1.3281456513892116e-15,0,10,3.1622776601683791,0.58333333333333337,0.83333333333333337
5,test,patch1,20,31,4,0.35355339059327379,0,1,2.5503044402932895,2.5676700395965062,18,14657.746158020129,2.4259952011717644e-16,2.9913999202721354e-17,2.202393215899849e-15,0,14,2.9999999999999996,0.58333333333333337,0.66666666666666663
5,test,patch1,21,32,4,0.35355339059327379,0,1,2.7568707606635479,2.7741747485146337,18,55174219.818564497,1.6110230302168851e-16,4.4052091734323693e-17,2.929494691617395e-15,0,10,3.1622776601683791,0.41666666666666669,0.83333333333333337
5,test,patch1,22,33,5,0.25,0,1,2.5465321570208834,2.5556852533809695,18,11369.879447383646,2.4835264128096264e-16,3.7979655033998713e-17,7.5487875073538075e-16,0,12,3.1622776601683795,0.375,0.54166666666666663
5,test,patch1,23,34,5,0.25,0,1,2.6289883487037469,2.6384823058417433,18,93721897.19521831,2.1900585097669331e-16,5.9932435075837501e-17,1.4088040440354807e-15,0,10,3.1622776601683795,0.375,0.70833333333333337
5,test,patch1,24,35,5,0.25,0,1,2.6289883487114905,2.6384823058495557,18,93721897.366103336,1.4192384467880603e-16,4.3776910632621883e-17,1.5892079041430573e-15,0,10,3.1622776601683795,0.29166666666666669,0.625
5,test,patch1,25,36,5,0.25,0,1,2.5465321570208888,2.5556852533809753,18,11369.879447390924,1.48183035124351e-16,5.1884121382926399e-17,1.5146621953964646e-15,0,12,3.1622776601683795,0.45833333333333331,0.625
6,coarse,element,0,5,3,0.5,1,1,8.4852813742385624,8.5440037453175233,3,3.999999999999996,0,5.5511151231257802e-17,2.6637378774710105e-16,0,1,1,0.75,0.083333333333333329
6,coarse,element,1,6,3,0.5,1,1,8.4852813742385731,8.5440037453175339,3,4.0000000000000044,0,0,7.5517706546929672e-16,0,1,1,0.25,0.91666666666666663
6,coarse,element,2,7,3,0.5,1,1,8.4852813742385624,8.5440037453175233,3,3.999999999999996,0,5.5511151231257802e-17,2.6637378774710105e-16,0,1,1,0.083333333333333329,0.25
6,coarse,element,3,8,3,0.5,1,1,8.4852813742385731,8.5440037453175339,3,4.0000000000000044,0,0,7.5517706546929672e-16,0,1,1,0.91666666666666663,0.75
6,coarse,element,4,9,3,0.5,1,1,8.4852813742385642,8.5440037453175268,3,3.999999999999996,0,0,1.4591220689383054e-16,3.8933848534800047e-16,1,1,0.25,0.083333333333333329
6,coarse,element,5,10,3,0.5,1,1,8.4852813742385678,8.5440037453175304,3,4.0000000000000027,0,0,4.3076065927995696e-16,3.8933848534800018e-16,1,1,0.75,0.91666666666666663
6,coarse,element,6,11,3,0.5,1,1,8.4852813742385678,8.5440037453175304,3,4.0000000000000027,0,0,4.3076065927995696e-16,3.8933848534800018e-16,1,1,0.083333333333333329,0.75
6,coarse,element,7,12,3,0.5,1,1,8.4852813742385642,8.5440037453175268,3,3.999999999999996,0,0,1.4591220689383054e-16,3.8933848534800047e-16,1,1,0.91666666666666663,0.25
6,coarse,element,8,17,4,0.35355339059327379,0,1,8.4852813742385766,8.5146931829632084,3,4.0000000000000044,0,0,4.9297966020677862e-16,1.9448044707226845e-16,1,1,0.16666666666666666,0.58333333333333337
6,coarse,element,9,18,4,0.35355339059327379,0,1,8.4852813742385713,8.5146931829632031,3,4.0000000000000018,0,0,2.0716489044500591e-16,3.9049223624746865e-16,1,1,0.33333333333333331,0.41666666666666669
6,coarse,element,10,20,4,0.35355339059327379,0,1,8.4852813742385944,8.5146931829632244,3,4.0000000000000213,0,0,5.9651790404837639e-17,1.5313421029312417e-18,1,1,0.16666666666666666,0.41666666666666669
6,coarse,element,11,21,4,0.35355339059327379,0,1,8.4852813742385944,8.5146931829632244,3,4.0000000000000195,0,0,1.9204287646091331e-16,1.5313421029312417e-18,1,1,0.83333333333333337,0.41666666666666669
6,coarse,element,12,23,4,0.35355339059327379,0,1,8.4852813742385713,8.5146931829632031,3,4.0000000000000027,0,0,3.0184831010832339e-16,3.9049223624746865e-16,1,1,0.66666666666666663,0.41666666666666669
6,coarse,element,13,24,4,0.35355339059327379,0,1,8.4852813742385713,8.5146931829632013,3,4.0000000000000018,0,0,2.2145372609801431e-16,1.5313421029312502e-18,1,1,0.83333333333333337,0.58333333333333337
6,coarse,element,14,25,4,0.35355339059327379,0,1,8.4852813742385713,8.5146931829632013,3,4.0000000000000018,0,0,1.5933109831828975e-16,1.5313421029312502e-18,1,1,0.41666666666666669,0.16666666666666666
6,coarse,element,15,26,4,0.35355339059327379,0,0,8.4852813742385695,8.5146931829631995,3,3.9999999999999996,0,0,2.5836005436118084e-16,1.5313421029312508e-18,1,1,0.58333333333333337,0.33333333333333331
6,coarse,element,16,27,4,0.35355339059327379,0,0,8.4852813742385713,8.5146931829632013,3,4.0000000000000044,0,0,1.2540149943774358e-16,1.5313421029312502e-18,1,1,0.41666666666666669,0.33333333333333331
6,coarse,element,17,28,4,0.35355339059327379,0,1,8.4852813742385713,8.5146931829632013,3,4.0000000000000018,0,0,1.5933109831828975e-16,1.5313421029312502e-18,1,1,0.58333333333333337,0.16666666666666666
6,coarse,element,18,29,4,0.35355339059327379,0,1,8.4852813742385766,8.5146931829632084,3,4.0000000000000044,0,0,4.9297966020677862e-16,1.9448044707226845e-16,1,1,0.58333333333333337,0.83333333333333337
6,coarse,element,19,32,4,0.35355339059327379,0,1,8.4852813742385713,8.5146931829632013,3,4.0000000000000018,0,0,2.2145372609801431e-16,1.5313421029312502e-18,1,1,0.41666666666666669,0.83333333333333337
6,coarse,element,20,33,5,0.25,0,1,8.485281374238566,8.4999999999999982,3,3.9999999999999982,0,0,3.5884198578344712e-16,5.900700919807063e-16,1,1,0.375,0.54166666666666663
6,coarse,element,21,34,5,0.25,0,1,8.485281374238566,8.4999999999999982,3,3.9999999999999982,0,0,3.5884198578344712e-16,5.900700919807063e-16,1,1,0.375,0.70833333333333337
6,coarse,element,22,35,5,0.25,0,1,8.485281374238566,8.4999999999999964,3,3.9999999999999982,0,0,2.8599361857724526e-16,1.966900306602355e-16,1,1,0.29166666666666669,0.625
6,coarse,element,23,36,5,0.25,0,0,8.485281374238566,8.4999999999999964,3,3.9999999999999982,0,0,2.8599361857724526e-16,1.966900306602355e-16,1,1,0.45833333333333331,0.625
6,coarse,element,24,37,5,0.25,0,1,8.485281374238566,8.4999999999999982,3,3.9999999999999982,0,0,3.5884198578344712e-16,5.900700919807063e-16,1,1,0.70833333333333337,0.625
6,coarse,element,25,38,5,0.25,0,0,8.485281374238566,8.4999999999999982,3,3.9999999999999982,0,0,3.5884198578344712e-16,5.900700919807063e-16,1,1,0.54166666666666663,0.625
6,coarse,element,26,39,5,0.25,0,1,8.485281374238566,8.4999999999999964,3,3.9999999999999982,0,0,2.8599361857724526e-16,1.966900306602355e-16,1,1,0.625,0.54166666666666663
6,coarse,element,27,40,5,0.25,0,1,8.485281374238566,8.4999999999999964,3,3.9999999999999982,0,0,2.8599361857724526e-16,1.966900306602355e-16,1,1,0.625,0.70833333333333337
6,coarse,patch1,0,5,3,0.5,1,1,4.3669970062358603,4.4025231880189883,9,8.4389712503746015,0,0,2.2203880485961779e-16,0,8,2.2360679774997898,0.75,0.083333333333333329
6,coarse,patch1,1,6,3,0.5,1,1,4.5863331715549016,4.6218490896152566,9,11.862067274978289,0,0,3.3252082065710149e-16,0,8,2.2360679774997898,0.25,0.91666666666666663
6,coarse,patch1,2,7,3,0.5,1,1,4.3669970062358621,4.4025231880189901,9,8.4389712503746228,0,0,4.5521964976096834e-16,0,8,2.2360679774997898,0.083333333333333329,0.25
6,coarse,patch1,3,8,3,0.5,1,1,4.5863331715549007,4.6218490896152558,9,11.862067274978287,0,0,2.3163239931606602e-16,0,8,2.2360679774997898,0.91666666666666663,0.75
6,coarse,patch1,4,9,3,0.5,1,1,4.3669970062358612,4.4025231880189892,9,8.4389712503746015,0,1.6887162553771229e-17,3.768955395960819e-16,0,8,2.2360679774997898,0.25,0.083333333333333329
6,coarse,patch1,5,10,3,0.5,1,1,4.5863331715549016,4.6218490896152549,9,11.862067274978314,0,0,4.9334838011579444e-16,0,8,2.2360679774997898,0.75,0.91666666666666663
6,coarse,patch1,6,11,3,0.5,1,1,4.5863331715549007,4.6218490896152549,9,11.862067274978315,0,1.8170289459384246e-17,6.7670072295355725e-16,0,8,2.2360679774997898,0.083333333333333329,0.75
6,coarse,patch1,7,12,3,0.5,1,1,4.3669970062358612,4.4025231880189883,9,8.438971250374605,0,0,4.0900119214541222e-16,0,8,2.2360679774997898,0.91666666666666663,0.25
6,coarse,patch1,8,17,4,0.35355339059327379,0,1,3.3652872467504951,3.3782077430668118,10,9.3227766146003983,0,1.7002284942951475e-17,4.2231152900387326e-16,0,10,3.1622776601683791,0.16666666666666666,0.58333333333333337
6,coarse,patch1,9,18,4,0.35355339059327379,0,1,3.3706040646432136,3.3834027452851139,13,15.953625673865846,0,0,6.7858967253011487e-16,0,14,2.5495097567963922,0.33333333333333331,0.41666666666666669
6,coarse,patch1,10,20,4,0.35355339059327379,0,1,3.3418007033053443,3.3546294024759695,10,12.09340202603908,0,0,4.0435915859462327e-16,0,10,3.1622776601683791,0.16666666666666666,0.41666666666666669
6,coarse,patch1,11,21,4,0.35355339059327379,0,1,3.3418007033053461,3.3546294024759726,10,12.093402026039051,0,0,8.0616588717851778e-16,0,10,3.1622776601683791,0.83333333333333337,0.41666666666666669
6,coarse,patch1,12,23,4,0.35355339059327379,0,1,3.3706040646432158,3.3834027452851156,13,15.953625673865849,0,0,9.6672959012874773e-16,0,14,2.5495097567963922,0.66666666666666663,0.41666666666666669
6,coarse,patch1,13,24,4,0.35355339059327379,0,1,3.365287246750496,3.3782077430668127,10,9.3227766146003965,0,0,3.9876772783747182e-16,0,10,3.1622776601683791,0.83333333333333337,0.58333333333333337
6,coarse,patch1,14,25,4,0.35355339059327379,0,1,3.314137963881326,3.3269617752169989,9,7.4329556066482745,0,1.598772316992968e-17,5.7658088378307894e-16,0,9,3.1622776601683791,0.41666666666666669,0.16666666666666666
6,coarse,patch1,15,26,4,0.35355339059327379,0,0,3.3541074916249389,3.3667324557326683,12,17.124348221054102,0,0,7.2996961684127154e-16,0,13,2.5495097567963922,0.58333333333333337,0.33333333333333331
6,coarse,patch1,16,27,4,0.35355339059327379,0,0,3.3541074916249376,3.366732455732667,12,17.12434822105412,0,0,4.8755154946886697e-16,0,13,2.5495097567963922,0.41666666666666669,0.33333333333333331
6,coarse,patch1,17,28,4,0.35355339059327379,0,1,3.3141379638813255,3.3269617752170002,9,7.4329556066482887,0,0,5.0468883800117786e-16,0,9,3.1622776601683791,0.58333333333333337,0.16666666666666666
6,coarse,patch1,18,29,4,0.35355339059327379,0,1,3.3722539762822672,3.385189108563877,11,14.396893532644002,0,0,4.6804943984361571e-16,0,11,3.1622776601683791,0.58333333333333337,0.83333333333333337
6,coarse,patch1,19,32,4,0.35355339059327379,0,1,3.3722539762822681,3.3851891085638761,11,14.396893532644004,0,0,3.7162685454219735e-16,0,11,3.1622776601683791,0.41666666666666669,0.83333333333333337
6,coarse,patch1,20,33,5,0.25,0,1,3.1615770311083344,3.1685005926060725,11,9.8629263628691124,0,0,6.2395768414220341e-16,0,12,3.1622776601683795,0.375,0.54166666666666663
6,coarse,patch1,21,34,5,0.25,0,1,3.1393407337945387,3.1463924056713641,10,12.251594806709171,0,0,5.7436916567992203e-16,0,11,3.1622776601683795,0.375,0.70833333333333337
6,coarse,patch1,22,35,5,0.25,0,1,3.1083978413075606,3.1153481148458062,9,7.7238421980013872,0,0,3.8617910853461377e-16,0,10,3.1622776601683795,0.29166666666666669,0.625
6,coarse,patch1,23,36,5,0.25,0,0,3.1638977428248505,3.1705812292242483,12,7.7555378106690647,0,0,4.3908392096493812e-16,0,13,3.1622776601683795,0.45833333333333331,0.625
6,coarse,patch1,24,37,5,0.25,0,1,3.108397841307561,3.1153481148458058,9,7.7238421980013925,0,0,4.0613148290519153e-16,0,10,3.1622776601683795,0.70833333333333337,0.625
6,coarse,patch1,25,38,5,0.25,0,0,3.1638977428248505,3.1705812292242483,12,7.7555378106690718,0,0,2.4141985108020012e-16,0,13,3.1622776601683795,0.54166666666666663,0.625
6,coarse,patch1,26,39,5,0.25,0,1,3.1615770311083344,3.168500592606073,11,9.8629263628691319,0,0,4.3874556401088738e-16,0,12,3.1622776601683795,0.625,0.54166666666666663
6,coarse,patch1,27,40,5,0.25,0,1,3.1393407337945409,3.1463924056713668,10,12.251594806709198,0,0,2.9521227923333197e-16,0,11,3.1622776601683795,0.625,0.70833333333333337
6,trial,element,0,5,3,0.5,1,1,53.01068864520402,53.020119860635042,14,790806343508.52344,2.6729388393697038e-16,3.0751393160884595e-17,1.0092510894394651e-13,2.1438195090025526e-10,1,1,0.75,0.083333333333333329
6,trial,element,1,6,3,0.5,1,1,58.514173283755191,58.522717601607113,15,612920304844.76953,1.4313353575825722e-16,1.1364865219992952e-17,1.9330631624013468e-13,1.15660013464671e-10,1,1,0.25,0.91666666666666663
6,trial,element,2,7,3,0.5,1,1,51.83449046214259,51.844135651685548,13,4281415124.9951768,3.40173975164416e-16,5.7584708241991776e-17,2.6840334814342165e-14,1.568377615809865e-13,1,1,0.083333333333333329,0.25
6,trial,element,3,8,3,0.5,1,1,53.312200005947375,53.321577897456102,14,105187100556.57809,2.1441810979821876e-16,1.1946932045879672e-16,3.3889850300196287e-14,1.2091661701102555e-13,1,1,0.91666666666666663,0.75
6,trial,element,4,9,3,0.5,1,1,53.010690047977143,53.02012126802839,14,790811227111.28308,1.6497109501223414e-16,6.361012093594607e-17,7.1699688798201264e-14,3.0687439547928452e-11,1,1,0.25,0.083333333333333329
6,trial,element,5,10,3,0.5,1,1,58.514043977243595,58.522588274454428,15,612915628099.70654,4.5586619995888343e-16,1.5768457634616509e-17,6.8758905270264204e-14,1.234925003054746e-09,1,1,0.75,0.91666666666666663
6,trial,element,6,11,3,0.5,1,1,53.312202159386651,53.32158005085001,14,105187114649.30624,2.2574967244549009e-16,8.1648176834816412e-17,6.6157473568986918e-14,1.262490936011089e-11,1,1,0.083333333333333329,0.75
6,trial,element,7,12,3,0.5,1,1,51.834490424236606,51.844135613742679,13,4281415216.8657756,1.7632932839857343e-16,1.0228727855104338e-16,1.3603430350726921e-14,1.5380928722950992e-12,1,1,0.91666666666666663,0.25
6,trial,element,8,17,4,0.35355339059327379,0,1,63.512105152635101,63.516041289090197,17,426517197928.13953,1.9043467761398529e-16,9.4456238773096289e-18,4.4920457094628095e-15,2.9257310805269318e-11,1,1,0.16666666666666666,0.58333333333333337
6,trial,element,9,18,4,0.35355339059327379,0,1,77.877352173834112,77.880562283361257,18,117337491032.23148,1.0894207835029889e-16,5.7255467039985681e-17,1.8635709965600643e-14,5.7494739106044025e-12,1,1,0.33333333333333331,0.41666666666666669
6,trial,element,10,20,4,0.35355339059327379,0,1,57.566365847717179,57.57070849916456,16,259891472799.92447,3.0210934376708906e-16,5.7433231566022536e-17,2.869035120243466e-14,5.5080989922565931e-11,1,1,0.16666666666666666,0.41666666666666669
6,trial,element,11,21,4,0.35355339059327379,0,1,57.566370905436628,57.570713554920395,16,259884859067.80432,3.2199239995483544e-16,5.6145175311545728e-17,6.7917465505298729e-15,1.1895588389387659e-13,1,1,0.83333333333333337,0.41666666666666669
6,trial,element,12,23,4,0.35355339059327379,0,1,77.877355574417763,77.880565684032106,18,117337541802.54672,1.0858731283858277e-16,1.3213582971380274e-17,2.1984352232165233e-14,8.9369257458640477e-14,1,1,0.66666666666666663,0.41666666666666669
6,trial,element,13,24,4,0.35355339059327379,0,1,63.512091448512251,63.516027584968874,17,426515815519.38403,1.1850011140352316e-16,5.637225576312828e-17,7.544707963953736e-15,2.5639440900174939e-12,1,1,0.83333333333333337,0.58333333333333337
6,trial,element,14,25,4,0.35355339059327379,0,1,55.125519548701348,55.130054466999596,15,904270075044.07935,1.5298044090948446e-16,5.5928292534363482e-18,7.0080484624092176e-14,6.6092202915023576e-12,1,1,0.41666666666666669,0.16666666666666666
6,trial,element,15,26,4,0.35355339059327379,0,0,83.817837022723026,83.820819626339571,18,213200321477.64716,1.8461706788655342e-16,2.9210298652227907e-17,2.7134894832095316e-14,4.7880597844931833e-11,1,1,0.58333333333333337,0.33333333333333331
6,trial,element,16,27,4,0.35355339059327379,0,0,83.817851440903397,83.820834045776067,18,213201805842.05414,1.3417392878213585e-16,2.9754044861754414e-17,3.4381161114152875e-14,5.6673742930561746e-12,1,1,0.41666666666666669,0.33333333333333331
6,trial,element,17,28,4,0.35355339059327379,0,1,55.125520996517828,55.130055914665931,15,904268414609.76172,2.8392039831974201e-16,5.4981784735660902e-17,6.8554946776892549e-14,5.4828710883904537e-12,1,1,0.58333333333333337,0.16666666666666666
6,trial,element,18,29,4,0.35355339059327379,0,1,66.980736031799452,66.984468319158935,17,158903302762.27795,1.8253569647148896e-16,4.8021297321440361e-18,8.2067429282017063e-15,7.4910879070939536e-10,1,1,0.58333333333333337,0.83333333333333337
6,trial,element,19,32,4,0.35355339059327379,0,1,66.980945332833272,66.984677633090016,17,158905852019.65891,9.8334167829051437e-17,5.0296480234802479e-18,8.144307613736747e-15,1.5825840566052551e-11,1,1,0.41666666666666669,0.83333333333333337
6,trial,element,20,33,5,0.25,0,1,63.75282959786508,63.754790264979981,17,14194574412.82481,1.5001726731486265e-16,1.1293332844539931e-17,1.0757875219077757e-14,6.9767095251452399e-13,1,1,0.375,0.54166666666666663
6,trial,element,21,34,5,0.25,0,1,58.314180476217089,58.316323997300515,17,412573309087.08582,1.4643604262757559e-16,5.1341583123689301e-18,5.4521672660997634e-14,1.6081596200638368e-11,1,1,0.375,0.70833333333333337
6,trial,element,22,35,5,0.25,0,1,42.541219681052858,42.54415789413499,15,174205163438.48956,2.0571804964955584e-16,1.0340390422199309e-16,3.5531954671605617e-15,5.6934111420010893e-10,1,1,0.29166666666666669,0.625
6,trial,element,23,36,5,0.25,0,0,61.135398125700497,61.137442731973167,18,296457033313.55316,1.6785048101852303e-16,1.2033167756578261e-16,3.3716292151723476e-13,4.8853818497701939e-11,1,1,0.45833333333333331,0.625
6,trial,element,24,37,5,0.25,0,1,42.541331701955514,42.544269924385262,15,174206415530.86746,2.1929361883569167e-16,1.0109177155692838e-17,5.9127472152091193e-15,2.3378105011866394e-10,1,1,0.70833333333333337,0.625
6,trial,element,25,38,5,0.25,0,0,61.135456715686928,61.137501323854757,18,296463025437.16888,1.6850393459513152e-16,5.4693364734760477e-17,5.3836403420866424e-13,7.7241353216773415e-11,1,1,0.54166666666666663,0.625
6,trial,element,26,39,5,0.25,0,1,63.75282919811103,63.754789865232418,17,14194574294.038889,1.0620647500888728e-16,5.3058594122061772e-17,1.0327159157617287e-14,8.7980828084903741e-13,1,1,0.625,0.54166666666666663
6,trial,element,27,40,5,0.25,0,1,58.314230190174733,58.316373713129522,17,412580772803.13025,1.5962770941991521e-16,5.3295810943369298e-17,7.2560762560454697e-14,1.1076739605496856e-10,1,1,0.625,0.70833333333333337
6,trial,patch1,0,5,3,0.5,1,1,3.8528985778492237,3.868382773929937,19,495973183.04426628,2.6729388393697038e-16,4.7835601994084835e-17,1.0217932282291607e-15,0,8,2.2360679774997898,0.75,0.083333333333333329
6,trial,patch1,1,6,3,0.5,1,1,3.4809429393363795,3.5280875122242503,19,380230879.0433476,1.4313353575825722e-16,4.7961674965727631e-17,3.6380549636187069e-16,0,8,2.2360679774997898,0.25,0.91666666666666663
6,trial,patch1,2,7,3,0.5,1,1,4.1159947718753065,4.1335560166310081,19,533652850.01487464,3.40173975164416e-16,4.8377335676980426e-17,7.8911276857844821e-16,0,8,2.2360679774997898,0.083333333333333329,0.25
6,trial,patch1,3,8,3,0.5,1,1,3.6619869086264862,3.6992909068695856,19,518716067.82967979,2.1441810979821876e-16,4.9592105067739892e-17,1.3610827464145249e-15,0,8,2.2360679774997898,0.91666666666666663,0.75
6,trial,patch1,4,9,3,0.5,1,1,3.8528985511474421,3.8683827472307697,19,495973175.51809376,1.6497109501223414e-16,4.9154660419602579e-17,2.260365193918946e-16,0,8,2.2360679774997898,0.25,0.083333333333333329
6,trial,patch1,5,10,3,0.5,1,1,3.4809429393549087,3.5280875122430144,19,380230879.00592631,4.5586619995888343e-16,3.8596650404984025e-17,6.4639715192135399e-16,0,8,2.2360679774997898,0.75,0.91666666666666663
6,trial,patch1,6,11,3,0.5,1,1,3.6619869133684393,3.6992909115666874,19,518716079.92211401,2.2574967244549009e-16,5.8182728812894677e-17,6.6795036488688797e-16,0,8,2.2360679774997898,0.083333333333333329,0.75
6,trial,patch1,7,12,3,0.5,1,1,4.1159948089136025,4.1335560536821978,19,533652861.52528095,1.7632932839857343e-16,5.6614512628111108e-17,1.0771966801619064e-15,0,8,2.2360679774997898,0.91666666666666663,0.25
6,trial,patch1,8,17,4,0.35355339059327379,0,1,2.7624870493010456,2.7797983111221716,19,94135046.088655204,1.9043467761398529e-16,6.9485864770782118e-17,1.1060735211422434e-15,0,10,3.1622776601683791,0.16666666666666666,0.58333333333333337
6,trial,patch1,9,18,4,0.35355339059327379,0,1,2.5864871453940386,2.6035384948381934,19,2710456.5811500796,1.0894207835029889e-16,5.0519958555962084e-17,1.1934795179764595e-15,0,14,2.5495097567963922,0.33333333333333331,0.41666666666666669
6,trial,patch1,10,20,4,0.35355339059327379,0,1,2.7343219320814049,2.7504382073288816,19,195354954.99200046,3.0210934376708906e-16,5.1862802004957199e-17,1.2055778782511162e-15,0,10,3.1622776601683791,0.16666666666666666,0.41666666666666669
6,trial,patch1,11,21,4,0.35355339059327379,0,1,2.734321932503113,2.7504382077516492,19,195354956.65712991,3.2199239995483544e-16,5.6086553338193118e-17,1.7393526028713652e-15,0,10,3.1622776601683791,0.83333333333333337,0.41666666666666669
6,trial,patch1,12,23,4,0.35355339059327379,0,1,2.5864871453943747,2.6035384948385283,19,2710456.5814134968,1.0858731283858277e-16,4.5050400111886554e-17,1.1679154446353164e-15,0,14,2.5495097567963922,0.66666666666666663,0.41666666666666669
6,trial,patch1,13,24,4,0.35355339059327379,0,1,2.7624870492544682,2.7797983110759499,19,94135045.14874351,1.1850011140352316e-16,4.9242689787677363e-17,1.5800656497704538e-15,0,10,3.1622776601683791,0.83333333333333337,0.58333333333333337
6,trial,patch1,14,25,4,0.35355339059327379,0,1,2.8862408849200838,2.9043620363231932,19,251785336.41072279,1.5298044090948446e-16,4.9631875956604461e-17,8.8442317181744165e-16,0,9,3.1622776601683791,0.41666666666666669,0.16666666666666666
6,trial,patch1,15,26,4,0.35355339059327379,0,0,2.6555859329833269,2.672642431240932,19,3076434.625954851,1.8461706788655342e-16,5.0392309579604487e-17,2.1537052170126044e-15,0,13,2.5495097567963922,0.58333333333333337,0.33333333333333331
6,trial,patch1,16,27,4,0.35355339059327379,0,0,2.6555859329827407,2.6726424312403476,19,3076434.6254311395,1.3417392878213585e-16,2.9000710099425974e-17,2.0135096923439628e-15,0,13,2.5495097567963922,0.41666666666666669,0.33333333333333331
6,trial,patch1,17,28,4,0.35355339059327379,0,1,2.8862408866584026,2.9043620380741637,19,251785342.24406514,2.8392039831974201e-16,4.5212479984096955e-17,1.2347387002160892e-15,0,9,3.1622776601683791,0.58333333333333337,0.16666666666666666
6,trial,patch1,18,29,4,0.35355339059327379,0,1,2.6500348275416292,2.6660549048751325,19,56643830.465767644,1.8253569647148896e-16,3.6332798870266108e-17,1.4947400317612161e-15,0,11,3.1622776601683791,0.58333333333333337,0.83333333333333337
6,trial,patch1,19,32,4,0.35355339059327379,0,1,2.6500348275382182,2.6660549048716966,19,56643830.366707176,9.8334167829051437e-17,4.5385022930700914e-17,1.6403665141231848e-15,0,11,3.1622776601683791,0.41666666666666669,0.83333333333333337
6,trial,patch1,20,33,5,0.25,0,1,2.6244683784910916,2.6336705166416814,19,1370384.7894391646,1.5001726731486265e-16,4.7376861318224478e-17,1.2769398146897775e-15,0,12,3.1622776601683795,0.375,0.54166666666666663
6,trial,patch1,21,34,5,0.25,0,1,2.5843418490905425,2.5941142884100428,19,95554699.222498119,1.4643604262757559e-16,6.9674008365256549e-17,1.9298479045634964e-15,0,11,3.1622776601683795,0.375,0.70833333333333337
6,trial,patch1,22,35,5,0.25,0,1,2.6628586994668555,2.672430001774412,19,132604512.50972708,2.0571804964955584e-16,6.8066533079580838e-17,9.9545774251699051e-16,0,10,3.1622776601683795,0.29166666666666669,0.625
6,trial,patch1,23,36,5,0.25,0,0,2.5610629002337482,2.5702392392861046,19,10512.712751048819,1.6785048101852303e-16,3.3129573165034196e-17,1.354497213784227e-15,0,13,3.1622776601683795,0.45833333333333331,0.625
6,trial,patch1,24,37,5,0.25,0,1,2.6628586994190058,2.6724300017264366,19,132604511.46080466,2.1929361883569167e-16,4.0588156544417012e-17,2.0449677220365551e-15,0,10,3.1622776601683795,0.70833333333333337,0.625
6,trial,patch1,25,38,5,0.25,0,0,2.5610629002336833,2.5702392392860411,19,10512.712751052593,1.6850393459513152e-16,3.3040832570130537e-17,8.6808286584817671e-16,0,13,3.1622776601683795,0.54166666666666663,0.625
6,trial,patch1,26,39,5,0.25,0,1,2.6244683784934568,2.6336705166440622,19,1370384.7895966356,1.0620647500888728e-16,2.8281540285345183e-17,1.5923675171623253e-15,0,12,3.1622776601683795,0.625,0.54166666666666663
6,trial,patch1,27,40,5,0.25,0,1,2.5843418490704733,2.5941142883898101,19,95554699.008734539,1.5962770941991521e-16,5.1095083499102122e-17,2.2917236080411608e-15,0,11,3.1622776601683795,0.625,0.70833333333333337
6,test,element,0,5,3,0.5,1,1,53.01068864520402,53.020119860635042,14,790806343508.52344,2.6729388393697038e-16,3.0751393160884595e-17,1.0092510894394651e-13,2.1438195090025526e-10,1,1,0.75,0.083333333333333329
6,test,element,1,6,3,0.5,1,1,58.514173283755191,58.522717601607113,15,612920304844.76953,1.4313353575825722e-16,1.1364865219992952e-17,1.9330631624013468e-13,1.15660013464671e-10,1,1,0.25,0.91666666666666663
6,test,element,2,7,3,0.5,1,1,51.83449046214259,51.844135651685548,13,4281415124.9951768,3.40173975164416e-16,5.7584708241991776e-17,2.6840334814342165e-14,1.568377615809865e-13,1,1,0.083333333333333329,0.25
6,test,element,3,8,3,0.5,1,1,53.312200005947375,53.321577897456102,14,105187100556.57809,2.1441810979821876e-16,1.1946932045879672e-16,3.3889850300196287e-14,1.2091661701102555e-13,1,1,0.91666666666666663,0.75
6,test,element,4,9,3,0.5,1,1,53.010690047977143,53.02012126802839,14,790811227111.28308,1.6497109501223414e-16,6.361012093594607e-17,7.1699688798201264e-14,3.0687439547928452e-11,1,1,0.25,0.083333333333333329
6,test,element,5,10,3,0.5,1,1,58.514043977243595,58.522588274454428,15,612915628099.70654,4.5586619995888343e-16,1.5768457634616509e-17,6.8758905270264204e-14,1.234925003054746e-09,1,1,0.75,0.91666666666666663
6,test,element,6,11,3,0.5,1,1,53.312202159386651,53.32158005085001,14,105187114649.30624,2.2574967244549009e-16,8.1648176834816412e-17,6.6157473568986918e-14,1.262490936011089e-11,1,1,0.083333333333333329,0.75
6,test,element,7,12,3,0.5,1,1,51.834490424236606,51.844135613742679,13,4281415216.8657756,1.7632932839857343e-16,1.0228727855104338e-16,1.3603430350726921e-14,1.5380928722950992e-12,1,1,0.91666666666666663,0.25
6,test,element,8,17,4,0.35355339059327379,0,1,63.512105152635101,63.516041289090197,17,426517197928.13953,1.9043467761398529e-16,9.4456238773096289e-18,4.4920457094628095e-15,2.9257310805269318e-11,1,1,0.16666666666666666,0.58333333333333337
6,test,element,9,18,4,0.35355339059327379,0,1,77.877352173834112,77.880562283361257,18,117337491032.23148,1.0894207835029889e-16,5.7255467039985681e-17,1.8635709965600643e-14,5.7494739106044025e-12,1,1,0.33333333333333331,0.41666666666666669
6,test,element,10,20,4,0.35355339059327379,0,1,57.566365847717179,57.57070849916456,16,259891472799.92447,3.0210934376708906e-16,5.7433231566022536e-17,2.869035120243466e-14,5.5080989922565931e-11,1,1,0.16666666666666666,0.41666666666666669
6,test,element,11,21,4,0.35355339059327379,0,1,57.566370905436628,57.570713554920395,16,259884859067.80432,3.2199239995483544e-16,5.6145175311545728e-17,6.7917465505298729e-15,1.1895588389387659e-13,1,1,0.83333333333333337,0.41666666666666669
6,test,element,12,23,4,0.35355339059327379,0,1,77.877355574417763,77.880565684032106,18,117337541802.54672,1.0858731283858277e-16,1.3213582971380274e-17,2.1984352232165233e-14,8.9369257458640477e-14,1,1,0.66666666666666663,0.41666666666666669
6,test,element,13,24,4,0.35355339059327379,0,1,63.512091448512251,63.516027584968874,17,426515815519.38403,1.1850011140352316e-16,5.637225576312828e-17,7.544707963953736e-15,2.5639440900174939e-12,1,1,0.83333333333333337,0.58333333333333337
6,test,element,14,25,4,0.35355339059327379,0,1,55.125519548701348,55.130054466999596,15,904270075044.07935,1.5298044090948446e-16,5.5928292534363482e-18,7.0080484624092176e-14,6.6092202915023576e-12,1,1,0.41666666666666669,0.16666666666666666
6,test,element,15,26,4,0.35355339059327379,0,0,83.817837022723026,83.820819626339571,18,213200321477.64716,1.8461706788655342e-16,2.9210298652227907e-17,2.7134894832095316e-14,4.7880597844931833e-11,1,1,0.58333333333333337,0.33333333333333331
6,test,element,16,27,4,0.35355339059327379,0,0,83.817851440903397,83.820834045776067,18,213201805842.05414,1.3417392878213585e-16,2.9754044861754414e-17,3.4381161114152875e-14,5.6673742930561746e-12,1,1,0.41666666666666669,0.33333333333333331
6,test,element,17,28,4,0.35355339059327379,0,1,55.125520996517828,55.130055914665931,15,904268414609.76172,2.8392039831974201e-16,5.4981784735660902e-17,6.8554946776892549e-14,5.4828710883904537e-12,1,1,0.58333333333333337,0.16666666666666666
6,test,element,18,29,4,0.35355339059327379,0,1,66.980736031799452,66.984468319158935,17,158903302762.27795,1.8253569647148896e-16,4.8021297321440361e-18,8.2067429282017063e-15,7.4910879070939536e-10,1,1,0.58333333333333337,0.83333333333333337
6,test,element,19,32,4,0.35355339059327379,0,1,66.980945332833272,66.984677633090016,17,158905852019.65891,9.8334167829051437e-17,5.0296480234802479e-18,8.144307613736747e-15,1.5825840566052551e-11,1,1,0.41666666666666669,0.83333333333333337
6,test,element,20,33,5,0.25,0,1,63.75282959786508,63.754790264979981,17,14194574412.82481,1.5001726731486265e-16,1.1293332844539931e-17,1.0757875219077757e-14,6.9767095251452399e-13,1,1,0.375,0.54166666666666663
6,test,element,21,34,5,0.25,0,1,58.314180476217089,58.316323997300515,17,412573309087.08582,1.4643604262757559e-16,5.1341583123689301e-18,5.4521672660997634e-14,1.6081596200638368e-11,1,1,0.375,0.70833333333333337
6,test,element,22,35,5,0.25,0,1,42.541219681052858,42.54415789413499,15,174205163438.48956,2.0571804964955584e-16,1.0340390422199309e-16,3.5531954671605617e-15,5.6934111420010893e-10,1,1,0.29166666666666669,0.625
6,test,element,23,36,5,0.25,0,0,61.135398125700497,61.137442731973167,18,296457033313.55316,1.6785048101852303e-16,1.2033167756578261e-16,3.3716292151723476e-13,4.8853818497701939e-11,1,1,0.45833333333333331,0.625
6,test,element,24,37,5,0.25,0,1,42.541331701955514,42.544269924385262,15,174206415530.86746,2.1929361883569167e-16,1.0109177155692838e-17,5.9127472152091193e-15,2.3378105011866394e-10,1,1,0.70833333333333337,0.625
6,test,element,25,38,5,0.25,0,0,61.135456715686928,61.137501323854757,18,296463025437.16888,1.6850393459513152e-16,5.4693364734760477e-17,5.3836403420866424e-13,7.7241353216773415e-11,1,1,0.54166666666666663,0.625
6,test,element,26,39,5,0.25,0,1,63.75282919811103,63.754789865232418,17,14194574294.038889,1.0620647500888728e-16,5.3058594122061772e-17,1.0327159157617287e-14,8.7980828084903741e-13,1,1,0.625,0.54166666666666663
6,test,element,27,40,5,0.25,0,1,58.314230190174733,58.316373713129522,17,412580772803.13025,1.5962770941991521e-16,5.3295810943369298e-17,7.2560762560454697e-14,1.1076739605496856e-10,1,1,0.625,0.70833333333333337
6,test,patch1,0,5,3,0.5,1,1,3.8528985778492237,3.868382773929937,19,495973183.04426628,2.6729388393697038e-16,4.7835601994084835e-17,1.0217932282291607e-15,0,8,2.2360679774997898,0.75,0.083333333333333329
6,test,patch1,1,6,3,0.5,1,1,3.4809429393363795,3.5280875122242503,19,380230879.0433476,1.4313353575825722e-16,4.7961674965727631e-17,3.6380549636187069e-16,0,8,2.2360679774997898,0.25,0.91666666666666663
6,test,patch1,2,7,3,0.5,1,1,4.1159947718753065,4.1335560166310081,19,533652850.01487464,3.40173975164416e-16,4.8377335676980426e-17,7.8911276857844821e-16,0,8,2.2360679774997898,0.083333333333333329,0.25
6,test,patch1,3,8,3,0.5,1,1,3.6619869086264862,3.6992909068695856,19,518716067.82967979,2.1441810979821876e-16,4.9592105067739892e-17,1.3610827464145249e-15,0,8,2.2360679774997898,0.91666666666666663,0.75
6,test,patch1,4,9,3,0.5,1,1,3.8528985511474421,3.8683827472307697,19,495973175.51809376,1.6497109501223414e-16,4.9154660419602579e-17,2.260365193918946e-16,0,8,2.2360679774997898,0.25,0.083333333333333329
6,test,patch1,5,10,3,0.5,1,1,3.4809429393549087,3.5280875122430144,19,380230879.00592631,4.5586619995888343e-16,3.8596650404984025e-17,6.4639715192135399e-16,0,8,2.2360679774997898,0.75,0.91666666666666663
6,test,patch1,6,11,3,0.5,1,1,3.6619869133684393,3.6992909115666874,19,518716079.92211401,2.2574967244549009e-16,5.8182728812894677e-17,6.6795036488688797e-16,0,8,2.2360679774997898,0.083333333333333329,0.75
6,test,patch1,7,12,3,0.5,1,1,4.1159948089136025,4.1335560536821978,19,533652861.52528095,1.7632932839857343e-16,5.6614512628111108e-17,1.0771966801619064e-15,0,8,2.2360679774997898,0.91666666666666663,0.25
6,test,patch1,8,17,4,0.35355339059327379,0,1,2.7624870493010456,2.7797983111221716,19,94135046.088655204,1.9043467761398529e-16,6.9485864770782118e-17,1.1060735211422434e-15,0,10,3.1622776601683791,0.16666666666666666,0.58333333333333337
6,test,patch1,9,18,4,0.35355339059327379,0,1,2.5864871453940386,2.6035384948381934,19,2710456.5811500796,1.0894207835029889e-16,5.0519958555962084e-17,1.1934795179764595e-15,0,14,2.5495097567963922,0.33333333333333331,0.41666666666666669
6,test,patch1,10,20,4,0.35355339059327379,0,1,2.7343219320814049,2.7504382073288816,19,195354954.99200046,3.0210934376708906e-16,5.1862802004957199e-17,1.2055778782511162e-15,0,10,3.1622776601683791,0.16666666666666666,0.41666666666666669
6,test,patch1,11,21,4,0.35355339059327379,0,1,2.734321932503113,2.7504382077516492,19,195354956.65712991,3.2199239995483544e-16,5.6086553338193118e-17,1.7393526028713652e-15,0,10,3.1622776601683791,0.83333333333333337,0.41666666666666669
6,test,patch1,12,23,4,0.35355339059327379,0,1,2.5864871453943747,2.6035384948385283,19,2710456.5814134968,1.0858731283858277e-16,4.5050400111886554e-17,1.1679154446353164e-15,0,14,2.5495097567963922,0.66666666666666663,0.41666666666666669
6,test,patch1,13,24,4,0.35355339059327379,0,1,2.7624870492544682,2.7797983110759499,19,94135045.14874351,1.1850011140352316e-16,4.9242689787677363e-17,1.5800656497704538e-15,0,10,3.1622776601683791,0.83333333333333337,0.58333333333333337
6,test,patch1,14,25,4,0.35355339059327379,0,1,2.8862408849200838,2.9043620363231932,19,251785336.41072279,1.5298044090948446e-16,4.9631875956604461e-17,8.8442317181744165e-16,0,9,3.1622776601683791,0.41666666666666669,0.16666666666666666
6,test,patch1,15,26,4,0.35355339059327379,0,0,2.6555859329833269,2.672642431240932,19,3076434.625954851,1.8461706788655342e-16,5.0392309579604487e-17,2.1537052170126044e-15,0,13,2.5495097567963922,0.58333333333333337,0.33333333333333331
6,test,patch1,16,27,4,0.35355339059327379,0,0,2.6555859329827407,2.6726424312403476,19,3076434.6254311395,1.3417392878213585e-16,2.9000710099425974e-17,2.0135096923439628e-15,0,13,2.5495097567963922,0.41666666666666669,0.33333333333333331
6,test,patch1,17,28,4,0.35355339059327379,0,1,2.8862408866584026,2.9043620380741637,19,251785342.24406514,2.8392039831974201e-16,4.5212479984096955e-17,1.2347387002160892e-15,0,9,3.1622776601683791,0.58333333333333337,0.16666666666666666
6,test,patch1,18,29,4,0.35355339059327379,0,1,2.6500348275416292,2.6660549048751325,19,56643830.465767644,1.8253569647148896e-16,3.6332798870266108e-17,1.4947400317612161e-15,0,11,3.1622776601683791,0.58333333333333337,0.83333333333333337
6,test,patch1,19,32,4,0.35355339059327379,0,1,2.6500348275382182,2.6660549048716966,19,56643830.366707176,9.8334167829051437e-17,4.5385022930700914e-17,1.6403665141231848e-15,0,11,3.1622776601683791,0.41666666666666669,0.83333333333333337
6,test,patch1,20,33,5,0.25,0,1,2.6244683784910916,2.6336705166416814,19,1370384.7894391646,1.5001726731486265e-16,4.7376861318224478e-17,1.2769398146897775e-15,0,12,3.1622776601683795,0.375,0.54166666666666663
6,test,patch1,21,34,5,0.25,0,1,2.5843418490905425,2.5941142884100428,19,95554699.222498119,1.4643604262757559e-16,6.9674008365256549e-17,1.9298479045634964e-15,0,11,3.1622776601683795,0.375,0.70833333333333337
6,test,patch1,22,35,5,0.25,0,1,2.6628586994668555,2.672430001774412,19,132604512.50972708,2.0571804964955584e-16,6.8066533079580838e-17,9.9545774251699051e-16,0,10,3.1622776601683795,0.29166666666666669,0.625
6,test,patch1,23,36,5,0.25,0,0,2.5610629002337482,2.5702392392861046,19,10512.712751048819,1.6785048101852303e-16,3.3129573165034196e-17,1.354497213784227e-15,0,13,3.1622776601683795,0.45833333333333331,0.625
6,test,patch1,24,37,5,0.25,0,1,2.6628586994190058,2.6724300017264366,19,132604511.46080466,2.1929361883569167e-16,4.0588156544417012e-17,2.0449677220365551e-15,0,10,3.1622776601683795,0.70833333333333337,0.625
6,test,patch1,25,38,5,0.25,0,0,2.5610629002336833,2.5702392392860411,19,10512.712751052593,1.6850393459513152e-16,3.3040832570130537e-17,8.6808286584817671e-16,0,13,3.1622776601683795,0.54166666666666663,0.625
6,test,patch1,26,39,5,0.25,0,1,2.6244683784934568,2.6336705166440622,19,1370384.7895966356,1.0620647500888728e-16,2.8281540285345183e-17,1.5923675171623253e-15,0,12,3.1622776601683795,0.625,0.54166666666666663
6,test,patch1,27,40,5,0.25,0,1,2.5843418490704733,2.5941142883898101,19,95554699.008734539,1.5962770941991521e-16,5.1095083499102122e-17,2.2917236080411608e-15,0,11,3.1622776601683795,0.625,0.70833333333333337
