iteration,basis,denominator,element,id,level,H,boundary,transition,Q_gradient,Q_energy,mass_rank,mass_condition,stiffness_hermitian_defect,mass_hermitian_defect,eigen_residual,energy_identity_error,patch_elements,patch_diameter_over_H,x,y
0,coarse,element,0,1,3,0.5,0,0,8.485281374238566,8.544003745317525,3,3.999999999999996,0,0,4.2414822972606285e-16,3.8933848534800047e-16,1,1,0.41666666666666669,0.25
0,coarse,element,1,2,3,0.5,0,0,8.485281374238566,8.544003745317525,3,3.999999999999996,0,0,4.2414822972606285e-16,3.8933848534800047e-16,1,1,0.58333333333333337,0.75
0,coarse,element,2,3,3,0.5,0,0,8.485281374238566,8.544003745317525,3,3.999999999999996,0,0,4.2414822972606285e-16,3.8933848534800047e-16,1,1,0.25,0.58333333333333337
0,coarse,element,3,4,3,0.5,0,0,8.485281374238566,8.544003745317525,3,3.999999999999996,0,0,4.2414822972606285e-16,3.8933848534800047e-16,1,1,0.75,0.41666666666666669
0,coarse,element,4,5,3,0.5,1,0,8.485281374238566,8.544003745317525,3,3.999999999999996,0,0,4.2414822972606285e-16,3.8933848534800047e-16,1,1,0.75,0.083333333333333329
0,coarse,element,5,6,3,0.5,1,0,8.485281374238566,8.544003745317525,3,3.999999999999996,0,0,4.2414822972606285e-16,3.8933848534800047e-16,1,1,0.25,0.91666666666666663
0,coarse,element,6,7,3,0.5,1,0,8.485281374238566,8.544003745317525,3,3.999999999999996,0,0,4.2414822972606285e-16,3.8933848534800047e-16,1,1,0.083333333333333329,0.25
0,coarse,element,7,8,3,0.5,1,0,8.485281374238566,8.544003745317525,3,3.999999999999996,0,0,4.2414822972606285e-16,3.8933848534800047e-16,1,1,0.91666666666666663,0.75
0,coarse,element,8,9,3,0.5,1,0,8.4852813742385642,8.544003745317525,3,3.999999999999996,0,0,7.3477849641193143e-17,0,1,1,0.25,0.083333333333333329
0,coarse,element,9,10,3,0.5,1,0,8.4852813742385642,8.544003745317525,3,3.999999999999996,0,0,7.3477849641193143e-17,0,1,1,0.75,0.91666666666666663
0,coarse,element,10,11,3,0.5,1,0,8.4852813742385642,8.544003745317525,3,3.999999999999996,0,0,7.3477849641193143e-17,0,1,1,0.083333333333333329,0.75
0,coarse,element,11,12,3,0.5,1,0,8.4852813742385642,8.544003745317525,3,3.999999999999996,0,0,7.3477849641193143e-17,0,1,1,0.91666666666666663,0.25
0,coarse,element,12,13,3,0.5,0,0,8.4852813742385642,8.544003745317525,3,3.999999999999996,0,0,7.3477849641193143e-17,0,1,1,0.58333333333333337,0.25
0,coarse,element,13,14,3,0.5,0,0,8.4852813742385642,8.544003745317525,3,3.999999999999996,0,0,7.3477849641193143e-17,0,1,1,0.41666666666666669,0.75
0,coarse,element,14,15,3,0.5,0,0,8.4852813742385642,8.544003745317525,3,3.999999999999996,0,0,7.3477849641193143e-17,0,1,1,0.25,0.41666666666666669
0,coarse,element,15,16,3,0.5,0,0,8.4852813742385642,8.544003745317525,3,3.999999999999996,0,0,7.3477849641193143e-17,0,1,1,0.75,0.58333333333333337
0,coarse,patch1,0,1,3,0.5,0,0,3.6044828737838022,3.6308551802158981,11,11.541410268361536,0,3.1902023863311288e-17,3.8434489894536175e-16,0,11,2.2360679774997898,0.41666666666666669,0.25
0,coarse,patch1,1,2,3,0.5,0,0,3.6044828737838008,3.6308551802158977,11,11.541410268361563,0,3.1902023863311281e-17,3.6430084826629206e-16,0,11,2.2360679774997898,0.58333333333333337,0.75
0,coarse,patch1,2,3,3,0.5,0,0,3.6044828737838013,3.630855180215899,11,11.541410268361533,0,3.1902023863311281e-17,1.0813218122083256e-15,0,11,2.2360679774997898,0.25,0.58333333333333337
0,coarse,patch1,3,4,3,0.5,0,0,3.6044828737838017,3.630855180215899,11,11.541410268361561,0,3.1902023863311288e-17,9.365578271627931e-16,0,11,2.2360679774997898,0.75,0.41666666666666669
0,coarse,patch1,4,5,3,0.5,1,0,4.2811750887122884,4.3161062710517619,7,8.373638996177629,0,0,4.1089004785077691e-16,0,6,2.2360679774997898,0.75,0.083333333333333329
0,coarse,patch1,5,6,3,0.5,1,0,4.2811750887122875,4.3161062710517593,7,8.3736389961776183,0,0,1.802389067865696e-16,0,6,2.2360679774997898,0.25,0.91666666666666663
0,coarse,patch1,6,7,3,0.5,1,0,4.2811750887122866,4.3161062710517584,7,8.3736389961775952,0,0,3.9350691450210617e-16,0,6,2.2360679774997898,0.083333333333333329,0.25
0,coarse,patch1,7,8,3,0.5,1,0,4.2811750887122884,4.3161062710517619,7,8.373638996177629,0,0,4.1089004785077691e-16,0,6,2.2360679774997898,0.91666666666666663,0.75
0,coarse,patch1,8,9,3,0.5,1,0,4.2811750887122875,4.3161062710517575,7,8.3736389961776077,0,0,7.1480348351286532e-16,0,6,2.2360679774997898,0.25,0.083333333333333329
0,coarse,patch1,9,10,3,0.5,1,0,4.2811750887122875,4.3161062710517593,7,8.3736389961776094,0,0,2.68587689827755e-16,0,6,2.2360679774997898,0.75,0.91666666666666663
0,coarse,patch1,10,11,3,0.5,1,0,4.2811750887122892,4.316106271051761,7,8.3736389961776165,0,0,4.9043135335700943e-16,0,6,2.2360679774997898,0.083333333333333329,0.75
0,coarse,patch1,11,12,3,0.5,1,0,4.2811750887122875,4.3161062710517593,7,8.3736389961776094,0,0,2.68587689827755e-16,0,6,2.2360679774997898,0.91666666666666663,0.25
0,coarse,patch1,12,13,3,0.5,0,0,3.6044828737838026,3.6308551802158981,11,11.541410268361528,0,3.1902023863311288e-17,6.1880581613293625e-16,0,11,2.2360679774997898,0.58333333333333337,0.25
0,coarse,patch1,13,14,3,0.5,0,0,3.6044828737838013,3.6308551802158986,11,11.541410268361558,0,3.1902023863311281e-17,5.7892100643717634e-16,0,11,2.2360679774997898,0.41666666666666669,0.75
0,coarse,patch1,14,15,3,0.5,0,0,3.6044828737838022,3.6308551802158986,11,11.541410268361529,0,3.1902023863311288e-17,6.1254171797718519e-16,0,11,2.2360679774997898,0.25,0.41666666666666669
0,coarse,patch1,15,16,3,0.5,0,0,3.6044828737838017,3.630855180215899,11,11.541410268361551,0,3.1902023863311288e-17,1.0905298135603427e-15,0,11,2.2360679774997898,0.75,0.58333333333333337
0,trial,element,0,1,3,0.5,0,0,64.224017606829634,64.231802384154619,13,1376324055.7225809,3.7037237525855272e-16,8.5374152996913849e-18,1.6083583220611291e-15,1.0973083262172362e-11,1,1,0.41666666666666669,0.25
0,trial,element,1,2,3,0.5,0,0,64.224013617422372,64.23179839426416,13,1376323824.0673389,3.8219419493473121e-16,4.9036436199972008e-18,2.9949827103764258e-15,4.1073730307429825e-11,1,1,0.58333333333333337,0.75
0,trial,element,2,3,3,0.5,0,0,64.224019891548352,64.231804669150208,13,1376324184.7003155,3.0963536795529037e-16,1.1273824929584974e-16,2.989946523261817e-15,6.269891956947273e-12,1,1,0.25,0.58333333333333337
0,trial,element,3,4,3,0.5,0,0,64.224018818421811,64.231803595892856,13,1376324123.8676271,3.348224188090093e-16,5.7817652345363528e-17,1.8283802236992381e-15,1.853059333074346e-12,1,1,0.75,0.41666666666666669
0,trial,element,4,5,3,0.5,1,0,41.82728480054616,41.839237011609164,11,50871682130.30442,2.1162828893392766e-16,8.7540128548130327e-18,7.5248275681658125e-14,4.1355516857459277e-11,1,1,0.75,0.083333333333333329
0,trial,element,5,6,3,0.5,1,0,41.827285676131716,41.839237887470453,11,50871684883.605537,2.8404455888330373e-16,2.7535032175353687e-17,7.0805847998636741e-14,1.6218210721380491e-11,1,1,0.25,0.91666666666666663
0,trial,element,6,7,3,0.5,1,0,41.827281128247037,41.839233338079175,11,50871665790.357407,3.2196981034851413e-16,7.9171975442826245e-17,1.1040886039160108e-13,1.5034093149659806e-10,1,1,0.083333333333333329,0.25
0,trial,element,7,8,3,0.5,1,0,41.827285315042666,41.83923752632154,11,50871684074.645996,1.6444217808477768e-16,5.6897149876097161e-17,4.4832690769088086e-14,2.4010646911263171e-11,1,1,0.91666666666666663,0.75
0,trial,element,8,9,3,0.5,1,0,41.827286257052229,41.839238468599099,11,50871687699.416718,3.8103658082430852e-16,1.575020340595276e-17,6.4817857170170584e-14,1.6637492220429216e-12,1,1,0.25,0.083333333333333329
0,trial,element,9,10,3,0.5,1,0,41.827285159092689,41.839237370224708,11,50871683334.679153,1.7912043000451649e-16,7.608719240625162e-18,9.464409409887928e-14,3.3160294123437332e-11,1,1,0.75,0.91666666666666663
0,trial,element,10,11,3,0.5,1,0,41.827287005818647,41.839239217620744,11,50871691003.158585,1.0903431556842889e-16,6.1883583618498689e-17,7.3970187520959284e-14,2.4088968082901207e-11,1,1,0.083333333333333329,0.75
0,trial,element,11,12,3,0.5,1,0,41.827285240172174,41.839237451347067,11,50871683623.47155,1.0927266093426051e-16,5.4792887250437323e-17,2.6755439418001142e-14,3.0003599537284345e-11,1,1,0.91666666666666663,0.25
0,trial,element,12,13,3,0.5,0,0,64.224018103075764,64.231802880459668,13,1376324082.1719992,1.9823310946116294e-16,1.1280926193417101e-16,1.4240824653134263e-15,7.2658621197221356e-12,1,1,0.58333333333333337,0.25
0,trial,element,13,14,3,0.5,0,0,64.224019259273348,64.23180403679649,13,1376324146.9639573,8.8848678009419042e-17,1.0558087436499484e-17,1.9967198513014409e-15,1.4331118913817292e-12,1,1,0.41666666666666669,0.75
0,trial,element,14,15,3,0.5,0,0,64.224019734577254,64.231804512158178,13,1376324162.4696925,1.7667074109898218e-16,4.2152704181221945e-18,2.1191644380679979e-15,5.025921785570965e-12,1,1,0.25,0.41666666666666669
0,trial,element,15,16,3,0.5,0,0,64.224019546495086,64.231804324055105,13,1376324164.5257878,1.9708542039315521e-16,5.7883235267701317e-17,1.1922935065872278e-15,3.6651158426387162e-12,1,1,0.75,0.58333333333333337
0,trial,patch1,0,1,3,0.5,0,0,2.7871341947107271,2.8216150640900186,13,4046.9663323961818,3.7037237525855272e-16,3.486627844902872e-17,8.0640913191000785e-16,0,11,2.2360679774997898,0.41666666666666669,0.25
0,trial,patch1,1,2,3,0.5,0,0,2.7871341947107275,2.8216150640900199,13,4046.96633239934,3.8219419493473121e-16,4.6270294998562332e-17,1.6255303844927089e-15,0,11,2.2360679774997898,0.58333333333333337,0.75
0,trial,patch1,2,3,3,0.5,0,0,2.7871341947107382,2.8216150640900302,13,4046.9663323976888,3.0963536795529037e-16,3.6059494447895948e-17,1.272903496667579e-15,0,11,2.2360679774997898,0.25,0.58333333333333337
0,trial,patch1,3,4,3,0.5,0,0,2.7871341947107413,2.8216150640900324,13,4046.9663323976856,3.348224188090093e-16,3.0936101363129393e-17,7.8018803421408778e-16,0,11,2.2360679774997898,0.75,0.41666666666666669
0,trial,patch1,4,5,3,0.5,1,0,3.4017874377957784,3.4512364551118391,13,13543633.623104332,2.1162828893392766e-16,3.1549480695022952e-17,7.6141322204153139e-16,0,6,2.2360679774997898,0.75,0.083333333333333329
0,trial,patch1,5,6,3,0.5,1,0,3.4017874377958464,3.4512364551119186,13,13543633.625962308,2.8404455888330373e-16,6.827210694672035e-17,9.1354321921821386e-16,0,6,2.2360679774997898,0.25,0.91666666666666663
0,trial,patch1,6,7,3,0.5,1,0,3.4017874377954471,3.4512364551115047,13,13543633.61884943,3.2196981034851413e-16,5.0257750261325799e-17,1.4616716569711351e-15,0,6,2.2360679774997898,0.083333333333333329,0.25
0,trial,patch1,7,8,3,0.5,1,0,3.4017874377964827,3.4512364551125811,13,13543633.634237291,1.6444217808477768e-16,3.1500692457934158e-17,8.5149170164795069e-16,0,6,2.2360679774997898,0.91666666666666663,0.75
0,trial,patch1,8,9,3,0.5,1,0,3.4017874377964255,3.4512364551125119,13,13543633.63274678,3.8103658082430852e-16,2.9391645619473883e-17,1.0181669784190138e-15,0,6,2.2360679774997898,0.25,0.083333333333333329
0,trial,patch1,9,10,3,0.5,1,0,3.4017874377964699,3.4512364551125665,13,13543633.634369353,1.7912043000451649e-16,5.7284570131150622e-17,4.1154373317244209e-16,0,6,2.2360679774997898,0.75,0.91666666666666663
0,trial,patch1,10,11,3,0.5,1,0,3.4017874377977031,3.4512364551138393,13,13543633.649908543,1.0903431556842889e-16,5.9055688196304649e-17,7.1313325746343523e-16,0,6,2.2360679774997898,0.083333333333333329,0.75
0,trial,patch1,11,12,3,0.5,1,0,3.4017874377963793,3.4512364551124701,13,13543633.632087588,1.0927266093426051e-16,5.0305347551842081e-17,1.1786240726020578e-15,0,6,2.2360679774997898,0.91666666666666663,0.25
0,trial,patch1,12,13,3,0.5,0,0,2.7871341947107666,2.821615064090059,13,4046.966332400696,1.9823310946116294e-16,4.5428596861182521e-17,1.3134669971016088e-15,0,11,2.2360679774997898,0.58333333333333337,0.25
0,trial,patch1,13,14,3,0.5,0,0,2.7871341947107395,2.821615064090031,13,4046.9663323985305,8.8848678009419042e-17,3.4987679771362923e-17,1.3926958748693192e-15,0,11,2.2360679774997898,0.41666666666666669,0.75
0,trial,patch1,14,15,3,0.5,0,0,2.7871341947107311,2.8216150640900226,13,4046.9663323976497,1.7667074109898218e-16,3.4014278439360945e-17,9.1839348791593074e-16,0,11,2.2360679774997898,0.25,0.41666666666666669
0,trial,patch1,15,16,3,0.5,0,0,2.7871341947107351,2.8216150640900266,13,4046.9663323978607,1.9708542039315521e-16,4.9876741090191304e-17,1.2545408343245774e-15,0,11,2.2360679774997898,0.75,0.58333333333333337
0,test,element,0,1,3,0.5,0,0,64.224017606829634,64.231802384154619,13,1376324055.7225809,3.7037237525855272e-16,8.5374152996913849e-18,1.6083583220611291e-15,1.0973083262172362e-11,1,1,0.41666666666666669,0.25
0,test,element,1,2,3,0.5,0,0,64.224013617422372,64.23179839426416,13,1376323824.0673389,3.8219419493473121e-16,4.9036436199972008e-18,2.9949827103764258e-15,4.1073730307429825e-11,1,1,0.58333333333333337,0.75
0,test,element,2,3,3,0.5,0,0,64.224019891548352,64.231804669150208,13,1376324184.7003155,3.0963536795529037e-16,1.1273824929584974e-16,2.989946523261817e-15,6.269891956947273e-12,1,1,0.25,0.58333333333333337
0,test,element,3,4,3,0.5,0,0,64.224018818421811,64.231803595892856,13,1376324123.8676271,3.348224188090093e-16,5.7817652345363528e-17,1.8283802236992381e-15,1.853059333074346e-12,1,1,0.75,0.41666666666666669
0,test,element,4,5,3,0.5,1,0,41.82728480054616,41.839237011609164,11,50871682130.30442,2.1162828893392766e-16,8.7540128548130327e-18,7.5248275681658125e-14,4.1355516857459277e-11,1,1,0.75,0.083333333333333329
0,test,element,5,6,3,0.5,1,0,41.827285676131716,41.839237887470453,11,50871684883.605537,2.8404455888330373e-16,2.7535032175353687e-17,7.0805847998636741e-14,1.6218210721380491e-11,1,1,0.25,0.91666666666666663
0,test,element,6,7,3,0.5,1,0,41.827281128247037,41.839233338079175,11,50871665790.357407,3.2196981034851413e-16,7.9171975442826245e-17,1.1040886039160108e-13,1.5034093149659806e-10,1,1,0.083333333333333329,0.25
0,test,element,7,8,3,0.5,1,0,41.827285315042666,41.83923752632154,11,50871684074.645996,1.6444217808477768e-16,5.6897149876097161e-17,4.4832690769088086e-14,2.4010646911263171e-11,1,1,0.91666666666666663,0.75
0,test,element,8,9,3,0.5,1,0,41.827286257052229,41.839238468599099,11,50871687699.416718,3.8103658082430852e-16,1.575020340595276e-17,6.4817857170170584e-14,1.6637492220429216e-12,1,1,0.25,0.083333333333333329
0,test,element,9,10,3,0.5,1,0,41.827285159092689,41.839237370224708,11,50871683334.679153,1.7912043000451649e-16,7.608719240625162e-18,9.464409409887928e-14,3.3160294123437332e-11,1,1,0.75,0.91666666666666663
0,test,element,10,11,3,0.5,1,0,41.827287005818647,41.839239217620744,11,50871691003.158585,1.0903431556842889e-16,6.1883583618498689e-17,7.3970187520959284e-14,2.4088968082901207e-11,1,1,0.083333333333333329,0.75
0,test,element,11,12,3,0.5,1,0,41.827285240172174,41.839237451347067,11,50871683623.47155,1.0927266093426051e-16,5.4792887250437323e-17,2.6755439418001142e-14,3.0003599537284345e-11,1,1,0.91666666666666663,0.25
0,test,element,12,13,3,0.5,0,0,64.224018103075764,64.231802880459668,13,1376324082.1719992,1.9823310946116294e-16,1.1280926193417101e-16,1.4240824653134263e-15,7.2658621197221356e-12,1,1,0.58333333333333337,0.25
0,test,element,13,14,3,0.5,0,0,64.224019259273348,64.23180403679649,13,1376324146.9639573,8.8848678009419042e-17,1.0558087436499484e-17,1.9967198513014409e-15,1.4331118913817292e-12,1,1,0.41666666666666669,0.75
0,test,element,14,15,3,0.5,0,0,64.224019734577254,64.231804512158178,13,1376324162.4696925,1.7667074109898218e-16,4.2152704181221945e-18,2.1191644380679979e-15,5.025921785570965e-12,1,1,0.25,0.41666666666666669
0,test,element,15,16,3,0.5,0,0,64.224019546495086,64.231804324055105,13,1376324164.5257878,1.9708542039315521e-16,5.7883235267701317e-17,1.1922935065872278e-15,3.6651158426387162e-12,1,1,0.75,0.58333333333333337
0,test,patch1,0,1,3,0.5,0,0,2.7871341947107271,2.8216150640900186,13,4046.9663323961818,3.7037237525855272e-16,3.486627844902872e-17,8.0640913191000785e-16,0,11,2.2360679774997898,0.41666666666666669,0.25
0,test,patch1,1,2,3,0.5,0,0,2.7871341947107275,2.8216150640900199,13,4046.96633239934,3.8219419493473121e-16,4.6270294998562332e-17,1.6255303844927089e-15,0,11,2.2360679774997898,0.58333333333333337,0.75
0,test,patch1,2,3,3,0.5,0,0,2.7871341947107382,2.8216150640900302,13,4046.9663323976888,3.0963536795529037e-16,3.6059494447895948e-17,1.272903496667579e-15,0,11,2.2360679774997898,0.25,0.58333333333333337
0,test,patch1,3,4,3,0.5,0,0,2.7871341947107413,2.8216150640900324,13,4046.9663323976856,3.348224188090093e-16,3.0936101363129393e-17,7.8018803421408778e-16,0,11,2.2360679774997898,0.75,0.41666666666666669
0,test,patch1,4,5,3,0.5,1,0,3.4017874377957784,3.4512364551118391,13,13543633.623104332,2.1162828893392766e-16,3.1549480695022952e-17,7.6141322204153139e-16,0,6,2.2360679774997898,0.75,0.083333333333333329
0,test,patch1,5,6,3,0.5,1,0,3.4017874377958464,3.4512364551119186,13,13543633.625962308,2.8404455888330373e-16,6.827210694672035e-17,9.1354321921821386e-16,0,6,2.2360679774997898,0.25,0.91666666666666663
0,test,patch1,6,7,3,0.5,1,0,3.4017874377954471,3.4512364551115047,13,13543633.61884943,3.2196981034851413e-16,5.0257750261325799e-17,1.4616716569711351e-15,0,6,2.2360679774997898,0.083333333333333329,0.25
0,test,patch1,7,8,3,0.5,1,0,3.4017874377964827,3.4512364551125811,13,13543633.634237291,1.6444217808477768e-16,3.1500692457934158e-17,8.5149170164795069e-16,0,6,2.2360679774997898,0.91666666666666663,0.75
0,test,patch1,8,9,3,0.5,1,0,3.4017874377964255,3.4512364551125119,13,13543633.63274678,3.8103658082430852e-16,2.9391645619473883e-17,1.0181669784190138e-15,0,6,2.2360679774997898,0.25,0.083333333333333329
0,test,patch1,9,10,3,0.5,1,0,3.4017874377964699,3.4512364551125665,13,13543633.634369353,1.7912043000451649e-16,5.7284570131150622e-17,4.1154373317244209e-16,0,6,2.2360679774997898,0.75,0.91666666666666663
0,test,patch1,10,11,3,0.5,1,0,3.4017874377977031,3.4512364551138393,13,13543633.649908543,1.0903431556842889e-16,5.9055688196304649e-17,7.1313325746343523e-16,0,6,2.2360679774997898,0.083333333333333329,0.75
0,test,patch1,11,12,3,0.5,1,0,3.4017874377963793,3.4512364551124701,13,13543633.632087588,1.0927266093426051e-16,5.0305347551842081e-17,1.1786240726020578e-15,0,6,2.2360679774997898,0.91666666666666663,0.25
0,test,patch1,12,13,3,0.5,0,0,2.7871341947107666,2.821615064090059,13,4046.966332400696,1.9823310946116294e-16,4.5428596861182521e-17,1.3134669971016088e-15,0,11,2.2360679774997898,0.58333333333333337,0.25
0,test,patch1,13,14,3,0.5,0,0,2.7871341947107395,2.821615064090031,13,4046.9663323985305,8.8848678009419042e-17,3.4987679771362923e-17,1.3926958748693192e-15,0,11,2.2360679774997898,0.41666666666666669,0.75
0,test,patch1,14,15,3,0.5,0,0,2.7871341947107311,2.8216150640900226,13,4046.9663323976497,1.7667074109898218e-16,3.4014278439360945e-17,9.1839348791593074e-16,0,11,2.2360679774997898,0.25,0.41666666666666669
0,test,patch1,15,16,3,0.5,0,0,2.7871341947107351,2.8216150640900266,13,4046.9663323978607,1.9708542039315521e-16,4.9876741090191304e-17,1.2545408343245774e-15,0,11,2.2360679774997898,0.75,0.58333333333333337
1,coarse,element,0,2,3,0.5,0,0,8.4852813742385624,8.5440037453175233,3,4.0000000000000027,0,0,2.064740224359067e-16,0,1,1,0.58333333333333337,0.75
1,coarse,element,1,4,3,0.5,0,1,8.4852813742385642,8.544003745317525,3,3.9999999999999996,0,0,2.9687347692919425e-16,0,1,1,0.75,0.41666666666666669
1,coarse,element,2,5,3,0.5,1,1,8.4852813742385624,8.5440037453175233,3,3.999999999999996,0,5.5511151231257802e-17,2.6637378774710105e-16,0,1,1,0.75,0.083333333333333329
1,coarse,element,3,6,3,0.5,1,0,8.4852813742385766,8.5440037453175375,3,4.0000000000000071,0,5.5511151231257839e-17,1.1645185369284679e-16,0,1,1,0.25,0.91666666666666663
1,coarse,element,4,8,3,0.5,1,0,8.485281374238566,8.544003745317525,3,3.999999999999996,0,0,4.2414822972606285e-16,3.8933848534800047e-16,1,1,0.91666666666666663,0.75
1,coarse,element,5,10,3,0.5,1,0,8.4852813742385642,8.544003745317525,3,3.999999999999996,0,0,7.3477849641193143e-17,0,1,1,0.75,0.91666666666666663
1,coarse,element,6,11,3,0.5,1,1,8.4852813742385642,8.5440037453175268,3,3.999999999999996,0,0,1.4591220689383054e-16,3.8933848534800047e-16,1,1,0.083333333333333329,0.75
1,coarse,element,7,12,3,0.5,1,0,8.4852813742385766,8.5440037453175393,3,4.0000000000000071,0,5.5511151231257839e-17,3.416824233655174e-16,3.8933848534799934e-16,1,1,0.91666666666666663,0.25
1,coarse,element,8,14,3,0.5,0,1,8.4852813742385642,8.5440037453175268,3,3.999999999999996,0,5.5511151231257802e-17,2.3830583716764445e-16,3.8933848534800047e-16,1,1,0.41666666666666669,0.75
1,coarse,element,9,16,3,0.5,0,0,8.4852813742385642,8.5440037453175233,3,4.0000000000000009,0,5.5511151231257765e-17,2.2806828530622085e-16,3.8933848534800062e-16,1,1,0.75,0.58333333333333337
1,coarse,element,10,17,4,0.35355339059327379,0,0,8.4852813742385713,8.5146931829632013,3,4.0000000000000018,0,0,1.5933109831828975e-16,1.5313421029312502e-18,1,1,0.41666666666666669,0.16666666666666666
1,coarse,element,11,18,4,0.35355339059327379,0,1,8.4852813742385713,8.5146931829632013,3,4.0000000000000018,0,0,1.5933109831828975e-16,1.5313421029312502e-18,1,1,0.16666666666666666,0.58333333333333337
1,coarse,element,12,19,4,0.35355339059327379,1,0,8.4852813742385713,8.5146931829632013,3,4.0000000000000018,0,0,1.5933109831828975e-16,1.5313421029312502e-18,1,1,0.083333333333333329,0.33333333333333331
1,coarse,element,13,20,4,0.35355339059327379,1,0,8.4852813742385713,8.5146931829632013,3,4.0000000000000018,0,0,1.5933109831828975e-16,1.5313421029312502e-18,1,1,0.16666666666666666,0.083333333333333329
1,coarse,element,14,21,4,0.35355339059327379,0,1,8.4852813742385713,8.5146931829632013,3,4.0000000000000018,0,0,1.5933109831828975e-16,1.5313421029312502e-18,1,1,0.58333333333333337,0.33333333333333331
1,coarse,element,15,22,4,0.35355339059327379,0,0,8.4852813742385713,8.5146931829632013,3,4.0000000000000018,0,0,1.5933109831828975e-16,1.5313421029312502e-18,1,1,0.33333333333333331,0.41666666666666669
1,coarse,element,16,23,4,0.35355339059327379,0,0,8.4852813742385713,8.5146931829632013,3,4.0000000000000018,0,0,1.5933109831828975e-16,1.5313421029312502e-18,1,1,0.41666666666666669,0.33333333333333331
1,coarse,element,17,24,4,0.35355339059327379,0,1,8.4852813742385713,8.5146931829632013,3,4.0000000000000018,0,0,1.5933109831828975e-16,1.5313421029312502e-18,1,1,0.33333333333333331,0.58333333333333337
1,coarse,element,18,25,4,0.35355339059327379,1,0,8.4852813742385713,8.5146931829632013,3,4.0000000000000018,0,0,1.5933109831828975e-16,1.5313421029312502e-18,1,1,0.083333333333333329,0.16666666666666666
1,coarse,element,19,26,4,0.35355339059327379,1,0,8.4852813742385713,8.5146931829632013,3,4.0000000000000018,0,0,1.5933109831828975e-16,1.5313421029312502e-18,1,1,0.33333333333333331,0.083333333333333329
1,coarse,element,20,27,4,0.35355339059327379,0,1,8.4852813742385713,8.5146931829632013,3,4.0000000000000018,0,0,1.5933109831828975e-16,1.5313421029312502e-18,1,1,0.58333333333333337,0.16666666666666666
1,coarse,element,21,28,4,0.35355339059327379,0,0,8.4852813742385713,8.5146931829632013,3,4.0000000000000018,0,0,1.5933109831828975e-16,1.5313421029312502e-18,1,1,0.16666666666666666,0.41666666666666669
1,coarse,patch1,0,2,3,0.5,0,0,3.660495659412998,3.6865210530194465,11,12.776012869976372,0,2.2033748214487947e-17,6.6026979445628188e-16,0,11,2.2360679774997898,0.58333333333333337,0.75
1,coarse,patch1,1,4,3,0.5,0,1,3.6706955245748776,3.6970476826948429,12,11.663755511210484,0,1.0951172455887964e-17,4.6761741283253551e-16,0,12,2.2360679774997898,0.75,0.41666666666666669
1,coarse,patch1,2,5,3,0.5,1,1,4.4076269097467291,4.4431309190424617,8,14.027599576265889,0,0,3.264657512072311e-16,0,7,1.8027756377319946,0.75,0.083333333333333329
1,coarse,patch1,3,6,3,0.5,1,0,4.3164129776306233,4.3521109734084256,8,8.1373094066368061,0,0,1.2796993814893909e-15,0,7,2.2360679774997898,0.25,0.91666666666666663
1,coarse,patch1,4,8,3,0.5,1,0,4.2811750887122866,4.3161062710517593,7,8.3736389961776219,0,1.4176269004663442e-17,5.2459264090179604e-16,0,6,2.2360679774997898,0.91666666666666663,0.75
1,coarse,patch1,5,10,3,0.5,1,0,4.2811750887122866,4.3161062710517584,7,8.3736389961776343,0,1.4176269004663433e-17,3.3556962079187861e-16,0,6,2.2360679774997898,0.75,0.91666666666666663
1,coarse,patch1,6,11,3,0.5,1,1,4.4076269097467344,4.443130919042467,8,14.027599576265869,0,0,3.6783976283659701e-16,0,7,1.8027756377319946,0.083333333333333329,0.75
1,coarse,patch1,7,12,3,0.5,1,0,4.3164129776306188,4.3521109734084167,8,8.1373094066368168,0,0,9.4221766821449201e-16,0,7,2.2360679774997898,0.91666666666666663,0.25
1,coarse,patch1,8,14,3,0.5,0,1,3.6706955245748794,3.6970476826948402,12,11.663755511210514,0,2.1902344911775925e-17,1.1187842590236121e-15,0,12,2.2360679774997898,0.41666666666666669,0.75
1,coarse,patch1,9,16,3,0.5,0,0,3.660495659412998,3.6865210530194465,11,12.77601286997638,0,2.6985720123227696e-17,6.6236917741977867e-16,0,11,2.2360679774997898,0.75,0.58333333333333337
1,coarse,patch1,10,17,4,0.35355339059327379,0,0,3.4212005962996646,3.4337925349039367,11,8.7961202208436493,0,1.7176614235261289e-17,1.0158300678380606e-15,0,11,3.1622776601683791,0.41666666666666669,0.16666666666666666
1,coarse,patch1,11,18,4,0.35355339059327379,0,1,3.3569052263621497,3.3695985737824867,8,13.08254136105875,0,0,3.8769435504020331e-16,0,8,2.5495097567963922,0.16666666666666666,0.58333333333333337
1,coarse,patch1,12,19,4,0.35355339059327379,1,0,4.4140684523883582,4.4340606568662526,11,8.8601565658092376,0,0,9.5598020747953849e-16,0,10,3.1622776601683791,0.083333333333333329,0.33333333333333331
1,coarse,patch1,13,20,4,0.35355339059327379,1,0,4.8623641932093244,4.8809561487072788,9,9.2749172176353554,0,0,4.5575064409956886e-16,0,8,2,0.16666666666666666,0.083333333333333329
1,coarse,patch1,14,21,4,0.35355339059327379,0,1,3.1615770311083367,3.1754268803981494,11,9.8629263628691675,0,1.1451076156840852e-17,9.9711442388373454e-16,0,12,3.1622776601683791,0.58333333333333337,0.33333333333333331
1,coarse,patch1,15,22,4,0.35355339059327379,0,0,3.1939454757340062,3.207512289746512,14,12.617143418938916,0,1.1783060155543929e-17,5.105066851966077e-16,0,15,3.1622776601683791,0.33333333333333331,0.41666666666666669
1,coarse,patch1,16,23,4,0.35355339059327379,0,0,3.1939454757340076,3.2075122897465129,14,12.617143418938896,0,1.1783060155543929e-17,7.0722464585457128e-16,0,15,3.1622776601683791,0.41666666666666669,0.33333333333333331
1,coarse,patch1,17,24,4,0.35355339059327379,0,1,3.1615770311083358,3.1754268803981498,11,9.8629263628691763,0,0,8.2440872016527795e-16,0,12,3.1622776601683791,0.33333333333333331,0.58333333333333337
1,coarse,patch1,18,25,4,0.35355339059327379,1,0,4.8623641932093236,4.8809561487072788,9,9.2749172176353554,0,0,4.3536709855622671e-16,0,8,2,0.083333333333333329,0.16666666666666666
1,coarse,patch1,19,26,4,0.35355339059327379,1,0,4.4140684523883582,4.4340606568662535,11,8.8601565658092287,0,1.8307012903261837e-17,8.4581490850730599e-16,0,10,3.1622776601683791,0.33333333333333331,0.083333333333333329
1,coarse,patch1,20,27,4,0.35355339059327379,0,1,3.3569052263621479,3.3695985737824854,8,13.082541361058743,0,0,3.2618838109954744e-16,0,8,2.5495097567963922,0.58333333333333337,0.16666666666666666
1,coarse,patch1,21,28,4,0.35355339059327379,0,0,3.4212005962996654,3.4337925349039371,11,8.7961202208436564,0,0,2.8982187962012837e-16,0,11,3.1622776601683791,0.16666666666666666,0.41666666666666669
1,trial,element,0,2,3,0.5,0,0,99.699585158461502,99.704600098782038,15,41476147230.558105,1.3108402321048811e-16,1.2188203236050907e-17,2.9483140139245594e-15,8.925685355428913e-12,1,1,0.58333333333333337,0.75
1,trial,element,1,4,3,0.5,0,1,80.370096295476984,80.376317274103116,15,10933471788.437542,2.6694483175910773e-16,5.9052838450917649e-17,1.1151076773739119e-15,4.7119392077472102e-13,1,1,0.75,0.41666666666666669
1,trial,element,2,5,3,0.5,1,1,52.858675369222347,52.868133708451559,13,231300329285.28244,1.1261840448373514e-16,2.8910410608868544e-17,2.1242228670379373e-14,9.2589805687027202e-12,1,1,0.75,0.083333333333333329
1,trial,element,3,6,3,0.5,1,0,51.557292083979377,51.566989121465568,13,166168334031.50949,4.8619666624985386e-16,5.702216452529869e-17,6.6296650884602747e-14,7.7415429816099682e-12,1,1,0.25,0.91666666666666663
1,trial,element,4,8,3,0.5,1,0,42.646156797668965,42.657879572042297,11,7830168308.1301718,1.2764853680478332e-16,5.6571177953122552e-17,6.2890963022333997e-14,1.5663801594088074e-11,1,1,0.91666666666666663,0.75
1,trial,element,5,10,3,0.5,1,0,42.646155977882984,42.657878752035458,11,7830167297.7583113,6.2491036551508842e-17,7.8332941186698771e-18,6.6260555653619091e-14,3.6581067641698253e-11,1,1,0.75,0.91666666666666663
1,trial,element,6,11,3,0.5,1,1,52.858662009620254,52.868120346461062,13,231300025439.19318,2.655682420052836e-16,2.8310291243306886e-17,4.3409151423244464e-14,1.7151143893287581e-10,1,1,0.083333333333333329,0.75
1,trial,element,7,12,3,0.5,1,0,51.557291484154376,51.566988521491574,13,166168329850.16666,1.5900077793059154e-16,1.1338285922421686e-16,9.2044194821483378e-14,2.4117825268935347e-12,1,1,0.91666666666666663,0.25
1,trial,element,8,14,3,0.5,0,1,80.370096872016632,80.376317850701739,15,10933472056.901407,1.4958625995422769e-16,1.0110576107882009e-17,2.2489118017276888e-15,3.0490342963015325e-12,1,1,0.41666666666666669,0.75
1,trial,element,9,16,3,0.5,0,0,99.699580467640629,99.704595407729727,15,41476137625.627327,2.1947822145402237e-16,1.1466035445734289e-16,2.4192784662060512e-15,4.4957792090834348e-13,1,1,0.75,0.58333333333333337
1,trial,element,10,17,4,0.35355339059327379,0,0,73.587274368822108,73.590671603853409,16,915656181326.47815,3.0937844110427185e-16,5.7313928810971795e-17,7.9829788372034136e-14,3.5565987200921223e-10,1,1,0.41666666666666669,0.16666666666666666
1,trial,element,11,18,4,0.35355339059327379,0,1,54.798620101912896,54.803182076850909,15,954351180208.03699,1.0416748163665148e-16,5.2453304379302067e-18,1.2455914693786057e-13,2.246465463907792e-10,1,1,0.16666666666666666,0.58333333333333337
1,trial,element,12,19,4,0.35355339059327379,1,0,76.283568130213183,76.286845305836593,14,58868575008.61805,1.7791631359158069e-16,5.913550795313314e-18,1.955856953687316e-14,6.8329904444311469e-12,1,1,0.083333333333333329,0.33333333333333331
1,trial,element,13,20,4,0.35355339059327379,1,0,86.783214822316069,86.786095565602437,13,342685383033.95062,2.758204904781018e-16,2.5381500966111016e-18,7.1686597014903573e-14,1.1452228341373873e-09,1,1,0.16666666666666666,0.083333333333333329
1,trial,element,14,21,4,0.35355339059327379,0,1,91.202729006242279,91.205470105759019,17,592472242214.39551,8.7890201989402923e-17,5.3250569388730129e-17,1.3204233717954067e-13,1.1703699560007328e-10,1,1,0.58333333333333337,0.33333333333333331
1,trial,element,15,22,4,0.35355339059327379,0,0,63.607482229459592,63.611412462713417,17,21778159449.259323,1.7602734541927711e-16,1.0688893395753239e-17,7.0835028892325103e-14,1.7191993579033147e-11,1,1,0.33333333333333331,0.41666666666666669
1,trial,element,16,23,4,0.35355339059327379,0,0,63.607483863741813,63.611414097146145,17,21778153760.953609,1.9825942587749946e-16,5.5495507389415725e-17,2.0560695922618325e-14,9.2851842462744592e-12,1,1,0.41666666666666669,0.33333333333333331
1,trial,element,17,24,4,0.35355339059327379,0,1,91.202863989901857,91.205605093306815,17,592473981977.10779,1.0937332013455741e-16,8.2567550640521924e-18,2.8598336114605961e-14,5.7185646678060736e-11,1,1,0.33333333333333331,0.58333333333333337
1,trial,element,18,25,4,0.35355339059327379,1,0,86.782430849379423,86.785311566399102,13,342676643656.34808,1.552575022970863e-16,1.2856493183513455e-17,5.809245169909621e-14,5.9794852468978195e-11,1,1,0.083333333333333329,0.16666666666666666
1,trial,element,19,26,4,0.35355339059327379,1,0,76.283563106340225,76.286840281679062,14,58868564675.04641,3.0747721514208635e-16,1.10545262920056e-17,2.5897555488239135e-14,6.2857019524057236e-12,1,1,0.33333333333333331,0.083333333333333329
1,trial,element,20,27,4,0.35355339059327379,0,1,54.798581334341954,54.803143308080841,15,954349689844.58557,1.800180384563005e-16,5.4392204781888488e-17,6.6601531547963671e-14,6.3113970373245082e-11,1,1,0.58333333333333337,0.16666666666666666
1,trial,element,21,28,4,0.35355339059327379,0,0,73.586755076296186,73.590152284884894,16,915598735365.82166,9.4627951994509341e-17,1.0625220724130907e-17,5.4891145125721301e-14,1.7258303142918919e-09,1,1,0.16666666666666666,0.41666666666666669
1,trial,patch1,0,2,3,0.5,0,0,2.8490709457563157,2.8826848512428613,17,1362267.8262306559,1.3108402321048811e-16,4.7378869994737742e-17,1.7961690590048831e-15,0,11,2.2360679774997898,0.58333333333333337,0.75
1,trial,patch1,1,4,3,0.5,0,1,2.807335352889146,2.8413952031783896,17,627382.15579989366,2.6694483175910773e-16,3.3834878360698871e-17,1.9174770122065854e-15,0,12,2.2360679774997898,0.75,0.41666666666666669
1,trial,patch1,2,5,3,0.5,1,1,3.3307215628447007,3.3801685975103353,17,167875063.89382851,1.1261840448373514e-16,8.2326425650261287e-17,3.9391796629343722e-16,0,7,1.8027756377319946,0.75,0.083333333333333329
1,trial,patch1,3,6,3,0.5,1,0,3.2565551084856494,3.3072270780610666,17,312715202.33584172,4.8619666624985386e-16,3.7061579923240959e-17,4.4756435540364615e-16,0,7,2.2360679774997898,0.25,0.91666666666666663
1,trial,patch1,4,8,3,0.5,1,0,3.4031262570722256,3.4525655310035486,17,173642106732.79733,1.2764853680478332e-16,5.102159641937085e-17,1.7117409172804968e-15,0,6,2.2360679774997898,0.91666666666666663,0.75
1,trial,patch1,5,10,3,0.5,1,0,3.4031262570641991,3.452565530995916,17,173642105961.53543,6.2491036551508842e-17,4.0391042466393889e-17,1.304735146275755e-15,0,6,2.2360679774997898,0.75,0.91666666666666663
1,trial,patch1,6,11,3,0.5,1,1,3.3307215628438711,3.3801685975095608,17,167875062.89749423,2.655682420052836e-16,5.5281717453076662e-17,7.1619913532810908e-16,0,7,1.8027756377319946,0.083333333333333329,0.75
1,trial,patch1,7,12,3,0.5,1,0,3.2565551084896089,3.3072270780653419,17,312715202.63139731,1.5900077793059154e-16,4.9176952936161532e-17,4.5006950996524784e-16,0,7,2.2360679774997898,0.91666666666666663,0.25
1,trial,patch1,8,14,3,0.5,0,1,2.8073353528892699,2.8413952031785161,17,627382.15580917313,1.4958625995422769e-16,3.1584362731136415e-17,1.6733956530437132e-15,0,12,2.2360679774997898,0.41666666666666669,0.75
1,trial,patch1,9,16,3,0.5,0,0,2.8490709457563419,2.8826848512428875,17,1362267.8262605136,2.1947822145402237e-16,3.5299309108686391e-17,1.7609302736724267e-15,0,11,2.2360679774997898,0.75,0.58333333333333337
1,trial,patch1,10,17,4,0.35355339059327379,0,0,2.8240493372749582,2.841781980723991,17,9513777.4127376787,3.0937844110427185e-16,4.6256451537642386e-17,1.4505002607326569e-15,0,11,3.1622776601683791,0.41666666666666669,0.16666666666666666
1,trial,patch1,11,18,4,0.35355339059327379,0,1,2.9195514957285265,2.9372295381862057,17,78321988.531755373,1.0416748163665148e-16,4.1737072796412357e-17,5.9708568759298697e-16,0,8,2.5495097567963922,0.16666666666666666,0.58333333333333337
1,trial,patch1,12,19,4,0.35355339059327379,1,0,3.344278968467977,3.3705616696834091,17,36576562.825665765,1.7791631359158069e-16,5.8123610120638032e-17,5.485690361904435e-16,0,10,3.1622776601683791,0.083333333333333329,0.33333333333333331
1,trial,patch1,13,20,4,0.35355339059327379,1,0,3.942742435047494,3.9682128865821142,17,395875442.51603568,2.758204904781018e-16,6.4827319954032495e-17,5.0163054197548237e-16,0,8,2,0.16666666666666666,0.083333333333333329
1,trial,patch1,14,21,4,0.35355339059327379,0,1,2.5769500693680554,2.595909586957204,17,181848.9529388707,8.7890201989402923e-17,6.2163313743466509e-17,1.505140771566353e-15,0,12,3.1622776601683791,0.58333333333333337,0.33333333333333331
1,trial,patch1,15,22,4,0.35355339059327379,0,0,2.4450314080625986,2.4635790851592088,17,3938.0611841445325,1.7602734541927711e-16,2.124395349401366e-17,1.4699298397707074e-15,0,15,3.1622776601683791,0.33333333333333331,0.41666666666666669
1,trial,patch1,16,23,4,0.35355339059327379,0,0,2.4450314080625977,2.4635790851592074,17,3938.0611841438058,1.9825942587749946e-16,1.8498209938809872e-17,9.6233259671065979e-16,0,15,3.1622776601683791,0.41666666666666669,0.33333333333333331
1,trial,patch1,17,24,4,0.35355339059327379,0,1,2.5769500693681859,2.5959095869573341,17,181848.95294034239,1.0937332013455741e-16,4.1849724482476455e-17,1.7206692881827103e-15,0,12,3.1622776601683791,0.33333333333333331,0.58333333333333337
1,trial,patch1,18,25,4,0.35355339059327379,1,0,3.9427424350494289,3.9682128865840247,17,395875442.51603568,1.552575022970863e-16,6.4827319954032495e-17,6.2825647878764436e-16,0,8,2,0.083333333333333329,0.16666666666666666
1,trial,patch1,19,26,4,0.35355339059327379,1,0,3.344278968463561,3.3705616696791352,17,36576562.686907262,3.0747721514208635e-16,3.7072529800575986e-17,1.0268985317229259e-15,0,10,3.1622776601683791,0.33333333333333331,0.083333333333333329
1,trial,patch1,20,27,4,0.35355339059327379,0,1,2.9195514957265503,2.9372295381842126,17,78321987.5780828,1.800180384563005e-16,5.2252051642641962e-17,1.1383221937433329e-15,0,8,2.5495097567963922,0.58333333333333337,0.16666666666666666
1,trial,patch1,21,28,4,0.35355339059327379,0,0,2.8240493372486202,2.8417819806974594,17,9513777.4033195022,9.4627951994509341e-17,4.7004314169202262e-17,2.0941922917485293e-15,0,11,3.1622776601683791,0.16666666666666666,0.41666666666666669
1,test,element,0,2,3,0.5,0,0,99.699585158461502,99.704600098782038,15,41476147230.558105,1.3108402321048811e-16,1.2188203236050907e-17,2.9483140139245594e-15,8.925685355428913e-12,1,1,0.58333333333333337,0.75
1,test,element,1,4,3,0.5,0,1,80.370096295476984,80.376317274103116,15,10933471788.437542,2.6694483175910773e-16,5.9052838450917649e-17,1.1151076773739119e-15,4.7119392077472102e-13,1,1,0.75,0.41666666666666669
1,test,element,2,5,3,0.5,1,1,52.858675369222347,52.868133708451559,13,231300329285.28244,1.1261840448373514e-16,2.8910410608868544e-17,2.1242228670379373e-14,9.2589805687027202e-12,1,1,0.75,0.083333333333333329
1,test,element,3,6,3,0.5,1,0,51.557292083979377,51.566989121465568,13,166168334031.50949,4.8619666624985386e-16,5.702216452529869e-17,6.6296650884602747e-14,7.7415429816099682e-12,1,1,0.25,0.91666666666666663
1,test,element,4,8,3,0.5,1,0,42.646156797668965,42.657879572042297,11,7830168308.1301718,1.2764853680478332e-16,5.6571177953122552e-17,6.2890963022333997e-14,1.5663801594088074e-11,1,1,0.91666666666666663,0.75
1,test,element,5,10,3,0.5,1,0,42.646155977882984,42.657878752035458,11,7830167297.7583113,6.2491036551508842e-17,7.8332941186698771e-18,6.6260555653619091e-14,3.6581067641698253e-11,1,1,0.75,0.91666666666666663
1,test,element,6,11,3,0.5,1,1,52.858662009620254,52.868120346461062,13,231300025439.19318,2.655682420052836e-16,2.8310291243306886e-17,4.3409151423244464e-14,1.7151143893287581e-10,1,1,0.083333333333333329,0.75
1,test,element,7,12,3,0.5,1,0,51.557291484154376,51.566988521491574,13,166168329850.16666,1.5900077793059154e-16,1.1338285922421686e-16,9.2044194821483378e-14,2.4117825268935347e-12,1,1,0.91666666666666663,0.25
1,test,element,8,14,3,0.5,0,1,80.370096872016632,80.376317850701739,15,10933472056.901407,1.4958625995422769e-16,1.0110576107882009e-17,2.2489118017276888e-15,3.0490342963015325e-12,1,1,0.41666666666666669,0.75
1,test,element,9,16,3,0.5,0,0,99.699580467640629,99.704595407729727,15,41476137625.627327,2.1947822145402237e-16,1.1466035445734289e-16,2.4192784662060512e-15,4.4957792090834348e-13,1,1,0.75,0.58333333333333337
1,test,element,10,17,4,0.35355339059327379,0,0,73.587274368822108,73.590671603853409,16,915656181326.47815,3.0937844110427185e-16,5.7313928810971795e-17,7.9829788372034136e-14,3.5565987200921223e-10,1,1,0.41666666666666669,0.16666666666666666
1,test,element,11,18,4,0.35355339059327379,0,1,54.798620101912896,54.803182076850909,15,954351180208.03699,1.0416748163665148e-16,5.2453304379302067e-18,1.2455914693786057e-13,2.246465463907792e-10,1,1,0.16666666666666666,0.58333333333333337
1,test,element,12,19,4,0.35355339059327379,1,0,76.283568130213183,76.286845305836593,14,58868575008.61805,1.7791631359158069e-16,5.913550795313314e-18,1.955856953687316e-14,6.8329904444311469e-12,1,1,0.083333333333333329,0.33333333333333331
1,test,element,13,20,4,0.35355339059327379,1,0,86.783214822316069,86.786095565602437,13,342685383033.95062,2.758204904781018e-16,2.5381500966111016e-18,7.1686597014903573e-14,1.1452228341373873e-09,1,1,0.16666666666666666,0.083333333333333329
1,test,element,14,21,4,0.35355339059327379,0,1,91.202729006242279,91.205470105759019,17,592472242214.39551,8.7890201989402923e-17,5.3250569388730129e-17,1.3204233717954067e-13,1.1703699560007328e-10,1,1,0.58333333333333337,0.33333333333333331
1,test,element,15,22,4,0.35355339059327379,0,0,63.607482229459592,63.611412462713417,17,21778159449.259323,1.7602734541927711e-16,1.0688893395753239e-17,7.0835028892325103e-14,1.7191993579033147e-11,1,1,0.33333333333333331,0.41666666666666669
1,test,element,16,23,4,0.35355339059327379,0,0,63.607483863741813,63.611414097146145,17,21778153760.953609,1.9825942587749946e-16,5.5495507389415725e-17,2.0560695922618325e-14,9.2851842462744592e-12,1,1,0.41666666666666669,0.33333333333333331
1,test,element,17,24,4,0.35355339059327379,0,1,91.202863989901857,91.205605093306815,17,592473981977.10779,1.0937332013455741e-16,8.2567550640521924e-18,2.8598336114605961e-14,5.7185646678060736e-11,1,1,0.33333333333333331,0.58333333333333337
1,test,element,18,25,4,0.35355339059327379,1,0,86.782430849379423,86.785311566399102,13,342676643656.34808,1.552575022970863e-16,1.2856493183513455e-17,5.809245169909621e-14,5.9794852468978195e-11,1,1,0.083333333333333329,0.16666666666666666
1,test,element,19,26,4,0.35355339059327379,1,0,76.283563106340225,76.286840281679062,14,58868564675.04641,3.0747721514208635e-16,1.10545262920056e-17,2.5897555488239135e-14,6.2857019524057236e-12,1,1,0.33333333333333331,0.083333333333333329
1,test,element,20,27,4,0.35355339059327379,0,1,54.798581334341954,54.803143308080841,15,954349689844.58557,1.800180384563005e-16,5.4392204781888488e-17,6.6601531547963671e-14,6.3113970373245082e-11,1,1,0.58333333333333337,0.16666666666666666
1,test,element,21,28,4,0.35355339059327379,0,0,73.586755076296186,73.590152284884894,16,915598735365.82166,9.4627951994509341e-17,1.0625220724130907e-17,5.4891145125721301e-14,1.7258303142918919e-09,1,1,0.16666666666666666,0.41666666666666669
1,test,patch1,0,2,3,0.5,0,0,2.8490709457563157,2.8826848512428613,17,1362267.8262306559,1.3108402321048811e-16,4.7378869994737742e-17,1.7961690590048831e-15,0,11,2.2360679774997898,0.58333333333333337,0.75
1,test,patch1,1,4,3,0.5,0,1,2.807335352889146,2.8413952031783896,17,627382.15579989366,2.6694483175910773e-16,3.3834878360698871e-17,1.9174770122065854e-15,0,12,2.2360679774997898,0.75,0.41666666666666669
1,test,patch1,2,5,3,0.5,1,1,3.3307215628447007,3.3801685975103353,17,167875063.89382851,1.1261840448373514e-16,8.2326425650261287e-17,3.9391796629343722e-16,0,7,1.8027756377319946,0.75,0.083333333333333329
1,test,patch1,3,6,3,0.5,1,0,3.2565551084856494,3.3072270780610666,17,312715202.33584172,4.8619666624985386e-16,3.7061579923240959e-17,4.4756435540364615e-16,0,7,2.2360679774997898,0.25,0.91666666666666663
1,test,patch1,4,8,3,0.5,1,0,3.4031262570722256,3.4525655310035486,17,173642106732.79733,1.2764853680478332e-16,5.102159641937085e-17,1.7117409172804968e-15,0,6,2.2360679774997898,0.91666666666666663,0.75
1,test,patch1,5,10,3,0.5,1,0,3.4031262570641991,3.452565530995916,17,173642105961.53543,6.2491036551508842e-17,4.0391042466393889e-17,1.304735146275755e-15,0,6,2.2360679774997898,0.75,0.91666666666666663
1,test,patch1,6,11,3,0.5,1,1,3.3307215628438711,3.3801685975095608,17,167875062.89749423,2.655682420052836e-16,5.5281717453076662e-17,7.1619913532810908e-16,0,7,1.8027756377319946,0.083333333333333329,0.75
1,test,patch1,7,12,3,0.5,1,0,3.2565551084896089,3.3072270780653419,17,312715202.63139731,1.5900077793059154e-16,4.9176952936161532e-17,4.5006950996524784e-16,0,7,2.2360679774997898,0.91666666666666663,0.25
1,test,patch1,8,14,3,0.5,0,1,2.8073353528892699,2.8413952031785161,17,627382.15580917313,1.4958625995422769e-16,3.1584362731136415e-17,1.6733956530437132e-15,0,12,2.2360679774997898,0.41666666666666669,0.75
1,test,patch1,9,16,3,0.5,0,0,2.8490709457563419,2.8826848512428875,17,1362267.8262605136,2.1947822145402237e-16,3.5299309108686391e-17,1.7609302736724267e-15,0,11,2.2360679774997898,0.75,0.58333333333333337
1,test,patch1,10,17,4,0.35355339059327379,0,0,2.8240493372749582,2.841781980723991,17,9513777.4127376787,3.0937844110427185e-16,4.6256451537642386e-17,1.4505002607326569e-15,0,11,3.1622776601683791,0.41666666666666669,0.16666666666666666
1,test,patch1,11,18,4,0.35355339059327379,0,1,2.9195514957285265,2.9372295381862057,17,78321988.531755373,1.0416748163665148e-16,4.1737072796412357e-17,5.9708568759298697e-16,0,8,2.5495097567963922,0.16666666666666666,0.58333333333333337
1,test,patch1,12,19,4,0.35355339059327379,1,0,3.344278968467977,3.3705616696834091,17,36576562.825665765,1.7791631359158069e-16,5.8123610120638032e-17,5.485690361904435e-16,0,10,3.1622776601683791,0.083333333333333329,0.33333333333333331
1,test,patch1,13,20,4,0.35355339059327379,1,0,3.942742435047494,3.9682128865821142,17,395875442.51603568,2.758204904781018e-16,6.4827319954032495e-17,5.0163054197548237e-16,0,8,2,0.16666666666666666,0.083333333333333329
1,test,patch1,14,21,4,0.35355339059327379,0,1,2.5769500693680554,2.595909586957204,17,181848.9529388707,8.7890201989402923e-17,6.2163313743466509e-17,1.505140771566353e-15,0,12,3.1622776601683791,0.58333333333333337,0.33333333333333331
1,test,patch1,15,22,4,0.35355339059327379,0,0,2.4450314080625986,2.4635790851592088,17,3938.0611841445325,1.7602734541927711e-16,2.124395349401366e-17,1.4699298397707074e-15,0,15,3.1622776601683791,0.33333333333333331,0.41666666666666669
1,test,patch1,16,23,4,0.35355339059327379,0,0,2.4450314080625977,2.4635790851592074,17,3938.0611841438058,1.9825942587749946e-16,1.8498209938809872e-17,9.6233259671065979e-16,0,15,3.1622776601683791,0.41666666666666669,0.33333333333333331
1,test,patch1,17,24,4,0.35355339059327379,0,1,2.5769500693681859,2.5959095869573341,17,181848.95294034239,1.0937332013455741e-16,4.1849724482476455e-17,1.7206692881827103e-15,0,12,3.1622776601683791,0.33333333333333331,0.58333333333333337
1,test,patch1,18,25,4,0.35355339059327379,1,0,3.9427424350494289,3.9682128865840247,17,395875442.51603568,1.552575022970863e-16,6.4827319954032495e-17,6.2825647878764436e-16,0,8,2,0.083333333333333329,0.16666666666666666
1,test,patch1,19,26,4,0.35355339059327379,1,0,3.344278968463561,3.3705616696791352,17,36576562.686907262,3.0747721514208635e-16,3.7072529800575986e-17,1.0268985317229259e-15,0,10,3.1622776601683791,0.33333333333333331,0.083333333333333329
1,test,patch1,20,27,4,0.35355339059327379,0,1,2.9195514957265503,2.9372295381842126,17,78321987.5780828,1.800180384563005e-16,5.2252051642641962e-17,1.1383221937433329e-15,0,8,2.5495097567963922,0.58333333333333337,0.16666666666666666
1,test,patch1,21,28,4,0.35355339059327379,0,0,2.8240493372486202,2.8417819806974594,17,9513777.4033195022,9.4627951994509341e-17,4.7004314169202262e-17,2.0941922917485293e-15,0,11,3.1622776601683791,0.16666666666666666,0.41666666666666669
2,coarse,element,0,2,3,0.5,0,0,8.4852813742385624,8.5440037453175233,3,4.0000000000000027,0,0,2.064740224359067e-16,0,1,1,0.58333333333333337,0.75
2,coarse,element,1,4,3,0.5,0,1,8.4852813742385642,8.544003745317525,3,3.9999999999999996,0,0,2.9687347692919425e-16,0,1,1,0.75,0.41666666666666669
2,coarse,element,2,5,3,0.5,1,1,8.4852813742385571,8.5440037453175197,3,4.0000000000000036,0,0,1.0256828592499333e-16,3.8933848534800116e-16,1,1,0.75,0.083333333333333329
2,coarse,element,3,6,3,0.5,1,0,8.4852813742385766,8.5440037453175375,3,4.0000000000000071,0,5.5511151231257839e-17,1.1645185369284679e-16,0,1,1,0.25,0.91666666666666663
2,coarse,element,4,8,3,0.5,1,0,8.485281374238566,8.544003745317525,3,3.999999999999996,0,0,4.2414822972606285e-16,3.8933848534800047e-16,1,1,0.91666666666666663,0.75
2,coarse,element,5,10,3,0.5,1,0,8.4852813742385642,8.544003745317525,3,3.999999999999996,0,0,7.3477849641193143e-17,0,1,1,0.75,0.91666666666666663
2,coarse,element,6,11,3,0.5,1,1,8.4852813742385536,8.5440037453175144,3,4.0000000000000036,0,0,1.6364058750774242e-16,0,1,1,0.083333333333333329,0.75
2,coarse,element,7,12,3,0.5,1,0,8.4852813742385766,8.5440037453175393,3,4.0000000000000071,0,5.5511151231257839e-17,3.416824233655174e-16,3.8933848534799934e-16,1,1,0.91666666666666663,0.25
2,coarse,element,8,14,3,0.5,0,1,8.4852813742385642,8.5440037453175268,3,3.999999999999996,0,5.5511151231257802e-17,2.3830583716764445e-16,3.8933848534800047e-16,1,1,0.41666666666666669,0.75
2,coarse,element,9,16,3,0.5,0,0,8.4852813742385642,8.5440037453175233,3,4.0000000000000009,0,5.5511151231257765e-17,2.2806828530622085e-16,3.8933848534800062e-16,1,1,0.75,0.58333333333333337
2,coarse,element,10,18,4,0.35355339059327379,0,1,8.4852813742385713,8.5146931829632031,3,4.0000000000000018,0,0,2.0716489044500591e-16,3.9049223624746865e-16,1,1,0.16666666666666666,0.58333333333333337
2,coarse,element,11,21,4,0.35355339059327379,0,1,8.4852813742385944,8.5146931829632244,3,4.0000000000000195,0,0,1.9204287646091331e-16,1.5313421029312417e-18,1,1,0.58333333333333337,0.33333333333333331
2,coarse,element,12,22,4,0.35355339059327379,0,1,8.4852813742385766,8.5146931829632084,3,4.0000000000000044,0,0,4.9297966020677862e-16,1.9448044707226845e-16,1,1,0.33333333333333331,0.41666666666666669
2,coarse,element,13,23,4,0.35355339059327379,0,1,8.4852813742385713,8.5146931829632013,3,4.0000000000000018,0,0,2.2145372609801431e-16,1.5313421029312502e-18,1,1,0.41666666666666669,0.33333333333333331
2,coarse,element,14,24,4,0.35355339059327379,0,1,8.4852813742385944,8.5146931829632244,3,4.0000000000000213,0,0,5.9651790404837639e-17,1.5313421029312417e-18,1,1,0.33333333333333331,0.58333333333333337
2,coarse,element,15,27,4,0.35355339059327379,0,1,8.4852813742385713,8.5146931829632031,3,4.0000000000000027,0,0,3.0184831010832339e-16,3.9049223624746865e-16,1,1,0.58333333333333337,0.16666666666666666
2,coarse,element,16,29,5,0.25,0,1,8.485281374238566,8.4999999999999982,3,3.9999999999999982,0,0,3.5884198578344712e-16,5.900700919807063e-16,1,1,0.375,0.20833333333333334
2,coarse,element,17,30,5,0.25,0,0,8.485281374238566,8.4999999999999982,3,3.9999999999999982,0,0,3.5884198578344712e-16,5.900700919807063e-16,1,1,0.125,0.29166666666666669
2,coarse,element,18,31,5,0.25,0,0,8.485281374238566,8.4999999999999982,3,3.9999999999999982,0,0,3.5884198578344712e-16,5.900700919807063e-16,1,1,0.20833333333333334,0.125
2,coarse,element,19,32,5,0.25,1,0,8.485281374238566,8.4999999999999982,3,3.9999999999999982,0,0,3.5884198578344712e-16,5.900700919807063e-16,1,1,0.041666666666666664,0.125
2,coarse,element,20,33,5,0.25,1,0,8.485281374238566,8.4999999999999982,3,3.9999999999999982,0,0,3.5884198578344712e-16,5.900700919807063e-16,1,1,0.375,0.041666666666666664
2,coarse,element,21,34,5,0.25,0,1,8.485281374238566,8.4999999999999982,3,3.9999999999999982,0,0,3.5884198578344712e-16,5.900700919807063e-16,1,1,0.125,0.45833333333333331
2,coarse,element,22,35,5,0.25,0,1,8.485281374238566,8.4999999999999964,3,3.9999999999999982,0,0,2.8599361857724526e-16,1.966900306602355e-16,1,1,0.45833333333333331,0.125
2,coarse,element,23,36,5,0.25,1,0,8.485281374238566,8.4999999999999964,3,3.9999999999999982,0,0,2.8599361857724526e-16,1.966900306602355e-16,1,1,0.041666666666666664,0.375
2,coarse,element,24,37,5,0.25,1,0,8.485281374238566,8.4999999999999964,3,3.9999999999999982,0,0,2.8599361857724526e-16,1.966900306602355e-16,1,1,0.125,0.041666666666666664
2,coarse,element,25,38,5,0.25,0,0,8.485281374238566,8.4999999999999964,3,3.9999999999999982,0,0,2.8599361857724526e-16,1.966900306602355e-16,1,1,0.125,0.20833333333333334
2,coarse,element,26,39,5,0.25,0,0,8.485281374238566,8.4999999999999964,3,3.9999999999999982,0,0,2.8599361857724526e-16,1.966900306602355e-16,1,1,0.29166666666666669,0.125
2,coarse,element,27,40,5,0.25,0,1,8.485281374238566,8.4999999999999964,3,3.9999999999999982,0,0,2.8599361857724526e-16,1.966900306602355e-16,1,1,0.20833333333333334,0.375
2,coarse,patch1,0,2,3,0.5,0,0,3.6604956594129994,3.6865210530194461,11,12.776012869976372,0,2.2033748214487947e-17,5.8515691255864302e-16,0,11,2.2360679774997898,0.58333333333333337,0.75
2,coarse,patch1,1,4,3,0.5,0,1,3.670695524574878,3.6970476826948415,12,11.663755511210475,0,1.0951172455887962e-17,3.7559120325618558e-16,0,12,2.2360679774997898,0.75,0.41666666666666669
2,coarse,patch1,2,5,3,0.5,1,1,4.4989202936544013,4.5356323287336737,8,27.283707140630703,0,0,7.2711449704941663e-16,0,7,1.8027756377319946,0.75,0.083333333333333329
2,coarse,patch1,3,6,3,0.5,1,0,4.316412977630617,4.3521109734084176,8,8.137309406636799,0,0,9.2571952808843528e-16,0,7,2.2360679774997898,0.25,0.91666666666666663
2,coarse,patch1,4,8,3,0.5,1,0,4.2811750887122866,4.3161062710517593,7,8.3736389961776219,0,1.4176269004663442e-17,5.2459264090179604e-16,0,6,2.2360679774997898,0.91666666666666663,0.75
2,coarse,patch1,5,10,3,0.5,1,0,4.2811750887122866,4.3161062710517584,7,8.3736389961776343,0,1.4176269004663433e-17,3.3556962079187861e-16,0,6,2.2360679774997898,0.75,0.91666666666666663
2,coarse,patch1,6,11,3,0.5,1,1,4.498920293654403,4.5356323287336737,8,27.283707140630696,0,0,5.0721789936176643e-16,0,7,1.8027756377319946,0.083333333333333329,0.75
2,coarse,patch1,7,12,3,0.5,1,0,4.3164129776306162,4.3521109734084176,8,8.1373094066368203,0,0,2.8063177223627878e-16,0,7,2.2360679774997898,0.91666666666666663,0.25
2,coarse,patch1,8,14,3,0.5,0,1,3.670695524574878,3.6970476826948411,12,11.663755511210514,0,2.1902344911775918e-17,7.1707807565123994e-16,0,12,2.2360679774997898,0.41666666666666669,0.75
2,coarse,patch1,9,16,3,0.5,0,0,3.6604956594129994,3.6865210530194479,11,12.776012869976386,0,2.6985720123227696e-17,4.841567846447465e-16,0,11,2.2360679774997898,0.75,0.58333333333333337
2,coarse,patch1,10,18,4,0.35355339059327379,0,1,3.4425731255288912,3.4553610216561377,9,25.169166353662,0,0,2.0008450733914169e-16,0,9,2.5495097567963922,0.16666666666666666,0.58333333333333337
2,coarse,patch1,11,21,4,0.35355339059327379,0,1,3.1851653402209283,3.1989934692949928,12,16.725077303879328,0,1.1547017430250147e-17,3.2271455516766503e-16,0,13,3.1622776601683791,0.58333333333333337,0.33333333333333331
2,coarse,patch1,12,22,4,0.35355339059327379,0,1,3.3685017409747218,3.3815551008481366,15,24.706506343551894,0,1.2967067903498909e-17,5.5999201055479709e-16,0,16,2.9154759474226499,0.33333333333333331,0.41666666666666669
2,coarse,patch1,13,23,4,0.35355339059327379,0,1,3.3685017409747218,3.3815551008481379,15,24.706506343551869,0,1.2967067903498909e-17,4.5520984409553536e-16,0,16,2.9154759474226499,0.41666666666666669,0.33333333333333331
2,coarse,patch1,14,24,4,0.35355339059327379,0,1,3.1851653402209252,3.1989934692949915,12,16.725077303879324,0,0,6.4658729189271428e-16,0,13,3.1622776601683791,0.33333333333333331,0.58333333333333337
2,coarse,patch1,15,27,4,0.35355339059327379,0,1,3.4425731255288925,3.4553610216561395,9,25.169166353662,0,0,1.9041256753807511e-16,0,9,2.5495097567963922,0.58333333333333337,0.16666666666666666
2,coarse,patch1,16,29,5,0.25,0,1,3.1885267443351788,3.1953028145607218,11,10.907326851035473,0,0,7.2027698445647276e-16,0,12,3,0.375,0.20833333333333334
2,coarse,patch1,17,30,5,0.25,0,0,3.5476970932758904,3.5543343611095319,11,14.406991809426417,0,0,2.9197123113605256e-16,0,11,2.8284271247461903,0.125,0.29166666666666669
2,coarse,patch1,18,31,5,0.25,0,0,3.5761041389104413,3.5828040380204493,11,14.283036877928332,0,0,4.1303551677316961e-16,0,11,2.8284271247461903,0.20833333333333334,0.125
2,coarse,patch1,19,32,5,0.25,1,0,4.2811750887122857,4.2899102606374946,7,8.3736389961776165,0,0,5.8404999465551075e-16,0,6,2.2360679774997898,0.041666666666666664,0.125
2,coarse,patch1,20,33,5,0.25,1,0,3.5851010646752228,3.5915740894367172,9,15.410454743228909,0,0,4.5283598293503876e-16,0,8,4,0.375,0.041666666666666664
2,coarse,patch1,21,34,5,0.25,0,1,3.2888781757568726,3.2956775199982431,8,8.8443039324407149,0,0,3.6210378743154484e-16,0,8,3.1622776601683795,0.125,0.45833333333333331
2,coarse,patch1,22,35,5,0.25,0,1,3.2888781757568712,3.2956775199982444,8,8.8443039324406936,0,0,6.8280265163042441e-16,0,8,3.1622776601683795,0.45833333333333331,0.125
2,coarse,patch1,23,36,5,0.25,1,0,3.5851010646752237,3.5915740894367172,9,15.41045474322893,0,0,3.2501024261201991e-16,0,8,4,0.041666666666666664,0.375
2,coarse,patch1,24,37,5,0.25,1,0,4.2811750887122848,4.2899102606374955,7,8.3736389961776236,0,0,4.8584554846856047e-16,0,6,2.2360679774997898,0.125,0.041666666666666664
2,coarse,patch1,25,38,5,0.25,0,0,3.5761041389104413,3.5828040380204493,11,14.283036877928271,0,0,3.1812796290205625e-16,0,11,2.8284271247461903,0.125,0.20833333333333334
2,coarse,patch1,26,39,5,0.25,0,0,3.5476970932758909,3.5543343611095324,11,14.406991809426405,0,0,3.9505936962217923e-16,0,11,2.8284271247461903,0.29166666666666669,0.125
2,coarse,patch1,27,40,5,0.25,0,1,3.1885267443351775,3.1953028145607214,11,10.907326851035489,0,0,5.7064734173793985e-16,0,12,3,0.20833333333333334,0.375
2,trial,element,0,2,3,0.5,0,0,97.512870880276495,97.517998275311868,17,286604698819.42664,1.0061822636664717e-16,3.0648057325059791e-17,1.7003434723668525e-14,3.2624809567241331e-11,1,1,0.58333333333333337,0.75
2,trial,element,1,4,3,0.5,0,1,89.742830822589838,89.748402125272193,18,438033129639.36829,2.54094871601682e-16,1.252201431976178e-17,1.7780408543422085e-14,1.5417239591904472e-12,1,1,0.75,0.41666666666666669
2,trial,element,2,5,3,0.5,1,1,64.352767669081487,64.3605368709798,14,521095134483.61981,2.5854302128390668e-16,1.598171207004963e-17,2.1801051190338145e-14,8.4501566699348255e-11,1,1,0.75,0.083333333333333329
2,trial,element,3,6,3,0.5,1,0,51.088409080648908,51.098195098933495,13,155677479811.42667,2.8370927644104408e-16,5.673207286916014e-17,8.3204956747534633e-14,8.8313475096370525e-12,1,1,0.25,0.91666666666666663
2,trial,element,4,8,3,0.5,1,0,43.998051714034283,44.009414392205223,12,177925571947.17792,2.4805870169679836e-16,6.1524827361858357e-17,2.1238084937403992e-13,2.6538500242648755e-10,1,1,0.91666666666666663,0.75
2,trial,element,5,10,3,0.5,1,0,43.998040464882685,44.009403139993658,12,177925330287.19003,2.3251425918476168e-16,5.7225661809701151e-17,1.723068333637515e-13,5.6640690645086772e-12,1,1,0.75,0.91666666666666663
2,trial,element,6,11,3,0.5,1,1,64.352781040612797,64.360550244768135,14,521096614327.26208,1.9855405158563554e-16,8.1902321657371418e-17,3.2812937012445829e-14,3.5794163829763522e-11,1,1,0.083333333333333329,0.75
2,trial,element,7,12,3,0.5,1,0,51.088409674878413,51.098195693188813,13,155677484255.23746,3.7472010164129171e-16,5.8815080029500586e-17,9.3857542028847979e-14,3.3667693758045154e-12,1,1,0.91666666666666663,0.25
2,trial,element,8,14,3,0.5,0,1,89.742857696084315,89.748428985018819,18,438030003134.70392,4.0369087280061689e-16,1.4975855405592011e-17,3.6371586390870101e-14,2.7073035901456987e-10,1,1,0.41666666666666669,0.75
2,trial,element,9,16,3,0.5,0,0,97.512854994326332,97.517982388495483,17,286604651815.38293,1.6649695782675787e-16,6.9399479748111313e-18,3.6503362382553227e-14,2.2712126534337191e-12,1,1,0.75,0.58333333333333337
2,trial,element,10,18,4,0.35355339059327379,0,1,58.884464740985941,58.888710195587258,16,395161772778.44836,2.435611949241557e-16,1.0921204450657342e-17,2.4548784890553761e-14,1.9246509053905373e-10,1,1,0.16666666666666666,0.58333333333333337
2,trial,element,11,21,4,0.35355339059327379,0,1,74.39666341301492,74.400023701931133,18,143172230909.44174,1.254332146284079e-16,5.4371306517156887e-17,6.0953053468935873e-14,2.5566213404336336e-11,1,1,0.58333333333333337,0.33333333333333331
2,trial,element,12,22,4,0.35355339059327379,0,1,80.293688509451783,80.296802023585357,20,65733166208.846275,1.1617787845894162e-16,8.5101890881291082e-17,3.2489928012496481e-14,1.1818269259058915e-10,1,1,0.33333333333333331,0.41666666666666669
2,trial,element,13,23,4,0.35355339059327379,0,1,80.293578630709277,80.296692140733271,20,65732857959.296471,2.0355058666448763e-16,2.2180904787172875e-17,3.7884717654733632e-14,9.0297224635798149e-11,1,1,0.41666666666666669,0.33333333333333331
2,trial,element,14,24,4,0.35355339059327379,0,1,74.396667106497873,74.400027395579428,18,143172412663.89914,1.6632518080252152e-16,7.6571170136817882e-17,1.4873467699828493e-13,1.6637318403898011e-11,1,1,0.33333333333333331,0.58333333333333337
2,trial,element,15,27,4,0.35355339059327379,0,1,58.884440151942606,58.888685604184758,16,395160869953.60626,1.3060991671056141e-16,3.9278345681598464e-18,1.1093542854902182e-14,5.2137553284830942e-11,1,1,0.58333333333333337,0.16666666666666666
2,trial,element,16,29,5,0.25,0,1,65.801025736639261,65.802925375448922,18,107642153820.7603,2.0861817767005749e-16,5.3628031662352552e-17,4.4773719788388675e-14,6.2267470762449741e-12,1,1,0.375,0.20833333333333334
2,trial,element,17,30,5,0.25,0,0,60.431267318041677,60.433335748162811,16,104955943686.38509,1.5555832912967667e-16,9.9324224869370106e-18,4.8733100857383283e-14,3.9535581437548984e-12,1,1,0.125,0.29166666666666669
2,trial,element,18,31,5,0.25,0,0,62.639566220230243,62.641561732570374,17,767786421120.00244,2.7612674209679895e-16,5.6760023157616396e-17,4.7662599223845367e-14,9.3822023459564042e-12,1,1,0.20833333333333334,0.125
2,trial,element,19,32,5,0.25,1,0,39.509167195018939,39.512330891570002,12,883894619566.74866,1.7209397358998472e-16,1.1301402510019702e-16,3.7585664242510506e-13,2.6233492271024334e-11,1,1,0.041666666666666664,0.125
2,trial,element,20,33,5,0.25,1,0,36.612557849908228,36.615971814894124,13,245275820132.6051,2.1349861940122817e-16,1.4506733573749014e-17,1.7319119606591457e-13,2.7131188341571554e-10,1,1,0.375,0.041666666666666664
2,trial,element,21,34,5,0.25,0,1,42.324752870888773,42.327706121166152,16,315808444943.94818,7.955482771048818e-17,5.400892967695986e-17,5.0644598008711528e-14,5.6931661337411088e-11,1,1,0.125,0.45833333333333331
2,trial,element,22,35,5,0.25,0,1,42.324758948729546,42.327712199883251,16,315807933443.17072,1.9175794342956759e-16,5.4135228020215686e-17,2.4278285644484358e-13,4.5119766526411905e-12,1,1,0.45833333333333331,0.125
2,trial,element,23,36,5,0.25,1,0,36.612586809418517,36.616000777692427,13,245276653725.81354,1.7775237222779836e-16,1.7514347596599913e-17,1.4219604886665311e-13,5.5764851767863341e-11,1,1,0.041666666666666664,0.375
2,trial,element,24,37,5,0.25,1,0,39.509131039030507,39.51229473503215,12,883892386544.15259,1.6380662429360477e-16,1.2255680885818584e-16,3.5205666104698804e-13,1.4811126416813066e-10,1,1,0.125,0.041666666666666664
2,trial,element,25,38,5,0.25,0,0,62.639554475161333,62.641549987342486,17,767775789191.18298,2.3513764425530356e-16,5.6880944968123513e-17,6.7028726577073381e-14,7.6393392668010839e-12,1,1,0.125,0.20833333333333334
2,trial,element,26,39,5,0.25,0,0,60.43126092131218,60.43332935108058,16,104956092288.32651,8.1057806137051492e-17,1.0334027835875593e-17,1.6049586698436781e-14,2.2872668509521928e-11,1,1,0.29166666666666669,0.125
2,trial,element,27,40,5,0.25,0,1,65.801038162723685,65.802937801815034,18,107642945194.83112,4.8370325106995929e-17,1.0607710798117607e-16,5.0835067987469171e-14,1.3237582485230882e-11,1,1,0.20833333333333334,0.375
2,trial,patch1,0,2,3,0.5,0,0,2.8763924340713074,2.9064856141768813,20,432015325.42992997,1.0061822636664717e-16,4.2362939307649152e-17,5.9419762953304424e-16,0,11,2.2360679774997898,0.58333333333333337,0.75
2,trial,patch1,1,4,3,0.5,0,1,2.8239369604552165,2.857563921661729,20,190205942.72506297,2.54094871601682e-16,5.3307320970447638e-17,1.2918691349487865e-15,0,12,2.2360679774997898,0.75,0.41666666666666669
2,trial,patch1,2,5,3,0.5,1,1,3.5014693063009448,3.5425059361725983,20,4004071151.4236531,2.5854302128390668e-16,5.1683169474210413e-17,5.2281645705866341e-16,0,7,1.8027756377319946,0.75,0.083333333333333329
2,trial,patch1,3,6,3,0.5,1,0,4.0897132123986486,4.1316478073764298,20,4160610401.3182344,2.8370927644104408e-16,3.3305868743218801e-17,5.8785560318625855e-16,0,7,2.2360679774997898,0.25,0.91666666666666663
2,trial,patch1,4,8,3,0.5,1,0,6.0011745996026731,6.0262956873257778,20,13306810841.82394,2.4805870169679836e-16,4.6859149559596124e-17,5.7453337278488476e-16,0,6,2.2360679774997898,0.91666666666666663,0.75
2,trial,patch1,5,10,3,0.5,1,0,6.0011745995562471,6.0262956872782727,20,13306810836.892382,2.3251425918476168e-16,6.7585988853292571e-17,5.3852138007531025e-16,0,6,2.2360679774997898,0.75,0.91666666666666663
2,trial,patch1,6,11,3,0.5,1,1,3.5014693689100893,3.5425059949690376,20,4004073356.4288931,1.9855405158563554e-16,7.447425024607264e-17,7.8215269122248168e-16,0,7,1.8027756377319946,0.083333333333333329,0.75
2,trial,patch1,7,12,3,0.5,1,0,4.0897132128107048,4.1316478078009204,20,4160610403.8053446,3.7472010164129171e-16,5.1221092803421151e-17,2.0010465645864234e-15,0,7,2.2360679774997898,0.91666666666666663,0.25
2,trial,patch1,8,14,3,0.5,0,1,2.8239369604572233,2.8575639216636759,20,190205942.74418542,4.0369087280061689e-16,4.0295506325150882e-17,1.4807235455860161e-15,0,12,2.2360679774997898,0.41666666666666669,0.75
2,trial,patch1,9,16,3,0.5,0,0,2.8763924340996074,2.9064856142000051,20,432015325.52464628,1.6649695782675787e-16,2.9822637944221112e-17,1.0573333999135568e-15,0,11,2.2360679774997898,0.75,0.58333333333333337
2,trial,patch1,10,18,4,0.35355339059327379,0,1,2.8654606532891047,2.8821949622415897,20,172956351.43228087,2.435611949241557e-16,7.060760849098005e-17,2.0490225761788259e-15,0,9,2.5495097567963922,0.16666666666666666,0.58333333333333337
2,trial,patch1,11,21,4,0.35355339059327379,0,1,2.4506514732705678,2.4677075542976574,20,42269861.899775542,1.254332146284079e-16,2.4133281563315985e-17,1.4235548128460121e-15,0,13,3.1622776601683791,0.58333333333333337,0.33333333333333331
2,trial,patch1,12,22,4,0.35355339059327379,0,1,2.5107938516603774,2.5278668398251964,20,13095.215493752352,1.1617787845894162e-16,3.3982258730014024e-17,1.7211303371451417e-15,0,16,2.9154759474226499,0.33333333333333331,0.41666666666666669
2,trial,patch1,13,23,4,0.35355339059327379,0,1,2.5107938516603774,2.527866839825196,20,13095.21549374628,2.0355058666448763e-16,3.3298161592682476e-17,6.6885384684755031e-16,0,16,2.9154759474226499,0.41666666666666669,0.33333333333333331
2,trial,patch1,14,24,4,0.35355339059327379,0,1,2.450651473272575,2.4677075542996412,20,42269861.931800008,1.6632518080252152e-16,3.5861076777580685e-17,1.7851696162367953e-15,0,13,3.1622776601683791,0.33333333333333331,0.58333333333333337
2,trial,patch1,15,27,4,0.35355339059327379,0,1,2.865460653186604,2.8821949621397192,20,172956350.68194151,1.3060991671056141e-16,5.2575227776034509e-17,1.3203552530262577e-15,0,9,2.5495097567963922,0.58333333333333337,0.16666666666666666
2,trial,patch1,16,29,5,0.25,0,1,2.5571243154133221,2.5654331379381459,20,13763804.817784287,2.0861817767005749e-16,4.2719824857043596e-17,1.8172995527072699e-15,0,12,3,0.375,0.20833333333333334
2,trial,patch1,17,30,5,0.25,0,0,2.8205758172446238,2.8295468004125475,20,348455716.29740834,1.5555832912967667e-16,6.0047885475792798e-17,1.4680537520833998e-15,0,11,2.8284271247461903,0.125,0.29166666666666669
2,trial,patch1,18,31,5,0.25,0,0,2.7795743463700791,2.7884569657923808,20,492252361.93955445,2.7612674209679895e-16,5.3085790599208251e-17,8.6394966399738848e-16,0,11,2.8284271247461903,0.20833333333333334,0.125
2,trial,patch1,19,32,5,0.25,1,0,5.2764357062413492,5.284525703287108,20,21124656928.701214,1.7209397358998472e-16,6.182890961235683e-17,1.4556053084068598e-15,0,6,2.2360679774997898,0.041666666666666664,0.125
2,trial,patch1,20,33,5,0.25,1,0,4.3969230763510518,4.4035113249370195,20,5213955214.5127096,2.1349861940122817e-16,5.1465348532160258e-17,1.6520651354747508e-15,0,8,4,0.375,0.041666666666666664
2,trial,patch1,21,34,5,0.25,0,1,2.7938492774483294,2.802769808693907,20,134721415.69176486,7.955482771048818e-17,6.2712777394709298e-17,8.0634924825727937e-16,0,8,3.1622776601683795,0.125,0.45833333333333331
2,trial,patch1,22,35,5,0.25,0,1,2.7938492774261676,2.8027698086718229,20,134721415.82151887,1.9175794342956759e-16,2.0871378380987603e-17,1.5176234894627508e-15,0,8,3.1622776601683795,0.45833333333333331,0.125
2,trial,patch1,23,36,5,0.25,1,0,4.3969233950238884,4.4035116436744701,20,5213956472.6507044,1.7775237222779836e-16,7.4138931056567932e-17,1.7267092536687323e-15,0,8,4,0.041666666666666664,0.375
2,trial,patch1,24,37,5,0.25,1,0,5.2764351298121648,5.2845251287046713,20,21124612095.442913,1.6380662429360477e-16,4.2097037059715552e-17,1.0503242062901439e-15,0,6,2.2360679774997898,0.125,0.041666666666666664
2,trial,patch1,25,38,5,0.25,0,0,2.7795743521714336,2.7884569716044383,20,492252436.67544413,2.3513764425530356e-16,3.2174311132681569e-17,1.0426504778075333e-15,0,11,2.8284271247461903,0.125,0.20833333333333334
2,trial,patch1,26,39,5,0.25,0,0,2.8205758171691526,2.8295468003383033,20,348455675.75665599,8.1057806137051492e-17,5.177542825210987e-17,1.2125329222227669e-15,0,11,2.8284271247461903,0.29166666666666669,0.125
2,trial,patch1,27,40,5,0.25,0,1,2.5571243153963392,2.5654331379211395,20,13763804.792800512,4.8370325106995929e-17,2.3585971855033221e-17,1.6788859083921274e-15,0,12,3,0.20833333333333334,0.375
2,test,element,0,2,3,0.5,0,0,97.512870880276495,97.517998275311868,17,286604698819.42664,1.0061822636664717e-16,3.0648057325059791e-17,1.7003434723668525e-14,3.2624809567241331e-11,1,1,0.58333333333333337,0.75
2,test,element,1,4,3,0.5,0,1,89.742830822589838,89.748402125272193,18,438033129639.36829,2.54094871601682e-16,1.252201431976178e-17,1.7780408543422085e-14,1.5417239591904472e-12,1,1,0.75,0.41666666666666669
2,test,element,2,5,3,0.5,1,1,64.352767669081487,64.3605368709798,14,521095134483.61981,2.5854302128390668e-16,1.598171207004963e-17,2.1801051190338145e-14,8.4501566699348255e-11,1,1,0.75,0.083333333333333329
2,test,element,3,6,3,0.5,1,0,51.088409080648908,51.098195098933495,13,155677479811.42667,2.8370927644104408e-16,5.673207286916014e-17,8.3204956747534633e-14,8.8313475096370525e-12,1,1,0.25,0.91666666666666663
2,test,element,4,8,3,0.5,1,0,43.998051714034283,44.009414392205223,12,177925571947.17792,2.4805870169679836e-16,6.1524827361858357e-17,2.1238084937403992e-13,2.6538500242648755e-10,1,1,0.91666666666666663,0.75
2,test,element,5,10,3,0.5,1,0,43.998040464882685,44.009403139993658,12,177925330287.19003,2.3251425918476168e-16,5.7225661809701151e-17,1.723068333637515e-13,5.6640690645086772e-12,1,1,0.75,0.91666666666666663
2,test,element,6,11,3,0.5,1,1,64.352781040612797,64.360550244768135,14,521096614327.26208,1.9855405158563554e-16,8.1902321657371418e-17,3.2812937012445829e-14,3.5794163829763522e-11,1,1,0.083333333333333329,0.75
2,test,element,7,12,3,0.5,1,0,51.088409674878413,51.098195693188813,13,155677484255.23746,3.7472010164129171e-16,5.8815080029500586e-17,9.3857542028847979e-14,3.3667693758045154e-12,1,1,0.91666666666666663,0.25
2,test,element,8,14,3,0.5,0,1,89.742857696084315,89.748428985018819,18,438030003134.70392,4.0369087280061689e-16,1.4975855405592011e-17,3.6371586390870101e-14,2.7073035901456987e-10,1,1,0.41666666666666669,0.75
2,test,element,9,16,3,0.5,0,0,97.512854994326332,97.517982388495483,17,286604651815.38293,1.6649695782675787e-16,6.9399479748111313e-18,3.6503362382553227e-14,2.2712126534337191e-12,1,1,0.75,0.58333333333333337
2,test,element,10,18,4,0.35355339059327379,0,1,58.884464740985941,58.888710195587258,16,395161772778.44836,2.435611949241557e-16,1.0921204450657342e-17,2.4548784890553761e-14,1.9246509053905373e-10,1,1,0.16666666666666666,0.58333333333333337
2,test,element,11,21,4,0.35355339059327379,0,1,74.39666341301492,74.400023701931133,18,143172230909.44174,1.254332146284079e-16,5.4371306517156887e-17,6.0953053468935873e-14,2.5566213404336336e-11,1,1,0.58333333333333337,0.33333333333333331
2,test,element,12,22,4,0.35355339059327379,0,1,80.293688509451783,80.296802023585357,20,65733166208.846275,1.1617787845894162e-16,8.5101890881291082e-17,3.2489928012496481e-14,1.1818269259058915e-10,1,1,0.33333333333333331,0.41666666666666669
2,test,element,13,23,4,0.35355339059327379,0,1,80.293578630709277,80.296692140733271,20,65732857959.296471,2.0355058666448763e-16,2.2180904787172875e-17,3.7884717654733632e-14,9.0297224635798149e-11,1,1,0.41666666666666669,0.33333333333333331
2,test,element,14,24,4,0.35355339059327379,0,1,74.396667106497873,74.400027395579428,18,143172412663.89914,1.6632518080252152e-16,7.6571170136817882e-17,1.4873467699828493e-13,1.6637318403898011e-11,1,1,0.33333333333333331,0.58333333333333337
2,test,element,15,27,4,0.35355339059327379,0,1,58.884440151942606,58.888685604184758,16,395160869953.60626,1.3060991671056141e-16,3.9278345681598464e-18,1.1093542854902182e-14,5.2137553284830942e-11,1,1,0.58333333333333337,0.16666666666666666
2,test,element,16,29,5,0.25,0,1,65.801025736639261,65.802925375448922,18,107642153820.7603,2.0861817767005749e-16,5.3628031662352552e-17,4.4773719788388675e-14,6.2267470762449741e-12,1,1,0.375,0.20833333333333334
2,test,element,17,30,5,0.25,0,0,60.431267318041677,60.433335748162811,16,104955943686.38509,1.5555832912967667e-16,9.9324224869370106e-18,4.8733100857383283e-14,3.9535581437548984e-12,1,1,0.125,0.29166666666666669
2,test,element,18,31,5,0.25,0,0,62.639566220230243,62.641561732570374,17,767786421120.00244,2.7612674209679895e-16,5.6760023157616396e-17,4.7662599223845367e-14,9.3822023459564042e-12,1,1,0.20833333333333334,0.125
2,test,element,19,32,5,0.25,1,0,39.509167195018939,39.512330891570002,12,883894619566.74866,1.7209397358998472e-16,1.1301402510019702e-16,3.7585664242510506e-13,2.6233492271024334e-11,1,1,0.041666666666666664,0.125
2,test,element,20,33,5,0.25,1,0,36.612557849908228,36.615971814894124,13,245275820132.6051,2.1349861940122817e-16,1.4506733573749014e-17,1.7319119606591457e-13,2.7131188341571554e-10,1,1,0.375,0.041666666666666664
2,test,element,21,34,5,0.25,0,1,42.324752870888773,42.327706121166152,16,315808444943.94818,7.955482771048818e-17,5.400892967695986e-17,5.0644598008711528e-14,5.6931661337411088e-11,1,1,0.125,0.45833333333333331
2,test,element,22,35,5,0.25,0,1,42.324758948729546,42.327712199883251,16,315807933443.17072,1.9175794342956759e-16,5.4135228020215686e-17,2.4278285644484358e-13,4.5119766526411905e-12,1,1,0.45833333333333331,0.125
2,test,element,23,36,5,0.25,1,0,36.612586809418517,36.616000777692427,13,245276653725.81354,1.7775237222779836e-16,1.7514347596599913e-17,1.4219604886665311e-13,5.5764851767863341e-11,1,1,0.041666666666666664,0.375
2,test,element,24,37,5,0.25,1,0,39.509131039030507,39.51229473503215,12,883892386544.15259,1.6380662429360477e-16,1.2255680885818584e-16,3.5205666104698804e-13,1.4811126416813066e-10,1,1,0.125,0.041666666666666664
2,test,element,25,38,5,0.25,0,0,62.639554475161333,62.641549987342486,17,767775789191.18298,2.3513764425530356e-16,5.6880944968123513e-17,6.7028726577073381e-14,7.6393392668010839e-12,1,1,0.125,0.20833333333333334
2,test,element,26,39,5,0.25,0,0,60.43126092131218,60.43332935108058,16,104956092288.32651,8.1057806137051492e-17,1.0334027835875593e-17,1.6049586698436781e-14,2.2872668509521928e-11,1,1,0.29166666666666669,0.125
2,test,element,27,40,5,0.25,0,1,65.801038162723685,65.802937801815034,18,107642945194.83112,4.8370325106995929e-17,1.0607710798117607e-16,5.0835067987469171e-14,1.3237582485230882e-11,1,1,0.20833333333333334,0.375
2,test,patch1,0,2,3,0.5,0,0,2.8763924340713074,2.9064856141768813,20,432015325.42992997,1.0061822636664717e-16,4.2362939307649152e-17,5.9419762953304424e-16,0,11,2.2360679774997898,0.58333333333333337,0.75
2,test,patch1,1,4,3,0.5,0,1,2.8239369604552165,2.857563921661729,20,190205942.72506297,2.54094871601682e-16,5.3307320970447638e-17,1.2918691349487865e-15,0,12,2.2360679774997898,0.75,0.41666666666666669
2,test,patch1,2,5,3,0.5,1,1,3.5014693063009448,3.5425059361725983,20,4004071151.4236531,2.5854302128390668e-16,5.1683169474210413e-17,5.2281645705866341e-16,0,7,1.8027756377319946,0.75,0.083333333333333329
2,test,patch1,3,6,3,0.5,1,0,4.0897132123986486,4.1316478073764298,20,4160610401.3182344,2.8370927644104408e-16,3.3305868743218801e-17,5.8785560318625855e-16,0,7,2.2360679774997898,0.25,0.91666666666666663
2,test,patch1,4,8,3,0.5,1,0,6.0011745996026731,6.0262956873257778,20,13306810841.82394,2.4805870169679836e-16,4.6859149559596124e-17,5.7453337278488476e-16,0,6,2.2360679774997898,0.91666666666666663,0.75
2,test,patch1,5,10,3,0.5,1,0,6.0011745995562471,6.0262956872782727,20,13306810836.892382,2.3251425918476168e-16,6.7585988853292571e-17,5.3852138007531025e-16,0,6,2.2360679774997898,0.75,0.91666666666666663
2,test,patch1,6,11,3,0.5,1,1,3.5014693689100893,3.5425059949690376,20,4004073356.4288931,1.9855405158563554e-16,7.447425024607264e-17,7.8215269122248168e-16,0,7,1.8027756377319946,0.083333333333333329,0.75
2,test,patch1,7,12,3,0.5,1,0,4.0897132128107048,4.1316478078009204,20,4160610403.8053446,3.7472010164129171e-16,5.1221092803421151e-17,2.0010465645864234e-15,0,7,2.2360679774997898,0.91666666666666663,0.25
2,test,patch1,8,14,3,0.5,0,1,2.8239369604572233,2.8575639216636759,20,190205942.74418542,4.0369087280061689e-16,4.0295506325150882e-17,1.4807235455860161e-15,0,12,2.2360679774997898,0.41666666666666669,0.75
2,test,patch1,9,16,3,0.5,0,0,2.8763924340996074,2.9064856142000051,20,432015325.52464628,1.6649695782675787e-16,2.9822637944221112e-17,1.0573333999135568e-15,0,11,2.2360679774997898,0.75,0.58333333333333337
2,test,patch1,10,18,4,0.35355339059327379,0,1,2.8654606532891047,2.8821949622415897,20,172956351.43228087,2.435611949241557e-16,7.060760849098005e-17,2.0490225761788259e-15,0,9,2.5495097567963922,0.16666666666666666,0.58333333333333337
2,test,patch1,11,21,4,0.35355339059327379,0,1,2.4506514732705678,2.4677075542976574,20,42269861.899775542,1.254332146284079e-16,2.4133281563315985e-17,1.4235548128460121e-15,0,13,3.1622776601683791,0.58333333333333337,0.33333333333333331
2,test,patch1,12,22,4,0.35355339059327379,0,1,2.5107938516603774,2.5278668398251964,20,13095.215493752352,1.1617787845894162e-16,3.3982258730014024e-17,1.7211303371451417e-15,0,16,2.9154759474226499,0.33333333333333331,0.41666666666666669
2,test,patch1,13,23,4,0.35355339059327379,0,1,2.5107938516603774,2.527866839825196,20,13095.21549374628,2.0355058666448763e-16,3.3298161592682476e-17,6.6885384684755031e-16,0,16,2.9154759474226499,0.41666666666666669,0.33333333333333331
2,test,patch1,14,24,4,0.35355339059327379,0,1,2.450651473272575,2.4677075542996412,20,42269861.931800008,1.6632518080252152e-16,3.5861076777580685e-17,1.7851696162367953e-15,0,13,3.1622776601683791,0.33333333333333331,0.58333333333333337
2,test,patch1,15,27,4,0.35355339059327379,0,1,2.865460653186604,2.8821949621397192,20,172956350.68194151,1.3060991671056141e-16,5.2575227776034509e-17,1.3203552530262577e-15,0,9,2.5495097567963922,0.58333333333333337,0.16666666666666666
2,test,patch1,16,29,5,0.25,0,1,2.5571243154133221,2.5654331379381459,20,13763804.817784287,2.0861817767005749e-16,4.2719824857043596e-17,1.8172995527072699e-15,0,12,3,0.375,0.20833333333333334
2,test,patch1,17,30,5,0.25,0,0,2.8205758172446238,2.8295468004125475,20,348455716.29740834,1.5555832912967667e-16,6.0047885475792798e-17,1.4680537520833998e-15,0,11,2.8284271247461903,0.125,0.29166666666666669
2,test,patch1,18,31,5,0.25,0,0,2.7795743463700791,2.7884569657923808,20,492252361.93955445,2.7612674209679895e-16,5.3085790599208251e-17,8.6394966399738848e-16,0,11,2.8284271247461903,0.20833333333333334,0.125
2,test,patch1,19,32,5,0.25,1,0,5.2764357062413492,5.284525703287108,20,21124656928.701214,1.7209397358998472e-16,6.182890961235683e-17,1.4556053084068598e-15,0,6,2.2360679774997898,0.041666666666666664,0.125
2,test,patch1,20,33,5,0.25,1,0,4.3969230763510518,4.4035113249370195,20,5213955214.5127096,2.1349861940122817e-16,5.1465348532160258e-17,1.6520651354747508e-15,0,8,4,0.375,0.041666666666666664
2,test,patch1,21,34,5,0.25,0,1,2.7938492774483294,2.802769808693907,20,134721415.69176486,7.955482771048818e-17,6.2712777394709298e-17,8.0634924825727937e-16,0,8,3.1622776601683795,0.125,0.45833333333333331
2,test,patch1,22,35,5,0.25,0,1,2.7938492774261676,2.8027698086718229,20,134721415.82151887,1.9175794342956759e-16,2.0871378380987603e-17,1.5176234894627508e-15,0,8,3.1622776601683795,0.45833333333333331,0.125
2,test,patch1,23,36,5,0.25,1,0,4.3969233950238884,4.4035116436744701,20,5213956472.6507044,1.7775237222779836e-16,7.4138931056567932e-17,1.7267092536687323e-15,0,8,4,0.041666666666666664,0.375
2,test,patch1,24,37,5,0.25,1,0,5.2764351298121648,5.2845251287046713,20,21124612095.442913,1.6380662429360477e-16,4.2097037059715552e-17,1.0503242062901439e-15,0,6,2.2360679774997898,0.125,0.041666666666666664
2,test,patch1,25,38,5,0.25,0,0,2.7795743521714336,2.7884569716044383,20,492252436.67544413,2.3513764425530356e-16,3.2174311132681569e-17,1.0426504778075333e-15,0,11,2.8284271247461903,0.125,0.20833333333333334
2,test,patch1,26,39,5,0.25,0,0,2.8205758171691526,2.8295468003383033,20,348455675.75665599,8.1057806137051492e-17,5.177542825210987e-17,1.2125329222227669e-15,0,11,2.8284271247461903,0.29166666666666669,0.125
2,test,patch1,27,40,5,0.25,0,1,2.5571243153963392,2.5654331379211395,20,13763804.792800512,4.8370325106995929e-17,2.3585971855033221e-17,1.6788859083921274e-15,0,12,3,0.20833333333333334,0.375
3,coarse,element,0,2,3,0.5,0,0,8.4852813742385607,8.5440037453175215,3,4.0000000000000036,0,5.5511151231257747e-17,3.3257358785308457e-16,0,1,1,0.58333333333333337,0.75
3,coarse,element,1,4,3,0.5,0,1,8.4852813742385536,8.5440037453175144,3,4.0000000000000018,0,0,1.6719630770427554e-16,0,1,1,0.75,0.41666666666666669
3,coarse,element,2,5,3,0.5,1,1,8.4852813742385571,8.5440037453175197,3,4.0000000000000036,0,0,1.0256828592499333e-16,3.8933848534800116e-16,1,1,0.75,0.083333333333333329
3,coarse,element,3,6,3,0.5,1,0,8.4852813742385766,8.5440037453175375,3,4.0000000000000071,0,5.5511151231257839e-17,1.1645185369284679e-16,0,1,1,0.25,0.91666666666666663
3,coarse,element,4,8,3,0.5,1,0,8.485281374238566,8.544003745317525,3,3.999999999999996,0,0,4.2414822972606285e-16,3.8933848534800047e-16,1,1,0.91666666666666663,0.75
3,coarse,element,5,10,3,0.5,1,0,8.4852813742385642,8.544003745317525,3,3.999999999999996,0,0,7.3477849641193143e-17,0,1,1,0.75,0.91666666666666663
3,coarse,element,6,11,3,0.5,1,1,8.4852813742385536,8.5440037453175144,3,4.0000000000000036,0,0,1.6364058750774242e-16,0,1,1,0.083333333333333329,0.75
3,coarse,element,7,12,3,0.5,1,0,8.4852813742385766,8.5440037453175393,3,4.0000000000000071,0,5.5511151231257839e-17,3.416824233655174e-16,3.8933848534799934e-16,1,1,0.91666666666666663,0.25
3,coarse,element,8,14,3,0.5,0,1,8.4852813742385553,8.5440037453175162,3,4.0000000000000027,0,0,2.9241031914490786e-16,0,1,1,0.41666666666666669,0.75
3,coarse,element,9,16,3,0.5,0,0,8.4852813742385589,8.5440037453175197,3,4.0000000000000036,0,0,9.9874397952698202e-17,0,1,1,0.75,0.58333333333333337
3,coarse,element,10,18,4,0.35355339059327379,0,1,8.4852813742385713,8.5146931829632031,3,4.0000000000000018,0,0,2.0716489044500591e-16,3.9049223624746865e-16,1,1,0.16666666666666666,0.58333333333333337
3,coarse,element,11,21,4,0.35355339059327379,0,1,8.4852813742385926,8.5146931829632209,3,4.000000000000016,0,0,4.1230104743209414e-16,5.8956670962852829e-16,1,1,0.58333333333333337,0.33333333333333331
3,coarse,element,12,24,4,0.35355339059327379,0,1,8.4852813742385713,8.5146931829632031,3,4.0000000000000027,0,0,3.0184831010832339e-16,3.9049223624746865e-16,1,1,0.33333333333333331,0.58333333333333337
3,coarse,element,13,27,4,0.35355339059327379,0,1,8.4852813742385926,8.5146931829632244,3,4.0000000000000169,0,0,5.1347476922737261e-17,3.9049223624746662e-16,1,1,0.58333333333333337,0.16666666666666666
3,coarse,element,14,32,5,0.25,1,1,8.4852813742385678,8.4999999999999964,3,4.0000000000000027,0,0,3.5392783363422723e-16,1.9669003066023545e-16,1,1,0.041666666666666664,0.125
3,coarse,element,15,33,5,0.25,1,1,8.4852813742385678,8.4999999999999964,3,4.0000000000000027,0,0,3.5392783363422723e-16,1.9669003066023545e-16,1,1,0.375,0.041666666666666664
3,coarse,element,16,34,5,0.25,0,1,8.4852813742385678,8.5,3,4.0000000000000009,0,0,4.0207117509074349e-16,5.9007009198070601e-16,1,1,0.125,0.45833333333333331
3,coarse,element,17,35,5,0.25,0,1,8.4852813742385695,8.5,3,4.0000000000000018,0,0,3.199009368634398e-16,1.9669003066023535e-16,1,1,0.45833333333333331,0.125
3,coarse,element,18,36,5,0.25,1,1,8.4852813742385695,8.5,3,4.0000000000000018,0,0,3.199009368634398e-16,1.9669003066023535e-16,1,1,0.041666666666666664,0.375
3,coarse,element,19,37,5,0.25,1,1,8.4852813742385695,8.5,3,4.0000000000000018,0,0,3.199009368634398e-16,1.9669003066023535e-16,1,1,0.125,0.041666666666666664
3,coarse,element,20,40,5,0.25,0,1,8.4852813742385695,8.5,3,4.0000000000000036,0,0,1.8071056465523182e-16,1.9669003066023535e-16,1,1,0.20833333333333334,0.375
3,coarse,element,21,41,5,0.25,0,1,8.4852813742385678,8.5,3,4.0000000000000027,0,0,1.3186300193163214e-16,5.9007009198070601e-16,1,1,0.29166666666666669,0.375
3,coarse,element,22,42,5,0.25,0,1,8.4852813742385678,8.4999999999999964,3,4.0000000000000027,0,0,3.5392783363422723e-16,1.9669003066023545e-16,1,1,0.45833333333333331,0.375
3,coarse,element,23,43,6,0.17677669529663689,0,1,8.4852813742385713,8.4926438757315168,3,4.0000000000000018,0,5.5511151231257827e-17,2.2518566932714554e-16,3.9367700318597384e-16,1,1,0.41666666666666669,0.20833333333333334
3,coarse,element,24,44,6,0.17677669529663689,0,1,8.4852813742385713,8.4926438757315168,3,4.0000000000000018,0,5.5511151231257827e-17,2.2518566932714554e-16,3.9367700318597384e-16,1,1,0.083333333333333329,0.29166666666666669
3,coarse,element,25,45,6,0.17677669529663689,0,1,8.4852813742385713,8.4926438757315168,3,4.0000000000000018,0,5.5511151231257827e-17,2.2518566932714554e-16,3.9367700318597384e-16,1,1,0.20833333333333334,0.083333333333333329
3,coarse,element,26,46,6,0.17677669529663689,0,0,8.4852813742385713,8.4926438757315168,3,4.0000000000000018,0,5.5511151231257827e-17,2.2518566932714554e-16,3.9367700318597384e-16,1,1,0.16666666666666666,0.20833333333333334
3,coarse,element,27,47,6,0.17677669529663689,0,0,8.4852813742385713,8.4926438757315168,3,4.0000000000000018,0,5.5511151231257827e-17,2.2518566932714554e-16,3.9367700318597384e-16,1,1,0.29166666666666669,0.16666666666666666
3,coarse,element,28,48,5,0.25,0,1,8.4852813742385695,8.5,3,4.0000000000000027,0,0,1.0145377869707523e-16,1.9669003066023535e-16,1,1,0.375,0.45833333333333331
3,coarse,element,29,49,6,0.17677669529663689,0,0,8.4852813742385695,8.4926438757315132,3,4.0000000000000018,0,5.5511151231257827e-17,2.0009125256635315e-16,1.9741574060059113e-16,1,1,0.33333333333333331,0.20833333333333334
3,coarse,element,30,50,6,0.17677669529663689,0,1,8.4852813742385695,8.4926438757315132,3,4.0000000000000018,0,5.5511151231257827e-17,2.0009125256635315e-16,1.9741574060059113e-16,1,1,0.16666666666666666,0.29166666666666669
3,coarse,element,31,51,6,0.17677669529663689,0,0,8.4852813742385695,8.4926438757315132,3,4.0000000000000018,0,5.5511151231257827e-17,2.0009125256635315e-16,1.9741574060059113e-16,1,1,0.20833333333333334,0.16666666666666666
3,coarse,element,32,52,6,0.17677669529663689,0,1,8.4852813742385695,8.4926438757315132,3,4.0000000000000018,0,5.5511151231257827e-17,2.0009125256635315e-16,1.9741574060059113e-16,1,1,0.083333333333333329,0.20833333333333334
3,coarse,element,33,53,6,0.17677669529663689,0,1,8.4852813742385695,8.4926438757315132,3,4.0000000000000018,0,5.5511151231257827e-17,2.0009125256635315e-16,1.9741574060059113e-16,1,1,0.29166666666666669,0.083333333333333329
3,coarse,element,34,54,6,0.17677669529663689,0,1,8.4852813742385713,8.4926438757315168,3,4.0000000000000018,0,5.5511151231257827e-17,2.2518566932714554e-16,3.9367700318597384e-16,1,1,0.33333333333333331,0.29166666666666669
3,coarse,element,35,55,6,0.17677669529663689,0,1,8.4852813742385695,8.4926438757315132,3,4.0000000000000018,0,5.5511151231257827e-17,2.0009125256635315e-16,1.9741574060059113e-16,1,1,0.41666666666666669,0.29166666666666669
3,coarse,patch1,0,2,3,0.5,0,0,3.678650609823805,3.704596591745517,11,18.93227515709642,0,2.2888628750463093e-17,1.0720934407140197e-15,0,11,2.2360679774997898,0.58333333333333337,0.75
3,coarse,patch1,1,4,3,0.5,0,1,3.6974061359485981,3.7237259210471261,12,17.556825058180504,0,1.1383992532387658e-17,8.8341349400752419e-16,0,12,2.2360679774997898,0.75,0.41666666666666669
3,coarse,patch1,2,5,3,0.5,1,1,4.4989202936543995,4.5356323287336728,8,27.283707140630732,0,1.8390543433918192e-17,6.3773233027948532e-16,0,7,1.8027756377319946,0.75,0.083333333333333329
3,coarse,patch1,3,6,3,0.5,1,0,4.3164129776306197,4.3521109734084193,8,8.1373094066368044,0,2.9439233600320743e-17,5.0788229497010361e-16,0,7,2.2360679774997898,0.25,0.91666666666666663
3,coarse,patch1,4,8,3,0.5,1,0,4.2811750887122866,4.3161062710517584,7,8.3736389961776361,0,1.4176269004663446e-17,7.3478909846332471e-16,0,6,2.2360679774997898,0.91666666666666663,0.75
3,coarse,patch1,5,10,3,0.5,1,0,4.2811750887122875,4.3161062710517566,7,8.373638996177629,0,2.8352538009326873e-17,1.2322461011180147e-15,0,6,2.2360679774997898,0.75,0.91666666666666663
3,coarse,patch1,6,11,3,0.5,1,1,4.498920293654403,4.5356323287336773,8,27.283707140630689,0,3.6781086867836402e-17,9.5530701035475537e-16,0,7,1.8027756377319946,0.083333333333333329,0.75
3,coarse,patch1,7,12,3,0.5,1,0,4.3164129776306179,4.3521109734084176,8,8.1373094066368186,0,1.4719616800160378e-17,4.3759542850658394e-16,0,7,2.2360679774997898,0.91666666666666663,0.25
3,coarse,patch1,8,14,3,0.5,0,1,3.6974061359485986,3.7237259210471274,12,17.556825058180578,0,2.2767985064775317e-17,6.6068190029825645e-16,0,12,2.2360679774997898,0.41666666666666669,0.75
3,coarse,patch1,9,16,3,0.5,0,0,3.6786506098238076,3.7045965917455184,11,18.93227515709648,0,1.1444314375231548e-17,8.6073947840621023e-16,0,11,2.2360679774997898,0.75,0.58333333333333337
3,coarse,patch1,10,18,4,0.35355339059327379,0,1,3.4471977505471258,3.4599868044966118,10,25.272946752114489,0,3.4855102794169376e-17,1.1586685194913967e-15,0,10,2.5495097567963922,0.16666666666666666,0.58333333333333337
3,coarse,patch1,11,21,4,0.35355339059327379,0,1,3.3690261193208846,3.384385978009012,13,32.916920613063425,0,1.2113526306256168e-17,6.9742835399727967e-16,0,14,3.1622776601683791,0.58333333333333337,0.33333333333333331
3,coarse,patch1,12,24,4,0.35355339059327379,0,1,3.212563237493506,3.2266277257094669,13,20.322887707979671,0,2.401749603809616e-17,2.3544945713661454e-16,0,14,3.1622776601683791,0.33333333333333331,0.58333333333333337
3,coarse,patch1,13,27,4,0.35355339059327379,0,1,3.6098345648851589,3.6235539958947967,10,27.219100720888537,0,1.775252581234319e-17,3.4350139351116083e-16,0,10,2.5495097567963922,0.58333333333333337,0.16666666666666666
3,coarse,patch1,14,32,5,0.25,1,1,4.3669970062358567,4.3758801186976228,9,8.4389712503746264,0,0,3.1744749392995595e-16,0,8,2.2360679774997898,0.041666666666666664,0.125
3,coarse,patch1,15,33,5,0.25,1,1,3.7645845633158128,3.7716648850657868,11,18.308265092744573,0,0,7.698566528639084e-16,0,10,4,0.375,0.041666666666666664
3,coarse,patch1,16,34,5,0.25,0,1,3.3227899705761681,3.3296470969396057,10,15.870996297809626,0,0,4.3373859906671141e-16,0,10,3.1622776601683795,0.125,0.45833333333333331
3,coarse,patch1,17,35,5,0.25,0,1,3.3585547100269135,3.3654707818749801,11,19.833081481346564,0,2.7725507818247041e-17,2.8212655644902595e-16,0,11,3.1622776601683795,0.45833333333333331,0.125
3,coarse,patch1,18,36,5,0.25,1,1,3.7615285207580555,3.7686173446936917,10,17.799689207338172,0,0,8.2058263694119503e-16,0,9,4,0.041666666666666664,0.375
3,coarse,patch1,19,37,5,0.25,1,1,4.3669970062358567,4.3758801186976219,9,8.4389712503746157,0,0,5.9462147247515474e-16,0,8,2.2360679774997898,0.125,0.041666666666666664
3,coarse,patch1,20,40,5,0.25,0,1,3.4295784445436825,3.4359201870853466,13,17.99082002224824,0,0,8.6017763102019805e-16,0,14,2.5495097567963922,0.20833333333333334,0.375
3,coarse,patch1,21,41,5,0.25,0,1,3.4295784445436825,3.4359201870853471,13,17.990820022248226,0,0,3.3189496412664894e-16,0,14,2.5495097567963922,0.29166666666666669,0.375
3,coarse,patch1,22,42,5,0.25,0,1,3.1502356144806081,3.1575472827054551,13,24.680976990060788,0,1.4387138071719637e-17,8.4326047843148955e-16,0,14,4,0.45833333333333331,0.375
3,coarse,patch1,23,43,6,0.17677669529663689,0,1,3.1393407337945414,3.142866154921371,10,12.251594806709118,0,3.8427244355727185e-17,7.3334346329762472e-16,0,11,3.1622776601683791,0.41666666666666669,0.20833333333333334
3,coarse,patch1,24,44,6,0.17677669529663689,0,1,3.2730535981325919,3.2762151095327496,8,7.6058862214629892,0,0,7.568445039781767e-16,0,8,3.1622776601683791,0.083333333333333329,0.29166666666666669
3,coarse,patch1,25,45,6,0.17677669529663689,0,1,3.3141379638813198,3.3173452212854642,9,7.4329556066482914,0,0,5.1205784966627671e-16,0,9,3.1622776601683791,0.20833333333333334,0.083333333333333329
3,coarse,patch1,26,46,6,0.17677669529663689,0,0,3.1946779712391002,3.1979480696942142,12,9.4372210794753446,0,0,4.1430062022351051e-16,0,13,3.1622776601683791,0.16666666666666666,0.20833333333333334
3,coarse,patch1,27,47,6,0.17677669529663689,0,0,3.2252731988477819,3.2285915764641699,12,8.2930145997475346,0,0,1.2039327878529915e-15,0,13,3.1622776601683791,0.29166666666666669,0.16666666666666666
3,coarse,patch1,28,48,5,0.25,0,1,3.1160149305852776,3.1233649802781813,13,30.075850352993534,0,0,6.7253878166625478e-16,0,14,4,0.375,0.45833333333333331
3,coarse,patch1,29,49,6,0.17677669529663689,0,0,3.1946779712391002,3.1979480696942155,12,9.4372210794753553,0,0,4.5566512010657546e-16,0,13,3.1622776601683791,0.33333333333333331,0.20833333333333334
3,coarse,patch1,30,50,6,0.17677669529663689,0,1,3.1885267443351766,3.191914559049291,11,10.907326851035478,0,0,5.4059144633311213e-16,0,12,2.9999999999999996,0.16666666666666666,0.29166666666666669
3,coarse,patch1,31,51,6,0.17677669529663689,0,0,3.2252731988477814,3.2285915764641704,12,8.2930145997475275,0,0,7.8695555493429694e-16,0,13,3.1622776601683791,0.20833333333333334,0.16666666666666666
3,coarse,patch1,32,52,6,0.17677669529663689,0,1,3.314137963881318,3.3173452212854628,9,7.4329556066482914,0,0,6.1080826978862115e-16,0,9,3.1622776601683791,0.083333333333333329,0.20833333333333334
3,coarse,patch1,33,53,6,0.17677669529663689,0,1,3.3141379638813189,3.3173452212854624,9,7.4329556066482825,0,0,5.8166283868938773e-16,0,9,3.1622776601683791,0.29166666666666669,0.083333333333333329
3,coarse,patch1,34,54,6,0.17677669529663689,0,1,3.1885267443351761,3.191914559049291,11,10.907326851035485,0,0,4.0257803295521656e-16,0,12,2.9999999999999996,0.33333333333333331,0.29166666666666669
3,coarse,patch1,35,55,6,0.17677669529663689,0,1,3.1083978413075619,3.1118725634112745,9,7.7238421980013969,0,3.7956496765513632e-17,5.5937421737558262e-16,0,10,3.1622776601683791,0.41666666666666669,0.29166666666666669
3,trial,element,0,2,3,0.5,0,0,100.89840779566607,100.90336315273322,19,510192892660.46704,2.3498676395619314e-16,1.1511538007501476e-16,6.6627029783585661e-14,1.6517153175020127e-11,1,1,0.58333333333333337,0.75
3,trial,element,1,4,3,0.5,0,1,89.688200678366854,89.69377537442108,19,377459241005.93225,3.3629487317158357e-16,6.7106087831172384e-17,1.5537930641007533e-14,7.3336378883812275e-13,1,1,0.75,0.41666666666666669
3,trial,element,2,5,3,0.5,1,1,62.178690741008914,62.186731561137194,14,128173854637.80394,3.6771920568176429e-16,1.1321033804086521e-16,5.8638973054546531e-14,2.3507650965082518e-12,1,1,0.75,0.083333333333333329
3,trial,element,3,6,3,0.5,1,0,51.546175973671119,51.555875101724034,13,103136010767.66992,1.7997217095759744e-16,8.6976778843650702e-18,1.8143095601454992e-13,1.543193514696042e-12,1,1,0.25,0.91666666666666663
3,trial,element,4,8,3,0.5,1,0,45.111044814220222,45.122127213403971,12,182812423121.33676,3.9752663415660971e-16,1.5641992000284318e-17,3.4542680178425094e-13,1.5729831446341831e-11,1,1,0.91666666666666663,0.75
3,trial,element,5,10,3,0.5,1,0,44.961383335503157,44.972502614657863,12,165052764767.84793,2.446844352058963e-16,3.1408400462452376e-18,2.9884672455081388e-13,8.233575581351888e-12,1,1,0.75,0.91666666666666663
3,trial,element,6,11,3,0.5,1,1,65.97846384521381,65.986041636799868,14,163258362233.46893,1.5022391362130199e-16,5.6858254359688057e-17,1.7055276941702637e-13,1.1040017754842597e-10,1,1,0.083333333333333329,0.75
3,trial,element,7,12,3,0.5,1,0,51.511033356658906,51.520739100633328,13,75129662335.806442,2.4327070535274234e-16,5.676197993214985e-17,4.6633286478509533e-14,1.7710977703019085e-12,1,1,0.91666666666666663,0.25
3,trial,element,8,14,3,0.5,0,1,89.116414985912115,89.12202544849535,19,278173557175.64246,4.3711638275680317e-16,3.0569118326229531e-17,2.4690936623109603e-14,1.2709876141405287e-11,1,1,0.41666666666666669,0.75
3,trial,element,9,16,3,0.5,0,0,101.7923940486246,101.79730588941716,18,89098192167.789917,1.3988366869891561e-16,9.7228998342257149e-18,1.4031938982266744e-14,1.8634181800751043e-11,1,1,0.75,0.58333333333333337
3,trial,element,10,18,4,0.35355339059327379,0,1,67.350491925353069,67.354203749479055,18,604388782586.7207,2.4562472866113252e-16,8.6930932579892299e-18,4.1022805611762047e-14,3.0703491268578986e-11,1,1,0.16666666666666666,0.58333333333333337
3,trial,element,11,21,4,0.35355339059327379,0,1,82.345858535957461,82.348894454852797,21,845277011050.78284,2.6177382322677623e-16,5.6074243783676341e-17,1.1395761540114676e-13,1.2893093236283369e-11,1,1,0.58333333333333337,0.33333333333333331
3,trial,element,12,24,4,0.35355339059327379,0,1,84.863932346889825,84.866878169526132,20,914549985608.12439,1.4054211282427636e-16,9.6224228570140174e-17,1.2099510289973721e-13,4.3545319536067938e-10,1,1,0.33333333333333331,0.58333333333333337
3,trial,element,13,27,4,0.35355339059327379,0,1,64.520775105369154,64.524649711986783,18,513502099307.58539,1.4460800467211821e-16,1.1980034733548847e-17,5.5401882447937516e-14,6.1721283882690576e-11,1,1,0.58333333333333337,0.16666666666666666
3,trial,element,14,32,5,0.25,1,1,40.961097281070742,40.964148843506656,14,537811631774.12805,1.3304107374599349e-16,5.1133805128229891e-18,1.6733001078468958e-13,2.1613257425821488e-12,1,1,0.041666666666666664,0.125
3,trial,element,15,33,5,0.25,1,1,41.180181137071521,41.183216466015622,15,12891639106.288519,1.794460559518787e-16,1.0369931086788784e-17,7.9924006004945943e-14,2.7588235467897979e-12,1,1,0.375,0.041666666666666664
3,trial,element,16,34,5,0.25,0,1,58.918345600883768,58.920467143764924,18,232655902028.58969,1.1925114029721538e-16,5.6552859854838271e-17,2.4500176540827704e-14,2.7163768802548525e-11,1,1,0.125,0.45833333333333331
3,trial,element,17,35,5,0.25,0,1,60.5613994290824,60.563463412696116,19,502283525953.82288,1.2058932628525437e-16,6.2464518493873142e-18,3.1126184404058924e-14,7.303316148588451e-11,1,1,0.45833333333333331,0.125
3,trial,element,18,36,5,0.25,1,1,39.952781550456216,39.955910120727303,15,467347177849.85474,8.671895195429054e-17,8.9131710829698133e-17,6.6082534804215489e-14,2.6831657367608247e-11,1,1,0.041666666666666664,0.375
3,trial,element,19,37,5,0.25,1,1,40.900780921574672,40.90383698274114,14,605863622717.32922,7.3410055454311574e-17,2.8864269028691841e-17,1.6914079144813788e-13,5.0196394976479512e-11,1,1,0.125,0.041666666666666664
3,trial,element,20,40,5,0.25,0,1,73.243855334142779,73.245561940257147,21,846911559524.36694,1.2392875972398787e-16,6.0351323957644281e-17,1.623888949609882e-13,4.9355769673533609e-11,1,1,0.20833333333333334,0.375
3,trial,element,21,41,5,0.25,0,1,73.851971175723762,73.853663731344497,21,694956166374.02625,2.166923161208495e-16,1.1446480709705102e-16,4.52433756644744e-14,4.7239213537879841e-13,1,1,0.29166666666666669,0.375
3,trial,element,22,42,5,0.25,0,1,69.635768281605806,69.637563313869663,20,133606719034.56137,1.7700201664576106e-16,5.3175439935664988e-17,9.4804381096416031e-13,2.5510314413434161e-11,1,1,0.45833333333333331,0.375
3,trial,element,23,43,6,0.17677669529663689,0,1,52.093215621966145,52.094415380609114,18,515816982823.51508,1.0821001361551414e-16,5.3278416004220889e-17,6.1281566794051043e-14,3.974348112002753e-12,1,1,0.41666666666666669,0.20833333333333334
3,trial,element,24,44,6,0.17677669529663689,0,1,46.388452870094518,46.38980016878898,15,196351934796.36438,7.6888423861483823e-17,8.7582741925139414e-18,9.8809493430428757e-14,8.9188663912431493e-12,1,1,0.083333333333333329,0.29166666666666669
3,trial,element,25,45,6,0.17677669529663689,0,1,45.801356505001763,45.802721071529241,16,573879044653.12097,8.0733382611163002e-17,9.0582209968801836e-18,3.5838281457333075e-14,6.7667506652418086e-11,1,1,0.20833333333333334,0.083333333333333329
3,trial,element,26,46,6,0.17677669529663689,0,0,52.713963481585942,52.715149112288152,18,553200494860.03723,1.5260655017434448e-16,5.4619487016467838e-17,1.0612655523058722e-13,2.5916253391566546e-12,1,1,0.16666666666666666,0.20833333333333334
3,trial,element,27,47,6,0.17677669529663689,0,0,50.55592441247186,50.55716065227233,18,322241061226.9455,3.2503042440172492e-17,1.2117529636482863e-16,4.1253209442357789e-14,7.8660157280536075e-12,1,1,0.29166666666666669,0.16666666666666666
3,trial,element,28,48,5,0.25,0,1,69.015882722232092,69.017693875808689,21,324154849737.29254,2.2488296147983416e-16,6.8033799412694343e-18,9.2281510141998204e-13,1.2483150367711671e-12,1,1,0.375,0.45833333333333331
3,trial,element,29,49,6,0.17677669529663689,0,0,54.41798405616224,54.419132557622369,19,923334800722.98438,4.8540149914941566e-17,1.5780388591227832e-17,1.635623496620211e-13,1.3934183227433034e-10,1,1,0.33333333333333331,0.20833333333333334
3,trial,element,30,50,6,0.17677669529663689,0,1,50.14333538343616,50.144581794110024,17,264734603980.26624,1.774911342279256e-16,1.0912702427097346e-17,6.7324305964762774e-14,2.7667749837502117e-11,1,1,0.16666666666666666,0.29166666666666669
3,trial,element,31,51,6,0.17677669529663689,0,0,52.822673256357326,52.823856448432394,19,653087842107.58887,8.1408502333365496e-17,1.0096108611995373e-17,5.9064803487937306e-14,4.899181240341054e-11,1,1,0.20833333333333334,0.16666666666666666
3,trial,element,32,52,6,0.17677669529663689,0,1,42.358453507993133,42.359928984678113,15,316353209724.90387,1.5628492124695105e-16,5.5293498504330588e-17,2.6893364299451473e-14,1.0270291283649176e-12,1,1,0.083333333333333329,0.20833333333333334
3,trial,element,33,53,6,0.17677669529663689,0,1,51.782160494719257,51.783367460595883,16,168742240098.83524,8.1686740828348913e-17,5.4672699737392343e-17,9.0786165972140708e-14,2.1718011223596667e-11,1,1,0.29166666666666669,0.083333333333333329
3,trial,element,34,54,6,0.17677669529663689,0,1,53.821920535143043,53.823081759991389,19,306501437241.67706,1.0555814961312148e-16,5.341701438330444e-17,1.9059410815937625e-13,1.7765593556961275e-11,1,1,0.33333333333333331,0.29166666666666669
3,trial,element,35,55,6,0.17677669529663689,0,1,52.985204090147455,52.986383650280118,19,528362749719.57623,1.3601235227556871e-16,8.5133489654482313e-18,6.8046062792538751e-13,4.9832011642478137e-11,1,1,0.41666666666666669,0.29166666666666669
3,trial,patch1,0,2,3,0.5,0,0,6.3837591521199615,6.3956385608062334,24,32628335847.768368,2.3498676395619314e-16,4.2728695871372447e-17,1.4926205238267318e-15,0,11,2.2360679774997898,0.58333333333333337,0.75
3,trial,patch1,1,4,3,0.5,0,1,4.5719021314091499,4.5863138860779298,24,14526633468.062677,3.3629487317158357e-16,2.9122283634910439e-17,1.0186759387387591e-15,0,12,2.2360679774997898,0.75,0.41666666666666669
3,trial,patch1,2,5,3,0.5,1,1,6.0346388064531844,6.0639812485036613,24,7551848275.2196455,3.6771920568176429e-16,3.3307433211792867e-17,2.2129856369709868e-15,0,7,1.8027756377319946,0.75,0.083333333333333329
3,trial,patch1,3,6,3,0.5,1,0,5.1291871205400215,5.1568045320039273,24,34921039420.061554,1.7997217095759744e-16,7.4639271664427287e-17,1.0949541631649642e-15,0,7,2.2360679774997898,0.25,0.91666666666666663
3,trial,patch1,4,8,3,0.5,1,0,9.0889031052918963,9.1267673470125885,24,446700088094.422,3.9752663415660971e-16,3.2035342048327772e-17,1.3346238766963571e-15,0,6,2.2360679774997898,0.91666666666666663,0.75
3,trial,patch1,5,10,3,0.5,1,0,10.963538471978296,10.993224263790861,24,322257912553.45966,2.446844352058963e-16,4.2556522329150889e-17,2.1382642294522751e-15,0,6,2.2360679774997898,0.75,0.91666666666666663
3,trial,patch1,6,11,3,0.5,1,1,6.9153660504908228,6.9497998140072665,24,11826195031.138134,1.5022391362130199e-16,6.3973525366112997e-17,2.6551121886239141e-15,0,7,1.8027756377319946,0.083333333333333329,0.75
3,trial,patch1,7,12,3,0.5,1,0,4.9361511548780168,4.9749019060719286,24,42383958685.73008,2.4327070535274234e-16,6.871223203687717e-17,1.3774854401651049e-15,0,7,2.2360679774997898,0.91666666666666663,0.25
3,trial,patch1,8,14,3,0.5,0,1,3.9125346542945323,3.9347575428865951,24,14620898221.715904,4.3711638275680317e-16,4.3570928623809136e-17,1.2025362575826201e-15,0,12,2.2360679774997898,0.41666666666666669,0.75
3,trial,patch1,9,16,3,0.5,0,0,6.0296049656382769,6.0465097839828106,24,31624771072.559521,1.3988366869891561e-16,3.4157260888975462e-17,1.0459963154833413e-15,0,11,2.2360679774997898,0.75,0.58333333333333337
3,trial,patch1,10,18,4,0.35355339059327379,0,1,2.7672021351308271,2.7836993796378984,24,654467722.71107388,2.4562472866113252e-16,6.6009831926355281e-17,1.034283102717861e-15,0,10,2.5495097567963922,0.16666666666666666,0.58333333333333337
3,trial,patch1,11,21,4,0.35355339059327379,0,1,2.6926445370370478,2.710860501636847,24,1737837338.9393115,2.6177382322677623e-16,2.9252323036239326e-17,2.3112369532786371e-15,0,14,3.1622776601683791,0.58333333333333337,0.33333333333333331
3,trial,patch1,12,24,4,0.35355339059327379,0,1,2.4416598511903183,2.4584878550290767,24,201106000.6609661,1.4054211282427636e-16,5.1626875460782735e-17,1.6229692569630277e-15,0,14,3.1622776601683791,0.33333333333333331,0.58333333333333337
3,trial,patch1,13,27,4,0.35355339059327379,0,1,5.7431181974962424,5.7515871052261298,24,1412651181.3773675,1.4460800467211821e-16,3.3369379999874739e-17,5.6891392628190863e-16,0,10,2.5495097567963922,0.58333333333333337,0.16666666666666666
3,trial,patch1,14,32,5,0.25,1,1,6.9021242627445787,6.906886071157361,24,33918333049.985497,1.3304107374599349e-16,5.3305474341802384e-17,1.3751272702750088e-15,0,8,2.2360679774997898,0.041666666666666664,0.125
3,trial,patch1,15,33,5,0.25,1,1,5.1076494455414272,5.1141684629995963,24,8405466486.5764952,1.794460559518787e-16,4.2709415477336309e-17,1.8900184605897084e-15,0,10,4,0.375,0.041666666666666664
3,trial,patch1,16,34,5,0.25,0,1,2.6217393444335375,2.6298931850300544,24,507528417.09319967,1.1925114029721538e-16,6.9504243191908047e-17,1.3191946457917045e-15,0,10,3.1622776601683795,0.125,0.45833333333333331
3,trial,patch1,17,35,5,0.25,0,1,2.584019899516758,2.5919840388153794,24,318411209.94919705,1.2058932628525437e-16,6.6366109987262588e-17,2.3033479618215917e-15,0,11,3.1622776601683795,0.45833333333333331,0.125
3,trial,patch1,18,36,5,0.25,1,1,5.4596497300975839,5.465247137351394,24,12449707278.808804,8.671895195429054e-17,7.6052821171102799e-17,1.0296094610667286e-15,0,9,4,0.041666666666666664,0.375
3,trial,patch1,19,37,5,0.25,1,1,7.8290479514929681,7.834078348813736,24,16492829097.913893,7.3410055454311574e-17,5.4439858909675552e-17,1.6535540541236001e-15,0,8,2.2360679774997898,0.125,0.041666666666666664
3,trial,patch1,20,40,5,0.25,0,1,2.6990185418805703,2.705790147891999,24,206716780.64057848,1.2392875972398787e-16,7.1435414071272868e-17,7.4416311332308226e-16,0,14,2.5495097567963922,0.20833333333333334,0.375
3,trial,patch1,21,41,5,0.25,0,1,2.7277692303399328,2.7362215009981785,24,12033135.521663079,2.166923161208495e-16,8.5420154712044618e-17,5.9697031350772214e-16,0,14,2.5495097567963922,0.29166666666666669,0.375
3,trial,patch1,22,42,5,0.25,0,1,2.515763074831852,2.525384543838213,24,475610839.26920873,1.7700201664576106e-16,4.9372342313492037e-17,1.1681578034619664e-15,0,14,4,0.45833333333333331,0.375
3,trial,patch1,23,43,6,0.17677669529663689,0,1,2.6417075668520127,2.6463994945022051,24,292848353.69761723,1.0821001361551414e-16,6.7201352209724704e-17,1.7987215868193454e-15,0,11,3.1622776601683791,0.41666666666666669,0.20833333333333334
3,trial,patch1,24,44,6,0.17677669529663689,0,1,5.3029136254119793,5.3047724290263343,24,50619612424.91613,7.6888423861483823e-17,5.4870805311829457e-17,1.5969142626948774e-15,0,8,3.1622776601683791,0.083333333333333329,0.29166666666666669
3,trial,patch1,25,45,6,0.17677669529663689,0,1,5.1929922945552924,5.1953913820871485,24,12877773592.193155,8.0733382611163002e-17,4.6108211903553345e-17,8.7822523912983193e-16,0,9,3.1622776601683791,0.20833333333333334,0.083333333333333329
3,trial,patch1,26,46,6,0.17677669529663689,0,0,2.6194498719766641,2.6239627578455034,24,3698265010.5097613,1.5260655017434448e-16,5.2557197770391286e-17,5.2131502282839231e-16,0,13,3.1622776601683791,0.16666666666666666,0.20833333333333334
3,trial,patch1,27,47,6,0.17677669529663689,0,0,2.6533862293302328,2.6577606036814609,24,734716660.79495704,3.2503042440172492e-17,5.8725288874265405e-17,2.362567639272625e-15,0,13,3.1622776601683791,0.29166666666666669,0.16666666666666666
3,trial,patch1,28,48,5,0.25,0,1,2.4161506831225736,2.4253308285064947,24,145374212.65802518,2.2488296147983416e-16,3.7075329644490927e-17,1.2093767941918932e-15,0,14,4,0.375,0.45833333333333331
3,trial,patch1,29,49,6,0.17677669529663689,0,0,2.9634066302777056,2.9680960320484053,24,590957057.78821969,4.8540149914941566e-17,6.4427735565122518e-17,8.5294378962069795e-16,0,13,3.1622776601683791,0.33333333333333331,0.20833333333333334
3,trial,patch1,30,50,6,0.17677669529663689,0,1,3.3078048510339944,3.3112905757338607,24,2113115016.4867268,1.774911342279256e-16,6.4034859830196657e-17,9.6410152657545655e-16,0,12,2.9999999999999996,0.16666666666666666,0.29166666666666669
3,trial,patch1,31,51,6,0.17677669529663689,0,0,2.6364593833026202,2.6414829752537035,24,3996604690.8715053,8.1408502333365496e-17,5.5980370752191724e-17,1.5387521366854228e-15,0,13,3.1622776601683791,0.20833333333333334,0.16666666666666666
3,trial,patch1,32,52,6,0.17677669529663689,0,1,5.1305027931932985,5.1329834051388756,24,25392349870.097694,1.5628492124695105e-16,5.6496708958794503e-17,1.1909613957286405e-15,0,9,3.1622776601683791,0.083333333333333329,0.20833333333333334
3,trial,patch1,33,53,6,0.17677669529663689,0,1,5.5761444528242858,5.5777933824117882,24,8979889124.7509575,8.1686740828348913e-17,5.2779790455924649e-17,5.8514168467314108e-16,0,9,3.1622776601683791,0.29166666666666669,0.083333333333333329
3,trial,patch1,34,54,6,0.17677669529663689,0,1,3.9338591817300124,3.9352171181100641,24,263818503.17650437,1.0555814961312148e-16,4.8432268728176468e-17,4.4217224451597293e-16,0,12,2.9999999999999996,0.33333333333333331,0.29166666666666669
3,trial,patch1,35,55,6,0.17677669529663689,0,1,2.6979252649782737,2.7024862084291219,24,142039858.39840624,1.3601235227556871e-16,5.0195558816843321e-17,5.7233444905159943e-16,0,10,3.1622776601683791,0.41666666666666669,0.29166666666666669
3,test,element,0,2,3,0.5,0,0,100.89840779566607,100.90336315273322,19,510192892660.46704,2.3498676395619314e-16,1.1511538007501476e-16,6.6627029783585661e-14,1.6517153175020127e-11,1,1,0.58333333333333337,0.75
3,test,element,1,4,3,0.5,0,1,89.688200678366854,89.69377537442108,19,377459241005.93225,3.3629487317158357e-16,6.7106087831172384e-17,1.5537930641007533e-14,7.3336378883812275e-13,1,1,0.75,0.41666666666666669
3,test,element,2,5,3,0.5,1,1,62.178690741008914,62.186731561137194,14,128173854637.80394,3.6771920568176429e-16,1.1321033804086521e-16,5.8638973054546531e-14,2.3507650965082518e-12,1,1,0.75,0.083333333333333329
3,test,element,3,6,3,0.5,1,0,51.546175973671119,51.555875101724034,13,103136010767.66992,1.7997217095759744e-16,8.6976778843650702e-18,1.8143095601454992e-13,1.543193514696042e-12,1,1,0.25,0.91666666666666663
3,test,element,4,8,3,0.5,1,0,45.111044814220222,45.122127213403971,12,182812423121.33676,3.9752663415660971e-16,1.5641992000284318e-17,3.4542680178425094e-13,1.5729831446341831e-11,1,1,0.91666666666666663,0.75
3,test,element,5,10,3,0.5,1,0,44.961383335503157,44.972502614657863,12,165052764767.84793,2.446844352058963e-16,3.1408400462452376e-18,2.9884672455081388e-13,8.233575581351888e-12,1,1,0.75,0.91666666666666663
3,test,element,6,11,3,0.5,1,1,65.97846384521381,65.986041636799868,14,163258362233.46893,1.5022391362130199e-16,5.6858254359688057e-17,1.7055276941702637e-13,1.1040017754842597e-10,1,1,0.083333333333333329,0.75
3,test,element,7,12,3,0.5,1,0,51.511033356658906,51.520739100633328,13,75129662335.806442,2.4327070535274234e-16,5.676197993214985e-17,4.6633286478509533e-14,1.7710977703019085e-12,1,1,0.91666666666666663,0.25
3,test,element,8,14,3,0.5,0,1,89.116414985912115,89.12202544849535,19,278173557175.64246,4.3711638275680317e-16,3.0569118326229531e-17,2.4690936623109603e-14,1.2709876141405287e-11,1,1,0.41666666666666669,0.75
3,test,element,9,16,3,0.5,0,0,101.7923940486246,101.79730588941716,18,89098192167.789917,1.3988366869891561e-16,9.7228998342257149e-18,1.4031938982266744e-14,1.8634181800751043e-11,1,1,0.75,0.58333333333333337
3,test,element,10,18,4,0.35355339059327379,0,1,67.350491925353069,67.354203749479055,18,604388782586.7207,2.4562472866113252e-16,8.6930932579892299e-18,4.1022805611762047e-14,3.0703491268578986e-11,1,1,0.16666666666666666,0.58333333333333337
3,test,element,11,21,4,0.35355339059327379,0,1,82.345858535957461,82.348894454852797,21,845277011050.78284,2.6177382322677623e-16,5.6074243783676341e-17,1.1395761540114676e-13,1.2893093236283369e-11,1,1,0.58333333333333337,0.33333333333333331
3,test,element,12,24,4,0.35355339059327379,0,1,84.863932346889825,84.866878169526132,20,914549985608.12439,1.4054211282427636e-16,9.6224228570140174e-17,1.2099510289973721e-13,4.3545319536067938e-10,1,1,0.33333333333333331,0.58333333333333337
3,test,element,13,27,4,0.35355339059327379,0,1,64.520775105369154,64.524649711986783,18,513502099307.58539,1.4460800467211821e-16,1.1980034733548847e-17,5.5401882447937516e-14,6.1721283882690576e-11,1,1,0.58333333333333337,0.16666666666666666
3,test,element,14,32,5,0.25,1,1,40.961097281070742,40.964148843506656,14,537811631774.12805,1.3304107374599349e-16,5.1133805128229891e-18,1.6733001078468958e-13,2.1613257425821488e-12,1,1,0.041666666666666664,0.125
3,test,element,15,33,5,0.25,1,1,41.180181137071521,41.183216466015622,15,12891639106.288519,1.794460559518787e-16,1.0369931086788784e-17,7.9924006004945943e-14,2.7588235467897979e-12,1,1,0.375,0.041666666666666664
3,test,element,16,34,5,0.25,0,1,58.918345600883768,58.920467143764924,18,232655902028.58969,1.1925114029721538e-16,5.6552859854838271e-17,2.4500176540827704e-14,2.7163768802548525e-11,1,1,0.125,0.45833333333333331
3,test,element,17,35,5,0.25,0,1,60.5613994290824,60.563463412696116,19,502283525953.82288,1.2058932628525437e-16,6.2464518493873142e-18,3.1126184404058924e-14,7.303316148588451e-11,1,1,0.45833333333333331,0.125
3,test,element,18,36,5,0.25,1,1,39.952781550456216,39.955910120727303,15,467347177849.85474,8.671895195429054e-17,8.9131710829698133e-17,6.6082534804215489e-14,2.6831657367608247e-11,1,1,0.041666666666666664,0.375
3,test,element,19,37,5,0.25,1,1,40.900780921574672,40.90383698274114,14,605863622717.32922,7.3410055454311574e-17,2.8864269028691841e-17,1.6914079144813788e-13,5.0196394976479512e-11,1,1,0.125,0.041666666666666664
3,test,element,20,40,5,0.25,0,1,73.243855334142779,73.245561940257147,21,846911559524.36694,1.2392875972398787e-16,6.0351323957644281e-17,1.623888949609882e-13,4.9355769673533609e-11,1,1,0.20833333333333334,0.375
3,test,element,21,41,5,0.25,0,1,73.851971175723762,73.853663731344497,21,694956166374.02625,2.166923161208495e-16,1.1446480709705102e-16,4.52433756644744e-14,4.7239213537879841e-13,1,1,0.29166666666666669,0.375
3,test,element,22,42,5,0.25,0,1,69.635768281605806,69.637563313869663,20,133606719034.56137,1.7700201664576106e-16,5.3175439935664988e-17,9.4804381096416031e-13,2.5510314413434161e-11,1,1,0.45833333333333331,0.375
3,test,element,23,43,6,0.17677669529663689,0,1,52.093215621966145,52.094415380609114,18,515816982823.51508,1.0821001361551414e-16,5.3278416004220889e-17,6.1281566794051043e-14,3.974348112002753e-12,1,1,0.41666666666666669,0.20833333333333334
3,test,element,24,44,6,0.17677669529663689,0,1,46.388452870094518,46.38980016878898,15,196351934796.36438,7.6888423861483823e-17,8.7582741925139414e-18,9.8809493430428757e-14,8.9188663912431493e-12,1,1,0.083333333333333329,0.29166666666666669
3,test,element,25,45,6,0.17677669529663689,0,1,45.801356505001763,45.802721071529241,16,573879044653.12097,8.0733382611163002e-17,9.0582209968801836e-18,3.5838281457333075e-14,6.7667506652418086e-11,1,1,0.20833333333333334,0.083333333333333329
3,test,element,26,46,6,0.17677669529663689,0,0,52.713963481585942,52.715149112288152,18,553200494860.03723,1.5260655017434448e-16,5.4619487016467838e-17,1.0612655523058722e-13,2.5916253391566546e-12,1,1,0.16666666666666666,0.20833333333333334
3,test,element,27,47,6,0.17677669529663689,0,0,50.55592441247186,50.55716065227233,18,322241061226.9455,3.2503042440172492e-17,1.2117529636482863e-16,4.1253209442357789e-14,7.8660157280536075e-12,1,1,0.29166666666666669,0.16666666666666666
3,test,element,28,48,5,0.25,0,1,69.015882722232092,69.017693875808689,21,324154849737.29254,2.2488296147983416e-16,6.8033799412694343e-18,9.2281510141998204e-13,1.2483150367711671e-12,1,1,0.375,0.45833333333333331
3,test,element,29,49,6,0.17677669529663689,0,0,54.41798405616224,54.419132557622369,19,923334800722.98438,4.8540149914941566e-17,1.5780388591227832e-17,1.635623496620211e-13,1.3934183227433034e-10,1,1,0.33333333333333331,0.20833333333333334
3,test,element,30,50,6,0.17677669529663689,0,1,50.14333538343616,50.144581794110024,17,264734603980.26624,1.774911342279256e-16,1.0912702427097346e-17,6.7324305964762774e-14,2.7667749837502117e-11,1,1,0.16666666666666666,0.29166666666666669
3,test,element,31,51,6,0.17677669529663689,0,0,52.822673256357326,52.823856448432394,19,653087842107.58887,8.1408502333365496e-17,1.0096108611995373e-17,5.9064803487937306e-14,4.899181240341054e-11,1,1,0.20833333333333334,0.16666666666666666
3,test,element,32,52,6,0.17677669529663689,0,1,42.358453507993133,42.359928984678113,15,316353209724.90387,1.5628492124695105e-16,5.5293498504330588e-17,2.6893364299451473e-14,1.0270291283649176e-12,1,1,0.083333333333333329,0.20833333333333334
3,test,element,33,53,6,0.17677669529663689,0,1,51.782160494719257,51.783367460595883,16,168742240098.83524,8.1686740828348913e-17,5.4672699737392343e-17,9.0786165972140708e-14,2.1718011223596667e-11,1,1,0.29166666666666669,0.083333333333333329
3,test,element,34,54,6,0.17677669529663689,0,1,53.821920535143043,53.823081759991389,19,306501437241.67706,1.0555814961312148e-16,5.341701438330444e-17,1.9059410815937625e-13,1.7765593556961275e-11,1,1,0.33333333333333331,0.29166666666666669
3,test,element,35,55,6,0.17677669529663689,0,1,52.985204090147455,52.986383650280118,19,528362749719.57623,1.3601235227556871e-16,8.5133489654482313e-18,6.8046062792538751e-13,4.9832011642478137e-11,1,1,0.41666666666666669,0.29166666666666669
3,test,patch1,0,2,3,0.5,0,0,6.3837591521199615,6.3956385608062334,24,32628335847.768368,2.3498676395619314e-16,4.2728695871372447e-17,1.4926205238267318e-15,0,11,2.2360679774997898,0.58333333333333337,0.75
3,test,patch1,1,4,3,0.5,0,1,4.5719021314091499,4.5863138860779298,24,14526633468.062677,3.3629487317158357e-16,2.9122283634910439e-17,1.0186759387387591e-15,0,12,2.2360679774997898,0.75,0.41666666666666669
3,test,patch1,2,5,3,0.5,1,1,6.0346388064531844,6.0639812485036613,24,7551848275.2196455,3.6771920568176429e-16,3.3307433211792867e-17,2.2129856369709868e-15,0,7,1.8027756377319946,0.75,0.083333333333333329
3,test,patch1,3,6,3,0.5,1,0,5.1291871205400215,5.1568045320039273,24,34921039420.061554,1.7997217095759744e-16,7.4639271664427287e-17,1.0949541631649642e-15,0,7,2.2360679774997898,0.25,0.91666666666666663
3,test,patch1,4,8,3,0.5,1,0,9.0889031052918963,9.1267673470125885,24,446700088094.422,3.9752663415660971e-16,3.2035342048327772e-17,1.3346238766963571e-15,0,6,2.2360679774997898,0.91666666666666663,0.75
3,test,patch1,5,10,3,0.5,1,0,10.963538471978296,10.993224263790861,24,322257912553.45966,2.446844352058963e-16,4.2556522329150889e-17,2.1382642294522751e-15,0,6,2.2360679774997898,0.75,0.91666666666666663
3,test,patch1,6,11,3,0.5,1,1,6.9153660504908228,6.9497998140072665,24,11826195031.138134,1.5022391362130199e-16,6.3973525366112997e-17,2.6551121886239141e-15,0,7,1.8027756377319946,0.083333333333333329,0.75
3,test,patch1,7,12,3,0.5,1,0,4.9361511548780168,4.9749019060719286,24,42383958685.73008,2.4327070535274234e-16,6.871223203687717e-17,1.3774854401651049e-15,0,7,2.2360679774997898,0.91666666666666663,0.25
3,test,patch1,8,14,3,0.5,0,1,3.9125346542945323,3.9347575428865951,24,14620898221.715904,4.3711638275680317e-16,4.3570928623809136e-17,1.2025362575826201e-15,0,12,2.2360679774997898,0.41666666666666669,0.75
3,test,patch1,9,16,3,0.5,0,0,6.0296049656382769,6.0465097839828106,24,31624771072.559521,1.3988366869891561e-16,3.4157260888975462e-17,1.0459963154833413e-15,0,11,2.2360679774997898,0.75,0.58333333333333337
3,test,patch1,10,18,4,0.35355339059327379,0,1,2.7672021351308271,2.7836993796378984,24,654467722.71107388,2.4562472866113252e-16,6.6009831926355281e-17,1.034283102717861e-15,0,10,2.5495097567963922,0.16666666666666666,0.58333333333333337
3,test,patch1,11,21,4,0.35355339059327379,0,1,2.6926445370370478,2.710860501636847,24,1737837338.9393115,2.6177382322677623e-16,2.9252323036239326e-17,2.3112369532786371e-15,0,14,3.1622776601683791,0.58333333333333337,0.33333333333333331
3,test,patch1,12,24,4,0.35355339059327379,0,1,2.4416598511903183,2.4584878550290767,24,201106000.6609661,1.4054211282427636e-16,5.1626875460782735e-17,1.6229692569630277e-15,0,14,3.1622776601683791,0.33333333333333331,0.58333333333333337
3,test,patch1,13,27,4,0.35355339059327379,0,1,5.7431181974962424,5.7515871052261298,24,1412651181.3773675,1.4460800467211821e-16,3.3369379999874739e-17,5.6891392628190863e-16,0,10,2.5495097567963922,0.58333333333333337,0.16666666666666666
3,test,patch1,14,32,5,0.25,1,1,6.9021242627445787,6.906886071157361,24,33918333049.985497,1.3304107374599349e-16,5.3305474341802384e-17,1.3751272702750088e-15,0,8,2.2360679774997898,0.041666666666666664,0.125
3,test,patch1,15,33,5,0.25,1,1,5.1076494455414272,5.1141684629995963,24,8405466486.5764952,1.794460559518787e-16,4.2709415477336309e-17,1.8900184605897084e-15,0,10,4,0.375,0.041666666666666664
3,test,patch1,16,34,5,0.25,0,1,2.6217393444335375,2.6298931850300544,24,507528417.09319967,1.1925114029721538e-16,6.9504243191908047e-17,1.3191946457917045e-15,0,10,3.1622776601683795,0.125,0.45833333333333331
3,test,patch1,17,35,5,0.25,0,1,2.584019899516758,2.5919840388153794,24,318411209.94919705,1.2058932628525437e-16,6.6366109987262588e-17,2.3033479618215917e-15,0,11,3.1622776601683795,0.45833333333333331,0.125
3,test,patch1,18,36,5,0.25,1,1,5.4596497300975839,5.465247137351394,24,12449707278.808804,8.671895195429054e-17,7.6052821171102799e-17,1.0296094610667286e-15,0,9,4,0.041666666666666664,0.375
3,test,patch1,19,37,5,0.25,1,1,7.8290479514929681,7.834078348813736,24,16492829097.913893,7.3410055454311574e-17,5.4439858909675552e-17,1.6535540541236001e-15,0,8,2.2360679774997898,0.125,0.041666666666666664
3,test,patch1,20,40,5,0.25,0,1,2.6990185418805703,2.705790147891999,24,206716780.64057848,1.2392875972398787e-16,7.1435414071272868e-17,7.4416311332308226e-16,0,14,2.5495097567963922,0.20833333333333334,0.375
3,test,patch1,21,41,5,0.25,0,1,2.7277692303399328,2.7362215009981785,24,12033135.521663079,2.166923161208495e-16,8.5420154712044618e-17,5.9697031350772214e-16,0,14,2.5495097567963922,0.29166666666666669,0.375
3,test,patch1,22,42,5,0.25,0,1,2.515763074831852,2.525384543838213,24,475610839.26920873,1.7700201664576106e-16,4.9372342313492037e-17,1.1681578034619664e-15,0,14,4,0.45833333333333331,0.375
3,test,patch1,23,43,6,0.17677669529663689,0,1,2.6417075668520127,2.6463994945022051,24,292848353.69761723,1.0821001361551414e-16,6.7201352209724704e-17,1.7987215868193454e-15,0,11,3.1622776601683791,0.41666666666666669,0.20833333333333334
3,test,patch1,24,44,6,0.17677669529663689,0,1,5.3029136254119793,5.3047724290263343,24,50619612424.91613,7.6888423861483823e-17,5.4870805311829457e-17,1.5969142626948774e-15,0,8,3.1622776601683791,0.083333333333333329,0.29166666666666669
3,test,patch1,25,45,6,0.17677669529663689,0,1,5.1929922945552924,5.1953913820871485,24,12877773592.193155,8.0733382611163002e-17,4.6108211903553345e-17,8.7822523912983193e-16,0,9,3.1622776601683791,0.20833333333333334,0.083333333333333329
3,test,patch1,26,46,6,0.17677669529663689,0,0,2.6194498719766641,2.6239627578455034,24,3698265010.5097613,1.5260655017434448e-16,5.2557197770391286e-17,5.2131502282839231e-16,0,13,3.1622776601683791,0.16666666666666666,0.20833333333333334
3,test,patch1,27,47,6,0.17677669529663689,0,0,2.6533862293302328,2.6577606036814609,24,734716660.79495704,3.2503042440172492e-17,5.8725288874265405e-17,2.362567639272625e-15,0,13,3.1622776601683791,0.29166666666666669,0.16666666666666666
3,test,patch1,28,48,5,0.25,0,1,2.4161506831225736,2.4253308285064947,24,145374212.65802518,2.2488296147983416e-16,3.7075329644490927e-17,1.2093767941918932e-15,0,14,4,0.375,0.45833333333333331
3,test,patch1,29,49,6,0.17677669529663689,0,0,2.9634066302777056,2.9680960320484053,24,590957057.78821969,4.8540149914941566e-17,6.4427735565122518e-17,8.5294378962069795e-16,0,13,3.1622776601683791,0.33333333333333331,0.20833333333333334
3,test,patch1,30,50,6,0.17677669529663689,0,1,3.3078048510339944,3.3112905757338607,24,2113115016.4867268,1.774911342279256e-16,6.4034859830196657e-17,9.6410152657545655e-16,0,12,2.9999999999999996,0.16666666666666666,0.29166666666666669
3,test,patch1,31,51,6,0.17677669529663689,0,0,2.6364593833026202,2.6414829752537035,24,3996604690.8715053,8.1408502333365496e-17,5.5980370752191724e-17,1.5387521366854228e-15,0,13,3.1622776601683791,0.20833333333333334,0.16666666666666666
3,test,patch1,32,52,6,0.17677669529663689,0,1,5.1305027931932985,5.1329834051388756,24,25392349870.097694,1.5628492124695105e-16,5.6496708958794503e-17,1.1909613957286405e-15,0,9,3.1622776601683791,0.083333333333333329,0.20833333333333334
3,test,patch1,33,53,6,0.17677669529663689,0,1,5.5761444528242858,5.5777933824117882,24,8979889124.7509575,8.1686740828348913e-17,5.2779790455924649e-17,5.8514168467314108e-16,0,9,3.1622776601683791,0.29166666666666669,0.083333333333333329
3,test,patch1,34,54,6,0.17677669529663689,0,1,3.9338591817300124,3.9352171181100641,24,263818503.17650437,1.0555814961312148e-16,4.8432268728176468e-17,4.4217224451597293e-16,0,12,2.9999999999999996,0.33333333333333331,0.29166666666666669
3,test,patch1,35,55,6,0.17677669529663689,0,1,2.6979252649782737,2.7024862084291219,24,142039858.39840624,1.3601235227556871e-16,5.0195558816843321e-17,5.7233444905159943e-16,0,10,3.1622776601683791,0.41666666666666669,0.29166666666666669
4,coarse,element,0,2,3,0.5,0,0,8.4852813742385607,8.5440037453175215,3,4.0000000000000036,0,5.5511151231257747e-17,3.3257358785308457e-16,0,1,1,0.58333333333333337,0.75
4,coarse,element,1,4,3,0.5,0,1,8.4852813742385536,8.5440037453175144,3,4.0000000000000018,0,0,1.6719630770427554e-16,0,1,1,0.75,0.41666666666666669
4,coarse,element,2,5,3,0.5,1,1,8.4852813742385571,8.5440037453175197,3,4.0000000000000036,0,0,1.0256828592499333e-16,3.8933848534800116e-16,1,1,0.75,0.083333333333333329
4,coarse,element,3,6,3,0.5,1,0,8.4852813742385766,8.5440037453175375,3,4.0000000000000071,0,5.5511151231257839e-17,1.1645185369284679e-16,0,1,1,0.25,0.91666666666666663
4,coarse,element,4,8,3,0.5,1,0,8.485281374238566,8.544003745317525,3,3.999999999999996,0,0,4.2414822972606285e-16,3.8933848534800047e-16,1,1,0.91666666666666663,0.75
4,coarse,element,5,10,3,0.5,1,0,8.4852813742385642,8.544003745317525,3,3.999999999999996,0,0,7.3477849641193143e-17,0,1,1,0.75,0.91666666666666663
4,coarse,element,6,11,3,0.5,1,1,8.4852813742385536,8.5440037453175144,3,4.0000000000000036,0,0,1.6364058750774242e-16,0,1,1,0.083333333333333329,0.75
4,coarse,element,7,12,3,0.5,1,0,8.4852813742385766,8.5440037453175393,3,4.0000000000000071,0,5.5511151231257839e-17,3.416824233655174e-16,3.8933848534799934e-16,1,1,0.91666666666666663,0.25
4,coarse,element,8,14,3,0.5,0,1,8.4852813742385553,8.5440037453175162,3,4.0000000000000027,0,0,2.9241031914490786e-16,0,1,1,0.41666666666666669,0.75
4,coarse,element,9,16,3,0.5,0,0,8.4852813742385589,8.5440037453175197,3,4.0000000000000036,0,0,9.9874397952698202e-17,0,1,1,0.75,0.58333333333333337
4,coarse,element,10,18,4,0.35355339059327379,0,1,8.4852813742385713,8.5146931829632031,3,4.0000000000000018,0,0,2.0716489044500591e-16,3.9049223624746865e-16,1,1,0.16666666666666666,0.58333333333333337
4,coarse,element,11,21,4,0.35355339059327379,0,1,8.4852813742385926,8.5146931829632209,3,4.000000000000016,0,0,4.1230104743209414e-16,5.8956670962852829e-16,1,1,0.58333333333333337,0.33333333333333331
4,coarse,element,12,24,4,0.35355339059327379,0,1,8.4852813742385713,8.5146931829632031,3,4.0000000000000027,0,0,3.0184831010832339e-16,3.9049223624746865e-16,1,1,0.33333333333333331,0.58333333333333337
4,coarse,element,13,27,4,0.35355339059327379,0,1,8.4852813742385926,8.5146931829632244,3,4.0000000000000169,0,0,5.1347476922737261e-17,3.9049223624746662e-16,1,1,0.58333333333333337,0.16666666666666666
4,coarse,element,14,32,5,0.25,1,1,8.4852813742385713,8.5,3,4.0000000000000018,0,0,1.6298785747251848e-16,1.966900306602353e-16,1,1,0.041666666666666664,0.125
4,coarse,element,15,33,5,0.25,1,1,8.4852813742385713,8.5,3,4.0000000000000018,0,0,1.6298785747251848e-16,1.966900306602353e-16,1,1,0.375,0.041666666666666664
4,coarse,element,16,34,5,0.25,0,1,8.4852813742385678,8.5,3,4.0000000000000009,0,0,4.0207117509074349e-16,5.9007009198070601e-16,1,1,0.125,0.45833333333333331
4,coarse,element,17,35,5,0.25,0,1,8.4852813742385695,8.5,3,4.0000000000000044,0,0,2.147547494273247e-16,1.9669003066023535e-16,1,1,0.45833333333333331,0.125
4,coarse,element,18,36,5,0.25,1,1,8.4852813742385695,8.5,3,4.0000000000000018,0,0,3.199009368634398e-16,1.9669003066023535e-16,1,1,0.041666666666666664,0.375
4,coarse,element,19,37,5,0.25,1,1,8.4852813742385695,8.5,3,4.0000000000000044,0,0,2.147547494273247e-16,1.9669003066023535e-16,1,1,0.125,0.041666666666666664
4,coarse,element,20,40,5,0.25,0,1,8.4852813742385678,8.4999999999999982,3,4.0000000000000044,0,0,7.803415065662446e-17,1.9669003066023543e-16,1,1,0.20833333333333334,0.375
4,coarse,element,21,41,5,0.25,0,1,8.4852813742385678,8.4999999999999982,3,4.0000000000000036,0,0,2.4964737018056277e-16,1.9669003066023543e-16,1,1,0.29166666666666669,0.375
4,coarse,element,22,42,5,0.25,0,1,8.4852813742385678,8.4999999999999964,3,4.0000000000000027,0,0,3.5392783363422723e-16,1.9669003066023545e-16,1,1,0.45833333333333331,0.375
4,coarse,element,23,43,6,0.17677669529663689,0,1,8.4852813742385713,8.4926438757315168,3,4.0000000000000018,0,0,2.2554325741646926e-16,3.9367700318597384e-16,1,1,0.41666666666666669,0.20833333333333334
4,coarse,element,24,44,6,0.17677669529663689,0,1,8.4852813742385749,8.4926438757315204,3,4.0000000000000044,0,0,1.8727261591657616e-16,3.9367700318597349e-16,1,1,0.083333333333333329,0.29166666666666669
4,coarse,element,25,45,6,0.17677669529663689,0,1,8.4852813742385713,8.4926438757315168,3,4.0000000000000018,0,0,2.2554325741646926e-16,3.9367700318597384e-16,1,1,0.20833333333333334,0.083333333333333329
4,coarse,element,26,48,5,0.25,0,1,8.4852813742385695,8.5,3,4.0000000000000027,0,0,1.0145377869707523e-16,1.9669003066023535e-16,1,1,0.375,0.45833333333333331
4,coarse,element,27,50,6,0.17677669529663689,0,1,8.4852813742385713,8.4926438757315168,3,4.0000000000000018,0,0,2.3163731874066042e-16,3.9367700318597384e-16,1,1,0.16666666666666666,0.29166666666666669
4,coarse,element,28,52,6,0.17677669529663689,0,1,8.4852813742385713,8.492643875731515,3,4.0000000000000018,0,0,1.223276750273794e-16,3.8482600506937828e-19,1,1,0.083333333333333329,0.20833333333333334
4,coarse,element,29,53,6,0.17677669529663689,0,1,8.4852813742385713,8.492643875731515,3,4.0000000000000018,0,0,1.223276750273794e-16,3.8482600506937828e-19,1,1,0.29166666666666669,0.083333333333333329
4,coarse,element,30,54,6,0.17677669529663689,0,1,8.4852813742385713,8.492643875731515,3,4.0000000000000018,0,0,2.0510284820884305e-16,3.8482600506937828e-19,1,1,0.33333333333333331,0.29166666666666669
4,coarse,element,31,55,6,0.17677669529663689,0,1,8.4852813742385731,8.4926438757315168,3,4.0000000000000027,0,0,4.4925399728258276e-16,3.8482600506937814e-19,1,1,0.41666666666666669,0.29166666666666669
4,coarse,element,32,56,7,0.125,0,1,8.4852813742385678,8.4889634231748214,3,4.0000000000000018,0,0,3.1414350022211658e-16,3.9440360007499065e-16,1,1,0.14583333333333334,0.1875
4,coarse,element,33,57,7,0.125,0,1,8.4852813742385678,8.4889634231748214,3,4.0000000000000018,0,0,3.1414350022211658e-16,3.9440360007499065e-16,1,1,0.3125,0.14583333333333334
4,coarse,element,34,58,7,0.125,0,1,8.4852813742385678,8.4889634231748214,3,4.0000000000000018,0,0,3.1414350022211658e-16,3.9440360007499065e-16,1,1,0.3125,0.22916666666666666
4,coarse,element,35,59,7,0.125,0,0,8.4852813742385678,8.4889634231748214,3,4.0000000000000018,0,0,3.1414350022211658e-16,3.9440360007499065e-16,1,1,0.22916666666666666,0.1875
4,coarse,element,36,60,7,0.125,0,1,8.4852813742385678,8.4889634231748197,3,4.0000000000000018,0,0,2.8149251505376881e-16,0,1,1,0.1875,0.22916666666666666
4,coarse,element,37,61,7,0.125,0,0,8.4852813742385678,8.4889634231748197,3,4.0000000000000018,0,0,2.8149251505376881e-16,0,1,1,0.27083333333333331,0.1875
4,coarse,element,38,62,7,0.125,0,1,8.4852813742385678,8.4889634231748197,3,4.0000000000000018,0,0,2.8149251505376881e-16,0,1,1,0.35416666666666669,0.1875
4,coarse,element,39,63,7,0.125,0,1,8.4852813742385678,8.4889634231748197,3,4.0000000000000018,0,0,2.8149251505376881e-16,0,1,1,0.1875,0.14583333333333334
4,coarse,patch1,0,2,3,0.5,0,0,3.678650609823805,3.704596591745517,11,18.93227515709642,0,2.2888628750463093e-17,1.0720934407140197e-15,0,11,2.2360679774997898,0.58333333333333337,0.75
4,coarse,patch1,1,4,3,0.5,0,1,3.6974061359485981,3.7237259210471261,12,17.556825058180504,0,1.1383992532387658e-17,8.8341349400752419e-16,0,12,2.2360679774997898,0.75,0.41666666666666669
4,coarse,patch1,2,5,3,0.5,1,1,4.498920293654403,4.5356323287336728,8,27.283707140630714,0,1.8390543433918192e-17,7.9061022755530694e-16,0,7,1.8027756377319946,0.75,0.083333333333333329
4,coarse,patch1,3,6,3,0.5,1,0,4.3164129776306197,4.3521109734084193,8,8.1373094066368044,0,2.9439233600320743e-17,5.0788229497010361e-16,0,7,2.2360679774997898,0.25,0.91666666666666663
4,coarse,patch1,4,8,3,0.5,1,0,4.2811750887122866,4.3161062710517584,7,8.3736389961776361,0,1.4176269004663446e-17,7.3478909846332471e-16,0,6,2.2360679774997898,0.91666666666666663,0.75
4,coarse,patch1,5,10,3,0.5,1,0,4.2811750887122875,4.3161062710517566,7,8.373638996177629,0,2.8352538009326873e-17,1.2322461011180147e-15,0,6,2.2360679774997898,0.75,0.91666666666666663
4,coarse,patch1,6,11,3,0.5,1,1,4.498920293654403,4.5356323287336773,8,27.283707140630689,0,3.6781086867836402e-17,9.5530701035475537e-16,0,7,1.8027756377319946,0.083333333333333329,0.75
4,coarse,patch1,7,12,3,0.5,1,0,4.3164129776306179,4.3521109734084176,8,8.1373094066368186,0,1.4719616800160378e-17,4.3759542850658394e-16,0,7,2.2360679774997898,0.91666666666666663,0.25
4,coarse,patch1,8,14,3,0.5,0,1,3.6974061359485986,3.7237259210471274,12,17.556825058180578,0,2.2767985064775317e-17,6.6068190029825645e-16,0,12,2.2360679774997898,0.41666666666666669,0.75
4,coarse,patch1,9,16,3,0.5,0,0,3.6786506098238076,3.7045965917455184,11,18.93227515709648,0,1.1444314375231548e-17,8.6073947840621023e-16,0,11,2.2360679774997898,0.75,0.58333333333333337
4,coarse,patch1,10,18,4,0.35355339059327379,0,1,3.4471977505471236,3.4599868044966118,10,25.272946752114514,0,3.4855102794169376e-17,2.7358291570471244e-16,0,10,2.5495097567963922,0.16666666666666666,0.58333333333333337
4,coarse,patch1,11,21,4,0.35355339059327379,0,1,3.3690261193208855,3.3843859780090111,13,32.916920613063454,0,1.2113526306256168e-17,3.4309095495050524e-16,0,14,3.1622776601683791,0.58333333333333337,0.33333333333333331
4,coarse,patch1,12,24,4,0.35355339059327379,0,1,3.212563237493506,3.2266277257094673,13,20.322887707979675,0,2.401749603809616e-17,4.9779201491244224e-16,0,14,3.1622776601683791,0.33333333333333331,0.58333333333333337
4,coarse,patch1,13,27,4,0.35355339059327379,0,1,3.6098345648851584,3.6235539958947967,10,27.219100720888534,0,1.775252581234319e-17,6.5119793842567373e-16,0,10,2.5495097567963922,0.58333333333333337,0.16666666666666666
4,coarse,patch1,14,32,5,0.25,1,1,4.586333171554914,4.5952215534246275,9,11.862067274978271,0,1.8170289459384283e-17,5.5675010262231999e-16,0,8,2.2360679774997898,0.041666666666666664,0.125
4,coarse,patch1,15,33,5,0.25,1,1,3.9389477330653722,3.9462406041751104,11,27.751547604345717,0,8.244634499915488e-18,4.2757019226361692e-16,0,10,4,0.375,0.041666666666666664
4,coarse,patch1,16,34,5,0.25,0,1,3.3227899705761672,3.3296470969396066,10,15.870996297809645,0,0,3.0206935499040579e-16,0,10,3.1622776601683795,0.125,0.45833333333333331
4,coarse,patch1,17,35,5,0.25,0,1,3.5310497857679324,3.5386265928863221,11,31.627720996274654,0,2.8049293590010699e-17,2.0383536410743546e-16,0,11,3.0413812651491097,0.45833333333333331,0.125
4,coarse,patch1,18,36,5,0.25,1,1,3.7615285207580569,3.7686173446936899,10,17.799689207338176,0,0,2.8624511176177954e-16,0,9,4,0.041666666666666664,0.375
4,coarse,patch1,19,37,5,0.25,1,1,4.5863331715549149,4.5952215534246275,9,11.862067274978282,0,1.8170289459384283e-17,3.8950632662602052e-16,0,8,2.2360679774997898,0.125,0.041666666666666664
4,coarse,patch1,20,40,5,0.25,0,1,3.5266842437266943,3.5331139319616449,13,33.626149500796629,0,0,4.0566736094059941e-16,0,14,2.5,0.20833333333333334,0.375
4,coarse,patch1,21,41,5,0.25,0,1,3.5266842437266921,3.5331139319616436,13,33.626149500796579,0,0,2.2784428395317136e-16,0,14,2.5,0.29166666666666669,0.375
4,coarse,patch1,22,42,5,0.25,0,1,3.1502356144806059,3.1575472827054534,13,24.680976990060788,0,1.4387138071719637e-17,4.1432539092409662e-16,0,14,4,0.45833333333333331,0.375
4,coarse,patch1,23,43,6,0.17677669529663689,0,1,3.1931119958261025,3.1966315304884092,11,17.450740961548519,0,3.9256571308820129e-17,1.1254650343950173e-15,0,12,3.1622776601683791,0.41666666666666669,0.20833333333333334
4,coarse,patch1,24,44,6,0.17677669529663689,0,1,3.3148520983857193,3.3180250924437678,9,12.446518159029683,0,0,5.7362722375640044e-16,0,9,3.1622776601683791,0.083333333333333329,0.29166666666666669
4,coarse,patch1,25,45,6,0.17677669529663689,0,1,3.372253976282265,3.3754891556834195,11,14.39689353264396,0,1.7239774320199181e-17,4.0509538048719296e-16,0,11,3.1622776601683791,0.20833333333333334,0.083333333333333329
4,coarse,patch1,26,48,5,0.25,0,1,3.1160149305852793,3.1233649802781818,13,30.075850352993506,0,0,4.4002476836562957e-16,0,14,4,0.375,0.45833333333333331
4,coarse,patch1,27,50,6,0.17677669529663689,0,1,3.2557686696000716,3.2591415500275525,12,18.246750645629621,0,0,7.7149940108001381e-16,0,13,2.5495097567963922,0.16666666666666666,0.29166666666666669
4,coarse,patch1,28,52,6,0.17677669529663689,0,1,3.3652872467504915,3.3685187154502243,10,9.3227766146003628,0,1.7002284942951496e-17,5.8144539960332746e-16,0,10,3.1622776601683791,0.083333333333333329,0.20833333333333334
4,coarse,patch1,29,53,6,0.17677669529663689,0,1,3.3722539762822659,3.3754891556834203,11,14.396893532643961,0,2.4380722655877088e-17,3.0489145652883121e-16,0,11,3.1622776601683791,0.29166666666666669,0.083333333333333329
4,coarse,patch1,30,54,6,0.17677669529663689,0,1,3.2557686696000712,3.2591415500275507,12,18.246750645629621,0,0,6.8957962396689151e-16,0,13,2.5495097567963922,0.33333333333333331,0.29166666666666669
4,coarse,patch1,31,55,6,0.17677669529663689,0,1,3.1421514988153052,3.145633209133996,10,21.156915716526434,0,3.8205394493156202e-17,7.7674066008853332e-16,0,11,3.1622776601683791,0.41666666666666669,0.29166666666666669
4,coarse,patch1,32,56,7,0.125,0,1,3.1083978413075601,3.1101350993961359,9,7.7238421980013667,0,1.8978248382756834e-17,1.2735998169531548e-15,0,10,3.1622776601683795,0.14583333333333334,0.1875
4,coarse,patch1,33,57,7,0.125,0,1,3.1393407337945396,3.1411033413098695,10,12.251594806709127,0,1.9213622177863614e-17,2.9787859253809072e-16,0,11,3.1622776601683795,0.3125,0.14583333333333334
4,coarse,patch1,34,58,7,0.125,0,1,3.1247761265433227,3.1265659247281317,11,13.198924048838979,0,0,3.9139950501502903e-16,0,12,3.1622776601683795,0.3125,0.22916666666666666
4,coarse,patch1,35,59,7,0.125,0,0,3.1241291219086924,3.1258519650296659,12,10.360564887310172,0,0,9.354910968940108e-16,0,13,4,0.22916666666666666,0.1875
4,coarse,patch1,36,60,7,0.125,0,1,3.1247761265433232,3.1265659247281317,11,13.19892404883897,0,0,3.6303279928427014e-16,0,12,3.1622776601683795,0.1875,0.22916666666666666
4,coarse,patch1,37,61,7,0.125,0,0,3.124129121908692,3.1258519650296672,12,10.360564887310181,0,0,3.0929260291804418e-16,0,13,4,0.27083333333333331,0.1875
4,coarse,patch1,38,62,7,0.125,0,1,3.1083978413075606,3.1101350993961367,9,7.7238421980013694,0,1.8978248382756831e-17,1.2322317175634165e-15,0,10,3.1622776601683795,0.35416666666666669,0.1875
4,coarse,patch1,39,63,7,0.125,0,1,3.1393407337945392,3.1411033413098681,10,12.251594806709127,0,1.9213622177863614e-17,4.9421782255431492e-16,0,11,3.1622776601683795,0.1875,0.14583333333333334
4,trial,element,0,2,3,0.5,0,0,101.47096708663349,101.4758944866056,19,550310102318.90466,2.8892653134933117e-16,1.1921121253913588e-16,5.0877470923892443e-14,3.4965886280005057e-11,1,1,0.58333333333333337,0.75
4,trial,element,1,4,3,0.5,0,1,89.467853847649778,89.473442272331113,19,157749402816.31625,1.9291409431267995e-16,3.4896740180466562e-17,7.7722520137392524e-15,5.5278622190670369e-12,1,1,0.75,0.41666666666666669
4,trial,element,2,5,3,0.5,1,1,67.4050332425942,67.412450693367148,15,353207164038.55109,1.3074424301081648e-16,5.9235389935806549e-17,1.8631666664018656e-13,4.5119492913868822e-10,1,1,0.75,0.083333333333333329
4,trial,element,3,6,3,0.5,1,0,51.514499192308719,51.524204283339806,13,107462076694.45535,2.226481253991596e-16,5.7203423386352524e-17,1.4797536315336029e-13,1.1464851025494875e-12,1,1,0.25,0.91666666666666663
4,trial,element,4,8,3,0.5,1,0,45.139984228632137,45.151059525223133,12,186995620726.51651,2.0429904330457165e-16,7.7558284660408998e-17,4.7621960205457602e-13,4.3698497506367866e-11,1,1,0.91666666666666663,0.75
4,trial,element,5,10,3,0.5,1,0,44.963038383648673,44.974157254167942,12,165147153285.53235,1.2898344872177263e-16,1.4704541876168589e-17,3.0951629228822338e-13,1.6395681769832763e-11,1,1,0.75,0.91666666666666663
4,trial,element,6,11,3,0.5,1,1,68.020857416883572,68.028207705590958,15,761787720540.69226,2.1233297550795451e-16,5.7810607800717214e-17,1.1981038313320254e-13,2.0091343207009162e-11,1,1,0.083333333333333329,0.75
4,trial,element,7,12,3,0.5,1,0,51.650309305612289,51.659988882706095,13,73951954672.837646,1.3115698497381243e-16,1.4776525816664311e-17,9.0071767079776347e-14,1.5369795834522298e-12,1,1,0.91666666666666663,0.25
4,trial,element,8,14,3,0.5,0,1,88.899649207860236,88.905273349313987,19,209453297445.12289,1.4678943799819267e-16,8.3544045746080531e-17,1.3742711047825623e-14,4.5083813690417819e-12,1,1,0.41666666666666669,0.75
4,trial,element,9,16,3,0.5,0,0,101.67879053744271,101.68370786437528,18,55569184493.714394,1.611367167251017e-16,1.1509344927949784e-16,1.5532077136159197e-14,1.059367233216061e-11,1,1,0.75,0.58333333333333337
4,trial,element,10,18,4,0.35355339059327379,0,1,74.904917587267477,74.908255026867636,19,816101068443.70154,1.2250764010474211e-16,5.6212040865052624e-17,5.5556808572339254e-14,1.351765938870729e-09,1,1,0.16666666666666666,0.58333333333333337
4,trial,element,11,21,4,0.35355339059327379,0,1,82.68849946643752,82.691522806047502,21,653119638911.85071,1.7456039075644151e-16,5.7711763475364518e-17,6.6950593830159385e-14,4.0894680405262306e-12,1,1,0.58333333333333337,0.33333333333333331
4,trial,element,12,24,4,0.35355339059327379,0,1,88.612559276057766,88.615380426027912,21,504005704008.42291,1.1417934639263471e-16,5.5806370705137669e-17,5.9638051172801107e-14,1.7068301547538769e-09,1,1,0.33333333333333331,0.58333333333333337
4,trial,element,13,27,4,0.35355339059327379,0,1,69.022661664415352,69.026283567675321,19,477388189775.9762,2.90518975372875e-16,7.9938504897410558e-17,3.4148936206951203e-14,1.5789030572593187e-11,1,1,0.58333333333333337,0.16666666666666666
4,trial,element,14,32,5,0.25,1,1,40.642971023542302,40.646046469912676,14,148041669442.85886,1.029454770465495e-16,6.0803396361051427e-17,3.3595199985969701e-14,8.353957365310734e-12,1,1,0.041666666666666664,0.125
4,trial,element,15,33,5,0.25,1,1,41.12454513449206,41.127584569499668,15,4940733012.7676105,1.4512731722282311e-16,2.8872751593859648e-17,1.1212907347450736e-13,1.4618507658808773e-12,1,1,0.375,0.041666666666666664
4,trial,element,16,34,5,0.25,0,1,59.570813343789652,59.572911650037177,19,665674377092.19568,9.66675698562474e-17,5.6959378117521038e-17,6.1684116534775067e-14,6.3422393363137138e-12,1,1,0.125,0.45833333333333331
4,trial,element,17,35,5,0.25,0,1,60.097940509262912,60.100020417139135,19,702488209098.45752,2.1254992099200093e-16,5.8619992218327629e-17,1.1548424175837818e-14,1.8982123865974959e-10,1,1,0.45833333333333331,0.125
4,trial,element,18,36,5,0.25,1,1,40.350150323087448,40.353248087528861,15,124659949872.47725,3.466681865085291e-16,1.1499849532126177e-16,6.999095762605401e-14,7.2401689337336871e-11,1,1,0.041666666666666664,0.375
4,trial,element,19,37,5,0.25,1,1,40.78775560676609,40.790820137770361,14,446010982529.00305,1.176991836051761e-16,8.7883461278466089e-18,1.5334477174184385e-13,4.4866743763602913e-11,1,1,0.125,0.041666666666666664
4,trial,element,20,40,5,0.25,0,1,69.426061388821907,69.427861842040841,21,215903848303.59238,1.6143307734896383e-16,5.9074828321660593e-17,1.0068391767145542e-14,1.4434243501789103e-12,1,1,0.20833333333333334,0.375
4,trial,element,21,41,5,0.25,0,1,75.476471426862062,75.478127554129387,22,688746420499.78186,2.5643510402736579e-16,5.8702004979820846e-17,2.2851579130564351e-14,4.8272149503624368e-12,1,1,0.29166666666666669,0.375
4,trial,element,22,42,5,0.25,0,1,69.650666202193364,69.652460847569003,20,121830538864.38174,2.3686061432262778e-16,5.3236667306130751e-17,9.6444946003355228e-13,5.9204469857584115e-11,1,1,0.45833333333333331,0.375
4,trial,element,23,43,6,0.17677669529663689,0,1,54.136440323464278,54.137594804427295,20,946355201933.24207,2.1219452697830797e-16,7.6069956976294786e-17,2.0279048987003673e-13,1.0657011400935364e-10,1,1,0.41666666666666669,0.20833333333333334
4,trial,element,24,44,6,0.17677669529663689,0,1,48.695398184215172,48.696681655931918,17,216169139698.64618,1.5227828477807762e-16,9.4952481507203418e-17,5.0021121178095666e-14,8.4718350862572912e-12,1,1,0.083333333333333329,0.29166666666666669
4,trial,element,25,45,6,0.17677669529663689,0,1,53.004777091059601,53.005956216092628,18,282976575341.31195,1.2138703802360192e-16,5.7396587183861112e-17,7.077273922574641e-14,3.2241932603435993e-11,1,1,0.20833333333333334,0.083333333333333329
4,trial,element,26,48,5,0.25,0,1,69.004505171984519,69.006316625162512,21,225577997906.46878,1.800597045133778e-16,7.5988975218465503e-17,7.8351516525781583e-13,2.9766030817259396e-11,1,1,0.375,0.45833333333333331
4,trial,element,27,50,6,0.17677669529663689,0,1,55.199276994580018,55.200409242574672,19,685552215126.5238,1.713491452732e-16,1.1845420989901429e-17,5.9343813807124024e-14,5.7972622193748669e-11,1,1,0.16666666666666666,0.29166666666666669
4,trial,element,28,52,6,0.17677669529663689,0,1,51.743200579897767,51.744408453928131,18,525958623603.16931,1.0744370606330031e-16,5.5932811685102435e-17,2.1769599949540494e-14,1.7120003915573671e-12,1,1,0.083333333333333329,0.20833333333333334
4,trial,element,29,53,6,0.17677669529663689,0,1,53.537360970834996,53.53852836811253,18,292970788906.85181,1.4236918290810719e-16,5.7683486345181118e-17,1.3899476685639922e-14,3.5481847202995392e-11,1,1,0.29166666666666669,0.083333333333333329
4,trial,element,30,54,6,0.17677669529663689,0,1,56.066838705335485,56.06795343394846,21,903220935405.76318,8.5207604408895031e-17,1.1784039303497451e-17,1.9238587793947811e-13,4.4118638121646513e-11,1,1,0.33333333333333331,0.29166666666666669
4,trial,element,31,55,6,0.17677669529663689,0,1,52.802141085673306,52.803324738078672,19,278850626577.79871,1.8175874489696254e-16,8.221589693874871e-18,6.4309382042461596e-14,5.8691170139498398e-11,1,1,0.41666666666666669,0.29166666666666669
4,trial,element,32,56,7,0.125,0,1,39.058865566647071,39.05966563223631,16,541676943135.29407,6.929146315929507e-17,5.195605993632232e-17,1.6576963815770361e-13,3.3628754201636146e-11,1,1,0.14583333333333334,0.1875
4,trial,element,33,57,7,0.125,0,1,39.380037954416146,39.380831497261234,16,458295105157.33301,1.5363402654676297e-16,8.3743505316730159e-18,6.3978882886593497e-14,8.023094434177064e-11,1,1,0.3125,0.14583333333333334
4,trial,element,34,58,7,0.125,0,1,39.988433020173666,39.989214488520119,17,23188348855.007938,1.9875001207180987e-16,6.1542615702230481e-18,3.9357940878745964e-14,3.0143265331388852e-14,1,1,0.3125,0.22916666666666666
4,trial,element,35,59,7,0.125,0,0,39.756331942623923,39.757117973165506,17,60543059003.833359,1.6576271983570797e-16,9.7242346079817555e-18,2.2421642679940512e-14,6.358177713888908e-14,1,1,0.22916666666666666,0.1875
4,trial,element,36,60,7,0.125,0,1,39.997875084415014,39.998656368276777,17,499732494202.33228,1.9714279487585819e-16,8.4506033245485287e-18,1.9246523470539697e-13,6.1196051582384449e-13,1,1,0.1875,0.22916666666666666
4,trial,element,37,61,7,0.125,0,0,40.443636926925706,40.444409599531582,18,816903793800.88477,1.2436339033626675e-16,7.5170533521761598e-17,7.6472573004334288e-13,1.3636719182466495e-11,1,1,0.27083333333333331,0.1875
4,trial,element,38,62,7,0.125,0,1,38.075700715819295,38.076521435329262,16,422768868601.31689,7.056952693869203e-17,5.3467598039217944e-18,2.4681338172621302e-14,2.659315131814897e-10,1,1,0.35416666666666669,0.1875
4,trial,element,39,63,7,0.125,0,1,39.612464291027067,39.613253176644712,16,451939090863.96289,9.928259169353274e-17,5.2360291906622493e-17,5.74665149550297e-14,1.851753696027956e-11,1,1,0.1875,0.14583333333333334
4,trial,patch1,0,2,3,0.5,0,0,5.5726800144350594,5.583811754547388,26,14743510467.857765,2.8892653134933117e-16,6.1717693629350076e-17,1.1722999843539311e-15,0,11,2.2360679774997898,0.58333333333333337,0.75
4,trial,patch1,1,4,3,0.5,0,1,5.4496464845803088,5.4624025677608197,26,10267740096.041578,1.9291409431267995e-16,6.2282666048614706e-17,2.3253435173715886e-15,0,12,2.2360679774997898,0.75,0.41666666666666669
4,trial,patch1,2,5,3,0.5,1,1,6.074043088777934,6.0984794971990004,26,12208771368.462732,1.3074424301081648e-16,4.3187568729970815e-17,2.8344420195222741e-15,0,7,1.8027756377319946,0.75,0.083333333333333329
4,trial,patch1,3,6,3,0.5,1,0,5.7244281528229477,5.7559564177136293,26,28597436810.018696,2.226481253991596e-16,4.1796723255909403e-17,1.5432204536215419e-15,0,7,2.2360679774997898,0.25,0.91666666666666663
4,trial,patch1,4,8,3,0.5,1,0,10.590116312448849,10.618570651626635,26,313554861373.12323,2.0429904330457165e-16,5.3204940070701016e-17,1.3065437560530595e-15,0,6,2.2360679774997898,0.91666666666666663,0.75
4,trial,patch1,5,10,3,0.5,1,0,12.716176335298,12.739310941378809,26,336522444636.97003,1.2898344872177263e-16,6.479544153660004e-17,1.1550462149652156e-15,0,6,2.2360679774997898,0.75,0.91666666666666663
4,trial,patch1,6,11,3,0.5,1,1,7.5664588495860192,7.6013697174758512,26,10049187053.867584,2.1233297550795451e-16,4.5433113307348397e-17,1.0222267132817338e-15,0,7,1.8027756377319946,0.083333333333333329,0.75
4,trial,patch1,7,12,3,0.5,1,0,4.6116276889538685,4.646250635945619,26,54768553912.691849,1.3115698497381243e-16,4.4679940301979404e-17,9.5968495694896305e-16,0,7,2.2360679774997898,0.91666666666666663,0.25
4,trial,patch1,8,14,3,0.5,0,1,6.2563384303811977,6.2709675458996523,26,8410268727.0318174,1.4678943799819267e-16,3.8374669276501088e-17,1.2469901307213957e-15,0,12,2.2360679774997898,0.41666666666666669,0.75
4,trial,patch1,9,16,3,0.5,0,0,5.660467697861745,5.6724044350987928,26,14945236960.162695,1.611367167251017e-16,4.2235775431497171e-17,1.3816002465370874e-15,0,11,2.2360679774997898,0.75,0.58333333333333337
4,trial,patch1,10,18,4,0.35355339059327379,0,1,3.0348397831389842,3.0466547625039557,26,851066223.85679758,1.2250764010474211e-16,4.7371297307298088e-17,2.4881837905427271e-15,0,10,2.5495097567963922,0.16666666666666666,0.58333333333333337
4,trial,patch1,11,21,4,0.35355339059327379,0,1,2.9772432368968484,2.9920551135577624,26,3491072603.0067425,1.7456039075644151e-16,5.1266212262746715e-17,1.6623019963799187e-15,0,14,3.1622776601683791,0.58333333333333337,0.33333333333333331
4,trial,patch1,12,24,4,0.35355339059327379,0,1,3.0806472482929332,3.0926326528645958,26,1426806075.5363152,1.1417934639263471e-16,5.5861007091084447e-17,1.3199538201396414e-15,0,14,3.1622776601683791,0.33333333333333331,0.58333333333333337
4,trial,patch1,13,27,4,0.35355339059327379,0,1,6.0892588533509802,6.0951800900199151,26,2504908536.3519578,2.90518975372875e-16,4.1338396751962704e-17,2.7071552694591957e-15,0,10,2.5495097567963922,0.58333333333333337,0.16666666666666666
4,trial,patch1,14,32,5,0.25,1,1,8.6457499951642252,8.6506548540719201,26,51990587655.011429,1.029454770465495e-16,5.4934730734895848e-17,2.0524819650285941e-15,0,8,2.2360679774997898,0.041666666666666664,0.125
4,trial,patch1,15,33,5,0.25,1,1,5.4074888868384576,5.4141340006612362,26,14893584265.495794,1.4512731722282311e-16,3.5884975655102514e-17,1.5859602600287656e-15,0,10,4,0.375,0.041666666666666664
4,trial,patch1,16,34,5,0.25,0,1,2.8228163941905877,2.8280987280304068,26,880908308.90992641,9.66675698562474e-17,5.6636160349519981e-17,1.0750281452882048e-15,0,10,3.1622776601683795,0.125,0.45833333333333331
4,trial,patch1,17,35,5,0.25,0,1,2.9871023423867546,2.9943015637344432,26,1040097425.8846953,2.1254992099200093e-16,3.7892019053865798e-17,7.7577292853122377e-16,0,11,3.0413812651491097,0.45833333333333331,0.125
4,trial,patch1,18,36,5,0.25,1,1,5.8519716302632743,5.8582954655991939,26,20359733180.431362,3.466681865085291e-16,7.4526163215194868e-17,8.4923320552981901e-16,0,9,4,0.041666666666666664,0.375
4,trial,patch1,19,37,5,0.25,1,1,8.5162816712250873,8.5220272172745624,26,27569556225.835896,1.176991836051761e-16,4.5895582902382951e-17,8.3511687830850159e-16,0,8,2.2360679774997898,0.125,0.041666666666666664
4,trial,patch1,20,40,5,0.25,0,1,2.9588299623590841,2.9628234950560159,26,283636012.61140931,1.6143307734896383e-16,3.15838972159583e-17,7.1841594278252362e-16,0,14,2.5,0.20833333333333334,0.375
4,trial,patch1,21,41,5,0.25,0,1,2.8404921730657153,2.848849840385737,26,25575326.999691352,2.5643510402736579e-16,2.4176606584649818e-17,1.647084679075517e-15,0,14,2.5,0.29166666666666669,0.375
4,trial,patch1,22,42,5,0.25,0,1,3.7175647488985093,3.721970829146743,26,1572831852.912178,2.3686061432262778e-16,3.5329510090731824e-17,1.9244126784942069e-15,0,14,4,0.45833333333333331,0.375
4,trial,patch1,23,43,6,0.17677669529663689,0,1,2.6552142847918474,2.6584037055668852,26,900075713.75135565,2.1219452697830797e-16,3.1792152795700198e-17,9.3843264477751861e-16,0,12,3.1622776601683791,0.41666666666666669,0.20833333333333334
4,trial,patch1,24,44,6,0.17677669529663689,0,1,4.8005802520192473,4.8024309324694228,26,56075001487.003746,1.5227828477807762e-16,4.4226301861076401e-17,1.1859688592058916e-15,0,9,3.1622776601683791,0.083333333333333329,0.29166666666666669
4,trial,patch1,25,45,6,0.17677669529663689,0,1,5.3654534333110195,5.3674837411317924,26,10350050925.120131,1.2138703802360192e-16,4.8960681512869696e-17,2.1994973789470253e-15,0,11,3.1622776601683791,0.20833333333333334,0.083333333333333329
4,trial,patch1,26,48,5,0.25,0,1,2.6929102671107659,2.698652001972301,26,804185688.53825426,1.800597045133778e-16,2.9919476838839426e-17,1.4646587849532843e-15,0,14,4,0.375,0.45833333333333331
4,trial,patch1,27,50,6,0.17677669529663689,0,1,3.4299363258285909,3.4333263595025114,26,3006910339.6932483,1.713491452732e-16,3.2201717175245893e-17,1.5714742740962631e-15,0,13,2.5495097567963922,0.16666666666666666,0.29166666666666669
4,trial,patch1,28,52,6,0.17677669529663689,0,1,6.287633669578204,6.289079474945944,26,16357819922.374859,1.0744370606330031e-16,4.2356641352906258e-17,1.5883983884955216e-15,0,10,3.1622776601683791,0.083333333333333329,0.20833333333333334
4,trial,patch1,29,53,6,0.17677669529663689,0,1,5.0004821817842302,5.0027523496560207,26,9869635378.0177059,1.4236918290810719e-16,4.6517545343945518e-17,1.2086450744588173e-15,0,11,3.1622776601683791,0.29166666666666669,0.083333333333333329
4,trial,patch1,30,54,6,0.17677669529663689,0,1,3.9609461655529241,3.9622975682692294,26,292550763.16419846,8.5207604408895031e-17,3.7628364841646773e-17,1.55868897778709e-15,0,13,2.5495097567963922,0.33333333333333331,0.29166666666666669
4,trial,patch1,31,55,6,0.17677669529663689,0,1,2.8307946310803525,2.8350518833825573,26,553429901.55676186,1.8175874489696254e-16,3.1942756867156218e-17,1.5782637386053101e-15,0,11,3.1622776601683791,0.41666666666666669,0.29166666666666669
4,trial,patch1,32,56,7,0.125,0,1,4.7222424480148666,4.7232002137054208,25,14204532233.459631,6.929146315929507e-17,6.0566190692423879e-17,1.1548715985583376e-15,0,10,3.1622776601683795,0.14583333333333334,0.1875
4,trial,patch1,33,57,7,0.125,0,1,2.8555070652957228,2.8575616628579095,26,10480443545.323761,1.5363402654676297e-16,4.3493126343601123e-17,7.50293026561318e-16,0,11,3.1622776601683795,0.3125,0.14583333333333334
4,trial,patch1,34,58,7,0.125,0,1,3.6091930088709474,3.6105865123579322,26,6156861210.9087543,1.9875001207180987e-16,3.6435578238633566e-17,7.5902969462325994e-16,0,12,3.1622776601683795,0.3125,0.22916666666666666
4,trial,patch1,35,59,7,0.125,0,0,3.7278687332758298,3.729371630242996,26,6430194339.9734011,1.6576271983570797e-16,2.88903618021162e-17,1.3210330430450596e-15,0,13,4,0.22916666666666666,0.1875
4,trial,patch1,36,60,7,0.125,0,1,3.5682729713849204,3.5698295650102772,26,7319178746.594491,1.9714279487585819e-16,2.5122250397736101e-17,2.5387365293373972e-15,0,12,3.1622776601683795,0.1875,0.22916666666666666
4,trial,patch1,37,61,7,0.125,0,0,2.9663671835480918,2.9683816693131062,26,6477797894.0158997,1.2436339033626675e-16,5.072090466060463e-17,1.2304292529868835e-15,0,13,4,0.27083333333333331,0.1875
4,trial,patch1,38,62,7,0.125,0,1,3.5651132069080789,3.5672884747924543,26,10593895898.800409,7.056952693869203e-17,4.7894006358765584e-17,5.8235590243022881e-16,0,10,3.1622776601683795,0.35416666666666669,0.1875
4,trial,patch1,39,63,7,0.125,0,1,2.9554147491436749,2.9573764106391609,25,4834576467.7011967,9.928259169353274e-17,6.5307618262155836e-17,7.5721371203852983e-16,0,11,3.1622776601683795,0.1875,0.14583333333333334
4,test,element,0,2,3,0.5,0,0,101.47096708663349,101.4758944866056,19,550310102318.90466,2.8892653134933117e-16,1.1921121253913588e-16,5.0877470923892443e-14,3.4965886280005057e-11,1,1,0.58333333333333337,0.75
4,test,element,1,4,3,0.5,0,1,89.467853847649778,89.473442272331113,19,157749402816.31625,1.9291409431267995e-16,3.4896740180466562e-17,7.7722520137392524e-15,5.5278622190670369e-12,1,1,0.75,0.41666666666666669
4,test,element,2,5,3,0.5,1,1,67.4050332425942,67.412450693367148,15,353207164038.55109,1.3074424301081648e-16,5.9235389935806549e-17,1.8631666664018656e-13,4.5119492913868822e-10,1,1,0.75,0.083333333333333329
4,test,element,3,6,3,0.5,1,0,51.514499192308719,51.524204283339806,13,107462076694.45535,2.226481253991596e-16,5.7203423386352524e-17,1.4797536315336029e-13,1.1464851025494875e-12,1,1,0.25,0.91666666666666663
4,test,element,4,8,3,0.5,1,0,45.139984228632137,45.151059525223133,12,186995620726.51651,2.0429904330457165e-16,7.7558284660408998e-17,4.7621960205457602e-13,4.3698497506367866e-11,1,1,0.91666666666666663,0.75
4,test,element,5,10,3,0.5,1,0,44.963038383648673,44.974157254167942,12,165147153285.53235,1.2898344872177263e-16,1.4704541876168589e-17,3.0951629228822338e-13,1.6395681769832763e-11,1,1,0.75,0.91666666666666663
4,test,element,6,11,3,0.5,1,1,68.020857416883572,68.028207705590958,15,761787720540.69226,2.1233297550795451e-16,5.7810607800717214e-17,1.1981038313320254e-13,2.0091343207009162e-11,1,1,0.083333333333333329,0.75
4,test,element,7,12,3,0.5,1,0,51.650309305612289,51.659988882706095,13,73951954672.837646,1.3115698497381243e-16,1.4776525816664311e-17,9.0071767079776347e-14,1.5369795834522298e-12,1,1,0.91666666666666663,0.25
4,test,element,8,14,3,0.5,0,1,88.899649207860236,88.905273349313987,19,209453297445.12289,1.4678943799819267e-16,8.3544045746080531e-17,1.3742711047825623e-14,4.5083813690417819e-12,1,1,0.41666666666666669,0.75
4,test,element,9,16,3,0.5,0,0,101.67879053744271,101.68370786437528,18,55569184493.714394,1.611367167251017e-16,1.1509344927949784e-16,1.5532077136159197e-14,1.059367233216061e-11,1,1,0.75,0.58333333333333337
4,test,element,10,18,4,0.35355339059327379,0,1,74.904917587267477,74.908255026867636,19,816101068443.70154,1.2250764010474211e-16,5.6212040865052624e-17,5.5556808572339254e-14,1.351765938870729e-09,1,1,0.16666666666666666,0.58333333333333337
4,test,element,11,21,4,0.35355339059327379,0,1,82.68849946643752,82.691522806047502,21,653119638911.85071,1.7456039075644151e-16,5.7711763475364518e-17,6.6950593830159385e-14,4.0894680405262306e-12,1,1,0.58333333333333337,0.33333333333333331
4,test,element,12,24,4,0.35355339059327379,0,1,88.612559276057766,88.615380426027912,21,504005704008.42291,1.1417934639263471e-16,5.5806370705137669e-17,5.9638051172801107e-14,1.7068301547538769e-09,1,1,0.33333333333333331,0.58333333333333337
4,test,element,13,27,4,0.35355339059327379,0,1,69.022661664415352,69.026283567675321,19,477388189775.9762,2.90518975372875e-16,7.9938504897410558e-17,3.4148936206951203e-14,1.5789030572593187e-11,1,1,0.58333333333333337,0.16666666666666666
4,test,element,14,32,5,0.25,1,1,40.642971023542302,40.646046469912676,14,148041669442.85886,1.029454770465495e-16,6.0803396361051427e-17,3.3595199985969701e-14,8.353957365310734e-12,1,1,0.041666666666666664,0.125
4,test,element,15,33,5,0.25,1,1,41.12454513449206,41.127584569499668,15,4940733012.7676105,1.4512731722282311e-16,2.8872751593859648e-17,1.1212907347450736e-13,1.4618507658808773e-12,1,1,0.375,0.041666666666666664
4,test,element,16,34,5,0.25,0,1,59.570813343789652,59.572911650037177,19,665674377092.19568,9.66675698562474e-17,5.6959378117521038e-17,6.1684116534775067e-14,6.3422393363137138e-12,1,1,0.125,0.45833333333333331
4,test,element,17,35,5,0.25,0,1,60.097940509262912,60.100020417139135,19,702488209098.45752,2.1254992099200093e-16,5.8619992218327629e-17,1.1548424175837818e-14,1.8982123865974959e-10,1,1,0.45833333333333331,0.125
4,test,element,18,36,5,0.25,1,1,40.350150323087448,40.353248087528861,15,124659949872.47725,3.466681865085291e-16,1.1499849532126177e-16,6.999095762605401e-14,7.2401689337336871e-11,1,1,0.041666666666666664,0.375
4,test,element,19,37,5,0.25,1,1,40.78775560676609,40.790820137770361,14,446010982529.00305,1.176991836051761e-16,8.7883461278466089e-18,1.5334477174184385e-13,4.4866743763602913e-11,1,1,0.125,0.041666666666666664
4,test,element,20,40,5,0.25,0,1,69.426061388821907,69.427861842040841,21,215903848303.59238,1.6143307734896383e-16,5.9074828321660593e-17,1.0068391767145542e-14,1.4434243501789103e-12,1,1,0.20833333333333334,0.375
4,test,element,21,41,5,0.25,0,1,75.476471426862062,75.478127554129387,22,688746420499.78186,2.5643510402736579e-16,5.8702004979820846e-17,2.2851579130564351e-14,4.8272149503624368e-12,1,1,0.29166666666666669,0.375
4,test,element,22,42,5,0.25,0,1,69.650666202193364,69.652460847569003,20,121830538864.38174,2.3686061432262778e-16,5.3236667306130751e-17,9.6444946003355228e-13,5.9204469857584115e-11,1,1,0.45833333333333331,0.375
4,test,element,23,43,6,0.17677669529663689,0,1,54.136440323464278,54.137594804427295,20,946355201933.24207,2.1219452697830797e-16,7.6069956976294786e-17,2.0279048987003673e-13,1.0657011400935364e-10,1,1,0.41666666666666669,0.20833333333333334
4,test,element,24,44,6,0.17677669529663689,0,1,48.695398184215172,48.696681655931918,17,216169139698.64618,1.5227828477807762e-16,9.4952481507203418e-17,5.0021121178095666e-14,8.4718350862572912e-12,1,1,0.083333333333333329,0.29166666666666669
4,test,element,25,45,6,0.17677669529663689,0,1,53.004777091059601,53.005956216092628,18,282976575341.31195,1.2138703802360192e-16,5.7396587183861112e-17,7.077273922574641e-14,3.2241932603435993e-11,1,1,0.20833333333333334,0.083333333333333329
4,test,element,26,48,5,0.25,0,1,69.004505171984519,69.006316625162512,21,225577997906.46878,1.800597045133778e-16,7.5988975218465503e-17,7.8351516525781583e-13,2.9766030817259396e-11,1,1,0.375,0.45833333333333331
4,test,element,27,50,6,0.17677669529663689,0,1,55.199276994580018,55.200409242574672,19,685552215126.5238,1.713491452732e-16,1.1845420989901429e-17,5.9343813807124024e-14,5.7972622193748669e-11,1,1,0.16666666666666666,0.29166666666666669
4,test,element,28,52,6,0.17677669529663689,0,1,51.743200579897767,51.744408453928131,18,525958623603.16931,1.0744370606330031e-16,5.5932811685102435e-17,2.1769599949540494e-14,1.7120003915573671e-12,1,1,0.083333333333333329,0.20833333333333334
4,test,element,29,53,6,0.17677669529663689,0,1,53.537360970834996,53.53852836811253,18,292970788906.85181,1.4236918290810719e-16,5.7683486345181118e-17,1.3899476685639922e-14,3.5481847202995392e-11,1,1,0.29166666666666669,0.083333333333333329
4,test,element,30,54,6,0.17677669529663689,0,1,56.066838705335485,56.06795343394846,21,903220935405.76318,8.5207604408895031e-17,1.1784039303497451e-17,1.9238587793947811e-13,4.4118638121646513e-11,1,1,0.33333333333333331,0.29166666666666669
4,test,element,31,55,6,0.17677669529663689,0,1,52.802141085673306,52.803324738078672,19,278850626577.79871,1.8175874489696254e-16,8.221589693874871e-18,6.4309382042461596e-14,5.8691170139498398e-11,1,1,0.41666666666666669,0.29166666666666669
4,test,element,32,56,7,0.125,0,1,39.058865566647071,39.05966563223631,16,541676943135.29407,6.929146315929507e-17,5.195605993632232e-17,1.6576963815770361e-13,3.3628754201636146e-11,1,1,0.14583333333333334,0.1875
4,test,element,33,57,7,0.125,0,1,39.380037954416146,39.380831497261234,16,458295105157.33301,1.5363402654676297e-16,8.3743505316730159e-18,6.3978882886593497e-14,8.023094434177064e-11,1,1,0.3125,0.14583333333333334
4,test,element,34,58,7,0.125,0,1,39.988433020173666,39.989214488520119,17,23188348855.007938,1.9875001207180987e-16,6.1542615702230481e-18,3.9357940878745964e-14,3.0143265331388852e-14,1,1,0.3125,0.22916666666666666
4,test,element,35,59,7,0.125,0,0,39.756331942623923,39.757117973165506,17,60543059003.833359,1.6576271983570797e-16,9.7242346079817555e-18,2.2421642679940512e-14,6.358177713888908e-14,1,1,0.22916666666666666,0.1875
4,test,element,36,60,7,0.125,0,1,39.997875084415014,39.998656368276777,17,499732494202.33228,1.9714279487585819e-16,8.4506033245485287e-18,1.9246523470539697e-13,6.1196051582384449e-13,1,1,0.1875,0.22916666666666666
4,test,element,37,61,7,0.125,0,0,40.443636926925706,40.444409599531582,18,816903793800.88477,1.2436339033626675e-16,7.5170533521761598e-17,7.6472573004334288e-13,1.3636719182466495e-11,1,1,0.27083333333333331,0.1875
4,test,element,38,62,7,0.125,0,1,38.075700715819295,38.076521435329262,16,422768868601.31689,7.056952693869203e-17,5.3467598039217944e-18,2.4681338172621302e-14,2.659315131814897e-10,1,1,0.35416666666666669,0.1875
4,test,element,39,63,7,0.125,0,1,39.612464291027067,39.613253176644712,16,451939090863.96289,9.928259169353274e-17,5.2360291906622493e-17,5.74665149550297e-14,1.851753696027956e-11,1,1,0.1875,0.14583333333333334
4,test,patch1,0,2,3,0.5,0,0,5.5726800144350594,5.583811754547388,26,14743510467.857765,2.8892653134933117e-16,6.1717693629350076e-17,1.1722999843539311e-15,0,11,2.2360679774997898,0.58333333333333337,0.75
4,test,patch1,1,4,3,0.5,0,1,5.4496464845803088,5.4624025677608197,26,10267740096.041578,1.9291409431267995e-16,6.2282666048614706e-17,2.3253435173715886e-15,0,12,2.2360679774997898,0.75,0.41666666666666669
4,test,patch1,2,5,3,0.5,1,1,6.074043088777934,6.0984794971990004,26,12208771368.462732,1.3074424301081648e-16,4.3187568729970815e-17,2.8344420195222741e-15,0,7,1.8027756377319946,0.75,0.083333333333333329
4,test,patch1,3,6,3,0.5,1,0,5.7244281528229477,5.7559564177136293,26,28597436810.018696,2.226481253991596e-16,4.1796723255909403e-17,1.5432204536215419e-15,0,7,2.2360679774997898,0.25,0.91666666666666663
4,test,patch1,4,8,3,0.5,1,0,10.590116312448849,10.618570651626635,26,313554861373.12323,2.0429904330457165e-16,5.3204940070701016e-17,1.3065437560530595e-15,0,6,2.2360679774997898,0.91666666666666663,0.75
4,test,patch1,5,10,3,0.5,1,0,12.716176335298,12.739310941378809,26,336522444636.97003,1.2898344872177263e-16,6.479544153660004e-17,1.1550462149652156e-15,0,6,2.2360679774997898,0.75,0.91666666666666663
4,test,patch1,6,11,3,0.5,1,1,7.5664588495860192,7.6013697174758512,26,10049187053.867584,2.1233297550795451e-16,4.5433113307348397e-17,1.0222267132817338e-15,0,7,1.8027756377319946,0.083333333333333329,0.75
4,test,patch1,7,12,3,0.5,1,0,4.6116276889538685,4.646250635945619,26,54768553912.691849,1.3115698497381243e-16,4.4679940301979404e-17,9.5968495694896305e-16,0,7,2.2360679774997898,0.91666666666666663,0.25
4,test,patch1,8,14,3,0.5,0,1,6.2563384303811977,6.2709675458996523,26,8410268727.0318174,1.4678943799819267e-16,3.8374669276501088e-17,1.2469901307213957e-15,0,12,2.2360679774997898,0.41666666666666669,0.75
4,test,patch1,9,16,3,0.5,0,0,5.660467697861745,5.6724044350987928,26,14945236960.162695,1.611367167251017e-16,4.2235775431497171e-17,1.3816002465370874e-15,0,11,2.2360679774997898,0.75,0.58333333333333337
4,test,patch1,10,18,4,0.35355339059327379,0,1,3.0348397831389842,3.0466547625039557,26,851066223.85679758,1.2250764010474211e-16,4.7371297307298088e-17,2.4881837905427271e-15,0,10,2.5495097567963922,0.16666666666666666,0.58333333333333337
4,test,patch1,11,21,4,0.35355339059327379,0,1,2.9772432368968484,2.9920551135577624,26,3491072603.0067425,1.7456039075644151e-16,5.1266212262746715e-17,1.6623019963799187e-15,0,14,3.1622776601683791,0.58333333333333337,0.33333333333333331
4,test,patch1,12,24,4,0.35355339059327379,0,1,3.0806472482929332,3.0926326528645958,26,1426806075.5363152,1.1417934639263471e-16,5.5861007091084447e-17,1.3199538201396414e-15,0,14,3.1622776601683791,0.33333333333333331,0.58333333333333337
4,test,patch1,13,27,4,0.35355339059327379,0,1,6.0892588533509802,6.0951800900199151,26,2504908536.3519578,2.90518975372875e-16,4.1338396751962704e-17,2.7071552694591957e-15,0,10,2.5495097567963922,0.58333333333333337,0.16666666666666666
4,test,patch1,14,32,5,0.25,1,1,8.6457499951642252,8.6506548540719201,26,51990587655.011429,1.029454770465495e-16,5.4934730734895848e-17,2.0524819650285941e-15,0,8,2.2360679774997898,0.041666666666666664,0.125
4,test,patch1,15,33,5,0.25,1,1,5.4074888868384576,5.4141340006612362,26,14893584265.495794,1.4512731722282311e-16,3.5884975655102514e-17,1.5859602600287656e-15,0,10,4,0.375,0.041666666666666664
4,test,patch1,16,34,5,0.25,0,1,2.8228163941905877,2.8280987280304068,26,880908308.90992641,9.66675698562474e-17,5.6636160349519981e-17,1.0750281452882048e-15,0,10,3.1622776601683795,0.125,0.45833333333333331
4,test,patch1,17,35,5,0.25,0,1,2.9871023423867546,2.9943015637344432,26,1040097425.8846953,2.1254992099200093e-16,3.7892019053865798e-17,7.7577292853122377e-16,0,11,3.0413812651491097,0.45833333333333331,0.125
4,test,patch1,18,36,5,0.25,1,1,5.8519716302632743,5.8582954655991939,26,20359733180.431362,3.466681865085291e-16,7.4526163215194868e-17,8.4923320552981901e-16,0,9,4,0.041666666666666664,0.375
4,test,patch1,19,37,5,0.25,1,1,8.5162816712250873,8.5220272172745624,26,27569556225.835896,1.176991836051761e-16,4.5895582902382951e-17,8.3511687830850159e-16,0,8,2.2360679774997898,0.125,0.041666666666666664
4,test,patch1,20,40,5,0.25,0,1,2.9588299623590841,2.9628234950560159,26,283636012.61140931,1.6143307734896383e-16,3.15838972159583e-17,7.1841594278252362e-16,0,14,2.5,0.20833333333333334,0.375
4,test,patch1,21,41,5,0.25,0,1,2.8404921730657153,2.848849840385737,26,25575326.999691352,2.5643510402736579e-16,2.4176606584649818e-17,1.647084679075517e-15,0,14,2.5,0.29166666666666669,0.375
4,test,patch1,22,42,5,0.25,0,1,3.7175647488985093,3.721970829146743,26,1572831852.912178,2.3686061432262778e-16,3.5329510090731824e-17,1.9244126784942069e-15,0,14,4,0.45833333333333331,0.375
4,test,patch1,23,43,6,0.17677669529663689,0,1,2.6552142847918474,2.6584037055668852,26,900075713.75135565,2.1219452697830797e-16,3.1792152795700198e-17,9.3843264477751861e-16,0,12,3.1622776601683791,0.41666666666666669,0.20833333333333334
4,test,patch1,24,44,6,0.17677669529663689,0,1,4.8005802520192473,4.8024309324694228,26,56075001487.003746,1.5227828477807762e-16,4.4226301861076401e-17,1.1859688592058916e-15,0,9,3.1622776601683791,0.083333333333333329,0.29166666666666669
4,test,patch1,25,45,6,0.17677669529663689,0,1,5.3654534333110195,5.3674837411317924,26,10350050925.120131,1.2138703802360192e-16,4.8960681512869696e-17,2.1994973789470253e-15,0,11,3.1622776601683791,0.20833333333333334,0.083333333333333329
4,test,patch1,26,48,5,0.25,0,1,2.6929102671107659,2.698652001972301,26,804185688.53825426,1.800597045133778e-16,2.9919476838839426e-17,1.4646587849532843e-15,0,14,4,0.375,0.45833333333333331
4,test,patch1,27,50,6,0.17677669529663689,0,1,3.4299363258285909,3.4333263595025114,26,3006910339.6932483,1.713491452732e-16,3.2201717175245893e-17,1.5714742740962631e-15,0,13,2.5495097567963922,0.16666666666666666,0.29166666666666669
4,test,patch1,28,52,6,0.17677669529663689,0,1,6.287633669578204,6.289079474945944,26,16357819922.374859,1.0744370606330031e-16,4.2356641352906258e-17,1.5883983884955216e-15,0,10,3.1622776601683791,0.083333333333333329,0.20833333333333334
4,test,patch1,29,53,6,0.17677669529663689,0,1,5.0004821817842302,5.0027523496560207,26,9869635378.0177059,1.4236918290810719e-16,4.6517545343945518e-17,1.2086450744588173e-15,0,11,3.1622776601683791,0.29166666666666669,0.083333333333333329
4,test,patch1,30,54,6,0.17677669529663689,0,1,3.9609461655529241,3.9622975682692294,26,292550763.16419846,8.5207604408895031e-17,3.7628364841646773e-17,1.55868897778709e-15,0,13,2.5495097567963922,0.33333333333333331,0.29166666666666669
4,test,patch1,31,55,6,0.17677669529663689,0,1,2.8307946310803525,2.8350518833825573,26,553429901.55676186,1.8175874489696254e-16,3.1942756867156218e-17,1.5782637386053101e-15,0,11,3.1622776601683791,0.41666666666666669,0.29166666666666669
4,test,patch1,32,56,7,0.125,0,1,4.7222424480148666,4.7232002137054208,25,14204532233.459631,6.929146315929507e-17,6.0566190692423879e-17,1.1548715985583376e-15,0,10,3.1622776601683795,0.14583333333333334,0.1875
4,test,patch1,33,57,7,0.125,0,1,2.8555070652957228,2.8575616628579095,26,10480443545.323761,1.5363402654676297e-16,4.3493126343601123e-17,7.50293026561318e-16,0,11,3.1622776601683795,0.3125,0.14583333333333334
4,test,patch1,34,58,7,0.125,0,1,3.6091930088709474,3.6105865123579322,26,6156861210.9087543,1.9875001207180987e-16,3.6435578238633566e-17,7.5902969462325994e-16,0,12,3.1622776601683795,0.3125,0.22916666666666666
4,test,patch1,35,59,7,0.125,0,0,3.7278687332758298,3.729371630242996,26,6430194339.9734011,1.6576271983570797e-16,2.88903618021162e-17,1.3210330430450596e-15,0,13,4,0.22916666666666666,0.1875
4,test,patch1,36,60,7,0.125,0,1,3.5682729713849204,3.5698295650102772,26,7319178746.594491,1.9714279487585819e-16,2.5122250397736101e-17,2.5387365293373972e-15,0,12,3.1622776601683795,0.1875,0.22916666666666666
4,test,patch1,37,61,7,0.125,0,0,2.9663671835480918,2.9683816693131062,26,6477797894.0158997,1.2436339033626675e-16,5.072090466060463e-17,1.2304292529868835e-15,0,13,4,0.27083333333333331,0.1875
4,test,patch1,38,62,7,0.125,0,1,3.5651132069080789,3.5672884747924543,26,10593895898.800409,7.056952693869203e-17,4.7894006358765584e-17,5.8235590243022881e-16,0,10,3.1622776601683795,0.35416666666666669,0.1875
4,test,patch1,39,63,7,0.125,0,1,2.9554147491436749,2.9573764106391609,25,4834576467.7011967,9.928259169353274e-17,6.5307618262155836e-17,7.5721371203852983e-16,0,11,3.1622776601683795,0.1875,0.14583333333333334
5,coarse,element,0,2,3,0.5,0,0,8.4852813742385607,8.5440037453175215,3,4.0000000000000036,0,5.5511151231257747e-17,3.3257358785308457e-16,0,1,1,0.58333333333333337,0.75
5,coarse,element,1,4,3,0.5,0,1,8.4852813742385536,8.5440037453175144,3,4.0000000000000018,0,0,1.6719630770427554e-16,0,1,1,0.75,0.41666666666666669
5,coarse,element,2,5,3,0.5,1,1,8.4852813742385571,8.5440037453175197,3,4.0000000000000036,0,0,1.0256828592499333e-16,3.8933848534800116e-16,1,1,0.75,0.083333333333333329
5,coarse,element,3,6,3,0.5,1,0,8.4852813742385766,8.5440037453175375,3,4.0000000000000071,0,5.5511151231257839e-17,1.1645185369284679e-16,0,1,1,0.25,0.91666666666666663
5,coarse,element,4,8,3,0.5,1,0,8.485281374238566,8.544003745317525,3,3.999999999999996,0,0,4.2414822972606285e-16,3.8933848534800047e-16,1,1,0.91666666666666663,0.75
5,coarse,element,5,10,3,0.5,1,0,8.4852813742385642,8.544003745317525,3,3.999999999999996,0,0,7.3477849641193143e-17,0,1,1,0.75,0.91666666666666663
5,coarse,element,6,11,3,0.5,1,1,8.4852813742385536,8.5440037453175144,3,4.0000000000000036,0,0,1.6364058750774242e-16,0,1,1,0.083333333333333329,0.75
5,coarse,element,7,12,3,0.5,1,0,8.4852813742385766,8.5440037453175393,3,4.0000000000000071,0,5.5511151231257839e-17,3.416824233655174e-16,3.8933848534799934e-16,1,1,0.91666666666666663,0.25
5,coarse,element,8,14,3,0.5,0,1,8.4852813742385553,8.5440037453175162,3,4.0000000000000027,0,0,2.9241031914490786e-16,0,1,1,0.41666666666666669,0.75
5,coarse,element,9,16,3,0.5,0,0,8.4852813742385589,8.5440037453175197,3,4.0000000000000036,0,0,9.9874397952698202e-17,0,1,1,0.75,0.58333333333333337
5,coarse,element,10,18,4,0.35355339059327379,0,1,8.4852813742385926,8.5146931829632209,3,4.000000000000016,0,0,4.1230104743209414e-16,5.8956670962852829e-16,1,1,0.16666666666666666,0.58333333333333337
5,coarse,element,11,21,4,0.35355339059327379,0,1,8.4852813742385926,8.5146931829632209,3,4.000000000000016,0,0,4.1230104743209414e-16,5.8956670962852829e-16,1,1,0.58333333333333337,0.33333333333333331
5,coarse,element,12,24,4,0.35355339059327379,0,1,8.4852813742385926,8.5146931829632244,3,4.0000000000000169,0,0,5.1347476922737261e-17,3.9049223624746662e-16,1,1,0.33333333333333331,0.58333333333333337
5,coarse,element,13,27,4,0.35355339059327379,0,1,8.4852813742385926,8.5146931829632244,3,4.0000000000000169,0,0,5.1347476922737261e-17,3.9049223624746662e-16,1,1,0.58333333333333337,0.16666666666666666
5,coarse,element,14,32,5,0.25,1,1,8.4852813742385713,8.5,3,4.0000000000000018,0,0,1.6298785747251848e-16,1.966900306602353e-16,1,1,0.041666666666666664,0.125
5,coarse,element,15,33,5,0.25,1,1,8.4852813742385713,8.5,3,4.0000000000000018,0,0,1.6298785747251848e-16,1.966900306602353e-16,1,1,0.375,0.041666666666666664
5,coarse,element,16,34,5,0.25,0,1,8.4852813742385678,8.4999999999999964,3,4.0000000000000027,0,0,3.5392783363422723e-16,1.9669003066023545e-16,1,1,0.125,0.45833333333333331
5,coarse,element,17,35,5,0.25,0,1,8.4852813742385695,8.5,3,4.0000000000000044,0,0,2.147547494273247e-16,1.9669003066023535e-16,1,1,0.45833333333333331,0.125
5,coarse,element,18,36,5,0.25,1,1,8.4852813742385695,8.5,3,4.0000000000000018,0,0,3.199009368634398e-16,1.9669003066023535e-16,1,1,0.041666666666666664,0.375
5,coarse,element,19,37,5,0.25,1,1,8.4852813742385695,8.5,3,4.0000000000000044,0,0,2.147547494273247e-16,1.9669003066023535e-16,1,1,0.125,0.041666666666666664
5,coarse,element,20,42,5,0.25,0,1,8.4852813742385713,8.5,3,4.0000000000000018,0,0,1.6298785747251848e-16,1.966900306602353e-16,1,1,0.45833333333333331,0.375
5,coarse,element,21,43,6,0.17677669529663689,0,1,8.4852813742385749,8.4926438757315186,3,4.0000000000000027,0,0,2.1486196806107061e-16,3.8482600506937799e-19,1,1,0.41666666666666669,0.20833333333333334
5,coarse,element,22,44,6,0.17677669529663689,0,1,8.4852813742385749,8.4926438757315204,3,4.0000000000000044,0,0,1.8727261591657616e-16,3.9367700318597349e-16,1,1,0.083333333333333329,0.29166666666666669
5,coarse,element,23,45,6,0.17677669529663689,0,1,8.4852813742385749,8.4926438757315186,3,4.0000000000000027,0,0,2.1486196806107061e-16,3.8482600506937799e-19,1,1,0.20833333333333334,0.083333333333333329
5,coarse,element,24,48,5,0.25,0,1,8.4852813742385695,8.5,3,4.0000000000000044,0,0,2.147547494273247e-16,1.9669003066023535e-16,1,1,0.375,0.45833333333333331
5,coarse,element,25,50,6,0.17677669529663689,0,1,8.4852813742385713,8.4926438757315168,3,4.0000000000000044,0,0,2.4855799117838445e-16,3.9367700318597384e-16,1,1,0.16666666666666666,0.29166666666666669
5,coarse,element,26,52,6,0.17677669529663689,0,1,8.4852813742385713,8.492643875731515,3,4.0000000000000018,0,0,1.223276750273794e-16,3.8482600506937828e-19,1,1,0.083333333333333329,0.20833333333333334
5,coarse,element,27,53,6,0.17677669529663689,0,1,8.4852813742385802,8.4926438757315221,3,4.0000000000000053,0,0,2.1141184992488114e-16,5.9147756979163308e-16,1,1,0.29166666666666669,0.083333333333333329
5,coarse,element,28,55,6,0.17677669529663689,0,1,8.4852813742385802,8.4926438757315221,3,4.0000000000000053,0,0,2.1141184992488114e-16,5.9147756979163308e-16,1,1,0.41666666666666669,0.29166666666666669
5,coarse,element,29,56,7,0.125,0,1,8.4852813742385695,8.4889634231748214,3,4.0000000000000009,0,5.5511151231257827e-17,1.4278423525902803e-16,0,1,1,0.14583333333333334,0.1875
5,coarse,element,30,57,7,0.125,0,1,8.4852813742385695,8.4889634231748214,3,4,0,0,2.2794055807899847e-16,0,1,1,0.3125,0.14583333333333334
5,coarse,element,31,60,7,0.125,0,1,8.4852813742385678,8.4889634231748214,3,4.0000000000000018,0,0,3.101672541051064e-16,3.9440360007499065e-16,1,1,0.1875,0.22916666666666666
5,coarse,element,32,62,7,0.125,0,1,8.4852813742385695,8.4889634231748232,3,4.0000000000000018,0,5.5511151231257827e-17,1.8306619005888958e-16,3.944036000749905e-16,1,1,0.35416666666666669,0.1875
5,coarse,element,33,63,7,0.125,0,1,8.4852813742385695,8.4889634231748232,3,4.0000000000000018,0,5.5511151231257827e-17,1.8306619005888958e-16,3.944036000749905e-16,1,1,0.1875,0.14583333333333334
5,coarse,element,34,64,6,0.17677669529663689,0,1,8.4852813742385766,8.4926438757315204,3,4.0000000000000027,0,0,2.7972458413141637e-16,1.9741574060059078e-16,1,1,0.20833333333333334,0.33333333333333331
5,coarse,element,35,65,6,0.17677669529663689,0,1,8.4852813742385713,8.4926438757315168,3,4.0000000000000018,0,0,2.2554325741646926e-16,3.9367700318597384e-16,1,1,0.29166666666666669,0.41666666666666669
5,coarse,element,36,66,7,0.125,0,1,8.4852813742385695,8.4889634231748214,3,4,0,0,2.2794055807899847e-16,0,1,1,0.35416666666666669,0.3125
5,coarse,element,37,67,8,0.088388347648318447,0,1,8.4852813742385713,8.4871225983839782,3,4.0000000000000009,0,5.5511151231257827e-17,9.8457599642333796e-17,9.6331715802616603e-20,1,1,0.33333333333333331,0.22916666666666666
5,coarse,element,38,68,8,0.088388347648318447,0,1,8.4852813742385713,8.4871225983839782,3,4.0000000000000009,0,5.5511151231257827e-17,9.8457599642333796e-17,9.6331715802616603e-20,1,1,0.22916666666666666,0.16666666666666666
5,coarse,element,39,69,8,0.088388347648318447,0,0,8.4852813742385713,8.4871225983839782,3,4.0000000000000009,0,5.5511151231257827e-17,9.8457599642333796e-17,9.6331715802616603e-20,1,1,0.27083333333333331,0.20833333333333334
5,coarse,element,40,70,6,0.17677669529663689,0,1,8.4852813742385731,8.4926438757315168,3,4.0000000000000027,0,0,4.4925399728258276e-16,3.8482600506937814e-19,1,1,0.20833333333333334,0.41666666666666669
5,coarse,element,41,71,8,0.088388347648318447,0,0,8.4852813742385695,8.4871225983839782,3,4,0,5.5511151231257827e-17,1.7750788451379701e-16,3.94478376211715e-16,1,1,0.29166666666666669,0.22916666666666666
5,coarse,element,42,72,8,0.088388347648318447,0,1,8.4852813742385695,8.4871225983839782,3,4,0,5.5511151231257827e-17,1.7750788451379701e-16,3.94478376211715e-16,1,1,0.22916666666666666,0.20833333333333334
5,coarse,element,43,73,8,0.088388347648318447,0,1,8.4852813742385695,8.4871225983839782,3,4,0,5.5511151231257827e-17,1.7750788451379701e-16,3.94478376211715e-16,1,1,0.27083333333333331,0.16666666666666666
5,coarse,element,44,74,7,0.125,0,1,8.4852813742385713,8.4889634231748232,3,4.0000000000000018,0,0,1.8724164540619154e-16,0,1,1,0.27083333333333331,0.3125
5,coarse,element,45,75,8,0.088388347648318447,0,1,8.4852813742385713,8.4871225983839782,3,4.0000000000000009,0,5.5511151231257827e-17,9.8457599642333796e-17,9.6331715802616603e-20,1,1,0.29166666666666669,0.27083333333333331
5,coarse,element,46,76,7,0.125,0,1,8.4852813742385695,8.4889634231748214,3,4.0000000000000009,0,7.8504622934188746e-17,1.5766988947651109e-16,0,1,1,0.3125,0.35416666666666669
5,coarse,element,47,77,8,0.088388347648318447,0,1,8.4852813742385695,8.4871225983839782,3,4,0,5.5511151231257827e-17,1.7750788451379701e-16,3.94478376211715e-16,1,1,0.33333333333333331,0.27083333333333331
5,coarse,patch1,0,2,3,0.5,0,0,3.6786506098238059,3.7045965917455161,11,18.932275157096459,0,2.2888628750463093e-17,9.273843341259933e-16,0,11,2.2360679774997898,0.58333333333333337,0.75
5,coarse,patch1,1,4,3,0.5,0,1,3.6974061359485999,3.7237259210471265,12,17.556825058180493,0,1.1383992532387658e-17,4.4994953589020649e-16,0,12,2.2360679774997898,0.75,0.41666666666666669
5,coarse,patch1,2,5,3,0.5,1,1,4.498920293654403,4.5356323287336728,8,27.283707140630714,0,1.8390543433918192e-17,7.9061022755530694e-16,0,7,1.8027756377319946,0.75,0.083333333333333329
5,coarse,patch1,3,6,3,0.5,1,0,4.316412977630617,4.3521109734084185,8,8.1373094066368168,0,3.2914063767906523e-17,1.8065904652914998e-16,0,7,2.2360679774997898,0.25,0.91666666666666663
5,coarse,patch1,4,8,3,0.5,1,0,4.2811750887122866,4.3161062710517584,7,8.3736389961776361,0,1.4176269004663446e-17,7.3478909846332471e-16,0,6,2.2360679774997898,0.91666666666666663,0.75
5,coarse,patch1,5,10,3,0.5,1,0,4.2811750887122875,4.3161062710517566,7,8.373638996177629,0,2.8352538009326873e-17,1.2322461011180147e-15,0,6,2.2360679774997898,0.75,0.91666666666666663
5,coarse,patch1,6,11,3,0.5,1,1,4.498920293654403,4.5356323287336737,8,27.283707140630693,0,4.1122505261403497e-17,5.6610545350093548e-16,0,7,1.8027756377319946,0.083333333333333329,0.75
5,coarse,patch1,7,12,3,0.5,1,0,4.3164129776306179,4.3521109734084176,8,8.1373094066368186,0,1.4719616800160378e-17,4.3759542850658394e-16,0,7,2.2360679774997898,0.91666666666666663,0.25
5,coarse,patch1,8,14,3,0.5,0,1,3.6974061359486003,3.723725921047127,12,17.556825058180568,0,2.5455381157768778e-17,7.884394663831854e-16,0,12,2.2360679774997898,0.41666666666666669,0.75
5,coarse,patch1,9,16,3,0.5,0,0,3.6786506098238072,3.7045965917455161,11,18.932275157096473,0,1.1444314375231548e-17,9.5233306346489352e-16,0,11,2.2360679774997898,0.75,0.58333333333333337
5,coarse,patch1,10,18,4,0.35355339059327379,0,1,3.6098345648851593,3.6235539958947967,10,27.219100720888516,0,3.9695854488719061e-17,3.73150131396573e-16,0,10,2.5495097567963922,0.16666666666666666,0.58333333333333337
5,coarse,patch1,11,21,4,0.35355339059327379,0,1,3.3690261193208855,3.3843859780090111,13,32.916920613063397,0,1.2113526306256168e-17,5.3875894236811793e-16,0,14,3.1622776601683791,0.58333333333333337,0.33333333333333331
5,coarse,patch1,12,24,4,0.35355339059327379,0,1,3.3690261193208855,3.3843859780090124,13,32.916920613063439,0,2.7086668268020731e-17,5.8603612823333581e-16,0,14,3.1622776601683791,0.33333333333333331,0.58333333333333337
5,coarse,patch1,13,27,4,0.35355339059327379,0,1,3.6098345648851593,3.6235539958947975,10,27.219100720888541,0,1.775252581234319e-17,4.448477657750252e-16,0,10,2.5495097567963922,0.58333333333333337,0.16666666666666666
5,coarse,patch1,14,32,5,0.25,1,1,4.5863331715549158,4.5952215534246292,9,11.86206727497828,0,1.8170289459384283e-17,2.5974326926273485e-16,0,8,2.2360679774997898,0.041666666666666664,0.125
5,coarse,patch1,15,33,5,0.25,1,1,3.9389477330653726,3.9462406041751121,11,27.751547604345738,0,8.244634499915488e-18,4.749072109718059e-16,0,10,4,0.375,0.041666666666666664
5,coarse,patch1,16,34,5,0.25,0,1,3.3585547100269135,3.3654707818749805,11,19.833081481346554,0,2.7941273779146774e-17,7.1552061363222733e-16,0,11,3.1622776601683795,0.125,0.45833333333333331
5,coarse,patch1,17,35,5,0.25,0,1,3.5310497857679333,3.5386265928863221,11,31.627720996274647,0,2.8049293590010699e-17,4.7988143958301844e-16,0,11,3.0413812651491097,0.45833333333333331,0.125
5,coarse,patch1,18,36,5,0.25,1,1,3.7645845633158115,3.7716648850657868,11,18.308265092744573,0,4.0569675713372484e-18,5.4843759077492226e-16,0,10,4,0.041666666666666664,0.375
5,coarse,patch1,19,37,5,0.25,1,1,4.5863331715549167,4.5952215534246292,9,11.862067274978299,0,1.8170289459384283e-17,3.7891942114298343e-16,0,8,2.2360679774997898,0.125,0.041666666666666664
5,coarse,patch1,20,42,5,0.25,0,1,3.3055323638229055,3.3135191551977621,14,62.650476871432062,0,1.4495731254159389e-17,8.6286344250148903e-16,0,15,4,0.45833333333333331,0.375
5,coarse,patch1,21,43,6,0.17677669529663689,0,1,3.3517826560781638,3.3556278632877388,12,44.263970346641422,0,3.966769140997777e-17,1.1847804202264548e-15,0,13,3.1622776601683791,0.41666666666666669,0.20833333333333334
5,coarse,patch1,22,44,6,0.17677669529663689,0,1,3.3418007033053425,3.3450094199843012,10,12.09340202603904,0,9.0851447296921477e-18,6.8704737211500262e-16,0,10,3.1622776601683791,0.083333333333333329,0.29166666666666669
5,coarse,patch1,23,45,6,0.17677669529663689,0,1,3.5350879780537121,3.5385989662537924,11,23.226003990852568,0,1.7554167342883499e-17,8.0832549177943471e-16,0,11,3.1622776601683791,0.20833333333333334,0.083333333333333329
5,coarse,patch1,24,48,5,0.25,0,1,3.3055323638229059,3.3135191551977616,14,62.650476871432168,0,1.4495731254159389e-17,7.8410189145225695e-16,0,15,4,0.375,0.45833333333333331
5,coarse,patch1,25,50,6,0.17677669529663689,0,1,3.5266842437266956,3.529900293167453,13,33.626149500796643,0,9.717387369748943e-18,2.4979201386559415e-16,0,14,2.5,0.16666666666666666,0.29166666666666669
5,coarse,patch1,26,52,6,0.17677669529663689,0,1,3.3652872467504906,3.3685187154502234,10,9.3227766146003557,0,1.7002284942951496e-17,4.7131347554713068e-16,0,10,3.1622776601683791,0.083333333333333329,0.20833333333333334
5,coarse,patch1,27,53,6,0.17677669529663689,0,1,3.5350879780537099,3.5385989662537916,11,23.226003990852494,0,2.482534153247272e-17,4.3605663158183912e-16,0,11,3.1622776601683791,0.29166666666666669,0.083333333333333329
5,coarse,patch1,28,55,6,0.17677669529663689,0,1,3.3517826560781652,3.3556278632877405,12,44.26397034664155,0,4.0963614166580151e-17,9.3609217982799558e-16,0,13,3.1622776601683791,0.41666666666666669,0.29166666666666669
5,coarse,patch1,29,56,7,0.125,0,1,3.1421514988153052,3.1438922762959431,10,21.156915716526402,0,1.9102697246578117e-17,7.1908694136975182e-16,0,11,3.1622776601683795,0.14583333333333334,0.1875
5,coarse,patch1,30,57,7,0.125,0,1,3.1965262781549431,3.1982877015668691,12,27.291075719850816,0,1.971837333106007e-17,5.471414313353503e-16,0,13,3.1622776601683795,0.3125,0.14583333333333334
5,coarse,patch1,31,60,7,0.125,0,1,3.2557686696000712,3.2574550776318487,12,18.246750645629625,0,1.3972102479028653e-17,6.3719752051554785e-16,0,13,2.5495097567963922,0.1875,0.22916666666666666
5,coarse,patch1,32,62,7,0.125,0,1,3.1965262781549408,3.1982877015668656,12,27.291075719850799,0,1.9718373331060067e-17,6.3728646023318649e-16,0,13,3.1622776601683795,0.35416666666666669,0.1875
5,coarse,patch1,33,63,7,0.125,0,1,3.1931119958261029,3.1948716794166621,11,17.450740961548469,0,1.9628285654410083e-17,8.5522347263137836e-16,0,12,3.1622776601683795,0.1875,0.14583333333333334
5,coarse,patch1,34,64,6,0.17677669529663689,0,1,3.526684243726697,3.5299002931674535,13,33.626149500796636,0,8.6914954889826086e-18,3.7554519318469856e-16,0,14,2.5,0.20833333333333334,0.33333333333333331
5,coarse,patch1,35,65,6,0.17677669529663689,0,1,3.1931119958261047,3.1966315304884114,11,17.450740961548529,0,3.9562074525771193e-17,6.9844180973532113e-16,0,12,3.1622776601683791,0.29166666666666669,0.41666666666666669
5,coarse,patch1,36,66,7,0.125,0,1,3.1931119958261034,3.1948716794166625,11,17.450740961548462,0,1.9628285654410086e-17,8.8412283792558665e-16,0,12,3.1622776601683795,0.35416666666666669,0.3125
5,coarse,patch1,37,67,8,0.088388347648318447,0,1,3.1393407337945405,3.1402220118723072,10,12.25159480670909,0,4.803405544465905e-18,4.9271703313876157e-16,0,11,3.1622776601683791,0.33333333333333331,0.22916666666666666
5,coarse,patch1,38,68,8,0.088388347648318447,0,1,3.108397841307561,3.109266444699164,9,7.7238421980013703,0,1.0609163369429935e-17,7.6769743209236924e-16,0,10,3.1622776601683791,0.22916666666666666,0.16666666666666666
5,coarse,patch1,39,69,8,0.088388347648318447,0,0,3.1241291219086946,3.1249905266092499,12,10.36056488731016,0,1.8612164699133012e-17,7.123992907289719e-16,0,13,4,0.27083333333333331,0.20833333333333334
5,coarse,patch1,40,70,6,0.17677669529663689,0,1,3.1618232580822241,3.1653448821677026,11,21.304689810893972,0,3.8953810469879206e-17,2.9651315566058313e-16,0,12,3.1622776601683791,0.20833333333333334,0.41666666666666669
5,coarse,patch1,41,71,8,0.088388347648318447,0,0,3.1241291219086933,3.1249905266092486,12,10.360564887310154,0,1.8612164699133012e-17,3.6420415648019318e-16,0,13,4,0.29166666666666669,0.22916666666666666
5,coarse,patch1,42,72,8,0.088388347648318447,0,1,3.1247761265433245,3.1256709974104417,11,13.198924048838954,0,2.0588171148836535e-17,7.1099843823143785e-16,0,12,3.1622776601683791,0.22916666666666666,0.20833333333333334
5,coarse,patch1,43,73,8,0.088388347648318447,0,1,3.1393407337945414,3.1402220118723059,10,12.251594806709122,0,4.803405544465905e-18,5.912166274655314e-16,0,11,3.1622776601683791,0.27083333333333331,0.16666666666666666
5,coarse,patch1,44,74,7,0.125,0,1,3.2557686696000712,3.2574550776318487,12,18.246750645629614,0,1.397210247902865e-17,7.7198645833730869e-16,0,13,2.5495097567963922,0.27083333333333331,0.3125
5,coarse,patch1,45,75,8,0.088388347648318447,0,1,3.1247761265433232,3.1256709974104417,11,13.198924048838938,0,2.0588171148836532e-17,5.4288686475833582e-16,0,12,3.1622776601683791,0.29166666666666669,0.27083333333333331
5,coarse,patch1,46,76,7,0.125,0,1,3.1421514988153048,3.1438922762959423,10,21.15691571652637,0,2.1357464798473366e-17,8.8299140446739161e-16,0,11,3.1622776601683795,0.3125,0.35416666666666669
5,coarse,patch1,47,77,8,0.088388347648318447,0,1,3.108397841307561,3.109266444699164,9,7.7238421980013729,0,1.0609163369429935e-17,7.1656338463987586e-16,0,10,3.1622776601683791,0.33333333333333331,0.27083333333333331
5,trial,element,0,2,3,0.5,0,0,101.35700770246397,101.36194064030505,19,330450810811.69366,1.2457738105848387e-16,9.1191765807289792e-17,1.3182377878864846e-13,2.7854276229427235e-12,1,1,0.58333333333333337,0.75
5,trial,element,1,4,3,0.5,0,1,93.411112690909732,93.416465218998781,20,495968307927.29132,2.4929972243693395e-16,8.381565416839429e-17,4.566261344490356e-14,1.6206710641234342e-11,1,1,0.75,0.41666666666666669
5,trial,element,2,5,3,0.5,1,1,67.846955208723955,67.854324325006019,15,317582548422.88495,1.7004169941930799e-16,5.8932251362519019e-17,5.9922236091425218e-14,3.239408046243767e-10,1,1,0.75,0.083333333333333329
5,trial,element,3,6,3,0.5,1,0,51.55091736457193,51.560615600826424,13,79443962500.588348,3.3152018753845315e-16,1.1258382388391818e-16,6.8758746082802388e-14,2.7313950240831897e-12,1,1,0.25,0.91666666666666663
5,trial,element,4,8,3,0.5,1,0,45.088664111512514,45.099752012489702,12,190614791866.28812,1.8744511294046422e-16,6.4769937144397455e-17,1.5817033299688626e-13,1.1173740224772809e-10,1,1,0.91666666666666663,0.75
5,trial,element,5,10,3,0.5,1,0,45.072525763654006,45.083617630974288,12,187689532527.64966,2.5002606657237734e-16,1.6054664239705694e-17,1.2504986829957192e-13,9.5243711859581483e-12,1,1,0.75,0.91666666666666663
5,trial,element,6,11,3,0.5,1,1,66.626136290862718,66.633640409452084,15,789105164614.73608,1.2329057474726898e-16,5.7009133514198095e-17,6.53049901749804e-14,6.3793279906900021e-10,1,1,0.083333333333333329,0.75
5,trial,element,7,12,3,0.5,1,0,51.636326433254617,51.64600863101569,13,78762517039.14827,2.1304861039321308e-16,5.908117796896195e-18,9.3882380850870573e-14,2.505167023724037e-12,1,1,0.91666666666666663,0.25
5,trial,element,8,14,3,0.5,0,1,94.056340933338618,94.061656744710746,20,682035009003.20398,1.4902687378237243e-16,6.7936706339559344e-17,1.2734594276331583e-14,2.3581743536396828e-11,1,1,0.41666666666666669,0.75
5,trial,element,9,16,3,0.5,0,0,101.42980437789407,101.43473377564341,19,249423852516.02905,1.0949382349231567e-16,1.7675514855035495e-17,1.9441898127276733e-14,2.1426902900581046e-13,1,1,0.75,0.58333333333333337
5,trial,element,10,18,4,0.35355339059327379,0,1,71.117858220106967,71.121373423962581,19,751477464873.46985,1.0472218155474773e-16,7.6207414983476079e-18,2.0601303493846343e-14,2.0660405045594018e-11,1,1,0.16666666666666666,0.58333333333333337
5,trial,element,11,21,4,0.35355339059327379,0,1,98.201386175303185,98.203931934912006,22,300798720321.7514,2.0079816442748527e-16,1.2530029806492522e-16,2.4137402931810667e-14,7.5259364995654816e-11,1,1,0.58333333333333337,0.33333333333333331
5,trial,element,12,24,4,0.35355339059327379,0,1,84.873824854570103,84.8767703529508,21,155460840545.24179,3.3656380177134047e-16,5.6699849816743228e-17,8.0303655288263028e-14,1.4339938445513221e-11,1,1,0.33333333333333331,0.58333333333333337
5,trial,element,13,27,4,0.35355339059327379,0,1,79.178054406985211,79.181211784415353,20,496137710136.49597,1.5038672577461093e-16,8.6293501900179393e-18,5.0267293621883378e-14,4.318082692258058e-12,1,1,0.58333333333333337,0.16666666666666666
5,trial,element,14,32,5,0.25,1,1,40.911429998285428,40.914485265217685,14,221056672748.96133,1.9481302750570556e-16,2.9626202493293345e-17,4.9432490867222722e-14,7.829337949990453e-12,1,1,0.041666666666666664,0.125
5,trial,element,15,33,5,0.25,1,1,41.839682186952999,41.842669674320383,16,170477387977.31888,1.8514011518789616e-16,1.0031094715011268e-17,1.9245727650259164e-13,1.7672666981020642e-11,1,1,0.375,0.041666666666666664
5,trial,element,16,34,5,0.25,0,1,63.133646286118591,63.135626181275484,19,292120607704.3031,2.7691035704557676e-16,1.4015249246151223e-16,7.5825225863851385e-14,1.9813148733264993e-11,1,1,0.125,0.45833333333333331
5,trial,element,17,35,5,0.25,0,1,64.150236837902725,64.152185359018773,20,500263787300.12347,1.4017232801944769e-16,5.1864768844705483e-18,3.0374254265001399e-14,5.1290117189354138e-12,1,1,0.45833333333333331,0.125
5,trial,element,18,36,5,0.25,1,1,41.098101363958847,41.101142754367835,15,6783682969.0193338,2.9180924911792412e-16,9.0110902039070671e-18,1.0922909515231358e-13,4.3286096999046326e-12,1,1,0.041666666666666664,0.375
5,trial,element,19,37,5,0.25,1,1,41.209012697470662,41.21204590037059,15,910222711920.36072,1.8675535796302891e-16,5.8378570643992169e-17,2.2276604177355763e-12,1.2131525374939838e-10,1,1,0.125,0.041666666666666664
5,trial,element,20,42,5,0.25,0,1,69.722931187535693,69.724723974106382,22,140125193027.81912,2.4785781411040506e-16,9.1963454802655577e-18,1.2257508973403605e-12,2.3966213681674519e-11,1,1,0.45833333333333331,0.375
5,trial,element,21,43,6,0.17677669529663689,0,1,55.035336656124045,55.036472277825631,21,917903884688.97644,1.2981211968655045e-16,5.5759762736648077e-17,6.7596090430789033e-14,2.1473018718287389e-11,1,1,0.41666666666666669,0.20833333333333334
5,trial,element,22,44,6,0.17677669529663689,0,1,53.619716924795227,53.620882527569592,19,469886810864.38953,4.5673145810006881e-17,8.4008518291824632e-18,2.3580013304932871e-13,2.0782492286138068e-11,1,1,0.083333333333333329,0.29166666666666669
5,trial,element,23,45,6,0.17677669529663689,0,1,50.178665507721242,50.179911041502201,18,524230199870.00476,2.240308080051718e-16,1.0790136086127837e-17,1.7877919977515651e-14,1.071842889922518e-12,1,1,0.20833333333333334,0.083333333333333329
5,trial,element,24,48,5,0.25,0,1,69.753795185946288,69.755587180214746,22,883291763294.65259,1.0658720922575138e-16,8.5312712366103626e-18,6.0688750257740373e-13,2.7943665148159449e-12,1,1,0.375,0.45833333333333331
5,trial,element,25,50,6,0.17677669529663689,0,1,56.216952162353834,56.218063918800468,21,971181998487.20789,2.3984208987286731e-16,5.9625624949206928e-17,7.0354451397181846e-14,1.119946413548666e-10,1,1,0.16666666666666666,0.29166666666666669
5,trial,element,26,52,6,0.17677669529663689,0,1,53.747347289984482,53.748510125365392,19,432693821876.28589,1.7623094161753082e-16,1.3736481430150429e-16,2.843426433968954e-14,4.740928950331732e-12,1,1,0.083333333333333329,0.20833333333333334
5,trial,element,27,53,6,0.17677669529663689,0,1,54.33890449746206,54.340054675268597,19,961908248142.06885,2.480083376342779e-16,5.7623128520244659e-17,1.4384083749423432e-13,4.2967999566380701e-11,1,1,0.29166666666666669,0.083333333333333329
5,trial,element,28,55,6,0.17677669529663689,0,1,55.695091177524475,55.696213347712025,21,333069863343.00262,8.4135483906431398e-17,5.6699742529712839e-17,3.3707572478710855e-13,3.5168113763800671e-13,1,1,0.41666666666666669,0.29166666666666669
5,trial,element,29,56,7,0.125,0,1,39.69039009286773,39.69117742917269,17,777932973655.51245,8.3284680644363025e-17,5.341587793731259e-17,1.4669996070653475e-13,6.3129303254692606e-12,1,1,0.14583333333333334,0.1875
5,trial,element,30,57,7,0.125,0,1,39.691715514803391,39.692502824261659,17,94251625942.742859,4.1306459733127052e-17,5.3487116311666708e-17,2.2117057903717975e-14,3.4315859670512829e-11,1,1,0.3125,0.14583333333333334
5,trial,element,31,60,7,0.125,0,1,40.484226432175085,40.484998330471598,18,931551778644.33154,1.1419531568322416e-16,5.4853034576203179e-17,4.547625008051255e-14,4.0660035094062402e-12,1,1,0.1875,0.22916666666666666
5,trial,element,32,62,7,0.125,0,1,39.984383611490451,39.985165158901069,17,60598257450.017654,1.345029374927836e-16,5.4789233588408291e-17,5.8230803384075646e-14,3.8966639755269302e-12,1,1,0.35416666666666669,0.1875
5,trial,element,33,63,7,0.125,0,1,39.403892677458913,39.404685738246194,16,31936153868.929226,1.3228712487783308e-16,5.3582773035930874e-17,9.3324938508238788e-15,4.3517508615317702e-12,1,1,0.1875,0.14583333333333334
5,trial,element,34,64,6,0.17677669529663689,0,1,56.313600881403715,56.31471072648457,21,832485342946.24866,1.2278113074034237e-16,8.9790063073894785e-18,1.0722810550081098e-14,7.0622244487254713e-12,1,1,0.20833333333333334,0.33333333333333331
5,trial,element,35,65,6,0.17677669529663689,0,1,55.237431511822663,55.23856297792684,21,559544820135.29834,9.5412121336119877e-17,5.3902224244372102e-17,4.5001278622114496e-13,5.1423892638201934e-11,1,1,0.29166666666666669,0.41666666666666669
5,trial,element,36,66,7,0.125,0,1,39.890099898189895,39.890883292895225,17,10173378187.399591,1.1834285430200808e-16,5.3221840963604461e-17,2.5095960475564788e-15,1.1445252871895458e-13,1,1,0.35416666666666669,0.3125
5,trial,element,37,67,8,0.088388347648318447,0,1,33.941125322277863,33.941585675130547,15,2166206050.5808825,9.930930086311517e-17,5.210969178024091e-17,1.8961950580285522e-15,2.9901196584806485e-13,1,1,0.33333333333333331,0.22916666666666666
5,trial,element,38,68,8,0.088388347648318447,0,1,33.941125518798188,33.941585871653878,15,1896158946.6010225,6.7472902738020311e-17,7.316846539654966e-18,3.1766754781133609e-15,3.5131431754048876e-14,1,1,0.22916666666666666,0.16666666666666666
5,trial,element,39,69,8,0.088388347648318447,0,0,33.941125496664611,33.941585849520017,15,221119021.42646229,4.3295202515450947e-17,5.4041108867928681e-17,1.018171693627841e-15,7.8946448969552453e-16,1,1,0.27083333333333331,0.20833333333333334
5,trial,element,40,70,6,0.17677669529663689,0,1,52.29895692932508,52.300151968024892,20,440030430052.94012,6.1087898431710729e-17,9.2110052538930847e-18,1.7616572274663109e-13,6.1790510682974514e-12,1,1,0.20833333333333334,0.41666666666666669
5,trial,element,41,71,8,0.088388347648318447,0,0,33.941125496914786,33.941585849770036,15,234791124.34213826,9.3582491259401155e-17,1.4040732159588705e-17,1.6024908987665686e-15,8.2894464082739712e-15,1,1,0.29166666666666669,0.22916666666666666
5,trial,element,42,72,8,0.088388347648318447,0,1,33.941125496895687,33.941585849750737,15,820289485.07474911,1.4879200553497752e-16,7.2735914397541634e-17,4.9217031856892409e-15,1.9934136473068443e-14,1,1,0.22916666666666666,0.20833333333333334
5,trial,element,43,73,8,0.088388347648318447,0,1,33.941125502685388,33.941585855540879,15,2479111778.1204219,9.9415056238750695e-17,9.4013538647933924e-18,1.1795610420761651e-15,1.0657845896883581e-14,1,1,0.27083333333333331,0.16666666666666666
5,trial,element,44,74,7,0.125,0,1,40.499495418412891,40.500267025574409,18,573381951472.3009,8.9843564229680613e-17,5.4386336131183349e-17,1.4355063540339004e-13,1.9611890512583036e-12,1,1,0.27083333333333331,0.3125
5,trial,element,45,75,8,0.088388347648318447,0,1,33.941125497152242,33.9415858500073,15,766941131.27671015,9.4790347557267968e-17,1.1466278902064301e-16,1.4056615195923726e-14,1.9342033588125955e-14,1,1,0.29166666666666669,0.27083333333333331
5,trial,element,46,76,7,0.125,0,1,39.608368169129442,39.609157135897931,17,135619413410.32307,1.6125301966577867e-16,5.2594137934732995e-17,2.0666091883323517e-14,3.2204204785163391e-12,1,1,0.3125,0.35416666666666669
5,trial,element,47,77,8,0.088388347648318447,0,1,33.941125491963824,33.941585844819173,15,1858533294.4632802,6.6614605917811802e-17,5.273171259559143e-17,3.718698546428929e-15,6.3157701279517223e-15,1,1,0.33333333333333331,0.27083333333333331
5,trial,patch1,0,2,3,0.5,0,0,4.4554248355367543,4.476926847731157,30,236784601319.92004,1.2457738105848387e-16,5.4911696693951064e-17,1.218892259219174e-15,0,11,2.2360679774997898,0.58333333333333337,0.75
5,trial,patch1,1,4,3,0.5,0,1,6.5910189574224134,6.6037315921767208,30,25582555515.308479,2.4929972243693395e-16,6.3226899482696915e-17,9.8715622755183994e-16,0,12,2.2360679774997898,0.75,0.41666666666666669
5,trial,patch1,2,5,3,0.5,1,1,9.7419738154363902,9.7647139839757813,30,26031146576.817226,1.7004169941930799e-16,4.0898975220008779e-17,3.4285780815709314e-15,0,7,1.8027756377319946,0.75,0.083333333333333329
5,trial,patch1,3,6,3,0.5,1,0,7.3479863474385008,7.3742360799730333,30,543591492404.46985,3.3152018753845315e-16,4.2258525487632473e-17,9.1138550311012832e-16,0,7,2.2360679774997898,0.25,0.91666666666666663
5,trial,patch1,4,8,3,0.5,1,0,12.376264715566411,12.397764633588004,27,95470783372.929276,1.8744511294046422e-16,7.0142340433021111e-17,2.755174787144836e-15,0,6,2.2360679774997898,0.91666666666666663,0.75
5,trial,patch1,5,10,3,0.5,1,0,11.53380685137876,11.558404043998292,27,58163977417.010468,2.5002606657237734e-16,5.1579122345704269e-17,1.5876818047650897e-15,0,6,2.2360679774997898,0.75,0.91666666666666663
5,trial,patch1,6,11,3,0.5,1,1,7.1432187741561508,7.1722986824427801,30,27387450829.395935,1.2329057474726898e-16,6.6086486890571741e-17,3.005040087166132e-15,0,7,1.8027756377319946,0.083333333333333329,0.75
5,trial,patch1,7,12,3,0.5,1,0,6.2248061488226805,6.258561132168686,30,378123911632.71777,2.1304861039321308e-16,5.3512162779868983e-17,2.2470062122189842e-15,0,7,2.2360679774997898,0.91666666666666663,0.25
5,trial,patch1,8,14,3,0.5,0,1,6.11153198252532,6.1232589677146363,30,28558871340.940804,1.4902687378237243e-16,3.5596279693794438e-17,2.9149769947835031e-15,0,12,2.2360679774997898,0.41666666666666669,0.75
5,trial,patch1,9,16,3,0.5,0,0,5.052068182643251,5.0711618678888826,30,235918013906.7402,1.0949382349231567e-16,5.4854963919039068e-17,1.3237538877820029e-15,0,11,2.2360679774997898,0.75,0.58333333333333337
5,trial,patch1,10,18,4,0.35355339059327379,0,1,7.4310695792628891,7.438586883615061,30,4170132180.2247639,1.0472218155474773e-16,6.3730679094519867e-17,1.9884983282404341e-15,0,10,2.5495097567963922,0.16666666666666666,0.58333333333333337
5,trial,patch1,11,21,4,0.35355339059327379,0,1,3.5467073489292091,3.5493213707597482,30,9480720195.2912006,2.0079816442748527e-16,4.3347199050488893e-17,8.0190059612759952e-16,0,14,3.1622776601683791,0.58333333333333337,0.33333333333333331
5,trial,patch1,12,24,4,0.35355339059327379,0,1,3.9227981419639137,3.9262714600327553,30,6438707975.493885,3.3656380177134047e-16,6.326889018570055e-17,1.3093579142672198e-15,0,14,3.1622776601683791,0.33333333333333331,0.58333333333333337
5,trial,patch1,13,27,4,0.35355339059327379,0,1,6.3518201278404085,6.3580286516452249,30,4604067965.1491671,1.5038672577461093e-16,3.9531780042889466e-17,1.5333454715087718e-15,0,10,2.5495097567963922,0.58333333333333337,0.16666666666666666
5,trial,patch1,14,32,5,0.25,1,1,9.050776194291366,9.0566654711082855,30,171936559587.91641,1.9481302750570556e-16,6.0631796189859989e-17,1.8818636947950341e-15,0,8,2.2360679774997898,0.041666666666666664,0.125
5,trial,patch1,15,33,5,0.25,1,1,6.1161287185839885,6.1237860500120904,30,22585312354.515762,1.8514011518789616e-16,1.3206989176790322e-17,8.763987560349601e-16,0,10,4,0.375,0.041666666666666664
5,trial,patch1,16,34,5,0.25,0,1,3.3831691109718762,3.3875840928036078,30,1871139803.9737239,2.7691035704557676e-16,7.3122312964740832e-17,1.1303248895740263e-15,0,11,3.1622776601683795,0.125,0.45833333333333331
5,trial,patch1,17,35,5,0.25,0,1,3.1557519635519906,3.1609248134805044,30,1731594130.1241424,1.4017232801944769e-16,3.0270704948327989e-17,1.31094672959645e-15,0,11,3.0413812651491097,0.45833333333333331,0.125
5,trial,patch1,18,36,5,0.25,1,1,5.8291686365086077,5.8363263301923638,30,19057598593.449989,2.9180924911792412e-16,7.6239346038909797e-17,1.0051483496949714e-15,0,10,4,0.041666666666666664,0.375
5,trial,patch1,19,37,5,0.25,1,1,9.5169967674026807,9.5226561862149897,30,96281552885.370682,1.8675535796302891e-16,3.3191735724073736e-17,1.7421307314176014e-15,0,8,2.2360679774997898,0.125,0.041666666666666664
5,trial,patch1,20,42,5,0.25,0,1,3.0936615247394381,3.0974017413564656,30,9433381033.3016338,2.4785781411040506e-16,7.2145571430414358e-17,8.7130224783802213e-16,0,15,4,0.45833333333333331,0.375
5,trial,patch1,21,43,6,0.17677669529663689,0,1,2.875575403291494,2.8787206335415885,30,1740259418.4585381,1.2981211968655045e-16,5.2961854784034648e-17,1.9404282725425501e-15,0,13,3.1622776601683791,0.41666666666666669,0.20833333333333334
5,trial,patch1,22,44,6,0.17677669529663689,0,1,6.0696320895104421,6.0718837958271381,30,76913413054.382812,4.5673145810006881e-17,3.6473484390326852e-17,2.0083236828495427e-15,0,10,3.1622776601683791,0.083333333333333329,0.29166666666666669
5,trial,patch1,23,45,6,0.17677669529663689,0,1,6.1648829547491184,6.1667298874308933,30,52836279375.650856,2.240308080051718e-16,3.1967320882111266e-17,1.6109321078350548e-15,0,11,3.1622776601683791,0.20833333333333334,0.083333333333333329
5,trial,patch1,24,48,5,0.25,0,1,3.1127328006955151,3.11794110127948,30,6709514624.209115,1.0658720922575138e-16,5.0468434694897798e-17,1.018936112554139e-15,0,15,4,0.375,0.45833333333333331
5,trial,patch1,25,50,6,0.17677669529663689,0,1,4.2003537769675248,4.2015498248484571,30,21480045412.94331,2.3984208987286731e-16,6.8964151847672744e-17,1.7852469152115008e-15,0,14,2.5,0.16666666666666666,0.29166666666666669
5,trial,patch1,26,52,6,0.17677669529663689,0,1,6.4196240786469279,6.4215396017772646,30,44380851416.144058,1.7623094161753082e-16,5.6270678543642346e-17,1.4799190025599832e-15,0,10,3.1622776601683791,0.083333333333333329,0.20833333333333334
5,trial,patch1,27,53,6,0.17677669529663689,0,1,7.3702044080637119,7.3726505188438223,30,68798282121.874908,2.480083376342779e-16,2.691327140980794e-17,1.0976816691937305e-15,0,11,3.1622776601683791,0.29166666666666669,0.083333333333333329
5,trial,patch1,28,55,6,0.17677669529663689,0,1,3.448090531433448,3.4502512971105666,30,1551427495.2227201,8.4135483906431398e-17,6.0386107778846175e-17,2.719570005542484e-15,0,13,3.1622776601683791,0.41666666666666669,0.29166666666666669
5,trial,patch1,29,56,7,0.125,0,1,4.9422226635287991,4.9434082188118262,29,34993722240.061951,8.3284680644363025e-17,6.4216913320251123e-17,7.9594262112112694e-16,0,11,3.1622776601683795,0.14583333333333334,0.1875
5,trial,patch1,30,57,7,0.125,0,1,5.0441519834484483,5.0448977526628562,30,40233740290.028488,4.1306459733127052e-17,2.6018092655249962e-17,1.3151012193541032e-15,0,13,3.1622776601683795,0.3125,0.14583333333333334
5,trial,patch1,31,60,7,0.125,0,1,3.8449491610037332,3.8463703124358712,29,23303089570.288597,1.1419531568322416e-16,2.1730530714630401e-17,1.5894885058166045e-15,0,13,2.5495097567963922,0.1875,0.22916666666666666
5,trial,patch1,32,62,7,0.125,0,1,3.1756239357964833,3.1768276647369356,30,14029248849.165369,1.345029374927836e-16,3.569766075830478e-17,1.0613488183215718e-15,0,13,3.1622776601683795,0.35416666666666669,0.1875
5,trial,patch1,33,63,7,0.125,0,1,5.002580265720507,5.0034910253929255,29,43627875408.582611,1.3228712487783308e-16,6.3931501640305905e-17,7.4461018036555928e-16,0,12,3.1622776601683795,0.1875,0.14583333333333334
5,trial,patch1,34,64,6,0.17677669529663689,0,1,3.9159932117709726,3.9179897015705576,30,12729499146.570591,1.2278113074034237e-16,6.8056879031030019e-17,1.6181778026564151e-15,0,14,2.5,0.20833333333333334,0.33333333333333331
5,trial,patch1,35,65,6,0.17677669529663689,0,1,3.9032660528147605,3.9050357717139561,30,1349310887.0910599,9.5412121336119877e-17,5.8754306084765103e-17,1.303350255000332e-15,0,12,3.1622776601683791,0.29166666666666669,0.41666666666666669
5,trial,patch1,36,66,7,0.125,0,1,4.7406488774604272,4.7420573472419036,30,4730777997.4840345,1.1834285430200808e-16,2.7986850284804123e-17,1.4409010643414252e-15,0,12,3.1622776601683795,0.35416666666666669,0.3125
5,trial,patch1,37,67,8,0.088388347648318447,0,1,4.2219313066853523,4.2225006746190399,30,35535174730.289558,9.930930086311517e-17,3.9854260364907044e-17,1.8693288014646944e-15,0,11,3.1622776601683791,0.33333333333333331,0.22916666666666666
5,trial,patch1,38,68,8,0.088388347648318447,0,1,5.0329757585697221,5.0339489224140639,29,207797339896.89401,6.7472902738020311e-17,4.4298026208871447e-17,5.8366492428609666e-16,0,10,3.1622776601683791,0.22916666666666666,0.16666666666666666
5,trial,patch1,39,69,8,0.088388347648318447,0,0,3.6998545208612166,3.7000857859222527,29,40329559796.726463,4.3295202515450947e-17,4.904550486377339e-17,8.3676107412016284e-16,0,13,4,0.27083333333333331,0.20833333333333334
5,trial,patch1,40,70,6,0.17677669529663689,0,1,2.7533283166426674,2.7557857669774042,30,1764132184.6416032,6.1087898431710729e-17,5.2102497693077872e-17,2.2656732730753496e-15,0,12,3.1622776601683791,0.20833333333333334,0.41666666666666669
5,trial,patch1,41,71,8,0.088388347648318447,0,0,4.5883041168648653,4.588688274435949,29,36570655654.428032,9.3582491259401155e-17,4.9481388754442114e-17,6.8462000507401721e-16,0,13,4,0.29166666666666669,0.22916666666666666
5,trial,patch1,42,72,8,0.088388347648318447,0,1,3.6296970843610072,3.6301588258748665,29,51944179029.85807,1.4879200553497752e-16,3.3420991798722798e-17,1.0357639386697683e-15,0,12,3.1622776601683791,0.22916666666666666,0.20833333333333334
5,trial,patch1,43,73,8,0.088388347648318447,0,1,3.5414085413265228,3.5422691228273182,29,99140762225.873123,9.9415056238750695e-17,4.4003176337233584e-17,6.7796525191298239e-16,0,11,3.1622776601683791,0.27083333333333331,0.16666666666666666
5,trial,patch1,44,74,7,0.125,0,1,4.0011200689327628,4.003247439437426,30,7702244824.0454321,8.9843564229680613e-17,3.258855770091513e-17,7.9306255194647607e-16,0,13,2.5495097567963922,0.27083333333333331,0.3125
5,trial,patch1,45,75,8,0.088388347648318447,0,1,4.4181117068991602,4.4185109542190073,30,10039220886.838495,9.4790347557267968e-17,2.5720942321542945e-17,8.1095218146978118e-16,0,12,3.1622776601683791,0.29166666666666669,0.27083333333333331
5,trial,patch1,46,76,7,0.125,0,1,4.8365653965311886,4.8376014768746103,30,5391043343.1246634,1.6125301966577867e-16,2.2534374082220772e-17,1.3473246618076226e-15,0,11,3.1622776601683795,0.3125,0.35416666666666669
5,trial,patch1,47,77,8,0.088388347648318447,0,1,3.8081899644514432,3.8091087212105252,30,11079035226.658258,6.6614605917811802e-17,4.4263465507330372e-17,6.5945675656532266e-16,0,10,3.1622776601683791,0.33333333333333331,0.27083333333333331
5,test,element,0,2,3,0.5,0,0,101.35700770246397,101.36194064030505,19,330450810811.69366,1.2457738105848387e-16,9.1191765807289792e-17,1.3182377878864846e-13,2.7854276229427235e-12,1,1,0.58333333333333337,0.75
5,test,element,1,4,3,0.5,0,1,93.411112690909732,93.416465218998781,20,495968307927.29132,2.4929972243693395e-16,8.381565416839429e-17,4.566261344490356e-14,1.6206710641234342e-11,1,1,0.75,0.41666666666666669
5,test,element,2,5,3,0.5,1,1,67.846955208723955,67.854324325006019,15,317582548422.88495,1.7004169941930799e-16,5.8932251362519019e-17,5.9922236091425218e-14,3.239408046243767e-10,1,1,0.75,0.083333333333333329
5,test,element,3,6,3,0.5,1,0,51.55091736457193,51.560615600826424,13,79443962500.588348,3.3152018753845315e-16,1.1258382388391818e-16,6.8758746082802388e-14,2.7313950240831897e-12,1,1,0.25,0.91666666666666663
5,test,element,4,8,3,0.5,1,0,45.088664111512514,45.099752012489702,12,190614791866.28812,1.8744511294046422e-16,6.4769937144397455e-17,1.5817033299688626e-13,1.1173740224772809e-10,1,1,0.91666666666666663,0.75
5,test,element,5,10,3,0.5,1,0,45.072525763654006,45.083617630974288,12,187689532527.64966,2.5002606657237734e-16,1.6054664239705694e-17,1.2504986829957192e-13,9.5243711859581483e-12,1,1,0.75,0.91666666666666663
5,test,element,6,11,3,0.5,1,1,66.626136290862718,66.633640409452084,15,789105164614.73608,1.2329057474726898e-16,5.7009133514198095e-17,6.53049901749804e-14,6.3793279906900021e-10,1,1,0.083333333333333329,0.75
5,test,element,7,12,3,0.5,1,0,51.636326433254617,51.64600863101569,13,78762517039.14827,2.1304861039321308e-16,5.908117796896195e-18,9.3882380850870573e-14,2.505167023724037e-12,1,1,0.91666666666666663,0.25
5,test,element,8,14,3,0.5,0,1,94.056340933338618,94.061656744710746,20,682035009003.20398,1.4902687378237243e-16,6.7936706339559344e-17,1.2734594276331583e-14,2.3581743536396828e-11,1,1,0.41666666666666669,0.75
5,test,element,9,16,3,0.5,0,0,101.42980437789407,101.43473377564341,19,249423852516.02905,1.0949382349231567e-16,1.7675514855035495e-17,1.9441898127276733e-14,2.1426902900581046e-13,1,1,0.75,0.58333333333333337
5,test,element,10,18,4,0.35355339059327379,0,1,71.117858220106967,71.121373423962581,19,751477464873.46985,1.0472218155474773e-16,7.6207414983476079e-18,2.0601303493846343e-14,2.0660405045594018e-11,1,1,0.16666666666666666,0.58333333333333337
5,test,element,11,21,4,0.35355339059327379,0,1,98.201386175303185,98.203931934912006,22,300798720321.7514,2.0079816442748527e-16,1.2530029806492522e-16,2.4137402931810667e-14,7.5259364995654816e-11,1,1,0.58333333333333337,0.33333333333333331
5,test,element,12,24,4,0.35355339059327379,0,1,84.873824854570103,84.8767703529508,21,155460840545.24179,3.3656380177134047e-16,5.6699849816743228e-17,8.0303655288263028e-14,1.4339938445513221e-11,1,1,0.33333333333333331,0.58333333333333337
5,test,element,13,27,4,0.35355339059327379,0,1,79.178054406985211,79.181211784415353,20,496137710136.49597,1.5038672577461093e-16,8.6293501900179393e-18,5.0267293621883378e-14,4.318082692258058e-12,1,1,0.58333333333333337,0.16666666666666666
5,test,element,14,32,5,0.25,1,1,40.911429998285428,40.914485265217685,14,221056672748.96133,1.9481302750570556e-16,2.9626202493293345e-17,4.9432490867222722e-14,7.829337949990453e-12,1,1,0.041666666666666664,0.125
5,test,element,15,33,5,0.25,1,1,41.839682186952999,41.842669674320383,16,170477387977.31888,1.8514011518789616e-16,1.0031094715011268e-17,1.9245727650259164e-13,1.7672666981020642e-11,1,1,0.375,0.041666666666666664
5,test,element,16,34,5,0.25,0,1,63.133646286118591,63.135626181275484,19,292120607704.3031,2.7691035704557676e-16,1.4015249246151223e-16,7.5825225863851385e-14,1.9813148733264993e-11,1,1,0.125,0.45833333333333331
5,test,element,17,35,5,0.25,0,1,64.150236837902725,64.152185359018773,20,500263787300.12347,1.4017232801944769e-16,5.1864768844705483e-18,3.0374254265001399e-14,5.1290117189354138e-12,1,1,0.45833333333333331,0.125
5,test,element,18,36,5,0.25,1,1,41.098101363958847,41.101142754367835,15,6783682969.0193338,2.9180924911792412e-16,9.0110902039070671e-18,1.0922909515231358e-13,4.3286096999046326e-12,1,1,0.041666666666666664,0.375
5,test,element,19,37,5,0.25,1,1,41.209012697470662,41.21204590037059,15,910222711920.36072,1.8675535796302891e-16,5.8378570643992169e-17,2.2276604177355763e-12,1.2131525374939838e-10,1,1,0.125,0.041666666666666664
5,test,element,20,42,5,0.25,0,1,69.722931187535693,69.724723974106382,22,140125193027.81912,2.4785781411040506e-16,9.1963454802655577e-18,1.2257508973403605e-12,2.3966213681674519e-11,1,1,0.45833333333333331,0.375
5,test,element,21,43,6,0.17677669529663689,0,1,55.035336656124045,55.036472277825631,21,917903884688.97644,1.2981211968655045e-16,5.5759762736648077e-17,6.7596090430789033e-14,2.1473018718287389e-11,1,1,0.41666666666666669,0.20833333333333334
5,test,element,22,44,6,0.17677669529663689,0,1,53.619716924795227,53.620882527569592,19,469886810864.38953,4.5673145810006881e-17,8.4008518291824632e-18,2.3580013304932871e-13,2.0782492286138068e-11,1,1,0.083333333333333329,0.29166666666666669
5,test,element,23,45,6,0.17677669529663689,0,1,50.178665507721242,50.179911041502201,18,524230199870.00476,2.240308080051718e-16,1.0790136086127837e-17,1.7877919977515651e-14,1.071842889922518e-12,1,1,0.20833333333333334,0.083333333333333329
5,test,element,24,48,5,0.25,0,1,69.753795185946288,69.755587180214746,22,883291763294.65259,1.0658720922575138e-16,8.5312712366103626e-18,6.0688750257740373e-13,2.7943665148159449e-12,1,1,0.375,0.45833333333333331
5,test,element,25,50,6,0.17677669529663689,0,1,56.216952162353834,56.218063918800468,21,971181998487.20789,2.3984208987286731e-16,5.9625624949206928e-17,7.0354451397181846e-14,1.119946413548666e-10,1,1,0.16666666666666666,0.29166666666666669
5,test,element,26,52,6,0.17677669529663689,0,1,53.747347289984482,53.748510125365392,19,432693821876.28589,1.7623094161753082e-16,1.3736481430150429e-16,2.843426433968954e-14,4.740928950331732e-12,1,1,0.083333333333333329,0.20833333333333334
5,test,element,27,53,6,0.17677669529663689,0,1,54.33890449746206,54.340054675268597,19,961908248142.06885,2.480083376342779e-16,5.7623128520244659e-17,1.4384083749423432e-13,4.2967999566380701e-11,1,1,0.29166666666666669,0.083333333333333329
5,test,element,28,55,6,0.17677669529663689,0,1,55.695091177524475,55.696213347712025,21,333069863343.00262,8.4135483906431398e-17,5.6699742529712839e-17,3.3707572478710855e-13,3.5168113763800671e-13,1,1,0.41666666666666669,0.29166666666666669
5,test,element,29,56,7,0.125,0,1,39.69039009286773,39.69117742917269,17,777932973655.51245,8.3284680644363025e-17,5.341587793731259e-17,1.4669996070653475e-13,6.3129303254692606e-12,1,1,0.14583333333333334,0.1875
5,test,element,30,57,7,0.125,0,1,39.691715514803391,39.692502824261659,17,94251625942.742859,4.1306459733127052e-17,5.3487116311666708e-17,2.2117057903717975e-14,3.4315859670512829e-11,1,1,0.3125,0.14583333333333334
5,test,element,31,60,7,0.125,0,1,40.484226432175085,40.484998330471598,18,931551778644.33154,1.1419531568322416e-16,5.4853034576203179e-17,4.547625008051255e-14,4.0660035094062402e-12,1,1,0.1875,0.22916666666666666
5,test,element,32,62,7,0.125,0,1,39.984383611490451,39.985165158901069,17,60598257450.017654,1.345029374927836e-16,5.4789233588408291e-17,5.8230803384075646e-14,3.8966639755269302e-12,1,1,0.35416666666666669,0.1875
5,test,element,33,63,7,0.125,0,1,39.403892677458913,39.404685738246194,16,31936153868.929226,1.3228712487783308e-16,5.3582773035930874e-17,9.3324938508238788e-15,4.3517508615317702e-12,1,1,0.1875,0.14583333333333334
5,test,element,34,64,6,0.17677669529663689,0,1,56.313600881403715,56.31471072648457,21,832485342946.24866,1.2278113074034237e-16,8.9790063073894785e-18,1.0722810550081098e-14,7.0622244487254713e-12,1,1,0.20833333333333334,0.33333333333333331
5,test,element,35,65,6,0.17677669529663689,0,1,55.237431511822663,55.23856297792684,21,559544820135.29834,9.5412121336119877e-17,5.3902224244372102e-17,4.5001278622114496e-13,5.1423892638201934e-11,1,1,0.29166666666666669,0.41666666666666669
5,test,element,36,66,7,0.125,0,1,39.890099898189895,39.890883292895225,17,10173378187.399591,1.1834285430200808e-16,5.3221840963604461e-17,2.5095960475564788e-15,1.1445252871895458e-13,1,1,0.35416666666666669,0.3125
5,test,element,37,67,8,0.088388347648318447,0,1,33.941125322277863,33.941585675130547,15,2166206050.5808825,9.930930086311517e-17,5.210969178024091e-17,1.8961950580285522e-15,2.9901196584806485e-13,1,1,0.33333333333333331,0.22916666666666666
5,test,element,38,68,8,0.088388347648318447,0,1,33.941125518798188,33.941585871653878,15,1896158946.6010225,6.7472902738020311e-17,7.316846539654966e-18,3.1766754781133609e-15,3.5131431754048876e-14,1,1,0.22916666666666666,0.16666666666666666
5,test,element,39,69,8,0.088388347648318447,0,0,33.941125496664611,33.941585849520017,15,221119021.42646229,4.3295202515450947e-17,5.4041108867928681e-17,1.018171693627841e-15,7.8946448969552453e-16,1,1,0.27083333333333331,0.20833333333333334
5,test,element,40,70,6,0.17677669529663689,0,1,52.29895692932508,52.300151968024892,20,440030430052.94012,6.1087898431710729e-17,9.2110052538930847e-18,1.7616572274663109e-13,6.1790510682974514e-12,1,1,0.20833333333333334,0.41666666666666669
5,test,element,41,71,8,0.088388347648318447,0,0,33.941125496914786,33.941585849770036,15,234791124.34213826,9.3582491259401155e-17,1.4040732159588705e-17,1.6024908987665686e-15,8.2894464082739712e-15,1,1,0.29166666666666669,0.22916666666666666
5,test,element,42,72,8,0.088388347648318447,0,1,33.941125496895687,33.941585849750737,15,820289485.07474911,1.4879200553497752e-16,7.2735914397541634e-17,4.9217031856892409e-15,1.9934136473068443e-14,1,1,0.22916666666666666,0.20833333333333334
5,test,element,43,73,8,0.088388347648318447,0,1,33.941125502685388,33.941585855540879,15,2479111778.1204219,9.9415056238750695e-17,9.4013538647933924e-18,1.1795610420761651e-15,1.0657845896883581e-14,1,1,0.27083333333333331,0.16666666666666666
5,test,element,44,74,7,0.125,0,1,40.499495418412891,40.500267025574409,18,573381951472.3009,8.9843564229680613e-17,5.4386336131183349e-17,1.4355063540339004e-13,1.9611890512583036e-12,1,1,0.27083333333333331,0.3125
5,test,element,45,75,8,0.088388347648318447,0,1,33.941125497152242,33.9415858500073,15,766941131.27671015,9.4790347557267968e-17,1.1466278902064301e-16,1.4056615195923726e-14,1.9342033588125955e-14,1,1,0.29166666666666669,0.27083333333333331
5,test,element,46,76,7,0.125,0,1,39.608368169129442,39.609157135897931,17,135619413410.32307,1.6125301966577867e-16,5.2594137934732995e-17,2.0666091883323517e-14,3.2204204785163391e-12,1,1,0.3125,0.35416666666666669
5,test,element,47,77,8,0.088388347648318447,0,1,33.941125491963824,33.941585844819173,15,1858533294.4632802,6.6614605917811802e-17,5.273171259559143e-17,3.718698546428929e-15,6.3157701279517223e-15,1,1,0.33333333333333331,0.27083333333333331
5,test,patch1,0,2,3,0.5,0,0,4.4554248355367543,4.476926847731157,30,236784601319.92004,1.2457738105848387e-16,5.4911696693951064e-17,1.218892259219174e-15,0,11,2.2360679774997898,0.58333333333333337,0.75
5,test,patch1,1,4,3,0.5,0,1,6.5910189574224134,6.6037315921767208,30,25582555515.308479,2.4929972243693395e-16,6.3226899482696915e-17,9.8715622755183994e-16,0,12,2.2360679774997898,0.75,0.41666666666666669
5,test,patch1,2,5,3,0.5,1,1,9.7419738154363902,9.7647139839757813,30,26031146576.817226,1.7004169941930799e-16,4.0898975220008779e-17,3.4285780815709314e-15,0,7,1.8027756377319946,0.75,0.083333333333333329
5,test,patch1,3,6,3,0.5,1,0,7.3479863474385008,7.3742360799730333,30,543591492404.46985,3.3152018753845315e-16,4.2258525487632473e-17,9.1138550311012832e-16,0,7,2.2360679774997898,0.25,0.91666666666666663
5,test,patch1,4,8,3,0.5,1,0,12.376264715566411,12.397764633588004,27,95470783372.929276,1.8744511294046422e-16,7.0142340433021111e-17,2.755174787144836e-15,0,6,2.2360679774997898,0.91666666666666663,0.75
5,test,patch1,5,10,3,0.5,1,0,11.53380685137876,11.558404043998292,27,58163977417.010468,2.5002606657237734e-16,5.1579122345704269e-17,1.5876818047650897e-15,0,6,2.2360679774997898,0.75,0.91666666666666663
5,test,patch1,6,11,3,0.5,1,1,7.1432187741561508,7.1722986824427801,30,27387450829.395935,1.2329057474726898e-16,6.6086486890571741e-17,3.005040087166132e-15,0,7,1.8027756377319946,0.083333333333333329,0.75
5,test,patch1,7,12,3,0.5,1,0,6.2248061488226805,6.258561132168686,30,378123911632.71777,2.1304861039321308e-16,5.3512162779868983e-17,2.2470062122189842e-15,0,7,2.2360679774997898,0.91666666666666663,0.25
5,test,patch1,8,14,3,0.5,0,1,6.11153198252532,6.1232589677146363,30,28558871340.940804,1.4902687378237243e-16,3.5596279693794438e-17,2.9149769947835031e-15,0,12,2.2360679774997898,0.41666666666666669,0.75
5,test,patch1,9,16,3,0.5,0,0,5.052068182643251,5.0711618678888826,30,235918013906.7402,1.0949382349231567e-16,5.4854963919039068e-17,1.3237538877820029e-15,0,11,2.2360679774997898,0.75,0.58333333333333337
5,test,patch1,10,18,4,0.35355339059327379,0,1,7.4310695792628891,7.438586883615061,30,4170132180.2247639,1.0472218155474773e-16,6.3730679094519867e-17,1.9884983282404341e-15,0,10,2.5495097567963922,0.16666666666666666,0.58333333333333337
5,test,patch1,11,21,4,0.35355339059327379,0,1,3.5467073489292091,3.5493213707597482,30,9480720195.2912006,2.0079816442748527e-16,4.3347199050488893e-17,8.0190059612759952e-16,0,14,3.1622776601683791,0.58333333333333337,0.33333333333333331
5,test,patch1,12,24,4,0.35355339059327379,0,1,3.9227981419639137,3.9262714600327553,30,6438707975.493885,3.3656380177134047e-16,6.326889018570055e-17,1.3093579142672198e-15,0,14,3.1622776601683791,0.33333333333333331,0.58333333333333337
5,test,patch1,13,27,4,0.35355339059327379,0,1,6.3518201278404085,6.3580286516452249,30,4604067965.1491671,1.5038672577461093e-16,3.9531780042889466e-17,1.5333454715087718e-15,0,10,2.5495097567963922,0.58333333333333337,0.16666666666666666
5,test,patch1,14,32,5,0.25,1,1,9.050776194291366,9.0566654711082855,30,171936559587.91641,1.9481302750570556e-16,6.0631796189859989e-17,1.8818636947950341e-15,0,8,2.2360679774997898,0.041666666666666664,0.125
5,test,patch1,15,33,5,0.25,1,1,6.1161287185839885,6.1237860500120904,30,22585312354.515762,1.8514011518789616e-16,1.3206989176790322e-17,8.763987560349601e-16,0,10,4,0.375,0.041666666666666664
5,test,patch1,16,34,5,0.25,0,1,3.3831691109718762,3.3875840928036078,30,1871139803.9737239,2.7691035704557676e-16,7.3122312964740832e-17,1.1303248895740263e-15,0,11,3.1622776601683795,0.125,0.45833333333333331
5,test,patch1,17,35,5,0.25,0,1,3.1557519635519906,3.1609248134805044,30,1731594130.1241424,1.4017232801944769e-16,3.0270704948327989e-17,1.31094672959645e-15,0,11,3.0413812651491097,0.45833333333333331,0.125
5,test,patch1,18,36,5,0.25,1,1,5.8291686365086077,5.8363263301923638,30,19057598593.449989,2.9180924911792412e-16,7.6239346038909797e-17,1.0051483496949714e-15,0,10,4,0.041666666666666664,0.375
5,test,patch1,19,37,5,0.25,1,1,9.5169967674026807,9.5226561862149897,30,96281552885.370682,1.8675535796302891e-16,3.3191735724073736e-17,1.7421307314176014e-15,0,8,2.2360679774997898,0.125,0.041666666666666664
5,test,patch1,20,42,5,0.25,0,1,3.0936615247394381,3.0974017413564656,30,9433381033.3016338,2.4785781411040506e-16,7.2145571430414358e-17,8.7130224783802213e-16,0,15,4,0.45833333333333331,0.375
5,test,patch1,21,43,6,0.17677669529663689,0,1,2.875575403291494,2.8787206335415885,30,1740259418.4585381,1.2981211968655045e-16,5.2961854784034648e-17,1.9404282725425501e-15,0,13,3.1622776601683791,0.41666666666666669,0.20833333333333334
5,test,patch1,22,44,6,0.17677669529663689,0,1,6.0696320895104421,6.0718837958271381,30,76913413054.382812,4.5673145810006881e-17,3.6473484390326852e-17,2.0083236828495427e-15,0,10,3.1622776601683791,0.083333333333333329,0.29166666666666669
5,test,patch1,23,45,6,0.17677669529663689,0,1,6.1648829547491184,6.1667298874308933,30,52836279375.650856,2.240308080051718e-16,3.1967320882111266e-17,1.6109321078350548e-15,0,11,3.1622776601683791,0.20833333333333334,0.083333333333333329
5,test,patch1,24,48,5,0.25,0,1,3.1127328006955151,3.11794110127948,30,6709514624.209115,1.0658720922575138e-16,5.0468434694897798e-17,1.018936112554139e-15,0,15,4,0.375,0.45833333333333331
5,test,patch1,25,50,6,0.17677669529663689,0,1,4.2003537769675248,4.2015498248484571,30,21480045412.94331,2.3984208987286731e-16,6.8964151847672744e-17,1.7852469152115008e-15,0,14,2.5,0.16666666666666666,0.29166666666666669
5,test,patch1,26,52,6,0.17677669529663689,0,1,6.4196240786469279,6.4215396017772646,30,44380851416.144058,1.7623094161753082e-16,5.6270678543642346e-17,1.4799190025599832e-15,0,10,3.1622776601683791,0.083333333333333329,0.20833333333333334
5,test,patch1,27,53,6,0.17677669529663689,0,1,7.3702044080637119,7.3726505188438223,30,68798282121.874908,2.480083376342779e-16,2.691327140980794e-17,1.0976816691937305e-15,0,11,3.1622776601683791,0.29166666666666669,0.083333333333333329
5,test,patch1,28,55,6,0.17677669529663689,0,1,3.448090531433448,3.4502512971105666,30,1551427495.2227201,8.4135483906431398e-17,6.0386107778846175e-17,2.719570005542484e-15,0,13,3.1622776601683791,0.41666666666666669,0.29166666666666669
5,test,patch1,29,56,7,0.125,0,1,4.9422226635287991,4.9434082188118262,29,34993722240.061951,8.3284680644363025e-17,6.4216913320251123e-17,7.9594262112112694e-16,0,11,3.1622776601683795,0.14583333333333334,0.1875
5,test,patch1,30,57,7,0.125,0,1,5.0441519834484483,5.0448977526628562,30,40233740290.028488,4.1306459733127052e-17,2.6018092655249962e-17,1.3151012193541032e-15,0,13,3.1622776601683795,0.3125,0.14583333333333334
5,test,patch1,31,60,7,0.125,0,1,3.8449491610037332,3.8463703124358712,29,23303089570.288597,1.1419531568322416e-16,2.1730530714630401e-17,1.5894885058166045e-15,0,13,2.5495097567963922,0.1875,0.22916666666666666
5,test,patch1,32,62,7,0.125,0,1,3.1756239357964833,3.1768276647369356,30,14029248849.165369,1.345029374927836e-16,3.569766075830478e-17,1.0613488183215718e-15,0,13,3.1622776601683795,0.35416666666666669,0.1875
5,test,patch1,33,63,7,0.125,0,1,5.002580265720507,5.0034910253929255,29,43627875408.582611,1.3228712487783308e-16,6.3931501640305905e-17,7.4461018036555928e-16,0,12,3.1622776601683795,0.1875,0.14583333333333334
5,test,patch1,34,64,6,0.17677669529663689,0,1,3.9159932117709726,3.9179897015705576,30,12729499146.570591,1.2278113074034237e-16,6.8056879031030019e-17,1.6181778026564151e-15,0,14,2.5,0.20833333333333334,0.33333333333333331
5,test,patch1,35,65,6,0.17677669529663689,0,1,3.9032660528147605,3.9050357717139561,30,1349310887.0910599,9.5412121336119877e-17,5.8754306084765103e-17,1.303350255000332e-15,0,12,3.1622776601683791,0.29166666666666669,0.41666666666666669
5,test,patch1,36,66,7,0.125,0,1,4.7406488774604272,4.7420573472419036,30,4730777997.4840345,1.1834285430200808e-16,2.7986850284804123e-17,1.4409010643414252e-15,0,12,3.1622776601683795,0.35416666666666669,0.3125
5,test,patch1,37,67,8,0.088388347648318447,0,1,4.2219313066853523,4.2225006746190399,30,35535174730.289558,9.930930086311517e-17,3.9854260364907044e-17,1.8693288014646944e-15,0,11,3.1622776601683791,0.33333333333333331,0.22916666666666666
5,test,patch1,38,68,8,0.088388347648318447,0,1,5.0329757585697221,5.0339489224140639,29,207797339896.89401,6.7472902738020311e-17,4.4298026208871447e-17,5.8366492428609666e-16,0,10,3.1622776601683791,0.22916666666666666,0.16666666666666666
5,test,patch1,39,69,8,0.088388347648318447,0,0,3.6998545208612166,3.7000857859222527,29,40329559796.726463,4.3295202515450947e-17,4.904550486377339e-17,8.3676107412016284e-16,0,13,4,0.27083333333333331,0.20833333333333334
5,test,patch1,40,70,6,0.17677669529663689,0,1,2.7533283166426674,2.7557857669774042,30,1764132184.6416032,6.1087898431710729e-17,5.2102497693077872e-17,2.2656732730753496e-15,0,12,3.1622776601683791,0.20833333333333334,0.41666666666666669
5,test,patch1,41,71,8,0.088388347648318447,0,0,4.5883041168648653,4.588688274435949,29,36570655654.428032,9.3582491259401155e-17,4.9481388754442114e-17,6.8462000507401721e-16,0,13,4,0.29166666666666669,0.22916666666666666
5,test,patch1,42,72,8,0.088388347648318447,0,1,3.6296970843610072,3.6301588258748665,29,51944179029.85807,1.4879200553497752e-16,3.3420991798722798e-17,1.0357639386697683e-15,0,12,3.1622776601683791,0.22916666666666666,0.20833333333333334
5,test,patch1,43,73,8,0.088388347648318447,0,1,3.5414085413265228,3.5422691228273182,29,99140762225.873123,9.9415056238750695e-17,4.4003176337233584e-17,6.7796525191298239e-16,0,11,3.1622776601683791,0.27083333333333331,0.16666666666666666
5,test,patch1,44,74,7,0.125,0,1,4.0011200689327628,4.003247439437426,30,7702244824.0454321,8.9843564229680613e-17,3.258855770091513e-17,7.9306255194647607e-16,0,13,2.5495097567963922,0.27083333333333331,0.3125
5,test,patch1,45,75,8,0.088388347648318447,0,1,4.4181117068991602,4.4185109542190073,30,10039220886.838495,9.4790347557267968e-17,2.5720942321542945e-17,8.1095218146978118e-16,0,12,3.1622776601683791,0.29166666666666669,0.27083333333333331
5,test,patch1,46,76,7,0.125,0,1,4.8365653965311886,4.8376014768746103,30,5391043343.1246634,1.6125301966577867e-16,2.2534374082220772e-17,1.3473246618076226e-15,0,11,3.1622776601683795,0.3125,0.35416666666666669
5,test,patch1,47,77,8,0.088388347648318447,0,1,3.8081899644514432,3.8091087212105252,30,11079035226.658258,6.6614605917811802e-17,4.4263465507330372e-17,6.5945675656532266e-16,0,10,3.1622776601683791,0.33333333333333331,0.27083333333333331
6,coarse,element,0,2,3,0.5,0,0,8.4852813742385607,8.5440037453175215,3,4.0000000000000036,0,5.5511151231257747e-17,3.3257358785308457e-16,0,1,1,0.58333333333333337,0.75
6,coarse,element,1,4,3,0.5,0,1,8.4852813742385536,8.5440037453175144,3,4.0000000000000018,0,0,1.6719630770427554e-16,0,1,1,0.75,0.41666666666666669
6,coarse,element,2,5,3,0.5,1,1,8.4852813742385571,8.5440037453175197,3,4.0000000000000036,0,0,1.0256828592499333e-16,3.8933848534800116e-16,1,1,0.75,0.083333333333333329
6,coarse,element,3,6,3,0.5,1,0,8.4852813742385766,8.5440037453175375,3,4.0000000000000071,0,5.5511151231257839e-17,1.1645185369284679e-16,0,1,1,0.25,0.91666666666666663
6,coarse,element,4,8,3,0.5,1,0,8.485281374238566,8.544003745317525,3,3.999999999999996,0,0,4.2414822972606285e-16,3.8933848534800047e-16,1,1,0.91666666666666663,0.75
6,coarse,element,5,10,3,0.5,1,0,8.4852813742385642,8.544003745317525,3,3.999999999999996,0,0,7.3477849641193143e-17,0,1,1,0.75,0.91666666666666663
6,coarse,element,6,11,3,0.5,1,1,8.4852813742385536,8.5440037453175144,3,4.0000000000000036,0,0,1.6364058750774242e-16,0,1,1,0.083333333333333329,0.75
6,coarse,element,7,12,3,0.5,1,0,8.4852813742385766,8.5440037453175393,3,4.0000000000000071,0,5.5511151231257839e-17,3.416824233655174e-16,3.8933848534799934e-16,1,1,0.91666666666666663,0.25
6,coarse,element,8,14,3,0.5,0,1,8.4852813742385553,8.5440037453175162,3,4.0000000000000027,0,0,2.9241031914490786e-16,0,1,1,0.41666666666666669,0.75
6,coarse,element,9,16,3,0.5,0,0,8.4852813742385589,8.5440037453175197,3,4.0000000000000036,0,0,9.9874397952698202e-17,0,1,1,0.75,0.58333333333333337
6,coarse,element,10,18,4,0.35355339059327379,0,1,8.4852813742385926,8.5146931829632209,3,4.000000000000016,0,0,4.1230104743209414e-16,5.8956670962852829e-16,1,1,0.16666666666666666,0.58333333333333337
6,coarse,element,11,21,4,0.35355339059327379,0,1,8.4852813742385926,8.5146931829632209,3,4.000000000000016,0,0,4.1230104743209414e-16,5.8956670962852829e-16,1,1,0.58333333333333337,0.33333333333333331
6,coarse,element,12,24,4,0.35355339059327379,0,1,8.4852813742385926,8.5146931829632244,3,4.0000000000000169,0,0,5.1347476922737261e-17,3.9049223624746662e-16,1,1,0.33333333333333331,0.58333333333333337
6,coarse,element,13,27,4,0.35355339059327379,0,1,8.4852813742385926,8.5146931829632244,3,4.0000000000000169,0,0,5.1347476922737261e-17,3.9049223624746662e-16,1,1,0.58333333333333337,0.16666666666666666
6,coarse,element,14,32,5,0.25,1,1,8.4852813742385713,8.5,3,4.0000000000000018,0,0,1.6298785747251848e-16,1.966900306602353e-16,1,1,0.041666666666666664,0.125
6,coarse,element,15,33,5,0.25,1,1,8.4852813742385713,8.5,3,4.0000000000000018,0,0,1.6298785747251848e-16,1.966900306602353e-16,1,1,0.375,0.041666666666666664
6,coarse,element,16,34,5,0.25,0,1,8.4852813742385678,8.4999999999999964,3,4.0000000000000027,0,0,3.5392783363422723e-16,1.9669003066023545e-16,1,1,0.125,0.45833333333333331
6,coarse,element,17,35,5,0.25,0,1,8.4852813742385695,8.5,3,4.0000000000000044,0,0,2.147547494273247e-16,1.9669003066023535e-16,1,1,0.45833333333333331,0.125
6,coarse,element,18,36,5,0.25,1,1,8.4852813742385695,8.5,3,4.0000000000000018,0,0,3.199009368634398e-16,1.9669003066023535e-16,1,1,0.041666666666666664,0.375
6,coarse,element,19,37,5,0.25,1,1,8.4852813742385695,8.5,3,4.0000000000000044,0,0,2.147547494273247e-16,1.9669003066023535e-16,1,1,0.125,0.041666666666666664
6,coarse,element,20,42,5,0.25,0,1,8.4852813742385713,8.5,3,4.0000000000000018,0,0,1.6298785747251848e-16,1.966900306602353e-16,1,1,0.45833333333333331,0.375
6,coarse,element,21,43,6,0.17677669529663689,0,1,8.4852813742385749,8.4926438757315186,3,4.0000000000000027,0,0,2.1486196806107061e-16,3.8482600506937799e-19,1,1,0.41666666666666669,0.20833333333333334
6,coarse,element,22,44,6,0.17677669529663689,0,1,8.4852813742385749,8.4926438757315204,3,4.0000000000000044,0,0,1.8727261591657616e-16,3.9367700318597349e-16,1,1,0.083333333333333329,0.29166666666666669
6,coarse,element,23,45,6,0.17677669529663689,0,1,8.4852813742385749,8.4926438757315186,3,4.0000000000000027,0,0,2.1486196806107061e-16,3.8482600506937799e-19,1,1,0.20833333333333334,0.083333333333333329
6,coarse,element,24,48,5,0.25,0,1,8.4852813742385695,8.5,3,4.0000000000000044,0,0,2.147547494273247e-16,1.9669003066023535e-16,1,1,0.375,0.45833333333333331
6,coarse,element,25,50,6,0.17677669529663689,0,1,8.4852813742385713,8.4926438757315168,3,4.0000000000000044,0,0,2.4855799117838445e-16,3.9367700318597384e-16,1,1,0.16666666666666666,0.29166666666666669
6,coarse,element,26,52,6,0.17677669529663689,0,1,8.4852813742385713,8.492643875731515,3,4.0000000000000018,0,0,1.223276750273794e-16,3.8482600506937828e-19,1,1,0.083333333333333329,0.20833333333333334
6,coarse,element,27,53,6,0.17677669529663689,0,1,8.4852813742385802,8.4926438757315221,3,4.0000000000000053,0,0,2.1141184992488114e-16,5.9147756979163308e-16,1,1,0.29166666666666669,0.083333333333333329
6,coarse,element,28,55,6,0.17677669529663689,0,1,8.4852813742385802,8.4926438757315221,3,4.0000000000000053,0,0,2.1141184992488114e-16,5.9147756979163308e-16,1,1,0.41666666666666669,0.29166666666666669
6,coarse,element,29,56,7,0.125,0,1,8.4852813742385695,8.4889634231748214,3,4.0000000000000009,0,5.5511151231257827e-17,1.4278423525902803e-16,0,1,1,0.14583333333333334,0.1875
6,coarse,element,30,57,7,0.125,0,1,8.4852813742385678,8.4889634231748214,3,4,0,0,1.2548103335796757e-16,3.9440360007499065e-16,1,1,0.3125,0.14583333333333334
6,coarse,element,31,60,7,0.125,0,1,8.4852813742385695,8.4889634231748197,3,3.9999999999999982,0,0,3.9217725309593343e-16,3.9440360007499065e-16,1,1,0.1875,0.22916666666666666
6,coarse,element,32,62,7,0.125,0,1,8.4852813742385678,8.4889634231748214,3,4.0000000000000018,0,7.8504622934188746e-17,2.3464640008103478e-16,3.9440360007499065e-16,1,1,0.35416666666666669,0.1875
6,coarse,element,33,63,7,0.125,0,1,8.4852813742385695,8.4889634231748232,3,4.0000000000000018,0,5.5511151231257827e-17,1.8306619005888958e-16,3.944036000749905e-16,1,1,0.1875,0.14583333333333334
6,coarse,element,34,64,6,0.17677669529663689,0,1,8.4852813742385766,8.4926438757315204,3,4.0000000000000027,0,0,2.7972458413141637e-16,1.9741574060059078e-16,1,1,0.20833333333333334,0.33333333333333331
6,coarse,element,35,65,6,0.17677669529663689,0,1,8.4852813742385713,8.4926438757315168,3,4.0000000000000018,0,0,2.2554325741646926e-16,3.9367700318597384e-16,1,1,0.29166666666666669,0.41666666666666669
6,coarse,element,36,66,7,0.125,0,1,8.4852813742385695,8.4889634231748214,3,4,0,0,2.2794055807899847e-16,0,1,1,0.35416666666666669,0.3125
6,coarse,element,37,67,8,0.088388347648318447,0,1,8.4852813742385713,8.4871225983839782,3,4.0000000000000018,0,0,1.2636556793887846e-16,9.6331715802616603e-20,1,1,0.33333333333333331,0.22916666666666666
6,coarse,element,38,68,8,0.088388347648318447,0,1,8.4852813742385766,8.4871225983839835,3,4.0000000000000053,0,0,2.4738644056078003e-16,1.9738368567956114e-16,1,1,0.22916666666666666,0.16666666666666666
6,coarse,element,39,70,6,0.17677669529663689,0,1,8.4852813742385731,8.4926438757315168,3,4.0000000000000027,0,0,4.4925399728258276e-16,3.8482600506937814e-19,1,1,0.20833333333333334,0.41666666666666669
6,coarse,element,40,72,8,0.088388347648318447,0,1,8.4852813742385713,8.48712259838398,3,4.0000000000000018,0,0,1.9253759587113484e-16,3.944783762117148e-16,1,1,0.22916666666666666,0.20833333333333334
6,coarse,element,41,73,8,0.088388347648318447,0,1,8.4852813742385713,8.48712259838398,3,4.0000000000000018,0,0,1.9253759587113484e-16,3.944783762117148e-16,1,1,0.27083333333333331,0.16666666666666666
6,coarse,element,42,74,7,0.125,0,1,8.4852813742385678,8.4889634231748214,3,4.0000000000000009,0,0,1.1831442108088268e-16,3.9440360007499065e-16,1,1,0.27083333333333331,0.3125
6,coarse,element,43,75,8,0.088388347648318447,0,1,8.4852813742385695,8.4871225983839782,3,4.0000000000000009,0,5.5511151231257839e-17,8.9414750283824551e-17,3.94478376211715e-16,1,1,0.29166666666666669,0.27083333333333331
6,coarse,element,44,76,7,0.125,0,1,8.4852813742385695,8.4889634231748214,3,4.0000000000000009,0,7.8504622934188746e-17,1.5766988947651109e-16,0,1,1,0.3125,0.35416666666666669
6,coarse,element,45,77,8,0.088388347648318447,0,1,8.4852813742385749,8.4871225983839818,3,4.0000000000000062,0,0,2.6183426419870628e-16,9.6331715802616519e-20,1,1,0.33333333333333331,0.27083333333333331
6,coarse,element,46,78,9,0.0625,0,1,8.4852813742385695,8.4862020362468407,3,4.0000000000000009,0,5.5511151231257827e-17,2.0142109598451308e-16,5.919904763113004e-16,1,1,0.28125,0.19791666666666666
6,coarse,element,47,79,9,0.0625,0,1,8.4852813742385695,8.4862020362468407,3,4.0000000000000009,0,5.5511151231257827e-17,2.0142109598451308e-16,5.919904763113004e-16,1,1,0.28125,0.23958333333333334
6,coarse,element,48,80,9,0.0625,0,1,8.4852813742385678,8.4862020362468407,3,4.0000000000000027,0,0,4.5583694625362421e-16,9.8665079385216737e-16,1,1,0.26041666666666669,0.21875
6,coarse,element,49,81,9,0.0625,0,1,8.4852813742385678,8.4862020362468407,3,4.0000000000000027,0,0,4.5583694625362421e-16,9.8665079385216737e-16,1,1,0.30208333333333331,0.21875
6,coarse,patch1,0,2,3,0.5,0,0,3.6786506098238059,3.7045965917455161,11,18.932275157096459,0,2.2888628750463093e-17,9.273843341259933e-16,0,11,2.2360679774997898,0.58333333333333337,0.75
6,coarse,patch1,1,4,3,0.5,0,1,3.6974061359485999,3.7237259210471265,12,17.556825058180493,0,1.1383992532387658e-17,4.4994953589020649e-16,0,12,2.2360679774997898,0.75,0.41666666666666669
6,coarse,patch1,2,5,3,0.5,1,1,4.498920293654403,4.5356323287336728,8,27.283707140630714,0,1.8390543433918192e-17,7.9061022755530694e-16,0,7,1.8027756377319946,0.75,0.083333333333333329
6,coarse,patch1,3,6,3,0.5,1,0,4.316412977630617,4.3521109734084185,8,8.1373094066368168,0,3.2914063767906523e-17,1.8065904652914998e-16,0,7,2.2360679774997898,0.25,0.91666666666666663
6,coarse,patch1,4,8,3,0.5,1,0,4.2811750887122866,4.3161062710517584,7,8.3736389961776361,0,1.4176269004663446e-17,7.3478909846332471e-16,0,6,2.2360679774997898,0.91666666666666663,0.75
6,coarse,patch1,5,10,3,0.5,1,0,4.2811750887122875,4.3161062710517566,7,8.373638996177629,0,2.8352538009326873e-17,1.2322461011180147e-15,0,6,2.2360679774997898,0.75,0.91666666666666663
6,coarse,patch1,6,11,3,0.5,1,1,4.498920293654403,4.5356323287336737,8,27.283707140630693,0,4.1122505261403497e-17,5.6610545350093548e-16,0,7,1.8027756377319946,0.083333333333333329,0.75
6,coarse,patch1,7,12,3,0.5,1,0,4.3164129776306179,4.3521109734084176,8,8.1373094066368186,0,1.4719616800160378e-17,4.3759542850658394e-16,0,7,2.2360679774997898,0.91666666666666663,0.25
6,coarse,patch1,8,14,3,0.5,0,1,3.6974061359486003,3.723725921047127,12,17.556825058180568,0,2.5455381157768778e-17,7.884394663831854e-16,0,12,2.2360679774997898,0.41666666666666669,0.75
6,coarse,patch1,9,16,3,0.5,0,0,3.6786506098238072,3.7045965917455161,11,18.932275157096473,0,1.1444314375231548e-17,9.5233306346489352e-16,0,11,2.2360679774997898,0.75,0.58333333333333337
6,coarse,patch1,10,18,4,0.35355339059327379,0,1,3.6098345648851593,3.6235539958947967,10,27.219100720888516,0,3.9695854488719061e-17,3.73150131396573e-16,0,10,2.5495097567963922,0.16666666666666666,0.58333333333333337
6,coarse,patch1,11,21,4,0.35355339059327379,0,1,3.3690261193208855,3.3843859780090111,13,32.916920613063397,0,1.2113526306256168e-17,5.3875894236811793e-16,0,14,3.1622776601683791,0.58333333333333337,0.33333333333333331
6,coarse,patch1,12,24,4,0.35355339059327379,0,1,3.3690261193208855,3.3843859780090124,13,32.916920613063439,0,2.7086668268020731e-17,5.8603612823333581e-16,0,14,3.1622776601683791,0.33333333333333331,0.58333333333333337
6,coarse,patch1,13,27,4,0.35355339059327379,0,1,3.6098345648851593,3.6235539958947975,10,27.219100720888541,0,1.775252581234319e-17,4.448477657750252e-16,0,10,2.5495097567963922,0.58333333333333337,0.16666666666666666
6,coarse,patch1,14,32,5,0.25,1,1,4.5863331715549158,4.5952215534246292,9,11.86206727497828,0,1.8170289459384283e-17,2.5974326926273485e-16,0,8,2.2360679774997898,0.041666666666666664,0.125
6,coarse,patch1,15,33,5,0.25,1,1,3.9389477330653739,3.946240604175113,11,27.751547604345749,0,9.4454154182767789e-18,7.4571310857624646e-16,0,10,4,0.375,0.041666666666666664
6,coarse,patch1,16,34,5,0.25,0,1,3.358554710026914,3.3654707818749823,11,19.833081481346561,0,2.7941273779146774e-17,1.0535468961051069e-15,0,11,3.1622776601683795,0.125,0.45833333333333331
6,coarse,patch1,17,35,5,0.25,0,1,3.5310497857679319,3.5386265928863216,11,31.62772099627459,0,2.8321887882357944e-17,4.3786118120882266e-16,0,11,3.0413812651491097,0.45833333333333331,0.125
6,coarse,patch1,18,36,5,0.25,1,1,3.7645845633158115,3.7716648850657868,11,18.308265092744573,0,4.0569675713372484e-18,5.4843759077492226e-16,0,10,4,0.041666666666666664,0.375
6,coarse,patch1,19,37,5,0.25,1,1,4.5863331715549167,4.5952215534246292,9,11.862067274978299,0,1.8170289459384283e-17,3.7891942114298343e-16,0,8,2.2360679774997898,0.125,0.041666666666666664
6,coarse,patch1,20,42,5,0.25,0,1,3.3055323638229055,3.3135191551977621,14,62.650476871432062,0,1.4495731254159389e-17,8.6286344250148903e-16,0,15,4,0.45833333333333331,0.375
6,coarse,patch1,21,43,6,0.17677669529663689,0,1,3.3517826560781638,3.3556278632877419,12,44.263970346641301,0,4.0053197955240741e-17,4.7507960722329332e-16,0,13,3.1622776601683791,0.41666666666666669,0.20833333333333334
6,coarse,patch1,22,44,6,0.17677669529663689,0,1,3.3418007033053412,3.3450094199843012,10,12.093402026039058,0,9.0851447296921492e-18,4.8186172775159564e-16,0,10,3.1622776601683791,0.083333333333333329,0.29166666666666669
6,coarse,patch1,23,45,6,0.17677669529663689,0,1,3.5350879780537121,3.5385989662537929,11,23.226003990852544,0,1.7554167342883499e-17,6.346976135641267e-16,0,11,3.1622776601683791,0.20833333333333334,0.083333333333333329
6,coarse,patch1,24,48,5,0.25,0,1,3.3055323638229059,3.3135191551977616,14,62.650476871432168,0,1.4495731254159389e-17,7.8410189145225695e-16,0,15,4,0.375,0.45833333333333331
6,coarse,patch1,25,50,6,0.17677669529663689,0,1,3.5559490290629201,3.5591927565050354,13,52.07406808676383,0,1.0028462474714254e-17,3.5796831444313735e-16,0,14,2.2638462845343539,0.16666666666666666,0.29166666666666669
6,coarse,patch1,26,52,6,0.17677669529663689,0,1,3.3652872467504902,3.3685187154502234,10,9.3227766146003681,0,1.7002284942951496e-17,9.9926566926151433e-16,0,10,3.1622776601683791,0.083333333333333329,0.20833333333333334
6,coarse,patch1,27,53,6,0.17677669529663689,0,1,3.5350879780537099,3.5385989662537911,11,23.226003990852522,0,2.66944578409691e-17,7.8755587972935521e-16,0,11,3.1622776601683791,0.29166666666666669,0.083333333333333329
6,coarse,patch1,28,55,6,0.17677669529663689,0,1,3.3517826560781638,3.3556278632877401,12,44.263970346641422,0,4.1038570522343264e-17,7.0607963094479316e-16,0,13,3.1622776601683791,0.41666666666666669,0.29166666666666669
6,coarse,patch1,29,56,7,0.125,0,1,3.1421514988153048,3.1438922762959436,10,21.156915716526388,0,1.9102697246578117e-17,4.4707835320595464e-16,0,11,3.1622776601683795,0.14583333333333334,0.1875
6,coarse,patch1,30,57,7,0.125,0,1,3.3517826560781665,3.3537051411047609,12,44.263970346641393,0,2.2722524816296612e-17,5.3937707418522751e-16,0,13,3.1622776601683795,0.3125,0.14583333333333334
6,coarse,patch1,31,60,7,0.125,0,1,3.2773005745363855,3.2789813052790335,12,28.545037358268555,0,1.4679196723492119e-17,1.0979485989279541e-15,0,13,2.5495097567963922,0.1875,0.22916666666666666
6,coarse,patch1,32,62,7,0.125,0,1,3.3517826560781656,3.3537051411047587,12,44.263970346641386,0,2.2857377779529103e-17,7.1564706706640757e-16,0,13,3.1622776601683795,0.35416666666666669,0.1875
6,coarse,patch1,33,63,7,0.125,0,1,3.1931119958261043,3.1948716794166612,11,17.450740961548476,0,1.9628285654410083e-17,1.9475997657703665e-16,0,12,3.1622776601683795,0.1875,0.14583333333333334
6,coarse,patch1,34,64,6,0.17677669529663689,0,1,3.5559490290629179,3.5591927565050341,13,52.074068086763859,0,9.0229628048049956e-18,7.9697898166009415e-16,0,14,2.2638462845343539,0.20833333333333334,0.33333333333333331
6,coarse,patch1,35,65,6,0.17677669529663689,0,1,3.1931119958261047,3.1966315304884114,11,17.450740961548519,0,3.9562074525771193e-17,1.0371240996639216e-15,0,12,3.1622776601683791,0.29166666666666669,0.41666666666666669
6,coarse,patch1,36,66,7,0.125,0,1,3.1931119958261043,3.1948716794166603,11,17.450740961548458,0,2.023237375073216e-17,9.1666976411162568e-16,0,12,3.1622776601683795,0.35416666666666669,0.3125
6,coarse,patch1,37,67,8,0.088388347648318447,0,1,3.1931119958261038,3.1939918167902719,11,17.450740961548451,0,2.2487026193387516e-17,8.4782529552607573e-16,0,12,3.1622776601683791,0.33333333333333331,0.22916666666666666
6,coarse,patch1,38,68,8,0.088388347648318447,0,1,3.1421514988153056,3.1430218682197482,10,21.156915716526356,0,9.5513486232890598e-18,1.431219131066256e-16,0,11,3.1622776601683791,0.22916666666666666,0.16666666666666666
6,coarse,patch1,39,70,6,0.17677669529663689,0,1,3.1618232580822241,3.1653448821677026,11,21.304689810894025,0,3.8953810469879206e-17,2.1891045848030412e-16,0,12,3.1622776601683791,0.20833333333333334,0.41666666666666669
6,coarse,patch1,40,72,8,0.088388347648318447,0,1,3.1666101706685805,3.1675228229894148,12,18.118300513386981,0,2.1233515382172661e-17,6.5998123662494973e-16,0,13,3.1622776601683791,0.22916666666666666,0.20833333333333334
6,coarse,patch1,41,73,8,0.088388347648318447,0,1,3.1931119958261061,3.1939918167902732,11,17.450740961548458,0,2.1945090502522455e-17,3.5531911043783731e-16,0,12,3.1622776601683791,0.27083333333333331,0.16666666666666666
6,coarse,patch1,42,74,7,0.125,0,1,3.277300574536385,3.2789813052790326,12,28.545037358268637,0,1.4240912609453807e-17,5.5222572417190567e-16,0,13,2.5495097567963922,0.27083333333333331,0.3125
6,coarse,patch1,43,75,8,0.088388347648318447,0,1,3.1666101706685801,3.1675228229894148,12,18.118300513386984,0,2.07217892104161e-17,5.9077286800414553e-16,0,13,3.1622776601683791,0.29166666666666669,0.27083333333333331
6,coarse,patch1,44,76,7,0.125,0,1,3.1421514988153043,3.1438922762959427,10,21.156915716526363,0,2.1357464798473366e-17,8.4838867939482083e-16,0,11,3.1622776601683795,0.3125,0.35416666666666669
6,coarse,patch1,45,77,8,0.088388347648318447,0,1,3.1421514988153052,3.1430218682197477,10,21.156915716526356,0,1.3507646762008978e-17,6.3438041601063011e-16,0,11,3.1622776601683791,0.33333333333333331,0.27083333333333331
6,coarse,patch1,46,78,9,0.0625,0,1,3.1083978413075606,3.1088321366012241,9,7.7238421980013685,0,4.2436653477719757e-17,3.0264801998013191e-16,0,10,3.1622776601683795,0.28125,0.19791666666666666
6,coarse,patch1,47,79,9,0.0625,0,1,3.0475203900860932,3.0479835011851493,11,15.698863695131067,0,2.0537785338332873e-17,3.3550784213772208e-16,0,12,4.4721359549995796,0.28125,0.23958333333333334
6,coarse,patch1,48,80,9,0.0625,0,1,3.0475203900860932,3.0479835011851488,11,15.69886369513107,0,2.1169864566552044e-17,4.3649536220596791e-16,0,12,4.4721359549995796,0.26041666666666669,0.21875
6,coarse,patch1,49,81,9,0.0625,0,1,3.1083978413075606,3.1088321366012241,9,7.723842198001365,0,4.3484629885828246e-17,3.6388547258265533e-16,0,10,3.1622776601683795,0.30208333333333331,0.21875
6,trial,element,0,2,3,0.5,0,0,101.36667143484638,101.37160390219688,19,330859977824.62396,1.6462921190194933e-16,6.3914698006727737e-18,7.9081345635854813e-14,7.4154753386484752e-12,1,1,0.58333333333333337,0.75
6,trial,element,1,4,3,0.5,0,1,93.369987717774336,93.375342604161091,20,496365929051.07147,1.3637345963070776e-16,1.0477963891623968e-17,3.4212019584762277e-14,3.1118462210178065e-12,1,1,0.75,0.41666666666666669
6,trial,element,2,5,3,0.5,1,1,67.993690090230558,68.001043309712529,15,299309087914.62878,2.1827099271698949e-16,8.4686013302734884e-18,1.0003301675082306e-13,1.8963916787362641e-10,1,1,0.75,0.083333333333333329
6,trial,element,3,6,3,0.5,1,0,51.551652573488546,51.561350671470343,13,79438666016.242538,2.3623833670240953e-16,1.7131992409297632e-17,3.6215120142291496e-14,3.2600309044560675e-12,1,1,0.25,0.91666666666666663
6,trial,element,4,8,3,0.5,1,0,45.088702750444881,45.099790638484031,12,190623001955.33737,2.6799482523759298e-16,1.4566164475449174e-17,2.421642084305108e-13,4.0749475512194335e-11,1,1,0.91666666666666663,0.75
6,trial,element,5,10,3,0.5,1,0,45.072572318698569,45.083664174924706,12,187695979681.13586,1.1270305926781148e-16,7.8042003500636992e-17,3.610701582392541e-13,6.4338034882308725e-12,1,1,0.75,0.91666666666666663
6,trial,element,6,11,3,0.5,1,1,66.622218063303436,66.629722665027657,15,790122779703.48389,1.3186027838675949e-16,1.6353833798265767e-17,2.1007927768453794e-14,6.1811764327572701e-10,1,1,0.083333333333333329,0.75
6,trial,element,7,12,3,0.5,1,0,51.638840771532536,51.64852249800235,13,78742086871.724106,2.6016150882340893e-16,1.380137310749841e-16,5.0335679749808086e-14,3.8850686608285576e-13,1,1,0.91666666666666663,0.25
6,trial,element,8,14,3,0.5,0,1,94.055491620394676,94.060807481102884,20,674410332289.53125,3.26982557349571e-16,1.261692261346293e-17,3.2153675378149406e-14,4.8563619007728638e-12,1,1,0.41666666666666669,0.75
6,trial,element,9,16,3,0.5,0,0,101.43658340294206,101.44151247112949,19,248459922470.06415,2.4588425951170219e-16,5.9691089651746275e-17,7.9383995054968868e-14,3.0806778691464699e-12,1,1,0.75,0.58333333333333337
6,trial,element,10,18,4,0.35355339059327379,0,1,72.305837397286766,72.309294854087156,19,932773188033.56433,2.022514716610864e-16,5.6916669972173749e-17,3.4813131521175576e-14,1.0948201935035638e-10,1,1,0.16666666666666666,0.58333333333333337
6,trial,element,11,21,4,0.35355339059327379,0,1,97.989495316966739,97.992046587651444,22,298080642554.37415,1.211992187042648e-16,5.7090093336924847e-17,3.0462622388643336e-14,2.0438595082988912e-10,1,1,0.58333333333333337,0.33333333333333331
6,trial,element,12,24,4,0.35355339059327379,0,1,84.601571438715979,84.604526414895787,21,163445709190.74741,2.0533933637914082e-16,5.6442350727296161e-17,4.3850591199799949e-14,1.5876297945065123e-12,1,1,0.33333333333333331,0.58333333333333337
6,trial,element,13,27,4,0.35355339059327379,0,1,76.538839314066507,76.542105560241779,20,512066788352.31415,1.7710548103557322e-16,6.1372698974747045e-18,4.3399655609040417e-14,8.6543896437249704e-12,1,1,0.58333333333333337,0.16666666666666666
6,trial,element,14,32,5,0.25,1,1,40.896273697248205,40.899330096001385,14,239479359566.01917,2.1270936409703069e-16,1.157679127487781e-16,7.886799413914261e-14,1.1089928778972398e-11,1,1,0.041666666666666664,0.125
6,trial,element,15,33,5,0.25,1,1,44.890078132587782,44.892862624631682,17,808540194233.06787,1.9440759431102405e-16,5.421423811282642e-17,1.008409956997507e-12,5.7450245483815541e-11,1,1,0.375,0.041666666666666664
6,trial,element,16,34,5,0.25,0,1,62.7959022383587,62.797892783138778,19,283560559689.61798,1.8228682554768264e-16,8.5311765893531465e-18,4.9399340189413633e-14,1.8533987866692721e-11,1,1,0.125,0.45833333333333331
6,trial,element,17,35,5,0.25,0,1,62.800779177260729,62.802769566743883,20,132246576429.7392,1.2319866981838564e-16,6.6805146018095686e-18,9.2467167104493407e-14,4.4453356330108626e-12,1,1,0.45833333333333331,0.125
6,trial,element,18,36,5,0.25,1,1,41.098972507404092,41.102013833421722,15,6806462811.3028126,1.9573093186584264e-16,5.3412010388060256e-17,1.0546448731088183e-13,9.2746222453263088e-13,1,1,0.041666666666666664,0.375
6,trial,element,19,37,5,0.25,1,1,41.255656083237376,41.258685859425782,15,849228495104.19153,1.4391390254274923e-16,3.4275669726591542e-17,4.5510281620176753e-12,6.8027275256604014e-12,1,1,0.125,0.041666666666666664
6,trial,element,20,42,5,0.25,0,1,69.82600907871965,69.827799220827345,22,135830142838.97585,1.7720572126408489e-16,5.5514283913934942e-17,7.1994240176972296e-13,3.3375597825682514e-11,1,1,0.45833333333333331,0.375
6,trial,element,21,43,6,0.17677669529663689,0,1,55.88164038960214,55.882758813710531,21,376750961155.59436,1.5953150168160294e-16,1.4660313837160021e-17,9.0299375521450964e-14,4.7107363094388058e-13,1,1,0.41666666666666669,0.20833333333333334
6,trial,element,22,44,6,0.17677669529663689,0,1,53.59836245334678,53.599528525974712,19,493534965064.14886,1.7585342866136306e-16,5.7747564179900162e-17,1.528191538374961e-13,1.8324379026134206e-10,1,1,0.083333333333333329,0.29166666666666669
6,trial,element,23,45,6,0.17677669529663689,0,1,53.485887524537418,53.487056044071032,19,808818943274.76709,8.6139107484251224e-17,8.1573681784698552e-17,4.7171774923079566e-14,9.0433975654294406e-12,1,1,0.20833333333333334,0.083333333333333329
6,trial,element,24,48,5,0.25,0,1,69.802647261405767,69.804437999035486,22,887441974936.23279,1.4367965742201867e-16,5.5215781325715309e-17,7.1148343133078176e-13,6.9581859020225717e-11,1,1,0.375,0.45833333333333331
6,trial,element,25,50,6,0.17677669529663689,0,1,56.463877471541046,56.464984362674329,21,923967423609.70203,1.7158645550329096e-16,3.2370931484073774e-17,1.6262208326886276e-13,1.3845549771624536e-11,1,1,0.16666666666666666,0.29166666666666669
6,trial,element,26,52,6,0.17677669529663689,0,1,54.986001797489571,54.987138438683424,19,436783064626.10559,8.92297713547133e-17,5.6999800426127579e-18,1.7130954094543933e-13,4.6639050125499988e-13,1,1,0.083333333333333329,0.20833333333333334
6,trial,element,27,53,6,0.17677669529663689,0,1,55.299084574033401,55.300214780348867,20,404181994355.76459,8.1839264275362392e-17,5.7909529700932636e-17,2.097056869965333e-14,8.7035226790579009e-12,1,1,0.29166666666666669,0.083333333333333329
6,trial,element,28,55,6,0.17677669529663689,0,1,55.494218992557975,55.495345224669329,21,213421148315.31305,1.1846743979816385e-16,7.7880068523912102e-18,5.2640009633030542e-13,3.651730672615865e-12,1,1,0.41666666666666669,0.29166666666666669
6,trial,element,29,56,7,0.125,0,1,39.693680733878359,39.694468005239763,17,722536441516.828,2.2857468243147829e-16,5.5004661935177842e-18,2.7619476800474716e-13,1.0114743147259999e-11,1,1,0.14583333333333334,0.1875
6,trial,element,30,57,7,0.125,0,1,39.722409453085803,39.72319615434148,17,71915559017.399994,1.1533561530024837e-16,5.4581444484994952e-17,3.6465734209085121e-14,2.6813953094863376e-11,1,1,0.3125,0.14583333333333334
6,trial,element,31,60,7,0.125,0,1,40.487868778266837,40.488640607005941,18,110085805901.86716,8.0668493604786805e-17,1.2047736059373169e-16,5.0672264086003354e-14,1.7471931568071869e-12,1,1,0.1875,0.22916666666666666
6,trial,element,32,62,7,0.125,0,1,39.898312931445396,39.899096164868212,17,25911717506.127193,1.7706358334581775e-17,5.4399839204606702e-17,3.8838109335877834e-14,1.3452991369413613e-12,1,1,0.35416666666666669,0.1875
6,trial,element,33,63,7,0.125,0,1,39.310806117643132,39.311601056342056,16,18178268934.053619,1.6863331162663731e-16,4.8791007061457583e-18,1.3483037193120636e-14,3.8402178777379545e-12,1,1,0.1875,0.14583333333333334
6,trial,element,34,64,6,0.17677669529663689,0,1,56.512302418134546,56.513408361190393,21,482153720574.18195,1.59383126242981e-16,1.7369853037193638e-17,3.4727778734763655e-14,9.8246401277727903e-15,1,1,0.20833333333333334,0.33333333333333331
6,trial,element,35,65,6,0.17677669529663689,0,1,55.977845741382048,55.978962243042481,21,337650339151.94891,1.6700066386882676e-16,3.7121735214647065e-18,4.9606549192232181e-14,1.2122845362679188e-11,1,1,0.29166666666666669,0.41666666666666669
6,trial,element,36,66,7,0.125,0,1,40.442806901025619,40.443579589931772,18,828994274139.55969,1.0609848410189695e-16,6.2493902625658853e-18,1.6623797250289256e-13,8.2536230468139506e-12,1,1,0.35416666666666669,0.3125
6,trial,element,37,67,8,0.088388347648318447,0,1,33.941125495904799,33.941585848760141,15,2194446184.4371982,1.0115297011205051e-16,6.6902116997338071e-18,2.7574395615803051e-15,3.5526233312899922e-15,1,1,0.33333333333333331,0.22916666666666666
6,trial,element,38,68,8,0.088388347648318447,0,1,33.941125502658956,33.941585855513956,15,1723122864.7743142,8.002777430225668e-17,9.221778791408542e-18,9.0831675863731442e-15,1.8355195441101538e-14,1,1,0.22916666666666666,0.16666666666666666
6,trial,element,39,70,6,0.17677669529663689,0,1,52.413756696885599,52.414949118610053,20,421238146997.95178,1.6441421203735709e-16,1.0817494383607309e-16,1.6345071275216746e-13,9.5222398392878385e-12,1,1,0.20833333333333334,0.41666666666666669
6,trial,element,40,72,8,0.088388347648318447,0,1,33.941125496993727,33.941585849849183,15,791804962.17124665,1.102337143152829e-16,5.274237690415199e-17,3.1128040269309908e-15,3.9473465411291135e-15,1,1,0.22916666666666666,0.20833333333333334
6,trial,element,41,73,8,0.088388347648318447,0,1,33.941125496931065,33.941585849786485,15,2453866584.1977444,7.8213839629897073e-17,9.2311105735469555e-18,1.5068724469767118e-15,1.7763026307645563e-15,1,1,0.27083333333333331,0.16666666666666666
6,trial,element,42,74,7,0.125,0,1,40.490880512575352,40.491652283908053,18,90450824749.166077,8.01756118344856e-17,1.6546021176461031e-17,1.8345297623655534e-14,1.6699666857747942e-12,1,1,0.27083333333333331,0.3125
6,trial,element,43,75,8,0.088388347648318447,0,1,33.941125496797845,33.941585849653208,15,766595579.12165558,2.0382340948542027e-16,1.1608035162045567e-17,3.8989053327385686e-15,1.5789470489246951e-15,1,1,0.29166666666666669,0.27083333333333331
6,trial,element,44,76,7,0.125,0,1,39.608093163944709,39.608882136282624,17,123206386415.35893,7.4952557782317255e-17,5.3199623448405972e-17,5.2927204730734822e-15,1.4055205200992866e-12,1,1,0.3125,0.35416666666666669
6,trial,element,45,77,8,0.088388347648318447,0,1,33.941125495051445,33.941585847905614,15,1597138538.9570525,7.8455278865784809e-17,5.7228432699601964e-18,5.8672578862886731e-15,7.3420763727772046e-14,1,1,0.33333333333333331,0.27083333333333331
6,trial,element,46,78,9,0.0625,0,1,24.000000000001801,24.000325518627587,9,2485238.104962361,7.1511927000523979e-17,7.1270869328695493e-17,2.6576185798373051e-16,0,1,1,0.28125,0.19791666666666666
6,trial,element,47,79,9,0.0625,0,1,23.999999999998366,24.000325518624148,9,2164507.8031286318,7.2900829209342917e-17,5.0027769723363451e-17,5.3187412320587101e-16,1.9736762821604278e-16,1,1,0.28125,0.23958333333333334
6,trial,element,48,80,9,0.0625,0,1,24.000000000001059,24.000325518626809,9,2147783.9623884507,9.0698020511427521e-17,1.1540153094734175e-17,3.7122519469108369e-16,2.7631467950239787e-15,1,1,0.26041666666666669,0.21875
6,trial,element,49,81,9,0.0625,0,1,23.999999999996636,24.00032551862239,9,2464073.6801335239,7.027054645642225e-17,5.0908581161257253e-17,5.4353900781952558e-16,2.5657791668089257e-15,1,1,0.30208333333333331,0.21875
6,trial,patch1,0,2,3,0.5,0,0,4.4954626770201029,4.5181200135633608,31,239087087866.74493,1.6462921190194933e-16,5.390723668553526e-17,4.4287136942034189e-16,0,11,2.2360679774997898,0.58333333333333337,0.75
6,trial,patch1,1,4,3,0.5,0,1,6.7183995693489935,6.7314228242228271,31,27363330707.268673,1.3637345963070776e-16,3.7040158367657413e-17,1.6605920187377672e-15,0,12,2.2360679774997898,0.75,0.41666666666666669
6,trial,patch1,2,5,3,0.5,1,1,10.425541577259798,10.450775809111352,31,26894798193.267532,2.1827099271698949e-16,9.0755427426906963e-17,2.8202837246617758e-15,0,7,1.8027756377319946,0.75,0.083333333333333329
6,trial,patch1,3,6,3,0.5,1,0,6.8650767743431409,6.8896816559349565,30,702968788051.58887,2.3623833670240953e-16,3.298560912935883e-17,1.3732320655204061e-15,0,7,2.2360679774997898,0.25,0.91666666666666663
6,trial,patch1,4,8,3,0.5,1,0,12.413512211016227,12.434934240131643,27,95376706335.932159,2.6799482523759298e-16,2.9159011586720811e-17,9.5508006923190302e-16,0,6,2.2360679774997898,0.91666666666666663,0.75
6,trial,patch1,5,10,3,0.5,1,0,11.516860721500834,11.541513020236465,27,60237885605.015091,1.1270305926781148e-16,4.2734811288880775e-17,1.0397149348613423e-15,0,6,2.2360679774997898,0.75,0.91666666666666663
6,trial,patch1,6,11,3,0.5,1,1,11.362714944027626,11.384731942009704,31,40337292080.284126,1.3186027838675949e-16,4.4954233816113931e-17,2.4454853406921141e-15,0,7,1.8027756377319946,0.083333333333333329,0.75
6,trial,patch1,7,12,3,0.5,1,0,6.3126815305878914,6.3455984261590359,31,495022460571.82635,2.6016150882340893e-16,3.6926476614963006e-17,1.8290945727977191e-15,0,7,2.2360679774997898,0.91666666666666663,0.25
6,trial,patch1,8,14,3,0.5,0,1,6.2861412221767727,6.2982007730608522,31,28926346328.038601,3.26982557349571e-16,5.0694526210541599e-17,1.2161689198930326e-15,0,12,2.2360679774997898,0.41666666666666669,0.75
6,trial,patch1,9,16,3,0.5,0,0,5.2456657304894581,5.2604103746597248,31,241743490226.74872,2.4588425951170219e-16,4.7122258455530866e-17,1.7548846311955522e-15,0,11,2.2360679774997898,0.75,0.58333333333333337
6,trial,patch1,10,18,4,0.35355339059327379,0,1,7.1639643030754172,7.170832570297204,31,5938340470.0887184,2.022514716610864e-16,5.3614718646193662e-17,1.8128091859502209e-15,0,10,2.5495097567963922,0.16666666666666666,0.58333333333333337
6,trial,patch1,11,21,4,0.35355339059327379,0,1,3.6482232791017832,3.6514687213355059,31,9572378144.7059116,1.211992187042648e-16,4.1860766573273049e-17,6.8188995836360649e-16,0,14,3.1622776601683791,0.58333333333333337,0.33333333333333331
6,trial,patch1,12,24,4,0.35355339059327379,0,1,4.6263792725932937,4.6300012874405834,31,6376307323.6493979,2.0533933637914082e-16,2.2850584483837198e-17,1.7345817743681928e-15,0,14,3.1622776601683791,0.33333333333333331,0.58333333333333337
6,trial,patch1,13,27,4,0.35355339059327379,0,1,6.410317702143189,6.4158894189897877,31,4384922908.6006002,1.7710548103557322e-16,8.7644938109269538e-17,2.2837742998797441e-15,0,10,2.5495097567963922,0.58333333333333337,0.16666666666666666
6,trial,patch1,14,32,5,0.25,1,1,9.5370538456846958,9.5424295888452271,31,189657315787.63342,2.1270936409703069e-16,4.0947007228425008e-17,1.9317026340538987e-15,0,8,2.2360679774997898,0.041666666666666664,0.125
6,trial,patch1,15,33,5,0.25,1,1,6.1599013654524972,6.1677095017507559,31,22334135650.069763,1.9440759431102405e-16,6.9666238724912737e-17,1.5288846752378534e-15,0,10,4,0.375,0.041666666666666664
6,trial,patch1,16,34,5,0.25,0,1,3.5280159214933056,3.5324062973054366,31,1942689949.3053598,1.8228682554768264e-16,1.4854172214693503e-17,1.1775174614740482e-15,0,11,3.1622776601683795,0.125,0.45833333333333331
6,trial,patch1,17,35,5,0.25,0,1,3.7611495635912298,3.7652942406087631,31,1722386853.968617,1.2319866981838564e-16,3.5477039473063024e-17,2.7148867450128778e-15,0,11,3.0413812651491097,0.45833333333333331,0.125
6,trial,patch1,18,36,5,0.25,1,1,5.8777143826963067,5.8848809651394971,31,22477776776.269489,1.9573093186584264e-16,4.2047442901517658e-17,1.4633997039961991e-15,0,10,4,0.041666666666666664,0.375
6,trial,patch1,19,37,5,0.25,1,1,9.5925395721613214,9.5981331328295347,31,156772326751.3342,1.4391390254274923e-16,4.5973177629446638e-17,1.8405181926463721e-15,0,8,2.2360679774997898,0.125,0.041666666666666664
6,trial,patch1,20,42,5,0.25,0,1,3.207129064855851,3.2125342317874153,31,11309975137.239731,1.7720572126408489e-16,4.0073777418327038e-17,1.106957266181449e-15,0,15,4,0.45833333333333331,0.375
6,trial,patch1,21,43,6,0.17677669529663689,0,1,2.8351928529555406,2.83861928982745,31,1859421870.5797575,1.5953150168160294e-16,3.1201498775577535e-17,8.9830883190984567e-16,0,13,3.1622776601683791,0.41666666666666669,0.20833333333333334
6,trial,patch1,22,44,6,0.17677669529663689,0,1,6.568822814044653,6.5710256522344741,31,83385119482.23761,1.7585342866136306e-16,6.2486250226839027e-17,1.2818307111539998e-15,0,10,3.1622776601683791,0.083333333333333329,0.29166666666666669
6,trial,patch1,23,45,6,0.17677669529663689,0,1,6.2541150728450123,6.2560185825007766,31,58256731164.840584,8.6139107484251224e-17,4.3350177629567529e-17,2.8570340891151614e-15,0,11,3.1622776601683791,0.20833333333333334,0.083333333333333329
6,trial,patch1,24,48,5,0.25,0,1,3.1555427141196812,3.1576911469107896,31,6481791436.6352148,1.4367965742201867e-16,4.7150537440906899e-17,6.8140993596694682e-16,0,15,4,0.375,0.45833333333333331
6,trial,patch1,25,50,6,0.17677669529663689,0,1,5.6351395199552812,5.6367550972090585,31,45848060697.533791,1.7158645550329096e-16,4.3137634147199796e-17,2.4032326934955047e-15,0,14,2.2638462845343539,0.16666666666666666,0.29166666666666669
6,trial,patch1,26,52,6,0.17677669529663689,0,1,6.4807315087192476,6.4826693198397018,31,46903087803.634834,8.92297713547133e-17,3.8397550242315442e-17,1.887217502383273e-15,0,10,3.1622776601683791,0.083333333333333329,0.20833333333333334
6,trial,patch1,27,53,6,0.17677669529663689,0,1,7.2800445625448003,7.2825184652966852,31,84023926061.963638,8.1839264275362392e-17,3.1830734762559679e-17,6.4372756561913497e-16,0,11,3.1622776601683791,0.29166666666666669,0.083333333333333329
6,trial,patch1,28,55,6,0.17677669529663689,0,1,3.507619638586235,3.5094565527855206,31,1656076733.9811385,1.1846743979816385e-16,5.2806741095530135e-17,1.6881770567936852e-15,0,13,3.1622776601683791,0.41666666666666669,0.29166666666666669
6,trial,patch1,29,56,7,0.125,0,1,5.1130648561104328,5.1141411783899056,30,37217496565.232544,2.2857468243147829e-16,5.9132551697673419e-17,5.5290197360276672e-16,0,11,3.1622776601683795,0.14583333333333334,0.1875
6,trial,patch1,30,57,7,0.125,0,1,4.9213785877137717,4.9220980214936212,31,79271584281.57196,1.1533561530024837e-16,2.9948095174099848e-17,1.2530211897532891e-15,0,13,3.1622776601683795,0.3125,0.14583333333333334
6,trial,patch1,31,60,7,0.125,0,1,4.1257769813066751,4.1273072863835134,30,51582208740.341278,8.0668493604786805e-17,2.3176392877473438e-17,6.3795234037288776e-16,0,13,2.5495097567963922,0.1875,0.22916666666666666
6,trial,patch1,32,62,7,0.125,0,1,4.8603387735723098,4.861128189650942,31,21071142589.452759,1.7706358334581775e-17,2.1171788302421078e-17,7.1594140000750315e-16,0,13,3.1622776601683795,0.35416666666666669,0.1875
6,trial,patch1,33,63,7,0.125,0,1,5.0927957068229217,5.0937053279459956,30,44468623526.761459,1.6863331162663731e-16,4.8456164474554995e-17,8.9368565568975604e-16,0,12,3.1622776601683795,0.1875,0.14583333333333334
6,trial,patch1,34,64,6,0.17677669529663689,0,1,6.9183019853323877,6.92015043922187,31,17037725834.458895,1.59383126242981e-16,4.938664915865211e-17,1.1590529689285804e-15,0,14,2.2638462845343539,0.20833333333333334,0.33333333333333331
6,trial,patch1,35,65,6,0.17677669529663689,0,1,3.3405114154739759,3.3420064381838874,31,1488337982.4072301,1.6700066386882676e-16,4.2334256420303021e-17,3.2147497770991234e-15,0,12,3.1622776601683791,0.29166666666666669,0.41666666666666669
6,trial,patch1,36,66,7,0.125,0,1,4.7966760416593761,4.7980305395899698,31,5431288286.6808882,1.0609848410189695e-16,2.9533441947138703e-17,1.4700395816464342e-15,0,12,3.1622776601683795,0.35416666666666669,0.3125
6,trial,patch1,37,67,8,0.088388347648318447,0,1,4.0829307093788287,4.0835763678060024,31,49825880557.133812,1.0115297011205051e-16,2.8457287835090018e-17,1.1290691786909488e-15,0,12,3.1622776601683791,0.33333333333333331,0.22916666666666666
6,trial,patch1,38,68,8,0.088388347648318447,0,1,4.8449990802529825,4.8458788306599159,30,242334188140.15698,8.002777430225668e-17,5.139687511263567e-17,1.0261136737472387e-15,0,11,3.1622776601683791,0.22916666666666666,0.16666666666666666
6,trial,patch1,39,70,6,0.17677669529663689,0,1,2.8139083534344769,2.8158262026543226,31,1843974036.3532181,1.6441421203735709e-16,4.9363827101770483e-17,9.0108141660478564e-16,0,12,3.1622776601683791,0.20833333333333334,0.41666666666666669
6,trial,patch1,40,72,8,0.088388347648318447,0,1,3.6003969788115682,3.6008962097923249,30,58840603564.726372,1.102337143152829e-16,1.8273819433612869e-17,8.0256846548720673e-16,0,13,3.1622776601683791,0.22916666666666666,0.20833333333333334
6,trial,patch1,41,73,8,0.088388347648318447,0,1,3.5611376453043668,3.5620375091909757,30,317078633295.70233,7.8213839629897073e-17,6.3308866161431499e-17,1.0256092826909789e-15,0,12,3.1622776601683791,0.27083333333333331,0.16666666666666666
6,trial,patch1,42,74,7,0.125,0,1,4.0750424196567163,4.0772070011768804,31,11221340691.782549,8.01756118344856e-17,4.409407653345899e-17,7.6298040493718483e-16,0,13,2.5495097567963922,0.27083333333333331,0.3125
6,trial,patch1,43,75,8,0.088388347648318447,0,1,5.0874125999730708,5.0878134739058947,31,14993032066.065889,2.0382340948542027e-16,2.4197797380587733e-17,9.8305477517152853e-16,0,13,3.1622776601683791,0.29166666666666669,0.27083333333333331
6,trial,patch1,44,76,7,0.125,0,1,4.9415931128518737,4.9425714021513159,31,7026219410.0913601,7.4952557782317255e-17,3.9777369172213803e-17,7.7673490325903043e-16,0,11,3.1622776601683795,0.3125,0.35416666666666669
6,trial,patch1,45,77,8,0.088388347648318447,0,1,3.7155332940418888,3.7163674865935841,31,10029432417.869957,7.8455278865784809e-17,3.2650846378694959e-17,5.7877710668474572e-16,0,11,3.1622776601683791,0.33333333333333331,0.27083333333333331
6,trial,patch1,46,78,9,0.0625,0,1,4.0678095797035692,4.0681523847465497,29,244306176103.48956,7.1511927000523979e-17,4.2656748904005869e-17,8.6781269433039386e-16,0,10,3.1622776601683795,0.28125,0.19791666666666666
6,trial,patch1,47,79,9,0.0625,0,1,4.1492988580359293,4.1494520727906536,30,40941011230.769188,7.2900829209342917e-17,2.1229393858094146e-17,6.9377835230798653e-16,0,12,4.4721359549995796,0.28125,0.23958333333333334
6,trial,patch1,48,80,9,0.0625,0,1,3.5176123186020853,3.5178702192531595,30,58963408933.063652,9.0698020511427521e-17,1.8001238845461138e-17,6.3173927768444911e-16,0,12,4.4721359549995796,0.26041666666666669,0.21875
6,trial,patch1,49,81,9,0.0625,0,1,5.0525432990652677,5.0527649354190576,30,99429679194.178864,7.027054645642225e-17,4.2094750482901676e-17,9.4277779328657194e-16,0,10,3.1622776601683795,0.30208333333333331,0.21875
6,test,element,0,2,3,0.5,0,0,101.36667143484638,101.37160390219688,19,330859977824.62396,1.6462921190194933e-16,6.3914698006727737e-18,7.9081345635854813e-14,7.4154753386484752e-12,1,1,0.58333333333333337,0.75
6,test,element,1,4,3,0.5,0,1,93.369987717774336,93.375342604161091,20,496365929051.07147,1.3637345963070776e-16,1.0477963891623968e-17,3.4212019584762277e-14,3.1118462210178065e-12,1,1,0.75,0.41666666666666669
6,test,element,2,5,3,0.5,1,1,67.993690090230558,68.001043309712529,15,299309087914.62878,2.1827099271698949e-16,8.4686013302734884e-18,1.0003301675082306e-13,1.8963916787362641e-10,1,1,0.75,0.083333333333333329
6,test,element,3,6,3,0.5,1,0,51.551652573488546,51.561350671470343,13,79438666016.242538,2.3623833670240953e-16,1.7131992409297632e-17,3.6215120142291496e-14,3.2600309044560675e-12,1,1,0.25,0.91666666666666663
6,test,element,4,8,3,0.5,1,0,45.088702750444881,45.099790638484031,12,190623001955.33737,2.6799482523759298e-16,1.4566164475449174e-17,2.421642084305108e-13,4.0749475512194335e-11,1,1,0.91666666666666663,0.75
6,test,element,5,10,3,0.5,1,0,45.072572318698569,45.083664174924706,12,187695979681.13586,1.1270305926781148e-16,7.8042003500636992e-17,3.610701582392541e-13,6.4338034882308725e-12,1,1,0.75,0.91666666666666663
6,test,element,6,11,3,0.5,1,1,66.622218063303436,66.629722665027657,15,790122779703.48389,1.3186027838675949e-16,1.6353833798265767e-17,2.1007927768453794e-14,6.1811764327572701e-10,1,1,0.083333333333333329,0.75
6,test,element,7,12,3,0.5,1,0,51.638840771532536,51.64852249800235,13,78742086871.724106,2.6016150882340893e-16,1.380137310749841e-16,5.0335679749808086e-14,3.8850686608285576e-13,1,1,0.91666666666666663,0.25
6,test,element,8,14,3,0.5,0,1,94.055491620394676,94.060807481102884,20,674410332289.53125,3.26982557349571e-16,1.261692261346293e-17,3.2153675378149406e-14,4.8563619007728638e-12,1,1,0.41666666666666669,0.75
6,test,element,9,16,3,0.5,0,0,101.43658340294206,101.44151247112949,19,248459922470.06415,2.4588425951170219e-16,5.9691089651746275e-17,7.9383995054968868e-14,3.0806778691464699e-12,1,1,0.75,0.58333333333333337
6,test,element,10,18,4,0.35355339059327379,0,1,72.305837397286766,72.309294854087156,19,932773188033.56433,2.022514716610864e-16,5.6916669972173749e-17,3.4813131521175576e-14,1.0948201935035638e-10,1,1,0.16666666666666666,0.58333333333333337
6,test,element,11,21,4,0.35355339059327379,0,1,97.989495316966739,97.992046587651444,22,298080642554.37415,1.211992187042648e-16,5.7090093336924847e-17,3.0462622388643336e-14,2.0438595082988912e-10,1,1,0.58333333333333337,0.33333333333333331
6,test,element,12,24,4,0.35355339059327379,0,1,84.601571438715979,84.604526414895787,21,163445709190.74741,2.0533933637914082e-16,5.6442350727296161e-17,4.3850591199799949e-14,1.5876297945065123e-12,1,1,0.33333333333333331,0.58333333333333337
6,test,element,13,27,4,0.35355339059327379,0,1,76.538839314066507,76.542105560241779,20,512066788352.31415,1.7710548103557322e-16,6.1372698974747045e-18,4.3399655609040417e-14,8.6543896437249704e-12,1,1,0.58333333333333337,0.16666666666666666
6,test,element,14,32,5,0.25,1,1,40.896273697248205,40.899330096001385,14,239479359566.01917,2.1270936409703069e-16,1.157679127487781e-16,7.886799413914261e-14,1.1089928778972398e-11,1,1,0.041666666666666664,0.125
6,test,element,15,33,5,0.25,1,1,44.890078132587782,44.892862624631682,17,808540194233.06787,1.9440759431102405e-16,5.421423811282642e-17,1.008409956997507e-12,5.7450245483815541e-11,1,1,0.375,0.041666666666666664
6,test,element,16,34,5,0.25,0,1,62.7959022383587,62.797892783138778,19,283560559689.61798,1.8228682554768264e-16,8.5311765893531465e-18,4.9399340189413633e-14,1.8533987866692721e-11,1,1,0.125,0.45833333333333331
6,test,element,17,35,5,0.25,0,1,62.800779177260729,62.802769566743883,20,132246576429.7392,1.2319866981838564e-16,6.6805146018095686e-18,9.2467167104493407e-14,4.4453356330108626e-12,1,1,0.45833333333333331,0.125
6,test,element,18,36,5,0.25,1,1,41.098972507404092,41.102013833421722,15,6806462811.3028126,1.9573093186584264e-16,5.3412010388060256e-17,1.0546448731088183e-13,9.2746222453263088e-13,1,1,0.041666666666666664,0.375
6,test,element,19,37,5,0.25,1,1,41.255656083237376,41.258685859425782,15,849228495104.19153,1.4391390254274923e-16,3.4275669726591542e-17,4.5510281620176753e-12,6.8027275256604014e-12,1,1,0.125,0.041666666666666664
6,test,element,20,42,5,0.25,0,1,69.82600907871965,69.827799220827345,22,135830142838.97585,1.7720572126408489e-16,5.5514283913934942e-17,7.1994240176972296e-13,3.3375597825682514e-11,1,1,0.45833333333333331,0.375
6,test,element,21,43,6,0.17677669529663689,0,1,55.88164038960214,55.882758813710531,21,376750961155.59436,1.5953150168160294e-16,1.4660313837160021e-17,9.0299375521450964e-14,4.7107363094388058e-13,1,1,0.41666666666666669,0.20833333333333334
6,test,element,22,44,6,0.17677669529663689,0,1,53.59836245334678,53.599528525974712,19,493534965064.14886,1.7585342866136306e-16,5.7747564179900162e-17,1.528191538374961e-13,1.8324379026134206e-10,1,1,0.083333333333333329,0.29166666666666669
6,test,element,23,45,6,0.17677669529663689,0,1,53.485887524537418,53.487056044071032,19,808818943274.76709,8.6139107484251224e-17,8.1573681784698552e-17,4.7171774923079566e-14,9.0433975654294406e-12,1,1,0.20833333333333334,0.083333333333333329
6,test,element,24,48,5,0.25,0,1,69.802647261405767,69.804437999035486,22,887441974936.23279,1.4367965742201867e-16,5.5215781325715309e-17,7.1148343133078176e-13,6.9581859020225717e-11,1,1,0.375,0.45833333333333331
6,test,element,25,50,6,0.17677669529663689,0,1,56.463877471541046,56.464984362674329,21,923967423609.70203,1.7158645550329096e-16,3.2370931484073774e-17,1.6262208326886276e-13,1.3845549771624536e-11,1,1,0.16666666666666666,0.29166666666666669
6,test,element,26,52,6,0.17677669529663689,0,1,54.986001797489571,54.987138438683424,19,436783064626.10559,8.92297713547133e-17,5.6999800426127579e-18,1.7130954094543933e-13,4.6639050125499988e-13,1,1,0.083333333333333329,0.20833333333333334
6,test,element,27,53,6,0.17677669529663689,0,1,55.299084574033401,55.300214780348867,20,404181994355.76459,8.1839264275362392e-17,5.7909529700932636e-17,2.097056869965333e-14,8.7035226790579009e-12,1,1,0.29166666666666669,0.083333333333333329
6,test,element,28,55,6,0.17677669529663689,0,1,55.494218992557975,55.495345224669329,21,213421148315.31305,1.1846743979816385e-16,7.7880068523912102e-18,5.2640009633030542e-13,3.651730672615865e-12,1,1,0.41666666666666669,0.29166666666666669
6,test,element,29,56,7,0.125,0,1,39.693680733878359,39.694468005239763,17,722536441516.828,2.2857468243147829e-16,5.5004661935177842e-18,2.7619476800474716e-13,1.0114743147259999e-11,1,1,0.14583333333333334,0.1875
6,test,element,30,57,7,0.125,0,1,39.722409453085803,39.72319615434148,17,71915559017.399994,1.1533561530024837e-16,5.4581444484994952e-17,3.6465734209085121e-14,2.6813953094863376e-11,1,1,0.3125,0.14583333333333334
6,test,element,31,60,7,0.125,0,1,40.487868778266837,40.488640607005941,18,110085805901.86716,8.0668493604786805e-17,1.2047736059373169e-16,5.0672264086003354e-14,1.7471931568071869e-12,1,1,0.1875,0.22916666666666666
6,test,element,32,62,7,0.125,0,1,39.898312931445396,39.899096164868212,17,25911717506.127193,1.7706358334581775e-17,5.4399839204606702e-17,3.8838109335877834e-14,1.3452991369413613e-12,1,1,0.35416666666666669,0.1875
6,test,element,33,63,7,0.125,0,1,39.310806117643132,39.311601056342056,16,18178268934.053619,1.6863331162663731e-16,4.8791007061457583e-18,1.3483037193120636e-14,3.8402178777379545e-12,1,1,0.1875,0.14583333333333334
6,test,element,34,64,6,0.17677669529663689,0,1,56.512302418134546,56.513408361190393,21,482153720574.18195,1.59383126242981e-16,1.7369853037193638e-17,3.4727778734763655e-14,9.8246401277727903e-15,1,1,0.20833333333333334,0.33333333333333331
6,test,element,35,65,6,0.17677669529663689,0,1,55.977845741382048,55.978962243042481,21,337650339151.94891,1.6700066386882676e-16,3.7121735214647065e-18,4.9606549192232181e-14,1.2122845362679188e-11,1,1,0.29166666666666669,0.41666666666666669
6,test,element,36,66,7,0.125,0,1,40.442806901025619,40.443579589931772,18,828994274139.55969,1.0609848410189695e-16,6.2493902625658853e-18,1.6623797250289256e-13,8.2536230468139506e-12,1,1,0.35416666666666669,0.3125
6,test,element,37,67,8,0.088388347648318447,0,1,33.941125495904799,33.941585848760141,15,2194446184.4371982,1.0115297011205051e-16,6.6902116997338071e-18,2.7574395615803051e-15,3.5526233312899922e-15,1,1,0.33333333333333331,0.22916666666666666
6,test,element,38,68,8,0.088388347648318447,0,1,33.941125502658956,33.941585855513956,15,1723122864.7743142,8.002777430225668e-17,9.221778791408542e-18,9.0831675863731442e-15,1.8355195441101538e-14,1,1,0.22916666666666666,0.16666666666666666
6,test,element,39,70,6,0.17677669529663689,0,1,52.413756696885599,52.414949118610053,20,421238146997.95178,1.6441421203735709e-16,1.0817494383607309e-16,1.6345071275216746e-13,9.5222398392878385e-12,1,1,0.20833333333333334,0.41666666666666669
6,test,element,40,72,8,0.088388347648318447,0,1,33.941125496993727,33.941585849849183,15,791804962.17124665,1.102337143152829e-16,5.274237690415199e-17,3.1128040269309908e-15,3.9473465411291135e-15,1,1,0.22916666666666666,0.20833333333333334
6,test,element,41,73,8,0.088388347648318447,0,1,33.941125496931065,33.941585849786485,15,2453866584.1977444,7.8213839629897073e-17,9.2311105735469555e-18,1.5068724469767118e-15,1.7763026307645563e-15,1,1,0.27083333333333331,0.16666666666666666
6,test,element,42,74,7,0.125,0,1,40.490880512575352,40.491652283908053,18,90450824749.166077,8.01756118344856e-17,1.6546021176461031e-17,1.8345297623655534e-14,1.6699666857747942e-12,1,1,0.27083333333333331,0.3125
6,test,element,43,75,8,0.088388347648318447,0,1,33.941125496797845,33.941585849653208,15,766595579.12165558,2.0382340948542027e-16,1.1608035162045567e-17,3.8989053327385686e-15,1.5789470489246951e-15,1,1,0.29166666666666669,0.27083333333333331
6,test,element,44,76,7,0.125,0,1,39.608093163944709,39.608882136282624,17,123206386415.35893,7.4952557782317255e-17,5.3199623448405972e-17,5.2927204730734822e-15,1.4055205200992866e-12,1,1,0.3125,0.35416666666666669
6,test,element,45,77,8,0.088388347648318447,0,1,33.941125495051445,33.941585847905614,15,1597138538.9570525,7.8455278865784809e-17,5.7228432699601964e-18,5.8672578862886731e-15,7.3420763727772046e-14,1,1,0.33333333333333331,0.27083333333333331
6,test,element,46,78,9,0.0625,0,1,24.000000000001801,24.000325518627587,9,2485238.104962361,7.1511927000523979e-17,7.1270869328695493e-17,2.6576185798373051e-16,0,1,1,0.28125,0.19791666666666666
6,test,element,47,79,9,0.0625,0,1,23.999999999998366,24.000325518624148,9,2164507.8031286318,7.2900829209342917e-17,5.0027769723363451e-17,5.3187412320587101e-16,1.9736762821604278e-16,1,1,0.28125,0.23958333333333334
6,test,element,48,80,9,0.0625,0,1,24.000000000001059,24.000325518626809,9,2147783.9623884507,9.0698020511427521e-17,1.1540153094734175e-17,3.7122519469108369e-16,2.7631467950239787e-15,1,1,0.26041666666666669,0.21875
6,test,element,49,81,9,0.0625,0,1,23.999999999996636,24.00032551862239,9,2464073.6801335239,7.027054645642225e-17,5.0908581161257253e-17,5.4353900781952558e-16,2.5657791668089257e-15,1,1,0.30208333333333331,0.21875
6,test,patch1,0,2,3,0.5,0,0,4.4954626770201029,4.5181200135633608,31,239087087866.74493,1.6462921190194933e-16,5.390723668553526e-17,4.4287136942034189e-16,0,11,2.2360679774997898,0.58333333333333337,0.75
6,test,patch1,1,4,3,0.5,0,1,6.7183995693489935,6.7314228242228271,31,27363330707.268673,1.3637345963070776e-16,3.7040158367657413e-17,1.6605920187377672e-15,0,12,2.2360679774997898,0.75,0.41666666666666669
6,test,patch1,2,5,3,0.5,1,1,10.425541577259798,10.450775809111352,31,26894798193.267532,2.1827099271698949e-16,9.0755427426906963e-17,2.8202837246617758e-15,0,7,1.8027756377319946,0.75,0.083333333333333329
6,test,patch1,3,6,3,0.5,1,0,6.8650767743431409,6.8896816559349565,30,702968788051.58887,2.3623833670240953e-16,3.298560912935883e-17,1.3732320655204061e-15,0,7,2.2360679774997898,0.25,0.91666666666666663
6,test,patch1,4,8,3,0.5,1,0,12.413512211016227,12.434934240131643,27,95376706335.932159,2.6799482523759298e-16,2.9159011586720811e-17,9.5508006923190302e-16,0,6,2.2360679774997898,0.91666666666666663,0.75
6,test,patch1,5,10,3,0.5,1,0,11.516860721500834,11.541513020236465,27,60237885605.015091,1.1270305926781148e-16,4.2734811288880775e-17,1.0397149348613423e-15,0,6,2.2360679774997898,0.75,0.91666666666666663
6,test,patch1,6,11,3,0.5,1,1,11.362714944027626,11.384731942009704,31,40337292080.284126,1.3186027838675949e-16,4.4954233816113931e-17,2.4454853406921141e-15,0,7,1.8027756377319946,0.083333333333333329,0.75
6,test,patch1,7,12,3,0.5,1,0,6.3126815305878914,6.3455984261590359,31,495022460571.82635,2.6016150882340893e-16,3.6926476614963006e-17,1.8290945727977191e-15,0,7,2.2360679774997898,0.91666666666666663,0.25
6,test,patch1,8,14,3,0.5,0,1,6.2861412221767727,6.2982007730608522,31,28926346328.038601,3.26982557349571e-16,5.0694526210541599e-17,1.2161689198930326e-15,0,12,2.2360679774997898,0.41666666666666669,0.75
6,test,patch1,9,16,3,0.5,0,0,5.2456657304894581,5.2604103746597248,31,241743490226.74872,2.4588425951170219e-16,4.7122258455530866e-17,1.7548846311955522e-15,0,11,2.2360679774997898,0.75,0.58333333333333337
6,test,patch1,10,18,4,0.35355339059327379,0,1,7.1639643030754172,7.170832570297204,31,5938340470.0887184,2.022514716610864e-16,5.3614718646193662e-17,1.8128091859502209e-15,0,10,2.5495097567963922,0.16666666666666666,0.58333333333333337
6,test,patch1,11,21,4,0.35355339059327379,0,1,3.6482232791017832,3.6514687213355059,31,9572378144.7059116,1.211992187042648e-16,4.1860766573273049e-17,6.8188995836360649e-16,0,14,3.1622776601683791,0.58333333333333337,0.33333333333333331
6,test,patch1,12,24,4,0.35355339059327379,0,1,4.6263792725932937,4.6300012874405834,31,6376307323.6493979,2.0533933637914082e-16,2.2850584483837198e-17,1.7345817743681928e-15,0,14,3.1622776601683791,0.33333333333333331,0.58333333333333337
6,test,patch1,13,27,4,0.35355339059327379,0,1,6.410317702143189,6.4158894189897877,31,4384922908.6006002,1.7710548103557322e-16,8.7644938109269538e-17,2.2837742998797441e-15,0,10,2.5495097567963922,0.58333333333333337,0.16666666666666666
6,test,patch1,14,32,5,0.25,1,1,9.5370538456846958,9.5424295888452271,31,189657315787.63342,2.1270936409703069e-16,4.0947007228425008e-17,1.9317026340538987e-15,0,8,2.2360679774997898,0.041666666666666664,0.125
6,test,patch1,15,33,5,0.25,1,1,6.1599013654524972,6.1677095017507559,31,22334135650.069763,1.9440759431102405e-16,6.9666238724912737e-17,1.5288846752378534e-15,0,10,4,0.375,0.041666666666666664
6,test,patch1,16,34,5,0.25,0,1,3.5280159214933056,3.5324062973054366,31,1942689949.3053598,1.8228682554768264e-16,1.4854172214693503e-17,1.1775174614740482e-15,0,11,3.1622776601683795,0.125,0.45833333333333331
6,test,patch1,17,35,5,0.25,0,1,3.7611495635912298,3.7652942406087631,31,1722386853.968617,1.2319866981838564e-16,3.5477039473063024e-17,2.7148867450128778e-15,0,11,3.0413812651491097,0.45833333333333331,0.125
6,test,patch1,18,36,5,0.25,1,1,5.8777143826963067,5.8848809651394971,31,22477776776.269489,1.9573093186584264e-16,4.2047442901517658e-17,1.4633997039961991e-15,0,10,4,0.041666666666666664,0.375
6,test,patch1,19,37,5,0.25,1,1,9.5925395721613214,9.5981331328295347,31,156772326751.3342,1.4391390254274923e-16,4.5973177629446638e-17,1.8405181926463721e-15,0,8,2.2360679774997898,0.125,0.041666666666666664
6,test,patch1,20,42,5,0.25,0,1,3.207129064855851,3.2125342317874153,31,11309975137.239731,1.7720572126408489e-16,4.0073777418327038e-17,1.106957266181449e-15,0,15,4,0.45833333333333331,0.375
6,test,patch1,21,43,6,0.17677669529663689,0,1,2.8351928529555406,2.83861928982745,31,1859421870.5797575,1.5953150168160294e-16,3.1201498775577535e-17,8.9830883190984567e-16,0,13,3.1622776601683791,0.41666666666666669,0.20833333333333334
6,test,patch1,22,44,6,0.17677669529663689,0,1,6.568822814044653,6.5710256522344741,31,83385119482.23761,1.7585342866136306e-16,6.2486250226839027e-17,1.2818307111539998e-15,0,10,3.1622776601683791,0.083333333333333329,0.29166666666666669
6,test,patch1,23,45,6,0.17677669529663689,0,1,6.2541150728450123,6.2560185825007766,31,58256731164.840584,8.6139107484251224e-17,4.3350177629567529e-17,2.8570340891151614e-15,0,11,3.1622776601683791,0.20833333333333334,0.083333333333333329
6,test,patch1,24,48,5,0.25,0,1,3.1555427141196812,3.1576911469107896,31,6481791436.6352148,1.4367965742201867e-16,4.7150537440906899e-17,6.8140993596694682e-16,0,15,4,0.375,0.45833333333333331
6,test,patch1,25,50,6,0.17677669529663689,0,1,5.6351395199552812,5.6367550972090585,31,45848060697.533791,1.7158645550329096e-16,4.3137634147199796e-17,2.4032326934955047e-15,0,14,2.2638462845343539,0.16666666666666666,0.29166666666666669
6,test,patch1,26,52,6,0.17677669529663689,0,1,6.4807315087192476,6.4826693198397018,31,46903087803.634834,8.92297713547133e-17,3.8397550242315442e-17,1.887217502383273e-15,0,10,3.1622776601683791,0.083333333333333329,0.20833333333333334
6,test,patch1,27,53,6,0.17677669529663689,0,1,7.2800445625448003,7.2825184652966852,31,84023926061.963638,8.1839264275362392e-17,3.1830734762559679e-17,6.4372756561913497e-16,0,11,3.1622776601683791,0.29166666666666669,0.083333333333333329
6,test,patch1,28,55,6,0.17677669529663689,0,1,3.507619638586235,3.5094565527855206,31,1656076733.9811385,1.1846743979816385e-16,5.2806741095530135e-17,1.6881770567936852e-15,0,13,3.1622776601683791,0.41666666666666669,0.29166666666666669
6,test,patch1,29,56,7,0.125,0,1,5.1130648561104328,5.1141411783899056,30,37217496565.232544,2.2857468243147829e-16,5.9132551697673419e-17,5.5290197360276672e-16,0,11,3.1622776601683795,0.14583333333333334,0.1875
6,test,patch1,30,57,7,0.125,0,1,4.9213785877137717,4.9220980214936212,31,79271584281.57196,1.1533561530024837e-16,2.9948095174099848e-17,1.2530211897532891e-15,0,13,3.1622776601683795,0.3125,0.14583333333333334
6,test,patch1,31,60,7,0.125,0,1,4.1257769813066751,4.1273072863835134,30,51582208740.341278,8.0668493604786805e-17,2.3176392877473438e-17,6.3795234037288776e-16,0,13,2.5495097567963922,0.1875,0.22916666666666666
6,test,patch1,32,62,7,0.125,0,1,4.8603387735723098,4.861128189650942,31,21071142589.452759,1.7706358334581775e-17,2.1171788302421078e-17,7.1594140000750315e-16,0,13,3.1622776601683795,0.35416666666666669,0.1875
6,test,patch1,33,63,7,0.125,0,1,5.0927957068229217,5.0937053279459956,30,44468623526.761459,1.6863331162663731e-16,4.8456164474554995e-17,8.9368565568975604e-16,0,12,3.1622776601683795,0.1875,0.14583333333333334
6,test,patch1,34,64,6,0.17677669529663689,0,1,6.9183019853323877,6.92015043922187,31,17037725834.458895,1.59383126242981e-16,4.938664915865211e-17,1.1590529689285804e-15,0,14,2.2638462845343539,0.20833333333333334,0.33333333333333331
6,test,patch1,35,65,6,0.17677669529663689,0,1,3.3405114154739759,3.3420064381838874,31,1488337982.4072301,1.6700066386882676e-16,4.2334256420303021e-17,3.2147497770991234e-15,0,12,3.1622776601683791,0.29166666666666669,0.41666666666666669
6,test,patch1,36,66,7,0.125,0,1,4.7966760416593761,4.7980305395899698,31,5431288286.6808882,1.0609848410189695e-16,2.9533441947138703e-17,1.4700395816464342e-15,0,12,3.1622776601683795,0.35416666666666669,0.3125
6,test,patch1,37,67,8,0.088388347648318447,0,1,4.0829307093788287,4.0835763678060024,31,49825880557.133812,1.0115297011205051e-16,2.8457287835090018e-17,1.1290691786909488e-15,0,12,3.1622776601683791,0.33333333333333331,0.22916666666666666
6,test,patch1,38,68,8,0.088388347648318447,0,1,4.8449990802529825,4.8458788306599159,30,242334188140.15698,8.002777430225668e-17,5.139687511263567e-17,1.0261136737472387e-15,0,11,3.1622776601683791,0.22916666666666666,0.16666666666666666
6,test,patch1,39,70,6,0.17677669529663689,0,1,2.8139083534344769,2.8158262026543226,31,1843974036.3532181,1.6441421203735709e-16,4.9363827101770483e-17,9.0108141660478564e-16,0,12,3.1622776601683791,0.20833333333333334,0.41666666666666669
6,test,patch1,40,72,8,0.088388347648318447,0,1,3.6003969788115682,3.6008962097923249,30,58840603564.726372,1.102337143152829e-16,1.8273819433612869e-17,8.0256846548720673e-16,0,13,3.1622776601683791,0.22916666666666666,0.20833333333333334
6,test,patch1,41,73,8,0.088388347648318447,0,1,3.5611376453043668,3.5620375091909757,30,317078633295.70233,7.8213839629897073e-17,6.3308866161431499e-17,1.0256092826909789e-15,0,12,3.1622776601683791,0.27083333333333331,0.16666666666666666
6,test,patch1,42,74,7,0.125,0,1,4.0750424196567163,4.0772070011768804,31,11221340691.782549,8.01756118344856e-17,4.409407653345899e-17,7.6298040493718483e-16,0,13,2.5495097567963922,0.27083333333333331,0.3125
6,test,patch1,43,75,8,0.088388347648318447,0,1,5.0874125999730708,5.0878134739058947,31,14993032066.065889,2.0382340948542027e-16,2.4197797380587733e-17,9.8305477517152853e-16,0,13,3.1622776601683791,0.29166666666666669,0.27083333333333331
6,test,patch1,44,76,7,0.125,0,1,4.9415931128518737,4.9425714021513159,31,7026219410.0913601,7.4952557782317255e-17,3.9777369172213803e-17,7.7673490325903043e-16,0,11,3.1622776601683795,0.3125,0.35416666666666669
6,test,patch1,45,77,8,0.088388347648318447,0,1,3.7155332940418888,3.7163674865935841,31,10029432417.869957,7.8455278865784809e-17,3.2650846378694959e-17,5.7877710668474572e-16,0,11,3.1622776601683791,0.33333333333333331,0.27083333333333331
6,test,patch1,46,78,9,0.0625,0,1,4.0678095797035692,4.0681523847465497,29,244306176103.48956,7.1511927000523979e-17,4.2656748904005869e-17,8.6781269433039386e-16,0,10,3.1622776601683795,0.28125,0.19791666666666666
6,test,patch1,47,79,9,0.0625,0,1,4.1492988580359293,4.1494520727906536,30,40941011230.769188,7.2900829209342917e-17,2.1229393858094146e-17,6.9377835230798653e-16,0,12,4.4721359549995796,0.28125,0.23958333333333334
6,test,patch1,48,80,9,0.0625,0,1,3.5176123186020853,3.5178702192531595,30,58963408933.063652,9.0698020511427521e-17,1.8001238845461138e-17,6.3173927768444911e-16,0,12,4.4721359549995796,0.26041666666666669,0.21875
6,test,patch1,49,81,9,0.0625,0,1,5.0525432990652677,5.0527649354190576,30,99429679194.178864,7.027054645642225e-17,4.2094750482901676e-17,9.4277779328657194e-16,0,10,3.1622776601683795,0.30208333333333331,0.21875
