<?xml version="1.0"?>
<VTKFile type="UnstructuredGrid" version="0.1" byte_order="LittleEndian">
  <UnstructuredGrid>
    <Piece NumberOfPoints="2303" NumberOfCells="4544">
      <PointData>
      </PointData>
      <CellData>
        <DataArray type="Float64" Name="eta_H_T" NumberOfComponents="1" format="ascii">
          7.5236193500010947e-06 2.0358460092813793e-05 3.1622429523866232e-05 1.3801341615763732e-05 1.8256913075313176e-05 3.0721067530070158e-05 7.9337117852341502e-06 2.5409463477847403e-05 1.6868617009875028e-05 2.960491941916718e-05 3.0690257609072779e-05 8.6960499044023466e-06 1.9082069296728045e-05 8.6812046233962901e-05 2.9472310718573275e-05 7.4498303316984755e-06 1.9233344585576683e-05 2.1020538178151175e-05 2.6970670131277859e-05 1.5914939018334308e-05 1.0758222967750023e-05 1.5381537553361325e-05 2.7774123641959686e-05 2.7542904051928339e-05 1.0979020640738734e-05 2.040054416664231e-05 3.2114364473314456e-05 9.8614597297122059e-06 2.033668392769965e-05 3.5145177017231382e-05 9.8517129269086374e-06 2.9532860455951761e-05 6.991542823070972e-05 1.3207668569669151e-05 2.1531029120548001e-05 6.8190205198077926e-05 5.3241061944961383e-06 1.8071074036533489e-05 1.6906272453934546e-05 2.9356428921921416e-05 2.7139059569310892e-05 8.5270605337729217e-06 1.8709541343033819e-05 2.4170705109643681e-05 2.9454819550474593e-05 7.3515670474870673e-06 1.9047608917852358e-05 3.2132733299216213e-05 1.4096681241829922e-05 1.8636769671636943e-05 3.0840298955923706e-05 6.818680665721474e-06 1.9346723545974682e-05 3.370798288987233e-05 1.0943806197500035e-05 1.9708489874071848e-05 3.2843959807089544e-05 7.3106766969256456e-06 1.9373126109062116e-05 3.3768131717909027e-05 1.2778265344425733e-05 1.9598815611444076e-05 3.2278938203820946e-05 6.1406057715500369e-06 1.8115170090537766e-05 3.2883047565255367e-05 1.0155783036826103e-05 1.9714557265958749e-05 3.1040338708295326e-05 8.182881674408077e-06 1.8946035728270963e-05 2.0892020929940645e-05 2.974931345706964e-05 1.6631444956501176e-05 9.3454229068824595e-06 1.6992528127203265e-05 2.6275448785635422e-05 2.8599665127503725e-05 1.1011202607515929e-05 2.1679787501271265e-05 6.8362445237175803e-05 1.0956001356679559e-05 2.1003604409627038e-05 6.9843974303529418e-05 8.6180432737013993e-06 3.0018609105051844e-05 3.5286963963253804e-05 1.4365533114127248e-05 2.0242386993255804e-05 3.1680379932554982e-05 7.5331626084674987e-06 1.7413903624691567e-05 1.5286194216950691e-05 2.8327912687951476e-05 2.8592504078847639e-05 7.8263133607311429e-06 1.900042661092913e-05 2.4281875385962021e-05 2.6645483499351988e-05 7.5633585403864692e-06 3.2498628274092243e-05 2.0048947294072982e-05 2.9869782030547041e-05 1.5030282339870391e-05 5.1206796779382318e-05 1.7220060553372156e-05 3.044881633156284e-05 2.9205790150444287e-05 8.4694243883898898e-06 1.8184789368620752e-05 3.1572538786678658e-05 9.6045951990290282e-06 1.9075800732046789e-05 3.1366226546655964e-05 0.00013805907564460866 0.0001126435942946973 3.9053185266118792e-05 2.252331436937942e-05 3.3774772968559858e-05 4.0756239090138462e-05 0.0001101274221657867 0.00033517608003505635 0.00013391828746767219 0.00033505262601045069 8.0236637392608876e-05 0.00028376250042846322 8.9282196073288536e-05 4.9558113848590178e-05 0.00015055908714869132 0.0011404232023266223 0.00025221964522770029 0.0020838675205787026 0.00022727609411179092 3.8357996482525373e-05 7.7856836091135082e-05 0.00029530657604120221 0.00013843646932163562 0.00034985887355655715 0.0011850743420900056 0.0003779315286082581 0.0011913944496406738 0.00023742101803381677 0.00021293155303209828 0.00018300759212265698 0.00046702779744496684 0.00046407336063110003 0.00035207627302395641 0.00048399773704485745 0.00069606006989237463 0.00012238580151056728 0.00014185057684510042 0.01167637126442031 0.00066055670198814195 0.0020669198107465554 0.00034336011893873605 0.00058997263441983765 0.00035057886833527818 0.00039886520322574546 0.0020877114847719499 0.00051272523103600446 0.011187875135244807 0.00062355697477993802 0.00044831013066617281 0.0030446941623272759 0.00028717340789149006 0.00047141458355732797 0.00074339360015269248 0.010122205034940077 0.0012106957617061191 0.00062305314842180169 0.0046231446814096969 0.0038495476798362503 0.002926955413363509 0.0009016441343464058 0.0097460496290219193 0.010010967751875988 0.010952160342008048 0.010122292525791303 0.0089519207593722304 0.01113315773222974 0.012299084701507725 0.00089268138210556647 0.00080778712319971564 0.0094483411439488275 0.00021418952369414785 0.00065496750913797593 0.009461384958539135 0.00072452207006278968 0.0095677029279951833 0.010074676333012091 0.011158742680435678 0.00070631390642981258 0.010144416858412136 0.01128875877652224 0.010145389738515592 0.0031992728279031592 0.0017709503997365562 0.00092891960224065692 0.0012675679099361924 0.012120074943110681 0.00043603581756991718 0.011197523248103091 0.00056015965663857193 0.00011180103366054081 1.5673016868721156e-05 0.00051259333648136696 3.2132867662550081e-05 0.00037535949556855079 0.0013625788004433767 0.00068609491478326102 0.0055288099993141817 0.0011842710050278447 0.00047151098065657007 0.0029030829541054257 0.00092245512274553116 0.0057833848921510769 0.0095242813418994522 0.0075779115243460775 0.0011046684736235096 0.0043201962265036666 0.0067752327830655681 0.0043817602261392793 0.0038026504238607606 0.0079610236274682521 0.0091257168592059901 0.0082466651021188726 0.0058879681951040878 0.010091281815814521 3.2083980947389565e-05 2.9099287977987045e-05 0.00010232073189810314 7.6931096116921807e-05 8.1881326619088259e-05 0.00092140275755340985 0.00044458605193528606 0.00015498539882131634 0.0029801483087589613 0.0037370163564898451 0.0066669509429268144 0.00065036277429870223 0.00053670402700054345 0.0059854189944971194 0.0094491367737602784 0.0076148607575278965 0.0079830154853477494 0.0043143655768473916 0.0093160979310095982 0.0064353996456299233 0.0080903616247866746 0.0044551067709840764 0.0040382695445557119 0.0086939927305986885 0.0060356641193153046 0.0049119577901311036 3.6221948560437002e-05 3.7208170450867979e-05 0.0001806388253511619 0.0024115183243345107 0.0024134152444378085 0.0036363506337882654 0.0073092177993492255 0.00013769006286597557 0.000889909673053581 0.0020705046197291841 0.0052908201722879121 0.0027707801927784109 0.00029592390022181616 0.0051052681792331869 0.00023568606616947512 0.0027535951511804425 0.0092383888449732582 8.2411668149595351e-05 8.0011321381658662e-05 0.005030744452925927 0.00014178377867926902 0.00012438004710337613 0.0094309374208118926 0.0014775292528622186 0.00093568390445559568 0.0034771056512622714 0.0086826374700581365 0.00051552345795518857 0.00073587321888677248 0.0026290072974540692 0.0057054023161708899 0.0035179343111833615 0.0051623478699697649 0.0014134155993395367 0.00048974560610720607 0.0032195608181694022 0.00010226277175951764 0.0019043293729525945 0.010713805372820486 0.011064413872652197 0.008358182477713345 0.011687311129333041 0.012407635091411502 0.0037294839720379775 0.0096494680342679457 0.0050081789916670205 0.0093557381352048115 0.010181565198541909 0.00077627940632220554 0.00098179220797676102 0.0058485281954501322 0.0054874177580792006 0.0098673470476783667 0.0017639792292194411 0.0016835283189048345 0.0074440171090193784 0.0055588615277178295 0.0088266778917994292 0.005227487123258572 0.0036982514873487352 0.0010064934329829859 0.00051259497109565366 8.4313584023050072e-05 0.00082869083535170608 0.011598760672247122 0.0091302214582193661 0.011742095874980051 0.0079145103212944472 0.01170832968592452 0.0010913539476222517 0.011394407274097004 0.0040254218775423369 0.010738325524906289 0.0088478803554646723 0.00084880403897317667 0.0006584211937717485 0.001260015540795328 0.0078204812695864424 0.0055634021209992396 0.0083246287127241858 0.0062173479567754911 0.0046461837742387026 0.0035685669140460251 0.0087183481331979812 0.010244685600181663 0.0017927098333252798 0.0051504107381655992 0.0019978509806866753 0.00043454061876872731 0.00051577429333607243 0.0038099615693520305 0.0048021385275851692 0.0067078327393482835 0.011558867650380443 0.0007582328197358357 0.0032496681141763874 0.0046431985941689444 0.0020480659772935754 0.0028968731317553956 0.0093658027662725605 0.0047850056263884699 0.00090714449352763708 0.0018474980385907289 0.0014996652900256364 0.00011763675610861173 0.0030904433622967612 0.0041119681054376071 0.0060339990872459708 0.010826562822332705 0.0011828442375065805 0.0040011973383318198 0.004772486967002945 0.0024468962223634745 0.003892244571135111 0.010760267469321282 0.0046702129660529052 0.0022316361589334085 9.0347747456721172e-05 2.8778520911485494e-05 0.00044158313925518833 0.0088372435083861507 0.0084654873926997918 0.0012667040633868633 0.0033055609375626251 0.0085513113375472252 0.0074912503426834299 0.0047461959057629203 0.00013521810730133103 0.0034691904626234504 0.0035038886791360808 0.004748434839716432 0.0057249534772405852 0.00939182145947276 0.010800673106836267 0.00032734137839922025 0.00086638448035050372 0.0080491709924980382 0.00092303413327864299 0.00073000910487531622 0.0014744012347965862 0.0072287323986279222 0.011061722812274959 0.0059493952133737003 0.0096277951818407384 0.0080592649969132759 0.0029180164766413547 0.0050880912192682523 0.0032098153709011435 0.010344095334551473 0.0050140679662592771 0.0082239143123118315 0.008402004103755795 0.007192567121273712 0.0022120382743866436 0.0038789651611980287 0.0055036572483816975 0.0014509346509935959 0.0010210570687484981 0.0017059628689699621 0.0058739952351502074 0.0050105948253282599 0.003622209013078827 1.4030679055023999e-05 0.00045724424432098747 0.00062281798802540011 0.0095149843141415433 0.00084345783088210697 0.002837641241621028 0.0035758632209685367 0.0055927865046360575 0.0056863163770901233 0.0094098725924414376 0.0090039373970005367 0.007235761782553439 0.0081844466511177723 0.0084757645576946598 0.011260141326940467 0.0023389480200183004 0.0090077705867202453 0.0014138624387196993 0.0057475600195872186 0.0072448326811048224 0.006927633749106407 0.010143075314749632 0.0056753627226689227 0.0014859175290878987 0.0025926158581725096 0.0009152858300951447 0.0016057196585373777 0.0035299450788285835 0.0028916450499638299 0.0052826036925873844 0.00082554098440626726 0.001172636749289557 0.0044995744183613153 0.011086095999174591 0.0078591398122099341 0.0094907011171172229 0.0081165445011954097 0.0047412109275301239 0.0032885364676599883 0.0053172374021028266 0.0080572000572661315 0.0014015411976259209 0.0012212699314087937 0.0016027433448332295 0.00063313116151414558 0.00086373369073496889 0.00091797072096576923 0.012184953077864373 0.0054005058129072718 0.0088839957342268534 0.0055166396605702533 0.0017424851040674727 0.0046343659607649265 0.0010733026300625156 9.1741552996453738e-05 0.00071631864187391044 0.00153978822851189 0.0075151472231116392 0.0077778430290715824 0.0044686608263592945 0.0052716619997763012 0.0037327112237526068 0.0022276628414902864 0.00083293152055998929 0.0087385750026034836 0.0034844697825545451 0.00070420935658189316 0.0013426502782154346 0.0093425105666119102 0.00081208839263602187 0.011761668179634217 0.00010690765543458571 0.0049995215496179708 0.0079104110467946211 0.0063070388028771624 0.0063944965626028397 0.0049999914517718314 0.0043600901144169642 0.0014484371292398704 0.0067502342925298067 3.3257232619211908e-05 0.00063559422306110286 0.0075945563143899981 0.0015366202288926226 0.0046961814411847873 0.00033219126758363479 0.0046772325672327355 0.0045908714943538789 0.00049236771096535328 0.00083386140158586784 0.0083258445462505021 0.0023087505014975367 0.0013486595868504 0.0060832584782205112 0.0067246751388270092 0.0048281982081037752 0.0085095854128140955 0.0024537293195680651 0.0068245044822345833 0.0059200855744397747 0.0046049138035906597 0.0075468154745223269 0.0033560453411008639 0.0043984885738372736 0.0073921239992963935 0.0031524762755937444 0.0027153422233109196 0.0058198075399844978 0.0070915950963422797 0.0043764236004061119 0.0061453576481036712 0.0063855961680966957 0.0063683746594334362 0.0037220237002388453 0.0085798510077001681 0.0021249558637582598 0.0011088508720650185 0.0048805883321389014 0.0062627484401852661 0.0025619780147636251 0.0061195666636351675 0.0073005513711480218 0.0026834737362189717 0.0082735573834359644 0.002242798596823397 0.0022025009597610315 0.0059442696558572733 0.0043246631510184541 0.0030504624302841645 0.0016225551527861302 0.0030138560081275408 0.0011210825632996877 0.0078912566526060605 0.0014574489159013416 0.00015284172403073754 0.0059212130347456038 0.0010508030707847317 0.002453550432130496 0.0051586446343597509 0.0055883219627089311 0.0023023653021810881 0.0032570378206017757 0.00086585266578280331 0.0018187173042597156 0.0025858654019788063 0.003732029556606543 0.0019656577886180983 0.0010438800939222099 0.0059404595035337958 0.0053762415219256957 0.0085374435881882867 0.0011937809203817237 0.0013966068761046041 0.0072139005866242055 0.0019791681704624327 0.0042766023892100305 0.0067175804586590976 0.0083275572228658414 0.0037520590869043048 0.0031645786630785933 0.0039335305053336987 0.0080029059660624013 0.0044668402189966677 0.0032091698066076852 0.0023316331551873942 0.0087432858726946335 0.006666992073517738 0.0064644801054415781 0.0059194457376269237 0.0075220644906220224 0.0043476211847264922 0.0018103241334506499 0.0046413283904088208 0.0065211371914152185 0.0027950337323268005 0.0058968232403927697 0.0073414723738455768 0.0030228465909309674 0.0050401032322952306 0.0026224927933239718 0.0077436360173648456 0.0017108678521525165 0.00076142261235322248 0.0055304258434689781 0.0043846457575102034 0.0051976498382494754 0.0021841345260383031 0.0027203125195546774 0.00085531599796874046 0.0010513023800709897 0.0083792394646053769 0.0057150257101948798 0.0022681821790711378 0.0037778949172510797 0.0016566866359783692 0.0088960961519705256 0.0041606702746221514 0.0082492976881555578 0.0044120805347724196 0.0037978926602399636 0.0016026310703783314 0.0010521354828859661 0.0031855803519657043 0.0028993250970194839 0.0024112996874689667 0.0030752990330295002 0.0042433117663865693 0.0018479074218796946 0.0016277753354155522 0.0074424451709969048 0.0086032086018295335 0.0052487572751387015 0.0015264550013093926 0.0078860540730307082 0.00090597020216080066 0.0029939830714831501 0.0053302281616687732 0.003090284260101145 0.0014741317049619131 0.0028948434554811379 0.0028338202062674527 0.0050151410585390927 0.0035195722621558815 0.0064704669861051544 0.0044480388234432811 0.0077902575311715296 0.0034195806726448207 0.00617396514825308 0.0087106227384278947 0.0023558252602299944 0.0024535375579313834 0.0014907825080573837 0.0015731930398577034 0.0050623902525729556 0.0068736162621520162 0.0075647715257265479 0.0054978200002873878 0.0069778572518564399 0.0069782398254558502 0.00055927494298446028 0.003665312415219244 0.0013589852112328661 0.0021510907993660751 0.0051321566348420172 0.0070970529795889668 0.0047645516597012083 0.0079369844171945508 0.0070672754467174092 0.0077947449971502245 0.0019571730929280871 7.7045878866707063e-05 3.6490455013234391e-05 1.4613874025677375e-05 2.5477923212682257e-05 3.0885939378500943e-05 0.00034039789387728782 0.012047857478242639 0.013004801639509336 0.012145927916361429 0.012163230541959728 0.0030700048527875427 0.0015767873620714653 0.010077443868655377 0.012493352295298923 0.0085867307703186933 0.010693793520143741 0.01076317551531039 0.01148904281416784 0.0092489046496909769 0.012658502551304365 0.0095874718967871447 0.012650830197350941 0.010893440012450798 0.011301318927008407 0.0036254772559264573 0.009615334448015175 0.0041686579957361932 0.00010429223575918657 0.0078930754842153339 0.0042598641138646082 0.0028725628741909474 0.0078407406011530342 0.0090281171641831016 0.006897648734324165 0.0027160114612138388 0.0070561655755239797 0.0083693432947484943 0.0080155846883080729 0.0056797115693891448 0.0066713301128066022 0.0066730122383348075 0.0050879366229754988 0.0010352446590501719 0.0032341377522210136 0.011689083099912683 0.0059114543616162144 0.0049122313733311511 0.0050685276783436683 0.007988403945661051 0.0046116674974329202 0.012972751812045975 0.0048641312566588832 0.00045980079414882153 0.002439767961235813 0.0059078711070206002 0.0074058810311814919 0.0065897410339931968 0.0058505406586316418 0.0037992689283972599 0.0075422452619301689 0.0049432970821840557 0.00781592942116161 0.0066869237430028129 0.0049210785138369901 0.0064461815398018409 0.0058251298009108742 0.0087891462445669286 0.0039612107638463557 0.0045455835171986326 0.0039505937196655967 0.0044684922628294519 0.0033284589787563406 0.0028287121322272358 0.00083430516836912076 0.0044269024619053576 0.011271147384411054 0.0016937227002822844 0.0079544314352028491 0.005527519893144062 0.002141976080248745 0.012844751773814301 0.0061734937060351769 0.00049452248622688314 0.0025221735014322247 0.00076211040584881992 0.0029486778851765395 0.0054550704984648668 0.0066857697320786722 0.0063515788235683317 0.0033605305027458276 0.011921778612547446 0.0064282192840845872 0.0087062737983548896 0.002572937515566373 0.0062971350472325362 0.0054136396278986892 0.012145828693289914 0.0022685343768410857 0.0061414651612737969 0.0097619062001692881 0.0071325123722883032 0.0067240088854582918 0.004319445127106949 0.0047037078569836513 0.0033507142127269783 0.0038720225962472561 0.0050571523960496155 0.006679358122800968 0.0014012465577444076 0.0057379696860357793 0.0046459023505803117 0.0035825884070807899 0.010475327919989555 0.0033187106278031314 0.0035400220272814157 0.0041100069231152147 0.0078168511161345964 0.0021078601346789473 5.1623240894531594e-05 1.7182647961426467e-05 3.2158820437248859e-05 3.9478818665715667e-05 9.0444062925273001e-05 0.0011824962256156962 0.0027352637223530532 0.011562792012167051 0.013086851007879543 0.0098199304736827676 0.012093784640617999 0.012074906773859946 0.0045441645715817202 0.0095112282600980508 0.012473516904422556 0.008464638534835027 0.011574341163711466 0.009810086322293991 0.010695166529644629 0.0098302415600679625 0.012678048526919066 0.010036993590511254 0.012574217720063877 0.0029046569756406753 0.0042794840650647453 0.011797140339479368 0.0037506407819720149 0.0083620475593866369 0.0032290871991364966 0.0046913337949946125 0.0074569476298558474 0.00010590992716002369 0.0008970561689091122 0.0041264148982423886 0.0043871759205260947 0.0042884217700352844 0.0071848452844159574 0.0085564051049278906 0.0073194841698380995 0.0024074726845262754 0.0054955398008601228 0.006430457830057466 0.0074476482095772014 0.0058731448848931009 0.0057807384179107213 0.0092812703277044377 0.0037599517293367009 0.0058224733597029479 0.0065322730586841226 0.00045257255736521658 0.0073321714324799305 0.004844767841650938 0.00091859473091908492 0.0042785876103627451 0.0033931036616508979 0.0049402265836080176 0.0051590189117893389 0.0032758441643973438 0.0029864032229805627 0.0078338468369093164 0.00049184133469759291 0.01308762247032467 0.0044650388722689066 0.0083321976200608043 0.0077177399820038501 0.0073949597049288137 0.003535441442212294 0.0029805696483296796 0.0083296809018810029 0.0080308417912516375 0.0062223515405630987 0.0068358649423397987 0.0067098320407586341 0.0043846269396407506 0.005016520943395315 0.0025688874113300544 0.0029254230764070312 0.0058125599455430554 0.0047661495548480485 0.0048260814870629684 0.010924387354059375 0.0088251031669440566 0.0051559551841826338 0.00086836207336464749 0.0022703588179916845 0.012823174124391089 0.0022274221875730723 0.0048545576513885956 0.0031176829420641737 0.00063294631318727614 0.0020299848875041573 0.0063765249466644974 0.0059229171918767972 0.0022749824200399274 0.012240315746996785 0.005725366498891658 0.0060907088238201079 0.0024928614685618185 0.0038628416417729817 0.0039168576810495832 0.0064534893386272735 0.0032775836370699291 0.012307054296291725 0.0028587910239737707 0.010094474020248928 0.0057705099610745637 0.0013454589356321437 0.002125013086070496 0.00070369000105024657 0.0039018953942241692 0.0067564797426878254 0.0038097543436526994 0.0062980440515129398 0.010313323422499127 0.0051903624353440677 0.0064487111514675739 0.0096907976631185333 0.00074652523768245418 0.0078532401015059799 0.0062691265536013582 0.0066985943690792684 0.004682317520768392 0.0057938295450398617 0.0028237220580383114 0.0043978542555883895 0.0069270230237097989 0.0037423346272348885 0.0023101679459257567 7.8545368710016743e-05 4.7147665040668261e-05 0.0110666820360945 0.0012559875960169455 0.0037921460370676282 0.0098500305740029138 0.0096342665219695083 0.013113126244245089 0.0028581394721214929 0.0032413585175468523 0.0045260219778418508 0.00023586155984873069 0.0011242909548509243 0.0011313573965291146 0.0049291484388215099 0.00077901753697870565 0.0015685927979120729 0.0040951067520186724 0.00050544909921520196 0.003151710241961168 0.0044939785729113954 0.0035814631661131363 0.0047945284800194228 0.00075503640202196655 0.0016308131501483517 0.001011450802648332 0.0080645409125898737 0.004182146259877291 8.0234115544581964e-05 3.9234000907724312e-05 0.00012617518769420587 0.010380332246734784 0.0071577200523076289 0.0019483238337491418 0.012526408497442272 0.0039045157601293175 0.0025741241735849031 0.0081089990948800764 0.00011209699667553108 0.00015860560513365399 0.0024874422213527017 0.013178138980211614 0.0055421175865047936 0.0038962312746875062 0.0021072925407888401 0.00886737495250026 0.0043056680783682948 0.00035993992435473418 0.013307830238852646 0.0066727342942941876 0.0015235926778597749 0.0050023846731225095 0.00061304391722881717 0.0091664341362616333 0.00010798052414762803 0.001251290557819413 0.011018640222361816 0.00055620178188675357 0.0048511020002266498 0.010706755811063551 0.009165013281608585 0.012998480970817483 0.0025369684021160767 0.0028048047396272845 0.0042347188889251472 0.0012686865639039123 0.00019550715787684263 0.0022148541822219771 0.0051741637832785218 0.0011160864869908245 0.0016929656001319991 0.0039418860658286363 0.00016623578647813361 0.0038088239754964846 0.0049229350928822312 0.0044281651475212543 0.0033855289921760666 0.0022483590626194041 0.0013288152391068939 0.0038539308169898805 0.0012361589324744709 0.0088406070793608359 0.0038783220848278835 3.4247711945318657e-05 3.6712991168762798e-05 0.00035360410286621775 0.010082606064420487 0.0073016981684900194 0.002144645460048038 0.012603311598759747 0.0049325234479923388 0.0028647702860332348 0.0093960993759383566 0.00014813679256078116 0.0074365453329491744 0.0011226493722462311 0.0016818980494242301 0.013199136353876538 0.006949029779230384 0.0043143292276405154 0.0019274466102345254 0.0080013043998067128 0.0047442997279770688 0.0050939047729661657 0.0010305846442101132 0.013158872096839944 0.0038059442118204474 0.0013247139366493802 0.0041170238974349458 0.00083468208079351511 0.0089125507910386981 0.0052181197613995079 0.0096648247371153382 0.00086274643141434377 0.00119422418576569 0.0068962384999039592 0.0050639830422271404 0.006112790121741713 0.0057638677011562058 0.0042279326090856268 0.00511426562707013 0.0067991390141963213 0.0091676364121697704 0.0068356406922981767 0.00013288093567029498 0.00083482102512180505 0.0034861836333473285 0.0013361355303738217 0.007158342342043821 0.0034581925156616255 0.0032524382821509708 0.0039898002162774013 0.0079577629867849907 0.0024967009681476074 0.0078671673791507902 0.0036320220928883484 0.0039031304780505621 0.0014841296132064531 0.0012408175881987141 0.0030767318652140992 0.0041026479263062861 0.00041481984183172903 0.0018570830749941457 0.0031244483424374323 0.0016910477857983591 0.0039283046426273052 0.0038590224323564763 0.00383502272034818 0.0014934949695459495 0.0050844222408541221 0.0055870393925583697 0.0074027838966561378 0.0019966183662990375 0.0037253283030758149 0.0039745060969348231 0.0018502618125207124 0.0084746019879032713 0.0076560330236006635 0.0014600155425998781 0.0054023669740876678 0.00026587304583047751 0.0015930794837011313 0.0027291790328258627 0.0026911171940384687 0.0012870756927775156 0.0014623703822059173 0.0060157827700402632 0.0029484013841713564 0.0035552566207148984 0.0032176900070570143 0.0016859529804202143 0.0044522863498287915 0.0027489458477593606 0.0035310545192500146 0.00611876537070488 0.0035507711072926234 0.0025338460443075123 0.0049017568400895857 0.0068894909401302435 0.0054479528750555522 0.0075303612899361837 0.00788206453494978 0.0029740851722601003 0.0072004076032400072 0.0052716335032428202 0.0067173054844934287 0.0041252878958360313 0.0069352492493521024 0.0043430861868842246 0.0028556693825732577 0.0041814825822734129 0.0047334168790217025 0.0080504788113771545 0.0029741259394498606 0.0048849318579250447 0.0090871585890957979 0.0041193115689144239 0.0040767638154425734 0.0044192360262077781 0.0055504613307137355 0.0027879986946939264 0.0059848118982295815 0.0040354595512599985 0.003830475433420594 0.0035207818675185788 0.0018390506134950304 0.0020009076265653553 0.0056773189224021137 0.0062625025342144961 0.001128712317569417 0.0051543868409315748 0.0070697577008931181 0.0052063912724168958 0.0086922593855379201 0.0049916251512349364 0.0076673913276299891 0.0053881771152939698 0.00442028413975332 0.0047156440691603898 0.00099185906300804571 0.0042950046487148716 0.0054097561702561971 0.0052308641541795346 0.0053560897250768905 0.0010061242777738 0.0068186384956856177 0.002155860670592466 0.0088199017767332764 0.0041019694233899416 0.004491496162897143 0.0011579151998447222 0.0059097334285174588 0.0042315660050269589 0.0075121716191016621 0.0026102788061393217 0.008273876514189149 0.0051467082898817964 0.0026258974114863275 0.0017108155010377756 0.0052093930205561354 0.0086604828486564391 0.0083555029476977093 0.0043808612780298906 0.0054981038964644702 0.0016621215327475491 0.001111853611851491 0.0088265000356925714 0.0010103603593345607 0.0091780330622277424 0.0068434999209917137 0.005522107115326998 0.0065875544188877038 0.0057432371824848354 0.0071877488031998737 0.0053872161121684432 0.0080357811281474723 0.0054654670748965654 0.006541821835603057 0.007286460975005511 0.0081951659692672939 0.001801677219592121 0.0011757060023811919 0.0015102021168521169 0.0049343840748725509 0.0026235889639030486 0.0040820959749019734 0.0080278085185305336 0.0080357126242117469 0.0037456223600029919 0.0019603949112226462 0.0075424324467221089 0.0017320644981972993 0.004278450254372154 0.0074580690690340635 0.0016186730096312278 0.0032616520972632728 0.0036303413784839686 0.0029104686278101574 0.0036293345799718415 0.0015228546703817407 0.0012198776592927587 0.0066093582877447057 0.0027207920726790851 0.0027002257385844845 0.0036168922384095729 0.0016937878806782308 0.0063984375043763765 0.0048567741209116291 0.0027516013844084697 0.0075303818063859286 0.0029967165505092935 0.0025460205952379249 0.0083633137919422382 0.0078951263534079302 0.0043637552218330107 0.0037859133086496433 0.0016943110370101723 0.0031209866706552016 0.0015491834413231135 0.00014925890209320294 0.0030827694038916761 0.0012410149880769279 0.0014798830758863261 0.0038490141036695126 0.0037554413221980217 0.0019556423097646962 0.0041204444751332626 0.0051782110784565584 0.0039247408756897034 0.003206949517986263 0.0018857054367600447 0.0039527989063839033 0.0024019362311458875 0.0058508797876432169 0.0084642446550583315 0.0074754792170232372 0.0060951363443146004 0.0089685639366405712 0.0050520847710502463 0.0069347207687387351 0.0065534040536712451 0.0066967231493397297 0.0062931603382809587 0.0047656159187274283 0.0014250799068236141 0.0040246914202376229 0.0057734560801421704 0.0051152223528246792 0.0090118866502902177 0.0047104322286442924 0.0048257117195714891 0.0054396773243329003 0.0042026355736457053 0.00074608553644412757 0.00085536186555619964 0.007782794863568393 0.0048791186125587754 0.0012941954975429525 0.0016737748764603542 0.0054707412371998434 0.0078935004404594254 0.0050019672979788252 0.0008011277194864549 0.004692025143298223 0.0065136487785105663 0.0074983748744847567 0.0038218019855013273 0.002870181828459788 0.0037249788895529472 0.0031202177081261855 0.0042881932709340244 0.0026660418756285749 0.0074546396950063709 0.0044422652431168443 0.0090841929249279967 0.0043282953521229057 0.0042656437545999003 0.004225042993556161 0.0061432389796556384 0.0024186451215473768 0.0034068620711099206 0.0039381254867239656 0.0046250480399890673 0.0036127115648030544 0.0023675131069737293 0.0092774039446006738 0.001745832976881649 0.0050313377383612596 0.0083286881097594176 0.0068912392868348176 0.002231929851648069 0.007798835001629153 0.0049021230621524364 0.005758365165679377 0.0039947014346979623 0.0031516142029457198 0.0069163812077057251 0.0022349630510154982 0.0012530554994164753 0.0013898690901628266 0.0083408384356134634 0.0055853464901265753 0.0021115849927581718 0.0043477252186489325 0.0064902766656926725 0.0065003354079274092 0.0064363513205726386 0.0070978391660546187 0.0019231580310667472 0.0017237434714090071 0.0035781350915586609 0.0025502115131804145 0.0045812374227149066 0.0062346747893257002 0.0021256012045841382 0.00088863303601764937 0.0057418139129990142 0.0081362799168828159 0.0014570586738080339 0.0015405832584083098 0.0016019915793490556 0.0056068788777399979 0.0069061146988058436 0.0022857395788830051 0.0036725921386563153 0.0061313574359815664 0.00027049470006729697 0.001355338085184527 0.0029392221192753609 0.0003099826397567287 0.0045923523112622582 0.0059352217792495296 0.0036999576742358146 0.0017214649177913098 0.0049002283506887415 0.0049535581218428416 0.0018481904496469189 0.0053846616615612908 0.0080960908286168594 0.0020518961059816728 0.0014383041221899919 0.0078158490919424638 0.0061100106812785058 0.0017986831892923218 0.0064693677039120078 0.0068436097883414915 0.0017858582910304007 0.0018931686417485657 0.0019378194407537466 0.0037240800066825688 0.0022030545679412013 0.0054912621027962925 0.0046112891011805303 0.0015118758649929221 0.00067508447047112457 0.0088878114205440863 0.0014104764714984602 0.0019323326324433314 0.0017420226417328281 0.005199790855491989 0.0045389580330738068 0.0073643563657564033 0.0021237519707084517 0.00400513958515397 0.0019047811893250905 0.00018669992828267428 0.0011985716743159623 0.0030270547711018507 0.00043761085540865066 0.004071852538589227 0.0067714309608505174 0.0033006168069333653 0.0015590022251044096 0.0045004879006410843 0.0051957226418590128 0.0074357362786124578 0.0022908191812686636 0.0062133059612549677 0.0081544035014282715 0.0012828102696784761 5.237277128936566e-05 0.010426159593517888 0.010028506757750055 0.0056336758707657923 0.0044121456995404752 0.0084397385408790816 0.0044141732623224289 0.0051156674305187205 0.0072620027453249971 0.0060752508807374022 0.0091591239712431952 0.00049191800422746109 0.0050979611559465064 0.0090334988167934619 0.0089562163405549657 0.0078633089441691242 0.0088518337491594757 0.009034144681176309 0.0084251618425297183 0.0077107202653258393 0.0046179420599641351 0.010160522180592156 0.010263818397251333 0.0069376322198602047 0.0062196581463489498 0.0083347310681171228 0.0089102407270964228 0.0078716745594719154 0.0075620671273183629 0.0045107027457644876 0.0078886848552828515 0.0021645945607865367 0.010254106336220096 0.0096994264835786569 0.0079216736208952612 0.0025903724414533128 0.0084588725722863113 0.0079557873839249896 0.0054917463730157559 0.0093180099089140399 0.0083555368112435378 0.0025430220187166409 0.0074910286213452082 0.0097680574922343506 0.010953481702072875 0.0035853078227688724 0.0095061244293319531 0.0093514105602890332 0.0087712117671261813 0.0094360322948920418 0.0073047453992351741 0.0076613928934017913 0.0055621333189742233 0.0062795900253452041 0.0081546162410440146 0.00496620968521629 0.0077717321740736704 0.0034171085930126692 0.0077003984440579551 0.0049460342900294477 0.0022078770038555088 0.0072464803880274535 0.0028415597947132358 0.011318922981901758 0.011331561677146358 0.010849834865412727 0.0077841554329727298 0.0077951603417257646 0.0035321291645310587 0.0070372188219484768 0.007548767279568303 0.0069138005966989406 0.0084478876726720269 0.0086367048231550027 0.0078070530167962809 0.0072064405234131138 0.006129342290320727 0.0047677651020627638 0.0052393117229848143 0.0097306578624799852 0.0029754055405974045 0.0077755964883934013 0.0084289403029829159 0.0097809069079250206 0.011535831839425784 0.011205064301096374 0.010218913710629355 0.006074005941197164 0.006465741038834503 0.0077131863766905064 0.011588727324509513 0.010000133922240903 0.0091786209824013705 0.0080319219856608733 0.0081170707041311012 0.0090642836606020238 0.0087593546414258122 0.0073484934606196962 0.0066644400075203626 0.0037982546707322567 0.0095896035981374358 0.0077092052755757985 0.011002139383985463 0.008499570499108643 0.0093062441668021155 0.0057968002567427455 0.010733581734181871 0.011374817691707256 0.0096030139445946253 0.0096616597187746886 0.011354341948263177 0.011748450941357166 0.0096850060743937198 0.012466245813851586 0.0082218786198851 0.0068958773294905528 0.0093928997133908045 0.0068283324813766385 0.0090514210185614705 0.0081803795944696278 0.010920721194244443 0.009417740228145394 0.0081523269452216402 0.0066641967803816905 0.0082188253739101831 0.0063676579803604305 0.0092407101723993249 0.0082122293656062741 0.0098575871851006597 0.0098635136953016799 0.010197447435821478 0.0078561070431993358 0.0099583359439809754 0.0066945315413223351 0.0099629687996890762 0.0089623789938784761 0.012216867517542753 0.010589580972734569 0.0052012605739671178 0.0053111244419929808 0.008881775358440978 0.012192748790234086 0.0060276394811216482 0.0035418746866423901 0.011963963761863376 0.012359288681417769 0.011319556098074293 0.0097394634124769435 0.0108223014799136 0.010432780105401267 0.0030339643512755626 0.0058094838306240572 0.011308113154023513 0.0012945763539849602 0.0090603185470376404 0.01178679189670849 0.0068905496517195266 0.0079962112572073019 0.0078626665757667615 0.013550586611016244 0.0075260735086825669 0.0054786673511205012 0.010857328920727589 0.0087700001030419708 0.012460168427579099 0.0095144677935487254 0.0036728749221102254 0.012407458280722995 0.010282402468954002 0.010685694348535188 0.0050406535796152195 0.0092896211535108218 0.0095464772977478587 0.0046399760893317257 0.0062499046475391904 0.00704909289933276 0.0062494141781989521 0.0061855088436662126 0.0097216996714552684 0.0034515096586030386 0.0094447052019499232 0.0088907801484876814 0.004578068566970313 0.0055819598101828748 0.0089057883155528716 0.0078593882857560266 0.0068819810201274853 0.0089881308182679989 0.0099597881341629679 0.008309638528934073 0.0083658089379400873 0.0032586830092438436 0.01037561815633078 0.0062805709034250493 0.005430427484722747 0.01165679910326165 0.010920987570249554 0.011993956829151806 0.0076010586880037364 0.011031620836009188 0.011814685790138538 0.010769235023408832 0.010534106764398126 0.010308935007092339 0.0057030412873502936 0.0073031977771218573 0.009214011694410329 0.0084468603132679797 0.005534116976613131 0.0087323820886427376 0.009634541279552435 0.0089473429479750566 0.0089484271334515867 0.0089463468858035945 0.0098882791036795942 0.0059489684382413536 0.0071727013845163546 0.0092845694405842283 0.011009643129163832 0.010704189184885169 0.0072655659455340485 0.0085240740850950122 0.0082949632486628393 0.0094604816400202969 0.0099212879570138735 0.0092778474030919857 0.0047929499469091495 0.00955355717820793 0.011729139005921341 0.010594179395287472 0.0084865889246781793 0.0071558137943564934 0.0086207734801809731 0.0077409950553527897 0.01057849645891889 0.0083664958764569815 0.0064390072901243274 0.0072645817883434253 0.0091453862561858487 0.0091041119996079344 0.0088663256292994888 0.0070362971056871747 0.006790754635063039 0.010242952209767916 0.0073792923466213089 0.0068189748102430864 0.010144292426461934 0.010850623404458564 0.010147448230663264 0.011103426188532889 0.013331718119595977 0.011982003267805118 0.011165230345153956 0.010566007659524234 0.0086771039804742749 0.0080735519447966073 0.006704631300219345 0.01065253213317576 0.0076546708785712857 0.0092655475418878443 0.0047432846089792285 0.011934025302926954 0.012264217178357502 0.011821810416584288 0.008993648989658997 0.0097407339992094718 0.0085972115853754673 0.0079387908614724344 0.0044118866180134384 0.010875393279132671 0.0047300234477759299 0.0048918351893786982 0.0085158391449129227 0.0071279640961052267 0.0086145709962626004 0.0081464347012541877 0.012252547341435107 0.0052832127286481121 0.0039465307040523773 0.011722642474065632 0.012131161568224715 0.010469325031177866 0.011387391365159394 0.010748123664815794 0.0051331976537341249 0.011254760719460789 0.003459664542729612 0.0044289282846661669 0.0083322302748577663 0.0061606124187043032 0.0082798267335807713 0.0064019581901964863 0.010776835190541033 0.0082405865217156701 0.010700015976561696 0.0053889431681832974 0.0096736826394861093 0.0064169949988689612 0.0064502034983992262 0.0076338301524242463 0.0074838241687465714 0.0073464651336681685 0.007616518900325559 0.010310771491096223 0.0068254574962582767 0.0078826889500753505 0.0072773976343945496 0.0060601707335635252 0.012138971887845277 0.011015357511844241 0.011308012567181626 0.012208014045767162 0.011222538593940802 0.011596956693901638 0.011107917239690266 0.0076709575820320874 0.0050815631265860263 0.010436748636003709 0.010757156248750182 0.010739071504443677 0.004461608650550653 0.0095968590911798754 0.0099545529007121474 0.0048003294857751145 0.010642154763714766 0.010456064353642318 0.007439646443687286 0.0098768332728322427 0.011006445662249014 0.010213659552229724 0.009223007218385865 0.010394836167664099 0.011928330715535193 0.010411482019972785 0.012249758447696405 0.0080424286380433863 0.008589571332860613 0.0057807058848919788 0.012055926251860052 0.010201167565612557 0.010279578655090398 0.012012814320767028 0.010333708430582329 0.010988772299400937 0.0093322713454669151 0.0073077306021981422 0.0086270561080006025 0.0089446513381696326 0.010005535797252423 0.0082242536137389216 0.008640643694089678 0.0056844774234872898 0.012317709506757821 0.0097201498855244671 0.011661853482078799 0.011967890188852354 0.0089057219791569692 0.010109626977800094 0.010171294754694618 0.010462470967839961 0.0099610662918375448 0.011120224017529313 0.0047129278673587929 0.0079138610012740584 0.0072218193636183299 0.0075347393539842086 0.0077043910057396428 0.0089693551550896946 0.0076226725522443063 0.0073737563242380405 0.0076189976387018681 0.0054505964783540762 0.0058101097877864038 0.0036735943136842852 0.0065405592584220663 0.0081089362923630042 0.0050099275783075277 0.0067383679721237594 0.0032182304792299147 0.0074038318703551608 0.0088217494878208881 0.0082640122497755243 0.0087137258452594599 0.006855194643302749 0.0088428659268821857 0.0081821213831489732 0.0040115782572211853 0.005454625218938974 0.0043477946826142276 0.0068048128365723924 0.0039635258481530416 0.0098638402355564047 0.0066939150651642411 0.010359592074853293 0.0063982452753440274 0.010502327587986996 0.010906147701709674 0.008179863608394412 0.0076534858980188986 0.0094907101439554598 0.0077701908401473247 0.01010473509220537 0.0079493122865116981 0.0087072856782624223 0.010415658267913675 0.0048061007906205966 0.0063173975996161057 0.0090719014159856351 0.0060574767288699679 0.0057757593875697871 0.0011223885786526902 0.0077735316502993632 0.0079017679277023443 0.0071477075035356503 0.0090582033637871956 0.0087656733261873791 0.0075553439736286785 0.0090978709298401 0.007383694645040015 0.0088411011328985538 0.0092667941471638975 0.0067955034090760357 0.0054488602059779827 0.0080815634929089341 0.0062562183475336364 0.0091888677604453611 0.0095716875329294338 0.0052407962673148671 0.0066379874355484399 0.010498820270447056 0.0090538660503253002 0.0071726226629940347 0.0060949591569458041 0.0066670340222667905 0.0053198934382786599 0.0018857253666966403 0.0085498764247686886 0.0051751877189042048 0.010599296814758699 0.008915699150962195 0.0067113958514346053 0.0058332426643330796 0.0042929482570004717 0.0083462041046340509 0.0076817692142285071 0.0066478168996073157 0.0075108269294122338 0.0076183825566494773 0.0089586493180214954 0.0057664516365426438 0.0030839167250734881 0.0080786128670741527 0.0090407544663416092 0.0084179649326328928 0.0074413925496977637 0.0074357298797704894 0.0082281819975351909 0.0046760762426940302 0.0039104963116165514 0.0080832606941926323 0.0059281806865476693 0.0073645575004162829 0.006448903567446599 0.0093520952156732045 0.0080988141099675743 0.0075815700505573362 0.0080517679880195078 0.0080543858915023379 0.0051630943940780757 0.0049510406296521684 0.0063694377037240117 0.0052794076615617904 0.004909487259803837 0.0048293958426510568 0.010448282583268974 0.0058201207039212137 0.0084626867387861474 0.0065745687397849991 0.0077590976211476389 0.0052173366709146029 0.006615814942203653 0.0094955718935115629 0.0069656519593061725 0.0073516329494813133 0.0082443906046745577 0.0095091754045493887 0.010474337528933494 0.0083292715795915302 0.011255952887248141 0.0096421833037467521 0.0080988458023046675 0.010573059851709051 0.0053200632664446015 0.0065915391545334845 0.0063905723467799587 0.0054920634696663225 0.006094472148351634 0.0054757959244316088 0.0083075412098191012 0.007960105105500194 0.0066822308942142651 0.0078121243923952779 0.0079252145557261247 0.01062196150297608 0.0066229044144195792 0.0068365985724709692 0.010760414193983193 0.011125601789507916 0.0053242144259905769 0.010358662418740637 0.0069112923176837251 0.0078263846373335683 0.011514310432998869 0.010595826097421955 0.0058539744347302905 0.0069417862542333793 0.0051221034522699119 0.010973068446638758 0.0091327904461958528 0.0076970480697605642 0.0054865030255149185 0.0062624833208809452 0.006365598218274403 0.0036906241815173285 0.0082699416826455124 0.0093364892797074307 0.0076267425178444042 0.0062654410224685046 0.005563128010193802 0.0072058326968412988 0.0046561202186545993 0.0060658550914630674 0.0042371780860636513 0.0080459649576237382 0.010672775312671461 0.008092809721376569 0.0065616430042052887 0.0063325836584828925 0.0031432869329468816 0.010506419429760319 0.0034846468423797949 0.006890384796053345 0.0051869431140650181 0.0034639424114582527 0.0060106860651600097 0.0085013758085818025 0.0095500023802872792 0.0074713768704726359 0.00790781453537448 0.0056712946605017196 0.0031826566579920817 0.0096036300918029647 0.0052042718443707121 0.010909517877126382 0.0053400839964913181 0.0042103142129619204 0.0068814762571943718 0.0067465789289830611 0.0050578520061079395 0.0075907528267522102 0.010224887420085928 0.0079979393903052004 0.0070182341471523762 0.0094979287605234993 0.0073743339657862594 0.0051953313281701682 0.010980539714847052 0.0075514673687422044 0.0067121795356931656 0.0088012861918363404 0.0090673436359530075 0.0086146602412239207 0.0087193214880500417 0.0074140552105057544 0.0099923651739917269 0.0078051395146206248 0.0024987901699269578 0.0075452733957733888 0.0049741597947470942 0.0053267241701452986 0.0083351205672381138 0.0053497903237954593 0.0069546587962501039 0.010557256834518547 0.001093583845007694 0.0097413146338616256 0.0073594430605583832 0.0081615504031468111 0.008588911250996905 0.0056592486429784998 0.0081754832623123167 0.0052727637875400685 0.0077299612970329629 0.0085975293412969573 0.0024892150960568837 0.0077688220982614804 0.0022646392686260651 0.0091757962379093779 0.011959084866861347 0.010839689896768982 0.0081582728800876098 0.0034556376938016981 0.0080765291982898748 0.0063480021382482646 0.0076878226647600252 0.0071856709099670946 0.0087093446606296594 0.010079591385794654 0.0077209717662689017 0.0075173918853483198 0.0061349092673138551 0.0057913756304021381 0.0056176816381759143 0.0092311285924919148 0.0027395336224279817 0.008990018205254446 0.0081461555239611353 0.0093614520953970454 0.0097936856675135964 0.010967411268423646 0.011583112953278739 0.0074664870057929 0.010031083746255009 0.010280787254996721 0.0056623237096490005 0.0086076135015459403 0.010304417078999385 0.0099658568724089926 0.0080338726599932363 0.0077188413273675096 0.0078049997981162449 0.0086583708382653411 0.0070669721092507095 0.0065250467081384173 0.006694355409324124 0.0092316094202235348 0.0094369357449878687 0.0051350937309409738 0.010906511017631786 0.0073810440469811158 0.011517093808927006 0.011639831776712047 0.0087428930563381094 0.010984826366037549 0.011645208655601754 0.011376591343266346 0.012573839291028288 0.0087301368113244827 0.0090059901271489443 0.0056641337223472957 0.0097233019052307083 0.0093766033085261064 0.0085793126137551842 0.010953106914523435 0.0098127661359668356 0.008475590854462688 0.0061593777071946507 0.0087209279973012831 0.0087296849011596553 0.0082667902906337805 0.0057686685813515123 0.010016282871312628 0.010335740672676416 0.010372364367122994 0.0091009084270343293 0.0100587583173173 0.0064466494832450399 0.010072914266920032 0.010643193613077747 0.006933039825104341 0.0050015247354864055 0.0088992727381559476 0.0064296408004851499 0.011373960863099853 0.0048090437507889707 0.003437561743067594 0.011657621939291951 0.0061940597010644418 0.012184718098169576 0.01189480739141666 0.010541373040077549 0.011186337075663161 0.010668945896101616 0.0039982224855171205 0.0051909120229222463 0.011594142351239456 0.0041568679721540906 0.0097569725618338824 0.011072931920433652 0.0072090555099303469 0.0077383837700361769 0.0092635279880038755 0.011127470324640763 0.011565424173108404 0.013314449646155793 0.011592987130369024 0.0074683517032702977 0.0066663770142096433 0.011197042317777919 0.0077316440790964856 0.0087695261211697753 0.012159209895010018 0.0095979805109419544 0.011132976560443568 0.0037717954140597553 0.012050042357424649 0.010594078904054526 0.01054264332370732 0.0096267669845774301 0.0089737567252463346 0.0037497695564547564 0.0077088349855845501 0.008293356448722481 0.0078058948412540238 0.010209411242161303 0.0058346725165697695 0.01002806348624944 0.0086798553260205771 0.0063389335543972249 0.0051341582189774566 0.0057196533507722601 0.0063714506638344161 0.0090144529348091477 0.0068304653107388513 0.0075431381111241138 0.0065408919132626574 0.0090621833681428735 0.0084965809226498004 0.0080756959295229108 0.0080932614500313707 0.0034593364417672451 0.010822449790666747 0.0053513664842712036 0.0050380137960846739 0.0095890159943001936 0.0078123975946192813 0.011052290593376535 0.011346208017599077 0.010690485195475793 0.009950014990776683 0.0076218287895514361 0.0058365861040095357 0.011156178688981623 0.0084320569980047104 0.0090936877546783611 0.008122453043348226 0.0038823198956423302 0.0092207115613075 0.008565567769491713 0.0085133894500570746 0.0050062007614723875 0.0097861074753576062 0.0067489033243332292 0.0083434692420998654 0.011575990157576503 0.010293912104205247 0.0071558395400016664 0.0073360841757906621 0.0085317955342213096 0.011028403289678197 0.0093932062526033526 0.009714136032113312 0.0076096108270789827 0.0098271146745799072 0.011800291535722233 0.0098572520002671513 0.0082013212497229274 0.0074924582351968156 0.0085380207232111215 0.0066964086614848661 0.0087618588794075667 0.0080555458793470404 0.0098959795320800476 0.010148081279637188 0.0084709598872923456 0.006746782657690794 0.0073900388787868348 0.0063171706343161721 0.0095066279224908963 0.0086243469720392006 0.0093699016100235802 0.0070697101066111902 0.0078476150410414554 0.010122440167609893 0.0073181175845235579 0.0067653325381369853 0.0099876309196567214 0.010401797701838383 0.0099685855183155384 0.013567554538051368 0.011378828937045437 0.0071624512832626792 0.0083210006671588788 0.011392764491118758 0.0075263995420649923 0.0089075060459817869 0.012294814358218433 0.01256266034606718 0.011500566775268903 0.0091603916728140618 0.0097411607245149433 0.0092782635243101041 0.0085808693833847455 0.0057247259126986735 0.010578118810838238 0.0061648299557216478 0.011711838588722127 0.0079787703721676644 0.0077015048252820099 0.0067342756613922704 0.013016184298808008 0.006412321939323026 0.0040377159578782124 0.012027328306423113 0.012306491887338667 0.01102999339324782 0.010513736562606383 0.0044236720937946752 0.010959877969015566 0.0016236522684849848 0.0045366070622236245 0.006100550378567304 0.0073573598652485308 0.0061508732378238087 0.0048302310645335937 0.010005649345255772 0.008292935036296566 0.010840990607784966 0.0047402226623488534 0.0092228581660311424 0.0046997632209895479 0.0044416560502496729 0.0056427001965386669 0.0097443526110816258 0.0069267193544496194 0.0079829421758043882 0.0064495675468536637 0.012734642265577339 0.010751922829240911 0.011195777305607649 0.011203853263279884 0.011966847001183232 0.0097023970284163749 0.011541565836621064 0.0073529886619170034 0.0060721118183848909 0.0099337817763442988 0.010182485402505975 0.010556548749895072 0.0062818581378604726 0.0078022441354970327 0.0093953251743061107 0.01073189343066765 0.0038228346511724989 0.010011445947885748 0.01038080596917715 0.0067531062593399393 0.0093261678427723222 0.011306591541190521 0.0098266992724515279 0.0088699381143605097 0.0071987214612387442 0.0087882075487440234 0.01081208327925607 0.0089069676666044539 0.011748619980024086 0.0070872588212735847 0.0084910327717450627 0.0067288739297966371 0.0059368170152710731 0.011369474246250682 0.010541468670369624 0.010888421521040281 0.012487175828182605 0.010702352675273899 0.010793235504332171 0.0091187934048725244 0.0084551175755618498 0.0050141481807946002 0.010258953363933706 0.01044373843026046 0.010649412500171115 0.0092706389059795113 0.010494931599963691 0.0090055496394613986 0.0053465821506230461 0.011700832976952591 0.0089003293590760035 0.011281968092845117 0.01155025882892579 0.009730009808781602 0.0098109833434287547 0.01070732766567224 0.011409731094277 0.010467222023434213 0.01191605711996188 0.0061477013214120543 0.0066128963353548689 0.0086462104600351867 0.0077832824759488583 0.0071310824108858127 0.0072988310301563353 0.0090904929629536217 0.0067374059813311458 0.0074639820785239504 0.0079493873568958623 0.004929433085165376 0.0062793089708821602 0.0076163897702538749 0.003114936042149755 0.0075646623597570581 0.0079264890755191015 0.0028419617306546714 0.0078894394137390966 0.0094501499835038943 0.0083354013084657643 0.0069294694965627264 0.0089094946332159662 0.0086055034918484461 0.0086352011207375123 0.0050679710505060968 0.0043521229921559164 0.0046540463026701149 0.004921070779383945 0.0075488761673974322 0.0043524884677276672 0.0091823968184149649 0.0063980539655721525 0.010582542294353422 0.0062987387819004956 0.010973216382373321 0.011133994787860617 0.0067966215012276966 0.0070574675871142604 0.010396971172907474 0.0077092679402818139 0.0090683627468498996 0.0082833322041115619 0.011057361362965628 0.0084207296568566837 0.011112078834452612 0.010796332270982966 0.0052709061171259189 0.0067277552423678864 0.010464542804071294 0.0089283523278420613 0.0042576621807941181 0.0020260981477999186 0.0084854456533250064 0.0064891859053893232 0.0098472050503616883 0.0093249038533617535 0.0076420018686134657 0.0085199463768895183 0.0072786964641510426 0.0097497215729972254 0.0057631850956027311 0.0058004999142692937 0.0078491489038265139 0.0059798091006428838 0.0086319486790586101 0.0093010945237195913 0.0059492031460724867 0.0068978549706975997 0.011163080609360394 0.0086766072788165456 0.007272632959605784 0.0058409899336803522 0.0065038349404549518 0.0068187966901807522 0.0057416515813165803 0.0035973026111392392 0.0079319245013278264 0.0055607529047054039 0.0094261896591423134 0.0089614705094891878 0.0070757524363874664 0.0061386800848984577 0.007670493123417341 0.0070770362854255826 0.0072535466626933295 0.0080733782802387029 0.0073585659786758314 0.008702332358244089 0.0077592595036557735 0.0076050942109537958 0.0083817164492617623 0.008434374166645605 0.0079394920181385439 0.0075513525500165643 0.0054651678321015543 0.0034723713353329026 0.006301187619656921 0.0070518395599458569 0.0067850963455351665 0.0065108063837122036 0.0092343897747302409 0.007439738800052797 0.0080157372616948743 0.0072344018481196376 0.0083177262658069538 0.006651438098809484 0.003981648950192737 0.0045067051525463798 0.006288551721612412 0.0042755788850165352 0.0056741390929253635 0.004243753667624613 0.010623144615795768 0.0061037657343722997 0.0094166859294328442 0.0068503637925029651 0.0080814874115702953 0.0043924400257639206 0.0063444055156654721 0.010004530888847172 0.0081236190190939351 0.0080405321241320653 0.0083372358030940827 0.0086895349559308385 0.010525797431444991 0.0082498360617982384 0.0096341741601592458 0.0085121401148974905 0.0087049562844139922 0.0098691667838725784 0.0045326150360971594 0.0062696876704071416 0.0050495014078865679 0.0050305632531643749 0.0087008170615904459 0.0074123413057849219 0.0073196547322281593 0.00805622069431545 0.0082795939141168465 0.010170785635044375 0.0067176108285150887 0.0070070487081802775 0.010897579223575369 0.0049882653061112028 0.0094487277753007408 0.0069791844092076021 0.0069530158348702128 0.0078700472181099813 0.010843753311392481 0.010120861554730789 0.0054392251467028207 0.0065448619717982017 0.0048716852182121633 0.010572441177457736 0.0092731753647499662 0.0070851135570281975 0.0056478360521545366 0.0071724054468043485 0.005048907993650445 0.0015616413557130227 0.0077670975375225496 0.0061460575204649115 0.006262131640038502 0.0045405592333576513 0.0083027111125042446 0.0092925652931854803 0.0079608697289851142 0.0058508386526754975 0.0058864336724968368 0.006947470881632673 0.0046088422757490114 0.0054634283612906703 0.0054111645269946254 0.0050173057831378251 0.0078294440753845004 0.010075984764522853 0.0084496156254091157 0.0065977844340338113 0.0052832737952878709 0.0060454940189506806 0.0095204979427008247 0.0031831356642545707 0.0072055645882342081 0.0053983875429527758 0.0059940743823406603 0.0032589270030127706 0.0084024107088360566 0.010533162564992872 0.0077587769091756005 0.0072197468882217782 0.0063241720743644845 0.0032571917640727976 0.010214669544720629 0.0042944396471490424 0.0086848690483142307 0.0085990529873446152 0.0057252635052225942 0.0077375458416447853 0.011547054634051488 0.008685989060049179 0.0085752119374878453 0.010070042316880192 0.010089538946282532 0.010340896565773909 0.0079671441762611747 0.0050864040120982669 0.0079044939692752645 0.0086638376201931006 0.005992070334057663 0.0083533278837534339 0.0021156197356364758 0.0061803657928265103 0.01035856282682697 0.0090072489814858724 0.0086699073564824869 0.0068540959163219967 0.0041181647436115409 0.0090414920495704171 0.009733253157472168 0.007147116792632721 0.0058331692137011748 0.010070176036446884 0.0088538730459014146 0.0062843333351572783 0.009748547922872686 0.0081949633250103428 0.0109565863493555 0.0080931196743106067 0.0098937042287864027 0.00508446137218449 0.010073298977350129 0.0057468250714637044 0.0072708394971635294 0.004296841138692672 0.011723521467721385 0.01214797249955496 0.011942374369628911 0.0072061933424363896 0.012272785030627774 0.0059373143747453692 0.0090851217758879353 0.0068968149383255416 0.01008975018076657 0.010980601220906012 0.011906693803471983 0.0087699133222723831 0.011693289409445983 0.0098415893288125045 0.0050796052220083553 0.012495555503113908 0.0087954567360537701 0.0088112787657135851 0.007992955921467846 0.0095164289809918246 0.0093603550454508539 0.011891123542691987 0.0068782758868718473 0.0044647846639569418 0.0094273263967589501 0.0084652192632601146 0.0064395015994333079 0.0060646556456205513 0.0095819635630248323 0.011066718006813674 0.0070273008938740176 0.0072164690275041575 0.0035044006304649684 0.010998757920001871 0.0047718904408640822 0.007736618128034522 0.006925843868386238 0.0070308997477615959 0.0086251716998439962 0.0022651671493723658 0.0075758763690802729 0.00014900322079477321 0.0091386271911577874 0.0076437115464866832 0.0048364009531886515 0.0046278540694899735 0.0073758737954566049 0.0078489017960559522 0.00874803384621144 0.00058623251310915999 0.0047127961227556442 0.010447548201651972 0.0090451984266201099 0.0078390361153303657 0.009400365777973865 0.010172720265522175 0.0086922936409753338 0.0088253434825529744 0.0088573576377354909 0.0082862389123439777 0.0085882035868314072 0.00081806666930797341 0.011515791366635017 0.0088487198820001098 0.0027336719367767443 0.0097089537803635786 0.010518003440878138 0.0034199415934219597 0.0085505513711011203 0.010978536889178908 0.0085334744990680188 0.0093467139819213649 0.0097074226854941808 0.0078667690958462884 0.0092253965374418483 0.0037408281754126387 0.0091615352677428073 0.0061037932801813735 0.011598139669959042 0.0066354419181939815 0.0073183867908916183 0.0095851799736585541 0.0091167366164607716 0.0099321335837286688 0.0092371857797770851 0.006526896722781444 0.0090039260911707122 0.0080368119190186004 0.010536410258802172 0.0057486469637750334 0.010536764231175501 0.010016763218941838 0.008120760087609858 0.0082801976679685221 0.011976702574516798 0.0035363267832257397 0.0061273348464946937 0.0080737733834840269 0.0061199352480716136 0.0081834827240900854 0.0088594527046903133 0.0070331699483008056 0.0090308897441312673 0.010805840314963042 0.012253022780123034 0.012476558010452729 0.011711021572572915 0.011650557661380949 0.010069109042711731 0.0080590863938363594 0.0079761905197771495 0.0068213383947908525 0.0061385856415900825 0.0094094353361772794 0.010885816790496782 0.011124121644953921 0.011239790085971929 0.011411465753892991 0.0086317817779541419 0.0077419588930391949 0.010524916722685993 0.0092560792983826662 0.0071385480000038023 0.0079817538634669033 0.012654228310899405 0.0053248085633931302 0.0067132053697036027 0.0034055574126975016 0.0075941860858163047 0.0039044591596353283 0.0064956343938025228 0.0063459279904068315 0.0052542891325092662 0.0075258729997828584 0.010808410132112036 0.0087393500601651748 0.0023945040959333411 0.0092312784847058699 0.0081208876132100316 0.0054562450737744295 0.0074755933483880051 0.01200999099527666 0.0081497373312435645 0.008431003744915096 0.009178739657003384 0.010522349063863484 0.01045889175815401 0.0091022930347428432 0.0034345929760846634 0.0084462870304388652 0.0089843552020396778 0.0059247501503718967 0.0080885403030147175 0.0027848737580444972 0.0065114770457722192 0.010364178834248514 0.0089918852438482921 0.0078028854274961755 0.0062430970218787874 0.0044845409951043847 0.009888161425983668 0.010161458560965033 0.0068205307184831124 0.0045517161412321804 0.0096546771527493917 0.0084824446389203129 0.0065742062906593325 0.010502363434083605 0.0078367578927689922 0.011376641427396935 0.0079460011644231863 0.0090842818350026586 0.0054144451179238733 0.010364386897077423 0.0059605893427086779 0.0076718472013021753 0.0048034453563873016 0.01123607257234183 0.011262973451053067 0.011501322113865236 0.0082277139124609273 0.011501661502663112 0.005781216674660329 0.0091772836849563152 0.0078751175922528605 0.0097336692302338029 0.010811522121528208 0.011861226430342217 0.0096184018905958891 0.011739469706145287 0.0098494298125205524 0.0073527976843370292 0.012021524656742909 0.0077655104237288903 0.0081874894608674007 0.0065549244065610567 0.0085492421770038962 0.0095851672167470339 0.0054101597070756735 0.01131810845940533 0.0066258022853196378 0.0035969891288515354 0.0093984789518136557 0.0081517907092058129 0.0061453618873262769 0.0085736589331027336 0.010468250166511641 0.0077325121046742905 0.006651755852779816 0.0034352334700164023 0.010433739157902319 0.0056047454827774425 0.0074853856282842343 0.0081426118575699431 0.0063568075659554153 0.0087216094713399566 0.0025513278961217713 0.0072812606033478781 7.9328907867207352e-05 0.0096253592233318946 0.0074849033103662746 0.0050125584381370937 0.0043942170210166439 0.0084265096499305872 0.0085115984658271811 0.0095876334324723183 0.00074906244671811496 0.0047549550802154141 0.010750901910445147 0.0098790339812374686 0.0082416061665925942 0.0090760349057006084 0.0098573933007727495 0.0094238458468635326 0.008811160455494748 0.0096509114237615257 0.0086602531695085562 0.0080544782001164515 0.0021860473349194724 0.01148499243018054 0.0087815048278396552 0.0047822076545381694 0.0096002254324158119 0.0098751837949346225 0.0031843117579649811 0.0087645885196017109 0.010776503637145621 0.0095055827001323014 0.008929808183429342 0.0094746111296048607 0.0076209492216801969 0.0096147879598731389 0.0041456710671028824 0.0091445397211570457 0.0058157120470823344 0.011007395295092665 0.0071297702766841978 0.0075437377660034256 0.0095232798083924233 0.0085670445968443806 0.010567577090915865 0.0093216817328163285 0.0062164828575897715 0.0093519380372774699 0.0086470870825172217 0.0097017493078807322 0.0065414705511262928 0.010045227595747717 0.0096766925765503775 0.008747638153712281 0.0089097885283798348 0.012993280316380808 0.0017666298990602688 0.0063002941234872817 0.0075112516237714391 0.0060050842174369798 0.0084838700195713334 0.0066778909320378572 0.0097229574941166668 0.011067991755520604 0.012355658055846007 0.012859823837762858 0.011509951034598381 0.011668527686411247 0.0097373316965154964 0.0092555377112463286 0.0085080910230079607 0.007162946702252042 0.0051608115208410009 0.010411913451469584 0.011575482023778857 0.011762919823091997 0.011580521832841363 0.0074129526336464448 0.007444164850600057 0.010705206270992021 0.0087241132744641323 0.0077420317998413484 0.0069889700648847102 0.013120823325396019 0.005279960768172636 0.0065703908871676915 0.0037838387068079181 0.007824658469513036 0.0039601552617407609 0.007009908323910052 0.0053799422538017951 0.007750878787505089 0.011366811051645703 0.0083948677442445916 0.0027828152695606005 0.001079191564722293 0.0090864047108844444 0.0073611502198664396 0.0013592374111027939 0.0018731234165717634 0.0029751736861220795 0.0048077849511718781 0.0021434197304788828 0.0053450713216852972 0.0071441007890314465 0.0030519043053898755 0.0040101546467881761 0.0034324750166638478 0.0047645298965452556 0.0018110029533755761 0.0040553494799813704 0.0050847922484756137 0.0049919404669749807 0.0014645511936961461 0.0050279368710940756 0.0089639242964481732 0.0049794635484843985 0.0035868281217960613 0.0026191847135692992 0.0030628403749589912 0.0036770366244423197 0.0046576325695622716 0.0018545167887419427 0.0037710630115603771 0.0029244898009760044 0.0044613336248931967 0.0046083361883234517 0.0044924857288886318 0.0046700566518304634 0.0043116093180771099 0.0064776216583687591 0.001523522284996222 0.0024523599860887023 0.0033600750331777489 0.0010545885098909326 0.0057997768961213789 0.0049844544470084434 0.0050322452715584314 0.003411460260155456 0.0046484235909158081 0.009565507466576334 0.003174662804687554 0.006162289967389158 0.0017568337266688405 0.0051828681664887102 0.0055983645982368548 0.0055350185511897016 0.0055466541802594018 0.0040704469914823608 0.0025288659283529023 0.005162019169125444 0.0040455484088303146 0.0045390133997947682 0.0058797745532261731 0.0053101175123756008 0.006825817042671445 0.0016664069725572756 0.0030065184818239893 0.0063012803868709756 0.0064866602485865489 0.0063425757022014216 0.0056013423581967557 0.0053931671023942883 0.005824183480427788 0.0072425390714451355 0.0043823610650586533 0.005987996405300732 0.0065511271668043051 0.0068087074420201061 0.0064201247683958202 0.0057042651975785777 0.0059584854215732654 0.0050298657278512633 0.0061175329153291252 0.0046627706834521257 0.0048184592108730211 0.0063270462634149333 0.0018797366334505673 0.0019892495403505627 0.0036018010067523031 0.005720952219996597 0.005614696807943134 0.0051415655295281555 0.0037480575323908835 0.0071162946652264056 0.0074867765261754701 0.0074829287065494169 0.0045245617672824735 0.0047497075373065722 0.0051324865713777406 0.0073134997269095987 0.0038407365922429135 0.0053909275689666457 0.0088302342446767521 0.0050358716343026676 0.0035381040235596475 0.0068370240663091853 0.0034062849861687902 0.0059891216223541752 0.007171299070928415 0.0067314792875992234 0.0023163041488651771 0.006440030625136749 0.0061450699445720468 0.0068121041806330001 0.0022976302466175959 0.0065952851185083041 0.0070608015997252679 0.0031596147828935862 0.0037807182424402733 0.0043976147034960715 0.0050891034992951983 0.0020767579076264968 0.0072346194280265685 0.0060580846162169256 0.0073432579082047603 0.003321008092692325 0.0064382168091961537 0.005358368625270774 0.0034433315304707043 0.0062774863875779737 0.0029856739249945023 0.0074893983962814169 0.0058899895127478841 0.0070784895727762139 0.0063180084224423363 0.0020709724073928581 0.0044744631862857183 0.0026440765699481303 0.0051670309380469097 0.0064632893724245839 0.005437591000662872 0.0072139719559689303 0.003429774712929665 0.0057615020041971859 0.0072083698726354587 0.0047485472069332575 0.0057376400180840451 0.0039260655330746151 0.0070800853999626913 0.0054136000405975984 0.0073171610821046182 0.006945298490853972 0.0028105205922845629 0.0027266736261771624 0.0023797258484216351 0.0027896868801357984 0.0019994910710621856 0.00345411351453228 0.0028228211440311838 0.0022838401163334169 0.0060973614726964791 0.0050708895475735233 0.0055555636158899921 0.0063283727593755048 0.006896134725655997 0.0066015589565173701 0.0049901893422448678 0.0043994986625202322 0.0053414034927527065 0.0034322298603399384 0.0070439087259509016 0.0055478045017416933 0.0064638200792699937 0.0078412481415720287 0.0058088261902293908 0.0033979805712555252 0.0035192864615577399 0.0058407855704164062 0.0053513297354908255 0.0062939476671745667 0.0075883684111214796 0.0062616208396556548 0.005869789837941921 0.0066772904169299209 0.0043842936242013426 0.0034535785603690291 0.0051420920827024048 0.0069081995702185055 0.0074270745925486253 0.0043526053823421318 0.0028185267805119216 0.0048709015851396715 0.0052823704284265492 0.0062801756581991781 0.0040538400241654044 0.0054500566701526001 0.0060557741650830764 0.0039603269270198698 0.0060879273911462906 0.0058058871225457149 0.0039600330490133949 0.0021702738138538627 0.0057184195459232118 0.0034086699752978373 0.0029776626337176394 0.0063244487008241685 0.0022988826590342806 0.0051956099423376648 0.0059470358461739797 0.0053006205932926128 0.0028059722980577602 0.0018245097540560695 0.0057148428441891668 0.007027859193944848 0.0069494299673210375 0.0074262784614751399 0.0072578800688182458 0.0056907672756584789 0.0071317596233885297 0.0073563972466535333 0.0069682821621164358 0.007492274758464563 0.0067036840655429562 0.0028471235782898665 0.0036295249685790146 0.0035003474213460921 0.0025260782091769728 0.0018023782117053658 0.0018107295382489147 0.0016200320312250293 0.002297203772368828 0.0033827035281871064 0.0033317775943646015 0.003613655019574081 0.0032462459358353207 0.002283484848402561 0.0048031792646379594 0.0020474507926872875 0.0024887125813726125 0.0028202634270327884 0.0036519674976334877 0.0023291104905571432 0.002917753286677973 0.0039541835481212758 0.0052453390856986738 0.0057721634776965675 0.0071997662569421002 0.005700301528547197 0.0054193487187040451 0.0032789850450383093 0.0052734230755049185 0.0067079268466081164 0.0040520277711450937 0.0037700934066054463 0.0088492454890744237 0.0038035620116191578 0.00634693837391004 0.005694632921652211 0.0052419998386491959 0.0044359750135696575 0.0032188717128467975 0.0053642986455648906 0.0025556606382257535 0.0063169119958476688 0.0048937445767621608 0.0087342366980328965 0.0045278004024598981 0.0064980781177892324 0.0093739973836468923 0.003767826506871345 0.0054573080056681484 0.0052492114861093803 0.003794746650872787 0.0043270224337210225 0.0049500992785083539 0.0061698914337993127 0.0025541642856895721 0.004482053547168548 0.0087836107987623122 0.0027848568801290565 0.0074185077770006951 0.004607171484991757 0.0046468533863775804 0.0031575695233311517 0.0042543022112534372 0.0059360827322918744 0.0061553258084897419 0.004944124780546658 0.0011144935257184057 0.0053441077184551685 0.0048517324147628865 0.0061946557781342153 0.0063277623602035525 0.006256180842182991 0.0062011710409916538 0.0069791894446573398 0.006680429644274493 0.005875651600486081 0.0061858943832067952 0.0069788357834086809 0.0062948502608843509 0.0052451110795056974 0.0060024923721439215 0.0070923770807357449 0.0042342631635981049 0.0058868064073674771 0.0059592038172581775 0.0068309589460029824 0.0039411384537772721 0.0046408996825380048 0.0024238030393738223 0.0026365721936993207 0.0048711433500101715 0.0044055387725080658 0.0063503183143351124 0.0054598070923614263 0.0072582674033686168 0.0070651646706250881 0.0075088940095177914 0.0057518955741615125 0.0032151904905545429 0.0063535906189424425 0.0067083130275326624 0.002155648848218842 0.0032006016834547264 0.0051946259044045743 0.0059911186909725241 0.006908867184231113 0.0036320377273845188 0.0065637250854249807 0.0060043701934204058 0.007025173562598754 0.0056927500903733753 0.003432998350470453 0.0055651011899071094 0.0060755700245434946 0.0059438261746643786 0.0061867174478358799 0.0040433979527675253 0.0074478785893370512 0.0054930187398795124 0.0027329181536635849 0.0054816478386901808 0.0075030444434190319 0.007318218847054722 0.0075499800392369613 0.0074634452187746156 0.0061907707676951574 0.0052056307943947472 0.0073869942791974204 0.0077059918121852198 0.0071359549568333642 0.0075027015789531628 0.0062812655752409645 0.0042361865547977271 0.0029137412076757803 0.0031033276957404435 0.0046055854037920759 0.0050369165179885616 0.0048930818817372237 0.0057151494944686189 0.0034728342656730636 0.003840931065170776 0.0050862840241642721 0.0028830419324438017 0.0050526701928500237 0.0045581284514300989 0.0052727274954331403 0.0045428597864104626 0.0054439349566598539 0.0047212770562774379 0.0043016210480059016 0.0059215777484064444 0.0059379125342990243 0.004408659942235809 0.0034151490641348785 0.0024498888565512946 0.0026848877856505806 0.0020287990059670189 0.0027222972023061283 0.0044643194448836286 0.0035816254360427481 0.0022589360108247547 0.0039868082578259668 0.0059588863375887938 0.0063933748823558961 0.0039703661570781651 0.0030478653831541259 0.0065921894725184281 0.0074289537679573924 0.0073136759044947356 0.0032609500649535255 0.0057077221990657406 0.0049418103501593803 0.0046854056896779078 0.0073782564825949004 0.0044996259641069446 0.0081367819491865983 0.0049257436860373977 0.0045814400070934239 0.0017298021796750371 0.0043653956167771383 0.0066403442513396898 0.0037255645959518875 0.005148010512336894 0.0075837858312036988 0.0068819609837422096 0.0070683644774702367 0.0063865591594880989 0.0072915308275638769 0.0029733480691753788 0.0051082369813233094 0.0047655913347977013 0.0060989911738072895 0.0072476763890181959 0.0029555663049717607 0.004021444617439255 0.0073773220848743996 0.0045358256764591667 0.0033547850998175469 0.0064340951447454777 0.0071790953019181371 0.0047396093904038313 0.0073695325294483027 0.0040834072586948943 0.0052517615402243728 0.0046089390850470842 0.0050651106480434568 0.0039263572474804989 0.0074823582500302983 0.0027177523782142589 0.004630160424165022 0.0067615998170714592 0.0064605386721799957 0.0033653549474484887 0.0044294011217723374 0.0027341239280778721 0.0058514875282505907 0.0070788289026454841 0.0054140537449475163 0.0076964365346129434 0.0034765136674886937 0.0057761042585334861 0.0056931474281089085 0.0036503193644423001 0.0076703695149841801 0.0053613501837435325 0.0075587246779916612 0.0072136062628352839 0.0028326806139064888 0.0032084652170326087 0.0034173324578548039 0.0032696534094119466 0.0029548272299533395 0.0023362681110888715 0.0023515665025661456 0.0018308834556513677 0.0020422612492772734 0.0038291349287661756 0.0045990998179112836 0.0042600473263577389 0.0031325164308017143 0.0016595219652776592 0.0034643709474009967 0.0031983512047856735 0.0029035338267218917 0.0040431838239798875 0.00277507536275541 0.003545090896350783 0.0044839667163303499 0.0057625609390220493 0.0075542190228694087 0.0028349521443314777 0.0067204618831051858 0.0092461456235721339 0.003630138529770541 0.0036779133031072005 0.0034849435664744389 0.0051927845801509869 0.0057536345518003074 0.005955149107024613 0.0045580273433671516 0.0044601450828879721 0.0042940520105566853 0.0070948118213171379 0.0042793066333226392 0.0035355188835467194 0.0046215822056276026 0.0048571787650655502 0.0045497953599730381 0.0044252707990538312 0.005488732904119698 0.0076932923141816443 0.0058933230257012395 0.0035372045302444451 0.0047702434691131437 0.0064366054580724148 0.0044289448725368672 0.0095050631507220106 0.0039530985020987527 0.0067886193654734389 0.0062480057425824817 0.005831338343547857 0.0087110749852518151 0.0031690162664636066 0.0090478876030757969 0.0051021958800132362 0.0041708888160319844 0.0031401698583103915 0.0085450772407688249 0.002880490390965898 0.0018235755099698546 0.003623944870226041 0.0045192216563380259 0.0050382295103092263 0.0055835568388804789 0.0050457720964487782 0.0035722484538714002 0.003727181292391012 0.0020310648894487039 0.0052324866448456272 0.0038529196178534453 0.0019782229696776489 0.0044753966689828747 0.0040345397015270953 0.0044963254423651183 0.0059389960300533437 0.0038899088770170251 0.0052155664637391517 0.0033431272160989144 0.0053580347631732549 0.0021185816941676505 0.004893332349535282 0.0050717491101837549 0.004488072280329246 0.0034020909018096851 0.0022702485856673682 0.0070530397105237341 0.0062777790279588764 0.0089692015242532359 0.0034631499024629104 0.0063626288806690433 0.0048895305100179476 0.0058345725826219122 0.0048705038593122628 0.0041990620429588794 0.0030233935711693003 0.0044347285250604541 0.0031256542235419261 0.0028670357177838263 0.0035716144860048968 0.0063386962076549718 0.0059102724389833551 0.0054123169383219405 0.0063850094676230016 0.004214549060405812 0.0029176766223809243 0.0045314278408114363 0.0047754139782301315 0.0059113402905215393 0.0047563971376148118 0.0041392861285538696 0.0045658676280762823 0.0032441579267360734 0.0030361355481721957 0.0061937037722932832 0.0078112588907432046 0.0043447355055152318 0.0055225425836735826 0.0036622133178806754 0.004411222741790741 0.0038158943834375667 0.0047357513487176085 0.0042274635294764704 0.0070449332179613475 0.0046671387920372981 0.0063490349954693909 0.0056408748333639062 0.003791240311734743 0.0055055722991496315 0.0041375688262063467 0.0032155250325008569 0.0067405621506056567 0.0065153931513376702 0.0088939872441185508 0.0074117722849795708 0.0063758161755832132 0.0064486976946385175 0.0043935230398877917 0.0039935978062359198 0.0031603153115294358 0.0047143019646145286 0.0048308287899288286 0.0057636525247636997 0.0051547802961786141 0.0076780956954587611 0.0047400757308448819 0.0063959188638851375 0.0061592786559690263 0.0075160023922706985 0.0091253229434428741 0.0083411031603710627 0.011966390823909408 0.0075676716046047133 0.011116515323305837 0.0048153182557863694 0.0057161871501356628 0.0044808299151021013 0.0070021205331523085 0.0063089789026333125 0.0045074070294160795 0.0042557891029977781 0.0069075466429370583 0.0062946873614380004 0.0049261434874735303 0.0067334984016952926 0.0091474325324575317 0.0040544864507194682 0.0055693796103061972 0.0072155805170297117 0.0067254036924520475 0.0058018204998600536 0.0044151899777503077 0.0067552159500639522 0.0074613641629831962 0.0046021969335959881 0.0047546737462227885 0.0051002469106414079 0.0040509632614495463 0.004434586053353339 0.006349505483557772 0.0045162626195568946 0.0030491703484062022 0.0048136768633637913 0.0047740846943662334 0.004686294606085128 0.0028560886349186464 0.0044331694313775325 0.0073067188283496747 0.011828033087406601 0.0037261385996627621 0.0038633268969983335 0.0071225388923912905 0.0066884073413241551 0.0040303260124486227 0.0071883071399202357 0.006454978745054892 0.0030968451292210149 0.0081141598198819984 0.0057998326662022622 0.0065742073245234987 0.0061966453304639364 0.004282739549766156 0.0042714529595811422 0.0044436256471607864 0.0052374279549958656 0.0043899817478336763 0.0036888998298130952 0.0042165005572420916 0.0056605142806941469 0.0045986000889672776 0.0042302688200024467 0.005481419368764423 0.0053018301199776793 0.00473622504463734 0.0080329373628657344 0.0045901973321905406 0.0048018715422009717 0.0091203614861170498 0.0067924147578595365 0.0061670172204441008 0.0075504694823481829 0.0057037392344480532 0.0049531301800391711 0.0051755071174815516 0.0068337725242542408 0.0044109072816641334 0.0078339632639593069 0.0060764534660825804 0.0034983658334618848 0.0050974511977908647 0.0063764199868054441 0.0058479753386092206 0.0065098002782698573 0.0066619625154695026 0.0044653866018033207 0.011770652247071512 0.0092549009519502633 0.0056941658098494646 0.0046337441313618472 0.0056377795126887542 0.0055685004937168136 0.0044986136278457999 0.0049622556263006516 0.0036605018222176664 0.0041413970744796878 0.0082361240889855265 0.0052760298892301147 0.0052734629768996259 0.0040525232271775751 0.0030516707640398291 0.0034870078672103993 0.0042944879180176147 0.0046393270927523626 0.0047824648763840939 0.0037457366452217063 0.0060722982322232756 0.0033761618289908902 0.0036296075110174458 0.0032165911061778742 0.0047596301585075941 0.0044037521146512593 0.0085236218482442495 0.011642110934538446 0.0047926020902279457 0.0046803553285102509 0.0090851240923551721 0.0035844468608338372 0.003739043606508498 0.0021586994764690171 0.0049433103964484524 0.0019774539573648381 0.002285285601380358 0.0051273887158041183 0.0012848077082219401 0.0050092835105270649 0.0046420891176056946 0.0090826642822237243 0.0067380901422019702 0.0019477391811775172 0.0034366775666942765 0.0033905080841622423 0.0044788808209622697 0.0039114157969111062 0.0017686787214871082 0.0053401837541002693 0.0084185127659958808 0.0031758803331448687 0.0030446699052649791 0.0029365368119270117 0.0028089369117367188 0.0039337525071861225 0.0048196534330185829 0.0035004925845164496 0.0047660969666976317 0.0045527497329057171 0.0041963910968975957 0.0030734987137405168 0.0043585830894849603 0.0027067303515586898 0.0033362909085719416 0.006998460276601089 0.0017153737537804858 0.005361501095000192 0.0011770154700034617 0.0060402174501445654 0.0059278472960524829 0.0056439516367337026 0.0048452411928663983 0.0045933064075417548 0.0039301281272996601 0.004758590739508419 0.0041115983623507936 0.004883305094773905 0.0091581791018817329 0.0050696993567134249 0.0015970958451459038 0.0053836278614935807 0.0050727542672288194 0.0054608965566099775 0.0037670841633209054 0.0029470613043117043 0.0049567836069929535 0.0016609356452036059 0.0059358455080951687 0.0061286918784123961 0.005277610445252416 0.0066635422062277074 0.0014748119310320502 0.0021030894425786433 0.0064105407001827782 0.006037883022250768 0.0061694498994028044 0.0067217506137294642 0.0060031443974641703 0.0054055292248542629 0.0061751889145410747 0.0072530188645414436 0.0042533481997650592 0.0063662840021908584 0.0066594889029721587 0.0045332685208207988 0.0052147484311783465 0.0060823669887879886 0.0069140183366655601 0.0056540879152117514 0.0063274251583322182 0.006539417799155664 0.0048388711002287192 0.0042170923995425765 0.0047781673740647807 0.0018063567854087123 0.0040582408581730676 0.0054574678909389647 0.0062914235246776225 0.0043187650086619379 0.0039804941222934325 0.0069390819861651519 0.0074959867600205583 0.0075207247050216317 0.0036215013638056875 0.0053991398501464878 0.0047534342000987578 0.0053851770183168867 0.0073777041723697501 0.0035795195958590706 0.0047544129045488728 0.0088704344487367873 0.0053330971343560785 0.0050974196732383762 0.0040852648967860125 0.0070525300323572761 0.0030166891653370513 0.0052563809411134386 0.0076520520638457693 0.0064219963964201 0.0023881775243313466 0.0069190183101221379 0.0063303345742635568 0.0071542627535743381 0.0020761263225640572 0.005562995518118407 0.0061840317361875341 0.0069416271324779823 0.0030047997849368718 0.0052012317056065764 0.0044163983119373936 0.0027922562703180955 0.0061242559584380922 0.0073245637911317513 0.0054222437965947287 0.0076441333776720429 0.0036223248175491123 0.0057886827022305652 0.0032115268860715127 0.0057000262559677405 0.0035161671593104083 0.0077234680946376214 0.0053411913733744159 0.0072132978028632356 0.006764390881997851 0.0028033352021636726 0.0038955913891310125 0.0032491710713210163 0.0059479247110939288 0.006695471673273984 0.0047297869918627757 0.0074692820608873367 0.0038838399548608749 0.0051225385701222457 0.0077628730370222975 0.0043933656566243458 0.0051119356840805983 0.0041919938044309166 0.0073817673698443149 0.0046936494382758568 0.0073194981291556209 0.0071546029641394848 0.0033904671471211294 0.0029930760404262386 0.0026140161798260376 0.0029715492576400113 0.0036582570265987682 0.0031560625771059332 0.002579522811667523 0.0057812637276350807 0.0053370920858971669 0.0053431932343552622 0.0041384473936227923 0.0063719214981028819 0.0059387625965234472 0.0047351929268647829 0.0046589348695003354 0.0058464470914190636 0.0037650496423119796 0.006997675039730482 0.0060357833615099395 0.0065712873178570422 0.0076618625758876962 0.0061136100098067919 0.0025591449416303398 0.0035919283400392779 0.005384539422713947 0.0060923333784183463 0.0061641800927387603 0.0075212961697525118 0.0064218445250539737 0.0052777321857823264 0.0069126262997657928 0.0052575474284639045 0.0033153217836875948 0.0069490838938906993 0.0071367221746430846 0.0042991362833222375 0.0034032051441035957 0.0048245925030788849 0.0052993868989158095 0.0058533027854437416 0.0044132134804244771 0.0047364416568134657 0.0054359562872143587 0.004402897391510713 0.0054776897010182105 0.0054927705636977327 0.0042837409289751662 0.0028873436219489213 0.0050670035671820267 0.0038482474767106965 0.0034753520753880657 0.0057258136856756644 0.0028968198073781011 0.0044946636317176646 0.0053304943937437137 0.0049080280486047331 0.0034185798380505098 0.0036820243551913376 0.0025032173793429618 0.0058083020225044597 0.0073675584805731088 0.0072420487888920871 0.0076266703389892268 0.0074782589682915769 0.0051137379646071885 0.0056491206390069217 0.0073489042371366912 0.0076266718636064787 0.0072342242313021676 0.0076416248826198657 0.0065671715807092681 0.0028125396965510648 0.0042794109551334975 0.0042005890988666894 0.0026276965767464298 0.0018963939234477613 0.0019222010897423886 0.0015618235981533625 0.0030785434916006404 0.0032123758590467209 0.0035037390971828786 0.0042053738388572416 0.0038798402790647044 0.0032293775672162114 0.0056097270536844043 0.0028975857152410919 0.0026418041171689982 0.0024638087461306538 0.0036440723465207703 0.0022248757420157005 0.0030180810527858683 0.0042984037098302338 0.0056993442971991605 0.0076325973298389024 0.00559531376748682 0.0051907414502172953 0.0033460979400934641 0.0047412306808832039 0.0068175830363101497 0.0044463905739373097 0.0035672156081830416 0.0036041823466206814 0.006629265037312611 0.0060405916810538918 0.0058001710405217316 0.0033660034979950352 0.0045436186161979036 0.0028228763026795661 0.0054740370844245101 0.0028475616110772606 0.0061505666324997788 0.0086214531115906944 0.0037117248854007618 0.0067040980662244985 0.0092017597228701304 0.0042017763237691252 0.0074822778612943196 0.0055400706796870265 0.0047393736111256187 0.0035987629901829575 0.0039425131019428083 0.0047908508929210628 0.0052556104446248152 0.0061100531591837511 0.0053293802049956549 0.0033415056231341344 0.0041553614434701892 0.007881485522728375 0.0015391481823542666 0.0071804849165833465 0.0039546164108773948 0.0036304177313945876 0.0042055670507052762 0.0067538859475474262 0.0064689713121568989 0.0044180398963512722 0.00091028375133970509 0.0038274772856806477 0.0057688614854365904 0.0060193038965077215 0.005243745757055899 0.0050083187777123757 0.0058173017451716618 0.0059965554611383122 0.0066716927648455123 0.0048397284135943868 0.0058073054215345161 0.0068748769280394259 0.0065756553040260826 0.0065023025490622182 0.0066144148733481246 0.0059129039704598199 0.0052323699630232468 0.0070816595659040976 0.0043638402966539895 0.0056020775090481765 0.0067253605724013231 0.003012623092951782 0.0055070875472532539 0.0044120715330971099 0.0060933035083762556 0.0046249020645269066 0.007219134299653901 0.0073583412144509796 0.0075760760500370311 0.0055724421155991461 0.0034958521351597794 0.0056469742072433283 0.0068277466778418035 0.0031054582732964052 0.0031188586269113743 0.005666184745623362 0.0054991778632615161 0.0068067318716613706 0.0032857725207749923 0.0066129933596592565 0.0067616046868270527 0.0063811506070578566 0.0025633769242110337 0.0057836224695885464 0.0059046476387690054 0.0062631560952663701 0.0064338227355335148 0.0067253820230355503 0.0034400609136059006 0.0076322951834571764 0.0046663420693383428 0.0028990839894475458 0.0055245571061459933 0.0072904922851005395 0.0070361057289406838 0.0072955571860542105 0.0073104558505814 0.0063353989754622369 0.0071799161421737335 0.0074923144425458662 0.0067846694857749005 0.0072206535156336526 0.0061949458089524834 0.0046854152297524272 0.0021625633525171029 0.0025871570075182496 0.0046272597390193968 0.0056712335095478643 0.0055583554380167332 0.0062998992608998246 0.00297835528359524 0.0033972274224326002 0.0057518687555223732 0.0021619941590668127 0.0050969074456052544 0.0057429180771495121 0.0041946085343820046 0.0060750033705192366 0.0054233971848016132 0.0038474182992435592 0.006490212514983669 0.0062286918433410495 0.0040948391774251591 0.0028348859529356753 0.001701543973291503 0.0025715935569741062 0.0021425939924367816 0.0026243444661700967 0.0038128245958308441 0.002936680530022797 0.0020778241552624516 0.0046578731087893689 0.0062011019107217225 0.0057287042744934118 0.0048526046939412889 0.0027373500328472288 0.0067784771883654575 0.0074196603246332567 0.0072748042705330224 0.004241483512172157 0.0050977547283303937 0.0048785242652017403 0.0043926430954074327 0.0073140568854404208 0.0047100881998875539 0.0056713848297729498 0.0080929382794591095 0.0046166974787623652 0.0045128603269603612 0.0038581692155210071 0.0064109975824585778 0.0040474924886091035 0.005894238665373237 0.0071716220386670295 0.006600223970688943 0.0062029740205168903 0.0069561274880446866 0.0031320285732090044 0.0043075990654614553 0.0049312923631238499 0.006515614369990117 0.007361898194369455 0.0031128308678448052 0.0042391938319717168 0.0051930833754217191 0.0027876175120909773 0.0058417064416039933 0.0070873050514313413 0.0054555988306636272 0.0070569590698379902 0.0038186479948088769 0.0059600996242086786 0.0052514917553309259 0.0035344442935546024 0.0057071781034437989 0.003459349437252862 0.0072404981811429129 0.0022620397120933105 0.0052537640532074525 0.0066175963555758516 0.0059915612620025753 0.0027849331013165375 0.0049461887177818529 0.0019772359270272427 0.0068596346270782763 0.0060422254886155777 0.0074489161767157582 0.0029606230875803374 0.0063496365523883968 0.006403211935826888 0.0047108943992131072 0.0062610345931903288 0.003341558016260036 0.007380493768350818 0.0060017327616995629 0.0075564616188024108 0.0070060647204976201 0.0021042428529876307 0.0029615019717745606 0.003241631634341218 0.0031052989093322508 0.0026979732499580137 0.0018616489753634376 0.0020228328544523609 0.0017333180704413522 0.0019377088123812287 0.0035088728483614723 0.0042873171104381635 0.0036066738967405446 0.0031636043233345804 0.0017144165140610967 0.0027931310752102182 0.0033693879160727859 0.002693522407573464 0.0034235462477438042 0.0036614312932642416 0.0043748556210134017 0.005658420851535984 0.0068328857635421665 0.0064191162860179314 0.0031572485070976149 0.0045724954610616934 0.0033168545712513701 0.0048833444909501663 0.0058171402985048529 0.0061950773941009309 0.0040539470237418371 0.0041126245365507704 0.0068212203637860597 0.005621076176453816 0.0038273719170895497 0.0051268231297010511 0.0048994365637797287 0.0042261011461136172 0.0041255789150314772 0.0055643090036413146 0.0072640786605449479 0.0052854217097459836 0.0052221813186992903 0.0060956377859232771 0.0034737857432013538 0.0052995231218040881 0.0063203428661228172 0.0040328764679944161 0.0094399800153617975 0.004135691158178475 0.0065132038718711581 0.0052764652075061296 0.0088928213942406215 0.0035867031339265379 0.0085880621693983517 0.0027536454018764508 0.005301538461662667 0.0045172003876735277 0.0022844610103690075 0.0093836213515818227 0.002834255968204559 0.0029515891238652298 0.0045433073756824894 0.0051359147010462108 0.0043395073163108207 0.0055246928839078144 0.0050821912700374965 0.0033547869016813964 0.0035529103623264161 0.0022514334860518773 0.0047951016023697725 0.0040835611855426458 0.0017351418857366699 0.0041274940350452703 0.0036031872291199477 0.0040986858855307342 0.0062781332978469563 0.003311242789765126 0.0045747663849239227 0.0028615210979365739 0.0050719571418401214 0.0022734330351685079 0.0048335910720657361 0.0047088159187852092 0.0037060731618478184 0.003429226221670279 0.0022120358270099091 0.0066606658753882251 0.004888327782679538 0.0073486406773044183 0.0089576499301237678 0.0040200086449724438 0.0060282470430945744 0.0051468456658423437 0.005715888810614465 0.005022655363414349 0.0038462606899555326 0.0034826865025828838 0.0051245377221375375 0.0034598221739710797 0.0021756340459808169 0.0043776985447985216 0.005058365282646823 0.0053324691590538285 0.0053890117620716861 0.0060529901104040924 0.0051232417757600063 0.0032937000294111104 0.0052400570566740745 0.0063580084664288314 0.004828183941504533 0.0049646593273097173 0.0047363025727011499 0.0033223289412635448 0.0023863939151893511 0.0059669519695268467 0.0085327136025308749 0.0027339375338026012 0.005363650203528695 0.0050923485375516369 0.0047293926134546211 0.0032186598024536574 0.0046985057870313441 0.0066375368336566111 0.0051185557904278737 0.0039188371955988259 0.0062021844988647068 0.0057580926247639249 0.0037754064184397202 0.0054186429886164591 0.0042228410793546459 0.0033129857265140252 0.0053316945401903366 0.0045566028388933609 0.0097385397253371298 0.0072041404294881381 0.010732249622467001 0.0068330196986872019 0.0071059086452658852 0.0039547402799595364 0.0044751003282549441 0.0040128993649014792 0.0032573076484855917 0.0065746288818955244 0.0048872764068366567 0.0070380613838016857 0.005692350151201394 0.0076640795634888214 0.0046266154963785847 0.0060494625122793355 0.0050575763267185266 0.0069980632558451746 0.010024809088893942 0.0069642501227859368 0.011826852589292627 0.0087855497215210687 0.010855938970743162 0.0045886641766420362 0.0054367964562069774 0.0052180394784132091 0.0060170170961300808 0.0061086838642360102 0.0046053225244934793 0.0081877307129038842 0.0051360008829044856 0.0044739731316108134 0.0065054661907271412 0.0076108220722423273 0.0037354859650249139 0.0060128138062488807 0.0067129572944692366 0.0079849451708020481 0.006063955211116163 0.0053416280133914687 0.0046615045765590769 0.0059192635168624132 0.0067213602331319053 0.0046128842292886794 0.0046265227439521092 0.0056804023262782112 0.003587397293207601 0.004011285847509722 0.0062690189803388608 0.0042611971652042509 0.0050866095641315997 0.003519879614995444 0.0046731831403301885 0.0043649843894927338 0.0035154688609246431 0.0047946626649585091 0.0071916816954670938 0.0077816375249840251 0.011764324247879085 0.0038312969000008665 0.0043114230519819326 0.0066851652167921605 0.0059855289695607116 0.0039062981025020267 0.0059461871751470049 0.0045459486004599788 0.0029946601653250381 0.007891613883230144 0.0059305148668959565 0.0069852981878517845 0.0058293210990626653 0.0046832618820989722 0.0043525927374191906 0.0051082765972576064 0.0044968404740878092 0.0035909707551725527 0.0041403627570270754 0.0070035443425614493 0.0065448331730714598 0.0042119634868586584 0.0054311503769504292 0.0051124773146703998 0.0046410721011068629 0.0075119061697452695 0.0048816229290408984 0.0060251600988563926 0.0079910112022677504 0.0062632361680864338 0.0065546764229973947 0.0065595665286438719 0.00494317856072335 0.0056492481979684758 0.0075693928992484096 0.0041497446511542385 0.0093339107421056555 0.0061728384853999615 0.0035508272501957121 0.0044892001928905183 0.0063932597163940796 0.0044315509634325363 0.005912567073136971 0.0073983197365519596 0.0080904243842179844 0.0048273370436097921 0.011910848899351177 0.0081078333256321602 0.0059615068648127831 0.0046222136114838202 0.0041551368676595885 0.0066790534553456404 0.0050985622050489952 0.0046303060703752662 0.0047939371659549354 0.003723568610282944 0.0080228936624729685 0.0050433088853306315 0.005128409298984395 0.004731121907136559 0.0032134399104577845 0.0034871628554406855 0.0042959677528561554 0.0043522712476220544 0.0044661085534692347 0.0041721937023197313 0.0077915906627619566 0.0064504054337343568 0.0042532728436212187 0.0035014996782852231 0.0030527272720412509 0.0038173938014990322 0.0043573264999712952 0.0087246230120094845 0.011623019447580809 0.0048516012002151609 0.0050539225063632601 0.0052034798661621806 0.0036184883183532114 0.0032666567756710809 0.0024405926608061256 0.0055548313407151675 0.0013996765852537652 0.0030634897070686458 0.0050168527314867796 0.0096325256495341585 0.0019548906070753821 0.0036774633848975849 0.0039432949681281505 0.0051508424137026877 0.0046961209283689727 0.0036651806715161266 0.0049934356473478256 0.0054272551967603985 0.0050300800984828566 0.0037186924511125336 0.0027279699646475426 0.0058769973658859718 0.0060392587632889568 0.0048033991905513194 0.0042336398698727727 0.0038610119383468994 0.0051080141768092991 0.002011167183562138 0.0044760119613702276 0.0048287537628581862 0.0035437090820752545 0.0090618088963452317 0.0020310374688376413 0.0050828499742765496 0.0063607805556271553 0.0059512732948366759 0.0057584793031741736 0.004003130213853132 0.0054178883915354551 0.0058892598214637971 0.0067724209491247089 0.0051159689893820097 0.0049461324643459911 0.0054158542548771284 0.0057630971974446917 0.0034796267339441515 0.003380134119786347 0.0048727137666050068 0.0043728360623345591 0.0040258929239396658 0.0082897068507106729 0.0034258921652588091 0.0058203966728209633 0.0033866477609907565 0.0060885397924250696 0.005296922538778409 0.0046704282923804123 0.0059760214918417624 0.0056143642182870093 0.0035001670942419448 0.0075907685783753011 0.0044451509935220668 0.0060424756527680907 0.0056935048775137425 0.0057944985010877949 0.0032899596896393329 0.0051060966674162404 0.0030777773276526245 0.0044465685221380885 0.0044061412062273647 0.011206980992502046 0.0047287834205742381 0.0055603680185800954 0.0048331348551175369 0.0081432524901214123 0.004782315884690129 0.0042546020456415683 0.0073294481016214349 0.0011017638967818115 0.0073366691811528892 0.0012302929309578447 0.0021650130398117619 0.0046578887771375685 0.0041418472313070791 0.0042638876469191242 0.004005851942942268 0.0041571621775893432 0.0049812898134183933 0.0045263923566142188 0.0061444546864994256 0.0032149121740527331 0.0018429974960101105 0.0058926578508367395 0.0047056872545731205 0.0018904497175524977 0.0042632953596156049 0.0055232943559880201 0.0040482167518216391 0.002000892732667201 0.0044165764817023978 0.0028340336580241288 0.0063829136785529149 0.0012126524931426685 0.0049603101533040785 0.0037940436757382076 0.005874569822096937 0.0033460943846784288 0.004085503654917149 0.0097577223582431816 0.0037675126935623605 0.0069859643073666329 0.006142385712569318 0.0061343147650360034 0.0053815474630034207 0.0061033707343185802 0.0023517902090501373 0.0037397785804819199 0.0046050790410711029 0.0021217027868312547 0.0057850820327999411 0.0053352199459148156 0.0051012124309870732 0.0095881255903129438 0.0036054739006936296 0.0048015316788900357 0.0033490569245577793 0.005039970546055806 0.0060234888274898236 0.0058672937799969507 0.0033907953470313839 0.0042231012724433144 0.0025902238300184498 0.005544385143784825 0.0049352575473780667 0.0047509931684206561 0.0016448459821823262 0.0075243248743648442 0.0099921704808497592 0.0050526109833916562 0.0034001878970983928 0.0030708406552583957 0.010218860961784579 0.0042492401699736441 0.0054161243347626955 0.0062849936965569944 0.0056784621943951601 0.0033182615849276492 0.0036503485855104451 0.0047557735483586211 0.0049919740234598648 0.0043410340476899663 0.0044509904129661319 0.0060858954806445459 0.003750229162415819 0.0055088492426272244 0.0041102355177456973 0.0032092953619005096 0.0020421468496178673 0.0056665984331339438 0.0014555930532445904 0.0031747156112825613 0.0048540733131177249 0.0088175786562441558 0.0024679853354170537 0.0032298025104952671 0.0042340513486009389 0.0053486368119982676 0.0047965399800044065 0.0054348568709732875 0.0044743263908366762 0.0051881682852068529 0.0046867800176353981 0.0040498646066390856 0.0023059564524121447 0.0062214779648970941 0.0059109812027645066 0.0044137920180496813 0.0039865282876421423 0.0039633519326862862 0.0043208017692876631 0.0017512389950295562 0.0046432623411838169 0.0049296273493364753 0.0034297444491278293 0.0094987282688959555 0.0020950730772376705 0.0042958928507059214 0.0066348737122451104 0.0062886652363456112 0.0049673837555357335 0.0036999227692087349 0.0047359428778666517 0.0056119609347411578 0.0063549475122384614 0.0050482761669728912 0.0048687362345372015 0.0046709019180310148 0.0056238665030505716 0.0034050687610129096 0.0038663354505482249 0.0045144029530181764 0.0046775149214442211 0.0036572997812314269 0.0075450516039400799 0.0039928886052491017 0.006236174999048349 0.0038672850117415789 0.0062000942840023977 0.0051528758306172507 0.0049650076716746573 0.0057558944718741059 0.0049926962456127641 0.0031702546486453756 0.0081067327563647384 0.004122988780280821 0.0059439771006395449 0.0055874835024634145 0.0063302690187585801 0.0032332683314956652 0.0052644439902640875 0.0032403746427675175 0.0052776467703059765 0.004452057815118541 0.011226779988026845 0.0046682323451201395 0.0052231490312681607 0.0044701829105118669 0.0075939198807656481 0.0050790146587144239 0.0033778361979271295 0.0069989917156597818 0.0011905112534747429 0.0065200695471123076 0.0012843561580885101 0.0030501556748170153 0.0039155337168515179 0.0032662113983851575 0.0039921030337733455 0.0041064300763922279 0.0034662396605130439 0.005017763795409946 0.0041221207400211173 0.0060209934291536446 0.0043272876144431083 0.0017488604268574924 0.0051970780609901955 0.0050882035060117259 0.0019288404204839389 0.0040179828295100282 0.0056777208125764521 0.0041049555054282014 0.0025290465023751216 0.004416553551497995 0.0037775678882548446 0.006169561394130268 0.001649754522067982 0.004516654522902782 0.0042142480918851465 0.0060294048968724421 0.0035615901968701655 0.0041001401916602922 0.0089149873099816004 0.004573644799912454 0.0067885039329101645 0.0064190183238649924 0.0063728804249922012 0.0059358823402767321 0.0065293210654094845 0.0022024549522863955 0.0037149123617949025 0.0050455135567467014 0.0021823264779580495 0.0060841487330496298 0.0053894035571983457 0.005872126556034178 0.0095989184832268558 0.0039350282124468406 0.0051062331351323679 0.0038414927164097472 0.0056527635679679425 0.0060775236047589361 0.0058357762332740841 0.0036060860979659414 0.0043707313691115192 0.0024011520844442599 0.0059267295985273843 0.0053543018671794096 0.0045542786159774229 0.0018995175859211702 0.008008299909643371 0.0090894550151106243 0.0053405848073875516 0.0038543261577971893 0.0035843798383261264 0.010495266616579029 0.0044930494099919699 0.0047100216071058283 0.0064798412022561164 0.0050980859991074509 0.0033180987073365572 0.0035087808694346545 0.0047544368318116143 0.0043542203271681543 0.0047043366308362746 0.004713050236896596 0.0062086193015960609 0.0040798663741968937 
        </DataArray>
        <DataArray type="Int32" Name="eta_H_T_available" NumberOfComponents="1" format="ascii">
          1 1 1 1 1 1 1 1 1 1 1 1 1 1 1 1 1 1 1 1 1 1 1 1 1 1 1 1 1 1 1 1 1 1 1 1 1 1 1 1 1 1 1 1 1 1 1 1 1 1 1 1 1 1 1 1 1 1 1 1 1 1 1 1 1 1 1 1 1 1 1 1 1 1 1 1 1 1 1 1 1 1 1 1 1 1 1 1 1 1 1 1 1 1 1 1 1 1 1 1 1 1 1 1 1 1 1 1 1 1 1 1 1 1 1 1 1 1 1 1 1 1 1 1 1 1 1 1 1 1 1 1 1 1 1 1 1 1 1 1 1 1 1 1 1 1 1 1 1 1 1 1 1 1 1 1 1 1 1 1 1 1 1 1 1 1 1 1 1 1 1 1 1 1 1 1 1 1 1 1 1 1 1 1 1 1 1 1 1 1 1 1 1 1 1 1 1 1 1 1 1 1 1 1 1 1 1 1 1 1 1 1 1 1 1 1 1 1 1 1 1 1 1 1 1 1 1 1 1 1 1 1 1 1 1 1 1 1 1 1 1 1 1 1 1 1 1 1 1 1 1 1 1 1 1 1 1 1 1 1 1 1 1 1 1 1 1 1 1 1 1 1 1 1 1 1 1 1 1 1 1 1 1 1 1 1 1 1 1 1 1 1 1 1 1 1 1 1 1 1 1 1 1 1 1 1 1 1 1 1 1 1 1 1 1 1 1 1 1 1 1 1 1 1 1 1 1 1 1 1 1 1 1 1 1 1 1 1 1 1 1 1 1 1 1 1 1 1 1 1 1 1 1 1 1 1 1 1 1 1 1 1 1 1 1 1 1 1 1 1 1 1 1 1 1 1 1 1 1 1 1 1 1 1 1 1 1 1 1 1 1 1 1 1 1 1 1 1 1 1 1 1 1 1 1 1 1 1 1 1 1 1 1 1 1 1 1 1 1 1 1 1 1 1 1 1 1 1 1 1 1 1 1 1 1 1 1 1 1 1 1 1 1 1 1 1 1 1 1 1 1 1 1 1 1 1 1 1 1 1 1 1 1 1 1 1 1 1 1 1 1 1 1 1 1 1 1 1 1 1 1 1 1 1 1 1 1 1 1 1 1 1 1 1 1 1 1 1 1 1 1 1 1 1 1 1 1 1 1 1 1 1 1 1 1 1 1 1 1 1 1 1 1 1 1 1 1 1 1 1 1 1 1 1 1 1 1 1 1 1 1 1 1 1 1 1 1 1 1 1 1 1 1 1 1 1 1 1 1 1 1 1 1 1 1 1 1 1 1 1 1 1 1 1 1 1 1 1 1 1 1 1 1 1 1 1 1 1 1 1 1 1 1 1 1 1 1 1 1 1 1 1 1 1 1 1 1 1 1 1 1 1 1 1 1 1 1 1 1 1 1 1 1 1 1 1 1 1 1 1 1 1 1 1 1 1 1 1 1 1 1 1 1 1 1 1 1 1 1 1 1 1 1 1 1 1 1 1 1 1 1 1 1 1 1 1 1 1 1 1 1 1 1 1 1 1 1 1 1 1 1 1 1 1 1 1 1 1 1 1 1 1 1 1 1 1 1 1 1 1 1 1 1 1 1 1 1 1 1 1 1 1 1 1 1 1 1 1 1 1 1 1 1 1 1 1 1 1 1 1 1 1 1 1 1 1 1 1 1 1 1 1 1 1 1 1 1 1 1 1 1 1 1 1 1 1 1 1 1 1 1 1 1 1 1 1 1 1 1 1 1 1 1 1 1 1 1 1 1 1 1 1 1 1 1 1 1 1 1 1 1 1 1 1 1 1 1 1 1 1 1 1 1 1 1 1 1 1 1 1 1 1 1 1 1 1 1 1 1 1 1 1 1 1 1 1 1 1 1 1 1 1 1 1 1 1 1 1 1 1 1 1 1 1 1 1 1 1 1 1 1 1 1 1 1 1 1 1 1 1 1 1 1 1 1 1 1 1 1 1 1 1 1 1 1 1 1 1 1 1 1 1 1 1 1 1 1 1 1 1 1 1 1 1 1 1 1 1 1 1 1 1 1 1 1 1 1 1 1 1 1 1 1 1 1 1 1 1 1 1 1 1 1 1 1 1 1 1 1 1 1 1 1 1 1 1 1 1 1 1 1 1 1 1 1 1 1 1 1 1 1 1 1 1 1 1 1 1 1 1 1 1 1 1 1 1 1 1 1 1 1 1 1 1 1 1 1 1 1 1 1 1 1 1 1 1 1 1 1 1 1 1 1 1 1 1 1 1 1 1 1 1 1 1 1 1 1 1 1 1 1 1 1 1 1 1 1 1 1 1 1 1 1 1 1 1 1 1 1 1 1 1 1 1 1 1 1 1 1 1 1 1 1 1 1 1 1 1 1 1 1 1 1 1 1 1 1 1 1 1 1 1 1 1 1 1 1 1 1 1 1 1 1 1 1 1 1 1 1 1 1 1 1 1 1 1 1 1 1 1 1 1 1 1 1 1 1 1 1 1 1 1 1 1 1 1 1 1 1 1 1 1 1 1 1 1 1 1 1 1 1 1 1 1 1 1 1 1 1 1 1 1 1 1 1 1 1 1 1 1 1 1 1 1 1 1 1 1 1 1 1 1 1 1 1 1 1 1 1 1 1 1 1 1 1 1 1 1 1 1 1 1 1 1 1 1 1 1 1 1 1 1 1 1 1 1 1 1 1 1 1 1 1 1 1 1 1 1 1 1 1 1 1 1 1 1 1 1 1 1 1 1 1 1 1 1 1 1 1 1 1 1 1 1 1 1 1 1 1 1 1 1 1 1 1 1 1 1 1 1 1 1 1 1 1 1 1 1 1 1 1 1 1 1 1 1 1 1 1 1 1 1 1 1 1 1 1 1 1 1 1 1 1 1 1 1 1 1 1 1 1 1 1 1 1 1 1 1 1 1 1 1 1 1 1 1 1 1 1 1 1 1 1 1 1 1 1 1 1 1 1 1 1 1 1 1 1 1 1 1 1 1 1 1 1 1 1 1 1 1 1 1 1 1 1 1 1 1 1 1 1 1 1 1 1 1 1 1 1 1 1 1 1 1 1 1 1 1 1 1 1 1 1 1 1 1 1 1 1 1 1 1 1 1 1 1 1 1 1 1 1 1 1 1 1 1 1 1 1 1 1 1 1 1 1 1 1 1 1 1 1 1 1 1 1 1 1 1 1 1 1 1 1 1 1 1 1 1 1 1 1 1 1 1 1 1 1 1 1 1 1 1 1 1 1 1 1 1 1 1 1 1 1 1 1 1 1 1 1 1 1 1 1 1 1 1 1 1 1 1 1 1 1 1 1 1 1 1 1 1 1 1 1 1 1 1 1 1 1 1 1 1 1 1 1 1 1 1 1 1 1 1 1 1 1 1 1 1 1 1 1 1 1 1 1 1 1 1 1 1 1 1 1 1 1 1 1 1 1 1 1 1 1 1 1 1 1 1 1 1 1 1 1 1 1 1 1 1 1 1 1 1 1 1 1 1 1 1 1 1 1 1 1 1 1 1 1 1 1 1 1 1 1 1 1 1 1 1 1 1 1 1 1 1 1 1 1 1 1 1 1 1 1 1 1 1 1 1 1 1 1 1 1 1 1 1 1 1 1 1 1 1 1 1 1 1 1 1 1 1 1 1 1 1 1 1 1 1 1 1 1 1 1 1 1 1 1 1 1 1 1 1 1 1 1 1 1 1 1 1 1 1 1 1 1 1 1 1 1 1 1 1 1 1 1 1 1 1 1 1 1 1 1 1 1 1 1 1 1 1 1 1 1 1 1 1 1 1 1 1 1 1 1 1 1 1 1 1 1 1 1 1 1 1 1 1 1 1 1 1 1 1 1 1 1 1 1 1 1 1 1 1 1 1 1 1 1 1 1 1 1 1 1 1 1 1 1 1 1 1 1 1 1 1 1 1 1 1 1 1 1 1 1 1 1 1 1 1 1 1 1 1 1 1 1 1 1 1 1 1 1 1 1 1 1 1 1 1 1 1 1 1 1 1 1 1 1 1 1 1 1 1 1 1 1 1 1 1 1 1 1 1 1 1 1 1 1 1 1 1 1 1 1 1 1 1 1 1 1 1 1 1 1 1 1 1 1 1 1 1 1 1 1 1 1 1 1 1 1 1 1 1 1 1 1 1 1 1 1 1 1 1 1 1 1 1 1 1 1 1 1 1 1 1 1 1 1 1 1 1 1 1 1 1 1 1 1 1 1 1 1 1 1 1 1 1 1 1 1 1 1 1 1 1 1 1 1 1 1 1 1 1 1 1 1 1 1 1 1 1 1 1 1 1 1 1 1 1 1 1 1 1 1 1 1 1 1 1 1 1 1 1 1 1 1 1 1 1 1 1 1 1 1 1 1 1 1 1 1 1 1 1 1 1 1 1 1 1 1 1 1 1 1 1 1 1 1 1 1 1 1 1 1 1 1 1 1 1 1 1 1 1 1 1 1 1 1 1 1 1 1 1 1 1 1 1 1 1 1 1 1 1 1 1 1 1 1 1 1 1 1 1 1 1 1 1 1 1 1 1 1 1 1 1 1 1 1 1 1 1 1 1 1 1 1 1 1 1 1 1 1 1 1 1 1 1 1 1 1 1 1 1 1 1 1 1 1 1 1 1 1 1 1 1 1 1 1 1 1 1 1 1 1 1 1 1 1 1 1 1 1 1 1 1 1 1 1 1 1 1 1 1 1 1 1 1 1 1 1 1 1 1 1 1 1 1 1 1 1 1 1 1 1 1 1 1 1 1 1 1 1 1 1 1 1 1 1 1 1 1 1 1 1 1 1 1 1 1 1 1 1 1 1 1 1 1 1 1 1 1 1 1 1 1 1 1 1 1 1 1 1 1 1 1 1 1 1 1 1 1 1 1 1 1 1 1 1 1 1 1 1 1 1 1 1 1 1 1 1 1 1 1 1 1 1 1 1 1 1 1 1 1 1 1 1 1 1 1 1 1 1 1 1 1 1 1 1 1 1 1 1 1 1 1 1 1 1 1 1 1 1 1 1 1 1 1 1 1 1 1 1 1 1 1 1 1 1 1 1 1 1 1 1 1 1 1 1 1 1 1 1 1 1 1 1 1 1 1 1 1 1 1 1 1 1 1 1 1 1 1 1 1 1 1 1 1 1 1 1 1 1 1 1 1 1 1 1 1 1 1 1 1 1 1 1 1 1 1 1 1 1 1 1 1 1 1 1 1 1 1 1 1 1 1 1 1 1 1 1 1 1 1 1 1 1 1 1 1 1 1 1 1 1 1 1 1 1 1 1 1 1 1 1 1 1 1 1 1 1 1 1 1 1 1 1 1 1 1 1 1 1 1 1 1 1 1 1 1 1 1 1 1 1 1 1 1 1 1 1 1 1 1 1 1 1 1 1 1 1 1 1 1 1 1 1 1 1 1 1 1 1 1 1 1 1 1 1 1 1 1 1 1 1 1 1 1 1 1 1 1 1 1 1 1 1 1 1 1 1 1 1 1 1 1 1 1 1 1 1 1 1 1 1 1 1 1 1 1 1 1 1 1 1 1 1 1 1 1 1 1 1 1 1 1 1 1 1 1 1 1 1 1 1 1 1 1 1 1 1 1 1 1 1 1 1 1 1 1 1 1 1 1 1 1 1 1 1 1 1 1 1 1 1 1 1 1 1 1 1 1 1 1 1 1 1 1 1 1 1 1 1 1 1 1 1 1 1 1 1 1 1 1 1 1 1 1 1 1 1 1 1 1 1 1 1 1 1 1 1 1 1 1 1 1 1 1 1 1 1 1 1 1 1 1 1 1 1 1 1 1 1 1 1 1 1 1 1 1 1 1 1 1 1 1 1 1 1 1 1 1 1 1 1 1 1 1 1 1 1 1 1 1 1 1 1 1 1 1 1 1 1 1 1 1 1 1 1 1 1 1 1 1 1 1 1 1 1 1 1 1 1 1 1 1 1 1 1 1 1 1 1 1 1 1 1 1 1 1 1 1 1 1 1 1 1 1 1 1 1 1 1 1 1 1 1 1 1 1 1 1 1 1 1 1 1 1 1 1 1 1 1 1 1 1 1 1 1 1 1 1 1 1 1 1 1 1 1 1 1 1 1 1 1 1 1 1 1 1 1 1 1 1 1 1 1 1 1 1 1 1 1 1 1 1 1 1 1 1 1 1 1 1 1 1 1 1 1 1 1 1 1 1 1 1 1 1 1 1 1 1 1 1 1 1 1 1 1 1 1 1 1 1 1 1 1 1 1 1 1 1 1 1 1 1 1 1 1 1 1 1 1 1 1 1 1 1 1 1 1 1 1 1 1 1 1 1 1 1 1 1 1 1 1 1 1 1 1 1 1 1 1 1 1 1 1 1 1 1 1 1 1 1 1 1 1 1 1 1 1 1 1 1 1 1 1 1 1 1 1 1 1 1 1 1 1 1 1 1 1 1 1 1 1 1 1 1 1 1 1 1 1 1 1 1 1 1 1 1 1 1 1 1 1 1 1 1 1 1 1 1 1 1 1 1 1 1 1 1 1 1 1 1 1 1 1 1 1 1 1 1 1 1 1 1 1 1 1 1 1 1 1 1 1 1 1 1 1 1 1 1 1 1 1 1 1 1 1 1 1 1 1 1 1 1 1 1 1 1 1 1 1 1 1 1 1 1 1 1 1 1 1 1 1 1 1 1 1 1 1 1 1 1 1 1 1 1 1 1 1 1 1 1 1 1 1 1 1 1 1 1 1 1 1 1 1 1 1 1 1 1 1 1 1 1 1 1 1 1 1 1 1 1 1 1 1 1 1 1 1 1 1 1 1 1 1 1 1 1 1 1 1 1 1 1 1 1 1 1 1 1 1 1 1 1 1 1 1 1 1 1 1 1 1 1 1 1 1 1 1 1 1 1 1 1 1 1 1 1 1 1 1 1 1 1 1 1 1 1 1 1 1 1 1 1 1 1 1 1 1 1 1 1 1 1 1 1 1 1 1 1 1 1 1 1 1 1 1 1 1 1 1 1 1 1 1 1 1 1 1 1 1 1 1 1 1 1 1 1 1 1 1 1 1 1 1 1 1 1 1 1 1 1 1 1 1 1 1 1 1 1 1 1 1 1 1 1 1 1 1 1 1 1 1 1 1 1 1 1 1 1 1 1 1 1 1 1 1 1 1 1 1 1 1 1 1 1 1 1 1 1 1 1 1 1 1 1 1 1 1 1 1 1 1 1 1 1 1 1 1 1 1 1 1 1 1 1 1 1 1 1 1 1 1 1 1 1 1 1 1 1 1 1 1 1 1 1 1 1 1 1 1 1 1 1 1 1 1 1 1 1 1 1 1 1 1 1 1 1 1 1 1 1 1 1 1 1 1 1 1 1 1 1 1 1 1 1 1 1 1 1 1 1 1 1 1 1 1 1 1 1 1 1 1 1 1 1 1 1 1 1 1 1 1 1 1 1 1 1 1 1 1 1 1 1 1 1 1 1 1 1 1 1 1 1 1 1 1 1 1 1 1 1 1 1 1 1 1 1 1 1 1 1 1 1 1 1 1 1 1 1 1 1 1 1 1 1 1 1 1 1 1 1 1 1 1 1 1 1 1 1 1 1 1 1 1 1 1 1 1 1 1 1 1 1 1 1 1 1 1 1 1 1 1 1 1 1 1 1 1 1 1 1 1 1 1 1 1 1 1 1 1 1 1 1 1 1 1 1 1 1 1 1 1 1 1 1 1 1 1 1 1 1 1 1 1 1 1 1 1 1 1 1 1 1 1 1 1 1 1 1 1 1 1 1 1 1 1 1 1 1 1 1 1 1 1 1 1 1 1 1 1 1 1 1 1 1 1 1 1 1 1 1 1 1 1 1 1 1 1 1 1 1 1 1 1 1 1 1 1 1 1 1 1 1 1 1 1 1 1 1 1 1 1 1 1 1 1 1 1 1 1 1 1 1 1 1 1 1 1 1 1 1 1 1 1 1 1 1 1 1 1 1 1 1 1 1 1 1 1 1 1 1 1 1 1 1 1 1 1 1 1 1 1 1 1 1 1 1 1 1 1 1 1 1 1 1 1 1 1 1 1 1 1 1 1 1 1 1 1 1 1 1 1 1 1 1 1 1 1 1 1 1 1 1 1 1 1 1 1 1 1 1 1 1 1 1 1 1 1 1 1 1 1 1 1 1 1 1 1 1 1 1 1 1 1 1 1 1 1 1 1 1 1 1 1 1 1 1 1 1 1 1 1 1 1 1 1 1 1 1 1 1 1 1 1 1 1 1 1 1 1 1 1 1 1 1 1 1 1 1 1 1 1 1 1 1 1 1 1 1 1 1 1 1 1 1 1 1 1 1 1 1 1 1 1 1 1 1 1 1 1 1 1 1 1 1 1 1 1 1 1 1 1 1 1 1 1 1 1 1 1 1 1 1 1 1 1 1 1 1 1 1 1 1 1 1 1 1 1 1 1 1 1 1 1 1 1 1 1 1 1 1 1 1 1 1 1 1 1 1 1 1 1 1 1 1 1 1 1 1 1 1 1 1 1 1 1 1 1 1 1 1 1 1 1 1 1 1 1 1 1 1 1 1 1 1 1 1 1 1 1 1 1 1 1 1 1 1 1 1 1 1 1 1 1 1 1 1 1 1 1 1 1 1 1 1 1 1 1 1 1 1 1 1 1 1 1 1 1 1 1 1 1 1 1 1 1 1 1 1 1 1 1 1 1 1 1 1 1 1 1 1 1 1 1 1 1 1 1 1 1 1 1 1 1 1 1 1 1 1 1 1 1 1 1 1 1 1 1 1 1 1 1 1 1 1 1 1 1 1 1 1 1 1 1 1 1 1 1 1 1 1 1 1 1 1 1 1 1 1 1 1 1 1 1 1 1 1 1 1 1 1 1 1 1 1 1 1 1 1 1 1 1 1 1 1 1 1 1 1 1 1 1 1 1 1 1 1 1 1 1 1 1 1 1 1 1 1 1 1 1 1 1 1 1 1 1 1 1 1 1 1 1 1 1 1 1 1 1 1 1 1 1 1 1 1 1 1 1 1 1 1 1 1 1 1 1 1 1 1 1 1 1 1 1 1 1 1 1 1 1 1 1 1 1 1 1 1 1 1 1 1 1 1 1 1 1 1 1 1 1 1 1 1 1 1 1 1 1 1 1 1 1 1 1 1 1 1 1 1 1 1 1 1 1 1 1 1 1 1 1 1 1 1 1 1 1 1 1 1 1 1 1 1 1 1 1 1 1 1 1 1 1 1 1 1 1 1 1 1 1 1 1 1 1 1 1 1 1 1 1 1 1 1 1 1 1 1 1 1 1 1 1 1 1 1 1 1 1 1 1 1 1 1 1 1 1 1 1 1 1 1 1 1 1 1 1 1 1 1 1 1 1 1 1 1 1 1 1 1 1 1 1 1 1 1 1 1 1 1 1 1 1 1 1 1 1 1 1 1 1 1 1 1 1 1 1 1 1 1 1 1 1 1 1 1 1 1 1 1 1 1 1 1 1 1 1 1 1 1 1 1 1 1 1 1 1 1 1 1 1 1 1 1 1 1 1 1 1 1 1 1 1 1 1 1 1 1 1 1 1 1 1 1 1 1 1 1 1 1 1 1 1 1 1 1 1 1 1 1 1 1 1 1 1 1 1 1 1 1 1 1 1 1 1 1 1 1 1 1 1 1 1 1 1 1 1 1 1 1 1 1 1 1 1 1 1 1 1 1 1 1 1 1 1 1 1 1 1 1 1 1 1 1 1 1 1 1 1 1 1 1 1 1 1 1 1 1 1 1 1 1 1 1 1 1 1 1 1 1 1 1 1 1 1 1 1 1 1 1 1 1 1 1 1 1 1 1 1 1 1 1 1 1 1 1 1 1 1 1 1 1 1 1 1 1 1 1 1 1 1 1 1 1 1 1 1 1 1 1 1 1 1 1 1 1 1 1 1 1 1 1 1 1 1 1 1 1 1 1 1 1 1 1 1 1 1 1 1 1 1 1 1 1 1 1 1 1 1 1 1 1 1 1 1 1 1 1 1 1 1 1 1 1 1 1 1 1 1 1 1 1 1 1 1 1 1 1 1 1 1 1 1 1 1 1 1 1 1 1 1 1 1 1 1 1 1 1 1 1 1 1 1 1 1 1 1 1 1 1 1 1 1 1 1 1 1 1 1 1 1 1 1 1 1 1 1 1 1 1 1 1 1 1 1 1 1 1 1 1 1 1 1 1 1 1 1 1 1 1 1 1 1 1 1 1 1 1 1 1 1 1 1 1 
        </DataArray>
      </CellData>
      <Points>
        <DataArray type="Float64" NumberOfComponents="3" format="ascii">
          -1 -1 0 0 -1 0 -1 0 0 0 0 0 1 0 0 -1 1 0 0 1 0 1 1 0 -0.5 -0.5 0 -0.5 0.5 0 0.5 0.5 0 -0.5 -1 0 -1 -0.5 0 0 -0.5 0 -0.5 0 0 -1 0.5 0 0.5 0 0 0 0.5 0 1 0.5 0 -0.5 1 0 0.5 1 0 -0.75 -0.75 0 -0.25 -0.75 0 -0.75 -0.25 0 -0.75 0.25 0 -0.25 -0.25 0 -0.25 0.25 0 0.25 0.25 0 0.75 0.25 0 -0.75 0.75 0 -0.25 0.75 0 0.25 0.75 0 0.75 0.75 0 -0.75 -1 0 -1 -0.75 0 -0.25 -1 0 0 -0.75 0 -1 -0.25 0 -0.75 0 0 -1 0.25 0 0 -0.25 0 -0.25 0 0 0.25 0 0 0 0.25 0 0.75 0 0 1 0.25 0 -1 0.75 0 -0.75 1 0 0 0.75 0 -0.25 1 0 0.25 1 0 1 0.75 0 0.75 1 0 -0.5 -0.75 0 -0.75 -0.5 0 -0.25 -0.5 0 -0.5 -0.25 0 -0.5 0.25 0 -0.75 0.5 0 -0.25 0.5 0 -0.5 0.75 0 0.5 0.25 0 0.25 0.5 0 0.75 0.5 0 0.5 0.75 0 -0.875 -0.875 0 -0.125 -0.875 0 -0.875 -0.125 0 -0.875 0.125 0 -0.125 -0.125 0 -0.125 0.125 0 0.125 0.125 0 0.875 0.125 0 -0.875 0.875 0 -0.125 0.875 0 0.125 0.875 0 0.875 0.875 0 -0.625 -0.625 0 -0.375 -0.625 0 -0.625 -0.375 0 -0.375 -0.375 0 -0.625 0.375 0 -0.375 0.375 0 -0.625 0.625 0 -0.375 0.625 0 0.375 0.375 0 0.625 0.375 0 0.375 0.625 0 0.625 0.625 0 -0.625 -0.875 0 -0.375 -0.875 0 -0.875 -0.625 0 -0.875 -0.375 0 -0.125 -0.625 0 -0.125 -0.375 0 -0.625 -0.125 0 -0.625 0.125 0 -0.375 -0.125 0 -0.375 0.125 0 -0.875 0.375 0 -0.875 0.625 0 0.375 0.125 0 0.625 0.125 0 -0.125 0.375 0 0.125 0.375 0 -0.125 0.625 0 0.125 0.625 0 0.875 0.375 0 0.875 0.625 0 -0.625 0.875 0 -0.375 0.875 0 0.375 0.875 0 0.625 0.875 0 0 -0.125 0 -0.125 0 0 0.125 0 0 0 0.125 0 -0.5 0.375 0 -0.375 0.5 0 -0.375 0 0 -0.5 -0.125 0 -0.5 0.125 0 0 0.375 0 -0.125 0.5 0 -0.625 0.25 0 -0.125 -0.25 0 -0.25 -0.125 0 -0.375 -0.25 0 -0.25 0.125 0 -0.125 0.25 0 -0.375 0.25 0 -0.25 0.375 0 0.25 0.125 0 0.125 0.25 0 -0.0625 -0.0625 0 -0.0625 0.0625 0 0.0625 0.0625 0 -0.625 0 0 -0.5625 -0.0625 0 -0.5625 0.0625 0 -0.4375 -0.0625 0 -0.4375 0.0625 0 0 0.625 0 0.125 0.5 0 -0.0625 0.4375 0 0.0625 0.4375 0 -0.0625 0.5625 0 -0.1875 0.1875 0 -0.3125 0.3125 0 -0.3125 0.1875 0 -0.1875 0.3125 0 -0.25 0.625 0 -0.1875 -0.0625 0 -0.1875 0.0625 0 -0.3125 -0.0625 0 -0.3125 0.0625 0 -0.0625 0.1875 0 0.0625 0.1875 0 -0.0625 0.3125 0 0.0625 0.3125 0 -0.4375 0.3125 0 -0.5625 0.1875 0 -0.4375 0.1875 0 -0.3125 0.4375 0 -0.1875 0.4375 0 -0.1875 0.5625 0 -0.4375 0 0 -0.5 -0.0625 0 -0.5 0.0625 0 0 0.4375 0 -0.3125 -0.1875 0 -0.25 0.1875 0 -0.1875 0.25 0 -0.3125 0.25 0 -0.25 0.3125 0 0.25 0.375 0 0.1875 0.3125 0 -0.1875 0 0 -0.3125 0 0 -0.25 -0.0625 0 -0.25 0.0625 0 0 0.3125 0 -0.0625 0.25 0 0.0625 0.25 0 -0.4375 -0.1875 0 -0.4375 0.25 0 0.1875 0.4375 0 -0.125 0.0625 0 -0.1875 0.125 0 -0.125 0.1875 0 -0.375 0.3125 0 -0.3125 0.375 0 -0.375 -0.0625 0 -0.4375 -0.125 0 -0.3125 -0.125 0 -0.375 0.0625 0 -0.4375 0.125 0 -0.3125 0.125 0 -0.375 0.1875 0 -0.0625 0.375 0 -0.125 0.4375 0 -0.125 0.3125 0 -0.1875 0.375 0 0.0625 0.375 0 0.125 0.3125 0 0.125 0.4375 0 -0.46875 -0.03125 0 -0.46875 0.03125 0 -0.1875 -0.1875 0 -0.25 -0.1875 0 -0.21875 0.21875 0 -0.28125 0.28125 0 -0.28125 0.21875 0 -0.21875 0.28125 0 -0.21875 -0.03125 0 -0.21875 0.03125 0 -0.28125 -0.03125 0 -0.28125 0.03125 0 -0.03125 0.28125 0 0.03125 0.28125 0 -0.5 0.1875 0 -0.1875 -0.125 0 -0.375 -0.1875 0 -0.40625 -0.09375 0 -0.34375 -0.09375 0 -0.34375 -0.15625 0 -0.40625 0.09375 0 -0.34375 0.15625 0 -0.34375 0.09375 0 -0.40625 0.15625 0 -0.09375 0.40625 0 -0.15625 0.34375 0 -0.09375 0.34375 0 -0.15625 0.40625 0 -0.40625 -0.03125 0 -0.40625 0.03125 0 -0.34375 -0.03125 0 -0.34375 0.03125 0 -0.46875 0.09375 0 -0.46875 0.15625 0 -0.03125 0.40625 0 -0.03125 0.34375 0 0.03125 0.34375 0 -0.21875 -0.09375 0 -0.28125 -0.09375 0 -0.28125 -0.15625 0 -0.21875 0.15625 0 -0.28125 0.15625 0 -0.21875 0.09375 0 -0.28125 0.09375 0 -0.15625 0.21875 0 -0.15625 0.28125 0 -0.09375 0.28125 0 -0.34375 0.28125 0 -0.34375 0.21875 0 -0.40625 0.21875 0 -0.21875 0.34375 0 0.09375 0.28125 0 -0.5 -0.375 0 0.375 0.5 0 0.375 0 0 0.0625 0.5625 0 -0.0625 0.5 0 0.0625 0.5 0 -0.03125 0.46875 0 0.03125 0.46875 0 -0.25 -0.375 0 -0.3125 -0.3125 0 -0.3125 -0.25 0 -0.28125 -0.21875 0 0.375 0.25 0 0.1875 0.1875 0 0.3125 0.3125 0 0.3125 0.1875 0 0.1875 0.25 0 0.25 0.3125 0 0.25 0.625 0 0.1875 0.0625 0 0.3125 0.0625 0 0 0.1875 0 0.03125 0.21875 0 0 0.28125 0 0.03125 0.25 0 -0.4375 -0.3125 0 -0.4375 -0.25 0 0.3125 0.4375 0 0.1875 0.5625 0 0.1875 0.5 0 0.25 0.4375 0 0.125 0.0625 0 0.125 0.1875 0 -0.40625 -0.15625 0 -0.375 -0.09375 0 -0.34375 -0.125 0 -0.375 -0.15625 0 -0.375 0.09375 0 -0.40625 0.125 0 -0.34375 0.125 0 -0.375 0.15625 0 -0.09375 0.375 0 -0.125 0.40625 0 -0.125 0.34375 0 -0.15625 0.375 0 0.09375 0.40625 0 0.09375 0.34375 0 0.1875 0.375 0 0.15625 0.34375 0 0.15625 0.40625 0 -0.40625 0 0 -0.34375 0 0 -0.375 -0.03125 0 -0.375 0.03125 0 0.03125 0.40625 0 0 0.40625 0 0 0.34375 0 -0.03125 0.375 0 0.03125 0.375 0 -0.09375 0.46875 0 -0.28125 -0.125 0 -0.21875 -0.15625 0 -0.25 -0.15625 0 -0.34375 -0.21875 0 -0.40625 -0.21875 0 0.09375 0.21875 0 0.15625 0.28125 0 0.09375 0.25 0 0.125 0.28125 0 -0.40625 0.0625 0 0.09375 0.46875 0 0.15625 0.46875 0 -0.03125 0.4375 0 -0.0625 0.40625 0 -0.09375 0.4375 0 -0.3125 0.15625 0 -0.34375 0.1875 0 -0.3125 -0.03125 0 -0.34375 -0.0625 0 -0.3125 -0.09375 0 -0.3125 0.03125 0 -0.34375 0.0625 0 -0.3125 0.09375 0 -0.03125 0.3125 0 -0.0625 0.34375 0 -0.09375 0.3125 0 0.03125 0.3125 0 0.0625 0.28125 0 0.0625 0.34375 0 0.09375 0.3125 0 -0.3125 -0.15625 0 -0.28125 -0.1875 0 -0.34375 -0.1875 0 0.5 0.375 0 0 -0.375 0 0.5 0.125 0 -0.1875 -0.3125 0 -0.1875 -0.25 0 -0.25 0.21875 0 -0.21875 0.25 0 -0.28125 0.25 0 -0.25 0.28125 0 0.25 0.1875 0 0.21875 0.28125 0 0.3125 0.25 0 0.21875 0.21875 0 0.28125 0.28125 0 -0.0625 -0.1875 0 -0.0625 -0.3125 0 -0.25 0.4375 0 0.4375 0.3125 0 0.4375 0.1875 0 0.3125 0.375 0 0.375 0.3125 0 -0.390625 0.109375 0 -0.359375 0.140625 0 -0.359375 0.109375 0 0.3125 0.125 0 0.375 0.1875 0 -0.109375 0.390625 0 -0.140625 0.359375 0 -0.109375 0.359375 0 -0.140625 0.390625 0 0.09375 0.375 0 0.125 0.34375 0 0.125 0.40625 0 0.15625 0.375 0 -0.390625 -0.015625 0 -0.390625 0.015625 0 -0.359375 -0.015625 0 -0.359375 0.015625 0 -0.015625 0.390625 0 -0.015625 0.359375 0 0.015625 0.359375 0 0.015625 0.390625 0 -0.28125 0.125 0 -0.15625 0.25 0 -0.125 0.28125 0 -0.375 0.21875 0 -0.28125 0.34375 0 -0.21875 0.40625 0 -0.25 0.34375 0 -0.21875 0.375 0 0.15625 0.21875 0 0.15625 0.25 0 0.140625 0.265625 0 -0.4375 -0.03125 0 -0.40625 -0.0625 0 0.0625 0.40625 0 -0.21875 0.1875 0 -0.1875 0.21875 0 -0.3125 0.28125 0 -0.28125 0.3125 0 -0.28125 0.1875 0 -0.3125 0.21875 0 -0.328125 0.171875 0 -0.296875 0.171875 0 -0.328125 0.203125 0 -0.1875 0.28125 0 -0.21875 0.3125 0 -0.15625 0.3125 0 -0.1875 0.34375 0 -0.0625 0.28125 0 -0.078125 0.328125 0 -0.078125 0.296875 0 0.078125 0.328125 0 -0.1875 0.40625 0 -0.421875 -0.015625 0 0.21875 0.34375 0 0.21875 0.40625 0 0.28125 0.34375 0 0.28125 0.40625 0 0.15625 0.3125 0 0.1875 0.28125 0 0.1875 0.34375 0 -0.328125 -0.015625 0 -0.328125 0.015625 0 0.015625 0.328125 0 0.15625 0.4375 0 0.1875 0.40625 0 -0.390625 -0.046875 0 -0.359375 -0.046875 0 -0.390625 0.078125 0 -0.359375 0.078125 0 -0.390625 0.046875 0 -0.359375 0.046875 0 -0.328125 0.140625 0 -0.328125 0.109375 0 -0.296875 0.140625 0 -0.359375 0.203125 0 -0.078125 0.359375 0 -0.140625 0.328125 0 -0.109375 0.328125 0 -0.109375 0.296875 0 -0.171875 0.359375 0 -0.171875 0.390625 0 0.046875 0.359375 0 0.078125 0.359375 0 0.046875 0.390625 0 0.109375 0.296875 0 0.109375 0.328125 0 0.140625 0.296875 0 -0.375 -0.5 0 -0.125 -0.5 0 -0.0625 -0.4375 0 0.4375 0.0625 0 -0.21875 -0.21875 0 -0.25 -0.21875 0 -0.25 -0.3125 0 -0.28125 -0.28125 0 -0.28125 -0.25 0 -0.21875 -0.28125 0 -0.234375 0.234375 0 -0.265625 0.265625 0 -0.265625 0.234375 0 -0.234375 0.265625 0 0.28125 0.21875 0 0.21875 0.25 0 0.25 0.28125 0 0.25 0.21875 0 0.28125 0.25 0 0 -0.1875 0 -0.0625 -0.25 0 0 -0.3125 0 0.25 0.0625 0 0.3125 0 0 -0.3125 -0.4375 0 -0.1875 -0.4375 0 0.4375 0.25 0 -0.0625 -0.125 0 -0.125 -0.1875 0 -0.15625 -0.15625 0 0.1875 0.125 0 -0.375 -0.3125 0 -0.3125 -0.375 0 -0.34375 0.34375 0 -0.125 -0.3125 0 -0.1875 -0.375 0 -0.0625 -0.375 0 -0.40625 -0.125 0 -0.390625 -0.109375 0 -0.359375 -0.109375 0 -0.359375 -0.140625 0 -0.390625 -0.140625 0 0.375 0.0625 0 0.34375 0.15625 0 0.34375 0.09375 0 0.4375 0.125 0 0.40625 0.15625 0 -0.109375 0.375 0 -0.125 0.359375 0 0 0.390625 0 0 0.359375 0 -0.015625 0.375 0 -0.15625 -0.21875 0 -0.15625 -0.28125 0 -0.265625 -0.140625 0 -0.375 -0.21875 0 -0.34375 -0.28125 0 -0.34375 -0.25 0 -0.40625 -0.28125 0 -0.40625 -0.25 0 -0.25 0.15625 0 -0.34375 0.25 0 -0.359375 0.234375 0 -0.28125 0.40625 0 -0.28125 0.375 0 -0.234375 0.359375 0 -0.265625 0.359375 0 0.21875 0.15625 0 0.28125 0.15625 0 0.28125 0.09375 0 -0.34375 0.3125 0 -0.3125 0.34375 0 -0.296875 0.296875 0 -0.328125 0.296875 0 -0.296875 0.328125 0 -0.296875 0.203125 0 -0.3125 0.171875 0 -0.328125 0.1875 0 -0.296875 0.1875 0 -0.3125 0.203125 0 -0.203125 0.296875 0 -0.171875 0.328125 0 -0.171875 0.296875 0 -0.203125 0.328125 0 -0.328125 -0.078125 0 -0.046875 0.328125 0 -0.0625 0.328125 0 -0.015625 0.421875 0 -0.328125 -0.171875 0 -0.296875 -0.171875 0 -0.3125 -0.21875 0 -0.296875 -0.203125 0 -0.328125 -0.203125 0 -0.234375 0.203125 0 -0.265625 0.203125 0 -0.265625 0.171875 0 -0.203125 0.234375 0 -0.203125 0.265625 0 -0.171875 0.265625 0 -0.296875 0.265625 0 -0.296875 0.234375 0 -0.328125 0.265625 0 -0.328125 0.234375 0 -0.265625 0.296875 0 -0.234375 0.296875 0 -0.234375 0.328125 0 -0.265625 0.328125 0 0.25 0.34375 0 0.21875 0.375 0 0.21875 0.3125 0 0.171875 0.296875 0 0.203125 0.296875 0 0.203125 0.328125 0 -0.015625 0.328125 0 -0.40625 -0.1875 0 -0.390625 -0.078125 0 -0.359375 -0.078125 0 -0.359375 -0.0625 0 -0.328125 -0.109375 0 -0.328125 -0.140625 0 -0.296875 -0.109375 0 -0.296875 -0.140625 0 -0.359375 0.171875 0 -0.078125 0.390625 0 -0.046875 0.390625 0 -0.046875 0.359375 0 -0.078125 0.375 0 -0.0625 0.359375 0 -0.140625 0.296875 0 -0.140625 0.3125 0 -0.203125 0.359375 0 -0.1875 0.359375 0 -0.21875 -0.1875 0 -0.1875 -0.15625 0 -0.265625 -0.171875 0 -0.265625 -0.203125 0 -0.234375 -0.171875 0 -0.359375 -0.171875 0 -0.390625 -0.171875 0 -0.359375 -0.203125 0 -0.34375 0.171875 0 -0.140625 0.34375 0 -0.15625 0.359375 0 -0.15625 0.328125 0 -0.171875 0.34375 0 -0.09375 0.359375 0 -0.109375 0.34375 0 -0.078125 0.34375 0 -0.015625 0.40625 0 -0.03125 0.390625 0 -0.015625 0.34375 0 -0.03125 0.359375 0 -0.28125 0.171875 0 -0.34375 0.203125 0 -0.359375 0.21875 0 -0.328125 0.21875 0 0.34375 0.28125 0 0.34375 0.21875 0 0.40625 0.21875 0 0.1875 0.21875 0 0.21875 0.1875 0 0.28125 0.3125 0 0.3125 0.28125 0 0.171875 0.265625 0 0.203125 0.265625 0 0.203125 0.359375 0 0 -0.0625 0 0 -0.4375 0 -0.21875 -0.25 0 -0.25 -0.28125 0 -0.25 0.234375 0 -0.234375 0.25 0 -0.265625 0.25 0 -0.25 0.265625 0 0.265625 0.265625 0 0.265625 0.234375 0 -0.03125 -0.21875 0 -0.25 -0.4375 0 -0.15625 -0.34375 0 -0.09375 -0.34375 0 -0.125 -0.4375 0 -0.09375 -0.40625 0 -0.15625 -0.40625 0 -0.390625 0.140625 0 -0.375 0.109375 0 -0.390625 0.125 0 -0.359375 0.125 0 -0.375 0.140625 0 0.109375 0.390625 0 0.109375 0.359375 0 0.140625 0.359375 0 0.140625 0.390625 0 -0.03125 -0.09375 0 -0.03125 -0.15625 0 -0.390625 0 0 -0.359375 0 0 -0.375 -0.015625 0 -0.375 0.015625 0 -0.15625 -0.25 0 -0.09375 -0.28125 0 -0.125 -0.28125 0 -0.421875 -0.046875 0 -0.4375 0.03125 0 -0.4375 0.09375 0 -0.421875 0.078125 0 -0.421875 0.046875 0 0.03125 0.4375 0 0.09375 0.4375 0 0.078125 0.421875 0 0.046875 0.421875 0 -0.3125 0.296875 0 -0.296875 0.3125 0 -0.3046875 0.1953125 0 -0.1875 0.296875 0 -0.203125 0.3125 0 -0.328125 -0.046875 0 -0.328125 0.078125 0 -0.328125 0.046875 0 0.046875 0.328125 0 0.078125 0.296875 0 0.0625 0.328125 0 0.078125 0.3125 0 -0.421875 0.015625 0 -0.421875 0 0 -0.203125 0.25 0 -0.296875 0.25 0 -0.3125 0.265625 0 -0.3125 0.234375 0 -0.328125 0.25 0 -0.25 0.296875 0 -0.25 0.328125 0 -0.265625 0.3125 0 -0.234375 0.3125 0 0.234375 0.359375 0 0.171875 0.328125 0 0.171875 0.3125 0 0.1875 0.296875 0 0.1875 0.328125 0 0.203125 0.3125 0 -0.328125 0 0 -0.375 -0.078125 0 -0.375 -0.046875 0 -0.390625 -0.0625 0 -0.3671875 -0.0546875 0 -0.3671875 -0.0703125 0 -0.375 0.078125 0 -0.375 0.046875 0 -0.390625 0.0625 0 -0.359375 0.0625 0 -0.296875 0.109375 0 -0.328125 0.125 0 -0.3125 0.140625 0 -0.3125 0.109375 0 -0.359375 0.1875 0 0.078125 0.390625 0 0.046875 0.375 0 0.0625 0.359375 0 0.078125 0.375 0 0.0625 0.390625 0 0.140625 0.328125 0 0.125 0.296875 0 0.109375 0.3125 0 0.125 0.328125 0 0.140625 0.3125 0 0.109375 0.421875 0 0.140625 0.421875 0 -0.234375 0.21875 0 -0.21875 0.234375 0 -0.28125 0.265625 0 -0.265625 0.28125 0 -0.296875 0.28125 0 -0.28125 0.296875 0 -0.265625 0.21875 0 -0.28125 0.234375 0 -0.28125 0.203125 0 -0.296875 0.21875 0 -0.21875 0.265625 0 -0.234375 0.28125 0 -0.203125 0.28125 0 -0.21875 0.296875 0 -0.390625 0.09375 0 -0.40625 0.078125 0 -0.34375 0.140625 0 -0.359375 0.15625 0 -0.328125 0.15625 0 -0.3515625 0.1640625 0 -0.359375 0.09375 0 -0.34375 0.109375 0 -0.34375 0.078125 0 -0.328125 0.09375 0 -0.40625 -0.015625 0 -0.390625 -0.03125 0 -0.40625 -0.046875 0 -0.40625 0.015625 0 -0.390625 0.03125 0 -0.40625 0.046875 0 -0.34375 -0.015625 0 -0.359375 -0.03125 0 -0.34375 -0.046875 0 -0.34375 0.015625 0 -0.359375 0.03125 0 -0.328125 0.03125 0 -0.34375 0.046875 0 0.03125 0.359375 0 0.046875 0.34375 0 -0.234375 0.34375 0 -0.21875 0.328125 0 0.09375 0.296875 0 -0.28125 -0.34375 0 -0.21875 -0.34375 0 -0.21875 -0.40625 0 -0.28125 -0.3125 0 0.34375 0.25 0 0.28125 0.1875 0 0.3125 0.21875 0 0.234375 0.296875 0 0.234375 0.328125 0 0.078125 0.34375 0 0.09375 0.328125 0 0.09375 0.359375 0 0.109375 0.34375 0 0.171875 0.359375 0 0.171875 0.390625 0 0.203125 0.390625 0 0.1875 0.359375 0 0.203125 0.375 0 0.03125 0.390625 0 0.046875 0.40625 0 0.140625 0.28125 0 0.15625 0.296875 0 0.171875 0.28125 0 -0.3515625 0.1796875 0 -0.3515625 -0.0546875 0 -0.03125 -0.40625 0 -0.1875 -0.28125 0 -0.21875 -0.3125 0 -0.15625 -0.3125 0 0.265625 0.203125 0 0.203125 0.28125 0 0.21875 0.296875 0 0.296875 0.265625 0 0.296875 0.234375 0 0.328125 0.265625 0 -0.3046875 0.2109375 0 -0.3203125 0.2265625 0 0.203125 0.34375 0 0.21875 0.359375 0 0.21875 0.328125 0 -0.0625 0 0 0.0625 0 0 0 0.0625 0 -0.03125 -0.03125 0 0.625 0 0 0.5625 0.0625 0 0.4375 0 0 0.5 0.0625 0 -0.25 -0.625 0 -0.625 -0.25 0 -0.265625 -0.234375 0 -0.234375 -0.234375 0 -0.265625 -0.265625 0 -0.234375 -0.265625 0 0.234375 0.265625 0 0.234375 0.234375 0 0.25 0.265625 0 0.25 0.234375 0 0.265625 0.25 0 0.625 0.25 0 -0.21875 0 0 0.1875 0 0 0.21875 0.03125 0 0.28125 0.03125 0 -0.03125 0.21875 0 -0.1875 -0.5625 0 -0.1875 -0.5 0 -0.5625 -0.1875 0 -0.5 -0.1875 0 0.5625 0.1875 0 0.5 0.1875 0 0.46875 0.21875 0 -0.125 -0.0625 0 -0.09375 -0.09375 0 -0.15625 -0.09375 0 -0.15625 -0.125 0 -0.09375 -0.15625 0 -0.125 -0.15625 0 -0.0625 0.125 0 -0.09375 0.09375 0 -0.15625 0.15625 0 -0.15625 0.09375 0 -0.09375 0.15625 0 0.0625 0.125 0 0.09375 0.09375 0 0.15625 0.09375 0 -0.34375 -0.34375 0 -0.125 -0.34375 0 -0.15625 -0.375 0 -0.09375 -0.375 0 -0.125 -0.40625 0 -0.375 -0.109375 0 -0.359375 -0.125 0 -0.375 -0.140625 0 -0.390625 -0.125 0 0.34375 0.125 0 0.375 0.15625 0 0.40625 0.09375 0 0.375 0.09375 0 0.40625 0.125 0 0.125 0.359375 0 0.125 0.390625 0 0.140625 0.375 0 0 -0.15625 0 -0.03125 -0.125 0 0 -0.09375 0 -0.09375 0.03125 0 -0.15625 -0.03125 0 -0.15625 0.03125 0 0.09375 0.03125 0 0.15625 0.03125 0 -0.03125 0.15625 0 0.03125 0.15625 0 -0.3828125 -0.0078125 0 -0.3828125 0.0078125 0 -0.3671875 -0.0078125 0 -0.3671875 0.0078125 0 -0.46875 -0.09375 0 -0.46875 -0.15625 0 0.015625 0.375 0 -0.0078125 0.3828125 0 -0.0078125 0.3671875 0 0.0078125 0.3828125 0 -0.359375 -0.234375 0 -0.375 -0.28125 0 -0.359375 -0.265625 0 0.21875 0.09375 0 0.25 0.15625 0 0.28125 0.125 0 0.25 0.09375 0 -0.0625 -0.09375 0 -0.03125 -0.0625 0 -0.4375 -0.09375 0 -0.046875 0.421875 0 -0.171875 0.3125 0 -0.1875 0.328125 0 -0.1875 -0.03125 0 -0.21875 -0.0625 0 -0.1875 -0.09375 0 -0.1875 0.03125 0 -0.21875 0.0625 0 -0.1875 0.09375 0 0.03125 0.1875 0 -0.3125 -0.171875 0 -0.296875 -0.1875 0 -0.328125 -0.1875 0 -0.3125 -0.203125 0 0.1796875 0.3203125 0 -0.4375 -0.15625 0 -0.421875 -0.109375 0 -0.421875 -0.140625 0 -0.328125 -0.125 0 -0.296875 -0.125 0 -0.3125 -0.109375 0 -0.3125 -0.140625 0 -0.046875 0.375 0 -0.0625 0.390625 0 -0.0703125 0.3671875 0 -0.0703125 0.3828125 0 -0.125 0.328125 0 0.1171875 0.3203125 0 0.1328125 0.3203125 0 -0.15625 -0.1875 0 -0.265625 -0.1875 0 -0.234375 -0.203125 0 -0.25 -0.203125 0 -0.375 -0.171875 0 -0.390625 -0.203125 0 -0.359375 -0.1875 0 -0.375 -0.203125 0 -0.390625 -0.09375 0 -0.40625 -0.109375 0 -0.359375 -0.09375 0 -0.34375 -0.109375 0 -0.34375 -0.078125 0 -0.328125 -0.09375 0 -0.34375 -0.140625 0 -0.359375 -0.15625 0 -0.328125 -0.15625 0 -0.34375 -0.171875 0 -0.09375 0.390625 0 -0.1484375 0.3515625 0 -0.1484375 0.3359375 0 -0.1640625 0.3359375 0 -0.046875 0.40625 0 -0.0234375 0.3984375 0 -0.0390625 0.3984375 0 -0.046875 0.34375 0 -0.0234375 0.3515625 0 -0.0390625 0.3515625 0 -0.28125 -0.140625 0 -0.296875 -0.15625 0 -0.28125 -0.171875 0 0.34375 0.03125 0 0.40625 0.03125 0 -0.25 -0.34375 0 -0.21875 -0.375 0 -0.3125 -0.28125 0 -0.296875 -0.296875 0 -0.3125 -0.34375 0 -0.296875 -0.328125 0 -0.296875 -0.234375 0 -0.328125 -0.234375 0 -0.296875 -0.265625 0 -0.328125 -0.265625 0 -0.28125 -0.203125 0 -0.265625 -0.21875 0 -0.296875 -0.21875 0 0.40625 0.28125 0 0.375 0.28125 0 0.375 0.21875 0 0.40625 0.25 0 0.359375 0.265625 0 0.359375 0.234375 0 0.296875 0.296875 0 0.3125 0.15625 0 0.34375 0.1875 0 0.296875 0.203125 0 0.296875 0.171875 0 0.328125 0.203125 0 0.265625 0.296875 0 0.265625 0.328125 0 0.25 0.296875 0 0.234375 0.3125 0 0.3125 0.09375 0 0.28125 0.0625 0 0.34375 0.0625 0 -0.390625 -0.15625 0 -0.40625 -0.140625 0 -0.3671875 -0.0859375 0 -0.0859375 0.3671875 0 -0.0859375 0.3828125 0 -0.1328125 0.3515625 0 -0.1328125 0.3359375 0 0.1015625 0.3359375 0 0.1015625 0.3515625 0 0.171875 0.375 0 0.1796875 0.3671875 0 0.140625 0.34375 0 0.15625 0.359375 0 0.15625 0.328125 0 0.171875 0.34375 0 0.15625 0.390625 0 -0.3828125 0.0234375 0 -0.3671875 0.0234375 0 -0.3671875 0.0390625 0 -0.0078125 0.3984375 0 -0.0234375 0.3828125 0 -0.0234375 0.3671875 0 -0.0390625 0.3828125 0 -0.0390625 0.3671875 0 -0.34375 -0.203125 0 -0.359375 -0.21875 0 -0.328125 -0.21875 0 0.46875 0.15625 0 0.46875 0.09375 0 -0.203125 -0.296875 0 -0.1875 -0.34375 0 -0.171875 -0.296875 0 -0.171875 -0.328125 0 -0.203125 -0.328125 0 -0.203125 -0.265625 0 -0.171875 -0.265625 0 0.234375 0.203125 0 0.25 0.203125 0 0.265625 0.171875 0 0.265625 0.1875 0 0.234375 0.28125 0 0.2109375 0.2890625 0 0.2265625 0.2890625 0 0.296875 0.25 0 0.328125 0.234375 0 0.3125 0.265625 0 0.328125 0.25 0 0.3125 0.234375 0 0.265625 0.28125 0 0.28125 0.265625 0 0.296875 0.28125 0 -0.0625 -0.15625 0 0.40625 0.1875 0 0.4375 0.21875 0 0.4375 0.15625 0 0.1171875 0.3359375 0 0.1171875 0.3515625 0 0.1328125 0.3359375 0 -0.1484375 0.3203125 0 -0.1640625 0.3203125 0 -0.1796875 0.3359375 0 0.1640625 0.3046875 0 0.1640625 0.3203125 0 0.1484375 0.3203125 0 0.1953125 0.3359375 0 0.1796875 0.3359375 0 0.1796875 0.3515625 0 -0.15625 -0.46875 0 -0.265625 -0.296875 0 -0.234375 -0.296875 0 -0.265625 -0.328125 0 -0.234375 -0.328125 0 0.265625 0.21875 0 0.28125 0.234375 0 0.28125 0.203125 0 0.296875 0.21875 0 -0.1875 -0.40625 0 -0.15625 -0.4375 0 -0.140625 -0.296875 0 -0.140625 -0.328125 0 0.2109375 0.3046875 0 0.2265625 0.3046875 0 -0.3671875 -0.078125 0 0 -0.03125 0 -0.25 -0.234375 0 -0.265625 -0.25 0 -0.234375 -0.25 0 -0.25 -0.265625 0 -0.2421875 0.2421875 0 -0.2578125 0.2578125 0 -0.2578125 0.2421875 0 -0.2421875 0.2578125 0 -0.03125 -0.28125 0 -0.140625 -0.359375 0 -0.109375 -0.359375 0 -0.3671875 -0.1171875 0 -0.3671875 -0.1328125 0 -0.3828125 0.1171875 0 -0.3671875 0.1328125 0 -0.3671875 0.1171875 0 -0.3828125 0.1328125 0 0.359375 0.140625 0 0.359375 0.109375 0 0.390625 0.140625 0 0.390625 0.109375 0 -0.125 0.390625 0 -0.140625 0.375 0 -0.1171875 0.3828125 0 -0.1328125 0.3671875 0 -0.1171875 0.3671875 0 -0.3203125 0.1796875 0 -0.3046875 0.1796875 0 -0.3203125 0.1953125 0 -0.3046875 0.1875 0 -0.3125 0.1953125 0 -0.1953125 0.3046875 0 -0.1953125 0.3203125 0 -0.28125 0.0625 0 -0.296875 0.078125 0 -0.328125 0.0625 0 -0.3125 0.078125 0 -0.40625 0.1875 0 -0.3046875 -0.1953125 0 -0.3203125 -0.1953125 0 -0.25 0.203125 0 -0.3046875 0.2578125 0 -0.3046875 0.2421875 0 -0.3203125 0.2578125 0 -0.3203125 0.2421875 0 -0.2578125 0.3046875 0 -0.2421875 0.3046875 0 -0.2421875 0.3203125 0 -0.2578125 0.3203125 0 -0.3828125 -0.0546875 0 -0.3671875 -0.0625 0 -0.375 -0.0546875 0 -0.3828125 0.0703125 0 -0.3671875 0.0703125 0 -0.3828125 0.0546875 0 -0.3671875 0.0546875 0 -0.421875 0.109375 0 -0.3203125 0.1328125 0 -0.3203125 0.1171875 0 -0.390625 0.171875 0 -0.375 0.171875 0 -0.3671875 0.1796875 0 0.0546875 0.3671875 0 0.0703125 0.3671875 0 0.0546875 0.3828125 0 0.0703125 0.3828125 0 -0.1875 -0.21875 0 -0.2734375 0.2734375 0 -0.2890625 0.2890625 0 -0.2890625 0.2734375 0 -0.2734375 0.2890625 0 -0.2734375 0.2265625 0 -0.2890625 0.2109375 0 -0.2734375 0.2109375 0 -0.2890625 0.2265625 0 -0.2265625 0.2734375 0 -0.2109375 0.2890625 0 -0.2109375 0.2734375 0 -0.2265625 0.2890625 0 -0.3515625 -0.1484375 0 -0.3359375 -0.1484375 0 -0.40625 0.109375 0 -0.3984375 0.1015625 0 -0.3984375 0.0859375 0 -0.3515625 0.1484375 0 -0.3359375 0.1640625 0 -0.3359375 0.1484375 0 -0.34375 0.1640625 0 -0.3515625 0.15625 0 -0.3515625 0.1015625 0 -0.3515625 0.0859375 0 -0.3359375 0.1015625 0 -0.3359375 0.0859375 0 -0.390625 0.15625 0 -0.09375 0.328125 0 -0.1015625 0.3515625 0 -0.0859375 0.3359375 0 -0.0859375 0.3515625 0 -0.1015625 0.3359375 0 -0.3515625 -0.0390625 0 -0.3515625 0.0390625 0 0.015625 0.34375 0 0.0234375 0.3515625 0 0.0390625 0.3515625 0 -0.296875 0.15625 0 -0.34375 0.234375 0 -0.3359375 0.2265625 0 -0.203125 0.34375 0 -0.2109375 0.3359375 0 -0.2265625 0.3359375 0 -0.28125 -0.40625 0 -0.28125 -0.375 0 -0.265625 -0.359375 0 -0.234375 -0.359375 0 -0.34375 -0.3125 0 -0.328125 -0.296875 0 -0.296875 -0.3125 0 -0.3125 -0.296875 0 -0.296875 -0.25 0 -0.328125 -0.25 0 -0.3125 -0.234375 0 -0.3125 -0.265625 0 -0.28125 -0.234375 0 -0.2890625 -0.2109375 0 -0.2734375 -0.2109375 0 -0.2734375 -0.2265625 0 -0.2890625 -0.2265625 0 0.328125 0.171875 0 0.296875 0.1875 0 0.3125 0.203125 0 0.3125 0.171875 0 0.328125 0.1875 0 0.328125 0.078125 0 -0.3515625 -0.1171875 0 -0.3515625 -0.1328125 0 -0.3359375 -0.1328125 0 -0.3828125 0.1015625 0 -0.3671875 0.1015625 0 -0.3828125 0.0859375 0 -0.3671875 0.0859375 0 -0.3515625 0.1328125 0 -0.3515625 0.1171875 0 -0.3359375 0.1328125 0 -0.3359375 0.1171875 0 -0.3671875 0.1484375 0 -0.3671875 0.1640625 0 -0.3828125 0.1484375 0 -0.1015625 0.3828125 0 -0.1015625 0.3671875 0 -0.0859375 0.375 0 -0.09375 0.3671875 0 -0.09375 0.3828125 0 -0.1171875 0.3515625 0 -0.1171875 0.3359375 0 -0.125 0.3515625 0 -0.1328125 0.34375 0 -0.125 0.3359375 0 0.09375 0.390625 0 0.078125 0.40625 0 -0.3828125 -0.0234375 0 -0.3828125 -0.0390625 0 -0.3671875 -0.0390625 0 -0.3828125 0.0390625 0 -0.375 0.0390625 0 -0.3671875 0.03125 0 0.0234375 0.3671875 0 0.0390625 0.3671875 0 0.0390625 0.3828125 0 -0.34375 -0.234375 0 -0.3359375 -0.2265625 0 -0.3984375 0.0703125 0 -0.3984375 0.0546875 0 -0.3203125 0.1640625 0 -0.3046875 0.1640625 0 -0.3203125 0.1484375 0 -0.3046875 0.1484375 0 -0.3359375 0.1796875 0 -0.3359375 0.1953125 0 -0.3515625 0.1953125 0 -0.34375 0.1796875 0 -0.3515625 0.1875 0 -0.3515625 0.0703125 0 -0.3515625 0.0546875 0 -0.3359375 0.0703125 0 -0.3203125 0.1015625 0 -0.3203125 0.0859375 0 0.0546875 0.3515625 0 0.0703125 0.3515625 0 -0.2890625 -0.1953125 0 -0.2734375 -0.1953125 0 -0.03125 -0.34375 0 -0.1875 -0.296875 0 -0.203125 -0.3125 0 -0.171875 -0.3125 0 -0.1875 -0.328125 0 -0.203125 -0.234375 0 -0.203125 -0.25 0 -0.1875 -0.265625 0 -0.2421875 0.2265625 0 -0.2578125 0.2265625 0 -0.2578125 0.2109375 0 -0.2265625 0.2421875 0 -0.2265625 0.2578125 0 -0.2109375 0.2578125 0 -0.2734375 0.2578125 0 -0.2734375 0.2421875 0 -0.2890625 0.2578125 0 -0.2890625 0.2421875 0 -0.2578125 0.2734375 0 -0.2421875 0.2734375 0 -0.2578125 0.2890625 0 -0.2421875 0.2890625 0 -0.09375 -0.3125 0 0.328125 0.140625 0 0.328125 0.109375 0 0.296875 0.140625 0 0.296875 0.109375 0 0.359375 0.171875 0 0.390625 0.171875 0 0.359375 0.203125 0 -0.1328125 0.359375 0 -0.140625 0.3515625 0 0.0859375 0.3671875 0 0.0859375 0.3828125 0 0.0703125 0.3984375 0 -0.3046875 0.2890625 0 -0.3046875 0.2734375 0 -0.2890625 0.3046875 0 -0.2734375 0.3046875 0 -0.2890625 0.1953125 0 -0.3203125 0.2109375 0 -0.3125 0.2109375 0 -0.3046875 0.2265625 0 -0.3203125 0.21875 0 -0.3125 0.2265625 0 -0.3046875 0.21875 0 -0.1953125 0.2890625 0 -0.2109375 0.3046875 0 -0.2109375 0.3203125 0 -0.2265625 0.3046875 0 -0.2265625 0.3203125 0 -0.1953125 0.3359375 0 -0.1875 0.3359375 0 -0.359375 -0.0546875 0 -0.3671875 -0.046875 0 -0.3515625 -0.046875 0 -0.3671875 0.046875 0 -0.359375 0.0390625 0 -0.078125 0.3671875 0 -0.0859375 0.359375 0 0.40625 0.0625 0 -0.234375 -0.21875 0 -0.21875 -0.234375 0 -0.2578125 -0.2109375 0 -0.2578125 -0.2265625 0 -0.25 -0.296875 0 -0.265625 -0.3125 0 -0.234375 -0.3125 0 -0.25 -0.328125 0 -0.28125 -0.265625 0 -0.265625 -0.28125 0 -0.28125 -0.296875 0 -0.296875 -0.28125 0 -0.21875 -0.265625 0 -0.234375 -0.28125 0 -0.203125 -0.28125 0 -0.21875 -0.296875 0 -0.109375 -0.328125 0 -0.125 -0.328125 0 -0.203125 -0.359375 0 0.359375 0.078125 0 0.390625 0.078125 0 -0.171875 -0.28125 0 -0.34375 -0.265625 0 -0.328125 -0.28125 0 0.28125 0.171875 0 0.296875 0.15625 0 -0.296875 0.1953125 0 -0.3046875 0.203125 0 -0.296875 0.2109375 0 -0.3046875 -0.2109375 0 -0.3203125 -0.2109375 0 -0.3046875 -0.2265625 0 -0.3203125 -0.2265625 0 -0.328125 0.2265625 0 -0.3203125 0.234375 0 -0.3515625 0.171875 0 -0.359375 0.1796875 0 -0.359375 0.1640625 0 0.328125 0.21875 0 0.34375 0.203125 0 -0.015625 -0.078125 0 -0.015625 -0.046875 0 -0.140625 -0.34375 0 -0.28125 -0.328125 0 -0.265625 -0.34375 0 -0.21875 -0.328125 0 -0.234375 -0.34375 0 -0.203125 -0.34375 0 0.3046875 0.2109375 0 -0.03125 0.03125 0 0.03125 0.03125 0 -0.03125 0 0 -0.015625 -0.015625 0 0 -0.625 0 -0.0625 -0.5625 0 -0.0625 -0.5 0 -0.03125 -0.46875 0 -0.2578125 -0.2421875 0 -0.2578125 -0.2578125 0 -0.2421875 -0.2578125 0 0.234375 0.25 0 0.2578125 0.2578125 0 0.2578125 0.2421875 0 0.2421875 0.2578125 0 0.2421875 0.2421875 0 0 -0.21875 0 -0.03125 -0.25 0 0 -0.28125 0 -0.09375 -0.125 0 -0.125 0.09375 0 -0.09375 0.125 0 0.09375 0.15625 0 0.125 0.09375 0 0.09375 0.125 0 -0.109375 -0.390625 0 -0.140625 -0.390625 0 -0.125 -0.359375 0 -0.140625 -0.375 0 -0.109375 -0.375 0 -0.3828125 -0.1171875 0 -0.375 -0.1171875 0 -0.3671875 -0.125 0 0.359375 0.125 0 0.375 0.140625 0 0.109375 0.375 0 0.1171875 0.3828125 0 0.1171875 0.3671875 0 0.1328125 0.3671875 0 0.1328125 0.3828125 0 -0.015625 -0.140625 0 -0.09375 -0.03125 0 -0.15625 0 0 -0.125 0.03125 0 -0.09375 0 0 -0.125 -0.03125 0 0.125 0.03125 0 0.09375 0 0 -0.03125 0.09375 0 0.03125 0.09375 0 0 0.15625 0 -0.03125 0.125 0 0.03125 0.125 0 -0.3828125 0 0 -0.3671875 0 0 -0.375 -0.0078125 0 -0.375 0.0078125 0 0.0078125 0.3671875 0 0 0.3828125 0 0 0.3671875 0 -0.0078125 0.375 0 0.0078125 0.375 0 -0.09375 -0.21875 0 -0.09375 -0.25 0 -0.140625 -0.265625 0 -0.109375 -0.265625 0 -0.046875 -0.078125 0 -0.0625 -0.03125 0 -0.046875 -0.046875 0 -0.09375 -0.0625 0 -0.078125 -0.078125 0 -0.09375 0.0625 0 -0.0625 0.03125 0 -0.0625 0.09375 0 0.09375 0.0625 0 0.0625 0.03125 0 0.0625 0.09375 0 -0.421875 -0.078125 0 -0.078125 0.421875 0 -0.1796875 0.3203125 0 -0.1796875 0.3046875 0 -0.1875 0.3046875 0 -0.1953125 0.3125 0 -0.1875 0.3203125 0 -0.15625 0.0625 0 -0.28125 -0.0625 0 -0.296875 -0.078125 0 -0.328125 -0.0625 0 -0.3125 -0.078125 0 -0.0625 0.15625 0 0.0625 0.15625 0 0.015625 0.421875 0 -0.3203125 -0.1796875 0 -0.3046875 -0.1796875 0 -0.3046875 -0.1875 0 -0.3203125 -0.1875 0 -0.3125 -0.1953125 0 0.1796875 0.3046875 0 0.1953125 0.3203125 0 0.1796875 0.3125 0 0.1875 0.3203125 0 -0.3828125 -0.0703125 0 -0.375 -0.0703125 0 -0.3828125 -0.0625 0 -0.37109375 -0.05859375 0 -0.37109375 -0.06640625 0 -0.37890625 -0.05859375 0 -0.3203125 -0.1328125 0 -0.0546875 0.3828125 0 -0.0546875 0.3671875 0 -0.0703125 0.375 0 -0.0625 0.3671875 0 -0.0625 0.3828125 0 -0.171875 0.375 0 -0.1796875 0.3671875 0 0.0703125 0.375 0 -0.3671875 -0.1796875 0 -0.40625 -0.078125 0 -0.3984375 -0.1015625 0 -0.3984375 -0.0859375 0 -0.3515625 -0.1015625 0 -0.3359375 -0.0859375 0 -0.3515625 -0.0859375 0 -0.3359375 -0.1015625 0 -0.3359375 -0.1640625 0 -0.3515625 -0.1640625 0 -0.34375 -0.1484375 0 -0.3515625 -0.15625 0 -0.3359375 -0.15625 0 -0.078125 0.40625 0 -0.1640625 0.3515625 0 -0.1484375 0.34375 0 -0.15625 0.3515625 0 -0.15625 0.3359375 0 -0.1640625 0.34375 0 -0.3984375 -0.0234375 0 -0.3984375 -0.0390625 0 -0.3515625 -0.0234375 0 -0.03125 0.328125 0 -0.0390625 0.3359375 0 -0.03125 0.3515625 0 -0.0390625 0.34375 0 0.03125 0.328125 0 0.0234375 0.3359375 0 0.03125 0.3515625 0 0.0234375 0.34375 0 -0.15625 0.296875 0 -0.3046875 -0.2578125 0 0.3203125 0.1796875 0 0.265625 0.3125 0 0.2421875 0.3046875 0 0.2578125 0.3046875 0 -0.3828125 -0.1015625 0 -0.3671875 -0.1015625 0 -0.3828125 -0.0859375 0 -0.375 -0.0859375 0 -0.3671875 -0.09375 0 -0.3359375 -0.1171875 0 -0.3515625 -0.125 0 -0.3359375 -0.125 0 -0.34375 -0.1171875 0 -0.34375 -0.1328125 0 -0.3671875 -0.1484375 0 -0.1484375 0.3671875 0 -0.1640625 0.3671875 0 0.109375 0.40625 0 0.1015625 0.3984375 0 0.0859375 0.3984375 0 0.0859375 0.3515625 0 0.09375 0.3515625 0 0.1015625 0.34375 0 0.1484375 0.3515625 0 0.1640625 0.3359375 0 0.1484375 0.3359375 0 0.1640625 0.3515625 0 0.140625 0.40625 0 -0.3984375 -0.0078125 0 -0.3515625 -0.0078125 0 -0.3515625 0.0078125 0 -0.3359375 -0.0078125 0 -0.3671875 -0.0234375 0 -0.375 -0.0234375 0 -0.375 -0.0390625 0 -0.3828125 -0.03125 0 -0.3671875 -0.03125 0 0.015625 0.40625 0 0.0078125 0.3984375 0 0 0.3984375 0 -0.0078125 0.3515625 0 0.0078125 0.3515625 0 -0.0234375 0.375 0 -0.03125 0.3828125 0 -0.03125 0.3671875 0 -0.0390625 0.375 0 0.0234375 0.3828125 0 0.0390625 0.375 0 0.03125 0.3671875 0 0.03125 0.3828125 0 0.0234375 0.375 0 -0.0703125 0.3984375 0 -0.0546875 0.3984375 0 -0.3359375 -0.0703125 0 -0.3515625 -0.0703125 0 -0.3515625 -0.0625 0 -0.3203125 -0.0859375 0 -0.3203125 -0.1015625 0 -0.0703125 0.3515625 0 -0.0546875 0.3359375 0 -0.0546875 0.3515625 0 -0.3203125 -0.1640625 0 -0.3046875 -0.1640625 0 -0.3203125 -0.1484375 0 -0.3359375 -0.1796875 0 -0.3359375 -0.1953125 0 -0.3515625 -0.1796875 0 -0.3515625 -0.1953125 0 0 -0.34375 0 -0.03125 -0.375 0 0 -0.40625 0 -0.1796875 -0.3046875 0 -0.1796875 -0.3203125 0 -0.1953125 -0.3203125 0 0.21875 0.265625 0 0.21875 0.2890625 0 0.2265625 0.2734375 0 0.2265625 0.28125 0 0.3046875 0.2578125 0 0.3046875 0.2421875 0 0.28125 0.296875 0 0.2734375 0.2734375 0 0.2890625 0.2734375 0 0.2734375 0.2890625 0 -0.03125 -0.1875 0 -0.0625 -0.21875 0 -0.0625 -0.28125 0 -0.03125 -0.3125 0 -0.0625 -0.34375 0 -0.078125 -0.328125 0 -0.078125 -0.296875 0 0.328125 0.125 0 0.3125 0.140625 0 -0.1484375 0.359375 0 -0.14453125 0.35546875 0 -0.13671875 0.35546875 0 0.1015625 0.3828125 0 0.1015625 0.3671875 0 0.0859375 0.375 0 0.09375 0.3671875 0 0.09375 0.3828125 0 0.1328125 0.3515625 0 0.125 0.3359375 0 0.1171875 0.34375 0 0.125 0.3515625 0 0.1328125 0.34375 0 0.1171875 0.3984375 0 0.1328125 0.3984375 0 0.1484375 0.3671875 0 0.1484375 0.3828125 0 0.1640625 0.3671875 0 -0.390625 -0.0078125 0 -0.3828125 -0.015625 0 -0.390625 -0.0234375 0 -0.359375 -0.0078125 0 -0.3671875 -0.015625 0 -0.359375 0.0078125 0 -0.3671875 0.015625 0 -0.0078125 0.390625 0 -0.015625 0.3828125 0 -0.0234375 0.390625 0 -0.0078125 0.359375 0 -0.015625 0.3671875 0 -0.0234375 0.359375 0 0.0234375 0.359375 0 0.015625 0.3671875 0 0.015625 0.3515625 0 0.0078125 0.390625 0 0.015625 0.3828125 0 -0.1640625 0.3046875 0 -0.15625 0.3203125 0 -0.1640625 0.3125 0 -0.1796875 0.3515625 0 -0.1953125 0.3515625 0 -0.1796875 0.34375 0 -0.18359375 0.33984375 0 -0.1953125 0.34375 0 -0.19140625 0.33984375 0 0.1484375 0.3046875 0 0.1640625 0.3125 0 0.1484375 0.3125 0 0.15625 0.3203125 0 0.1953125 0.3515625 0 0.1875 0.3359375 0 0.1875 0.3515625 0 0.1796875 0.34375 0 -0.3828125 -0.046875 0 -0.390625 -0.0390625 0 -0.36328125 -0.05078125 0 -0.359375 -0.0390625 0 -0.36328125 -0.04296875 0 -0.0703125 0.359375 0 -0.078125 0.3515625 0 -0.07421875 0.36328125 0 -0.08203125 0.36328125 0 -0.08203125 0.35546875 0 -0.140625 0.3359375 0 -0.1484375 0.328125 0 0.0703125 0.359375 0 0.078125 0.3671875 0 0.0859375 0.359375 0 0.1171875 0.328125 0 0.109375 0.3359375 0 -0.03125 -0.4375 0 -0.2734375 -0.2734375 0 -0.2890625 -0.2734375 0 -0.2734375 -0.2890625 0 -0.2734375 -0.2421875 0 -0.2734375 -0.2578125 0 -0.2890625 -0.2421875 0 -0.2890625 -0.2578125 0 0.2734375 0.2265625 0 0.2890625 0.2265625 0 0.2578125 0.2734375 0 0.2421875 0.2890625 0 0.2421875 0.2734375 0 0.2578125 0.2890625 0 0.2734375 0.2578125 0 0.2734375 0.2421875 0 0.2890625 0.2578125 0 0.2890625 0.2421875 0 -0.015625 -0.171875 0 -0.078125 -0.109375 0 -0.109375 -0.296875 0 -0.125 -0.296875 0 -0.140625 -0.3125 0 -0.1328125 -0.3203125 0 -0.109375 -0.3125 0 -0.1171875 -0.3203125 0 -0.171875 -0.359375 0 -0.171875 -0.390625 0 -0.203125 -0.390625 0 -0.203125 -0.375 0 -0.1875 -0.359375 0 -0.078125 -0.359375 0 -0.3671875 -0.109375 0 -0.359375 -0.1171875 0 -0.3515625 -0.109375 0 -0.359375 -0.1328125 0 -0.3515625 -0.140625 0 -0.359375 -0.1484375 0 0.34375 0.140625 0 0.359375 0.15625 0 0.328125 0.15625 0 0.34375 0.171875 0 0.34375 0.109375 0 -0.140625 -0.28125 0 -0.15625 -0.296875 0 -0.1953125 0.296875 0 -0.203125 0.3046875 0 -0.1640625 0.328125 0 -0.171875 0.3359375 0 -0.171875 0.3203125 0 -0.1796875 0.328125 0 -0.203125 0.3203125 0 -0.1953125 0.328125 0 -0.328125 -0.1953125 0 -0.3203125 -0.203125 0 0.2265625 0.3203125 0 0.21875 0.3046875 0 0.2265625 0.3125 0 -0.359375 -0.0703125 0 -0.36328125 -0.07421875 0 -0.359375 -0.0859375 0 -0.36328125 -0.08203125 0 -0.36328125 -0.05859375 0 -0.36328125 -0.06640625 0 -0.35546875 -0.05859375 0 -0.328125 -0.1328125 0 -0.3359375 -0.140625 0 -0.328125 -0.1484375 0 -0.078125 0.3828125 0 -0.0703125 0.390625 0 -0.0390625 0.390625 0 -0.046875 0.3828125 0 -0.046875 0.3984375 0 -0.0390625 0.359375 0 -0.046875 0.3671875 0 -0.046875 0.3515625 0 -0.07421875 0.37109375 0 -0.08203125 0.37109375 0 -0.08203125 0.37890625 0 -0.14453125 0.34765625 0 -0.13671875 0.34765625 0 -0.13671875 0.33984375 0 0 -0.078125 0 -0.015625 -0.0625 0 0 -0.046875 0 -0.2578125 -0.2734375 0 -0.2421875 -0.2734375 0 -0.2578125 -0.2890625 0 -0.2421875 -0.2890625 0 -0.15625 -0.328125 0 -0.15625 -0.359375 0 -0.171875 -0.34375 0 -0.1484375 -0.3359375 0 -0.1484375 -0.3515625 0 -0.109375 -0.34375 0 -0.09375 -0.359375 0 -0.09375 -0.328125 0 0.1015625 0.359375 0 0.109375 0.3515625 0 0.1171875 0.359375 0 -0.03125 -0.078125 0 0.171875 0.3203125 0 0.1796875 0.328125 0 0.1640625 0.328125 0 0.171875 0.3359375 0 -0.37109375 -0.07421875 0 -0.37109375 -0.08203125 0 -0.37109375 -0.05078125 0 -0.37890625 -0.05078125 0 -0.37109375 -0.04296875 0 0.078125 0.3828125 0 0.0859375 0.390625 0 0.1328125 0.328125 0 0.140625 0.3203125 0 0.140625 0.3359375 0 0.1484375 0.328125 0 -0.21875 -0.359375 0 -0.2109375 -0.3515625 0 0.2265625 0.296875 0 0.234375 0.3046875 0 0.234375 0.2890625 0 0.1796875 0.359375 0 0.171875 0.3671875 0 0.171875 0.3515625 0 -0.1640625 -0.3046875 0 -0.1640625 -0.3203125 0 -0.03125 -0.046875 0 -0.015625 -0.03125 0 -0.1328125 -0.3359375 0 -0.1328125 -0.3515625 0 -0.1171875 -0.3359375 0 -0.18359375 0.33203125 0 -0.19140625 0.33203125 0 -0.2890625 -0.234375 0 0.3203125 0.1640625 0 0.3359375 0.1953125 0 0.3359375 0.1796875 0 -0.1796875 -0.3359375 0 -0.1953125 -0.3359375 0 -0.1953125 -0.3515625 0 0.03125 0 0 0 0.03125 0 0 -0.015625 0 -0.015625 0.015625 0 -0.015625 0 0 0.46875 0.03125 0 -0.25 0.2421875 0 -0.2421875 0.25 0 -0.2578125 0.25 0 -0.25 0.2578125 0 -0.375 0.1171875 0 -0.3828125 0.125 0 -0.3671875 0.125 0 -0.375 0.1328125 0 0.375 0.109375 0 0.390625 0.125 0 0.3671875 0.1328125 0 0.3671875 0.1171875 0 -0.1171875 0.375 0 -0.125 0.3671875 0 -0.37890625 0.00390625 0 -0.37109375 0.00390625 0 -0.421875 0.0625 0 -0.3125 0.1796875 0 -0.3203125 0.1875 0 -0.30859375 0.19140625 0 -0.30859375 0.18359375 0 -0.31640625 0.19140625 0 -0.3046875 0.25 0 -0.3125 0.2578125 0 -0.3125 0.2421875 0 -0.25 0.3046875 0 -0.25 0.3203125 0 -0.2578125 0.3125 0 -0.2421875 0.3125 0 0.1953125 0.3046875 0 0.1875 0.3046875 0 0.1953125 0.3125 0 0.18359375 0.31640625 0 0.18359375 0.30859375 0 0.19140625 0.31640625 0 -0.375 0.0703125 0 -0.375 0.0546875 0 -0.3828125 0.0625 0 -0.3671875 0.0625 0 -0.3203125 0.125 0 -0.390625 0.203125 0 -0.375 0.203125 0 -0.3671875 0.1953125 0 -0.109375 0.3125 0 0.0546875 0.375 0 0.0625 0.3671875 0 0.0625 0.3828125 0 -0.28125 0.2734375 0 -0.2734375 0.28125 0 -0.2890625 0.28125 0 -0.28125 0.2890625 0 -0.2734375 0.21875 0 -0.28125 0.2265625 0 -0.28125 0.2109375 0 -0.2890625 0.21875 0 -0.21875 0.2734375 0 -0.2265625 0.28125 0 -0.2109375 0.28125 0 -0.21875 0.2890625 0 -0.34375 0.1484375 0 -0.3359375 0.15625 0 -0.34765625 0.16015625 0 -0.34765625 0.15234375 0 -0.33984375 0.16015625 0 -0.3515625 0.09375 0 -0.34375 0.1015625 0 -0.34375 0.0859375 0 -0.3359375 0.09375 0 -0.09375 0.3515625 0 -0.1015625 0.34375 0 -0.09375 0.3359375 0 -0.3984375 0.0234375 0 -0.3984375 0.0390625 0 -0.421875 0.03125 0 -0.4140625 0.0234375 0 -0.3515625 0.0234375 0 -0.3515625 0.03125 0 -0.3359375 0.2109375 0 -0.3515625 0.2109375 0 -0.3515625 0.2265625 0 -0.3359375 0.21875 0 -0.34375 0.2265625 0 0.34375 0 0 0.375 0.03125 0 0.40625 0 0 -0.3046875 -0.2421875 0 -0.3203125 -0.2421875 0 -0.3203125 -0.2578125 0 -0.3046875 -0.25 0 -0.3125 -0.2578125 0 -0.2890625 -0.21875 0 -0.28125 -0.2265625 0 0.3046875 0.1953125 0 0.25 0.328125 0 0.2421875 0.3203125 0 0.3125 0.03125 0 0.296875 0.078125 0 0.328125 0.046875 0 0.3125 0.078125 0 0.328125 0.0625 0 -0.375 0.1015625 0 -0.375 0.0859375 0 -0.3828125 0.09375 0 -0.3671875 0.09375 0 -0.3984375 0.1171875 0 -0.3515625 0.125 0 -0.3359375 0.125 0 -0.34375 0.1328125 0 -0.34375 0.1171875 0 -0.375 0.1484375 0 -0.3671875 0.15625 0 -0.1015625 0.375 0 -0.08984375 0.37109375 0 -0.09765625 0.37109375 0 -0.1171875 0.34375 0 -0.12890625 0.34765625 0 -0.12109375 0.34765625 0 -0.12109375 0.33984375 0 -0.3984375 0.0078125 0 -0.4140625 0.0078125 0 -0.3515625 0 0 -0.375 0.0234375 0 -0.3828125 0.03125 0 -0.37109375 0.02734375 0 -0.37109375 0.03515625 0 -0.37890625 0.03515625 0 0.0390625 0.3984375 0 0.03515625 0.37890625 0 -0.4140625 0.0546875 0 -0.3984375 0.0625 0 -0.40625 0.0546875 0 -0.3125 0.1640625 0 -0.3125 0.1484375 0 -0.3203125 0.15625 0 -0.3046875 0.15625 0 -0.3359375 0.1875 0 -0.34375 0.1953125 0 -0.34765625 0.18359375 0 -0.33984375 0.18359375 0 -0.34765625 0.19140625 0 -0.3359375 0.0546875 0 -0.3515625 0.0625 0 -0.34375 0.0703125 0 -0.34375 0.0546875 0 -0.1015625 0.3203125 0 -0.3359375 -0.1875 0 -0.015625 -0.390625 0 -0.015625 -0.359375 0 -0.1953125 -0.3046875 0 -0.1953125 -0.3125 0 -0.2734375 0.25 0 -0.2890625 0.25 0 -0.28125 0.2578125 0 -0.28125 0.2421875 0 -0.25 0.2734375 0 -0.25 0.2890625 0 -0.2578125 0.28125 0 -0.2421875 0.28125 0 0.2109375 0.2734375 0 0.2109375 0.28125 0 -0.046875 -0.328125 0 -0.0625 -0.328125 0 -0.3828125 0.109375 0 -0.390625 0.1171875 0 -0.390625 0.1015625 0 -0.359375 0.1328125 0 -0.3671875 0.140625 0 -0.3515625 0.140625 0 -0.359375 0.1484375 0 -0.3671875 0.109375 0 -0.359375 0.1171875 0 -0.359375 0.1015625 0 -0.3515625 0.109375 0 -0.109375 0.3828125 0 -0.109375 0.3671875 0 -0.1171875 0.359375 0 -0.1015625 0.359375 0 -0.109375 0.3515625 0 -0.390625 0.0078125 0 -0.3828125 0.015625 0 -0.390625 0.0234375 0 -0.3515625 0.015625 0 -0.359375 0.0234375 0 -0.36328125 0.01171875 0 -0.36328125 0.01953125 0 -0.35546875 0.01171875 0 -0.2421875 0.3359375 0 0.0546875 0.3984375 0 -0.2890625 0.1796875 0 -0.30859375 0.21484375 0 -0.31640625 0.22265625 0 -0.31640625 0.21484375 0 -0.30859375 0.22265625 0 -0.3203125 0.171875 0 -0.328125 0.1796875 0 -0.3359375 0.171875 0 -0.328125 0.1640625 0 -0.3046875 0.171875 0 -0.296875 0.1796875 0 -0.328125 0.1953125 0 -0.3203125 0.203125 0 -0.3359375 0.203125 0 -0.328125 0.2109375 0 -0.2109375 0.3125 0 -0.2265625 0.3125 0 -0.21875 0.3046875 0 -0.21875 0.3203125 0 0.234375 0.34375 0 0.2109375 0.3359375 0 0.2265625 0.3359375 0 0.1796875 0.2890625 0 0.1953125 0.2890625 0 0.1953125 0.34375 0 -0.3828125 0.078125 0 -0.390625 0.0703125 0 -0.390625 0.0859375 0 -0.3671875 0.078125 0 -0.359375 0.0703125 0 -0.359375 0.0859375 0 -0.3515625 0.078125 0 -0.3828125 0.046875 0 -0.390625 0.0546875 0 -0.390625 0.0390625 0 -0.3984375 0.046875 0 -0.359375 0.0546875 0 -0.3515625 0.046875 0 -0.36328125 0.04296875 0 -0.36328125 0.05078125 0 -0.35546875 0.04296875 0 -0.328125 0.1328125 0 -0.3203125 0.140625 0 -0.3359375 0.140625 0 -0.328125 0.1484375 0 -0.328125 0.1171875 0 -0.3359375 0.109375 0 -0.328125 0.1015625 0 -0.3515625 0.203125 0 -0.359375 0.1953125 0 -0.109375 0.3359375 0 -0.1015625 0.328125 0 0.046875 0.3671875 0 0.0546875 0.359375 0 0.046875 0.3828125 0 0.0546875 0.390625 0 0.0390625 0.390625 0 -0.0625 -0.40625 0 0.4375 0.09375 0 0.4375 0.03125 0 0.421875 0.078125 0 0.421875 0.046875 0 -0.2578125 -0.3046875 0 -0.2421875 -0.3046875 0 -0.2578125 -0.3203125 0 -0.2421875 -0.3203125 0 -0.2890625 -0.25 0 -0.28125 -0.2421875 0 -0.2265625 -0.2734375 0 -0.2109375 -0.2890625 0 -0.2109375 -0.2734375 0 -0.2265625 -0.2890625 0 -0.265625 0.2578125 0 -0.2578125 0.265625 0 -0.2734375 0.265625 0 -0.265625 0.2734375 0 -0.2578125 0.234375 0 -0.265625 0.2421875 0 -0.265625 0.2265625 0 -0.2734375 0.234375 0 -0.234375 0.2578125 0 -0.2421875 0.265625 0 -0.2265625 0.265625 0 -0.234375 0.2734375 0 0.2890625 0.2109375 0 0.2890625 0.21875 0 -0.015625 -0.296875 0 -0.015625 -0.328125 0 -0.078125 -0.390625 0 -0.046875 -0.390625 0 -0.078125 -0.375 0 -0.046875 -0.359375 0 -0.0625 -0.359375 0 0.375 0.078125 0 0.359375 0.046875 0 0.390625 0.046875 0 0.359375 0.0625 0 0.390625 0.0625 0 0.359375 0.09375 0 0.328125 0.09375 0 0.34375 0.078125 0 0.3515625 0.1015625 0 0.3359375 0.1015625 0 0.421875 0.109375 0 -0.12890625 0.35546875 0 -0.12890625 0.36328125 0 -0.12109375 0.35546875 0 -0.3359375 0.2421875 0 -0.30078125 0.19921875 0 -0.2890625 0.203125 0 -0.30078125 0.20703125 0 -0.29296875 0.20703125 0 -0.30078125 0.19140625 0 -0.30078125 0.18359375 0 -0.30859375 0.19921875 0 -0.30859375 0.20703125 0 -0.31640625 0.19921875 0 -0.31640625 0.20703125 0 -0.203125 0.2890625 0 -0.2109375 0.296875 0 -0.19921875 0.30078125 0 -0.19921875 0.29296875 0 -0.20703125 0.30078125 0 -0.2109375 0.328125 0 -0.20703125 0.32421875 0 -0.3125 -0.2109375 0 -0.3046875 -0.21875 0 -0.3203125 -0.21875 0 -0.3125 -0.2265625 0 -0.296875 -0.2109375 0 -0.296875 0.2578125 0 -0.3046875 0.265625 0 -0.2890625 0.265625 0 -0.296875 0.2734375 0 -0.296875 0.2421875 0 -0.3046875 0.234375 0 -0.2890625 0.234375 0 -0.296875 0.2265625 0 -0.328125 0.2421875 0 -0.32421875 0.23046875 0 -0.32421875 0.23828125 0 -0.2578125 0.296875 0 -0.265625 0.3046875 0 -0.265625 0.2890625 0 -0.2734375 0.296875 0 -0.2421875 0.296875 0 -0.234375 0.3046875 0 -0.234375 0.2890625 0 -0.2265625 0.296875 0 -0.2421875 0.328125 0 -0.234375 0.3203125 0 -0.2265625 0.328125 0 0.2109375 0.3203125 0 0.2109375 0.3125 0 0.21875 0.3203125 0 0.21484375 0.30859375 0 0.22265625 0.30859375 0 0.22265625 0.31640625 0 0.171875 0.3046875 0 0.1796875 0.296875 0 0.203125 0.3046875 0 0.203125 0.2890625 0 0.2109375 0.296875 0 0.1953125 0.328125 0 0.203125 0.3203125 0 0.203125 0.3359375 0 -0.35546875 0.16796875 0 -0.35546875 0.17578125 0 -0.34765625 0.16796875 0 -0.34765625 0.17578125 0 -0.33984375 0.16796875 0 -0.33984375 0.17578125 0 -0.08984375 0.36328125 0 -0.08984375 0.35546875 0 -0.09765625 0.36328125 0 -0.32421875 0.22265625 0 -0.33203125 0.22265625 0 -0.32421875 0.21484375 0 -0.015625 -0.421875 0 -0.25 -0.2734375 0 -0.25 -0.2890625 0 -0.2578125 -0.28125 0 -0.2421875 -0.28125 0 -0.1015625 -0.3515625 0 -0.078125 -0.34375 0 -0.0859375 -0.3515625 0 -0.09375 -0.390625 0 -0.38671875 -0.00390625 0 -0.38671875 0.00390625 0 -0.36328125 0.00390625 0 -0.35546875 0.00390625 0 -0.37890625 0.01171875 0 -0.37109375 0.01171875 0 -0.37109375 0.01953125 0 -0.19921875 0.30859375 0 -0.19921875 0.31640625 0 -0.20703125 0.30859375 0 -0.20703125 0.31640625 0 -0.3359375 0.078125 0 -0.31640625 0.23046875 0 -0.31640625 0.23828125 0 -0.30859375 0.23046875 0 0.17578125 0.32421875 0 0.17578125 0.31640625 0 0.17578125 0.30859375 0 0.18359375 0.32421875 0 0.19140625 0.33203125 0 0.18359375 0.33203125 0 0.19140625 0.32421875 0 -0.37109375 0.04296875 0 -0.37109375 0.05078125 0 -0.37890625 0.04296875 0 -0.35546875 0.18359375 0 -0.35546875 0.19140625 0 0.04296875 0.37109375 0 0.04296875 0.37890625 0 -0.30078125 0.21484375 0 -0.29296875 0.21484375 0 -0.30078125 0.22265625 0 -0.35546875 0.16015625 0 -0.35546875 0.15234375 0 -0.36328125 0.02734375 0 -0.36328125 0.03515625 0 -0.35546875 0.03515625 0 -0.2109375 -0.3359375 0 -0.2265625 -0.3359375 0 0.3046875 0.2265625 0 0.3203125 0.2109375 0 0.3046875 0.21875 0 0.3125 0.2109375 0 0.23046875 0.30078125 0 0.2265625 0.328125 0 0.234375 0.3203125 0 0.03515625 0.38671875 0 -0.1953125 -0.2890625 0 -0.1953125 -0.2734375 0 -0.2109375 -0.3046875 0 -0.2109375 -0.3203125 0 -0.2265625 -0.3046875 0 -0.2265625 -0.3203125 0 0.21484375 0.29296875 0 0.22265625 0.29296875 0 0.21484375 0.30078125 0 0.22265625 0.30078125 0 0.296875 0.2265625 0 -0.046875 0.015625 0 -0.2421875 -0.265625 0 -0.234375 -0.2734375 0 -0.1015625 -0.3671875 0 -0.1015625 -0.3828125 0 -0.0859375 -0.3671875 0 0.3515625 0.1171875 0 0.390625 0.09375 0 0.40625 0.109375 0 0.40625 0.078125 0 -0.32421875 -0.19140625 0 -0.33203125 -0.19140625 0 -0.31640625 -0.20703125 0 -0.2421875 -0.3359375 0 -0.296875 -0.2265625 0 -0.296875 -0.2421875 0 -0.3046875 -0.234375 0 -0.29296875 -0.23046875 0 -0.29296875 -0.23828125 0 -0.328125 -0.2265625 0 -0.3203125 -0.234375 0 0.296875 0.2109375 0 0.3046875 0.203125 0 0.23046875 0.30859375 0 0.23046875 0.31640625 0 -0.203125 -0.3203125 0 -0.2578125 -0.296875 0 -0.2421875 -0.296875 0 -0.234375 -0.2890625 0 -0.0078125 -0.0390625 0 -0.0078125 -0.0234375 0 -0.0859375 0.35546875 0 -0.28515625 -0.23046875 0 -0.28515625 -0.23828125 0 
        </DataArray>
      </Points>
      <Cells>
        <DataArray type="Int32" Name="connectivity" format="ascii">
          89 53 21 110 60 30 112 64 32 92 54 23 100 58 29 107 63 28 90 35 22 95 38 23 109 47 29 102 44 28 111 50 31 91 34 21 99 39 24 105 48 30 108 51 32 65 33 21 68 38 24 74 49 30 76 52 32 67 37 23 66 36 22 73 46 29 75 48 31 72 45 28 78 53 22 83 60 29 87 64 31 77 54 21 81 58 24 88 63 32 77 53 8 84 60 9 88 64 10 79 54 8 83 58 9 86 63 10 66 35 1 67 38 2 73 47 5 72 44 4 75 50 6 65 34 0 68 39 2 74 48 6 76 51 7 89 33 11 110 49 19 112 52 20 92 37 12 100 46 15 107 45 18 90 53 11 109 60 19 111 64 20 91 54 12 99 58 15 108 63 18 89 11 53 110 19 60 112 20 64 92 12 54 100 15 58 107 18 63 90 11 35 109 19 47 111 20 50 91 12 34 99 15 39 108 18 51 65 0 33 68 2 38 74 6 49 76 7 52 67 2 37 66 1 36 73 5 46 75 6 48 72 4 45 78 8 53 83 9 60 87 10 64 77 8 54 81 9 58 88 10 63 77 21 53 84 30 60 88 32 64 79 23 54 83 29 58 86 28 63 66 22 35 67 23 38 73 29 47 72 28 44 75 31 50 65 21 34 68 24 39 74 30 48 76 32 51 89 21 33 96 24 38 110 30 49 112 32 52 92 23 37 93 22 36 100 29 46 106 31 48 107 28 45 90 22 53 109 29 60 111 31 64 91 21 54 99 24 58 108 32 63 117 81 57 117 82 9 118 84 9 124 81 24 124 24 96 117 9 81 118 9 82 118 59 84 124 57 81 151 84 59 137 96 38 142 106 48 151 105 30 161 124 96 163 118 82 165 123 105 139 121 96 164 123 59 160 117 57 151 30 84 137 38 95 142 48 105 161 57 124 163 59 118 165 59 123 138 95 120 146 105 123 161 96 121 160 82 117 138 137 95 146 142 105 139 137 14 165 151 59 138 14 137 146 17 142 139 96 137 165 105 151 189 156 129 190 160 130 167 138 120 185 160 57 168 139 14 191 163 82 190 82 160 167 14 138 185 57 162 182 129 156 185 130 160 168 121 139 200 123 164 220 161 121 220 162 57 239 196 162 246 188 147 238 168 141 255 185 162 206 167 140 233 200 164 206 166 14 207 168 14 217 178 41 215 180 41 216 179 41 218 182 43 249 180 128 243 179 126 250 189 129 253 190 130 238 196 121 248 188 128 220 57 161 239 121 196 246 128 188 238 121 168 248 128 180 244 126 179 252 129 182 255 130 185 217 41 180 214 41 179 216 41 178 206 14 167 207 14 166 229 162 196 207 141 168 250 147 189 239 220 121 243 126 221 239 162 220 259 87 62 258 79 8 259 85 10 276 87 31 261 143 106 262 146 123 261 142 17 323 183 157 284 184 56 287 186 62 264 169 17 328 205 143 345 219 183 335 216 178 341 218 181 296 229 196 300 230 200 281 219 181 325 257 183 326 257 133 282 219 43 281 218 43 338 217 155 344 219 159 319 221 126 276 31 106 258 8 80 259 10 87 258 56 79 276 62 87 262 17 146 261 106 142 286 106 143 317 123 200 265 17 169 280 157 183 329 143 205 288 62 186 345 159 219 335 154 216 341 158 218 281 43 219 325 133 257 318 126 244 282 183 219 281 181 218 300 200 233 332 200 230 338 178 217 344 181 219 345 183 257 286 276 106 283 258 80 287 286 143 264 262 144 328 263 145 332 317 200 282 280 183 285 259 62 263 261 17 317 262 123 323 290 133 265 263 17 288 285 62 325 323 133 329 287 143 330 264 144 320 319 126 286 62 276 283 56 258 290 71 271 284 56 283 287 62 286 280 43 279 264 17 262 328 143 263 332 144 317 282 43 280 285 85 259 263 143 261 317 144 262 323 157 290 265 145 263 325 183 323 322 184 284 329 186 287 330 169 264 351 86 10 367 164 59 408 250 172 420 252 182 393 249 128 395 251 129 394 250 129 424 233 164 408 210 147 404 206 140 420 218 158 407 246 147 436 329 205 427 288 186 453 302 233 380 300 233 422 343 252 370 272 85 436 307 186 421 343 158 435 314 181 433 335 178 401 290 271 403 326 133 429 288 175 351 10 85 351 61 86 367 59 163 408 147 250 407 147 210 394 129 251 393 128 247 395 129 252 396 130 255 394 172 250 404 166 206 420 182 218 407 171 246 370 85 285 436 186 329 427 175 288 434 178 338 435 181 344 422 158 343 380 233 302 377 230 300 457 257 326 433 236 335 451 252 343 371 85 272 401 133 290 437 186 307 429 285 288 368 351 85 424 398 202 425 404 234 446 393 247 451 395 252 429 370 285 403 402 324 402 401 274 398 367 131 400 398 131 422 420 158 453 424 202 371 368 85 428 370 175 437 427 186 368 61 351 424 164 398 425 166 404 446 197 393 451 201 395 429 175 370 403 133 402 402 133 401 398 164 367 400 202 398 422 252 420 453 233 424 428 272 370 460 78 55 460 80 8 493 191 82 520 246 171 520 247 128 521 253 130 547 330 240 580 318 244 594 320 245 490 271 71 491 283 80 515 322 127 574 291 184 547 313 169 573 341 181 514 320 126 593 319 208 518 284 283 519 322 284 596 320 209 523 367 163 531 397 191 561 409 253 553 407 210 558 394 251 590 400 256 542 416 251 607 421 342 616 371 272 619 363 274 525 400 131 588 395 201 554 411 171 556 408 172 558 416 172 546 421 158 567 428 175 623 402 274 619 401 271 566 399 397 534 410 397 526 399 131 612 414 247 620 363 271 624 431 274 460 8 78 493 82 190 523 163 191 520 128 246 530 190 253 574 184 322 547 169 330 573 181 314 545 158 341 514 126 318 592 208 319 594 209 320 580 244 337 514 245 320 593 221 319 519 127 322 596 319 320 523 131 367 555 171 411 553 171 407 557 172 416 558 172 394 590 202 400 522 130 396 525 131 399 486 61 368 568 175 427 623 274 431 621 272 428 619 271 363 524 191 397 533 253 409 525 256 400 588 251 395 556 210 408 558 251 416 546 342 421 475 274 363 623 324 402 619 274 401 589 201 449 526 397 399 566 397 410 614 396 447 530 493 190 524 523 191 533 530 253 593 489 221 610 573 314 596 592 319 612 555 411 614 522 396 620 527 360 526 524 397 484 460 55 531 493 148 522 521 130 555 520 171 592 464 208 527 490 132 598 574 222 608 547 240 519 518 127 534 531 148 589 588 201 622 616 272 530 148 493 524 131 523 512 125 488 533 148 530 593 208 489 492 80 484 610 241 573 596 209 592 546 158 545 612 247 555 620 271 527 624 274 475 526 131 524 591 202 590 484 80 460 531 191 493 555 247 520 561 253 521 527 271 490 518 283 491 598 291 574 608 313 547 519 284 518 534 397 531 589 418 588 662 207 166 663 238 141 666 265 169 709 340 249 679 345 257 675 335 236 667 328 145 677 338 155 678 344 159 767 457 347 761 434 338 720 457 326 683 425 308 699 434 309 782 437 307 788 459 326 778 423 347 680 423 346 721 458 347 661 404 140 709 393 197 669 406 145 721 457 204 699 433 178 724 383 205 725 436 205 750 425 234 759 434 237 720 459 204 681 423 159 777 423 304 788 403 324 702 438 405 783 437 305 789 459 324 738 557 416 727 556 357 765 525 399 783 568 427 790 623 431 670 533 409 658 512 355 691 566 410 637 484 55 684 556 172 670 532 148 693 567 175 727 470 210 726 553 210 790 570 324 784 625 305 671 534 148 688 561 521 785 625 568 806 625 426 662 141 207 663 196 238 666 145 265 679 159 345 675 154 335 667 205 328 643 229 296 661 140 405 725 205 383 767 257 457 761 237 434 756 236 433 668 145 406 720 204 457 683 166 425 699 178 434 711 197 446 782 305 437 788 324 459 786 312 392 778 304 423 680 159 423 661 234 404 709 249 393 721 347 457 725 307 436 750 308 425 759 309 434 720 326 459 681 347 423 777 346 423 788 326 403 778 347 458 723 204 459 752 405 438 783 427 437 637 55 485 727 210 556 765 256 525 726 210 470 789 324 570 790 324 623 670 148 533 671 148 532 658 125 512 684 172 557 693 175 568 805 426 625 686 409 561 702 405 575 684 357 556 673 416 542 726 356 553 734 411 554 690 399 566 671 410 534 798 431 624 785 305 625 640 461 462 806 568 625 802 616 622 724 667 303 741 664 327 764 678 346 669 666 312 681 679 347 645 643 296 752 661 405 770 637 485 806 693 568 802 772 616 641 640 462 664 663 141 682 662 166 668 667 145 712 709 197 683 682 166 680 678 159 767 679 257 758 675 236 755 665 235 761 677 237 787 669 312 785 783 305 665 141 662 724 205 667 741 226 664 762 237 677 764 242 678 669 145 666 681 159 679 752 234 661 792 336 758 770 266 637 806 426 693 664 226 663 668 303 667 712 340 709 680 346 678 767 347 679 758 336 675 761 338 677 787 406 669 785 568 783 817 79 56 827 86 61 816 78 22 817 95 23 827 102 28 835 120 95 832 182 156 848 189 147 850 189 70 848 188 70 885 167 120 886 193 120 908 248 180 905 214 179 907 215 177 828 214 177 828 215 41 904 214 152 908 215 153 905 243 152 909 248 153 906 243 221 879 279 156 832 279 43 901 330 144 910 280 279 853 289 277 837 353 102 927 449 201 894 490 277 935 574 322 959 581 348 958 514 318 960 549 349 830 482 277 921 580 337 920 581 318 934 597 294 931 594 349 995 598 294 861 501 294 1014 608 389 976 486 368 989 621 428 844 488 365 956 610 390 823 475 363 1047 618 376 1053 589 449 1031 477 363 843 489 69 853 490 71 854 491 80 831 482 42 921 578 194 920 580 194 922 581 194 891 515 127 918 497 193 959 549 245 948 583 230 958 581 245 960 594 245 931 595 209 934 598 222 995 501 291 1019 599 321 896 528 132 895 527 132 953 608 240 978 618 270 982 622 272 1047 506 369 1022 505 353 1031 620 360 930 512 488 993 529 482 1020 599 515 996 501 497 1049 506 505 845 489 488 862 498 497 892 518 491 979 618 486 834 485 55 897 529 132 954 609 240 937 599 222 862 501 97 893 517 127 930 489 208 932 592 209 1021 552 321 1048 618 369 1004 782 384 1002 778 458 1046 653 487 1056 789 570 1045 800 622 872 652 487 981 772 617 1067 635 477 1032 797 477 1040 802 622 928 721 204 1010 782 307 980 772 270 1030 658 355 1071 770 485 1067 797 474 1069 797 773 858 642 640 873 652 113 929 722 204 1005 784 305 1034 797 360 1041 802 362 1072 642 485 816 22 93 817 23 79 827 28 86 812 44 102 816 55 78 836 56 184 885 120 193 832 43 182 848 70 189 849 70 188 850 156 189 848 147 188 885 140 167 908 153 248 905 152 214 907 153 215 828 41 214 828 177 215 904 177 214 908 180 215 905 179 243 909 188 248 906 152 243 916 184 291 901 144 331 832 156 279 901 240 330 910 157 280 878 277 289 948 230 377 927 201 450 813 102 353 976 368 371 917 193 497 894 132 490 935 222 574 959 245 581 958 245 514 960 245 549 830 42 482 919 194 578 921 194 580 920 194 581 931 209 594 995 291 598 1019 321 552 831 42 483 891 127 517 861 97 501 854 80 492 936 222 599 1014 313 608 839 61 486 895 132 528 896 132 529 956 241 610 953 240 609 982 272 621 1047 369 618 1053 418 589 833 93 461 843 221 489 853 277 490 920 318 580 922 348 581 912 349 549 894 277 482 935 322 515 958 318 581 945 294 597 960 349 594 934 294 598 995 294 501 895 360 527 953 389 608 977 371 616 989 428 567 978 376 618 823 363 477 1031 363 620 930 208 512 1020 321 599 996 291 501 1023 353 505 1049 369 506 845 69 489 892 127 518 933 209 595 979 270 618 892 491 516 897 482 529 937 515 599 862 497 501 867 505 506 930 488 489 939 497 498 932 464 592 1048 486 618 1010 307 651 1004 305 782 1002 304 778 928 204 722 1046 365 653 1056 430 789 872 113 652 981 270 772 1062 461 640 1071 485 642 964 266 770 1032 360 797 1040 362 802 928 458 721 1010 384 782 872 487 653 980 616 772 1040 622 800 898 487 652 967 492 768 1039 617 772 1030 513 658 825 477 635 1067 477 797 1069 474 797 929 204 723 1034 773 797 1041 772 802 858 640 641 1072 640 642 833 816 93 813 812 102 842 840 152 886 836 184 900 885 193 904 875 177 909 849 188 843 842 221 878 829 277 918 916 291 952 901 331 815 813 353 1022 838 369 977 976 371 939 917 497 967 854 492 1048 839 486 1033 895 528 834 833 461 897 894 482 937 935 515 980 977 616 825 823 477 893 892 516 1072 1062 640 968 967 768 1041 1039 772 1034 1033 773 835 817 56 837 827 61 836 835 56 841 840 69 907 876 153 916 886 184 906 842 152 917 900 193 830 829 42 910 880 157 838 837 61 839 838 61 979 976 270 845 844 69 981 978 270 1032 1031 360 993 831 278 1020 891 321 996 918 291 1023 815 353 1046 844 365 1045 982 364 1049 1022 369 933 932 209 1062 834 461 1042 1039 362 833 55 816 813 16 812 842 69 840 886 120 836 900 140 885 904 152 875 909 153 849 843 69 842 878 115 829 918 193 916 952 240 901 815 16 813 1022 353 838 977 270 976 939 223 917 967 267 854 1048 369 839 1033 360 895 834 55 833 897 132 894 937 222 935 954 240 952 980 270 977 893 127 892 1072 485 1062 1005 305 1004 968 267 967 1041 362 1039 1034 360 1033 835 95 817 837 102 827 836 120 835 875 152 840 907 177 876 916 193 886 906 221 842 917 223 900 830 277 829 910 279 880 838 353 837 1001 449 927 839 369 838 979 486 976 845 488 844 981 617 978 1032 477 1031 993 482 831 1020 515 891 996 497 918 999 583 948 1023 463 815 1046 487 844 1045 622 982 1049 505 1022 933 465 932 1062 485 834 1042 774 1039 1069 773 985 1112 217 180 1116 255 162 1135 296 196 1101 380 302 1100 377 300 1100 380 103 1183 446 247 1119 553 356 1119 554 171 1175 607 232 1145 512 208 1186 590 256 1189 492 484 1193 516 491 1308 538 411 1135 663 226 1245 763 454 1237 668 406 1263 712 445 1254 711 446 1266 777 455 1162 741 440 1182 764 454 1279 732 554 1277 726 470 1304 730 532 1306 671 532 1280 631 470 1282 684 557 1190 768 492 1122 686 561 1083 630 470 1147 731 532 1188 765 565 1156 736 557 1152 734 554 1127 690 566 1115 676 155 1114 677 155 1178 758 236 1162 740 226 1137 712 197 1263 749 340 1249 741 327 1265 764 346 1266 716 346 1140 713 198 1188 766 256 1189 637 266 1307 691 410 1277 630 356 1281 631 357 1304 670 409 1306 731 410 1315 738 416 1278 732 356 1280 727 357 1282 736 357 1305 730 409 1322 792 439 1122 688 173 1264 749 676 1324 792 758 1303 718 714 1095 647 643 1226 948 377 1232 927 450 1268 973 595 1247 891 517 1267 912 551 1295 896 529 1298 978 617 1297 864 506 1091 861 500 1198 970 517 1202 973 551 1330 932 465 1352 972 517 1332 933 595 1079 819 465 1117 914 551 1098 867 506 1203 974 595 1368 1039 774 1351 1030 794 1342 1029 628 1331 819 628 1354 986 773 1340 966 771 1207 985 773 1270 1026 794 1081 821 628 1335 1063 771 1373 1065 771 1195 968 771 1203 973 269 1234 1001 301 1193 854 267 1268 931 349 1267 973 349 1294 896 375 1296 864 376 1295 992 375 1298 984 376 1297 1047 376 1228 999 299 1330 819 464 1352 893 516 1332 974 465 1276 1030 355 1275 1029 355 1081 819 25 1192 963 266 1207 986 273 1195 966 267 1368 987 617 1351 1026 513 1354 1033 528 1373 968 768 1333 974 818 1341 971 965 1235 1001 927 1196 966 965 1209 986 983 1230 999 948 1200 972 965 1337 1065 963 1204 974 269 1248 1021 321 1210 987 273 1341 966 467 1355 986 528 1353 972 516 1374 1065 768 1112 155 217 1116 162 229 1112 180 249 1113 249 340 1183 247 414 1101 103 380 1100 300 380 1173 343 421 1180 314 435 1145 208 464 1119 171 553 1176 232 607 1175 421 607 1145 355 512 1184 521 522 1135 196 663 1172 229 643 1114 155 676 1237 303 668 1263 340 712 1265 346 716 1266 346 777 1136 197 711 1161 226 740 1178 236 757 1162 226 741 1179 237 762 1182 242 764 1307 410 731 1279 356 732 1277 356 726 1281 357 736 1308 411 734 1304 409 730 1306 410 671 1315 416 673 1278 356 630 1280 357 631 1282 357 684 1305 409 686 1187 256 766 1188 256 765 1123 173 688 1182 454 763 1137 445 712 1249 440 741 1265 454 764 1128 438 702 1156 557 738 1152 554 732 1147 532 730 1083 470 631 1127 566 691 1189 484 637 1277 470 630 1304 532 670 1306 532 731 1280 470 727 1282 557 736 1122 561 688 1264 340 749 1324 439 792 1303 406 718 1171 676 749 1095 643 645 1144 714 718 1225 643 647 1268 349 973 1247 321 891 1267 349 912 1293 375 992 1296 376 984 1295 375 896 1298 376 978 1297 376 864 1091 97 861 1202 269 973 1330 464 932 1352 516 972 1332 465 933 1079 25 819 1203 269 974 1368 617 1039 1351 513 1030 1331 464 819 1354 528 986 1340 467 966 1191 266 963 1192 266 964 1208 273 987 1276 355 1029 1373 768 1065 1195 267 968 1203 595 973 1117 551 912 1098 506 864 1193 491 854 1268 595 931 1247 517 970 1267 551 973 1294 528 896 1295 529 992 1297 506 1047 1198 517 972 1330 465 819 1352 517 893 1359 551 914 1332 595 974 1360 552 1021 1276 794 1030 1275 628 1029 1081 628 819 1207 773 986 1195 771 966 1351 794 1026 1342 628 821 1354 773 1033 1340 771 1063 1335 771 1065 1370 652 873 1373 771 968 1333 465 974 1369 617 987 1235 301 1001 1196 267 966 1209 273 986 1230 299 999 1204 818 974 1200 965 971 1341 965 966 1355 983 986 1353 965 972 1374 963 1065 1138 1116 229 1113 1112 249 1115 1113 340 1139 1138 298 1252 1183 414 1103 1101 378 1175 1173 421 1274 1145 464 1320 1186 543 1140 1139 582 1225 1172 643 1262 1114 676 1367 1224 743 1275 1274 628 1355 1294 983 1353 1194 965 1374 1191 963 1204 1201 818 1248 1247 970 1160 1135 226 1172 1138 229 1161 1160 226 1102 1100 103 1187 1186 256 1224 1139 298 1279 1119 356 1299 1103 378 1190 1189 266 1194 1193 267 1356 1308 535 1191 1190 266 1264 1115 340 1324 1178 439 1303 1237 406 1366 1140 582 1331 1274 464 1230 1226 299 1196 1194 267 1333 1079 465 1369 1298 617 1376 1192 769 1138 198 1116 1113 155 1112 1115 155 1113 1139 198 1138 1103 103 1101 1274 355 1145 1140 198 1139 1363 562 1185 1225 298 1172 1262 339 1114 1367 582 1224 1275 355 1274 1355 528 1294 1353 516 1194 1374 768 1191 1248 321 1247 1160 296 1135 1172 298 1138 1161 372 1160 1102 377 1100 1254 446 1183 1187 543 1186 1224 582 1139 1279 554 1119 1185 562 1184 1190 492 1189 1194 516 1193 1356 538 1308 1191 768 1190 1264 676 1115 1324 758 1178 1303 714 1237 1366 713 1140 1331 628 1274 1230 948 1226 1235 927 1232 1196 965 1194 1333 818 1079 1369 984 1298 1376 963 1192 1383 93 36 1464 244 179 1464 216 154 1401 290 157 1457 332 230 1465 337 244 1457 331 144 1521 435 344 1456 405 140 1492 453 202 1564 392 312 1384 461 93 1517 545 341 1525 588 418 1496 575 405 1436 510 391 1509 602 452 1659 604 452 1493 591 452 1466 544 154 1517 573 241 1441 488 125 1525 542 251 1568 510 314 1567 610 314 1543 602 302 1585 607 342 1659 591 419 1586 546 545 1601 624 475 1660 591 590 1385 462 461 1488 587 585 1587 587 342 1466 675 336 1554 725 383 1558 756 433 1559 757 387 1555 750 385 1573 786 392 1516 756 387 1665 723 459 1515 752 438 1533 700 575 1611 636 479 1669 805 625 1396 636 480 1480 702 575 1459 673 542 1442 659 480 1443 658 513 1470 666 169 1521 678 242 1515 751 234 1516 757 236 1514 750 234 1547 777 304 1554 651 307 1558 699 309 1555 654 308 1544 724 303 1556 756 309 1665 789 430 1395 636 40 1612 636 365 1611 653 365 1443 660 125 1444 660 659 1690 793 462 1428 810 136 1379 810 135 1463 876 187 1450 847 187 1399 849 187 1421 876 177 1422 874 187 1456 900 223 1453 877 289 1402 852 289 1429 880 279 1425 878 289 1584 943 578 1531 938 498 1580 942 544 1588 946 548 1593 947 597 1589 911 549 1536 919 578 1579 924 584 1590 922 579 1591 913 548 1592 1019 552 1594 936 599 1650 1016 611 1646 1015 511 1656 902 542 1649 889 511 1645 888 509 1647 953 609 1607 982 621 1684 950 603 1409 859 498 1471 911 548 1495 936 597 1472 912 549 1518 955 545 1500 943 544 1499 940 499 1498 938 575 1502 941 578 1501 942 576 1503 947 548 1504 945 597 1398 844 487 1510 950 601 1519 956 611 1511 949 602 1390 822 475 1438 889 510 1439 888 511 1490 925 587 1437 890 509 1569 1016 511 1566 1014 509 1570 1015 609 1528 988 621 1657 1053 603 1760 1017 609 1737 1054 603 1763 957 611 1738 951 604 1489 926 586 1512 951 603 1497 939 498 1571 1018 611 1661 1055 604 1628 1006 650 1637 1007 781 1636 1010 651 1634 869 651 1642 883 656 1635 870 650 1689 1050 780 1688 928 722 1704 1044 634 1700 824 634 1708 871 653 1701 990 775 1706 1038 800 1707 1068 801 1717 1071 642 1733 1073 660 1705 826 635 1718 964 770 1415 869 648 1417 868 650 1433 883 655 1434 881 656 1418 870 651 1550 1007 650 1549 1002 780 1629 1050 722 1419 872 653 1605 1040 800 1391 826 634 1445 898 652 1666 1056 695 1608 1043 634 1609 1044 800 1606 1038 801 1405 856 642 1392 825 635 1698 1068 635 1712 1073 796 1791 1057 695 1802 1052 722 1811 1061 784 1779 1074 796 1795 1077 704 1803 929 723 1788 1003 780 1548 1003 779 1404 858 641 1667 1058 723 1630 1051 780 1427 810 116 1422 876 114 1421 875 114 1399 847 70 1463 849 153 1450 874 135 1425 877 115 1429 879 116 1453 852 136 1402 853 71 1398 841 69 1502 943 224 1501 940 224 1497 938 223 1499 941 224 1500 942 224 1504 947 225 1472 911 170 1488 923 199 1486 922 194 1495 934 222 1571 1016 315 1569 1015 315 1528 989 275 1459 902 150 1489 925 199 1439 889 122 1437 888 122 1510 949 231 1512 950 231 1578 924 331 1584 921 337 1531 859 292 1588 911 348 1593 936 350 1541 861 294 1586 955 342 1583 943 337 1589 959 348 1533 938 292 1581 942 336 1579 952 331 1590 946 348 1591 947 350 1594 1019 350 1683 950 449 1650 956 390 1648 889 390 1646 888 389 1654 890 392 1649 1016 390 1645 1014 389 1647 1015 389 1684 1053 449 1570 1017 315 1657 1054 418 1409 862 97 1519 957 241 1513 951 231 1760 954 584 1758 926 583 1737 951 541 1763 1018 585 1738 1055 541 1552 1008 306 1550 1006 306 1553 1007 306 1551 1009 306 1416 868 104 1418 869 104 1434 883 119 1432 881 119 1417 870 104 1630 1050 382 1609 1045 364 1670 1059 432 1608 1044 364 1391 824 27 1419 871 113 1529 990 275 1605 1038 362 1699 1068 474 1698 1067 474 1711 1073 494 1392 826 27 1602 1036 361 1633 869 383 1641 883 387 1639 881 385 1637 1004 384 1636 870 384 1635 1007 384 1689 1002 458 1688 1050 458 1704 826 478 1700 1043 476 1701 1035 476 1706 1044 478 1707 1038 478 1717 856 495 1705 1068 478 1718 1071 495 1734 1073 513 1445 899 134 1666 1057 430 1629 1052 382 1671 1061 432 1749 1077 576 1549 1003 304 1606 1042 362 1405 858 94 1787 1003 649 1802 929 719 1811 1005 781 1808 1037 775 1779 1027 638 1803 1058 719 1792 1060 694 1788 1051 649 1469 880 851 1451 874 808 1446 811 808 1455 852 851 1468 850 846 1655 890 887 1709 898 841 1750 997 940 1764 1018 923 1703 1043 988 1702 1035 822 1759 926 924 1762 954 952 1805 1058 1008 1794 1060 1009 1789 1051 868 1812 1005 1004 1810 1037 1035 1400 847 846 1426 877 809 1424 875 840 1430 879 846 1520 957 955 1530 990 988 1393 824 822 1572 1017 923 1658 1054 902 1668 1057 1008 1632 1052 1006 1672 1061 1009 1751 1077 997 1431 880 116 1423 874 114 1403 852 71 1400 850 70 1440 890 122 1449 898 134 1535 997 292 1572 1018 315 1610 1043 364 1491 926 199 1394 825 27 1668 1058 430 1672 1060 432 1631 1051 382 1604 1037 361 1452 847 135 1454 877 136 1468 879 156 1765 957 585 1703 990 476 1702 824 476 1761 1017 584 1739 1054 541 1793 1057 694 1804 1052 719 1813 1061 781 1796 1077 700 1522 1180 435 1613 1087 480 1679 1176 607 1674 1239 751 1639 1238 656 1651 1181 763 1676 1178 757 1685 1142 716 1686 1301 717 1710 1291 659 1735 1315 673 1752 1322 703 1753 1129 704 1523 1182 763 1545 1236 648 1561 1239 701 1546 1237 714 1562 1238 751 1575 1244 763 1563 1240 757 1482 1128 702 1494 1142 717 1626 1301 779 1460 1110 673 1483 1129 703 1800 1144 717 1797 1130 703 1625 1302 717 1675 1323 703 1652 1244 887 1756 1214 944 1724 1212 941 1725 1213 860 1731 1296 984 1728 1292 863 1766 1327 925 1769 1300 949 1723 1090 860 1726 1158 944 1757 1159 946 1694 1080 818 1742 1111 903 1729 1096 864 1767 1228 998 1770 1234 1000 1695 1338 820 1697 1197 971 1777 1339 1063 1806 1192 964 1775 1082 820 1790 1370 899 1815 1272 1027 1505 1159 944 1506 1158 945 1387 1079 818 1410 1090 859 1411 1091 860 1473 1117 912 1412 1096 863 1413 1098 864 1538 1214 919 1537 1212 860 1540 1213 944 1618 1293 863 1619 1292 983 1681 1327 998 1622 1300 1000 1475 1118 914 1388 1080 820 1692 1338 971 1406 1089 855 1407 1088 856 1598 1272 1026 1719 1348 964 1691 1339 820 1693 1340 1063 1772 1370 873 1825 1369 987 1828 1273 1028 1818 1347 1074 1526 1200 971 1662 1321 1055 1599 1273 1027 1773 1371 899 1782 1372 1074 1542 1101 302 1396 1087 40 1614 1087 366 1546 1236 303 1562 1239 310 1575 1245 316 1560 1238 310 1561 1240 310 1523 1181 242 1625 1301 381 1617 1291 366 1675 1322 439 1461 1110 150 1484 1129 192 1673 1239 438 1640 1238 385 1651 1244 391 1685 1266 455 1686 1142 455 1687 1301 455 1741 1111 543 1752 1129 577 1754 1322 577 1494 1144 203 1483 1130 192 1800 1302 714 1797 1323 701 1577 1244 316 1540 1214 293 1539 1212 293 1537 1213 293 1619 1294 375 1681 1328 448 1622 1299 378 1618 1292 375 1680 1327 448 1621 1300 378 1411 1090 97 1505 1158 225 1507 1159 225 1387 1080 25 1474 1118 170 1462 1111 150 1691 1338 467 1475 1117 170 1720 1348 495 1693 1339 467 1406 1088 94 1598 1270 354 1389 1081 25 1408 1089 94 1388 1082 25 1773 1370 626 1599 1272 354 1756 1159 579 1727 1158 500 1722 1090 499 1725 1091 500 1771 1234 601 1731 1206 503 1728 1096 503 1755 1214 579 1723 1212 499 1726 1213 500 1742 1320 543 1729 1296 503 1730 1292 503 1767 1327 586 1770 1300 601 1768 1228 586 1744 1118 552 1695 1080 468 1697 1338 468 1814 1272 796 1692 1341 467 1600 1273 354 1713 1347 494 1821 1321 903 1825 1210 984 1827 1273 1025 1828 1377 1025 1816 1371 811 1818 1372 855 1801 1302 1236 1799 1323 1240 1829 1377 1348 1819 1372 1088 1826 1210 1206 1822 1321 1320 1524 1181 1180 1485 1130 1128 1714 1346 1291 1527 1209 1206 1715 1347 1346 1627 1302 381 1677 1323 439 1807 1377 769 1774 1371 626 1783 1372 638 1527 1210 273 1664 1321 419 1653 1181 391 1798 1130 701 1786 1346 639 1824 1209 983 1820 1347 855 1464 179 216 1401 71 290 1457 144 332 1470 169 313 1492 302 453 1508 230 583 1467 154 544 1525 251 588 1542 302 602 1567 314 510 1585 342 587 1493 202 591 1517 341 573 1441 365 488 1568 391 510 1567 390 610 1543 452 602 1509 452 604 1659 452 591 1586 342 546 1660 419 591 1587 585 587 1466 154 675 1554 307 725 1558 309 756 1555 308 750 1557 309 759 1516 236 756 1514 234 751 1515 234 752 1611 365 636 1386 13 627 1396 40 636 1582 336 792 1443 125 658 1470 312 666 1521 344 678 1516 387 757 1514 385 750 1547 455 777 1558 433 699 1544 383 724 1556 387 756 1665 459 789 1480 575 700 1395 479 636 1612 480 636 1613 480 659 1669 625 784 1444 125 660 1710 659 660 1428 116 810 1463 153 876 1450 135 847 1399 70 849 1421 114 876 1422 114 874 1456 140 900 1453 136 877 1402 71 852 1429 116 880 1425 115 878 1587 342 955 1584 337 943 1531 292 938 1580 336 942 1588 348 946 1593 350 947 1541 294 945 1532 292 859 1589 348 911 1579 331 924 1590 348 922 1592 350 1019 1594 350 936 1683 449 1001 1650 390 1016 1646 389 1015 1649 390 889 1645 389 888 1647 389 953 1607 364 982 1684 449 950 1487 199 923 1486 194 919 1471 170 911 1495 222 936 1500 224 943 1499 224 940 1498 223 938 1502 224 941 1501 224 942 1503 225 947 1398 69 844 1458 150 902 1510 231 950 1519 241 956 1511 231 949 1438 122 889 1439 122 888 1490 199 925 1437 122 890 1569 315 1016 1566 313 1014 1570 315 1015 1657 418 1053 1760 584 1017 1758 583 999 1737 541 1054 1763 585 957 1738 541 951 1489 199 926 1512 231 951 1497 223 939 1571 315 1018 1637 384 1007 1636 384 1010 1634 383 869 1642 387 883 1638 385 881 1635 384 870 1689 458 1050 1688 458 928 1704 478 1044 1716 495 856 1700 476 824 1708 479 871 1701 476 990 1706 478 1038 1707 478 1068 1717 495 1071 1733 513 1073 1705 478 826 1734 513 1026 1415 104 869 1417 104 868 1433 119 883 1434 119 881 1418 104 870 1551 306 1008 1552 306 1006 1550 306 1007 1553 306 1009 1549 304 1002 1629 382 1050 1419 113 872 1529 275 991 1605 362 1040 1391 27 826 1445 134 898 1534 292 997 1666 430 1056 1608 364 1043 1609 364 1044 1606 362 1038 1392 27 825 1698 474 1068 1712 494 1073 1791 694 1057 1802 719 1052 1811 781 1061 1795 700 1077 1803 719 929 1788 649 1003 1548 304 1003 1602 361 1037 1404 94 858 1667 430 1058 1670 432 1060 1630 382 1051 1380 136 810 1427 135 810 1422 187 876 1421 177 875 1399 187 847 1463 187 849 1450 187 874 1425 289 877 1429 279 879 1453 289 852 1402 289 853 1502 578 943 1497 498 938 1500 544 942 1503 548 946 1504 597 947 1472 549 911 1487 584 924 1486 579 922 1471 548 913 1495 597 934 1571 611 1016 1569 511 1015 1528 621 989 1459 542 902 1439 511 889 1437 509 888 1390 475 823 1512 603 950 1584 578 921 1531 498 859 1588 548 911 1593 597 936 1541 500 861 1586 545 955 1583 544 943 1532 499 940 1589 549 959 1533 575 938 1536 578 941 1581 576 942 1591 548 947 1594 599 1019 1683 601 950 1650 611 956 1620 602 949 1601 475 822 1648 510 889 1646 511 888 1678 587 925 1654 509 890 1649 511 1016 1645 509 1014 1647 609 1015 1607 621 988 1684 603 1053 1570 609 1017 1657 603 1054 1409 498 862 1519 611 957 1513 604 951 1760 609 954 1758 586 926 1737 603 951 1763 611 1018 1738 604 1055 1550 650 1006 1553 781 1007 1418 651 869 1434 656 883 1417 650 870 1630 780 1050 1609 800 1045 1608 634 1044 1391 634 824 1419 653 871 1529 775 990 1605 800 1038 1699 801 1068 1698 635 1067 1711 660 1073 1392 635 826 1633 648 869 1628 650 868 1641 655 883 1639 656 881 1636 651 870 1635 650 1007 1689 780 1002 1688 722 1050 1704 634 826 1700 634 1043 1706 800 1044 1707 801 1038 1717 642 856 1705 635 1068 1718 770 1071 1734 796 1073 1666 695 1057 1629 722 1052 1671 784 1061 1712 796 1074 1749 704 1077 1549 780 1003 1606 801 1042 1405 642 858 1787 779 1003 1802 722 929 1811 784 1005 1803 723 1058 1788 780 1051 1469 157 880 1451 135 874 1455 136 852 1468 156 850 1655 392 890 1709 487 898 1764 585 1018 1703 476 1043 1740 541 1055 1702 476 1035 1759 583 926 1762 584 954 1805 719 1058 1794 694 1060 1789 649 1051 1812 781 1005 1781 638 1027 1810 775 1037 1400 70 847 1426 115 877 1424 114 875 1430 116 879 1520 241 957 1530 275 990 1393 27 824 1572 315 1017 1658 418 1054 1447 134 899 1668 430 1057 1632 382 1052 1672 432 1061 1751 576 1077 1431 851 880 1423 808 874 1381 808 811 1403 851 852 1400 846 850 1440 887 890 1449 841 898 1535 940 997 1572 923 1018 1610 988 1043 1603 822 1035 1491 924 926 1394 823 825 1668 1008 1058 1672 1009 1060 1631 868 1051 1604 1035 1037 1448 840 841 1452 846 847 1454 809 877 1468 846 879 1765 955 957 1703 988 990 1702 822 824 1761 923 1017 1739 902 1054 1793 1008 1057 1804 1006 1052 1813 1009 1061 1796 997 1077 1568 314 1180 1613 366 1087 1397 40 1087 1674 438 1239 1639 385 1238 1673 438 1128 1651 391 1181 1676 439 1178 1685 455 1142 1686 455 1301 1752 577 1322 1753 577 1129 1523 242 1182 1545 303 1236 1561 310 1239 1574 316 1245 1546 303 1237 1562 310 1238 1575 316 1244 1563 310 1240 1494 203 1142 1626 381 1301 1461 150 1111 1460 150 1110 1483 192 1129 1616 366 1291 1800 714 1144 1797 701 1130 1625 381 1302 1675 439 1323 1652 391 1244 1756 579 1214 1724 499 1212 1725 500 1213 1731 503 1296 1728 503 1292 1766 586 1327 1769 601 1300 1723 499 1090 1726 500 1158 1757 579 1159 1694 468 1080 1743 552 1118 1742 543 1111 1729 503 1096 1730 503 1206 1767 586 1228 1770 601 1234 1744 552 1360 1695 468 1338 1784 639 1346 1806 769 1192 1790 652 1370 1815 796 1272 1505 225 1159 1506 225 1158 1387 25 1079 1410 97 1090 1411 97 1091 1473 170 1117 1413 101 1098 1538 293 1214 1537 293 1212 1540 293 1213 1618 375 1293 1619 375 1292 1681 448 1327 1622 378 1300 1475 170 1118 1388 25 1080 1692 467 1338 1406 94 1089 1407 94 1088 1389 25 1082 1598 354 1272 1719 495 1348 1691 467 1339 1693 467 1340 1772 626 1370 1825 984 1369 1828 1025 1273 1818 855 1347 1662 419 1321 1599 354 1273 1773 626 1371 1782 638 1372 1542 378 1101 1396 480 1087 1660 590 1186 1562 751 1239 1575 763 1245 1560 656 1238 1523 763 1181 1625 717 1301 1617 659 1291 1675 703 1322 1484 704 1129 1623 648 1236 1673 701 1239 1640 751 1238 1651 763 1244 1676 757 1240 1685 716 1266 1686 717 1142 1687 779 1301 1735 673 1110 1752 703 1129 1754 792 1322 1494 717 1144 1483 703 1130 1800 717 1302 1797 703 1323 1577 887 1244 1540 944 1214 1539 941 1212 1537 860 1213 1619 983 1294 1681 998 1328 1622 1000 1299 1618 863 1292 1680 925 1327 1621 949 1300 1411 860 1090 1505 944 1158 1507 946 1159 1387 818 1080 1462 903 1111 1413 864 1096 1691 820 1338 1475 914 1117 1526 971 1197 1693 1063 1339 1598 1026 1270 1389 821 1081 1388 820 1082 1773 899 1370 1599 1027 1272 1756 944 1159 1727 945 1158 1722 859 1090 1725 860 1091 1771 1001 1234 1728 863 1096 1755 919 1214 1723 860 1212 1726 944 1213 1694 818 1201 1732 863 1293 1729 864 1296 1730 983 1292 1767 998 1327 1770 1000 1300 1768 999 1228 1744 914 1118 1695 820 1080 1697 971 1338 1784 855 1089 1780 856 1088 1814 1026 1272 1806 964 1348 1775 820 1339 1692 971 1341 1600 1028 1273 1713 1074 1347 1821 1055 1321 1825 987 1210 1827 1027 1273 1828 1028 1377 1816 899 1371 1818 1074 1372 1801 714 1302 1799 701 1323 1829 1025 1377 1817 811 1371 1819 855 1372 1826 984 1210 1822 903 1321 1524 242 1181 1682 448 1328 1485 192 1130 1527 273 1209 1715 494 1347 1663 1186 1320 1627 1236 1302 1677 1240 1323 1807 1348 1377 1783 1088 1372 1527 1206 1210 1664 1320 1321 1653 1180 1181 1798 1128 1130 1786 1291 1346 1824 1206 1209 1820 1346 1347 1564 1470 313 1543 1492 452 1578 1508 583 1583 1467 544 1612 1441 480 1620 1542 602 1648 1567 510 1678 1585 587 1654 1565 509 1513 1509 604 1748 1581 577 1633 1544 648 1641 1556 655 1623 1414 648 1640 1514 751 1687 1547 779 1690 1386 627 1754 1582 792 1416 1414 649 1560 1559 656 1481 1480 700 1617 1613 659 1671 1669 784 1749 1748 704 1787 1624 779 1484 1481 704 1711 1710 660 1448 1420 840 1452 1427 846 1454 1380 809 1765 1587 955 1727 1541 945 1722 1532 859 1771 1683 1001 1761 1487 923 1755 1486 919 1739 1458 902 1768 1758 999 1780 1716 856 1814 1734 1026 1793 1551 1008 1804 1552 1006 1813 1553 1009 1809 1529 991 1796 1534 997 1403 1401 851 1423 1420 808 1431 1428 851 1440 1436 887 1577 1573 887 1507 1503 946 1491 1487 924 1474 1471 913 1462 1458 903 1394 1390 823 1535 1532 940 1539 1536 941 1621 1620 949 1603 1601 822 1680 1678 925 1610 1607 988 1631 1628 868 1720 1716 1025 1713 1712 1074 1821 1740 1055 1827 1781 1027 1816 1447 899 1382 1381 811 1604 1603 1035 1449 1448 841 1653 1568 1180 1798 1673 1128 1786 1616 1291 1824 1730 1206 1820 1784 1346 1663 1660 1186 1627 1623 1236 1677 1676 1240 1783 1780 1088 1807 1806 1348 1664 1663 1320 1384 1383 13 1465 1464 154 1467 1465 154 1508 1457 230 1522 1521 242 1493 1492 202 1496 1456 223 1565 1564 313 1385 1384 13 1518 1517 241 1442 1441 125 1498 1496 223 1566 1565 313 1438 1436 122 1511 1509 231 1661 1659 419 1580 1466 336 1656 1525 418 1679 1585 448 1582 1581 336 1386 1385 13 1490 1488 199 1563 1559 310 1545 1544 303 1576 1573 316 1415 1414 104 1667 1665 430 1548 1547 304 1534 1533 292 1482 1480 192 1460 1459 150 1444 1442 125 1674 1515 438 1624 1414 381 1634 1554 383 1642 1559 387 1638 1555 385 1708 1611 479 1733 1443 513 1753 1748 577 1626 1624 381 1795 1481 700 1424 1420 114 1430 1427 116 1538 1536 293 1658 1656 418 1410 1409 97 1473 1472 170 1520 1518 241 1506 1504 225 1393 1390 27 1530 1528 275 1662 1661 419 1632 1628 382 1719 1718 495 1407 1405 94 1782 1779 638 1469 1401 157 1451 1379 135 1446 1420 134 1455 1428 136 1652 1436 391 1655 1573 392 1709 1398 487 1750 1501 576 1724 1499 499 1764 1488 585 1740 1458 541 1766 1489 586 1769 1510 601 1759 1578 583 1762 1579 584 1757 1590 579 1743 1592 552 1805 1552 719 1794 1551 694 1789 1416 649 1812 1637 781 1781 1716 638 1810 1701 775 1790 1445 652 1815 1779 796 1447 1446 134 1751 1750 576 1524 1522 242 1682 1679 448 1714 1710 494 1485 1482 192 1801 1546 714 1799 1561 701 1829 1720 1025 1817 1382 811 1819 1406 855 1826 1731 984 1822 1742 903 1715 1714 494 1564 312 1470 1543 302 1492 1578 331 1508 1583 337 1467 1612 365 1441 1620 378 1542 1648 390 1567 1678 448 1585 1654 392 1565 1513 231 1509 1748 576 1581 1633 383 1544 1641 387 1556 1623 381 1414 1640 385 1514 1687 455 1547 1690 462 1386 1754 577 1582 1416 104 1414 1560 310 1559 1481 192 1480 1617 366 1613 1671 432 1669 1749 576 1748 1787 649 1624 1484 192 1481 1711 494 1710 1448 134 1420 1452 135 1427 1454 136 1380 1765 585 1587 1727 500 1541 1722 499 1532 1771 601 1683 1761 584 1487 1755 579 1486 1739 541 1458 1768 586 1758 1780 638 1716 1814 796 1734 1793 694 1551 1804 719 1552 1813 781 1553 1809 775 1529 1796 700 1534 1403 71 1401 1423 114 1420 1431 116 1428 1440 122 1436 1577 316 1573 1507 225 1503 1491 199 1487 1474 170 1471 1462 150 1458 1394 27 1390 1535 292 1532 1539 293 1536 1621 378 1620 1603 361 1601 1680 448 1678 1610 364 1607 1408 94 1404 1631 382 1628 1720 495 1716 1713 494 1712 1821 903 1740 1827 1025 1781 1816 811 1447 1604 361 1603 1449 134 1448 1653 391 1568 1798 701 1673 1786 639 1616 1824 983 1730 1820 855 1784 1663 419 1660 1627 381 1623 1677 439 1676 1783 638 1780 1807 769 1806 1664 419 1663 1384 93 1383 1465 244 1464 1467 337 1465 1508 331 1457 1522 435 1521 1493 452 1492 1496 405 1456 1565 392 1564 1385 461 1384 1518 545 1517 1442 480 1441 1498 575 1496 1566 509 1565 1438 510 1436 1511 602 1509 1661 604 1659 1580 544 1466 1656 542 1525 1679 607 1585 1582 577 1581 1386 462 1385 1490 587 1488 1563 757 1559 1545 648 1544 1576 786 1573 1415 648 1414 1667 723 1665 1548 779 1547 1534 700 1533 1482 702 1480 1460 673 1459 1444 659 1442 1674 751 1515 1624 649 1414 1634 651 1554 1642 656 1559 1638 654 1555 1708 653 1611 1733 660 1443 1753 704 1748 1626 779 1624 1795 704 1481 1424 840 1420 1430 846 1427 1538 919 1536 1658 902 1656 1410 859 1409 1473 912 1472 1520 955 1518 1506 945 1504 1393 822 1390 1530 988 1528 1662 1055 1661 1632 1006 1628 1719 964 1718 1407 856 1405 1782 1074 1779 1469 851 1401 1446 808 1420 1455 851 1428 1652 887 1436 1655 887 1573 1709 841 1398 1750 940 1501 1724 941 1499 1764 923 1488 1740 903 1458 1766 925 1489 1769 949 1510 1759 924 1578 1762 952 1579 1757 946 1590 1805 1008 1552 1794 1009 1551 1789 868 1416 1812 1004 1637 1781 1025 1716 1810 1035 1701 1790 899 1445 1815 1027 1779 1447 811 1446 1751 997 1750 1524 1180 1522 1682 1176 1679 1714 1291 1710 1485 1128 1482 1801 1236 1546 1799 1240 1561 1829 1348 1720 1819 1088 1406 1826 1206 1731 1822 1320 1742 1715 1346 1714 1876 396 255 1879 451 343 1879 450 201 1877 447 396 1914 614 447 1914 613 254 2024 612 411 1915 614 254 1907 753 386 2023 787 456 2043 776 567 1865 696 571 1994 798 624 2176 807 572 1852 664 141 1908 755 235 1907 754 235 1911 759 237 1940 645 296 1954 753 308 1962 787 312 2023 718 406 2043 693 426 2022 765 399 2046 790 431 2047 696 431 2044 807 426 2131 688 521 2081 641 462 1909 665 662 1955 753 682 1976 762 677 1910 753 235 1955 683 308 1931 831 483 1918 961 483 1835 815 463 1932 992 529 1929 989 567 2082 1023 505 2016 1011 754 2184 1075 698 1957 1011 657 1995 1036 798 2048 1059 805 2250 1042 801 1835 814 16 1919 961 260 1932 993 278 1958 1011 311 1930 991 275 2014 882 386 2015 1011 386 2185 1036 571 2182 1056 570 2189 1059 572 2186 1075 571 2083 962 814 2118 994 961 2108 1069 985 1920 962 260 1940 1160 372 2072 1257 613 2013 1231 606 2035 1256 537 2029 1251 536 2010 1227 507 2009 1102 507 2011 1104 508 2030 1105 537 2033 1106 536 2012 1174 605 2074 1177 606 1905 1174 606 1854 1107 537 1853 1105 536 1848 1104 507 1947 1226 507 1971 1255 537 1967 1252 536 1972 1256 613 1950 1232 606 2131 1184 562 1915 1184 522 2059 1250 755 2068 1253 744 2055 1260 748 2070 1222 747 2051 1217 740 2003 1219 742 2007 1216 746 2006 1220 646 1998 1215 644 2002 1223 647 2065 1221 710 2052 1218 705 2050 1249 707 2060 1261 708 2077 1265 716 2057 1133 707 2066 1136 711 2053 1132 708 2069 1137 710 2049 1131 705 2076 1141 715 2001 1093 646 1999 1092 645 2005 1094 644 2032 1164 744 2008 1168 747 2000 1161 740 2067 1165 742 2054 1169 746 2071 1170 749 2061 1179 762 2079 1143 718 2175 1319 766 2168 1307 731 2171 1290 737 2156 1285 728 2099 1287 729 2106 1281 736 2103 1284 733 2143 1316 739 2133 1308 734 2105 1288 633 2100 1278 630 2096 1283 632 2165 1289 689 2158 1286 685 2170 1318 692 2155 1305 686 2174 1126 692 2166 1124 691 2159 1121 687 2169 1125 689 2154 1120 685 2097 1084 633 2104 1086 631 2101 1085 632 2147 1187 766 2142 1155 738 2107 1154 737 2102 1150 732 2098 1146 728 2167 1149 729 2160 1153 733 2172 1157 739 2157 1148 730 2139 1357 803 2192 1365 745 2136 1356 672 2162 1123 688 2138 1109 672 2193 1258 791 2199 1312 804 1896 1165 744 1902 1169 748 1901 1170 747 1895 1163 742 1900 1168 746 1842 1094 646 1840 1092 644 1843 1093 647 1872 1133 706 1875 1136 710 1871 1132 705 1873 1131 707 1874 1134 708 1881 1141 716 1880 1143 715 1965 1250 707 1968 1253 711 1977 1260 708 1942 1222 710 1937 1217 705 1941 1219 646 1936 1216 644 1969 1251 744 1944 1220 747 1938 1215 740 1946 1223 743 1958 1241 754 1943 1221 742 1939 1218 746 1979 1261 762 1886 1149 731 1893 1156 738 1890 1153 735 1892 1157 737 1887 1152 732 1883 1148 728 1884 1146 729 1891 1154 736 1888 1150 733 1894 1155 739 1889 1151 734 1885 1147 730 1839 1086 633 1836 1085 630 1837 1083 631 1838 1084 632 1862 1126 690 1861 1124 689 1858 1121 685 1864 1125 692 1859 1120 686 1863 1127 691 2040 1319 692 1991 1290 689 1987 1285 685 1990 1287 633 1986 1284 632 2042 1317 766 1993 1288 737 1988 1283 728 1992 1289 729 1989 1286 733 2041 1318 739 2025 1310 803 1897 1166 745 1855 1108 672 2132 1357 672 2191 1365 791 2163 1363 804 2236 1366 791 2223 1364 804 2222 1171 748 2243 1167 745 2240 1314 803 1903 1171 749 1841 1095 645 1882 1144 718 1973 1259 791 2026 1313 804 1945 1225 647 1978 1262 748 2190 1367 745 2134 1358 803 2196 1328 998 2123 1293 992 2128 1299 1000 2153 1359 975 2122 1349 866 2124 1211 994 2246 1326 1013 2258 1344 1024 2262 1345 1064 2233 1242 1013 2245 1243 1012 2251 1208 987 2259 1276 1029 2260 1271 1024 2261 1375 1028 2263 1336 1066 1948 1229 998 1934 1211 992 1951 1233 1000 1923 1198 972 1926 1202 975 1844 1097 866 2149 1359 914 2085 1329 962 2120 1349 994 2151 1360 1021 1960 1243 1013 1984 1270 1024 2087 1336 1064 2062 1325 1013 2092 1342 821 2094 1344 1029 2093 1345 1024 2088 1335 1065 2249 1375 1066 2288 1362 1021 2282 1376 1066 2290 1378 1070 2283 1205 975 2276 1099 866 1845 1099 867 2089 1337 1066 2150 1361 975 2117 1350 866 2248 1377 1028 1876 1116 198 1971 1256 334 1967 1251 333 1848 1102 103 1849 1104 103 1854 1105 149 1904 1174 232 1905 1177 232 2013 1174 379 2031 1164 413 2035 1107 415 2029 1105 413 2010 1104 379 2009 1226 377 2011 1231 379 2030 1255 413 2033 1252 414 2037 1256 415 2012 1227 379 2074 1232 450 2034 1106 414 2036 1309 415 1916 1185 254 1966 1250 327 1969 1253 333 1978 1260 339 1944 1222 297 1938 1217 295 1943 1219 297 1939 1216 295 1941 1220 297 1936 1215 295 1945 1223 298 1942 1221 297 1937 1218 295 1965 1249 327 1968 1254 333 1977 1261 339 1873 1133 195 1874 1132 195 1875 1137 197 1871 1131 195 1872 1134 195 1880 1141 203 1842 1093 98 1841 1092 98 1840 1094 98 1901 1168 228 1895 1165 227 1900 1169 228 1903 1170 228 1881 1142 203 1882 1143 203 1946 1224 298 2042 1319 417 1993 1290 359 1988 1285 358 1992 1287 359 1989 1284 358 2041 1316 417 2039 1317 417 1990 1288 359 1986 1283 358 1991 1289 359 1987 1286 358 2040 1318 417 1864 1126 174 1859 1122 173 1863 1124 174 1860 1121 173 1861 1125 174 1858 1120 173 1839 1084 26 1836 1083 26 1837 1086 26 1838 1085 26 1886 1147 211 1893 1155 213 1890 1151 212 1892 1154 213 1887 1150 212 1883 1146 211 1884 1149 211 1891 1156 213 1888 1153 212 1894 1157 213 1889 1152 212 1885 1148 211 1862 1127 174 2134 1357 535 2190 1365 582 2132 1356 535 1855 1109 149 1973 1258 334 2026 1312 412 1976 1114 339 2068 1165 444 2055 1169 441 2070 1170 445 2051 1162 440 2003 1163 373 2007 1168 374 2006 1094 374 1998 1092 372 2002 1093 373 2056 1133 442 2065 1136 444 2052 1132 441 2050 1131 440 2077 1141 454 2078 1143 456 2057 1250 442 2073 1257 447 2066 1253 444 2053 1260 441 2069 1222 445 2049 1217 440 2076 1245 454 2001 1219 373 2005 1216 374 2032 1251 413 2008 1220 374 2000 1215 372 2004 1223 373 2058 1241 442 2067 1221 444 2054 1218 441 2071 1263 445 2061 1261 443 2080 1246 456 2175 1188 565 2168 1149 563 2161 1153 560 2171 1157 564 2156 1148 559 2099 1146 471 2106 1154 473 2103 1150 472 2143 1155 540 2105 1086 473 2100 1085 472 2096 1084 471 2173 1126 565 2165 1124 563 2158 1121 560 2170 1125 564 2155 1120 559 2174 1319 565 2166 1307 563 2159 1311 560 2169 1290 564 2154 1285 559 2097 1287 471 2104 1281 473 2101 1284 472 2107 1288 473 2102 1278 472 2098 1283 471 2167 1289 563 2160 1286 560 2172 1318 564 2157 1305 559 2139 1310 539 2192 1166 600 2136 1108 538 2138 1357 539 2193 1365 600 2199 1363 615 2191 1366 582 2163 1364 562 1843 1095 98 1902 1171 228 1897 1167 227 2025 1314 412 2236 1259 713 2223 1313 687 2222 1262 676 2243 1367 743 2240 1358 735 1922 1198 268 1921 1199 268 1948 1228 299 1951 1234 301 2150 1359 550 2084 1329 463 2117 1349 502 2149 1360 550 1845 1098 101 1935 1211 278 2062 1326 443 2094 1342 469 2093 1344 469 2095 1345 469 2092 1343 469 1960 1242 311 1959 1243 311 1928 1207 273 2087 1334 466 2086 1335 466 2248 1375 769 2089 1336 466 2196 1229 605 2123 1211 504 2128 1233 508 2153 1202 551 2124 1349 504 2246 1243 760 2258 1270 794 2262 1336 795 2233 1325 706 2251 1368 774 2259 1344 794 2260 1345 795 2261 1271 795 2263 1375 795 2151 1362 550 2249 1376 769 2252 1378 774 1926 1205 269 1844 1099 101 2088 1337 466 2288 1248 970 2277 1099 865 2282 1337 963 2283 1361 969 2276 1350 865 2194 1166 1164 2130 1233 1231 2198 1229 1227 2137 1108 1106 2141 1310 1309 2200 1363 1185 2234 1325 1134 2241 1358 1151 2237 1259 1257 2225 1313 1311 2285 1361 1199 2278 1350 1329 1906 1177 1173 1970 1254 1183 1974 1258 1255 2027 1312 1309 1857 1109 1107 1917 1185 1184 1961 1242 1241 1898 1167 1163 2028 1314 1311 2064 1326 1179 2164 1364 1123 1953 1235 1232 2152 1362 1199 2253 1378 1208 1970 1252 333 1906 1175 232 1899 1166 227 1952 1233 301 1949 1229 299 1856 1108 149 2027 1310 412 2063 1325 443 2135 1358 535 1975 1259 334 2028 1313 412 2152 1361 550 2121 1350 502 1927 1204 269 2075 1177 450 2195 1258 600 2201 1312 615 2140 1109 539 2197 1328 605 2129 1299 508 2235 1242 706 2244 1167 743 2242 1314 735 2247 1326 760 2224 1364 687 2289 1362 970 2291 1378 985 2017 1557 759 2188 1477 698 1866 1476 696 1982 1596 793 2202 1597 793 2178 1745 807 2217 1644 1012 2211 1638 881 2213 1643 884 2212 1432 882 2216 1435 884 2266 1746 1075 2267 1808 1076 2229 1792 915 2227 1478 915 2265 1602 1037 2231 1670 1060 2268 1699 1070 1831 1380 810 1850 1435 882 1851 1433 884 2019 1644 884 2180 1746 1076 1868 1479 915 2226 1791 915 2292 1747 1076 2254 1809 1076 2111 1614 1269 2110 1397 1087 2115 1596 1269 2221 1741 1317 2218 1736 1110 2238 1574 1245 2257 1576 1246 2219 1461 1111 2279 1743 1118 2275 1732 1097 2281 1744 1360 2271 1776 1343 2272 1785 1089 2296 1778 1334 2270 1389 1082 2294 1600 1271 1983 1595 1269 1996 1615 1269 1963 1574 1246 2144 1735 1110 2146 1736 1316 1847 1412 1097 1846 1413 1096 1924 1526 1197 2090 1696 1197 2091 1694 1201 2126 1732 1293 2207 1784 1089 2204 1777 1334 2203 1776 1082 2205 1775 1339 2206 1778 1343 2298 1817 1371 2300 1682 1328 2286 1823 1205 1994 1601 361 1956 1556 309 2048 1669 432 2183 1476 570 2187 1477 572 2113 1596 496 1982 1597 352 2202 1690 627 2255 1745 776 1830 1380 3 1981 1591 350 2020 1644 388 2019 1643 388 1850 1432 119 1851 1435 119 2179 1746 569 2254 1808 775 2226 1792 694 1868 1478 176 2109 1699 474 2215 1435 657 2211 1432 654 2213 1433 655 2230 1670 697 2210 1404 641 2264 1602 799 2216 1644 657 2267 1746 799 2229 1479 697 2227 1791 695 2265 1808 799 2231 1792 697 2180 1747 569 2292 1809 991 1996 1614 366 1983 1596 352 2148 1741 543 2145 1735 540 2144 1736 540 1963 1576 316 2091 1696 468 2125 1732 504 2090 1697 468 2205 1777 629 2206 1776 629 2207 1785 639 2203 1775 629 2204 1778 629 1846 1412 101 1985 1600 354 1925 1526 268 2111 1595 481 2110 1614 481 2239 1574 715 2218 1461 674 2219 1741 674 2220 1736 674 2279 1474 913 2275 1412 863 2272 1408 857 2295 1777 1063 2270 1776 821 2297 1778 1064 2298 1774 1078 2301 1823 1201 2208 1721 1615 2232 1479 1477 2269 1381 1379 2273 1408 1404 2302 1823 1696 1997 1616 1615 1869 1478 1476 2021 1643 1557 2181 1747 1745 2209 1785 1721 2116 1721 496 1870 1479 176 1834 1382 3 2287 1823 969 2208 1616 639 2228 1478 695 2214 1643 655 2293 1747 991 2269 1451 808 2280 1743 913 2274 1785 857 2299 1817 1078 1879 201 451 1913 254 613 2024 411 538 1914 254 614 2024 414 612 1915 522 614 1852 141 665 1954 308 654 1878 198 713 1907 235 753 1908 235 754 1962 312 786 2023 406 787 2022 399 690 2046 431 696 2047 431 798 2044 426 805 2081 462 793 1852 327 664 1954 386 753 1962 456 787 1929 567 776 2043 567 693 2022 565 765 2046 570 790 2047 571 696 2044 572 807 1909 235 665 1955 308 753 2045 426 807 1910 682 753 1909 662 682 1955 682 683 1964 665 755 1931 278 831 1918 260 961 1835 16 815 1929 275 989 2082 463 1023 1919 260 962 2016 386 1011 2015 386 882 2187 572 1059 2184 571 1075 2186 571 1036 1957 311 1011 1995 361 1036 2048 432 1059 2250 774 1042 1931 483 961 1932 529 993 1958 754 1011 2177 698 1075 2015 657 1011 2185 798 1036 2182 695 1056 2189 805 1059 2127 505 867 2108 474 1069 1920 814 962 1933 961 994 1980 343 1173 1940 296 1160 2072 447 1257 2013 379 1231 2031 413 1255 2035 415 1256 2029 413 1251 2010 379 1227 2009 377 1102 2011 379 1104 2030 413 1105 2033 414 1106 2012 379 1174 2074 450 1177 2038 415 1309 2036 415 1107 1904 232 1176 1905 232 1174 1853 149 1105 1848 103 1104 1849 103 1103 1947 299 1226 1967 333 1252 1972 334 1256 2131 521 1184 2059 442 1250 2068 444 1253 2055 441 1260 2070 445 1222 2051 440 1217 2003 373 1219 2007 374 1216 2006 374 1220 1998 372 1215 2002 373 1223 2056 442 1241 2065 444 1221 2052 441 1218 2050 440 1249 2060 443 1261 2077 454 1265 2078 456 1246 2057 442 1133 2066 444 1136 2053 441 1132 2069 445 1137 2049 440 1131 2076 454 1141 2001 373 1093 1999 372 1092 2005 374 1094 2032 413 1164 2008 374 1168 2000 372 1161 2004 373 1163 2067 444 1165 2054 441 1169 2071 445 1170 2079 456 1143 2175 565 1319 2168 563 1307 2161 560 1311 2171 564 1290 2156 559 1285 2099 471 1287 2106 473 1281 2103 472 1284 2133 535 1308 2105 473 1288 2100 472 1278 2096 471 1283 2165 563 1289 2158 560 1286 2170 564 1318 2155 559 1305 2174 565 1126 2166 563 1124 2159 560 1121 2169 564 1125 2154 559 1120 2097 471 1084 2104 473 1086 2101 472 1085 2147 543 1187 2142 540 1155 2107 473 1154 2102 472 1150 2098 471 1146 2167 563 1149 2160 560 1153 2172 564 1157 2157 559 1148 2139 539 1357 2192 600 1365 2136 538 1356 2138 539 1109 2193 600 1258 2199 615 1312 1896 227 1165 1902 228 1169 1901 228 1170 1912 237 1179 1900 228 1168 1842 98 1094 1840 98 1092 1843 98 1093 1872 195 1133 1875 197 1136 1871 195 1132 1873 195 1131 1874 195 1134 1881 203 1141 1880 203 1143 1965 327 1250 1968 333 1253 1977 339 1260 1942 297 1222 1937 295 1217 1941 297 1219 1936 295 1216 1969 333 1251 1944 297 1220 1938 295 1215 1946 298 1223 1943 297 1221 1939 295 1218 1979 339 1261 1886 211 1149 1893 213 1156 1890 212 1153 1892 213 1157 1887 212 1152 1883 211 1148 1884 211 1146 1891 213 1154 1888 212 1150 1894 213 1155 1889 212 1151 1885 211 1147 1839 26 1086 1836 26 1085 1837 26 1083 1838 26 1084 1862 174 1126 1861 174 1124 1858 173 1121 1864 174 1125 1859 173 1120 1860 173 1123 1863 174 1127 2040 417 1319 1991 359 1290 1987 358 1285 1990 359 1287 1986 358 1284 2039 417 1316 2042 417 1317 1993 359 1288 1988 358 1283 1992 359 1289 1989 358 1286 2041 417 1318 2025 412 1310 1897 227 1166 1855 149 1108 2132 535 1357 2191 582 1365 2163 562 1363 2236 713 1366 2223 687 1364 2222 676 1171 2243 743 1167 2240 735 1314 1903 228 1171 1841 98 1095 1882 203 1144 1973 334 1259 2026 412 1313 1945 298 1225 1978 339 1262 2190 582 1367 2134 535 1358 2196 605 1328 2128 508 1299 2153 551 1359 2122 504 1349 2124 504 1211 2246 760 1326 2258 794 1344 2262 795 1345 2233 706 1242 2245 760 1243 2259 794 1276 2260 795 1271 2261 795 1375 2263 795 1336 1922 268 1199 1948 299 1229 1934 278 1211 1951 301 1233 1923 268 1198 1926 269 1202 2149 550 1359 2085 463 1329 2120 502 1349 2151 550 1360 1960 311 1243 1928 273 1208 1984 354 1270 2087 466 1336 2086 466 1334 2062 443 1325 2092 469 1342 2094 469 1344 2093 469 1345 2095 469 1343 2088 466 1335 2249 769 1375 2288 970 1362 2282 963 1376 2290 985 1378 2276 865 1099 1845 101 1099 2089 466 1337 2150 550 1361 2117 502 1350 2248 769 1377 1876 255 1116 1972 613 1257 1950 606 1231 1971 537 1256 1967 536 1251 1947 507 1227 1848 507 1102 1849 508 1104 1854 537 1105 1853 536 1106 1904 605 1174 1905 606 1177 2013 606 1174 2035 537 1107 2029 536 1105 2010 507 1104 2009 507 1226 2030 537 1255 2033 536 1252 2037 613 1256 2074 606 1232 1966 755 1250 1969 744 1253 1978 748 1260 1944 747 1222 1938 740 1217 1943 742 1219 1939 746 1216 1941 646 1220 1936 644 1215 1945 647 1223 1942 710 1221 1937 705 1218 1965 707 1249 1968 711 1254 1977 708 1261 1873 707 1133 1874 708 1132 1875 710 1137 1871 705 1131 1880 715 1141 1842 646 1093 1841 645 1092 1840 644 1094 1896 744 1164 1901 747 1168 1895 742 1165 1900 746 1169 1903 749 1170 1881 716 1142 1882 718 1143 1946 743 1224 2042 766 1319 1993 737 1290 1988 728 1285 1992 729 1287 1989 733 1284 2041 739 1316 1990 633 1288 1986 632 1283 1991 689 1289 1987 685 1286 2040 692 1318 1864 692 1126 1859 686 1122 1863 691 1124 1860 687 1121 1861 689 1125 1858 685 1120 1839 633 1084 1836 630 1083 1837 631 1086 1838 632 1085 1886 731 1147 1893 738 1155 1892 737 1154 1887 732 1150 1883 728 1146 1884 729 1149 1891 736 1156 1888 733 1153 1894 739 1157 1889 734 1152 1885 730 1148 1862 690 1127 2134 803 1357 2190 745 1365 2132 672 1356 1855 672 1109 1973 791 1258 2026 804 1312 1976 677 1114 2068 744 1165 2055 748 1169 2070 747 1170 2051 740 1162 2003 742 1163 2007 746 1168 2006 646 1094 1998 644 1092 2002 647 1093 2056 706 1133 2065 710 1136 2052 705 1132 2050 707 1131 2060 708 1134 2077 716 1141 2078 715 1143 2057 707 1250 2066 711 1253 2053 708 1260 2069 710 1222 2049 705 1217 2001 646 1219 2005 644 1216 2032 744 1251 2008 747 1220 2000 740 1215 2004 743 1223 2058 754 1241 2067 742 1221 2054 746 1218 2071 749 1263 2061 762 1261 2175 766 1188 2168 731 1149 2161 735 1153 2171 737 1157 2156 728 1148 2099 729 1146 2106 736 1154 2103 733 1150 2143 739 1155 2133 734 1151 2105 633 1086 2100 630 1085 2096 632 1084 2173 690 1126 2165 689 1124 2158 685 1121 2170 692 1125 2155 686 1120 2174 692 1319 2166 691 1307 2169 689 1290 2154 685 1285 2097 633 1287 2104 631 1281 2101 632 1284 2147 766 1317 2142 738 1315 2107 737 1288 2102 732 1278 2098 728 1283 2167 729 1289 2160 733 1286 2172 739 1318 2157 730 1305 2139 803 1310 2192 745 1166 2136 672 1108 2138 672 1357 2193 791 1365 2199 804 1363 2191 791 1366 2163 804 1364 1843 647 1095 1902 748 1171 1897 745 1167 2025 803 1314 2236 791 1259 2223 804 1313 2222 748 1262 2243 745 1367 2240 803 1358 1922 970 1198 1948 998 1228 1951 1000 1234 2150 975 1359 2117 866 1349 1845 867 1098 1935 994 1211 2062 1013 1326 2094 1029 1342 2093 1024 1344 2095 1064 1345 1960 1013 1242 1959 1012 1243 1928 985 1207 1984 1024 1271 2086 1063 1335 2248 1028 1375 2089 1066 1336 2196 998 1229 2123 992 1211 2128 1000 1233 2153 975 1202 2122 866 1097 2119 962 1329 2124 994 1349 2246 1013 1243 2258 1024 1270 2262 1064 1336 2233 1013 1325 2251 987 1368 2259 1029 1344 2260 1024 1345 2263 1066 1375 2151 1021 1362 2249 1066 1376 2252 1070 1378 1923 972 1200 1926 975 1205 1844 866 1099 2088 1065 1337 2288 1021 1248 2277 867 1099 2282 1066 1337 2283 975 1361 2276 866 1350 2194 600 1166 2130 508 1233 2198 605 1229 2137 538 1108 2141 539 1310 2200 615 1363 2234 706 1325 2241 735 1358 2237 713 1259 2225 687 1313 2285 969 1361 2278 865 1350 1906 232 1177 1970 333 1254 1974 334 1258 2027 412 1312 1857 149 1109 1917 254 1185 1961 311 1242 1898 227 1167 2028 412 1314 2064 443 1326 2164 562 1364 1953 301 1235 1927 269 1205 2152 550 1362 2253 774 1378 1970 1183 1252 1906 1173 1175 1899 1164 1166 1952 1231 1233 1949 1227 1229 1856 1106 1108 2027 1309 1310 2063 1134 1325 2135 1151 1358 1975 1257 1259 2028 1311 1313 2152 1199 1361 2121 1329 1350 1927 1201 1204 2075 1173 1177 2195 1255 1258 2201 1309 1312 2140 1107 1109 2129 1103 1299 2235 1241 1242 2244 1163 1167 2242 1311 1314 2247 1179 1326 2224 1123 1364 2289 1199 1362 2291 1208 1378 2182 570 1476 2188 572 1477 1956 309 1557 1982 352 1596 2202 627 1597 2217 657 1644 2211 654 1638 2213 655 1643 2256 776 1745 2212 654 1432 2216 657 1435 2266 799 1746 2267 799 1808 2229 697 1792 2227 695 1478 2265 799 1602 2231 697 1670 2268 801 1699 1831 3 1380 1981 350 1592 1850 119 1435 1851 119 1433 2019 388 1644 2114 496 1721 2180 569 1746 1868 176 1479 2226 694 1791 2292 991 1747 2254 775 1809 2111 481 1614 2110 481 1397 2115 496 1596 2221 674 1741 2218 674 1736 2238 715 1574 2257 786 1576 2219 674 1461 2279 913 1743 2275 863 1732 2281 914 1744 2271 821 1776 2272 857 1785 2296 1064 1778 2270 821 1389 2294 1028 1600 1983 352 1595 1963 316 1574 2144 540 1735 2146 540 1736 1847 101 1412 1846 101 1413 1924 268 1526 1832 3 1382 2090 468 1696 2091 468 1694 2126 504 1732 2207 639 1784 2204 629 1777 2203 629 1776 2205 629 1775 2206 629 1778 2298 1078 1817 2300 1176 1682 2286 969 1823 1994 624 1601 1956 655 1556 2048 805 1669 1867 698 1477 2183 696 1476 2113 793 1596 1982 793 1597 2202 793 1690 2255 807 1745 1830 809 1380 1831 810 1379 1981 913 1591 2020 1012 1644 2019 884 1643 1850 882 1432 1851 884 1435 2179 1075 1746 2254 1076 1808 2226 915 1792 1868 915 1478 2109 1070 1699 2215 882 1435 2211 881 1432 2213 884 1433 2230 1059 1670 2264 1036 1602 2216 884 1644 2267 1076 1746 2229 915 1479 2227 915 1791 2265 1037 1808 2231 1060 1792 2180 1076 1747 2292 1076 1809 1996 1269 1614 1983 1269 1596 2148 1317 1741 2145 1315 1735 2144 1110 1736 1963 1246 1576 2125 1097 1732 2090 1197 1697 2205 1339 1777 2206 1343 1776 2207 1089 1785 2203 1082 1775 2204 1334 1778 1846 1096 1412 1985 1271 1600 1925 1200 1526 2111 1269 1595 2110 1087 1614 2115 1269 1615 2239 1246 1574 2218 1110 1461 2219 1111 1741 2220 1316 1736 2279 1118 1474 2275 1097 1412 2272 1089 1408 2284 1197 1696 2295 1334 1777 2270 1082 1776 2297 1343 1778 2298 1371 1774 2301 1205 1823 2232 697 1479 2269 808 1381 2273 857 1408 2302 1201 1823 1997 366 1616 1869 176 1478 2021 388 1643 2181 569 1747 2209 639 1785 2116 1615 1721 1870 1477 1479 1833 1379 1381 1834 1381 1382 2287 1696 1823 2208 1615 1616 2228 1476 1478 2214 1557 1643 2293 1745 1747 2269 1379 1451 2280 1592 1743 2274 1721 1785 2299 1382 1817 2037 1913 613 2034 2024 538 1916 1913 615 1964 1852 665 2014 1954 654 2073 1878 713 2018 1911 760 2058 1908 754 2080 1962 786 2173 2022 690 2183 2046 696 2185 2047 798 2189 2044 805 2113 2081 793 1930 1929 776 1867 1865 698 2177 2176 698 2255 2045 807 1910 1909 682 1966 1964 755 2119 1919 962 2215 2015 882 2230 2187 1059 2210 2112 857 2264 2186 1036 1933 1931 961 2084 2082 865 1959 1957 1012 2179 2177 1075 2020 2018 1012 2252 2250 1070 2277 2127 867 1935 1933 994 2109 2108 1070 2075 1980 1173 2195 2031 1255 2201 2038 1309 2140 2036 1107 2197 1904 1176 2129 1849 1103 2235 2056 1241 2239 2078 1246 2244 2004 1163 2242 2161 1311 2247 1912 1179 2224 1860 1123 2220 2039 1316 2289 1922 1199 2284 1921 1197 2291 1928 1208 2295 2086 1334 2297 2095 1343 1975 1972 1257 1952 1950 1231 1949 1947 1227 1856 1853 1106 1899 1896 1164 2063 2060 1134 2135 2133 1151 2148 2147 1317 2145 2142 1315 1985 1984 1271 2125 2122 1097 2121 2119 1329 1925 1923 1200 2301 1927 1205 2228 2182 1476 2214 1956 1557 2293 2256 1745 2280 1981 1592 2274 2114 1721 2299 1832 1382 1870 1867 1477 1833 1831 1379 2116 2115 1615 2287 2284 1696 1834 1833 1381 1877 1876 198 1980 1879 343 1878 1877 198 2072 1914 447 2038 1913 415 1912 1911 237 2045 2043 426 1866 1865 176 1995 1994 361 2178 2176 569 2059 1908 442 2016 1907 386 2017 1911 388 1999 1940 372 2079 2023 456 2184 1865 571 2162 2131 562 2112 2081 496 2188 2176 572 1979 1976 339 1934 1932 278 2114 2112 496 2083 1835 463 2118 1919 502 2127 2082 505 2217 1957 657 2256 1930 776 2212 2014 654 2245 2018 760 2266 2186 799 2268 2250 801 2085 2083 463 2120 2118 502 2290 2108 985 1857 1854 149 1974 1971 334 1953 1950 301 1917 1915 254 2064 2061 443 2146 2143 540 2164 2162 562 1898 1895 227 1961 1958 311 2126 2123 504 2253 2251 774 1924 1921 268 1847 1844 101 2286 2283 969 2194 2031 600 2130 2011 508 2198 2012 605 2137 2034 538 2141 2036 539 2200 1916 615 2234 1872 706 2221 2039 674 2241 1890 735 2237 2073 713 2238 2076 715 2257 2080 786 2225 2159 687 2285 1921 969 2278 2084 865 2281 2149 914 2271 2092 821 2296 2087 1064 2294 2261 1028 2300 2197 1176 2021 2017 388 1869 1866 176 2181 2178 569 1997 1996 366 2232 2187 697 2273 2210 857 2302 2091 1201 2209 2208 639 2037 415 1913 2034 414 2024 1916 254 1913 1964 327 1852 2014 386 1954 2073 447 1878 2018 388 1911 2058 442 1908 2080 456 1962 2173 565 2022 2183 570 2046 2185 571 2047 2189 572 2044 2113 496 2081 1930 275 1929 1867 176 1865 2177 569 2176 2255 776 2045 1910 235 1909 1966 327 1964 2119 502 1919 2215 657 2015 2230 697 2187 2210 641 2112 2264 799 2186 1933 278 1931 2084 463 2082 1959 311 1957 2179 569 2177 2020 388 2018 2252 774 2250 2277 865 2127 1935 278 1933 2109 474 2108 2075 450 1980 2195 600 2031 2201 615 2038 2140 539 2036 2197 605 1904 2129 508 1849 2235 706 2056 2239 715 2078 2244 743 2004 2242 735 2161 2247 760 1912 2224 687 1860 2220 674 2039 2289 970 1922 2284 969 1921 2291 985 1928 2295 1063 2086 2297 1064 2095 1975 334 1972 1952 301 1950 1949 299 1947 1856 149 1853 1899 227 1896 2063 443 2060 2135 535 2133 2148 543 2147 2145 540 2142 1985 354 1984 2125 504 2122 2121 502 2119 1925 268 1923 2301 1201 1927 2228 695 2182 2214 655 1956 2293 991 2256 2280 913 1981 2274 857 2114 2299 1078 1832 1870 176 1867 1833 3 1831 2116 496 2115 2287 969 2284 1834 3 1833 1877 396 1876 1980 450 1879 1878 447 1877 2072 613 1914 2038 615 1913 1912 760 1911 2045 776 2043 1866 696 1865 1995 798 1994 2178 807 2176 2059 755 1908 2016 754 1907 2017 759 1911 1999 645 1940 2079 718 2023 2184 698 1865 2162 688 2131 2112 641 2081 2188 698 2176 1979 762 1976 1934 992 1932 2114 857 2112 2083 814 1835 2118 961 1919 2127 865 2082 2217 1012 1957 2256 991 1930 2212 882 2014 2245 1012 2018 2266 1075 2186 2268 1070 2250 2085 962 2083 2120 994 2118 2290 1070 2108 1857 1107 1854 1974 1255 1971 1953 1232 1950 1917 1184 1915 2064 1179 2061 2146 1316 2143 2164 1123 2162 1898 1163 1895 1961 1241 1958 2126 1293 2123 2253 1208 2251 1924 1197 1921 1847 1097 1844 2286 1205 2283 2194 1164 2031 2130 1231 2011 2198 1227 2012 2137 1106 2034 2141 1309 2036 2200 1185 1916 2234 1134 1872 2221 1317 2039 2241 1151 1890 2237 1257 2073 2238 1245 2076 2257 1246 2080 2225 1311 2159 2285 1199 1921 2278 1329 2084 2281 1360 2149 2271 1343 2092 2296 1334 2087 2294 1271 2261 2300 1328 2197 2021 1557 2017 1869 1476 1866 2181 1745 2178 1997 1615 1996 2232 1477 2187 2273 1404 2210 2302 1696 2091 2209 1721 2208 
        </DataArray>
        <DataArray type="Int32" Name="offsets" format="ascii">
          3 6 9 12 15 18 21 24 27 30 33 36 39 42 45 48 51 54 57 60 63 66 69 72 75 78 81 84 87 90 93 96 99 102 105 108 111 114 117 120 123 126 129 132 135 138 141 144 147 150 153 156 159 162 165 168 171 174 177 180 183 186 189 192 195 198 201 204 207 210 213 216 219 222 225 228 231 234 237 240 243 246 249 252 255 258 261 264 267 270 273 276 279 282 285 288 291 294 297 300 303 306 309 312 315 318 321 324 327 330 333 336 339 342 345 348 351 354 357 360 363 366 369 372 375 378 381 384 387 390 393 396 399 402 405 408 411 414 417 420 423 426 429 432 435 438 441 444 447 450 453 456 459 462 465 468 471 474 477 480 483 486 489 492 495 498 501 504 507 510 513 516 519 522 525 528 531 534 537 540 543 546 549 552 555 558 561 564 567 570 573 576 579 582 585 588 591 594 597 600 603 606 609 612 615 618 621 624 627 630 633 636 639 642 645 648 651 654 657 660 663 666 669 672 675 678 681 684 687 690 693 696 699 702 705 708 711 714 717 720 723 726 729 732 735 738 741 744 747 750 753 756 759 762 765 768 771 774 777 780 783 786 789 792 795 798 801 804 807 810 813 816 819 822 825 828 831 834 837 840 843 846 849 852 855 858 861 864 867 870 873 876 879 882 885 888 891 894 897 900 903 906 909 912 915 918 921 924 927 930 933 936 939 942 945 948 951 954 957 960 963 966 969 972 975 978 981 984 987 990 993 996 999 1002 1005 1008 1011 1014 1017 1020 1023 1026 1029 1032 1035 1038 1041 1044 1047 1050 1053 1056 1059 1062 1065 1068 1071 1074 1077 1080 1083 1086 1089 1092 1095 1098 1101 1104 1107 1110 1113 1116 1119 1122 1125 1128 1131 1134 1137 1140 1143 1146 1149 1152 1155 1158 1161 1164 1167 1170 1173 1176 1179 1182 1185 1188 1191 1194 1197 1200 1203 1206 1209 1212 1215 1218 1221 1224 1227 1230 1233 1236 1239 1242 1245 1248 1251 1254 1257 1260 1263 1266 1269 1272 1275 1278 1281 1284 1287 1290 1293 1296 1299 1302 1305 1308 1311 1314 1317 1320 1323 1326 1329 1332 1335 1338 1341 1344 1347 1350 1353 1356 1359 1362 1365 1368 1371 1374 1377 1380 1383 1386 1389 1392 1395 1398 1401 1404 1407 1410 1413 1416 1419 1422 1425 1428 1431 1434 1437 1440 1443 1446 1449 1452 1455 1458 1461 1464 1467 1470 1473 1476 1479 1482 1485 1488 1491 1494 1497 1500 1503 1506 1509 1512 1515 1518 1521 1524 1527 1530 1533 1536 1539 1542 1545 1548 1551 1554 1557 1560 1563 1566 1569 1572 1575 1578 1581 1584 1587 1590 1593 1596 1599 1602 1605 1608 1611 1614 1617 1620 1623 1626 1629 1632 1635 1638 1641 1644 1647 1650 1653 1656 1659 1662 1665 1668 1671 1674 1677 1680 1683 1686 1689 1692 1695 1698 1701 1704 1707 1710 1713 1716 1719 1722 1725 1728 1731 1734 1737 1740 1743 1746 1749 1752 1755 1758 1761 1764 1767 1770 1773 1776 1779 1782 1785 1788 1791 1794 1797 1800 1803 1806 1809 1812 1815 1818 1821 1824 1827 1830 1833 1836 1839 1842 1845 1848 1851 1854 1857 1860 1863 1866 1869 1872 1875 1878 1881 1884 1887 1890 1893 1896 1899 1902 1905 1908 1911 1914 1917 1920 1923 1926 1929 1932 1935 1938 1941 1944 1947 1950 1953 1956 1959 1962 1965 1968 1971 1974 1977 1980 1983 1986 1989 1992 1995 1998 2001 2004 2007 2010 2013 2016 2019 2022 2025 2028 2031 2034 2037 2040 2043 2046 2049 2052 2055 2058 2061 2064 2067 2070 2073 2076 2079 2082 2085 2088 2091 2094 2097 2100 2103 2106 2109 2112 2115 2118 2121 2124 2127 2130 2133 2136 2139 2142 2145 2148 2151 2154 2157 2160 2163 2166 2169 2172 2175 2178 2181 2184 2187 2190 2193 2196 2199 2202 2205 2208 2211 2214 2217 2220 2223 2226 2229 2232 2235 2238 2241 2244 2247 2250 2253 2256 2259 2262 2265 2268 2271 2274 2277 2280 2283 2286 2289 2292 2295 2298 2301 2304 2307 2310 2313 2316 2319 2322 2325 2328 2331 2334 2337 2340 2343 2346 2349 2352 2355 2358 2361 2364 2367 2370 2373 2376 2379 2382 2385 2388 2391 2394 2397 2400 2403 2406 2409 2412 2415 2418 2421 2424 2427 2430 2433 2436 2439 2442 2445 2448 2451 2454 2457 2460 2463 2466 2469 2472 2475 2478 2481 2484 2487 2490 2493 2496 2499 2502 2505 2508 2511 2514 2517 2520 2523 2526 2529 2532 2535 2538 2541 2544 2547 2550 2553 2556 2559 2562 2565 2568 2571 2574 2577 2580 2583 2586 2589 2592 2595 2598 2601 2604 2607 2610 2613 2616 2619 2622 2625 2628 2631 2634 2637 2640 2643 2646 2649 2652 2655 2658 2661 2664 2667 2670 2673 2676 2679 2682 2685 2688 2691 2694 2697 2700 2703 2706 2709 2712 2715 2718 2721 2724 2727 2730 2733 2736 2739 2742 2745 2748 2751 2754 2757 2760 2763 2766 2769 2772 2775 2778 2781 2784 2787 2790 2793 2796 2799 2802 2805 2808 2811 2814 2817 2820 2823 2826 2829 2832 2835 2838 2841 2844 2847 2850 2853 2856 2859 2862 2865 2868 2871 2874 2877 2880 2883 2886 2889 2892 2895 2898 2901 2904 2907 2910 2913 2916 2919 2922 2925 2928 2931 2934 2937 2940 2943 2946 2949 2952 2955 2958 2961 2964 2967 2970 2973 2976 2979 2982 2985 2988 2991 2994 2997 3000 3003 3006 3009 3012 3015 3018 3021 3024 3027 3030 3033 3036 3039 3042 3045 3048 3051 3054 3057 3060 3063 3066 3069 3072 3075 3078 3081 3084 3087 3090 3093 3096 3099 3102 3105 3108 3111 3114 3117 3120 3123 3126 3129 3132 3135 3138 3141 3144 3147 3150 3153 3156 3159 3162 3165 3168 3171 3174 3177 3180 3183 3186 3189 3192 3195 3198 3201 3204 3207 3210 3213 3216 3219 3222 3225 3228 3231 3234 3237 3240 3243 3246 3249 3252 3255 3258 3261 3264 3267 3270 3273 3276 3279 3282 3285 3288 3291 3294 3297 3300 3303 3306 3309 3312 3315 3318 3321 3324 3327 3330 3333 3336 3339 3342 3345 3348 3351 3354 3357 3360 3363 3366 3369 3372 3375 3378 3381 3384 3387 3390 3393 3396 3399 3402 3405 3408 3411 3414 3417 3420 3423 3426 3429 3432 3435 3438 3441 3444 3447 3450 3453 3456 3459 3462 3465 3468 3471 3474 3477 3480 3483 3486 3489 3492 3495 3498 3501 3504 3507 3510 3513 3516 3519 3522 3525 3528 3531 3534 3537 3540 3543 3546 3549 3552 3555 3558 3561 3564 3567 3570 3573 3576 3579 3582 3585 3588 3591 3594 3597 3600 3603 3606 3609 3612 3615 3618 3621 3624 3627 3630 3633 3636 3639 3642 3645 3648 3651 3654 3657 3660 3663 3666 3669 3672 3675 3678 3681 3684 3687 3690 3693 3696 3699 3702 3705 3708 3711 3714 3717 3720 3723 3726 3729 3732 3735 3738 3741 3744 3747 3750 3753 3756 3759 3762 3765 3768 3771 3774 3777 3780 3783 3786 3789 3792 3795 3798 3801 3804 3807 3810 3813 3816 3819 3822 3825 3828 3831 3834 3837 3840 3843 3846 3849 3852 3855 3858 3861 3864 3867 3870 3873 3876 3879 3882 3885 3888 3891 3894 3897 3900 3903 3906 3909 3912 3915 3918 3921 3924 3927 3930 3933 3936 3939 3942 3945 3948 3951 3954 3957 3960 3963 3966 3969 3972 3975 3978 3981 3984 3987 3990 3993 3996 3999 4002 4005 4008 4011 4014 4017 4020 4023 4026 4029 4032 4035 4038 4041 4044 4047 4050 4053 4056 4059 4062 4065 4068 4071 4074 4077 4080 4083 4086 4089 4092 4095 4098 4101 4104 4107 4110 4113 4116 4119 4122 4125 4128 4131 4134 4137 4140 4143 4146 4149 4152 4155 4158 4161 4164 4167 4170 4173 4176 4179 4182 4185 4188 4191 4194 4197 4200 4203 4206 4209 4212 4215 4218 4221 4224 4227 4230 4233 4236 4239 4242 4245 4248 4251 4254 4257 4260 4263 4266 4269 4272 4275 4278 4281 4284 4287 4290 4293 4296 4299 4302 4305 4308 4311 4314 4317 4320 4323 4326 4329 4332 4335 4338 4341 4344 4347 4350 4353 4356 4359 4362 4365 4368 4371 4374 4377 4380 4383 4386 4389 4392 4395 4398 4401 4404 4407 4410 4413 4416 4419 4422 4425 4428 4431 4434 4437 4440 4443 4446 4449 4452 4455 4458 4461 4464 4467 4470 4473 4476 4479 4482 4485 4488 4491 4494 4497 4500 4503 4506 4509 4512 4515 4518 4521 4524 4527 4530 4533 4536 4539 4542 4545 4548 4551 4554 4557 4560 4563 4566 4569 4572 4575 4578 4581 4584 4587 4590 4593 4596 4599 4602 4605 4608 4611 4614 4617 4620 4623 4626 4629 4632 4635 4638 4641 4644 4647 4650 4653 4656 4659 4662 4665 4668 4671 4674 4677 4680 4683 4686 4689 4692 4695 4698 4701 4704 4707 4710 4713 4716 4719 4722 4725 4728 4731 4734 4737 4740 4743 4746 4749 4752 4755 4758 4761 4764 4767 4770 4773 4776 4779 4782 4785 4788 4791 4794 4797 4800 4803 4806 4809 4812 4815 4818 4821 4824 4827 4830 4833 4836 4839 4842 4845 4848 4851 4854 4857 4860 4863 4866 4869 4872 4875 4878 4881 4884 4887 4890 4893 4896 4899 4902 4905 4908 4911 4914 4917 4920 4923 4926 4929 4932 4935 4938 4941 4944 4947 4950 4953 4956 4959 4962 4965 4968 4971 4974 4977 4980 4983 4986 4989 4992 4995 4998 5001 5004 5007 5010 5013 5016 5019 5022 5025 5028 5031 5034 5037 5040 5043 5046 5049 5052 5055 5058 5061 5064 5067 5070 5073 5076 5079 5082 5085 5088 5091 5094 5097 5100 5103 5106 5109 5112 5115 5118 5121 5124 5127 5130 5133 5136 5139 5142 5145 5148 5151 5154 5157 5160 5163 5166 5169 5172 5175 5178 5181 5184 5187 5190 5193 5196 5199 5202 5205 5208 5211 5214 5217 5220 5223 5226 5229 5232 5235 5238 5241 5244 5247 5250 5253 5256 5259 5262 5265 5268 5271 5274 5277 5280 5283 5286 5289 5292 5295 5298 5301 5304 5307 5310 5313 5316 5319 5322 5325 5328 5331 5334 5337 5340 5343 5346 5349 5352 5355 5358 5361 5364 5367 5370 5373 5376 5379 5382 5385 5388 5391 5394 5397 5400 5403 5406 5409 5412 5415 5418 5421 5424 5427 5430 5433 5436 5439 5442 5445 5448 5451 5454 5457 5460 5463 5466 5469 5472 5475 5478 5481 5484 5487 5490 5493 5496 5499 5502 5505 5508 5511 5514 5517 5520 5523 5526 5529 5532 5535 5538 5541 5544 5547 5550 5553 5556 5559 5562 5565 5568 5571 5574 5577 5580 5583 5586 5589 5592 5595 5598 5601 5604 5607 5610 5613 5616 5619 5622 5625 5628 5631 5634 5637 5640 5643 5646 5649 5652 5655 5658 5661 5664 5667 5670 5673 5676 5679 5682 5685 5688 5691 5694 5697 5700 5703 5706 5709 5712 5715 5718 5721 5724 5727 5730 5733 5736 5739 5742 5745 5748 5751 5754 5757 5760 5763 5766 5769 5772 5775 5778 5781 5784 5787 5790 5793 5796 5799 5802 5805 5808 5811 5814 5817 5820 5823 5826 5829 5832 5835 5838 5841 5844 5847 5850 5853 5856 5859 5862 5865 5868 5871 5874 5877 5880 5883 5886 5889 5892 5895 5898 5901 5904 5907 5910 5913 5916 5919 5922 5925 5928 5931 5934 5937 5940 5943 5946 5949 5952 5955 5958 5961 5964 5967 5970 5973 5976 5979 5982 5985 5988 5991 5994 5997 6000 6003 6006 6009 6012 6015 6018 6021 6024 6027 6030 6033 6036 6039 6042 6045 6048 6051 6054 6057 6060 6063 6066 6069 6072 6075 6078 6081 6084 6087 6090 6093 6096 6099 6102 6105 6108 6111 6114 6117 6120 6123 6126 6129 6132 6135 6138 6141 6144 6147 6150 6153 6156 6159 6162 6165 6168 6171 6174 6177 6180 6183 6186 6189 6192 6195 6198 6201 6204 6207 6210 6213 6216 6219 6222 6225 6228 6231 6234 6237 6240 6243 6246 6249 6252 6255 6258 6261 6264 6267 6270 6273 6276 6279 6282 6285 6288 6291 6294 6297 6300 6303 6306 6309 6312 6315 6318 6321 6324 6327 6330 6333 6336 6339 6342 6345 6348 6351 6354 6357 6360 6363 6366 6369 6372 6375 6378 6381 6384 6387 6390 6393 6396 6399 6402 6405 6408 6411 6414 6417 6420 6423 6426 6429 6432 6435 6438 6441 6444 6447 6450 6453 6456 6459 6462 6465 6468 6471 6474 6477 6480 6483 6486 6489 6492 6495 6498 6501 6504 6507 6510 6513 6516 6519 6522 6525 6528 6531 6534 6537 6540 6543 6546 6549 6552 6555 6558 6561 6564 6567 6570 6573 6576 6579 6582 6585 6588 6591 6594 6597 6600 6603 6606 6609 6612 6615 6618 6621 6624 6627 6630 6633 6636 6639 6642 6645 6648 6651 6654 6657 6660 6663 6666 6669 6672 6675 6678 6681 6684 6687 6690 6693 6696 6699 6702 6705 6708 6711 6714 6717 6720 6723 6726 6729 6732 6735 6738 6741 6744 6747 6750 6753 6756 6759 6762 6765 6768 6771 6774 6777 6780 6783 6786 6789 6792 6795 6798 6801 6804 6807 6810 6813 6816 6819 6822 6825 6828 6831 6834 6837 6840 6843 6846 6849 6852 6855 6858 6861 6864 6867 6870 6873 6876 6879 6882 6885 6888 6891 6894 6897 6900 6903 6906 6909 6912 6915 6918 6921 6924 6927 6930 6933 6936 6939 6942 6945 6948 6951 6954 6957 6960 6963 6966 6969 6972 6975 6978 6981 6984 6987 6990 6993 6996 6999 7002 7005 7008 7011 7014 7017 7020 7023 7026 7029 7032 7035 7038 7041 7044 7047 7050 7053 7056 7059 7062 7065 7068 7071 7074 7077 7080 7083 7086 7089 7092 7095 7098 7101 7104 7107 7110 7113 7116 7119 7122 7125 7128 7131 7134 7137 7140 7143 7146 7149 7152 7155 7158 7161 7164 7167 7170 7173 7176 7179 7182 7185 7188 7191 7194 7197 7200 7203 7206 7209 7212 7215 7218 7221 7224 7227 7230 7233 7236 7239 7242 7245 7248 7251 7254 7257 7260 7263 7266 7269 7272 7275 7278 7281 7284 7287 7290 7293 7296 7299 7302 7305 7308 7311 7314 7317 7320 7323 7326 7329 7332 7335 7338 7341 7344 7347 7350 7353 7356 7359 7362 7365 7368 7371 7374 7377 7380 7383 7386 7389 7392 7395 7398 7401 7404 7407 7410 7413 7416 7419 7422 7425 7428 7431 7434 7437 7440 7443 7446 7449 7452 7455 7458 7461 7464 7467 7470 7473 7476 7479 7482 7485 7488 7491 7494 7497 7500 7503 7506 7509 7512 7515 7518 7521 7524 7527 7530 7533 7536 7539 7542 7545 7548 7551 7554 7557 7560 7563 7566 7569 7572 7575 7578 7581 7584 7587 7590 7593 7596 7599 7602 7605 7608 7611 7614 7617 7620 7623 7626 7629 7632 7635 7638 7641 7644 7647 7650 7653 7656 7659 7662 7665 7668 7671 7674 7677 7680 7683 7686 7689 7692 7695 7698 7701 7704 7707 7710 7713 7716 7719 7722 7725 7728 7731 7734 7737 7740 7743 7746 7749 7752 7755 7758 7761 7764 7767 7770 7773 7776 7779 7782 7785 7788 7791 7794 7797 7800 7803 7806 7809 7812 7815 7818 7821 7824 7827 7830 7833 7836 7839 7842 7845 7848 7851 7854 7857 7860 7863 7866 7869 7872 7875 7878 7881 7884 7887 7890 7893 7896 7899 7902 7905 7908 7911 7914 7917 7920 7923 7926 7929 7932 7935 7938 7941 7944 7947 7950 7953 7956 7959 7962 7965 7968 7971 7974 7977 7980 7983 7986 7989 7992 7995 7998 8001 8004 8007 8010 8013 8016 8019 8022 8025 8028 8031 8034 8037 8040 8043 8046 8049 8052 8055 8058 8061 8064 8067 8070 8073 8076 8079 8082 8085 8088 8091 8094 8097 8100 8103 8106 8109 8112 8115 8118 8121 8124 8127 8130 8133 8136 8139 8142 8145 8148 8151 8154 8157 8160 8163 8166 8169 8172 8175 8178 8181 8184 8187 8190 8193 8196 8199 8202 8205 8208 8211 8214 8217 8220 8223 8226 8229 8232 8235 8238 8241 8244 8247 8250 8253 8256 8259 8262 8265 8268 8271 8274 8277 8280 8283 8286 8289 8292 8295 8298 8301 8304 8307 8310 8313 8316 8319 8322 8325 8328 8331 8334 8337 8340 8343 8346 8349 8352 8355 8358 8361 8364 8367 8370 8373 8376 8379 8382 8385 8388 8391 8394 8397 8400 8403 8406 8409 8412 8415 8418 8421 8424 8427 8430 8433 8436 8439 8442 8445 8448 8451 8454 8457 8460 8463 8466 8469 8472 8475 8478 8481 8484 8487 8490 8493 8496 8499 8502 8505 8508 8511 8514 8517 8520 8523 8526 8529 8532 8535 8538 8541 8544 8547 8550 8553 8556 8559 8562 8565 8568 8571 8574 8577 8580 8583 8586 8589 8592 8595 8598 8601 8604 8607 8610 8613 8616 8619 8622 8625 8628 8631 8634 8637 8640 8643 8646 8649 8652 8655 8658 8661 8664 8667 8670 8673 8676 8679 8682 8685 8688 8691 8694 8697 8700 8703 8706 8709 8712 8715 8718 8721 8724 8727 8730 8733 8736 8739 8742 8745 8748 8751 8754 8757 8760 8763 8766 8769 8772 8775 8778 8781 8784 8787 8790 8793 8796 8799 8802 8805 8808 8811 8814 8817 8820 8823 8826 8829 8832 8835 8838 8841 8844 8847 8850 8853 8856 8859 8862 8865 8868 8871 8874 8877 8880 8883 8886 8889 8892 8895 8898 8901 8904 8907 8910 8913 8916 8919 8922 8925 8928 8931 8934 8937 8940 8943 8946 8949 8952 8955 8958 8961 8964 8967 8970 8973 8976 8979 8982 8985 8988 8991 8994 8997 9000 9003 9006 9009 9012 9015 9018 9021 9024 9027 9030 9033 9036 9039 9042 9045 9048 9051 9054 9057 9060 9063 9066 9069 9072 9075 9078 9081 9084 9087 9090 9093 9096 9099 9102 9105 9108 9111 9114 9117 9120 9123 9126 9129 9132 9135 9138 9141 9144 9147 9150 9153 9156 9159 9162 9165 9168 9171 9174 9177 9180 9183 9186 9189 9192 9195 9198 9201 9204 9207 9210 9213 9216 9219 9222 9225 9228 9231 9234 9237 9240 9243 9246 9249 9252 9255 9258 9261 9264 9267 9270 9273 9276 9279 9282 9285 9288 9291 9294 9297 9300 9303 9306 9309 9312 9315 9318 9321 9324 9327 9330 9333 9336 9339 9342 9345 9348 9351 9354 9357 9360 9363 9366 9369 9372 9375 9378 9381 9384 9387 9390 9393 9396 9399 9402 9405 9408 9411 9414 9417 9420 9423 9426 9429 9432 9435 9438 9441 9444 9447 9450 9453 9456 9459 9462 9465 9468 9471 9474 9477 9480 9483 9486 9489 9492 9495 9498 9501 9504 9507 9510 9513 9516 9519 9522 9525 9528 9531 9534 9537 9540 9543 9546 9549 9552 9555 9558 9561 9564 9567 9570 9573 9576 9579 9582 9585 9588 9591 9594 9597 9600 9603 9606 9609 9612 9615 9618 9621 9624 9627 9630 9633 9636 9639 9642 9645 9648 9651 9654 9657 9660 9663 9666 9669 9672 9675 9678 9681 9684 9687 9690 9693 9696 9699 9702 9705 9708 9711 9714 9717 9720 9723 9726 9729 9732 9735 9738 9741 9744 9747 9750 9753 9756 9759 9762 9765 9768 9771 9774 9777 9780 9783 9786 9789 9792 9795 9798 9801 9804 9807 9810 9813 9816 9819 9822 9825 9828 9831 9834 9837 9840 9843 9846 9849 9852 9855 9858 9861 9864 9867 9870 9873 9876 9879 9882 9885 9888 9891 9894 9897 9900 9903 9906 9909 9912 9915 9918 9921 9924 9927 9930 9933 9936 9939 9942 9945 9948 9951 9954 9957 9960 9963 9966 9969 9972 9975 9978 9981 9984 9987 9990 9993 9996 9999 10002 10005 10008 10011 10014 10017 10020 10023 10026 10029 10032 10035 10038 10041 10044 10047 10050 10053 10056 10059 10062 10065 10068 10071 10074 10077 10080 10083 10086 10089 10092 10095 10098 10101 10104 10107 10110 10113 10116 10119 10122 10125 10128 10131 10134 10137 10140 10143 10146 10149 10152 10155 10158 10161 10164 10167 10170 10173 10176 10179 10182 10185 10188 10191 10194 10197 10200 10203 10206 10209 10212 10215 10218 10221 10224 10227 10230 10233 10236 10239 10242 10245 10248 10251 10254 10257 10260 10263 10266 10269 10272 10275 10278 10281 10284 10287 10290 10293 10296 10299 10302 10305 10308 10311 10314 10317 10320 10323 10326 10329 10332 10335 10338 10341 10344 10347 10350 10353 10356 10359 10362 10365 10368 10371 10374 10377 10380 10383 10386 10389 10392 10395 10398 10401 10404 10407 10410 10413 10416 10419 10422 10425 10428 10431 10434 10437 10440 10443 10446 10449 10452 10455 10458 10461 10464 10467 10470 10473 10476 10479 10482 10485 10488 10491 10494 10497 10500 10503 10506 10509 10512 10515 10518 10521 10524 10527 10530 10533 10536 10539 10542 10545 10548 10551 10554 10557 10560 10563 10566 10569 10572 10575 10578 10581 10584 10587 10590 10593 10596 10599 10602 10605 10608 10611 10614 10617 10620 10623 10626 10629 10632 10635 10638 10641 10644 10647 10650 10653 10656 10659 10662 10665 10668 10671 10674 10677 10680 10683 10686 10689 10692 10695 10698 10701 10704 10707 10710 10713 10716 10719 10722 10725 10728 10731 10734 10737 10740 10743 10746 10749 10752 10755 10758 10761 10764 10767 10770 10773 10776 10779 10782 10785 10788 10791 10794 10797 10800 10803 10806 10809 10812 10815 10818 10821 10824 10827 10830 10833 10836 10839 10842 10845 10848 10851 10854 10857 10860 10863 10866 10869 10872 10875 10878 10881 10884 10887 10890 10893 10896 10899 10902 10905 10908 10911 10914 10917 10920 10923 10926 10929 10932 10935 10938 10941 10944 10947 10950 10953 10956 10959 10962 10965 10968 10971 10974 10977 10980 10983 10986 10989 10992 10995 10998 11001 11004 11007 11010 11013 11016 11019 11022 11025 11028 11031 11034 11037 11040 11043 11046 11049 11052 11055 11058 11061 11064 11067 11070 11073 11076 11079 11082 11085 11088 11091 11094 11097 11100 11103 11106 11109 11112 11115 11118 11121 11124 11127 11130 11133 11136 11139 11142 11145 11148 11151 11154 11157 11160 11163 11166 11169 11172 11175 11178 11181 11184 11187 11190 11193 11196 11199 11202 11205 11208 11211 11214 11217 11220 11223 11226 11229 11232 11235 11238 11241 11244 11247 11250 11253 11256 11259 11262 11265 11268 11271 11274 11277 11280 11283 11286 11289 11292 11295 11298 11301 11304 11307 11310 11313 11316 11319 11322 11325 11328 11331 11334 11337 11340 11343 11346 11349 11352 11355 11358 11361 11364 11367 11370 11373 11376 11379 11382 11385 11388 11391 11394 11397 11400 11403 11406 11409 11412 11415 11418 11421 11424 11427 11430 11433 11436 11439 11442 11445 11448 11451 11454 11457 11460 11463 11466 11469 11472 11475 11478 11481 11484 11487 11490 11493 11496 11499 11502 11505 11508 11511 11514 11517 11520 11523 11526 11529 11532 11535 11538 11541 11544 11547 11550 11553 11556 11559 11562 11565 11568 11571 11574 11577 11580 11583 11586 11589 11592 11595 11598 11601 11604 11607 11610 11613 11616 11619 11622 11625 11628 11631 11634 11637 11640 11643 11646 11649 11652 11655 11658 11661 11664 11667 11670 11673 11676 11679 11682 11685 11688 11691 11694 11697 11700 11703 11706 11709 11712 11715 11718 11721 11724 11727 11730 11733 11736 11739 11742 11745 11748 11751 11754 11757 11760 11763 11766 11769 11772 11775 11778 11781 11784 11787 11790 11793 11796 11799 11802 11805 11808 11811 11814 11817 11820 11823 11826 11829 11832 11835 11838 11841 11844 11847 11850 11853 11856 11859 11862 11865 11868 11871 11874 11877 11880 11883 11886 11889 11892 11895 11898 11901 11904 11907 11910 11913 11916 11919 11922 11925 11928 11931 11934 11937 11940 11943 11946 11949 11952 11955 11958 11961 11964 11967 11970 11973 11976 11979 11982 11985 11988 11991 11994 11997 12000 12003 12006 12009 12012 12015 12018 12021 12024 12027 12030 12033 12036 12039 12042 12045 12048 12051 12054 12057 12060 12063 12066 12069 12072 12075 12078 12081 12084 12087 12090 12093 12096 12099 12102 12105 12108 12111 12114 12117 12120 12123 12126 12129 12132 12135 12138 12141 12144 12147 12150 12153 12156 12159 12162 12165 12168 12171 12174 12177 12180 12183 12186 12189 12192 12195 12198 12201 12204 12207 12210 12213 12216 12219 12222 12225 12228 12231 12234 12237 12240 12243 12246 12249 12252 12255 12258 12261 12264 12267 12270 12273 12276 12279 12282 12285 12288 12291 12294 12297 12300 12303 12306 12309 12312 12315 12318 12321 12324 12327 12330 12333 12336 12339 12342 12345 12348 12351 12354 12357 12360 12363 12366 12369 12372 12375 12378 12381 12384 12387 12390 12393 12396 12399 12402 12405 12408 12411 12414 12417 12420 12423 12426 12429 12432 12435 12438 12441 12444 12447 12450 12453 12456 12459 12462 12465 12468 12471 12474 12477 12480 12483 12486 12489 12492 12495 12498 12501 12504 12507 12510 12513 12516 12519 12522 12525 12528 12531 12534 12537 12540 12543 12546 12549 12552 12555 12558 12561 12564 12567 12570 12573 12576 12579 12582 12585 12588 12591 12594 12597 12600 12603 12606 12609 12612 12615 12618 12621 12624 12627 12630 12633 12636 12639 12642 12645 12648 12651 12654 12657 12660 12663 12666 12669 12672 12675 12678 12681 12684 12687 12690 12693 12696 12699 12702 12705 12708 12711 12714 12717 12720 12723 12726 12729 12732 12735 12738 12741 12744 12747 12750 12753 12756 12759 12762 12765 12768 12771 12774 12777 12780 12783 12786 12789 12792 12795 12798 12801 12804 12807 12810 12813 12816 12819 12822 12825 12828 12831 12834 12837 12840 12843 12846 12849 12852 12855 12858 12861 12864 12867 12870 12873 12876 12879 12882 12885 12888 12891 12894 12897 12900 12903 12906 12909 12912 12915 12918 12921 12924 12927 12930 12933 12936 12939 12942 12945 12948 12951 12954 12957 12960 12963 12966 12969 12972 12975 12978 12981 12984 12987 12990 12993 12996 12999 13002 13005 13008 13011 13014 13017 13020 13023 13026 13029 13032 13035 13038 13041 13044 13047 13050 13053 13056 13059 13062 13065 13068 13071 13074 13077 13080 13083 13086 13089 13092 13095 13098 13101 13104 13107 13110 13113 13116 13119 13122 13125 13128 13131 13134 13137 13140 13143 13146 13149 13152 13155 13158 13161 13164 13167 13170 13173 13176 13179 13182 13185 13188 13191 13194 13197 13200 13203 13206 13209 13212 13215 13218 13221 13224 13227 13230 13233 13236 13239 13242 13245 13248 13251 13254 13257 13260 13263 13266 13269 13272 13275 13278 13281 13284 13287 13290 13293 13296 13299 13302 13305 13308 13311 13314 13317 13320 13323 13326 13329 13332 13335 13338 13341 13344 13347 13350 13353 13356 13359 13362 13365 13368 13371 13374 13377 13380 13383 13386 13389 13392 13395 13398 13401 13404 13407 13410 13413 13416 13419 13422 13425 13428 13431 13434 13437 13440 13443 13446 13449 13452 13455 13458 13461 13464 13467 13470 13473 13476 13479 13482 13485 13488 13491 13494 13497 13500 13503 13506 13509 13512 13515 13518 13521 13524 13527 13530 13533 13536 13539 13542 13545 13548 13551 13554 13557 13560 13563 13566 13569 13572 13575 13578 13581 13584 13587 13590 13593 13596 13599 13602 13605 13608 13611 13614 13617 13620 13623 13626 13629 13632 
        </DataArray>
        <DataArray type="UInt8" Name="types" format="ascii">
          5 5 5 5 5 5 5 5 5 5 5 5 5 5 5 5 5 5 5 5 5 5 5 5 5 5 5 5 5 5 5 5 5 5 5 5 5 5 5 5 5 5 5 5 5 5 5 5 5 5 5 5 5 5 5 5 5 5 5 5 5 5 5 5 5 5 5 5 5 5 5 5 5 5 5 5 5 5 5 5 5 5 5 5 5 5 5 5 5 5 5 5 5 5 5 5 5 5 5 5 5 5 5 5 5 5 5 5 5 5 5 5 5 5 5 5 5 5 5 5 5 5 5 5 5 5 5 5 5 5 5 5 5 5 5 5 5 5 5 5 5 5 5 5 5 5 5 5 5 5 5 5 5 5 5 5 5 5 5 5 5 5 5 5 5 5 5 5 5 5 5 5 5 5 5 5 5 5 5 5 5 5 5 5 5 5 5 5 5 5 5 5 5 5 5 5 5 5 5 5 5 5 5 5 5 5 5 5 5 5 5 5 5 5 5 5 5 5 5 5 5 5 5 5 5 5 5 5 5 5 5 5 5 5 5 5 5 5 5 5 5 5 5 5 5 5 5 5 5 5 5 5 5 5 5 5 5 5 5 5 5 5 5 5 5 5 5 5 5 5 5 5 5 5 5 5 5 5 5 5 5 5 5 5 5 5 5 5 5 5 5 5 5 5 5 5 5 5 5 5 5 5 5 5 5 5 5 5 5 5 5 5 5 5 5 5 5 5 5 5 5 5 5 5 5 5 5 5 5 5 5 5 5 5 5 5 5 5 5 5 5 5 5 5 5 5 5 5 5 5 5 5 5 5 5 5 5 5 5 5 5 5 5 5 5 5 5 5 5 5 5 5 5 5 5 5 5 5 5 5 5 5 5 5 5 5 5 5 5 5 5 5 5 5 5 5 5 5 5 5 5 5 5 5 5 5 5 5 5 5 5 5 5 5 5 5 5 5 5 5 5 5 5 5 5 5 5 5 5 5 5 5 5 5 5 5 5 5 5 5 5 5 5 5 5 5 5 5 5 5 5 5 5 5 5 5 5 5 5 5 5 5 5 5 5 5 5 5 5 5 5 5 5 5 5 5 5 5 5 5 5 5 5 5 5 5 5 5 5 5 5 5 5 5 5 5 5 5 5 5 5 5 5 5 5 5 5 5 5 5 5 5 5 5 5 5 5 5 5 5 5 5 5 5 5 5 5 5 5 5 5 5 5 5 5 5 5 5 5 5 5 5 5 5 5 5 5 5 5 5 5 5 5 5 5 5 5 5 5 5 5 5 5 5 5 5 5 5 5 5 5 5 5 5 5 5 5 5 5 5 5 5 5 5 5 5 5 5 5 5 5 5 5 5 5 5 5 5 5 5 5 5 5 5 5 5 5 5 5 5 5 5 5 5 5 5 5 5 5 5 5 5 5 5 5 5 5 5 5 5 5 5 5 5 5 5 5 5 5 5 5 5 5 5 5 5 5 5 5 5 5 5 5 5 5 5 5 5 5 5 5 5 5 5 5 5 5 5 5 5 5 5 5 5 5 5 5 5 5 5 5 5 5 5 5 5 5 5 5 5 5 5 5 5 5 5 5 5 5 5 5 5 5 5 5 5 5 5 5 5 5 5 5 5 5 5 5 5 5 5 5 5 5 5 5 5 5 5 5 5 5 5 5 5 5 5 5 5 5 5 5 5 5 5 5 5 5 5 5 5 5 5 5 5 5 5 5 5 5 5 5 5 5 5 5 5 5 5 5 5 5 5 5 5 5 5 5 5 5 5 5 5 5 5 5 5 5 5 5 5 5 5 5 5 5 5 5 5 5 5 5 5 5 5 5 5 5 5 5 5 5 5 5 5 5 5 5 5 5 5 5 5 5 5 5 5 5 5 5 5 5 5 5 5 5 5 5 5 5 5 5 5 5 5 5 5 5 5 5 5 5 5 5 5 5 5 5 5 5 5 5 5 5 5 5 5 5 5 5 5 5 5 5 5 5 5 5 5 5 5 5 5 5 5 5 5 5 5 5 5 5 5 5 5 5 5 5 5 5 5 5 5 5 5 5 5 5 5 5 5 5 5 5 5 5 5 5 5 5 5 5 5 5 5 5 5 5 5 5 5 5 5 5 5 5 5 5 5 5 5 5 5 5 5 5 5 5 5 5 5 5 5 5 5 5 5 5 5 5 5 5 5 5 5 5 5 5 5 5 5 5 5 5 5 5 5 5 5 5 5 5 5 5 5 5 5 5 5 5 5 5 5 5 5 5 5 5 5 5 5 5 5 5 5 5 5 5 5 5 5 5 5 5 5 5 5 5 5 5 5 5 5 5 5 5 5 5 5 5 5 5 5 5 5 5 5 5 5 5 5 5 5 5 5 5 5 5 5 5 5 5 5 5 5 5 5 5 5 5 5 5 5 5 5 5 5 5 5 5 5 5 5 5 5 5 5 5 5 5 5 5 5 5 5 5 5 5 5 5 5 5 5 5 5 5 5 5 5 5 5 5 5 5 5 5 5 5 5 5 5 5 5 5 5 5 5 5 5 5 5 5 5 5 5 5 5 5 5 5 5 5 5 5 5 5 5 5 5 5 5 5 5 5 5 5 5 5 5 5 5 5 5 5 5 5 5 5 5 5 5 5 5 5 5 5 5 5 5 5 5 5 5 5 5 5 5 5 5 5 5 5 5 5 5 5 5 5 5 5 5 5 5 5 5 5 5 5 5 5 5 5 5 5 5 5 5 5 5 5 5 5 5 5 5 5 5 5 5 5 5 5 5 5 5 5 5 5 5 5 5 5 5 5 5 5 5 5 5 5 5 5 5 5 5 5 5 5 5 5 5 5 5 5 5 5 5 5 5 5 5 5 5 5 5 5 5 5 5 5 5 5 5 5 5 5 5 5 5 5 5 5 5 5 5 5 5 5 5 5 5 5 5 5 5 5 5 5 5 5 5 5 5 5 5 5 5 5 5 5 5 5 5 5 5 5 5 5 5 5 5 5 5 5 5 5 5 5 5 5 5 5 5 5 5 5 5 5 5 5 5 5 5 5 5 5 5 5 5 5 5 5 5 5 5 5 5 5 5 5 5 5 5 5 5 5 5 5 5 5 5 5 5 5 5 5 5 5 5 5 5 5 5 5 5 5 5 5 5 5 5 5 5 5 5 5 5 5 5 5 5 5 5 5 5 5 5 5 5 5 5 5 5 5 5 5 5 5 5 5 5 5 5 5 5 5 5 5 5 5 5 5 5 5 5 5 5 5 5 5 5 5 5 5 5 5 5 5 5 5 5 5 5 5 5 5 5 5 5 5 5 5 5 5 5 5 5 5 5 5 5 5 5 5 5 5 5 5 5 5 5 5 5 5 5 5 5 5 5 5 5 5 5 5 5 5 5 5 5 5 5 5 5 5 5 5 5 5 5 5 5 5 5 5 5 5 5 5 5 5 5 5 5 5 5 5 5 5 5 5 5 5 5 5 5 5 5 5 5 5 5 5 5 5 5 5 5 5 5 5 5 5 5 5 5 5 5 5 5 5 5 5 5 5 5 5 5 5 5 5 5 5 5 5 5 5 5 5 5 5 5 5 5 5 5 5 5 5 5 5 5 5 5 5 5 5 5 5 5 5 5 5 5 5 5 5 5 5 5 5 5 5 5 5 5 5 5 5 5 5 5 5 5 5 5 5 5 5 5 5 5 5 5 5 5 5 5 5 5 5 5 5 5 5 5 5 5 5 5 5 5 5 5 5 5 5 5 5 5 5 5 5 5 5 5 5 5 5 5 5 5 5 5 5 5 5 5 5 5 5 5 5 5 5 5 5 5 5 5 5 5 5 5 5 5 5 5 5 5 5 5 5 5 5 5 5 5 5 5 5 5 5 5 5 5 5 5 5 5 5 5 5 5 5 5 5 5 5 5 5 5 5 5 5 5 5 5 5 5 5 5 5 5 5 5 5 5 5 5 5 5 5 5 5 5 5 5 5 5 5 5 5 5 5 5 5 5 5 5 5 5 5 5 5 5 5 5 5 5 5 5 5 5 5 5 5 5 5 5 5 5 5 5 5 5 5 5 5 5 5 5 5 5 5 5 5 5 5 5 5 5 5 5 5 5 5 5 5 5 5 5 5 5 5 5 5 5 5 5 5 5 5 5 5 5 5 5 5 5 5 5 5 5 5 5 5 5 5 5 5 5 5 5 5 5 5 5 5 5 5 5 5 5 5 5 5 5 5 5 5 5 5 5 5 5 5 5 5 5 5 5 5 5 5 5 5 5 5 5 5 5 5 5 5 5 5 5 5 5 5 5 5 5 5 5 5 5 5 5 5 5 5 5 5 5 5 5 5 5 5 5 5 5 5 5 5 5 5 5 5 5 5 5 5 5 5 5 5 5 5 5 5 5 5 5 5 5 5 5 5 5 5 5 5 5 5 5 5 5 5 5 5 5 5 5 5 5 5 5 5 5 5 5 5 5 5 5 5 5 5 5 5 5 5 5 5 5 5 5 5 5 5 5 5 5 5 5 5 5 5 5 5 5 5 5 5 5 5 5 5 5 5 5 5 5 5 5 5 5 5 5 5 5 5 5 5 5 5 5 5 5 5 5 5 5 5 5 5 5 5 5 5 5 5 5 5 5 5 5 5 5 5 5 5 5 5 5 5 5 5 5 5 5 5 5 5 5 5 5 5 5 5 5 5 5 5 5 5 5 5 5 5 5 5 5 5 5 5 5 5 5 5 5 5 5 5 5 5 5 5 5 5 5 5 5 5 5 5 5 5 5 5 5 5 5 5 5 5 5 5 5 5 5 5 5 5 5 5 5 5 5 5 5 5 5 5 5 5 5 5 5 5 5 5 5 5 5 5 5 5 5 5 5 5 5 5 5 5 5 5 5 5 5 5 5 5 5 5 5 5 5 5 5 5 5 5 5 5 5 5 5 5 5 5 5 5 5 5 5 5 5 5 5 5 5 5 5 5 5 5 5 5 5 5 5 5 5 5 5 5 5 5 5 5 5 5 5 5 5 5 5 5 5 5 5 5 5 5 5 5 5 5 5 5 5 5 5 5 5 5 5 5 5 5 5 5 5 5 5 5 5 5 5 5 5 5 5 5 5 5 5 5 5 5 5 5 5 5 5 5 5 5 5 5 5 5 5 5 5 5 5 5 5 5 5 5 5 5 5 5 5 5 5 5 5 5 5 5 5 5 5 5 5 5 5 5 5 5 5 5 5 5 5 5 5 5 5 5 5 5 5 5 5 5 5 5 5 5 5 5 5 5 5 5 5 5 5 5 5 5 5 5 5 5 5 5 5 5 5 5 5 5 5 5 5 5 5 5 5 5 5 5 5 5 5 5 5 5 5 5 5 5 5 5 5 5 5 5 5 5 5 5 5 5 5 5 5 5 5 5 5 5 5 5 5 5 5 5 5 5 5 5 5 5 5 5 5 5 5 5 5 5 5 5 5 5 5 5 5 5 5 5 5 5 5 5 5 5 5 5 5 5 5 5 5 5 5 5 5 5 5 5 5 5 5 5 5 5 5 5 5 5 5 5 5 5 5 5 5 5 5 5 5 5 5 5 5 5 5 5 5 5 5 5 5 5 5 5 5 5 5 5 5 5 5 5 5 5 5 5 5 5 5 5 5 5 5 5 5 5 5 5 5 5 5 5 5 5 5 5 5 5 5 5 5 5 5 5 5 5 5 5 5 5 5 5 5 5 5 5 5 5 5 5 5 5 5 5 5 5 5 5 5 5 5 5 5 5 5 5 5 5 5 5 5 5 5 5 5 5 5 5 5 5 5 5 5 5 5 5 5 5 5 5 5 5 5 5 5 5 5 5 5 5 5 5 5 5 5 5 5 5 5 5 5 5 5 5 5 5 5 5 5 5 5 5 5 5 5 5 5 5 5 5 5 5 5 5 5 5 5 5 5 5 5 5 5 5 5 5 5 5 5 5 5 5 5 5 5 5 5 5 5 5 5 5 5 5 5 5 5 5 5 5 5 5 5 5 5 5 5 5 5 5 5 5 5 5 5 5 5 5 5 5 5 5 5 5 5 5 5 5 5 5 5 5 5 5 5 5 5 5 5 5 5 5 5 5 5 5 5 5 5 5 5 5 5 5 5 5 5 5 5 5 5 5 5 5 5 5 5 5 5 5 5 5 5 5 5 5 5 5 5 5 5 5 5 5 5 5 5 5 5 5 5 5 5 5 5 5 5 5 5 5 5 5 5 5 5 5 5 5 5 5 5 5 5 5 5 5 5 5 5 5 5 5 5 5 5 5 5 5 5 5 5 5 5 5 5 5 5 5 5 5 5 5 5 5 5 5 5 5 5 5 5 5 5 5 5 5 5 5 5 5 5 5 5 5 5 5 5 5 5 5 5 5 5 5 5 5 5 5 5 5 5 5 5 5 5 5 5 5 5 5 5 5 5 5 5 5 5 5 5 5 5 5 5 5 5 5 5 5 5 5 5 5 5 5 5 5 5 5 5 5 5 5 5 5 5 5 5 5 5 5 5 5 5 5 5 5 5 5 5 5 5 5 5 5 5 5 5 5 5 5 5 5 5 5 5 5 5 5 5 5 5 5 5 5 5 5 5 5 5 5 5 5 5 5 5 5 5 5 5 5 5 5 5 5 5 5 5 5 5 5 5 5 5 5 5 5 5 5 5 5 5 5 5 5 5 5 5 5 5 5 5 5 5 5 5 5 5 5 5 5 5 5 5 5 5 5 5 5 5 5 5 5 5 5 5 5 5 5 5 5 5 5 5 5 5 5 5 5 5 5 5 5 5 5 5 5 5 5 5 5 5 5 5 5 5 5 5 5 5 5 5 5 5 5 5 5 5 5 5 5 5 5 5 5 5 5 5 5 5 5 5 5 5 5 5 5 5 5 5 5 5 5 5 5 5 5 5 5 5 5 5 5 5 5 5 5 5 5 5 5 5 5 5 5 5 5 5 5 5 5 5 5 5 5 5 5 5 5 5 5 5 5 5 5 5 5 5 5 5 5 5 5 5 5 5 5 5 5 5 5 5 5 5 5 5 5 5 5 5 5 5 5 5 5 5 5 5 5 5 5 5 5 5 5 5 5 5 5 5 5 5 5 5 5 5 5 5 5 5 5 5 5 5 5 5 5 5 5 5 5 5 5 5 5 5 5 5 5 5 5 5 5 5 5 5 5 5 5 5 5 5 5 5 5 5 5 5 5 5 5 5 5 5 5 5 5 5 5 5 5 5 5 5 5 5 5 5 5 5 5 5 5 5 5 5 5 5 5 5 5 5 5 5 5 5 5 5 5 5 5 5 5 5 5 5 5 5 5 5 5 5 5 5 5 5 5 5 5 5 5 5 5 5 5 5 5 5 5 5 5 5 5 5 5 5 5 5 5 5 5 5 5 5 5 5 5 5 5 5 5 5 5 5 5 5 5 5 5 5 5 5 5 5 5 5 5 5 5 5 5 5 5 5 5 5 5 5 5 5 5 5 5 5 5 5 5 5 5 5 5 5 5 5 5 5 5 5 5 5 5 5 5 5 5 5 5 5 5 5 5 5 5 5 5 5 5 5 5 5 5 5 5 5 5 5 5 5 5 5 5 5 5 5 5 5 5 5 5 5 5 5 5 5 5 5 5 5 5 5 5 5 5 5 5 5 5 5 5 5 5 5 5 5 5 5 5 5 5 5 5 5 5 5 5 5 5 5 5 5 5 5 5 5 5 5 5 5 5 5 5 5 5 5 5 5 5 5 5 5 5 5 5 5 5 5 5 5 5 5 5 5 5 5 5 5 5 5 5 5 5 5 5 5 5 5 5 5 5 5 5 5 5 5 5 5 5 5 5 5 5 5 5 5 5 5 5 5 5 5 5 5 5 5 5 5 5 5 5 5 5 5 5 5 5 5 5 5 5 5 5 5 5 5 5 5 5 5 5 5 5 5 5 5 5 5 5 5 5 5 5 5 5 5 5 5 5 5 5 5 5 5 5 5 5 5 5 5 5 5 5 5 5 5 5 5 5 5 5 5 5 5 5 5 5 5 5 5 5 5 5 5 5 5 5 5 5 5 5 5 5 5 5 5 5 5 5 5 5 5 5 5 5 5 5 5 5 5 5 5 5 5 5 5 5 5 5 5 5 5 5 5 5 5 5 5 5 5 5 5 5 5 5 5 5 5 5 5 5 5 5 5 5 5 5 5 5 5 5 5 5 5 5 5 5 5 5 5 5 5 5 5 5 5 5 5 5 5 5 5 5 5 5 5 5 5 5 5 5 5 5 5 5 5 5 5 5 5 5 5 5 5 5 5 5 5 5 5 5 5 5 5 5 5 5 5 5 5 5 5 5 5 5 5 5 5 5 5 5 5 5 5 5 5 5 5 5 5 5 5 5 5 5 5 5 5 5 5 5 5 5 5 5 5 5 5 5 5 5 5 5 5 5 5 5 5 5 5 5 5 5 5 5 5 5 5 5 5 5 5 5 5 5 5 5 5 5 5 5 5 5 5 5 5 5 5 5 5 5 5 5 5 5 5 5 5 5 5 5 5 5 5 5 5 5 5 5 5 5 5 5 5 5 5 5 5 5 5 5 5 5 5 5 5 5 5 5 5 5 5 5 5 5 5 5 5 5 5 5 5 5 5 5 5 5 5 5 5 5 5 5 5 5 5 5 5 5 5 5 5 5 5 5 5 5 5 5 5 5 5 5 5 5 5 5 5 5 5 5 5 5 5 5 5 5 5 5 5 5 5 5 5 5 5 5 5 5 5 5 5 5 5 5 5 5 5 5 5 5 5 5 5 5 5 5 5 5 5 5 5 5 5 5 5 5 5 5 5 5 5 5 5 5 5 5 5 5 5 5 5 5 5 5 5 5 5 5 5 5 5 5 5 5 5 5 5 5 5 5 5 5 5 5 5 5 5 5 5 5 5 5 5 5 5 5 5 5 5 5 5 5 5 5 5 5 5 5 5 5 5 5 5 5 5 5 5 5 5 5 5 5 5 5 5 5 5 5 5 5 5 5 5 5 5 5 5 5 5 5 5 5 5 5 5 5 5 5 5 5 5 5 5 5 5 5 5 5 5 5 5 5 5 5 5 5 5 5 5 5 5 5 5 5 5 5 5 5 5 5 5 5 5 5 5 5 5 5 5 5 5 5 5 5 5 5 5 5 5 5 5 5 5 5 5 5 5 5 5 5 5 5 5 5 5 5 5 5 5 5 5 5 5 5 5 5 5 5 5 5 5 5 5 5 5 5 5 5 5 5 5 5 5 5 5 5 5 5 5 5 5 5 5 5 5 5 5 5 5 5 5 5 5 5 5 5 5 5 5 5 5 5 5 5 5 5 5 5 5 5 5 5 5 5 5 5 5 5 5 5 5 5 5 5 5 5 5 5 5 5 5 5 5 5 5 5 5 5 5 5 5 5 5 5 5 5 5 5 5 5 5 5 5 5 5 5 5 5 5 5 5 5 5 5 5 5 5 5 5 5 5 5 5 5 5 5 5 5 5 5 5 5 5 5 5 5 5 5 5 5 5 5 5 5 5 5 5 5 5 5 5 5 5 5 5 5 5 5 5 5 5 5 5 5 5 5 5 5 5 5 5 5 5 5 5 5 5 5 5 5 5 5 5 5 5 5 5 5 5 5 5 5 5 5 5 5 5 5 5 5 5 5 5 5 5 5 5 5 5 5 5 5 5 5 5 5 5 5 5 5 5 5 5 5 5 5 5 5 5 5 5 5 5 5 5 5 5 5 5 5 5 5 5 5 5 5 5 5 5 5 5 5 5 5 5 5 5 5 5 5 5 5 5 5 5 5 5 5 5 5 5 5 5 5 5 5 5 5 5 5 5 5 5 5 5 5 5 5 5 5 5 5 5 5 5 5 5 5 5 5 5 5 5 5 5 5 5 5 5 5 5 5 5 5 5 5 5 5 5 5 5 5 5 5 5 5 5 5 5 5 5 5 5 5 5 5 5 5 5 5 5 5 5 5 5 5 5 5 5 5 5 5 5 5 5 5 5 5 5 5 5 5 5 5 5 5 5 5 5 5 5 5 5 5 5 5 5 5 5 5 5 5 5 5 5 5 5 5 5 5 5 5 5 5 5 5 5 5 5 5 5 5 5 5 5 5 5 5 5 5 5 5 5 5 5 5 5 5 5 5 5 5 5 5 5 5 5 5 5 5 5 5 5 5 5 5 5 5 5 5 5 5 5 5 5 5 5 5 5 5 5 5 5 5 5 5 5 5 5 5 5 5 5 
        </DataArray>
      </Cells>
    </Piece>
  </UnstructuredGrid>
</VTKFile>
